,EmployeeNumber,Age,Turnover,HourlyRate,HoursWeekly,CompensationType,AnnualSalary_Calc,DrivingCommuterDistance,JobRoleArea,Gender,MaritalStatus,NumCompaniesPreviouslyWorked_capped,AnnualProfessionalDevHrs_capped,PaycheckMethod,TextMessageOptIn,Tenure_Calc_capped
5591,10001,40,No,58.14,40,Salary,120931.2,340,Marketing,Male,Single,7.0,23.0,Direct Deposit,No,0
2649,10003,19,Yes,38.11,40,Salary,79268.8,27,Manufacturing,Prefer Not to Answer,Married,9.0,18.0,Mailed Check,No,0
4724,10009,37,Yes,88.79,40,Salary,184683.2,229,InformationTechnology,Prefer Not to Answer,Divorced,4.0,5.0,Direct Deposit,No,0
3367,10013,43,Yes,43.21,40,Salary,89876.8,124,Information Technology,Male,Divorced,8.0,20.0,Mailed Check,Yes,11
815,10014,52,Yes,84.6,40,Salary,175968.0,251,Information Technology,Male,Married,15.5,11.0,Mailed Check,No,12
3152,10021,59,No,72.81,40,Salary,151444.80000000002,56,Healthcare,Male,Married,7.0,11.0,Mailed Check,No,7
1456,10027,32,Yes,20.38,40,Salary,42390.399999999994,327,Healthcare,Prefer Not to Answer,Divorced,5.0,18.0,Mailed Check,No,0
13177,10029,30,Yes,64.38,40,Salary,133910.4,148,HumanResources,Prefer Not to Answer,Divorced,15.5,11.0,Mailed Check,No,0
33,10031,59,Yes,43.36,40,Salary,90188.8,118,Sales,Prefer Not to Answer,Single,2.0,20.0,Direct Deposit,Yes,16
12008,10036,36,No,62.63,40,Salary,130270.40000000001,441,HumanResources,Female,Married,7.0,19.0,Direct Deposit,No,7
1360,10042,30,No,29.02,40,Salary,60361.6,95,Laboratory,Prefer Not to Answer,Married,2.0,20.0,Direct Deposit,No,0
5083,10043,32,No,80.07,40,Salary,166545.59999999998,411,Human_Resources,Prefer Not to Answer,Single,4.0,15.0,Mailed Check,No,5
4468,10047,40,Yes,30.49,40,Salary,63419.2,340,Information_Technology,Prefer Not to Answer,Single,4.0,21.0,Direct Deposit,No,19
5082,10051,58,Yes,51.26,40,Salary,106620.8,130,Sales,Prefer Not to Answer,Single,15.5,8.0,Direct Deposit,No,23
5731,10060,23,Yes,46.2,40,Salary,96096.0,149,Laboratory,Prefer Not to Answer,Single,3.0,19.0,Mailed Check,Yes,0
4510,10061,54,No,64.36,40,Salary,133868.80000000002,480,Marketing,Prefer Not to Answer,Divorced,15.5,19.0,Direct Deposit,No,10
4894,10063,23,No,33.13,40,Salary,68910.40000000001,480,Human Resources,Prefer Not to Answer,Married,15.5,7.0,Mailed Check,No,0
3402,10064,52,No,59.91,40,Salary,124612.79999999999,306,Sales,Male,Married,3.0,17.0,Direct Deposit,No,23
2996,10065,33,Yes,30.45,40,Salary,63336.0,254,Sales,Female,Divorced,7.0,17.0,Direct Deposit,No,8
2741,10066,34,No,62.67,40,Salary,130353.6,2,Research,Female,Single,1.0,12.0,Mailed Check,No,8
3595,10079,33,No,92.63,40,Salary,192670.4,214,InformationTechnology,Prefer Not to Answer,Married,2.0,15.0,Direct Deposit,Yes,12
4081,10080,41,No,36.64,40,Salary,76211.2,42,HumanResources,Female,Single,9.0,15.0,Mailed Check,Yes,22
3896,10081,52,Yes,51.33,40,Salary,106766.4,34,Sales,Male,Single,2.0,8.0,Mailed Check,Yes,17
720,10082,43,Yes,35.29,40,Salary,73403.2,202,Healthcare,Male,Divorced,7.0,2.0,Mailed Check,Yes,7
2946,10084,57,Yes,56.47,40,Salary,117457.6,380,Sales,Prefer Not to Answer,Divorced,7.0,24.0,Direct Deposit,No,16
115,10086,53,Yes,22.17,40,Salary,46113.600000000006,141,Human_Resources,Male,Divorced,8.0,8.0,Mailed Check,Yes,13
761,10089,43,No,49.41,40,Salary,102772.79999999999,38,InformationTechnology,Female,Single,4.0,4.0,Mailed Check,No,25
4854,10090,42,No,49.61,40,Salary,103188.8,110,InformationTechnology,Female,Married,4.0,24.0,Direct Deposit,Yes,14
460,10092,60,Yes,55.21,40,Salary,114836.8,210,Healthcare,Male,Married,1.0,39.5,Direct Deposit,No,31
1376,10097,38,No,37.17,40,Salary,77313.6,191,HumanResources,Female,Divorced,6.0,39.5,Direct Deposit,Yes,18
5949,10098,53,Yes,68.59,40,Salary,142667.2,51,Marketing,Female,Single,7.0,16.0,Mailed Check,No,29
5124,10102,61,No,99.05,40,Salary,206024.0,214,Information Technology,Female,Divorced,5.0,18.0,Mailed Check,Yes,23
2090,10103,31,No,93.57,40,Salary,194625.59999999998,198,Information Technology,Prefer Not to Answer,Single,15.5,20.0,Direct Deposit,No,14
5427,10105,54,Yes,97.26,40,Salary,202300.80000000002,160,Information Technology,Female,Married,15.5,12.0,Mailed Check,No,36
4815,10112,57,Yes,57.94,40,Salary,120515.2,468,Information Technology,Male,Married,9.0,4.0,Direct Deposit,No,25
620,10113,44,Yes,48.12,40,Salary,100089.59999999999,354,Human_Resources,Female,Single,3.0,17.0,Mailed Check,No,16
4442,10114,56,Yes,59.17,40,Salary,123073.6,199,Manufacturing,Female,Married,9.0,18.0,Direct Deposit,No,12
1385,10115,62,No,76.43,40,Salary,158974.40000000002,110,Information_Technology,Male,Divorced,6.0,20.0,Mailed Check,No,25
5196,10122,37,Yes,41.39,40,Salary,86091.2,440,Sales,Female,Married,1.0,6.0,Mailed Check,Yes,9
3978,10126,63,No,83.97,40,Salary,174657.6,426,Manufacturing,Female,Married,6.0,9.0,Direct Deposit,Yes,5
2006,10131,63,Yes,35.39,40,Salary,73611.2,446,Information Technology,Male,Married,6.0,9.0,Mailed Check,Yes,35
2331,10132,39,Yes,24.78,40,Salary,51542.4,26,Research,Male,Single,9.0,5.0,Mailed Check,Yes,1
2680,10141,42,No,83.12,40,Salary,172889.6,486,Healthcare,Female,Single,8.0,10.0,Mailed Check,Yes,21
12448,10145,24,No,35.08,40,Salary,72966.4,275,Information_Technology,Male,Single,15.5,16.0,Direct Deposit,Yes,0
4986,10150,57,No,18.4,40,Salary,38272.0,265,Human_Resources,Female,Married,15.5,22.0,Direct Deposit,Yes,7
2633,10163,24,No,20.19,40,Salary,41995.200000000004,488,Information Technology,Male,Divorced,4.0,20.0,Mailed Check,No,16
3245,10165,62,No,79.24,40,Salary,164819.19999999998,405,Laboratory,Prefer Not to Answer,Married,9.0,25.0,Mailed Check,Yes,23
5738,10171,46,Yes,35.85,40,Salary,74568.0,263,Healthcare,Female,Single,3.0,17.0,Direct Deposit,No,16
12450,10172,62,No,92.79,40,Salary,193003.2,397,Sales,Male,Single,4.0,20.0,Mailed Check,No,15
5373,10173,55,Yes,98.84,40,Salary,205587.2,88,HumanResources,Prefer Not to Answer,Married,4.0,20.0,Direct Deposit,Yes,28
3417,10176,18,Yes,33.56,40,Salary,69804.8,78,Information_Technology,Prefer Not to Answer,Single,5.0,9.0,Direct Deposit,Yes,0
2942,10180,62,Yes,73.69,40,Salary,153275.19999999998,344,Human_Resources,Prefer Not to Answer,Married,5.0,25.0,Mailed Check,Yes,21
951,10187,38,Yes,26.65,40,Salary,55432.0,28,Sales,Female,Divorced,5.0,1.0,Mailed Check,No,17
1788,10191,35,No,98.33,40,Salary,204526.4,460,Information Technology,Male,Single,9.0,7.0,Mailed Check,No,10
3546,10193,54,No,51.0,40,Salary,106080.0,92,Laboratory,Female,Divorced,9.0,4.0,Mailed Check,Yes,34
1994,10197,42,Yes,97.64,40,Salary,203091.19999999998,306,Marketing,Prefer Not to Answer,Married,3.0,22.0,Mailed Check,Yes,7
12299,10205,55,Yes,71.23,40,Salary,148158.40000000002,300,Human Resources,Prefer Not to Answer,Single,8.0,7.0,Mailed Check,No,17
4998,10208,55,No,41.02,40,Salary,85321.6,485,Information_Technology,Female,Married,9.0,4.0,Direct Deposit,No,27
1443,10215,33,No,99.43,40,Salary,206814.40000000002,152,Sales,Prefer Not to Answer,Divorced,6.0,16.0,Direct Deposit,Yes,0
4959,10220,58,Yes,28.69,40,Salary,59675.200000000004,351,HumanResources,Male,Single,2.0,18.0,Direct Deposit,No,36
803,10221,65,No,73.72,40,Salary,153337.6,340,Human Resources,Female,Single,2.0,39.5,Mailed Check,Yes,3
4042,10223,55,Yes,76.35,40,Salary,158808.0,495,Information Technology,Male,Married,3.0,22.0,Direct Deposit,Yes,23
2631,10225,22,No,21.47,40,Salary,44657.6,384,Healthcare,Male,Divorced,6.0,9.0,Mailed Check,Yes,1
4230,10226,61,Yes,18.99,40,Salary,39499.2,67,Information Technology,Prefer Not to Answer,Married,1.0,13.0,Direct Deposit,No,37
5912,10234,21,Yes,39.64,40,Salary,82451.2,230,InformationTechnology,Prefer Not to Answer,Divorced,7.0,20.0,Direct Deposit,No,8
12066,10237,37,Yes,63.54,40,Salary,132163.19999999998,22,Sales,Prefer Not to Answer,Divorced,9.0,9.0,Direct Deposit,No,15
1310,10238,39,No,25.28,40,Salary,52582.4,113,InformationTechnology,Prefer Not to Answer,Divorced,4.0,17.0,Mailed Check,No,19
5160,10239,44,No,61.2,40,Salary,127296.0,172,Information Technology,Female,Single,4.0,12.0,Direct Deposit,No,21
5666,10241,56,Yes,98.84,40,Salary,205587.2,31,InformationTechnology,Male,Married,5.0,18.0,Mailed Check,No,36
743,10242,49,No,57.45,40,Salary,119496.0,92,Manufacturing,Male,Married,7.0,9.0,Mailed Check,No,8
3681,10243,50,No,49.62,40,Salary,103209.59999999999,343,Information_Technology,Female,Single,9.0,12.0,Direct Deposit,No,6
5225,10245,51,No,83.69,40,Salary,174075.19999999998,354,Human Resources,Male,Single,8.0,3.0,Mailed Check,Yes,14
441,10247,34,No,39.92,40,Salary,83033.6,292,Human Resources,Male,Single,6.0,11.0,Mailed Check,Yes,1
12010,10248,48,No,75.26,40,Salary,156540.80000000002,133,Information Technology,Male,Divorced,9.0,19.0,Mailed Check,No,3
4790,10250,58,No,86.24,40,Salary,179379.19999999998,164,Research,Prefer Not to Answer,Divorced,4.0,7.0,Mailed Check,Yes,9
5654,10252,33,Yes,39.46,40,Salary,82076.8,261,Marketing,Prefer Not to Answer,Divorced,2.0,20.0,Direct Deposit,No,0
1890,10253,42,Yes,89.6,40,Salary,186368.0,37,Healthcare,Female,Divorced,2.0,6.0,Direct Deposit,No,18
1723,10257,18,No,86.02,40,Salary,178921.59999999998,60,Research,Female,Single,5.0,7.0,Mailed Check,Yes,0
4142,10260,38,No,48.12,40,Salary,100089.59999999999,211,Information Technology,Prefer Not to Answer,Divorced,7.0,2.0,Mailed Check,No,9
5403,10262,59,Yes,31.98,40,Salary,66518.40000000001,101,Human Resources,Female,Single,4.0,5.0,Mailed Check,Yes,7
2673,10265,30,Yes,45.2,40,Salary,94016.0,465,Human Resources,Female,Married,1.0,21.0,Mailed Check,No,0
2569,10266,24,No,88.09,40,Salary,183227.2,302,Information Technology,Male,Divorced,15.5,13.0,Direct Deposit,Yes,0
12108,10267,59,No,98.84,40,Salary,205587.2,196,Information Technology,Prefer Not to Answer,Married,6.0,5.0,Direct Deposit,No,24
12183,10268,22,No,81.35,40,Salary,169208.0,429,Laboratory,Prefer Not to Answer,Divorced,4.0,13.0,Mailed Check,No,0
2685,10271,64,Yes,76.5,40,Salary,159120.0,450,HumanResources,Prefer Not to Answer,Married,4.0,13.0,Direct Deposit,No,29
4643,10277,46,No,91.04,40,Salary,189363.2,357,Healthcare,Female,Single,7.0,2.0,Mailed Check,Yes,14
1049,10286,27,Yes,18.7,40,Salary,38896.0,44,Sales,Female,Married,4.0,20.0,Mailed Check,Yes,2
13196,10291,33,Yes,86.29,40,Salary,179483.2,356,Information Technology,Prefer Not to Answer,Divorced,9.0,39.5,Direct Deposit,No,5
1574,10292,48,No,76.68,40,Salary,159494.40000000002,409,Sales,Female,Single,4.0,13.0,Mailed Check,Yes,3
12694,10293,51,No,17.42,40,Salary,36233.600000000006,147,InformationTechnology,Female,Married,15.5,9.0,Mailed Check,Yes,3
12177,10295,56,Yes,63.74,40,Salary,132579.19999999998,413,Marketing,Prefer Not to Answer,Divorced,9.0,10.0,Direct Deposit,No,24
5593,10299,53,No,85.59,40,Salary,178027.2,64,Marketing,Prefer Not to Answer,Married,6.0,8.0,Mailed Check,No,11
5951,10302,56,Yes,44.14,40,Salary,91811.2,93,Information_Technology,Prefer Not to Answer,Divorced,5.0,16.0,Mailed Check,No,6
566,10304,58,No,45.2,40,Salary,94016.0,68,Research,Male,Single,15.5,23.0,Mailed Check,No,15
2047,10310,45,Yes,39.66,40,Salary,82492.79999999999,5,Healthcare,Female,Married,6.0,15.0,Direct Deposit,No,11
230,10311,54,No,27.54,40,Salary,57283.2,361,Marketing,Female,Married,5.0,22.0,Mailed Check,Yes,34
2043,10312,22,Yes,70.33,40,Salary,146286.4,287,Research,Prefer Not to Answer,Married,8.0,6.0,Direct Deposit,Yes,0
1536,10314,49,Yes,24.57,40,Salary,51105.6,27,InformationTechnology,Male,Divorced,5.0,13.0,Mailed Check,Yes,6
1854,10318,41,Yes,55.28,40,Salary,114982.4,454,Laboratory,Female,Divorced,1.0,2.0,Mailed Check,Yes,10
4279,10322,62,Yes,55.33,40,Salary,115086.4,456,InformationTechnology,Male,Divorced,9.0,21.0,Mailed Check,No,31
12667,10323,19,No,55.93,40,Salary,116334.4,273,Human Resources,Prefer Not to Answer,Single,15.5,13.0,Mailed Check,No,0
1557,10328,62,Yes,34.56,40,Salary,71884.8,380,HumanResources,Female,Married,6.0,6.0,Mailed Check,Yes,9
3364,10332,20,No,90.7,40,Salary,188656.0,460,Information_Technology,Male,Single,15.5,39.5,Direct Deposit,No,11
269,10337,65,No,26.51,40,Salary,55140.8,242,Information_Technology,Prefer Not to Answer,Single,8.0,16.0,Mailed Check,Yes,20
5055,10342,43,No,50.4,40,Salary,104832.0,416,Manufacturing,Prefer Not to Answer,Divorced,1.0,25.0,Direct Deposit,No,6
818,10343,54,Yes,70.61,40,Salary,146868.80000000002,482,Human_Resources,Male,Married,2.0,23.0,Direct Deposit,Yes,11
5581,10350,55,No,19.59,40,Salary,40747.200000000004,51,Human Resources,Female,Single,5.0,19.0,Mailed Check,No,6
2416,10354,36,Yes,27.84,40,Salary,57907.2,114,Sales,Female,Married,8.0,16.0,Mailed Check,No,0
1858,10356,33,Yes,70.19,40,Salary,145995.19999999998,100,Manufacturing,Female,Single,4.0,2.0,Mailed Check,Yes,15
1082,10357,52,Yes,99.56,40,Salary,207084.80000000002,102,Information Technology,Prefer Not to Answer,Divorced,7.0,12.0,Mailed Check,No,10
2429,10359,29,No,87.84,40,Salary,182707.2,167,Manufacturing,Male,Single,4.0,14.0,Mailed Check,No,0
4300,10360,38,No,28.11,40,Salary,58468.8,174,Sales,Prefer Not to Answer,Married,8.0,9.0,Mailed Check,No,9
1335,10365,53,Yes,85.96,40,Salary,178796.8,127,Research,Prefer Not to Answer,Single,3.0,1.0,Mailed Check,No,35
5922,10367,51,Yes,61.95,40,Salary,128856.0,335,Human_Resources,Prefer Not to Answer,Divorced,3.0,25.0,Mailed Check,Yes,4
5856,10370,38,Yes,93.28,40,Salary,194022.4,266,Human Resources,Female,Divorced,5.0,24.0,Mailed Check,No,0
1665,10371,52,Yes,41.81,40,Salary,86964.8,321,Information Technology,Prefer Not to Answer,Divorced,2.0,20.0,Mailed Check,No,14
3128,10372,39,No,61.82,40,Salary,128585.6,318,InformationTechnology,Male,Divorced,5.0,20.0,Direct Deposit,No,18
3196,10373,28,Yes,39.67,40,Salary,82513.6,46,Sales,Male,Married,4.0,10.0,Mailed Check,No,8
3185,10374,37,Yes,82.09,40,Salary,170747.2,449,Healthcare,Prefer Not to Answer,Divorced,1.0,6.0,Direct Deposit,No,18
5830,10376,55,No,27.82,40,Salary,57865.6,31,InformationTechnology,Prefer Not to Answer,Single,7.0,16.0,Direct Deposit,Yes,18
1818,10377,63,No,37.38,40,Salary,77750.40000000001,386,Marketing,Male,Single,15.5,16.0,Mailed Check,No,37
4568,10378,35,No,82.61,40,Salary,171828.80000000002,355,Healthcare,Female,Divorced,2.0,25.0,Direct Deposit,No,14
2913,10379,21,No,84.78,40,Salary,176342.4,74,Human Resources,Male,Divorced,4.0,1.0,Direct Deposit,No,0
1506,10381,25,Yes,31.5,40,Salary,65520.0,160,Sales,Female,Married,2.0,20.0,Mailed Check,No,9
12371,10384,44,No,78.63,40,Salary,163550.4,209,Information_Technology,Female,Divorced,6.0,22.0,Mailed Check,Yes,6
923,10386,53,Yes,69.55,40,Salary,144664.0,56,Laboratory,Female,Divorced,5.0,8.0,Mailed Check,No,23
1860,10391,26,No,45.4,40,Salary,94432.0,286,Information_Technology,Prefer Not to Answer,Married,6.0,25.0,Mailed Check,No,8
3143,10397,36,Yes,83.42,40,Salary,173513.6,91,Human_Resources,Female,Married,3.0,25.0,Mailed Check,No,14
3843,10399,52,No,64.96,40,Salary,135116.8,109,Human_Resources,Prefer Not to Answer,Married,8.0,22.0,Direct Deposit,No,19
3206,10404,53,No,47.11,40,Salary,97988.8,188,Research,Male,Single,4.0,4.0,Direct Deposit,No,12
1191,10409,65,No,65.21,40,Salary,135636.8,47,Laboratory,Female,Divorced,4.0,3.0,Direct Deposit,No,3
2198,10413,52,No,24.09,40,Salary,50107.200000000004,252,Laboratory,Female,Divorced,3.0,1.0,Mailed Check,No,5
12128,10414,33,Yes,73.4,40,Salary,152672.0,99,HumanResources,Prefer Not to Answer,Married,3.0,23.0,Mailed Check,Yes,9
1095,10415,37,No,54.1,40,Salary,112528.0,70,Healthcare,Female,Single,15.5,19.0,Direct Deposit,No,14
4871,10416,55,No,86.8,40,Salary,180544.0,39,Healthcare,Prefer Not to Answer,Married,8.0,14.0,Mailed Check,No,35
12057,10421,37,No,48.41,40,Salary,100692.79999999999,40,HumanResources,Female,Divorced,15.5,15.0,Direct Deposit,Yes,0
1845,10423,21,No,45.47,40,Salary,94577.59999999999,148,InformationTechnology,Female,Married,5.0,1.0,Direct Deposit,Yes,9
2926,10424,64,No,58.22,40,Salary,121097.6,231,Information Technology,Male,Married,5.0,4.0,Mailed Check,No,24
4632,10425,50,Yes,50.96,40,Salary,105996.8,300,Marketing,Female,Divorced,1.0,17.0,Direct Deposit,Yes,9
3080,10430,60,No,98.61,40,Salary,205108.80000000002,238,Sales,Prefer Not to Answer,Married,4.0,9.0,Mailed Check,Yes,5
1486,10433,59,Yes,70.63,40,Salary,146910.4,100,Healthcare,Prefer Not to Answer,Divorced,7.0,23.0,Direct Deposit,No,31
3669,10434,29,No,91.51,40,Salary,190340.80000000002,288,Human Resources,Male,Divorced,1.0,15.0,Mailed Check,Yes,1
968,10442,23,Yes,67.54,40,Salary,140483.2,103,HumanResources,Male,Divorced,1.0,10.0,Mailed Check,No,3
3587,10443,64,Yes,74.68,40,Salary,155334.40000000002,137,Manufacturing,Prefer Not to Answer,Single,2.0,19.0,Mailed Check,Yes,8
2460,10444,57,Yes,54.82,40,Salary,114025.6,173,InformationTechnology,Male,Married,7.0,21.0,Mailed Check,No,30
5823,10446,55,No,29.85,40,Salary,62088.0,98,Information_Technology,Male,Single,7.0,15.0,Mailed Check,No,21
5261,10451,59,No,90.19,40,Salary,187595.19999999998,438,Information_Technology,Male,Single,7.0,24.0,Mailed Check,Yes,27
2221,10453,49,No,51.87,40,Salary,107889.59999999999,316,Information_Technology,Female,Single,8.0,16.0,Direct Deposit,No,24
2698,10454,31,Yes,85.22,40,Salary,177257.6,223,Human Resources,Male,Single,5.0,25.0,Direct Deposit,No,0
4083,10456,44,Yes,71.16,40,Salary,148012.8,251,Research,Prefer Not to Answer,Married,15.5,13.0,Mailed Check,Yes,4
2735,10457,60,No,58.53,40,Salary,121742.4,315,Marketing,Prefer Not to Answer,Divorced,9.0,6.0,Mailed Check,No,33
2216,10460,37,No,34.97,40,Salary,72737.59999999999,300,Human Resources,Male,Married,2.0,11.0,Direct Deposit,No,0
786,10462,37,Yes,65.49,40,Salary,136219.19999999998,383,HumanResources,Female,Single,8.0,3.0,Direct Deposit,No,16
1314,10463,52,No,52.09,40,Salary,108347.20000000001,164,Human_Resources,Male,Divorced,15.5,5.0,Direct Deposit,No,11
1556,10464,61,No,90.47,40,Salary,188177.6,39,Information_Technology,Female,Married,3.0,13.0,Mailed Check,No,26
4893,10473,61,No,49.95,40,Salary,103896.0,28,Marketing,Male,Divorced,7.0,19.0,Mailed Check,Yes,11
4583,10475,38,Yes,81.47,40,Salary,169457.6,139,InformationTechnology,Prefer Not to Answer,Married,7.0,10.0,Direct Deposit,No,0
2527,10477,58,Yes,21.86,40,Salary,45468.799999999996,478,Laboratory,Female,Divorced,4.0,8.0,Direct Deposit,Yes,32
2464,10481,52,Yes,18.09,40,Salary,37627.200000000004,17,Healthcare,Male,Single,3.0,19.0,Mailed Check,Yes,6
2776,10490,57,Yes,27.3,40,Salary,56784.0,480,Laboratory,Prefer Not to Answer,Married,3.0,19.0,Mailed Check,No,17
2740,10493,50,Yes,28.6,40,Salary,59488.0,461,Marketing,Male,Single,2.0,7.0,Mailed Check,No,7
12756,10494,29,Yes,20.53,40,Salary,42702.4,34,Research,Prefer Not to Answer,Married,7.0,16.0,Direct Deposit,No,11
5554,10497,20,Yes,69.7,40,Salary,144976.0,142,Laboratory,Female,Divorced,6.0,8.0,Mailed Check,Yes,0
2362,10499,35,Yes,42.35,40,Salary,88088.0,497,InformationTechnology,Male,Married,2.0,5.0,Mailed Check,No,9
2426,10501,41,Yes,57.82,40,Salary,120265.6,352,Manufacturing,Prefer Not to Answer,Divorced,9.0,15.0,Direct Deposit,No,22
984,10504,60,No,84.55,40,Salary,175864.0,45,Manufacturing,Prefer Not to Answer,Married,8.0,16.0,Mailed Check,No,10
5749,10522,42,Yes,73.55,40,Salary,152984.0,63,Laboratory,Female,Married,2.0,11.0,Direct Deposit,No,23
4366,10524,45,No,84.06,40,Salary,174844.80000000002,436,Research,Prefer Not to Answer,Married,5.0,4.0,Direct Deposit,No,8
3650,10527,31,No,70.74,40,Salary,147139.19999999998,220,Manufacturing,Prefer Not to Answer,Divorced,15.5,12.0,Mailed Check,Yes,0
4413,10530,25,Yes,94.22,40,Salary,195977.6,69,Research,Female,Married,8.0,2.0,Mailed Check,No,0
12677,10535,32,Yes,47.68,40,Salary,99174.40000000001,39,HumanResources,Male,Married,7.0,12.0,Mailed Check,No,0
12513,10538,38,Yes,26.36,40,Salary,54828.8,249,Human_Resources,Female,Single,8.0,14.0,Direct Deposit,No,5
4258,10539,56,Yes,43.99,40,Salary,91499.20000000001,230,Healthcare,Prefer Not to Answer,Divorced,15.5,12.0,Direct Deposit,No,13
1906,10540,32,Yes,42.74,40,Salary,88899.20000000001,337,InformationTechnology,Male,Married,5.0,3.0,Mailed Check,No,2
4058,10544,32,No,57.31,40,Salary,119204.8,28,Human_Resources,Male,Divorced,7.0,4.0,Mailed Check,No,14
4605,10548,42,Yes,30.81,40,Salary,64084.799999999996,287,Manufacturing,Male,Divorced,4.0,13.0,Mailed Check,No,16
3007,10549,28,Yes,66.97,40,Salary,139297.6,216,Human_Resources,Prefer Not to Answer,Divorced,5.0,2.0,Mailed Check,Yes,1
1413,10550,28,Yes,93.9,40,Salary,195312.0,69,Research,Prefer Not to Answer,Single,5.0,17.0,Mailed Check,No,0
2445,10559,44,No,24.52,40,Salary,51001.6,259,Manufacturing,Female,Married,5.0,18.0,Mailed Check,No,3
1999,10561,62,Yes,64.7,40,Salary,134576.0,137,Information_Technology,Male,Divorced,4.0,16.0,Direct Deposit,No,16
4577,10566,32,No,40.49,40,Salary,84219.20000000001,214,Marketing,Female,Divorced,3.0,11.0,Mailed Check,No,2
77,10570,32,No,49.51,40,Salary,102980.79999999999,454,Sales,Prefer Not to Answer,Single,7.0,19.0,Direct Deposit,No,2
3216,10572,41,No,54.29,40,Salary,112923.2,452,Laboratory,Prefer Not to Answer,Single,9.0,19.0,Mailed Check,Yes,0
5412,10585,60,Yes,76.49,40,Salary,159099.19999999998,74,Information_Technology,Female,Divorced,4.0,25.0,Mailed Check,No,5
1914,10595,62,Yes,40.54,40,Salary,84323.2,434,Information Technology,Prefer Not to Answer,Divorced,7.0,13.0,Mailed Check,No,6
12704,10600,55,No,99.06,40,Salary,206044.80000000002,161,Human Resources,Prefer Not to Answer,Single,2.0,2.0,Mailed Check,No,34
628,10601,55,Yes,64.37,40,Salary,133889.6,394,Healthcare,Male,Single,2.0,23.0,Mailed Check,No,19
883,10604,20,No,67.5,40,Salary,140400.0,223,Laboratory,Male,Divorced,7.0,24.0,Mailed Check,Yes,0
103,10605,35,No,51.99,40,Salary,108139.2,446,InformationTechnology,Female,Married,9.0,22.0,Direct Deposit,No,6
3344,10606,44,Yes,46.58,40,Salary,96886.4,252,Marketing,Male,Divorced,7.0,12.0,Direct Deposit,No,16
3850,10609,28,Yes,24.76,40,Salary,51500.8,167,Research,Prefer Not to Answer,Married,5.0,8.0,Mailed Check,No,4
4121,10620,21,No,30.64,40,Salary,63731.2,110,Manufacturing,Prefer Not to Answer,Single,8.0,22.0,Direct Deposit,No,0
2168,10621,44,No,48.22,40,Salary,100297.59999999999,297,Marketing,Female,Divorced,6.0,3.0,Mailed Check,No,8
662,10623,42,No,44.51,40,Salary,92580.79999999999,252,Healthcare,Prefer Not to Answer,Single,6.0,23.0,Direct Deposit,Yes,4
306,10627,41,No,20.03,40,Salary,41662.4,318,Information Technology,Prefer Not to Answer,Single,9.0,21.0,Direct Deposit,Yes,11
12225,10628,62,Yes,84.72,40,Salary,176217.6,347,Information_Technology,Male,Married,6.0,11.0,Mailed Check,No,25
2005,10629,51,Yes,73.07,40,Salary,151985.59999999998,486,Manufacturing,Female,Single,7.0,12.0,Direct Deposit,No,6
12276,10635,62,No,44.5,40,Salary,92560.0,98,InformationTechnology,Male,Married,2.0,25.0,Mailed Check,No,20
2352,10639,33,No,77.69,40,Salary,161595.19999999998,217,Human_Resources,Prefer Not to Answer,Married,15.5,23.0,Mailed Check,No,1
1301,10641,52,Yes,27.47,40,Salary,57137.6,451,Marketing,Prefer Not to Answer,Divorced,15.5,18.0,Direct Deposit,No,26
648,10647,19,No,79.5,40,Salary,165360.0,484,HumanResources,Prefer Not to Answer,Married,1.0,2.0,Mailed Check,No,0
1882,10648,61,Yes,58.37,40,Salary,121409.59999999999,106,Human_Resources,Prefer Not to Answer,Single,8.0,17.0,Mailed Check,Yes,25
1613,10649,50,No,58.12,40,Salary,120889.59999999999,359,InformationTechnology,Prefer Not to Answer,Single,6.0,10.0,Mailed Check,Yes,6
3616,10654,26,No,70.79,40,Salary,147243.2,10,Human Resources,Female,Married,3.0,7.0,Mailed Check,No,0
752,10655,39,Yes,37.83,40,Salary,78686.4,496,Manufacturing,Prefer Not to Answer,Divorced,2.0,4.0,Direct Deposit,Yes,3
12176,10656,50,No,23.65,40,Salary,49192.0,134,Sales,Male,Married,4.0,8.0,Direct Deposit,Yes,11
3903,10662,62,No,69.54,40,Salary,144643.2,308,Sales,Male,Divorced,1.0,8.0,Mailed Check,No,1
3962,10664,56,No,96.22,40,Salary,200137.6,256,Marketing,Female,Divorced,15.5,11.0,Mailed Check,Yes,34
5574,10668,21,No,54.64,40,Salary,113651.2,91,Manufacturing,Prefer Not to Answer,Divorced,8.0,13.0,Direct Deposit,No,0
4781,10670,28,Yes,98.09,40,Salary,204027.2,68,Human_Resources,Female,Married,15.5,16.0,Mailed Check,Yes,0
1375,10674,40,No,89.68,40,Salary,186534.40000000002,265,Sales,Prefer Not to Answer,Divorced,8.0,3.0,Mailed Check,No,16
545,10676,29,Yes,61.97,40,Salary,128897.6,33,Laboratory,Male,Married,4.0,17.0,Direct Deposit,No,2
4938,10678,64,Yes,54.98,40,Salary,114358.4,414,Human Resources,Female,Divorced,5.0,15.0,Mailed Check,No,37
4312,10679,43,No,37.3,40,Salary,77584.0,125,Human_Resources,Female,Divorced,1.0,25.0,Mailed Check,No,20
1532,10680,58,No,24.53,40,Salary,51022.4,84,Marketing,Male,Divorced,4.0,24.0,Direct Deposit,No,30
3418,10682,49,No,89.29,40,Salary,185723.2,381,Laboratory,Female,Married,6.0,23.0,Mailed Check,No,13
1544,10685,35,Yes,79.68,40,Salary,165734.40000000002,129,Human_Resources,Female,Divorced,3.0,25.0,Mailed Check,No,11
3072,10689,55,No,92.39,40,Salary,192171.19999999998,343,Information Technology,Female,Married,4.0,21.0,Direct Deposit,Yes,6
12348,10694,50,Yes,77.0,40,Salary,160160.0,266,Laboratory,Female,Single,9.0,8.0,Direct Deposit,No,15
2634,10697,19,Yes,37.65,40,Salary,78312.0,395,Research,Prefer Not to Answer,Married,7.0,3.0,Direct Deposit,No,0
4633,10701,32,Yes,49.34,40,Salary,102627.20000000001,488,Research,Female,Single,15.5,18.0,Direct Deposit,Yes,13
2386,10705,42,No,39.21,40,Salary,81556.8,81,Marketing,Male,Married,8.0,3.0,Direct Deposit,No,3
12324,10707,20,No,41.39,40,Salary,86091.2,362,Sales,Prefer Not to Answer,Married,5.0,15.0,Direct Deposit,Yes,0
4226,10710,58,No,94.93,40,Salary,197454.40000000002,466,InformationTechnology,Male,Single,2.0,8.0,Direct Deposit,No,37
1470,10713,50,Yes,74.88,40,Salary,155750.4,195,Human_Resources,Male,Single,5.0,11.0,Mailed Check,Yes,14
3486,10714,61,Yes,53.61,40,Salary,111508.8,455,Information Technology,Female,Single,4.0,11.0,Direct Deposit,Yes,17
1930,10717,62,No,81.56,40,Salary,169644.80000000002,361,Sales,Prefer Not to Answer,Single,8.0,39.5,Mailed Check,No,16
1406,10719,56,Yes,34.77,40,Salary,72321.6,129,Information_Technology,Male,Married,5.0,39.5,Direct Deposit,No,24
625,10721,42,No,69.02,40,Salary,143561.59999999998,154,InformationTechnology,Male,Married,2.0,18.0,Mailed Check,No,14
5638,10724,65,Yes,57.5,40,Salary,119600.0,93,Research,Male,Divorced,9.0,6.0,Mailed Check,No,12
3212,10728,42,No,21.8,40,Salary,45344.0,144,Sales,Female,Single,9.0,25.0,Mailed Check,No,4
337,10729,53,No,56.38,40,Salary,117270.40000000001,435,InformationTechnology,Female,Divorced,8.0,39.5,Direct Deposit,No,35
1868,10730,38,Yes,62.24,40,Salary,129459.2,393,HumanResources,Male,Married,5.0,19.0,Direct Deposit,No,0
2887,10734,38,Yes,60.56,40,Salary,125964.8,347,Research,Prefer Not to Answer,Married,1.0,16.0,Direct Deposit,No,18
5020,10739,25,Yes,39.28,40,Salary,81702.40000000001,287,Human_Resources,Female,Divorced,3.0,16.0,Mailed Check,No,14
12011,10743,42,No,62.82,40,Salary,130665.6,5,Human Resources,Prefer Not to Answer,Divorced,5.0,7.0,Direct Deposit,Yes,3
12332,10744,34,No,45.17,40,Salary,93953.6,31,HumanResources,Male,Single,5.0,25.0,Direct Deposit,No,1
12740,10747,45,Yes,43.4,40,Salary,90272.0,116,InformationTechnology,Prefer Not to Answer,Divorced,6.0,24.0,Direct Deposit,No,17
97,10748,36,Yes,92.1,40,Salary,191568.0,35,HumanResources,Male,Single,5.0,22.0,Mailed Check,No,9
410,10750,55,No,78.43,40,Salary,163134.40000000002,348,Manufacturing,Female,Married,6.0,11.0,Mailed Check,No,3
12648,10753,43,No,44.5,40,Salary,92560.0,374,Information Technology,Female,Divorced,4.0,3.0,Mailed Check,Yes,13
3091,10760,30,No,21.86,40,Salary,45468.799999999996,173,Human_Resources,Male,Single,9.0,8.0,Mailed Check,No,12
510,10764,22,No,55.8,40,Salary,116064.0,416,Information_Technology,Male,Single,5.0,3.0,Mailed Check,Yes,0
590,10767,62,No,17.18,40,Salary,35734.4,311,Healthcare,Prefer Not to Answer,Divorced,15.5,12.0,Direct Deposit,No,16
2932,10771,62,No,96.48,40,Salary,200678.40000000002,189,Human_Resources,Prefer Not to Answer,Married,3.0,12.0,Mailed Check,Yes,37
20,10772,50,Yes,40.44,40,Salary,84115.2,182,Laboratory,Male,Single,4.0,6.0,Direct Deposit,No,21
2893,10780,44,Yes,67.76,40,Salary,140940.80000000002,266,HumanResources,Prefer Not to Answer,Married,5.0,11.0,Mailed Check,Yes,17
3398,10784,45,No,33.89,40,Salary,70491.2,138,Laboratory,Female,Single,2.0,16.0,Mailed Check,No,10
3603,10785,52,Yes,88.78,40,Salary,184662.4,183,Research,Female,Divorced,1.0,25.0,Mailed Check,No,31
1393,10788,26,No,21.28,40,Salary,44262.4,153,Manufacturing,Male,Divorced,9.0,3.0,Mailed Check,No,5
2343,10789,32,Yes,18.22,40,Salary,37897.6,182,Research,Female,Married,5.0,5.0,Mailed Check,Yes,10
517,10791,33,Yes,29.51,40,Salary,61380.8,344,Information_Technology,Prefer Not to Answer,Divorced,7.0,14.0,Mailed Check,No,5
4937,10794,55,No,44.99,40,Salary,93579.20000000001,262,Human_Resources,Female,Single,1.0,11.0,Direct Deposit,Yes,13
852,10795,19,No,90.49,40,Salary,188219.19999999998,108,Laboratory,Female,Divorced,6.0,21.0,Direct Deposit,No,12
2850,10796,21,No,38.99,40,Salary,81099.20000000001,23,Information_Technology,Male,Single,1.0,1.0,Mailed Check,No,12
3696,10801,27,Yes,85.82,40,Salary,178505.59999999998,260,InformationTechnology,Male,Married,4.0,13.0,Direct Deposit,Yes,0
5049,10806,59,Yes,31.01,40,Salary,64500.8,260,Healthcare,Prefer Not to Answer,Single,1.0,4.0,Direct Deposit,No,1
4862,10807,42,No,39.14,40,Salary,81411.2,361,Human Resources,Prefer Not to Answer,Single,8.0,7.0,Direct Deposit,No,10
4709,10809,58,Yes,34.85,40,Salary,72488.0,200,HumanResources,Male,Married,7.0,3.0,Direct Deposit,No,13
3541,10812,58,Yes,92.33,40,Salary,192046.4,27,Marketing,Prefer Not to Answer,Divorced,7.0,39.5,Mailed Check,No,9
258,10815,23,Yes,71.5,40,Salary,148720.0,111,Marketing,Male,Divorced,3.0,13.0,Mailed Check,Yes,6
3020,10817,52,Yes,45.37,40,Salary,94369.59999999999,473,Human Resources,Female,Divorced,7.0,2.0,Mailed Check,Yes,5
1250,10827,57,No,59.78,40,Salary,124342.4,50,Healthcare,Prefer Not to Answer,Single,5.0,19.0,Mailed Check,No,22
1380,10833,44,No,65.65,40,Salary,136552.0,220,Human_Resources,Prefer Not to Answer,Divorced,6.0,11.0,Direct Deposit,Yes,1
2104,10844,61,Yes,36.15,40,Salary,75192.0,310,HumanResources,Male,Single,9.0,9.0,Mailed Check,No,4
5678,10851,54,No,23.13,40,Salary,48110.399999999994,104,Healthcare,Prefer Not to Answer,Single,8.0,14.0,Direct Deposit,No,8
128,10852,32,Yes,67.49,40,Salary,140379.19999999998,261,InformationTechnology,Male,Married,2.0,25.0,Mailed Check,No,1
2102,10854,62,No,46.07,40,Salary,95825.59999999999,274,Healthcare,Male,Married,6.0,8.0,Mailed Check,No,33
4796,10855,56,No,32.88,40,Salary,68390.40000000001,364,Sales,Male,Divorced,5.0,39.5,Direct Deposit,No,37
4675,10857,33,Yes,76.35,40,Salary,158808.0,286,Marketing,Prefer Not to Answer,Married,3.0,15.0,Mailed Check,No,0
5387,10858,43,No,91.89,40,Salary,191131.19999999998,273,Laboratory,Female,Single,9.0,8.0,Direct Deposit,No,11
5107,10863,58,No,24.69,40,Salary,51355.200000000004,271,Marketing,Female,Single,8.0,24.0,Mailed Check,Yes,28
5337,10864,21,Yes,50.37,40,Salary,104769.59999999999,435,InformationTechnology,Prefer Not to Answer,Divorced,6.0,15.0,Mailed Check,Yes,0
2960,10865,38,No,85.19,40,Salary,177195.19999999998,358,InformationTechnology,Female,Divorced,1.0,16.0,Mailed Check,No,20
2015,10866,34,Yes,21.33,40,Salary,44366.399999999994,466,Information Technology,Prefer Not to Answer,Married,6.0,16.0,Direct Deposit,Yes,16
629,10867,52,No,51.78,40,Salary,107702.4,407,HumanResources,Female,Married,6.0,23.0,Direct Deposit,Yes,30
2275,10871,48,No,40.08,40,Salary,83366.4,271,Information Technology,Prefer Not to Answer,Married,7.0,20.0,Mailed Check,Yes,3
575,10873,21,No,48.16,40,Salary,100172.79999999999,418,Marketing,Prefer Not to Answer,Married,15.5,23.0,Direct Deposit,No,0
4533,10874,34,Yes,41.98,40,Salary,87318.4,369,Manufacturing,Male,Divorced,15.5,16.0,Mailed Check,No,0
4402,10879,19,Yes,45.83,40,Salary,95326.4,432,Information_Technology,Male,Single,3.0,5.0,Direct Deposit,No,0
2529,10881,45,Yes,46.87,40,Salary,97489.59999999999,403,Information Technology,Prefer Not to Answer,Married,7.0,13.0,Mailed Check,Yes,11
3831,10882,40,No,40.28,40,Salary,83782.40000000001,167,InformationTechnology,Prefer Not to Answer,Married,8.0,3.0,Direct Deposit,No,2
5835,10883,32,No,51.45,40,Salary,107016.0,136,HumanResources,Male,Single,2.0,20.0,Direct Deposit,No,6
4228,10884,19,Yes,25.22,40,Salary,52457.6,461,InformationTechnology,Male,Married,1.0,3.0,Mailed Check,No,16
1721,10887,46,Yes,69.43,40,Salary,144414.40000000002,257,Research,Prefer Not to Answer,Divorced,6.0,39.5,Direct Deposit,Yes,16
2415,10888,20,Yes,43.83,40,Salary,91166.4,409,Research,Female,Married,2.0,7.0,Mailed Check,Yes,0
3783,10889,51,No,21.45,40,Salary,44616.0,246,Sales,Female,Married,2.0,1.0,Mailed Check,No,30
1263,10890,23,No,66.35,40,Salary,138008.0,335,HumanResources,Male,Single,9.0,20.0,Mailed Check,Yes,5
12286,10892,46,No,40.95,40,Salary,85176.0,293,InformationTechnology,Male,Single,9.0,10.0,Direct Deposit,No,11
2413,10895,51,No,37.63,40,Salary,78270.40000000001,436,Healthcare,Female,Married,8.0,7.0,Mailed Check,Yes,8
5428,10899,56,No,54.29,40,Salary,112923.2,261,Marketing,Prefer Not to Answer,Divorced,3.0,9.0,Mailed Check,No,9
12398,10913,21,No,45.64,40,Salary,94931.2,424,Manufacturing,Male,Married,4.0,9.0,Direct Deposit,No,0
12358,10917,64,Yes,66.58,40,Salary,138486.4,167,Manufacturing,Male,Divorced,6.0,24.0,Mailed Check,Yes,11
3882,10918,33,No,93.29,40,Salary,194043.2,343,Human_Resources,Female,Married,4.0,39.5,Direct Deposit,No,15
4593,10921,23,Yes,32.96,40,Salary,68556.8,271,Information Technology,Female,Married,3.0,21.0,Mailed Check,No,0
12167,10922,58,No,81.59,40,Salary,169707.2,223,Healthcare,Female,Married,1.0,5.0,Mailed Check,No,37
12696,10937,43,No,48.7,40,Salary,101296.0,6,Human_Resources,Prefer Not to Answer,Divorced,9.0,18.0,Direct Deposit,No,2
4493,10939,26,No,54.15,40,Salary,112632.0,260,HumanResources,Female,Divorced,4.0,3.0,Mailed Check,Yes,0
1921,10940,30,Yes,31.58,40,Salary,65686.4,137,Healthcare,Male,Single,4.0,2.0,Direct Deposit,No,5
1766,10941,29,No,81.83,40,Salary,170206.4,154,Sales,Female,Divorced,5.0,22.0,Mailed Check,No,6
3112,10943,19,Yes,96.65,40,Salary,201032.0,376,Human Resources,Male,Single,8.0,12.0,Mailed Check,No,0
1769,10955,56,Yes,85.5,40,Salary,177840.0,197,Human Resources,Male,Single,1.0,24.0,Direct Deposit,Yes,24
2832,10956,31,Yes,39.09,40,Salary,81307.20000000001,391,Manufacturing,Female,Married,2.0,20.0,Mailed Check,No,3
12610,10961,55,No,97.89,40,Salary,203611.19999999998,475,Human_Resources,Prefer Not to Answer,Divorced,15.5,22.0,Mailed Check,Yes,28
4334,10963,18,No,60.91,40,Salary,126692.79999999999,203,Human_Resources,Female,Married,4.0,25.0,Direct Deposit,Yes,12
3613,10968,28,No,79.87,40,Salary,166129.6,491,Laboratory,Female,Divorced,7.0,17.0,Mailed Check,No,0
4449,10972,51,No,48.89,40,Salary,101691.2,329,Human Resources,Prefer Not to Answer,Divorced,3.0,16.0,Direct Deposit,Yes,17
508,10974,58,No,90.49,40,Salary,188219.19999999998,259,Healthcare,Female,Single,5.0,15.0,Mailed Check,No,34
2531,10975,58,Yes,76.19,40,Salary,158475.19999999998,256,HumanResources,Female,Divorced,15.5,19.0,Mailed Check,No,12
1030,10976,31,No,52.46,40,Salary,109116.8,140,Laboratory,Male,Married,2.0,17.0,Direct Deposit,No,12
12402,10979,18,Yes,47.28,40,Salary,98342.40000000001,270,Marketing,Prefer Not to Answer,Divorced,4.0,11.0,Mailed Check,No,1
3110,10982,45,No,61.16,40,Salary,127212.79999999999,19,Human Resources,Male,Divorced,5.0,24.0,Mailed Check,No,1
1011,10984,28,Yes,61.83,40,Salary,128606.4,241,HumanResources,Prefer Not to Answer,Married,7.0,39.5,Direct Deposit,No,0
5733,10985,33,Yes,93.78,40,Salary,195062.4,259,Human Resources,Male,Single,4.0,11.0,Mailed Check,Yes,14
1409,10994,53,Yes,62.11,40,Salary,129188.8,297,Sales,Male,Divorced,1.0,39.5,Mailed Check,Yes,12
3340,10995,43,Yes,17.89,40,Salary,37211.200000000004,188,Research,Male,Single,9.0,15.0,Direct Deposit,Yes,11
2855,10996,44,Yes,88.18,40,Salary,183414.40000000002,144,Laboratory,Male,Single,5.0,18.0,Mailed Check,Yes,0
5906,10997,45,Yes,30.19,40,Salary,62795.200000000004,174,Sales,Prefer Not to Answer,Single,6.0,24.0,Direct Deposit,No,27
3597,11008,48,Yes,64.27,40,Salary,133681.59999999998,223,Healthcare,Female,Married,9.0,25.0,Direct Deposit,No,3
2518,11009,62,Yes,81.85,40,Salary,170248.0,384,Information Technology,Male,Single,5.0,13.0,Direct Deposit,No,6
418,11010,25,Yes,25.12,40,Salary,52249.600000000006,434,InformationTechnology,Female,Divorced,3.0,19.0,Mailed Check,No,16
3544,11014,58,No,30.3,40,Salary,63024.0,21,Laboratory,Female,Married,4.0,12.0,Mailed Check,No,29
380,11015,46,No,99.24,40,Salary,206419.19999999998,348,Healthcare,Female,Single,8.0,11.0,Mailed Check,No,0
955,11017,49,No,73.3,40,Salary,152464.0,379,InformationTechnology,Prefer Not to Answer,Single,4.0,4.0,Mailed Check,Yes,28
1535,11021,30,No,96.16,40,Salary,200012.8,86,HumanResources,Female,Single,4.0,17.0,Direct Deposit,No,7
2477,11024,60,Yes,27.02,40,Salary,56201.6,443,Human Resources,Male,Single,7.0,10.0,Mailed Check,Yes,16
5889,11030,28,Yes,50.86,40,Salary,105788.8,168,Marketing,Female,Divorced,9.0,18.0,Direct Deposit,No,15
3631,11034,35,Yes,28.48,40,Salary,59238.4,253,Manufacturing,Female,Married,6.0,11.0,Direct Deposit,No,0
47,11035,38,Yes,68.79,40,Salary,143083.2,201,Sales,Male,Married,4.0,4.0,Mailed Check,Yes,3
2410,11044,49,Yes,49.23,40,Salary,102398.4,287,InformationTechnology,Female,Single,8.0,18.0,Mailed Check,Yes,7
1076,11047,46,Yes,47.13,40,Salary,98030.40000000001,278,Marketing,Prefer Not to Answer,Married,1.0,9.0,Direct Deposit,No,21
2257,11051,53,No,74.4,40,Salary,154752.0,139,Human Resources,Male,Divorced,4.0,5.0,Direct Deposit,No,15
1239,11069,19,Yes,72.82,40,Salary,151465.59999999998,201,Human Resources,Prefer Not to Answer,Divorced,7.0,25.0,Mailed Check,No,0
4522,11073,61,Yes,82.43,40,Salary,171454.40000000002,133,HumanResources,Prefer Not to Answer,Divorced,15.5,8.0,Mailed Check,No,18
2915,11077,62,Yes,46.03,40,Salary,95742.40000000001,67,Laboratory,Female,Married,5.0,7.0,Mailed Check,No,13
1080,11079,36,No,74.0,40,Salary,153920.0,256,Marketing,Prefer Not to Answer,Married,2.0,39.5,Direct Deposit,No,8
173,11083,60,Yes,20.54,40,Salary,42723.2,83,Research,Male,Married,8.0,4.0,Direct Deposit,No,5
192,11091,65,No,29.55,40,Salary,61464.0,388,Human_Resources,Female,Divorced,8.0,20.0,Direct Deposit,Yes,26
1567,11094,59,No,95.06,40,Salary,197724.80000000002,358,Marketing,Prefer Not to Answer,Divorced,2.0,15.0,Mailed Check,No,13
2011,11102,64,Yes,36.02,40,Salary,74921.6,352,Marketing,Male,Married,15.5,16.0,Direct Deposit,No,6
4640,11103,47,Yes,84.34,40,Salary,175427.2,259,Manufacturing,Female,Single,5.0,11.0,Mailed Check,No,27
3922,11104,36,Yes,47.1,40,Salary,97968.0,88,Human_Resources,Female,Married,15.5,20.0,Direct Deposit,No,8
1010,11107,45,No,62.58,40,Salary,130166.4,471,InformationTechnology,Male,Divorced,5.0,6.0,Mailed Check,No,14
4503,11108,63,Yes,50.51,40,Salary,105060.79999999999,436,Marketing,Prefer Not to Answer,Divorced,7.0,7.0,Mailed Check,No,37
3863,11110,39,Yes,53.76,40,Salary,111820.8,129,Sales,Prefer Not to Answer,Single,3.0,6.0,Mailed Check,No,10
5173,11112,57,No,84.58,40,Salary,175926.4,98,Healthcare,Female,Single,15.5,17.0,Direct Deposit,No,12
1680,11114,50,No,37.79,40,Salary,78603.2,445,Manufacturing,Female,Divorced,3.0,23.0,Mailed Check,Yes,7
3694,11125,32,No,17.24,40,Salary,35859.2,87,Laboratory,Female,Married,6.0,13.0,Mailed Check,No,0
1105,11126,44,Yes,37.08,40,Salary,77126.4,212,Human_Resources,Male,Divorced,6.0,10.0,Mailed Check,No,1
1985,11128,51,No,58.6,40,Salary,121888.0,271,Human Resources,Prefer Not to Answer,Married,2.0,9.0,Mailed Check,No,13
5062,11130,40,Yes,17.5,40,Salary,36400.0,370,HumanResources,Male,Divorced,6.0,39.5,Mailed Check,No,7
1813,11132,62,No,79.57,40,Salary,165505.59999999998,170,Laboratory,Male,Single,7.0,16.0,Mailed Check,No,1
4082,11134,48,Yes,72.44,40,Salary,150675.19999999998,465,Human Resources,Female,Divorced,6.0,18.0,Mailed Check,No,19
19,11137,47,Yes,78.03,40,Salary,162302.4,74,HumanResources,Prefer Not to Answer,Married,8.0,14.0,Mailed Check,Yes,15
5963,11138,62,Yes,66.11,40,Salary,137508.80000000002,291,Research,Prefer Not to Answer,Single,8.0,9.0,Mailed Check,Yes,23
4622,11147,62,No,35.96,40,Salary,74796.8,425,Human Resources,Female,Divorced,2.0,12.0,Mailed Check,No,12
4670,11159,27,Yes,68.71,40,Salary,142916.8,85,Manufacturing,Male,Single,7.0,8.0,Mailed Check,No,0
13128,11165,52,No,34.91,40,Salary,72612.79999999999,75,Healthcare,Prefer Not to Answer,Divorced,8.0,6.0,Mailed Check,No,11
12001,11168,47,No,67.1,40,Salary,139568.0,422,Human_Resources,Prefer Not to Answer,Married,6.0,39.5,Direct Deposit,No,8
12215,11174,65,Yes,32.82,40,Salary,68265.59999999999,214,Research,Male,Single,8.0,24.0,Mailed Check,Yes,33
12653,11175,27,No,44.41,40,Salary,92372.79999999999,128,Research,Female,Single,1.0,21.0,Mailed Check,No,17
1983,11176,30,Yes,85.38,40,Salary,177590.4,238,Human Resources,Male,Divorced,1.0,24.0,Mailed Check,No,11
1132,11183,64,Yes,92.12,40,Salary,191609.6,464,Information Technology,Female,Single,7.0,15.0,Mailed Check,Yes,15
5675,11187,57,No,82.89,40,Salary,172411.19999999998,276,HumanResources,Prefer Not to Answer,Divorced,8.0,3.0,Mailed Check,Yes,18
1770,11189,30,No,80.46,40,Salary,167356.8,397,InformationTechnology,Male,Single,9.0,5.0,Mailed Check,No,1
12393,11194,23,No,23.22,40,Salary,48297.6,375,Healthcare,Prefer Not to Answer,Married,9.0,9.0,Direct Deposit,No,0
5795,11195,53,Yes,73.38,40,Salary,152630.4,5,Manufacturing,Male,Married,2.0,8.0,Direct Deposit,No,7
1503,11198,43,No,28.13,40,Salary,58510.4,202,Sales,Prefer Not to Answer,Married,4.0,24.0,Direct Deposit,No,0
2423,11202,35,No,42.95,40,Salary,89336.0,393,HumanResources,Prefer Not to Answer,Married,15.5,12.0,Mailed Check,No,0
2956,11203,18,Yes,36.82,40,Salary,76585.59999999999,361,Information Technology,Prefer Not to Answer,Divorced,15.5,22.0,Mailed Check,No,10
1996,11205,45,No,92.3,40,Salary,191984.0,324,Information Technology,Prefer Not to Answer,Single,15.5,2.0,Mailed Check,No,21
12776,11206,26,No,88.52,40,Salary,184121.59999999998,123,Laboratory,Female,Married,15.5,14.0,Direct Deposit,No,15
3194,11207,43,Yes,44.9,40,Salary,93392.0,413,Human Resources,Female,Divorced,5.0,2.0,Mailed Check,Yes,0
1922,11209,41,No,48.16,40,Salary,100172.79999999999,47,Information Technology,Male,Single,15.5,10.0,Direct Deposit,No,22
12297,11210,34,Yes,99.07,40,Salary,206065.59999999998,491,Human_Resources,Male,Married,7.0,39.5,Mailed Check,No,10
1869,11212,56,Yes,60.08,40,Salary,124966.4,113,Information_Technology,Male,Married,1.0,7.0,Mailed Check,No,13
4410,11215,37,No,69.71,40,Salary,144996.8,207,Marketing,Prefer Not to Answer,Divorced,2.0,2.0,Direct Deposit,No,0
12103,11216,54,Yes,51.41,40,Salary,106932.79999999999,146,Human Resources,Female,Divorced,8.0,22.0,Direct Deposit,No,13
630,11217,55,Yes,19.36,40,Salary,40268.799999999996,280,InformationTechnology,Male,Single,9.0,1.0,Mailed Check,Yes,4
5637,11218,29,No,62.43,40,Salary,129854.4,416,Laboratory,Male,Married,2.0,23.0,Mailed Check,No,8
3929,11219,20,Yes,61.35,40,Salary,127608.0,151,Healthcare,Female,Married,3.0,18.0,Mailed Check,No,0
2838,11220,55,No,49.83,40,Salary,103646.4,419,Sales,Male,Married,6.0,3.0,Mailed Check,No,15
1377,11222,44,No,56.48,40,Salary,117478.4,115,Human Resources,Prefer Not to Answer,Divorced,15.5,3.0,Direct Deposit,No,11
2881,11224,21,Yes,21.61,40,Salary,44948.799999999996,119,InformationTechnology,Male,Married,6.0,19.0,Direct Deposit,Yes,0
2786,11227,30,No,83.12,40,Salary,172889.6,380,Information Technology,Prefer Not to Answer,Married,8.0,3.0,Mailed Check,Yes,10
612,11230,19,Yes,25.24,40,Salary,52499.2,302,Information_Technology,Female,Married,2.0,2.0,Mailed Check,Yes,10
4272,11242,40,Yes,47.92,40,Salary,99673.6,461,Human_Resources,Male,Single,1.0,20.0,Mailed Check,No,11
2219,11244,55,Yes,38.65,40,Salary,80392.0,471,Sales,Prefer Not to Answer,Divorced,8.0,13.0,Mailed Check,No,29
2272,11246,38,No,25.28,40,Salary,52582.4,386,Information_Technology,Female,Single,5.0,39.5,Mailed Check,No,14
12750,11250,28,Yes,36.33,40,Salary,75566.4,465,Laboratory,Prefer Not to Answer,Single,6.0,21.0,Mailed Check,Yes,10
4020,11253,54,No,53.83,40,Salary,111966.4,128,Manufacturing,Male,Married,5.0,16.0,Mailed Check,No,18
4078,11254,48,Yes,66.78,40,Salary,138902.4,127,HumanResources,Male,Divorced,5.0,1.0,Mailed Check,Yes,25
1216,11256,61,No,29.95,40,Salary,62296.0,82,Laboratory,Male,Single,6.0,12.0,Mailed Check,Yes,23
1917,11259,44,No,49.58,40,Salary,103126.4,21,Laboratory,Prefer Not to Answer,Single,6.0,23.0,Mailed Check,Yes,2
12076,11267,59,No,69.61,40,Salary,144788.80000000002,248,Laboratory,Prefer Not to Answer,Married,5.0,15.0,Mailed Check,No,4
12295,11269,58,Yes,22.35,40,Salary,46488.0,348,Healthcare,Female,Married,9.0,7.0,Direct Deposit,Yes,29
2892,11280,30,Yes,96.66,40,Salary,201052.8,258,Marketing,Female,Married,9.0,21.0,Direct Deposit,No,5
4828,11281,42,No,32.01,40,Salary,66580.79999999999,422,HumanResources,Female,Married,8.0,6.0,Mailed Check,No,8
2902,11283,56,Yes,55.31,40,Salary,115044.8,15,Human_Resources,Female,Single,9.0,16.0,Direct Deposit,Yes,37
1568,11285,46,Yes,50.26,40,Salary,104540.79999999999,193,Marketing,Female,Married,7.0,21.0,Direct Deposit,No,3
2748,11286,38,Yes,27.94,40,Salary,58115.200000000004,296,Sales,Prefer Not to Answer,Divorced,4.0,5.0,Direct Deposit,No,15
12279,11290,29,Yes,70.16,40,Salary,145932.8,139,HumanResources,Male,Married,9.0,25.0,Direct Deposit,No,4
12042,11294,29,Yes,45.19,40,Salary,93995.2,260,Human Resources,Prefer Not to Answer,Divorced,2.0,18.0,Direct Deposit,No,0
4215,11295,31,Yes,78.99,40,Salary,164299.19999999998,318,InformationTechnology,Prefer Not to Answer,Divorced,8.0,22.0,Direct Deposit,No,0
4280,11296,52,Yes,41.0,40,Salary,85280.0,128,Laboratory,Prefer Not to Answer,Single,3.0,19.0,Mailed Check,No,10
12185,11301,50,Yes,18.87,40,Salary,39249.600000000006,84,HumanResources,Male,Married,7.0,5.0,Direct Deposit,Yes,7
5816,11304,43,Yes,49.54,40,Salary,103043.2,253,InformationTechnology,Female,Divorced,3.0,6.0,Direct Deposit,No,0
5491,11308,19,Yes,58.47,40,Salary,121617.6,128,Healthcare,Prefer Not to Answer,Single,8.0,15.0,Direct Deposit,No,0
3724,11309,27,No,29.23,40,Salary,60798.4,285,Healthcare,Male,Single,3.0,11.0,Direct Deposit,Yes,0
1599,11315,60,No,32.89,40,Salary,68411.2,39,Healthcare,Prefer Not to Answer,Single,5.0,2.0,Direct Deposit,No,4
729,11318,63,No,48.59,40,Salary,101067.20000000001,214,Manufacturing,Female,Single,4.0,11.0,Mailed Check,No,37
3281,11319,30,No,66.67,40,Salary,138673.6,442,Marketing,Female,Married,4.0,2.0,Mailed Check,Yes,11
1459,11320,63,Yes,39.16,40,Salary,81452.79999999999,313,InformationTechnology,Female,Single,2.0,15.0,Direct Deposit,No,9
2785,11328,47,No,31.81,40,Salary,66164.79999999999,390,Information_Technology,Female,Divorced,9.0,23.0,Mailed Check,No,8
3826,11329,31,No,23.01,40,Salary,47860.8,423,Information Technology,Female,Married,9.0,16.0,Direct Deposit,Yes,3
2057,11331,23,No,62.98,40,Salary,130998.4,235,Sales,Female,Married,6.0,25.0,Direct Deposit,Yes,11
5590,11333,20,No,80.83,40,Salary,168126.4,53,HumanResources,Prefer Not to Answer,Divorced,7.0,16.0,Direct Deposit,Yes,1
3901,11334,21,Yes,89.27,40,Salary,185681.59999999998,22,Laboratory,Male,Single,9.0,23.0,Mailed Check,No,10
98,11337,24,No,92.11,40,Salary,191588.80000000002,363,Human Resources,Prefer Not to Answer,Married,5.0,25.0,Mailed Check,No,0
5126,11338,28,Yes,61.43,40,Salary,127774.4,9,Human Resources,Female,Married,15.5,9.0,Direct Deposit,Yes,4
4325,11339,55,No,94.33,40,Salary,196206.4,277,Human_Resources,Female,Divorced,15.5,3.0,Direct Deposit,Yes,26
4765,11343,41,Yes,19.48,40,Salary,40518.4,387,Human_Resources,Prefer Not to Answer,Single,4.0,19.0,Mailed Check,Yes,12
4667,11344,20,Yes,28.17,40,Salary,58593.600000000006,446,Sales,Female,Single,9.0,24.0,Direct Deposit,No,2
1525,11359,18,Yes,38.16,40,Salary,79372.79999999999,276,Human Resources,Female,Married,2.0,2.0,Mailed Check,No,0
2495,11368,52,No,17.52,40,Salary,36441.6,401,Sales,Male,Divorced,2.0,22.0,Mailed Check,Yes,3
4236,11369,51,Yes,77.79,40,Salary,161803.2,193,Research,Prefer Not to Answer,Divorced,5.0,18.0,Mailed Check,No,9
4401,11371,36,No,31.37,40,Salary,65249.6,244,Laboratory,Female,Married,2.0,9.0,Mailed Check,No,14
1782,11381,35,Yes,21.73,40,Salary,45198.4,454,Human Resources,Prefer Not to Answer,Divorced,5.0,12.0,Mailed Check,Yes,7
4110,11382,47,Yes,86.14,40,Salary,179171.19999999998,265,Information_Technology,Prefer Not to Answer,Single,5.0,5.0,Mailed Check,No,28
1449,11383,22,No,24.73,40,Salary,51438.4,36,Sales,Female,Married,2.0,13.0,Direct Deposit,No,0
1740,11384,51,No,71.32,40,Salary,148345.59999999998,406,Marketing,Prefer Not to Answer,Single,6.0,5.0,Mailed Check,No,9
164,11388,35,Yes,76.91,40,Salary,159972.8,493,Healthcare,Female,Single,5.0,22.0,Mailed Check,No,0
2989,11391,48,No,92.01,40,Salary,191380.80000000002,17,Human Resources,Prefer Not to Answer,Divorced,9.0,2.0,Mailed Check,No,17
12725,11395,42,Yes,65.42,40,Salary,136073.6,100,InformationTechnology,Female,Divorced,2.0,22.0,Direct Deposit,No,3
12487,11396,42,Yes,56.05,40,Salary,116584.0,190,Laboratory,Female,Divorced,4.0,16.0,Direct Deposit,No,8
3119,11400,39,Yes,26.39,40,Salary,54891.2,53,InformationTechnology,Male,Single,1.0,7.0,Mailed Check,No,11
12705,11403,25,Yes,57.23,40,Salary,119038.4,30,Sales,Female,Married,4.0,11.0,Mailed Check,No,0
578,11406,35,No,68.52,40,Salary,142521.59999999998,390,InformationTechnology,Prefer Not to Answer,Divorced,6.0,20.0,Mailed Check,No,0
4576,11411,36,No,91.97,40,Salary,191297.6,400,HumanResources,Prefer Not to Answer,Divorced,8.0,24.0,Mailed Check,Yes,17
2868,11412,47,No,29.53,40,Salary,61422.4,81,Marketing,Female,Single,8.0,11.0,Mailed Check,No,13
1492,11420,59,No,62.95,40,Salary,130936.0,342,Marketing,Female,Divorced,2.0,1.0,Mailed Check,No,11
12038,11423,21,No,97.88,40,Salary,203590.4,79,Human Resources,Male,Divorced,7.0,9.0,Mailed Check,No,0
553,11424,39,No,46.66,40,Salary,97052.79999999999,457,Human Resources,Male,Married,3.0,16.0,Direct Deposit,No,0
12277,11428,57,No,88.39,40,Salary,183851.19999999998,328,HumanResources,Prefer Not to Answer,Single,8.0,2.0,Mailed Check,No,22
4784,11429,21,Yes,48.29,40,Salary,100443.2,45,Manufacturing,Prefer Not to Answer,Divorced,4.0,5.0,Direct Deposit,Yes,0
179,11432,55,Yes,75.04,40,Salary,156083.2,234,Manufacturing,Prefer Not to Answer,Married,4.0,7.0,Mailed Check,Yes,10
1888,11437,64,No,78.27,40,Salary,162801.59999999998,335,Marketing,Prefer Not to Answer,Married,1.0,17.0,Direct Deposit,No,37
3317,11440,19,Yes,66.37,40,Salary,138049.6,433,HumanResources,Male,Divorced,1.0,16.0,Direct Deposit,No,0
4748,11443,29,Yes,84.27,40,Salary,175281.59999999998,208,Research,Male,Single,1.0,7.0,Mailed Check,No,7
5886,11445,61,No,74.7,40,Salary,155376.0,224,InformationTechnology,Prefer Not to Answer,Divorced,7.0,23.0,Direct Deposit,No,37
5416,11446,65,Yes,47.87,40,Salary,99569.59999999999,296,Manufacturing,Prefer Not to Answer,Divorced,6.0,24.0,Mailed Check,No,8
4599,11447,38,Yes,44.96,40,Salary,93516.8,446,Sales,Male,Married,6.0,5.0,Direct Deposit,No,13
5359,11451,49,Yes,59.86,40,Salary,124508.8,2,Information_Technology,Prefer Not to Answer,Married,4.0,23.0,Direct Deposit,Yes,3
12628,11455,45,No,27.51,40,Salary,57220.8,475,Human Resources,Female,Single,15.5,6.0,Mailed Check,No,10
3686,11460,35,No,92.06,40,Salary,191484.80000000002,329,Human_Resources,Male,Single,5.0,5.0,Mailed Check,No,12
2169,11465,36,Yes,28.67,40,Salary,59633.600000000006,478,InformationTechnology,Male,Single,15.5,23.0,Direct Deposit,No,17
3176,11466,56,No,28.64,40,Salary,59571.2,204,Information Technology,Prefer Not to Answer,Married,15.5,14.0,Mailed Check,No,29
2000,11473,35,Yes,44.56,40,Salary,92684.8,189,Laboratory,Female,Divorced,7.0,20.0,Direct Deposit,No,17
905,11475,57,Yes,26.98,40,Salary,56118.4,25,Information Technology,Female,Divorced,5.0,10.0,Direct Deposit,No,25
4225,11481,57,Yes,98.26,40,Salary,204380.80000000002,474,Marketing,Prefer Not to Answer,Single,4.0,17.0,Direct Deposit,No,34
2123,11487,60,Yes,55.33,40,Salary,115086.4,415,HumanResources,Female,Married,8.0,10.0,Direct Deposit,No,24
1499,11493,63,Yes,61.08,40,Salary,127046.4,317,Laboratory,Prefer Not to Answer,Single,3.0,25.0,Direct Deposit,No,37
5243,11497,60,No,93.72,40,Salary,194937.6,151,Laboratory,Male,Divorced,15.5,18.0,Mailed Check,No,29
5276,11501,48,Yes,67.24,40,Salary,139859.19999999998,402,HumanResources,Female,Single,7.0,1.0,Direct Deposit,No,29
3292,11504,55,Yes,45.01,40,Salary,93620.79999999999,143,HumanResources,Male,Married,3.0,13.0,Direct Deposit,Yes,4
3933,11505,47,No,63.05,40,Salary,131144.0,337,Human_Resources,Prefer Not to Answer,Married,5.0,18.0,Mailed Check,No,29
12044,11506,28,Yes,24.12,40,Salary,50169.600000000006,25,Research,Male,Divorced,2.0,11.0,Direct Deposit,No,17
747,11507,48,Yes,24.95,40,Salary,51896.0,256,Human_Resources,Female,Divorced,7.0,12.0,Direct Deposit,No,15
4249,11511,57,Yes,51.12,40,Salary,106329.59999999999,365,Human Resources,Female,Married,2.0,20.0,Mailed Check,No,28
3442,11516,58,No,56.82,40,Salary,118185.6,262,Human_Resources,Prefer Not to Answer,Married,1.0,10.0,Direct Deposit,No,34
6,11517,26,No,27.38,40,Salary,56950.4,259,Information_Technology,Male,Single,9.0,4.0,Direct Deposit,Yes,0
4856,11524,58,No,60.47,40,Salary,125777.6,53,Information Technology,Female,Divorced,8.0,8.0,Direct Deposit,No,5
200,11530,55,Yes,32.46,40,Salary,67516.8,49,Laboratory,Prefer Not to Answer,Divorced,7.0,11.0,Mailed Check,No,22
3797,11533,35,No,65.44,40,Salary,136115.19999999998,498,InformationTechnology,Prefer Not to Answer,Single,15.5,6.0,Mailed Check,No,3
1302,11534,57,No,61.02,40,Salary,126921.6,174,Human Resources,Female,Divorced,5.0,3.0,Direct Deposit,No,31
736,11537,32,No,77.94,40,Salary,162115.19999999998,481,Research,Prefer Not to Answer,Divorced,5.0,9.0,Mailed Check,Yes,0
12213,11538,23,No,67.24,40,Salary,139859.19999999998,377,Marketing,Female,Single,6.0,39.5,Mailed Check,Yes,6
183,11539,53,Yes,34.5,40,Salary,71760.0,208,InformationTechnology,Prefer Not to Answer,Divorced,1.0,23.0,Mailed Check,No,8
4609,11542,38,No,67.03,40,Salary,139422.4,231,Healthcare,Female,Single,8.0,22.0,Mailed Check,Yes,18
4957,11547,36,No,62.2,40,Salary,129376.0,139,Laboratory,Prefer Not to Answer,Married,2.0,18.0,Mailed Check,No,6
12223,11548,56,No,62.19,40,Salary,129355.2,195,Information_Technology,Female,Married,8.0,4.0,Mailed Check,No,31
5226,11553,32,Yes,24.64,40,Salary,51251.200000000004,96,Sales,Male,Single,6.0,19.0,Mailed Check,No,2
232,11554,30,No,36.17,40,Salary,75233.6,339,Human Resources,Prefer Not to Answer,Divorced,3.0,7.0,Mailed Check,No,12
2867,11563,37,No,48.01,40,Salary,99860.79999999999,404,InformationTechnology,Male,Single,6.0,6.0,Mailed Check,No,6
12037,11564,28,Yes,93.73,40,Salary,194958.40000000002,493,Research,Female,Divorced,1.0,21.0,Direct Deposit,No,5
3422,11569,62,No,63.72,40,Salary,132537.6,308,Human Resources,Female,Divorced,5.0,8.0,Mailed Check,No,3
3515,11572,57,No,24.86,40,Salary,51708.799999999996,61,Human Resources,Prefer Not to Answer,Divorced,9.0,20.0,Mailed Check,No,35
1304,11575,36,No,57.62,40,Salary,119849.59999999999,376,Sales,Prefer Not to Answer,Divorced,8.0,17.0,Direct Deposit,Yes,9
1332,11579,19,No,83.72,40,Salary,174137.6,103,Information_Technology,Female,Divorced,9.0,15.0,Direct Deposit,Yes,0
3173,11581,58,Yes,74.4,40,Salary,154752.0,28,InformationTechnology,Prefer Not to Answer,Divorced,2.0,6.0,Direct Deposit,Yes,12
3919,11582,51,No,51.18,40,Salary,106454.40000000001,330,InformationTechnology,Prefer Not to Answer,Single,6.0,11.0,Mailed Check,Yes,13
3958,11583,55,No,89.66,40,Salary,186492.8,385,Information Technology,Prefer Not to Answer,Married,6.0,7.0,Mailed Check,No,37
2895,11585,29,No,50.39,40,Salary,104811.2,172,Human Resources,Male,Married,9.0,12.0,Direct Deposit,No,0
12798,11586,48,Yes,59.83,40,Salary,124446.4,260,Healthcare,Male,Married,3.0,21.0,Direct Deposit,No,12
5146,11587,44,No,38.21,40,Salary,79476.8,488,InformationTechnology,Female,Divorced,4.0,18.0,Direct Deposit,Yes,5
716,11594,33,No,29.69,40,Salary,61755.200000000004,98,Marketing,Female,Divorced,9.0,13.0,Mailed Check,No,13
2097,11597,56,No,62.62,40,Salary,130249.59999999999,72,Human_Resources,Prefer Not to Answer,Single,9.0,25.0,Direct Deposit,Yes,34
3008,11598,26,No,92.6,40,Salary,192608.0,290,Healthcare,Prefer Not to Answer,Married,15.5,13.0,Direct Deposit,Yes,4
3031,11603,18,No,92.59,40,Salary,192587.2,66,Human_Resources,Male,Single,8.0,4.0,Direct Deposit,No,0
4960,11605,21,No,23.63,40,Salary,49150.399999999994,489,Human Resources,Male,Married,5.0,12.0,Direct Deposit,No,0
4898,11609,60,Yes,58.01,40,Salary,120660.8,418,Laboratory,Prefer Not to Answer,Divorced,1.0,19.0,Mailed Check,Yes,30
2911,11611,32,No,31.49,40,Salary,65499.2,414,InformationTechnology,Female,Married,1.0,19.0,Direct Deposit,No,0
3766,11612,57,No,95.02,40,Salary,197641.59999999998,13,Information Technology,Male,Divorced,6.0,11.0,Direct Deposit,Yes,17
412,11614,47,Yes,57.66,40,Salary,119932.79999999999,85,Manufacturing,Prefer Not to Answer,Married,15.5,25.0,Mailed Check,No,23
933,11615,39,No,34.01,40,Salary,70740.79999999999,55,Human_Resources,Male,Single,15.5,19.0,Direct Deposit,Yes,2
3209,11616,41,Yes,33.14,40,Salary,68931.2,495,HumanResources,Prefer Not to Answer,Single,5.0,21.0,Direct Deposit,No,0
1477,11619,29,No,62.36,40,Salary,129708.8,409,Sales,Female,Divorced,9.0,1.0,Mailed Check,Yes,3
1618,11620,28,Yes,71.92,40,Salary,149593.6,66,Research,Prefer Not to Answer,Divorced,1.0,21.0,Mailed Check,Yes,3
4556,11621,48,No,59.99,40,Salary,124779.2,92,InformationTechnology,Female,Single,5.0,19.0,Mailed Check,No,8
13195,11622,52,No,32.64,40,Salary,67891.2,315,Laboratory,Prefer Not to Answer,Single,8.0,5.0,Direct Deposit,No,27
12630,11623,38,Yes,85.13,40,Salary,177070.4,143,Human Resources,Male,Single,8.0,4.0,Direct Deposit,Yes,0
5632,11624,19,No,66.85,40,Salary,139048.0,180,Sales,Prefer Not to Answer,Single,6.0,18.0,Direct Deposit,No,1
1323,11631,43,No,67.61,40,Salary,140628.80000000002,466,Human_Resources,Male,Single,3.0,24.0,Mailed Check,No,6
1480,11632,64,No,99.69,40,Salary,207355.19999999998,206,Research,Female,Single,2.0,6.0,Direct Deposit,No,26
1829,11634,54,No,57.81,40,Salary,120244.8,148,Information_Technology,Male,Married,8.0,3.0,Direct Deposit,No,33
2995,11636,47,Yes,73.12,40,Salary,152089.6,239,Healthcare,Male,Divorced,5.0,1.0,Direct Deposit,No,17
2697,11644,38,No,17.85,40,Salary,37128.0,459,Healthcare,Prefer Not to Answer,Divorced,6.0,21.0,Mailed Check,Yes,13
2126,11646,48,Yes,51.0,40,Salary,106080.0,38,Human_Resources,Male,Single,3.0,3.0,Direct Deposit,No,2
5404,11647,30,Yes,92.9,40,Salary,193232.0,256,InformationTechnology,Male,Single,7.0,2.0,Mailed Check,Yes,8
12144,11648,35,No,67.38,40,Salary,140150.4,326,Healthcare,Female,Married,9.0,20.0,Direct Deposit,No,4
4566,11650,24,Yes,96.3,40,Salary,200304.0,33,Manufacturing,Female,Single,2.0,2.0,Direct Deposit,No,0
3069,11651,56,Yes,87.37,40,Salary,181729.6,384,Human_Resources,Prefer Not to Answer,Married,6.0,24.0,Mailed Check,No,8
409,11654,46,Yes,21.3,40,Salary,44304.0,138,InformationTechnology,Female,Single,9.0,19.0,Direct Deposit,No,20
3342,11657,35,No,93.92,40,Salary,195353.6,105,Manufacturing,Female,Divorced,5.0,23.0,Mailed Check,Yes,10
1349,11660,40,No,26.38,40,Salary,54870.4,396,Healthcare,Male,Married,8.0,5.0,Direct Deposit,No,3
5088,11663,47,No,91.16,40,Salary,189612.8,399,HumanResources,Prefer Not to Answer,Single,7.0,12.0,Direct Deposit,No,7
2705,11664,63,No,45.32,40,Salary,94265.59999999999,87,Laboratory,Prefer Not to Answer,Married,15.5,3.0,Direct Deposit,No,24
5952,11667,38,No,91.59,40,Salary,190507.2,211,Manufacturing,Male,Divorced,6.0,8.0,Direct Deposit,No,4
1398,11672,52,Yes,90.47,40,Salary,188177.6,374,Human Resources,Male,Single,2.0,39.5,Direct Deposit,Yes,15
3936,11674,61,No,82.48,40,Salary,171558.40000000002,32,Research,Male,Single,9.0,3.0,Direct Deposit,No,37
5601,11676,44,Yes,70.06,40,Salary,145724.80000000002,310,HumanResources,Female,Divorced,2.0,17.0,Mailed Check,Yes,1
930,11682,34,Yes,33.87,40,Salary,70449.59999999999,488,InformationTechnology,Male,Divorced,2.0,10.0,Direct Deposit,No,6
4009,11709,20,No,49.06,40,Salary,102044.8,159,Information_Technology,Male,Single,5.0,9.0,Mailed Check,Yes,0
1199,11710,31,No,74.69,40,Salary,155355.19999999998,446,Information_Technology,Male,Divorced,3.0,12.0,Mailed Check,No,7
2615,11718,45,No,20.19,40,Salary,41995.200000000004,135,Human_Resources,Prefer Not to Answer,Divorced,6.0,14.0,Mailed Check,No,5
4133,11722,54,No,44.25,40,Salary,92040.0,255,Information_Technology,Female,Divorced,1.0,25.0,Direct Deposit,No,18
1689,11726,24,No,46.79,40,Salary,97323.2,154,Human Resources,Prefer Not to Answer,Single,3.0,23.0,Mailed Check,No,0
12427,11727,40,No,80.96,40,Salary,168396.8,191,Sales,Prefer Not to Answer,Married,5.0,24.0,Mailed Check,No,1
1716,11740,44,Yes,17.25,40,Salary,35880.0,364,Information Technology,Female,Married,9.0,9.0,Mailed Check,No,19
5861,11743,57,Yes,94.79,40,Salary,197163.2,94,Human Resources,Male,Divorced,1.0,10.0,Direct Deposit,No,27
1924,11744,48,Yes,87.09,40,Salary,181147.2,146,HumanResources,Prefer Not to Answer,Single,7.0,16.0,Mailed Check,No,7
2048,11745,34,Yes,67.67,40,Salary,140753.6,98,Human Resources,Female,Divorced,2.0,3.0,Direct Deposit,Yes,11
12792,11748,28,Yes,89.22,40,Salary,185577.6,89,InformationTechnology,Prefer Not to Answer,Divorced,2.0,15.0,Direct Deposit,No,3
12283,11754,52,Yes,75.95,40,Salary,157976.0,163,HumanResources,Prefer Not to Answer,Single,9.0,22.0,Direct Deposit,No,3
3273,11763,49,No,35.52,40,Salary,73881.6,356,Human_Resources,Male,Married,2.0,13.0,Direct Deposit,Yes,4
2039,11768,24,Yes,96.2,40,Salary,200096.0,233,Sales,Male,Married,9.0,20.0,Direct Deposit,Yes,0
4041,11769,31,No,84.15,40,Salary,175032.0,469,Healthcare,Female,Married,15.5,21.0,Mailed Check,No,6
5477,11779,54,Yes,56.34,40,Salary,117187.20000000001,186,Manufacturing,Male,Divorced,9.0,8.0,Direct Deposit,Yes,20
5063,11784,39,No,98.26,40,Salary,204380.80000000002,382,Information Technology,Prefer Not to Answer,Married,4.0,15.0,Direct Deposit,No,3
1871,11786,52,No,31.04,40,Salary,64563.2,146,Information Technology,Prefer Not to Answer,Single,7.0,1.0,Direct Deposit,No,17
3749,11787,59,Yes,52.67,40,Salary,109553.6,45,Sales,Male,Single,7.0,23.0,Mailed Check,Yes,13
4541,11788,53,No,98.48,40,Salary,204838.40000000002,428,Human_Resources,Prefer Not to Answer,Divorced,15.5,15.0,Mailed Check,Yes,14
12493,11792,25,Yes,35.43,40,Salary,73694.40000000001,325,Healthcare,Male,Married,6.0,9.0,Mailed Check,No,0
5149,11793,22,No,73.94,40,Salary,153795.19999999998,348,Laboratory,Male,Married,1.0,12.0,Direct Deposit,No,17
5296,11795,45,Yes,51.9,40,Salary,107952.0,122,Healthcare,Male,Single,1.0,7.0,Mailed Check,Yes,20
4600,11797,61,Yes,36.15,40,Salary,75192.0,419,Sales,Prefer Not to Answer,Married,9.0,23.0,Direct Deposit,No,17
12171,11801,62,Yes,99.12,40,Salary,206169.6,416,Laboratory,Prefer Not to Answer,Divorced,2.0,8.0,Mailed Check,No,37
3000,11805,33,Yes,92.68,40,Salary,192774.40000000002,351,Human Resources,Male,Married,1.0,5.0,Direct Deposit,No,1
4761,11812,19,No,28.8,40,Salary,59904.0,22,Human Resources,Female,Divorced,7.0,20.0,Direct Deposit,No,0
5305,11814,19,Yes,30.36,40,Salary,63148.8,221,Marketing,Male,Single,8.0,10.0,Mailed Check,No,0
4687,11818,56,No,20.19,40,Salary,41995.200000000004,161,Laboratory,Male,Single,5.0,6.0,Direct Deposit,No,27
3148,11821,44,No,57.17,40,Salary,118913.6,265,HumanResources,Female,Divorced,2.0,20.0,Direct Deposit,No,9
5021,11829,56,No,59.04,40,Salary,122803.2,143,Human Resources,Male,Divorced,4.0,24.0,Mailed Check,No,20
1167,11830,34,No,64.21,40,Salary,133556.8,111,Laboratory,Female,Single,2.0,7.0,Mailed Check,Yes,5
2033,11831,21,Yes,68.01,40,Salary,141460.80000000002,184,Laboratory,Prefer Not to Answer,Married,15.5,20.0,Mailed Check,No,0
4860,11835,26,No,47.46,40,Salary,98716.8,77,Information Technology,Female,Single,1.0,17.0,Mailed Check,No,1
1174,11836,47,No,80.75,40,Salary,167960.0,422,Research,Female,Divorced,2.0,11.0,Mailed Check,Yes,25
13114,11840,18,No,98.59,40,Salary,205067.2,144,Research,Prefer Not to Answer,Single,7.0,4.0,Mailed Check,No,0
1807,11849,32,No,90.52,40,Salary,188281.59999999998,364,Sales,Prefer Not to Answer,Single,3.0,13.0,Mailed Check,No,0
12763,11850,24,Yes,43.38,40,Salary,90230.40000000001,146,InformationTechnology,Female,Single,7.0,7.0,Mailed Check,Yes,14
12459,11851,22,No,34.85,40,Salary,72488.0,47,HumanResources,Male,Single,3.0,1.0,Mailed Check,No,0
12471,11854,49,No,59.96,40,Salary,124716.8,313,InformationTechnology,Female,Single,1.0,12.0,Direct Deposit,Yes,9
27,11856,45,Yes,39.26,40,Salary,81660.79999999999,279,Sales,Prefer Not to Answer,Single,15.5,22.0,Mailed Check,No,23
3612,11860,58,Yes,59.8,40,Salary,124384.0,464,InformationTechnology,Prefer Not to Answer,Single,3.0,3.0,Mailed Check,No,8
1654,11872,26,Yes,53.88,40,Salary,112070.40000000001,88,Information Technology,Female,Married,1.0,6.0,Mailed Check,No,0
2809,11873,38,Yes,81.01,40,Salary,168500.80000000002,90,HumanResources,Male,Married,2.0,14.0,Mailed Check,Yes,0
3257,11876,28,No,91.16,40,Salary,189612.8,68,Information Technology,Male,Single,4.0,13.0,Direct Deposit,No,2
5837,11879,29,No,61.91,40,Salary,128772.79999999999,101,Marketing,Prefer Not to Answer,Single,1.0,17.0,Mailed Check,Yes,1
12768,11880,21,No,56.36,40,Salary,117228.8,279,Marketing,Female,Divorced,3.0,24.0,Direct Deposit,Yes,0
3077,11881,34,No,77.41,40,Salary,161012.8,207,Sales,Female,Divorced,9.0,2.0,Direct Deposit,No,16
5031,11883,45,No,92.18,40,Salary,191734.40000000002,18,Research,Female,Single,2.0,19.0,Mailed Check,No,6
2880,11885,40,Yes,46.07,40,Salary,95825.59999999999,114,Human Resources,Female,Married,4.0,39.5,Direct Deposit,No,18
2266,11898,39,No,54.05,40,Salary,112424.0,476,Information Technology,Female,Married,4.0,22.0,Direct Deposit,No,0
2138,11900,32,No,40.2,40,Salary,83616.0,222,Information Technology,Female,Single,8.0,2.0,Mailed Check,No,0
1549,11909,34,No,37.49,40,Salary,77979.20000000001,482,Information_Technology,Prefer Not to Answer,Single,7.0,6.0,Mailed Check,No,15
4827,11910,57,No,30.09,40,Salary,62587.2,157,Healthcare,Male,Married,9.0,3.0,Mailed Check,Yes,16
1702,11911,56,Yes,98.9,40,Salary,205712.0,306,HumanResources,Prefer Not to Answer,Single,2.0,39.5,Mailed Check,No,33
450,11916,26,No,45.74,40,Salary,95139.20000000001,304,Healthcare,Prefer Not to Answer,Married,5.0,2.0,Direct Deposit,No,0
2081,11922,28,No,95.41,40,Salary,198452.8,183,Laboratory,Male,Single,1.0,25.0,Direct Deposit,No,0
4068,11923,37,Yes,18.69,40,Salary,38875.200000000004,125,InformationTechnology,Male,Married,4.0,8.0,Mailed Check,No,9
3870,11924,33,No,95.19,40,Salary,197995.19999999998,290,Marketing,Prefer Not to Answer,Married,5.0,8.0,Direct Deposit,No,3
4469,11926,65,No,42.95,40,Salary,89336.0,353,Research,Female,Single,15.5,18.0,Direct Deposit,No,23
4485,11927,39,Yes,29.64,40,Salary,61651.2,498,Research,Male,Married,6.0,21.0,Mailed Check,Yes,9
5690,11929,50,Yes,46.03,40,Salary,95742.40000000001,44,Laboratory,Prefer Not to Answer,Divorced,8.0,6.0,Mailed Check,No,26
985,11931,49,No,63.31,40,Salary,131684.80000000002,291,Research,Female,Married,1.0,23.0,Mailed Check,No,26
4062,11933,64,No,70.42,40,Salary,146473.6,79,Information Technology,Prefer Not to Answer,Single,5.0,10.0,Direct Deposit,Yes,37
5972,11935,31,Yes,64.88,40,Salary,134950.4,303,InformationTechnology,Male,Divorced,4.0,25.0,Mailed Check,No,13
1336,11939,24,Yes,31.88,40,Salary,66310.40000000001,463,Information Technology,Prefer Not to Answer,Single,15.5,5.0,Mailed Check,No,10
5169,11941,28,Yes,87.3,40,Salary,181584.0,140,Information_Technology,Prefer Not to Answer,Divorced,5.0,19.0,Mailed Check,No,0
12265,11944,20,Yes,71.65,40,Salary,149032.0,11,Laboratory,Female,Married,8.0,9.0,Direct Deposit,No,2
12597,11952,28,Yes,24.17,40,Salary,50273.600000000006,100,Information Technology,Female,Married,3.0,11.0,Mailed Check,Yes,16
668,11955,51,No,32.85,40,Salary,68328.0,231,Marketing,Male,Divorced,9.0,19.0,Direct Deposit,No,11
3670,11959,19,No,56.11,40,Salary,116708.8,91,Manufacturing,Male,Married,4.0,13.0,Direct Deposit,No,17
12573,11965,21,Yes,97.95,40,Salary,203736.0,262,Marketing,Female,Single,1.0,25.0,Mailed Check,Yes,10
3431,11968,40,Yes,41.87,40,Salary,87089.59999999999,115,Research,Male,Married,5.0,3.0,Direct Deposit,Yes,14
742,11971,22,No,47.06,40,Salary,97884.8,314,Marketing,Prefer Not to Answer,Married,2.0,17.0,Mailed Check,No,0
12202,11972,50,No,62.56,40,Salary,130124.8,306,Laboratory,Female,Single,4.0,11.0,Direct Deposit,Yes,15
5360,11974,56,No,91.4,40,Salary,190112.0,366,Information Technology,Prefer Not to Answer,Married,3.0,13.0,Mailed Check,Yes,5
2328,11975,36,No,36.34,40,Salary,75587.20000000001,378,Healthcare,Male,Single,3.0,15.0,Mailed Check,Yes,7
2941,11980,41,Yes,45.54,40,Salary,94723.2,40,Manufacturing,Male,Divorced,15.5,20.0,Direct Deposit,No,6
2171,11983,58,No,68.68,40,Salary,142854.40000000002,351,Marketing,Male,Divorced,3.0,5.0,Direct Deposit,Yes,11
1913,11985,31,Yes,97.1,40,Salary,201968.0,223,InformationTechnology,Female,Divorced,1.0,16.0,Direct Deposit,No,11
5010,11989,62,No,28.7,40,Salary,59696.0,68,Information_Technology,Male,Married,15.5,20.0,Direct Deposit,No,20
12637,11990,57,No,21.87,40,Salary,45489.600000000006,245,Information Technology,Male,Married,3.0,8.0,Mailed Check,No,3
3153,11991,50,Yes,75.72,40,Salary,157497.6,23,Sales,Female,Divorced,9.0,10.0,Mailed Check,No,14
4271,11997,57,Yes,48.1,40,Salary,100048.0,346,Sales,Prefer Not to Answer,Single,1.0,4.0,Mailed Check,No,12
5183,12003,50,Yes,85.4,40,Salary,177632.0,13,Human_Resources,Female,Divorced,7.0,18.0,Direct Deposit,Yes,26
2711,12016,59,Yes,58.2,40,Salary,121056.0,337,Human_Resources,Male,Single,6.0,20.0,Mailed Check,Yes,30
3456,12026,42,Yes,19.1,40,Salary,39728.0,468,Laboratory,Male,Divorced,7.0,2.0,Mailed Check,No,4
699,12029,53,No,55.63,40,Salary,115710.40000000001,475,InformationTechnology,Female,Single,2.0,39.5,Mailed Check,No,4
1589,12036,31,Yes,41.84,40,Salary,87027.20000000001,410,Human_Resources,Prefer Not to Answer,Single,1.0,17.0,Direct Deposit,No,0
3640,12040,54,No,38.8,40,Salary,80704.0,385,Sales,Female,Married,15.5,7.0,Direct Deposit,No,15
960,12045,20,No,75.87,40,Salary,157809.6,139,Information_Technology,Prefer Not to Answer,Married,4.0,13.0,Mailed Check,No,0
491,12050,58,No,56.89,40,Salary,118331.2,213,Information Technology,Male,Divorced,9.0,39.5,Direct Deposit,No,13
3229,12051,26,Yes,88.05,40,Salary,183144.0,228,Information Technology,Male,Married,3.0,5.0,Mailed Check,No,0
2278,12056,35,No,31.04,40,Salary,64563.2,449,Sales,Male,Single,15.5,15.0,Mailed Check,No,6
85,12057,49,Yes,89.51,40,Salary,186180.80000000002,113,Marketing,Male,Married,15.5,15.0,Direct Deposit,No,7
5321,12058,47,No,23.64,40,Salary,49171.200000000004,161,InformationTechnology,Male,Single,6.0,3.0,Direct Deposit,Yes,25
2054,12065,49,Yes,48.6,40,Salary,101088.0,246,HumanResources,Female,Single,5.0,39.5,Mailed Check,Yes,3
4992,12066,64,Yes,98.79,40,Salary,205483.2,362,Marketing,Female,Married,7.0,15.0,Mailed Check,No,19
139,12068,56,No,91.87,40,Salary,191089.6,139,Research,Male,Single,9.0,22.0,Mailed Check,Yes,2
12369,12076,56,Yes,82.44,40,Salary,171475.19999999998,357,Healthcare,Male,Single,5.0,22.0,Mailed Check,No,30
5464,12083,46,No,66.08,40,Salary,137446.4,73,Healthcare,Male,Single,2.0,39.5,Direct Deposit,Yes,5
3260,12087,33,Yes,67.01,40,Salary,139380.80000000002,146,Information Technology,Prefer Not to Answer,Single,5.0,14.0,Mailed Check,Yes,2
1530,12088,59,Yes,85.98,40,Salary,178838.40000000002,100,Human Resources,Female,Married,2.0,7.0,Mailed Check,No,25
1212,12089,20,Yes,93.03,40,Salary,193502.4,13,Sales,Female,Single,8.0,21.0,Direct Deposit,No,14
1583,12101,58,Yes,74.29,40,Salary,154523.2,273,Human_Resources,Female,Divorced,9.0,20.0,Mailed Check,Yes,6
1944,12102,23,No,75.29,40,Salary,156603.2,68,InformationTechnology,Male,Single,15.5,19.0,Mailed Check,No,0
4447,12103,35,No,90.71,40,Salary,188676.8,251,Healthcare,Prefer Not to Answer,Single,4.0,22.0,Mailed Check,No,14
12335,12107,23,Yes,79.77,40,Salary,165921.59999999998,0,Marketing,Female,Divorced,15.5,22.0,Mailed Check,No,0
12291,12108,25,Yes,77.45,40,Salary,161096.0,424,Human Resources,Male,Married,3.0,8.0,Mailed Check,No,7
4473,12118,57,No,60.08,40,Salary,124966.4,239,InformationTechnology,Prefer Not to Answer,Single,7.0,5.0,Mailed Check,No,36
4010,12119,22,Yes,72.4,40,Salary,150592.0,195,Information_Technology,Prefer Not to Answer,Single,8.0,19.0,Mailed Check,Yes,0
953,12123,48,Yes,47.4,40,Salary,98592.0,309,HumanResources,Female,Divorced,9.0,9.0,Direct Deposit,No,7
3663,12125,43,Yes,62.68,40,Salary,130374.4,249,InformationTechnology,Prefer Not to Answer,Married,6.0,11.0,Mailed Check,No,0
304,12126,32,No,83.94,40,Salary,174595.19999999998,233,Healthcare,Female,Married,5.0,4.0,Mailed Check,No,12
4645,12128,30,No,56.48,40,Salary,117478.4,3,Sales,Prefer Not to Answer,Married,4.0,39.5,Direct Deposit,Yes,0
3627,12129,29,No,44.14,40,Salary,91811.2,170,Information_Technology,Prefer Not to Answer,Divorced,1.0,1.0,Mailed Check,Yes,8
2203,12130,21,No,50.96,40,Salary,105996.8,38,Research,Prefer Not to Answer,Married,8.0,13.0,Mailed Check,Yes,0
4403,12133,58,No,33.55,40,Salary,69784.0,19,Manufacturing,Male,Single,15.5,18.0,Mailed Check,No,17
1220,12135,32,No,47.54,40,Salary,98883.2,205,Human Resources,Male,Single,3.0,15.0,Mailed Check,No,0
1256,12141,57,Yes,84.05,40,Salary,174824.0,289,Information_Technology,Prefer Not to Answer,Single,2.0,16.0,Direct Deposit,No,34
3895,12142,29,No,72.82,40,Salary,151465.59999999998,289,Marketing,Female,Single,15.5,24.0,Direct Deposit,No,3
5555,12145,27,Yes,94.48,40,Salary,196518.40000000002,33,Healthcare,Prefer Not to Answer,Divorced,1.0,15.0,Direct Deposit,No,6
4780,12147,23,Yes,24.18,40,Salary,50294.4,320,Laboratory,Prefer Not to Answer,Single,4.0,17.0,Mailed Check,No,3
5814,12150,25,Yes,86.5,40,Salary,179920.0,62,Sales,Prefer Not to Answer,Divorced,2.0,21.0,Direct Deposit,Yes,2
4224,12152,63,No,39.18,40,Salary,81494.40000000001,429,Research,Prefer Not to Answer,Divorced,15.5,19.0,Mailed Check,No,37
4354,12156,23,Yes,69.51,40,Salary,144580.80000000002,483,Information_Technology,Female,Divorced,1.0,11.0,Mailed Check,Yes,2
2917,12158,23,Yes,61.35,40,Salary,127608.0,235,Information_Technology,Female,Divorced,1.0,6.0,Direct Deposit,No,17
2671,12159,44,No,18.08,40,Salary,37606.399999999994,9,HumanResources,Male,Divorced,9.0,12.0,Direct Deposit,No,11
12334,12160,47,No,77.84,40,Salary,161907.2,124,Human Resources,Prefer Not to Answer,Married,2.0,19.0,Direct Deposit,Yes,11
3904,12161,27,No,59.47,40,Salary,123697.6,175,Marketing,Male,Married,8.0,8.0,Mailed Check,No,2
1594,12163,22,No,34.04,40,Salary,70803.2,265,Manufacturing,Prefer Not to Answer,Divorced,8.0,23.0,Direct Deposit,Yes,0
12520,12166,49,No,28.67,40,Salary,59633.600000000006,277,HumanResources,Female,Divorced,7.0,15.0,Mailed Check,No,5
12233,12186,49,Yes,43.71,40,Salary,90916.8,34,Healthcare,Female,Divorced,7.0,23.0,Mailed Check,No,28
3164,12194,56,No,33.35,40,Salary,69368.0,340,Laboratory,Prefer Not to Answer,Divorced,5.0,3.0,Mailed Check,No,28
5401,12196,50,No,44.77,40,Salary,93121.6,46,Human_Resources,Female,Divorced,2.0,12.0,Direct Deposit,No,6
5621,12198,46,Yes,91.4,40,Salary,190112.0,144,Laboratory,Male,Single,5.0,11.0,Mailed Check,No,13
5703,12199,48,Yes,22.6,40,Salary,47008.0,186,Marketing,Female,Divorced,3.0,23.0,Direct Deposit,Yes,17
4719,12200,31,Yes,32.48,40,Salary,67558.4,451,Laboratory,Female,Divorced,7.0,4.0,Mailed Check,No,4
3231,12201,34,Yes,19.77,40,Salary,41121.6,480,InformationTechnology,Male,Married,1.0,18.0,Direct Deposit,No,11
1862,12207,36,No,87.61,40,Salary,182228.80000000002,482,Human_Resources,Prefer Not to Answer,Divorced,8.0,18.0,Direct Deposit,Yes,0
2273,12209,18,Yes,39.68,40,Salary,82534.40000000001,75,Manufacturing,Male,Divorced,3.0,13.0,Mailed Check,No,0
2576,12219,51,No,69.19,40,Salary,143915.19999999998,175,Manufacturing,Male,Divorced,6.0,12.0,Direct Deposit,No,17
4512,12221,41,Yes,31.4,40,Salary,65312.0,317,Research,Male,Married,15.5,39.5,Mailed Check,No,6
12476,12228,39,No,48.9,40,Salary,101712.0,150,Marketing,Female,Divorced,1.0,14.0,Mailed Check,No,2
51,12229,19,No,17.75,40,Salary,36920.0,326,Manufacturing,Female,Single,1.0,21.0,Mailed Check,No,0
3239,12234,20,Yes,58.44,40,Salary,121555.2,294,Information Technology,Prefer Not to Answer,Married,4.0,18.0,Direct Deposit,No,0
3071,12235,61,No,91.48,40,Salary,190278.40000000002,4,Manufacturing,Prefer Not to Answer,Single,15.5,4.0,Mailed Check,No,37
5274,12238,23,Yes,27.79,40,Salary,57803.2,349,Marketing,Female,Divorced,8.0,15.0,Direct Deposit,No,5
5216,12239,65,Yes,18.74,40,Salary,38979.2,464,Manufacturing,Male,Divorced,5.0,21.0,Direct Deposit,No,8
12417,12247,64,Yes,21.94,40,Salary,45635.200000000004,372,Information_Technology,Prefer Not to Answer,Married,7.0,11.0,Mailed Check,No,28
2737,12248,34,No,66.07,40,Salary,137425.59999999998,13,Information_Technology,Prefer Not to Answer,Single,1.0,24.0,Direct Deposit,Yes,16
13145,12258,19,Yes,91.37,40,Salary,190049.6,160,Manufacturing,Female,Divorced,3.0,18.0,Direct Deposit,Yes,0
4705,12260,27,No,98.56,40,Salary,205004.80000000002,68,Healthcare,Male,Single,3.0,7.0,Direct Deposit,No,17
3335,12262,64,Yes,30.64,40,Salary,63731.2,51,Information_Technology,Female,Single,6.0,2.0,Direct Deposit,Yes,37
5709,12263,19,Yes,18.02,40,Salary,37481.6,51,HumanResources,Male,Married,5.0,3.0,Direct Deposit,Yes,0
12528,12273,24,Yes,64.23,40,Salary,133598.40000000002,218,Information Technology,Female,Divorced,8.0,7.0,Direct Deposit,No,6
4504,12281,52,No,41.27,40,Salary,85841.6,359,Information Technology,Female,Single,7.0,3.0,Direct Deposit,Yes,16
589,12288,32,Yes,73.03,40,Salary,151902.4,282,Information_Technology,Male,Married,6.0,1.0,Mailed Check,No,0
2113,12289,33,Yes,88.95,40,Salary,185016.0,182,Research,Female,Single,8.0,17.0,Mailed Check,No,11
329,12292,19,Yes,33.21,40,Salary,69076.8,222,Information_Technology,Prefer Not to Answer,Married,5.0,6.0,Direct Deposit,Yes,0
4731,12294,19,Yes,88.71,40,Salary,184516.8,326,Human_Resources,Male,Single,1.0,11.0,Mailed Check,Yes,0
4424,12296,32,Yes,79.31,40,Salary,164964.80000000002,269,Human Resources,Prefer Not to Answer,Divorced,4.0,18.0,Mailed Check,No,4
1840,12297,47,Yes,18.17,40,Salary,37793.600000000006,314,HumanResources,Male,Single,5.0,1.0,Direct Deposit,No,13
5317,12299,27,Yes,44.87,40,Salary,93329.59999999999,251,HumanResources,Female,Divorced,7.0,14.0,Mailed Check,Yes,0
3339,12300,27,No,43.8,40,Salary,91104.0,223,Manufacturing,Male,Married,7.0,14.0,Mailed Check,No,0
4438,12301,63,Yes,70.62,40,Salary,146889.6,357,Marketing,Prefer Not to Answer,Single,5.0,23.0,Mailed Check,Yes,22
5471,12303,50,No,76.24,40,Salary,158579.19999999998,18,Laboratory,Male,Divorced,3.0,8.0,Mailed Check,Yes,4
12315,12304,62,Yes,88.91,40,Salary,184932.8,119,Research,Prefer Not to Answer,Divorced,2.0,19.0,Direct Deposit,No,19
5668,12306,48,No,70.15,40,Salary,145912.0,41,Human_Resources,Prefer Not to Answer,Divorced,6.0,8.0,Direct Deposit,No,16
2718,12312,35,Yes,42.85,40,Salary,89128.0,474,Laboratory,Female,Single,5.0,16.0,Direct Deposit,Yes,15
1367,12314,46,No,66.8,40,Salary,138944.0,220,Information Technology,Prefer Not to Answer,Single,4.0,9.0,Mailed Check,No,26
874,12315,20,Yes,25.94,40,Salary,53955.200000000004,72,Healthcare,Prefer Not to Answer,Married,9.0,3.0,Mailed Check,No,0
12611,12317,27,No,54.35,40,Salary,113048.0,168,Information Technology,Female,Divorced,15.5,12.0,Direct Deposit,No,7
1207,12323,51,No,31.49,40,Salary,65499.2,286,Marketing,Prefer Not to Answer,Divorced,8.0,39.5,Direct Deposit,No,14
5275,12338,64,Yes,94.97,40,Salary,197537.6,246,Healthcare,Prefer Not to Answer,Married,9.0,10.0,Mailed Check,No,11
978,12339,52,No,75.59,40,Salary,157227.2,212,Human_Resources,Female,Single,15.5,3.0,Direct Deposit,No,9
1582,12345,19,No,91.75,40,Salary,190840.0,321,Research,Prefer Not to Answer,Divorced,3.0,21.0,Mailed Check,No,0
1515,12346,38,No,26.78,40,Salary,55702.4,360,HumanResources,Male,Divorced,4.0,14.0,Direct Deposit,No,6
2378,12347,39,No,24.79,40,Salary,51563.2,435,Healthcare,Male,Single,9.0,18.0,Direct Deposit,No,0
4266,12349,19,No,38.35,40,Salary,79768.0,448,Marketing,Female,Married,5.0,2.0,Mailed Check,No,0
5934,12350,32,Yes,63.57,40,Salary,132225.6,213,InformationTechnology,Female,Married,1.0,3.0,Mailed Check,Yes,0
5420,12371,26,Yes,32.55,40,Salary,67704.0,142,Laboratory,Male,Married,15.5,13.0,Mailed Check,Yes,0
5356,12377,58,No,52.35,40,Salary,108888.0,63,Human Resources,Male,Married,2.0,18.0,Mailed Check,No,18
3118,12381,52,Yes,86.28,40,Salary,179462.4,178,Laboratory,Prefer Not to Answer,Married,6.0,39.5,Direct Deposit,No,6
2557,12390,30,No,70.87,40,Salary,147409.6,494,Manufacturing,Female,Single,5.0,25.0,Direct Deposit,Yes,7
155,12393,45,Yes,34.35,40,Salary,71448.0,29,Sales,Male,Divorced,7.0,1.0,Direct Deposit,No,20
12688,12398,52,No,69.93,40,Salary,145454.40000000002,165,Research,Prefer Not to Answer,Married,4.0,25.0,Direct Deposit,Yes,10
13188,12400,35,No,63.68,40,Salary,132454.4,31,Information Technology,Prefer Not to Answer,Divorced,5.0,15.0,Mailed Check,No,1
2438,12402,57,Yes,39.06,40,Salary,81244.8,229,Healthcare,Female,Divorced,7.0,5.0,Mailed Check,No,4
4859,12412,30,No,71.13,40,Salary,147950.4,286,Information Technology,Male,Divorced,8.0,6.0,Direct Deposit,No,2
1178,12413,58,No,53.4,40,Salary,111072.0,220,HumanResources,Prefer Not to Answer,Divorced,1.0,6.0,Mailed Check,No,3
12033,12419,56,Yes,54.23,40,Salary,112798.4,489,Human Resources,Female,Married,2.0,7.0,Direct Deposit,Yes,30
5143,12420,53,Yes,44.8,40,Salary,93184.0,16,Research,Male,Married,15.5,12.0,Direct Deposit,No,31
2297,12423,32,No,56.68,40,Salary,117894.4,29,Human_Resources,Male,Single,6.0,17.0,Direct Deposit,No,12
3633,12424,60,No,38.08,40,Salary,79206.4,305,Research,Male,Divorced,5.0,24.0,Mailed Check,No,5
4846,12426,61,Yes,62.74,40,Salary,130499.2,430,Healthcare,Prefer Not to Answer,Divorced,3.0,15.0,Mailed Check,Yes,23
12152,12427,31,No,56.77,40,Salary,118081.6,376,InformationTechnology,Female,Single,2.0,22.0,Mailed Check,No,0
5152,12429,51,No,95.17,40,Salary,197953.6,218,Manufacturing,Male,Single,1.0,8.0,Mailed Check,Yes,5
5984,12430,52,Yes,71.41,40,Salary,148532.8,282,Marketing,Prefer Not to Answer,Single,6.0,19.0,Mailed Check,No,16
3313,12433,45,No,28.38,40,Salary,59030.4,369,Research,Male,Divorced,4.0,13.0,Mailed Check,No,19
5234,12436,25,No,30.6,40,Salary,63648.0,202,Manufacturing,Female,Married,4.0,11.0,Direct Deposit,No,0
1550,12437,32,Yes,59.85,40,Salary,124488.0,132,Information_Technology,Male,Single,3.0,19.0,Mailed Check,No,10
2229,12438,61,No,58.85,40,Salary,122408.0,241,Manufacturing,Prefer Not to Answer,Single,8.0,14.0,Direct Deposit,Yes,15
2436,12441,32,Yes,21.91,40,Salary,45572.799999999996,132,Information Technology,Male,Single,3.0,6.0,Direct Deposit,Yes,0
5624,12448,31,Yes,92.33,40,Salary,192046.4,297,HumanResources,Female,Divorced,6.0,8.0,Direct Deposit,Yes,8
3358,12452,29,Yes,40.08,40,Salary,83366.4,173,Human Resources,Prefer Not to Answer,Divorced,4.0,5.0,Direct Deposit,No,3
5285,12459,55,Yes,58.33,40,Salary,121326.4,186,Research,Male,Divorced,5.0,13.0,Mailed Check,Yes,26
106,12464,60,No,20.94,40,Salary,43555.200000000004,386,Healthcare,Prefer Not to Answer,Divorced,7.0,9.0,Mailed Check,No,32
5682,12466,58,Yes,54.42,40,Salary,113193.6,122,Information Technology,Prefer Not to Answer,Single,1.0,24.0,Mailed Check,No,16
12646,12468,29,No,58.0,40,Salary,120640.0,52,Information Technology,Female,Divorced,7.0,2.0,Mailed Check,No,5
5407,12471,62,No,77.27,40,Salary,160721.59999999998,468,Manufacturing,Prefer Not to Answer,Divorced,15.5,13.0,Mailed Check,No,36
12700,12478,54,No,35.84,40,Salary,74547.20000000001,175,Laboratory,Male,Married,6.0,23.0,Direct Deposit,Yes,5
5113,12480,23,No,19.32,40,Salary,40185.6,22,Laboratory,Male,Divorced,5.0,39.5,Mailed Check,No,0
3547,12481,36,No,33.83,40,Salary,70366.4,446,HumanResources,Female,Divorced,3.0,15.0,Mailed Check,No,5
3584,12489,25,Yes,61.63,40,Salary,128190.40000000001,135,Human Resources,Female,Divorced,2.0,8.0,Mailed Check,No,7
577,12490,59,No,46.21,40,Salary,96116.8,306,Healthcare,Female,Married,7.0,22.0,Direct Deposit,No,16
618,12491,61,Yes,63.61,40,Salary,132308.80000000002,68,InformationTechnology,Prefer Not to Answer,Divorced,8.0,5.0,Mailed Check,Yes,37
2274,12493,24,No,55.45,40,Salary,115336.0,474,Marketing,Prefer Not to Answer,Single,15.5,23.0,Mailed Check,Yes,0
291,12496,30,Yes,82.97,40,Salary,172577.6,105,Research,Male,Divorced,2.0,23.0,Direct Deposit,No,12
375,12498,59,No,76.05,40,Salary,158184.0,55,Research,Prefer Not to Answer,Single,7.0,8.0,Mailed Check,No,17
2496,12499,29,No,28.75,40,Salary,59800.0,215,Human Resources,Prefer Not to Answer,Married,9.0,10.0,Mailed Check,No,3
12774,12502,63,Yes,25.12,40,Salary,52249.600000000006,363,Healthcare,Prefer Not to Answer,Divorced,5.0,9.0,Mailed Check,No,24
5970,12506,48,No,33.27,40,Salary,69201.6,179,Research,Prefer Not to Answer,Single,1.0,24.0,Direct Deposit,No,9
4867,12507,44,No,31.06,40,Salary,64604.799999999996,332,Human Resources,Female,Single,7.0,19.0,Direct Deposit,No,5
475,12512,64,No,83.45,40,Salary,173576.0,442,Research,Male,Married,2.0,24.0,Direct Deposit,Yes,37
4032,12519,31,No,78.65,40,Salary,163592.0,235,Healthcare,Male,Single,6.0,10.0,Direct Deposit,No,0
3142,12521,20,Yes,28.61,40,Salary,59508.8,217,Marketing,Female,Married,2.0,14.0,Mailed Check,Yes,0
3482,12522,39,No,20.95,40,Salary,43576.0,291,Human_Resources,Male,Single,7.0,39.5,Direct Deposit,No,0
12170,12529,23,Yes,66.28,40,Salary,137862.4,101,Information Technology,Prefer Not to Answer,Married,9.0,21.0,Direct Deposit,Yes,0
12012,12534,25,No,86.37,40,Salary,179649.6,6,InformationTechnology,Male,Divorced,15.5,17.0,Mailed Check,No,0
5570,12537,22,Yes,74.04,40,Salary,154003.2,62,Human_Resources,Prefer Not to Answer,Single,1.0,20.0,Mailed Check,No,9
12790,12546,47,No,48.99,40,Salary,101899.20000000001,195,Sales,Male,Married,7.0,5.0,Mailed Check,No,2
13159,12547,57,No,95.74,40,Salary,199139.19999999998,387,Human Resources,Male,Married,5.0,20.0,Mailed Check,No,19
653,12549,64,Yes,48.44,40,Salary,100755.2,192,Sales,Female,Single,4.0,5.0,Mailed Check,Yes,23
4192,12551,22,Yes,40.48,40,Salary,84198.4,233,Human Resources,Male,Single,9.0,8.0,Mailed Check,Yes,0
654,12553,62,Yes,87.03,40,Salary,181022.4,189,Information Technology,Female,Married,2.0,10.0,Mailed Check,No,10
79,12554,63,No,86.9,40,Salary,180752.0,218,Manufacturing,Male,Divorced,8.0,12.0,Mailed Check,No,37
3205,12559,31,No,91.84,40,Salary,191027.2,427,Human_Resources,Female,Single,15.5,2.0,Mailed Check,No,12
2101,12569,57,Yes,70.59,40,Salary,146827.2,30,Research,Female,Single,2.0,8.0,Mailed Check,No,15
5515,12575,40,Yes,48.46,40,Salary,100796.8,117,Healthcare,Male,Married,3.0,16.0,Mailed Check,Yes,17
3846,12580,19,Yes,22.45,40,Salary,46696.0,307,Information Technology,Female,Divorced,1.0,14.0,Mailed Check,No,0
3602,12587,23,Yes,24.83,40,Salary,51646.399999999994,74,Marketing,Female,Divorced,8.0,10.0,Mailed Check,Yes,0
13184,12589,63,No,91.22,40,Salary,189737.6,496,Human Resources,Prefer Not to Answer,Single,9.0,22.0,Mailed Check,No,9
5887,12593,24,Yes,61.63,40,Salary,128190.40000000001,326,Information Technology,Male,Single,4.0,5.0,Direct Deposit,No,13
5640,12596,29,Yes,75.95,40,Salary,157976.0,451,Marketing,Female,Single,1.0,24.0,Direct Deposit,No,13
1598,12608,63,No,18.05,40,Salary,37544.0,16,Marketing,Prefer Not to Answer,Single,1.0,17.0,Mailed Check,No,20
5598,12614,27,No,95.16,40,Salary,197932.8,303,Human Resources,Prefer Not to Answer,Married,1.0,14.0,Direct Deposit,No,14
12385,12619,42,No,92.06,40,Salary,191484.80000000002,72,Research,Male,Divorced,8.0,23.0,Mailed Check,Yes,6
12701,12621,39,No,89.76,40,Salary,186700.80000000002,279,Research,Female,Divorced,5.0,39.5,Direct Deposit,No,12
3494,12629,28,No,89.81,40,Salary,186804.80000000002,92,Information_Technology,Female,Divorced,4.0,17.0,Mailed Check,No,11
12674,12630,27,Yes,76.23,40,Salary,158558.40000000002,443,HumanResources,Female,Divorced,5.0,6.0,Direct Deposit,No,7
12672,12632,48,Yes,77.34,40,Salary,160867.2,180,InformationTechnology,Prefer Not to Answer,Single,3.0,1.0,Mailed Check,No,9
3263,12634,35,Yes,28.46,40,Salary,59196.8,423,Human Resources,Prefer Not to Answer,Married,2.0,24.0,Direct Deposit,Yes,15
5575,12638,23,Yes,98.17,40,Salary,204193.6,81,Laboratory,Female,Divorced,5.0,3.0,Mailed Check,No,10
2622,12641,55,Yes,17.61,40,Salary,36628.799999999996,227,HumanResources,Male,Single,7.0,4.0,Direct Deposit,Yes,2
3963,12666,50,Yes,17.91,40,Salary,37252.799999999996,56,Manufacturing,Male,Divorced,6.0,24.0,Mailed Check,No,9
12023,12675,54,No,51.74,40,Salary,107619.2,171,Sales,Prefer Not to Answer,Single,1.0,16.0,Mailed Check,No,22
4903,12677,28,Yes,42.6,40,Salary,88608.0,116,Research,Prefer Not to Answer,Divorced,4.0,20.0,Direct Deposit,Yes,2
12121,12684,43,No,71.87,40,Salary,149489.6,267,Sales,Male,Married,9.0,23.0,Mailed Check,No,16
5940,12687,60,Yes,36.71,40,Salary,76356.8,95,Marketing,Prefer Not to Answer,Married,9.0,1.0,Mailed Check,Yes,35
4406,12688,42,No,24.36,40,Salary,50668.799999999996,284,Manufacturing,Prefer Not to Answer,Married,8.0,9.0,Mailed Check,No,15
3150,12689,24,No,27.27,40,Salary,56721.6,55,Laboratory,Male,Married,6.0,39.5,Mailed Check,No,14
2863,12692,31,Yes,20.51,40,Salary,42660.8,262,Laboratory,Female,Divorced,4.0,22.0,Mailed Check,Yes,0
5300,12693,44,Yes,90.35,40,Salary,187928.0,232,Information Technology,Prefer Not to Answer,Single,8.0,1.0,Direct Deposit,No,0
3090,12694,31,Yes,43.25,40,Salary,89960.0,75,InformationTechnology,Prefer Not to Answer,Married,3.0,7.0,Mailed Check,Yes,0
2999,12701,29,Yes,84.53,40,Salary,175822.4,275,Human_Resources,Male,Single,1.0,18.0,Mailed Check,No,10
3085,12709,22,No,17.92,40,Salary,37273.600000000006,284,Information Technology,Male,Single,2.0,15.0,Direct Deposit,No,0
5860,12712,31,No,18.78,40,Salary,39062.4,18,Research,Prefer Not to Answer,Married,3.0,7.0,Direct Deposit,Yes,15
5436,12717,42,Yes,49.32,40,Salary,102585.59999999999,440,Laboratory,Prefer Not to Answer,Single,2.0,6.0,Mailed Check,No,20
12711,12723,39,No,68.17,40,Salary,141793.6,77,HumanResources,Female,Divorced,1.0,39.5,Mailed Check,No,16
5723,12732,53,No,82.4,40,Salary,171392.0,122,Human_Resources,Prefer Not to Answer,Single,4.0,13.0,Mailed Check,No,12
12135,12733,28,No,62.12,40,Salary,129209.59999999999,367,Sales,Male,Single,15.5,4.0,Direct Deposit,No,1
5536,12734,52,No,35.39,40,Salary,73611.2,179,HumanResources,Male,Divorced,5.0,20.0,Direct Deposit,No,18
5939,12736,31,Yes,72.59,40,Salary,150987.2,437,Research,Female,Single,3.0,15.0,Mailed Check,No,0
2152,12737,21,No,94.61,40,Salary,196788.80000000002,436,HumanResources,Female,Divorced,2.0,25.0,Direct Deposit,No,0
1850,12738,49,Yes,75.47,40,Salary,156977.6,155,Information Technology,Prefer Not to Answer,Single,4.0,16.0,Mailed Check,No,22
1886,12739,32,No,49.84,40,Salary,103667.20000000001,362,Healthcare,Female,Divorced,15.5,39.5,Mailed Check,No,0
1062,12740,37,Yes,76.17,40,Salary,158433.6,194,Marketing,Prefer Not to Answer,Single,5.0,7.0,Mailed Check,Yes,10
3815,12743,25,No,55.58,40,Salary,115606.4,144,Marketing,Female,Single,5.0,8.0,Direct Deposit,No,0
2805,12745,19,No,57.29,40,Salary,119163.2,175,Human Resources,Prefer Not to Answer,Divorced,4.0,21.0,Mailed Check,Yes,0
1245,12746,60,Yes,43.14,40,Salary,89731.2,473,InformationTechnology,Prefer Not to Answer,Divorced,4.0,13.0,Direct Deposit,No,15
188,12747,46,No,40.33,40,Salary,83886.4,193,InformationTechnology,Male,Married,9.0,1.0,Mailed Check,No,18
2652,12749,52,No,34.31,40,Salary,71364.8,181,Human_Resources,Prefer Not to Answer,Single,8.0,17.0,Mailed Check,No,9
4049,12758,29,No,91.45,40,Salary,190216.0,32,Laboratory,Male,Single,15.5,10.0,Mailed Check,No,0
4013,12766,47,Yes,45.8,40,Salary,95264.0,36,Healthcare,Male,Divorced,3.0,14.0,Mailed Check,Yes,2
1645,12767,22,No,90.5,40,Salary,188240.0,453,Information_Technology,Male,Divorced,1.0,25.0,Mailed Check,Yes,0
12198,12768,55,No,18.02,40,Salary,37481.6,151,Manufacturing,Female,Single,5.0,9.0,Mailed Check,No,30
3556,12773,65,No,79.58,40,Salary,165526.4,342,Information Technology,Female,Single,6.0,2.0,Mailed Check,No,16
12015,12775,61,Yes,75.64,40,Salary,157331.19999999998,33,Human_Resources,Female,Divorced,7.0,6.0,Direct Deposit,No,5
5085,12776,32,No,37.66,40,Salary,78332.79999999999,80,Healthcare,Male,Married,15.5,10.0,Mailed Check,Yes,0
977,12781,38,No,83.33,40,Salary,173326.4,298,Sales,Prefer Not to Answer,Single,4.0,6.0,Direct Deposit,No,0
2582,12785,59,Yes,80.1,40,Salary,166608.0,276,Research,Prefer Not to Answer,Divorced,8.0,7.0,Direct Deposit,No,13
3601,12796,53,Yes,70.69,40,Salary,147035.19999999998,429,HumanResources,Female,Single,6.0,15.0,Direct Deposit,Yes,4
12336,12797,37,No,66.36,40,Salary,138028.80000000002,363,Human Resources,Prefer Not to Answer,Married,15.5,39.5,Mailed Check,No,1
388,12799,54,No,20.51,40,Salary,42660.8,4,Human Resources,Female,Married,9.0,21.0,Mailed Check,Yes,3
12329,12801,20,Yes,34.61,40,Salary,71988.8,243,Information_Technology,Female,Single,5.0,7.0,Direct Deposit,Yes,0
3073,12803,49,Yes,99.05,40,Salary,206024.0,275,Marketing,Female,Divorced,2.0,22.0,Mailed Check,No,5
4606,12804,37,No,93.29,40,Salary,194043.2,258,Laboratory,Prefer Not to Answer,Married,6.0,9.0,Mailed Check,No,11
3484,12806,38,Yes,88.48,40,Salary,184038.40000000002,150,Healthcare,Male,Single,2.0,23.0,Mailed Check,No,0
1341,12808,55,Yes,17.5,40,Salary,36400.0,185,HumanResources,Male,Divorced,7.0,9.0,Mailed Check,Yes,13
5773,12812,43,No,20.17,40,Salary,41953.600000000006,240,Sales,Male,Single,15.5,9.0,Direct Deposit,No,12
5680,12816,56,No,30.31,40,Salary,63044.799999999996,222,Sales,Prefer Not to Answer,Single,6.0,23.0,Direct Deposit,No,14
5967,12819,35,Yes,43.98,40,Salary,91478.4,428,Sales,Female,Married,6.0,3.0,Mailed Check,No,0
5362,12820,40,Yes,23.53,40,Salary,48942.4,335,HumanResources,Male,Single,3.0,18.0,Mailed Check,Yes,8
12503,12822,43,Yes,72.12,40,Salary,150009.6,363,Information Technology,Female,Divorced,7.0,19.0,Mailed Check,Yes,13
5540,12823,60,Yes,61.76,40,Salary,128460.8,55,Human_Resources,Male,Divorced,9.0,15.0,Mailed Check,No,33
12290,12832,52,No,97.87,40,Salary,203569.6,302,Research,Female,Single,3.0,24.0,Mailed Check,No,25
5229,12833,26,Yes,38.42,40,Salary,79913.6,149,HumanResources,Prefer Not to Answer,Single,5.0,22.0,Direct Deposit,Yes,1
931,12836,48,No,74.31,40,Salary,154564.80000000002,3,Healthcare,Female,Divorced,4.0,11.0,Direct Deposit,No,9
4168,12838,56,No,85.15,40,Salary,177112.0,326,Information Technology,Prefer Not to Answer,Single,2.0,18.0,Direct Deposit,Yes,13
1677,12839,56,No,63.12,40,Salary,131289.59999999998,104,Information Technology,Prefer Not to Answer,Divorced,15.5,11.0,Direct Deposit,No,29
4219,12843,28,No,62.49,40,Salary,129979.2,297,Information Technology,Female,Divorced,7.0,25.0,Direct Deposit,Yes,7
2409,12854,65,Yes,30.57,40,Salary,63585.6,119,Information Technology,Prefer Not to Answer,Married,3.0,1.0,Mailed Check,No,10
3294,12859,41,Yes,70.98,40,Salary,147638.40000000002,28,Manufacturing,Prefer Not to Answer,Divorced,1.0,8.0,Mailed Check,No,0
4601,12860,35,No,61.51,40,Salary,127940.8,52,Healthcare,Prefer Not to Answer,Single,15.5,7.0,Direct Deposit,Yes,3
4730,12866,64,No,34.02,40,Salary,70761.6,219,HumanResources,Prefer Not to Answer,Married,6.0,16.0,Direct Deposit,No,14
2545,12867,47,Yes,97.82,40,Salary,203465.59999999998,179,Human_Resources,Male,Divorced,1.0,24.0,Mailed Check,Yes,29
3764,12869,55,No,68.54,40,Salary,142563.2,231,Human_Resources,Male,Single,15.5,19.0,Direct Deposit,Yes,16
455,12872,21,Yes,56.79,40,Salary,118123.2,235,Sales,Female,Divorced,15.5,22.0,Mailed Check,No,0
12702,12873,21,No,59.36,40,Salary,123468.8,331,Information Technology,Prefer Not to Answer,Divorced,7.0,6.0,Direct Deposit,No,0
3723,12884,18,No,70.8,40,Salary,147264.0,311,Information Technology,Female,Single,15.5,2.0,Mailed Check,Yes,11
1111,12887,56,No,84.63,40,Salary,176030.4,468,Manufacturing,Female,Married,6.0,22.0,Direct Deposit,Yes,24
12210,12895,61,No,83.16,40,Salary,172972.8,144,Manufacturing,Male,Single,7.0,39.5,Direct Deposit,No,37
4832,12896,48,Yes,20.08,40,Salary,41766.399999999994,260,Laboratory,Female,Divorced,4.0,2.0,Mailed Check,No,14
1931,12897,37,Yes,57.29,40,Salary,119163.2,72,Laboratory,Female,Single,6.0,6.0,Direct Deposit,No,0
2699,12898,47,No,49.98,40,Salary,103958.4,173,Sales,Male,Divorced,15.5,14.0,Direct Deposit,No,23
5456,12900,24,No,84.9,40,Salary,176592.0,384,Information Technology,Male,Single,1.0,1.0,Mailed Check,No,0
12221,12901,18,Yes,19.1,40,Salary,39728.0,292,Sales,Female,Divorced,6.0,8.0,Direct Deposit,No,12
1661,12907,57,No,92.22,40,Salary,191817.6,469,HumanResources,Female,Divorced,9.0,7.0,Mailed Check,No,33
2087,12911,65,Yes,49.11,40,Salary,102148.8,394,Information_Technology,Female,Married,7.0,19.0,Mailed Check,Yes,37
70,12915,39,No,75.38,40,Salary,156790.4,272,Information Technology,Female,Divorced,4.0,3.0,Mailed Check,No,7
1579,12926,55,Yes,28.56,40,Salary,59404.799999999996,276,Information_Technology,Prefer Not to Answer,Married,4.0,1.0,Direct Deposit,Yes,35
5269,12932,24,Yes,27.15,40,Salary,56472.0,296,Human_Resources,Prefer Not to Answer,Married,15.5,1.0,Direct Deposit,No,16
5432,12935,21,No,97.04,40,Salary,201843.2,317,Information Technology,Female,Divorced,2.0,24.0,Direct Deposit,No,15
3589,12937,58,Yes,57.44,40,Salary,119475.2,122,Information Technology,Female,Married,4.0,3.0,Mailed Check,No,13
174,12941,32,No,33.38,40,Salary,69430.40000000001,370,Human Resources,Female,Married,3.0,5.0,Direct Deposit,No,6
3782,12945,34,No,47.4,40,Salary,98592.0,380,Human Resources,Female,Married,7.0,10.0,Direct Deposit,No,15
3599,12949,47,Yes,40.35,40,Salary,83928.0,487,Information_Technology,Male,Married,5.0,10.0,Direct Deposit,No,16
433,12952,20,Yes,52.19,40,Salary,108555.2,487,Healthcare,Prefer Not to Answer,Divorced,3.0,16.0,Direct Deposit,No,13
4087,12954,38,Yes,24.8,40,Salary,51584.0,68,Information Technology,Male,Divorced,4.0,17.0,Mailed Check,No,11
4256,12955,55,Yes,68.3,40,Salary,142064.0,315,Manufacturing,Male,Married,15.5,20.0,Mailed Check,No,10
678,12958,26,Yes,93.64,40,Salary,194771.19999999998,248,Information Technology,Female,Single,9.0,8.0,Direct Deposit,No,3
4713,12961,59,Yes,28.61,40,Salary,59508.8,347,InformationTechnology,Female,Married,4.0,20.0,Mailed Check,No,33
4514,12962,62,No,39.12,40,Salary,81369.59999999999,71,Sales,Male,Single,2.0,15.0,Mailed Check,No,37
1450,12963,53,No,32.32,40,Salary,67225.59999999999,372,Human Resources,Prefer Not to Answer,Divorced,3.0,2.0,Direct Deposit,Yes,35
1217,12964,23,No,53.19,40,Salary,110635.2,315,Information Technology,Prefer Not to Answer,Married,7.0,15.0,Direct Deposit,No,2
1559,12966,50,Yes,31.59,40,Salary,65707.2,314,Healthcare,Prefer Not to Answer,Married,15.5,13.0,Direct Deposit,No,25
3757,12971,57,No,67.99,40,Salary,141419.19999999998,466,Human_Resources,Prefer Not to Answer,Divorced,2.0,39.5,Mailed Check,Yes,27
3252,12975,21,Yes,42.57,40,Salary,88545.59999999999,363,Manufacturing,Male,Married,9.0,7.0,Mailed Check,Yes,3
2391,12979,60,No,86.49,40,Salary,179899.19999999998,333,Information_Technology,Female,Single,8.0,5.0,Mailed Check,No,12
861,12980,58,No,88.78,40,Salary,184662.4,287,Healthcare,Prefer Not to Answer,Single,9.0,7.0,Mailed Check,Yes,34
2196,12983,23,Yes,20.04,40,Salary,41683.2,134,Manufacturing,Prefer Not to Answer,Married,8.0,7.0,Mailed Check,No,0
12673,12984,35,No,35.67,40,Salary,74193.6,53,Information_Technology,Female,Single,8.0,39.5,Mailed Check,No,14
2762,12985,47,Yes,56.24,40,Salary,116979.2,134,Sales,Prefer Not to Answer,Single,15.5,24.0,Direct Deposit,Yes,18
3045,12990,45,Yes,75.99,40,Salary,158059.19999999998,149,Marketing,Prefer Not to Answer,Divorced,2.0,17.0,Direct Deposit,No,1
498,12998,43,Yes,94.22,40,Salary,195977.6,154,Information Technology,Prefer Not to Answer,Divorced,3.0,7.0,Direct Deposit,Yes,21
278,12999,27,No,47.89,40,Salary,99611.2,68,Human Resources,Prefer Not to Answer,Single,15.5,12.0,Mailed Check,No,2
53,13001,33,No,87.9,40,Salary,182832.0,86,Information Technology,Prefer Not to Answer,Divorced,5.0,23.0,Direct Deposit,Yes,1
2921,13004,45,No,90.43,40,Salary,188094.40000000002,137,Marketing,Female,Married,4.0,5.0,Mailed Check,No,3
65,13008,28,Yes,47.2,40,Salary,98176.0,207,HumanResources,Female,Married,5.0,8.0,Mailed Check,No,7
4021,13009,61,No,33.46,40,Salary,69596.8,22,Marketing,Prefer Not to Answer,Married,15.5,14.0,Mailed Check,Yes,28
321,13010,21,No,39.99,40,Salary,83179.20000000001,352,Laboratory,Female,Single,1.0,14.0,Mailed Check,No,0
2849,13011,47,No,69.82,40,Salary,145225.59999999998,477,Human Resources,Prefer Not to Answer,Single,15.5,11.0,Direct Deposit,No,13
4222,13012,49,No,18.45,40,Salary,38376.0,208,Information Technology,Prefer Not to Answer,Divorced,6.0,16.0,Direct Deposit,Yes,10
178,13014,49,No,87.65,40,Salary,182312.0,31,HumanResources,Female,Single,2.0,20.0,Mailed Check,Yes,26
576,13015,42,No,96.82,40,Salary,201385.59999999998,91,Information Technology,Prefer Not to Answer,Single,3.0,39.5,Direct Deposit,Yes,11
4297,13018,23,No,34.75,40,Salary,72280.0,450,Information_Technology,Female,Single,2.0,17.0,Direct Deposit,No,4
4923,13019,55,No,33.15,40,Salary,68952.0,102,Healthcare,Prefer Not to Answer,Divorced,15.5,13.0,Mailed Check,No,17
995,13027,46,No,81.41,40,Salary,169332.8,327,Marketing,Female,Married,8.0,10.0,Mailed Check,Yes,19
3163,13030,53,No,63.27,40,Salary,131601.6,167,InformationTechnology,Prefer Not to Answer,Married,2.0,1.0,Direct Deposit,No,15
4482,13032,64,No,51.83,40,Salary,107806.4,243,Laboratory,Female,Single,8.0,11.0,Mailed Check,No,12
12040,13036,55,No,64.51,40,Salary,134180.80000000002,458,Manufacturing,Male,Single,3.0,17.0,Direct Deposit,No,11
12391,13040,46,No,33.33,40,Salary,69326.4,306,Healthcare,Female,Divorced,15.5,8.0,Mailed Check,Yes,17
5057,13041,20,No,25.26,40,Salary,52540.8,338,Marketing,Prefer Not to Answer,Single,8.0,2.0,Direct Deposit,Yes,5
550,13042,21,No,87.88,40,Salary,182790.4,81,HumanResources,Female,Married,3.0,8.0,Direct Deposit,No,2
5727,13044,40,No,40.09,40,Salary,83387.20000000001,253,Healthcare,Male,Married,6.0,4.0,Mailed Check,No,12
2330,13045,52,Yes,18.7,40,Salary,38896.0,40,Human Resources,Prefer Not to Answer,Divorced,3.0,8.0,Direct Deposit,No,8
4395,13046,25,No,70.17,40,Salary,145953.6,155,Marketing,Male,Married,8.0,4.0,Direct Deposit,No,0
12460,13048,35,No,70.33,40,Salary,146286.4,405,Human_Resources,Female,Married,8.0,2.0,Direct Deposit,No,15
1633,13053,60,No,24.07,40,Salary,50065.6,394,HumanResources,Male,Divorced,7.0,11.0,Direct Deposit,No,23
5414,13054,56,Yes,88.91,40,Salary,184932.8,461,Laboratory,Female,Single,3.0,20.0,Mailed Check,Yes,6
5582,13055,42,No,19.03,40,Salary,39582.4,124,InformationTechnology,Male,Divorced,3.0,8.0,Mailed Check,No,15
1980,13057,30,No,38.42,40,Salary,79913.6,108,Research,Male,Married,15.5,18.0,Direct Deposit,No,6
2,13058,49,No,80.83,40,Salary,168126.4,343,Sales,Male,Single,3.0,20.0,Direct Deposit,Yes,8
2965,13061,33,No,18.67,40,Salary,38833.600000000006,234,Information_Technology,Male,Divorced,3.0,10.0,Direct Deposit,Yes,0
12769,13069,19,No,71.17,40,Salary,148033.6,266,Manufacturing,Female,Divorced,2.0,11.0,Mailed Check,No,6
1846,13070,46,Yes,80.65,40,Salary,167752.0,336,Human Resources,Prefer Not to Answer,Single,9.0,14.0,Direct Deposit,No,6
1810,13071,41,Yes,99.9,40,Salary,207792.0,220,Laboratory,Female,Divorced,2.0,4.0,Mailed Check,No,20
4414,13073,47,Yes,44.9,40,Salary,93392.0,403,Sales,Prefer Not to Answer,Single,15.5,5.0,Direct Deposit,No,28
2627,13080,29,No,82.64,40,Salary,171891.19999999998,319,HumanResources,Male,Divorced,6.0,19.0,Mailed Check,No,0
5443,13081,21,No,40.95,40,Salary,85176.0,152,Information Technology,Female,Married,6.0,25.0,Mailed Check,No,9
2443,13087,63,No,77.57,40,Salary,161345.59999999998,480,Marketing,Male,Divorced,8.0,13.0,Direct Deposit,No,9
4553,13091,48,No,83.12,40,Salary,172889.6,477,Marketing,Female,Divorced,3.0,16.0,Mailed Check,Yes,14
825,13094,26,No,39.5,40,Salary,82160.0,437,Manufacturing,Male,Divorced,15.5,14.0,Direct Deposit,Yes,0
836,13099,62,Yes,29.32,40,Salary,60985.6,85,Marketing,Female,Single,15.5,2.0,Direct Deposit,No,16
3064,13100,41,No,21.72,40,Salary,45177.6,449,HumanResources,Male,Single,4.0,7.0,Direct Deposit,No,3
3253,13101,20,Yes,19.69,40,Salary,40955.200000000004,375,InformationTechnology,Prefer Not to Answer,Divorced,1.0,24.0,Mailed Check,No,0
1120,13102,37,No,30.93,40,Salary,64334.4,427,Laboratory,Prefer Not to Answer,Divorced,6.0,24.0,Mailed Check,Yes,0
3857,13103,57,No,78.38,40,Salary,163030.4,82,Healthcare,Prefer Not to Answer,Divorced,1.0,13.0,Direct Deposit,Yes,14
521,13113,62,No,26.11,40,Salary,54308.8,38,Laboratory,Male,Divorced,8.0,14.0,Direct Deposit,No,4
419,13115,40,No,22.44,40,Salary,46675.200000000004,374,InformationTechnology,Female,Single,8.0,9.0,Mailed Check,No,19
12436,13121,19,Yes,57.28,40,Salary,119142.4,15,Human_Resources,Prefer Not to Answer,Married,1.0,3.0,Mailed Check,No,0
12579,13123,58,Yes,97.07,40,Salary,201905.59999999998,132,InformationTechnology,Male,Married,4.0,1.0,Mailed Check,No,18
12755,13125,32,Yes,29.91,40,Salary,62212.8,198,Healthcare,Female,Married,7.0,19.0,Mailed Check,No,12
5365,13128,26,Yes,39.93,40,Salary,83054.40000000001,380,Human_Resources,Male,Single,1.0,17.0,Mailed Check,No,7
854,13134,31,No,22.03,40,Salary,45822.4,456,InformationTechnology,Female,Single,2.0,21.0,Direct Deposit,No,5
4183,13136,42,No,77.5,40,Salary,161200.0,270,Manufacturing,Male,Single,2.0,14.0,Mailed Check,No,16
12300,13137,20,No,95.54,40,Salary,198723.2,286,Healthcare,Male,Married,7.0,25.0,Direct Deposit,No,3
3480,13138,27,No,82.18,40,Salary,170934.40000000002,26,Sales,Male,Single,5.0,25.0,Direct Deposit,No,0
5838,13144,49,No,87.96,40,Salary,182956.8,196,Human Resources,Male,Single,4.0,39.5,Mailed Check,No,15
4904,13150,28,No,81.59,40,Salary,169707.2,235,Human Resources,Prefer Not to Answer,Single,4.0,6.0,Mailed Check,No,0
5551,13153,24,No,80.98,40,Salary,168438.40000000002,99,Human Resources,Female,Divorced,6.0,5.0,Mailed Check,No,3
4752,13154,31,Yes,40.6,40,Salary,84448.0,451,Healthcare,Male,Married,3.0,22.0,Direct Deposit,No,7
1650,13155,47,Yes,95.34,40,Salary,198307.2,446,InformationTechnology,Male,Divorced,15.5,4.0,Mailed Check,No,14
308,13158,45,No,50.2,40,Salary,104416.0,27,Manufacturing,Female,Single,1.0,7.0,Mailed Check,No,7
5019,13160,52,No,81.44,40,Salary,169395.19999999998,237,Manufacturing,Female,Single,6.0,12.0,Mailed Check,No,13
1143,13164,27,No,23.12,40,Salary,48089.600000000006,101,Marketing,Male,Single,7.0,7.0,Mailed Check,No,4
3788,13168,39,No,50.53,40,Salary,105102.40000000001,82,Research,Male,Single,15.5,4.0,Mailed Check,No,18
2827,13169,34,No,42.32,40,Salary,88025.59999999999,17,Human_Resources,Female,Divorced,7.0,14.0,Mailed Check,No,5
5569,13174,23,Yes,55.21,40,Salary,114836.8,251,Human Resources,Female,Married,7.0,20.0,Direct Deposit,No,0
1255,13178,56,No,77.91,40,Salary,162052.8,175,Healthcare,Prefer Not to Answer,Divorced,2.0,39.5,Direct Deposit,Yes,34
3009,13182,40,No,75.56,40,Salary,157164.80000000002,273,Research,Male,Single,5.0,6.0,Mailed Check,No,22
2019,13185,64,Yes,32.83,40,Salary,68286.4,406,Marketing,Male,Single,2.0,3.0,Mailed Check,No,17
1204,13187,35,No,50.18,40,Salary,104374.40000000001,199,Information Technology,Prefer Not to Answer,Single,6.0,25.0,Direct Deposit,No,7
3847,13189,49,No,67.12,40,Salary,139609.6,160,HumanResources,Prefer Not to Answer,Single,5.0,16.0,Mailed Check,Yes,13
12026,13193,62,No,60.09,40,Salary,124987.20000000001,62,Human Resources,Female,Married,3.0,16.0,Direct Deposit,No,10
3921,13204,57,No,52.9,40,Salary,110032.0,121,Research,Female,Married,4.0,4.0,Mailed Check,Yes,35
841,13207,44,No,97.24,40,Salary,202259.19999999998,229,HumanResources,Male,Single,3.0,39.5,Mailed Check,Yes,17
2122,13208,60,No,80.34,40,Salary,167107.2,313,Information_Technology,Male,Single,5.0,17.0,Direct Deposit,Yes,19
2430,13210,56,No,40.14,40,Salary,83491.2,299,Research,Prefer Not to Answer,Divorced,8.0,9.0,Mailed Check,Yes,35
2845,13221,25,Yes,22.72,40,Salary,47257.6,482,Human_Resources,Female,Married,3.0,19.0,Mailed Check,No,0
5987,13224,19,No,96.83,40,Salary,201406.4,196,InformationTechnology,Prefer Not to Answer,Single,5.0,9.0,Direct Deposit,No,8
3732,13232,46,No,42.91,40,Salary,89252.79999999999,345,Sales,Female,Divorced,3.0,25.0,Mailed Check,No,17
4801,13244,20,No,34.18,40,Salary,71094.40000000001,194,HumanResources,Female,Married,15.5,4.0,Mailed Check,Yes,0
1,13245,54,No,25.38,40,Salary,52790.399999999994,477,Human_Resources,Prefer Not to Answer,Divorced,1.0,8.0,Mailed Check,No,14
213,13247,40,Yes,64.04,40,Salary,133203.2,98,InformationTechnology,Prefer Not to Answer,Single,3.0,6.0,Mailed Check,No,7
4985,13249,20,No,42.0,40,Salary,87360.0,157,Sales,Prefer Not to Answer,Single,7.0,11.0,Mailed Check,No,0
4755,13251,21,Yes,55.18,40,Salary,114774.4,91,Manufacturing,Male,Divorced,15.5,22.0,Direct Deposit,No,0
12736,13252,48,No,56.72,40,Salary,117977.6,11,Marketing,Female,Single,4.0,12.0,Mailed Check,No,12
2939,13258,49,Yes,45.71,40,Salary,95076.8,104,Healthcare,Prefer Not to Answer,Single,3.0,8.0,Mailed Check,No,1
2853,13260,29,Yes,55.51,40,Salary,115460.8,444,Human Resources,Prefer Not to Answer,Married,15.5,1.0,Direct Deposit,No,10
1907,13262,44,No,69.76,40,Salary,145100.80000000002,57,Human Resources,Prefer Not to Answer,Single,4.0,23.0,Mailed Check,Yes,24
511,13263,35,Yes,27.6,40,Salary,57408.0,166,Research,Female,Single,4.0,2.0,Mailed Check,No,11
5307,13270,28,Yes,57.09,40,Salary,118747.20000000001,177,InformationTechnology,Female,Divorced,1.0,14.0,Direct Deposit,No,2
2554,13275,57,No,68.54,40,Salary,142563.2,172,Manufacturing,Male,Married,2.0,8.0,Mailed Check,Yes,27
2714,13281,31,No,78.71,40,Salary,163716.8,16,Information_Technology,Male,Single,1.0,10.0,Mailed Check,No,0
4899,13287,36,No,43.9,40,Salary,91312.0,22,Manufacturing,Prefer Not to Answer,Single,1.0,15.0,Mailed Check,No,0
12191,13289,40,No,35.67,40,Salary,74193.6,275,Sales,Prefer Not to Answer,Married,2.0,12.0,Direct Deposit,No,8
3769,13294,53,No,17.29,40,Salary,35963.2,246,Marketing,Female,Married,6.0,18.0,Direct Deposit,Yes,31
12022,13295,61,Yes,72.28,40,Salary,150342.4,277,Human_Resources,Male,Single,7.0,39.5,Mailed Check,No,16
1718,13296,32,Yes,66.59,40,Salary,138507.2,249,Manufacturing,Prefer Not to Answer,Divorced,6.0,39.5,Mailed Check,No,11
2208,13300,30,Yes,99.22,40,Salary,206377.6,73,Information Technology,Male,Married,15.5,11.0,Direct Deposit,No,0
3474,13302,44,Yes,56.68,40,Salary,117894.4,147,Human Resources,Female,Married,5.0,3.0,Direct Deposit,No,19
3324,13303,43,No,42.37,40,Salary,88129.59999999999,42,HumanResources,Male,Married,2.0,16.0,Direct Deposit,Yes,19
4825,13304,22,Yes,17.65,40,Salary,36712.0,146,Sales,Prefer Not to Answer,Single,3.0,20.0,Mailed Check,Yes,0
2520,13311,59,No,66.36,40,Salary,138028.80000000002,86,Information Technology,Female,Divorced,3.0,18.0,Mailed Check,No,26
12505,13313,20,No,50.88,40,Salary,105830.40000000001,31,Information Technology,Prefer Not to Answer,Married,8.0,4.0,Direct Deposit,No,8
4804,13316,58,Yes,53.58,40,Salary,111446.4,147,Marketing,Male,Married,4.0,20.0,Mailed Check,Yes,14
4965,13317,43,No,51.82,40,Salary,107785.6,295,HumanResources,Female,Divorced,9.0,16.0,Direct Deposit,No,16
4847,13318,37,Yes,47.24,40,Salary,98259.20000000001,329,HumanResources,Female,Single,7.0,39.5,Direct Deposit,No,9
12169,13320,63,Yes,66.56,40,Salary,138444.80000000002,64,Healthcare,Male,Divorced,1.0,10.0,Mailed Check,Yes,37
2972,13323,40,Yes,49.85,40,Salary,103688.0,25,Human Resources,Female,Divorced,9.0,16.0,Mailed Check,Yes,8
1684,13338,43,Yes,77.16,40,Salary,160492.8,68,Marketing,Female,Single,2.0,10.0,Mailed Check,No,11
1877,13341,24,Yes,72.23,40,Salary,150238.40000000002,195,Healthcare,Male,Married,15.5,5.0,Direct Deposit,Yes,7
5980,13349,24,No,62.13,40,Salary,129230.40000000001,352,Human_Resources,Prefer Not to Answer,Married,7.0,39.5,Mailed Check,No,2
4341,13350,40,Yes,65.27,40,Salary,135761.59999999998,472,HumanResources,Prefer Not to Answer,Single,6.0,23.0,Mailed Check,No,5
5093,13354,35,No,52.89,40,Salary,110011.2,233,Marketing,Female,Single,4.0,16.0,Mailed Check,No,17
2128,13361,59,No,87.33,40,Salary,181646.4,68,Healthcare,Prefer Not to Answer,Divorced,4.0,20.0,Direct Deposit,No,3
12246,13363,49,Yes,84.18,40,Salary,175094.40000000002,307,Manufacturing,Male,Divorced,6.0,14.0,Mailed Check,No,27
1447,13364,45,No,95.1,40,Salary,197808.0,83,Healthcare,Male,Divorced,9.0,11.0,Direct Deposit,Yes,9
537,13365,20,No,17.63,40,Salary,36670.399999999994,19,Human_Resources,Prefer Not to Answer,Divorced,9.0,9.0,Mailed Check,No,1
2064,13367,56,Yes,93.04,40,Salary,193523.2,217,Information_Technology,Female,Single,1.0,13.0,Mailed Check,No,10
2160,13374,61,No,76.83,40,Salary,159806.4,160,Research,Female,Divorced,8.0,15.0,Direct Deposit,Yes,28
2488,13382,63,No,38.74,40,Salary,80579.20000000001,133,Manufacturing,Male,Single,2.0,5.0,Direct Deposit,No,15
4422,13388,39,Yes,45.57,40,Salary,94785.59999999999,369,Laboratory,Prefer Not to Answer,Divorced,1.0,25.0,Mailed Check,No,10
579,13389,34,Yes,92.66,40,Salary,192732.8,76,Marketing,Male,Married,5.0,19.0,Mailed Check,No,7
2149,13390,55,Yes,92.08,40,Salary,191526.4,99,Manufacturing,Male,Divorced,6.0,39.5,Mailed Check,No,19
3158,13394,19,Yes,94.9,40,Salary,197392.0,288,Sales,Male,Married,7.0,3.0,Direct Deposit,No,0
12327,13399,62,Yes,29.71,40,Salary,61796.8,318,Laboratory,Male,Single,4.0,14.0,Mailed Check,Yes,2
1751,13401,55,No,29.87,40,Salary,62129.6,167,Sales,Male,Married,8.0,16.0,Mailed Check,No,2
5151,13402,59,No,25.63,40,Salary,53310.4,345,Information Technology,Male,Married,15.5,11.0,Mailed Check,No,24
4291,13405,33,No,76.61,40,Salary,159348.80000000002,10,Human Resources,Male,Single,3.0,8.0,Mailed Check,No,0
134,13409,55,No,85.41,40,Salary,177652.8,322,Information Technology,Male,Divorced,4.0,5.0,Direct Deposit,Yes,12
2332,13414,20,Yes,40.15,40,Salary,83512.0,13,Human Resources,Prefer Not to Answer,Married,5.0,18.0,Direct Deposit,Yes,0
5348,13418,48,No,30.75,40,Salary,63960.0,288,Information Technology,Male,Divorced,4.0,24.0,Mailed Check,No,14
5706,13422,18,No,35.81,40,Salary,74484.8,214,HumanResources,Female,Single,9.0,5.0,Mailed Check,No,0
4248,13424,65,No,96.56,40,Salary,200844.80000000002,61,InformationTechnology,Female,Divorced,4.0,8.0,Mailed Check,No,22
4132,13425,46,No,51.45,40,Salary,107016.0,52,Human Resources,Male,Married,7.0,10.0,Direct Deposit,No,6
3690,13426,42,No,90.67,40,Salary,188593.6,123,Laboratory,Prefer Not to Answer,Single,5.0,20.0,Mailed Check,Yes,15
5905,13437,65,No,25.61,40,Salary,53268.8,320,Information Technology,Prefer Not to Answer,Single,7.0,20.0,Direct Deposit,No,17
3912,13438,59,Yes,63.43,40,Salary,131934.4,229,Information Technology,Male,Divorced,9.0,23.0,Mailed Check,Yes,37
2665,13454,36,Yes,53.86,40,Salary,112028.8,484,Human Resources,Male,Divorced,3.0,11.0,Mailed Check,No,0
236,13456,44,Yes,56.12,40,Salary,116729.59999999999,451,Laboratory,Female,Divorced,3.0,39.5,Mailed Check,No,18
2010,13460,34,No,39.02,40,Salary,81161.6,129,Laboratory,Female,Married,9.0,13.0,Mailed Check,Yes,3
13101,13465,44,Yes,49.79,40,Salary,103563.2,458,Sales,Male,Married,1.0,18.0,Direct Deposit,Yes,8
12658,13467,52,No,43.77,40,Salary,91041.6,324,Research,Prefer Not to Answer,Married,8.0,15.0,Direct Deposit,No,12
3262,13469,42,Yes,79.1,40,Salary,164528.0,82,Healthcare,Prefer Not to Answer,Married,6.0,16.0,Direct Deposit,No,22
2141,13473,22,Yes,54.03,40,Salary,112382.4,434,HumanResources,Male,Divorced,9.0,2.0,Mailed Check,No,4
1610,13475,42,No,59.22,40,Salary,123177.6,396,Laboratory,Female,Single,7.0,20.0,Mailed Check,No,4
12724,13477,61,Yes,64.82,40,Salary,134825.59999999998,460,Sales,Male,Married,3.0,8.0,Mailed Check,No,6
2990,13482,60,Yes,50.73,40,Salary,105518.4,466,Healthcare,Male,Single,4.0,20.0,Mailed Check,No,4
1940,13486,23,No,98.13,40,Salary,204110.4,202,Human Resources,Prefer Not to Answer,Married,2.0,4.0,Mailed Check,Yes,16
2474,13488,52,No,76.02,40,Salary,158121.59999999998,130,HumanResources,Female,Divorced,9.0,5.0,Mailed Check,No,9
1759,13490,48,Yes,73.91,40,Salary,153732.8,295,Healthcare,Prefer Not to Answer,Single,6.0,12.0,Direct Deposit,No,14
12660,13491,41,Yes,52.6,40,Salary,109408.0,146,Human Resources,Female,Married,9.0,6.0,Mailed Check,No,14
13187,13506,29,No,36.72,40,Salary,76377.59999999999,392,Human Resources,Female,Divorced,8.0,21.0,Direct Deposit,No,0
447,13508,50,Yes,43.6,40,Salary,90688.0,448,Healthcare,Prefer Not to Answer,Single,5.0,16.0,Mailed Check,Yes,4
5764,13519,46,Yes,44.87,40,Salary,93329.59999999999,331,Manufacturing,Male,Divorced,4.0,15.0,Mailed Check,No,7
12612,13520,24,Yes,28.75,40,Salary,59800.0,13,Human_Resources,Prefer Not to Answer,Single,9.0,25.0,Direct Deposit,Yes,0
4443,13524,62,Yes,34.79,40,Salary,72363.2,384,Research,Male,Single,8.0,2.0,Direct Deposit,Yes,14
1311,13526,31,Yes,60.68,40,Salary,126214.4,92,InformationTechnology,Prefer Not to Answer,Divorced,1.0,23.0,Mailed Check,Yes,6
23,13529,34,Yes,77.71,40,Salary,161636.8,365,Sales,Male,Married,9.0,25.0,Mailed Check,No,10
3931,13530,61,No,70.65,40,Salary,146952.0,449,Research,Male,Divorced,6.0,11.0,Mailed Check,No,25
2542,13534,48,No,98.77,40,Salary,205441.59999999998,267,Human_Resources,Male,Married,3.0,9.0,Direct Deposit,No,13
5783,13541,54,Yes,73.28,40,Salary,152422.4,424,Healthcare,Female,Divorced,15.5,11.0,Direct Deposit,No,29
3887,13542,52,Yes,17.94,40,Salary,37315.200000000004,497,Research,Prefer Not to Answer,Single,6.0,17.0,Direct Deposit,No,32
2473,13543,47,Yes,33.9,40,Salary,70512.0,250,InformationTechnology,Prefer Not to Answer,Divorced,5.0,22.0,Mailed Check,Yes,18
1962,13554,59,No,46.98,40,Salary,97718.4,331,HumanResources,Female,Married,5.0,17.0,Direct Deposit,No,15
4816,13555,40,No,29.17,40,Salary,60673.600000000006,117,Information_Technology,Male,Single,3.0,23.0,Mailed Check,Yes,16
5661,13556,46,No,93.34,40,Salary,194147.2,371,Laboratory,Prefer Not to Answer,Married,8.0,39.5,Direct Deposit,No,7
713,13558,26,Yes,58.96,40,Salary,122636.8,347,Human_Resources,Male,Married,6.0,15.0,Mailed Check,No,16
2568,13561,45,No,58.64,40,Salary,121971.2,305,HumanResources,Prefer Not to Answer,Married,1.0,10.0,Mailed Check,No,1
592,13563,50,No,43.52,40,Salary,90521.6,487,Sales,Female,Married,9.0,12.0,Mailed Check,Yes,19
1481,13568,55,Yes,74.11,40,Salary,154148.80000000002,313,Healthcare,Male,Single,7.0,10.0,Mailed Check,No,25
4251,13569,35,No,55.05,40,Salary,114504.0,286,Research,Male,Single,7.0,18.0,Direct Deposit,No,11
12708,13571,18,No,69.09,40,Salary,143707.2,343,Marketing,Female,Single,9.0,20.0,Direct Deposit,No,4
2227,13573,33,No,40.73,40,Salary,84718.4,148,Human_Resources,Female,Married,8.0,1.0,Direct Deposit,No,3
920,13580,55,No,59.09,40,Salary,122907.20000000001,343,Human_Resources,Prefer Not to Answer,Divorced,6.0,13.0,Mailed Check,No,15
2918,13582,39,No,33.68,40,Salary,70054.40000000001,250,Human_Resources,Female,Married,2.0,20.0,Mailed Check,No,5
5440,13592,62,Yes,27.23,40,Salary,56638.4,109,InformationTechnology,Female,Divorced,5.0,19.0,Direct Deposit,No,26
12703,13599,55,No,30.09,40,Salary,62587.2,386,Research,Prefer Not to Answer,Single,2.0,12.0,Direct Deposit,No,14
5025,13607,37,Yes,75.49,40,Salary,157019.19999999998,125,Laboratory,Prefer Not to Answer,Married,7.0,23.0,Direct Deposit,No,2
4954,13608,27,No,29.06,40,Salary,60444.799999999996,466,Sales,Female,Divorced,5.0,14.0,Mailed Check,No,2
12680,13613,29,No,21.83,40,Salary,45406.399999999994,425,InformationTechnology,Male,Single,5.0,4.0,Mailed Check,No,14
2387,13614,49,No,47.2,40,Salary,98176.0,244,Research,Male,Married,2.0,4.0,Direct Deposit,No,8
4137,13618,19,No,28.38,40,Salary,59030.4,321,Human Resources,Prefer Not to Answer,Single,7.0,4.0,Direct Deposit,No,5
3975,13620,41,No,82.96,40,Salary,172556.8,94,Laboratory,Prefer Not to Answer,Single,6.0,5.0,Direct Deposit,No,14
1496,13623,30,Yes,66.07,40,Salary,137425.59999999998,93,Laboratory,Female,Divorced,8.0,7.0,Mailed Check,No,0
5498,13625,27,Yes,95.62,40,Salary,198889.6,330,Human_Resources,Prefer Not to Answer,Married,1.0,9.0,Mailed Check,Yes,0
3957,13631,24,No,41.55,40,Salary,86424.0,248,Information Technology,Male,Married,1.0,22.0,Mailed Check,Yes,0
5208,13638,53,No,47.34,40,Salary,98467.20000000001,244,Human_Resources,Female,Single,1.0,11.0,Direct Deposit,Yes,31
5576,13648,61,No,67.86,40,Salary,141148.80000000002,197,Sales,Male,Married,3.0,3.0,Mailed Check,No,6
2361,13651,19,No,77.3,40,Salary,160784.0,308,Information_Technology,Prefer Not to Answer,Married,15.5,12.0,Direct Deposit,No,0
2966,13655,36,No,41.68,40,Salary,86694.40000000001,44,Sales,Female,Divorced,5.0,2.0,Mailed Check,No,3
5277,13663,44,No,82.04,40,Salary,170643.2,310,Manufacturing,Male,Single,1.0,13.0,Mailed Check,No,20
1198,13672,28,Yes,18.03,40,Salary,37502.4,446,Information_Technology,Female,Married,9.0,10.0,Mailed Check,No,10
5472,13676,56,No,31.08,40,Salary,64646.399999999994,321,Information_Technology,Female,Single,1.0,12.0,Direct Deposit,Yes,23
2951,13678,48,No,36.26,40,Salary,75420.79999999999,129,Human_Resources,Prefer Not to Answer,Single,15.5,4.0,Mailed Check,No,3
12562,13679,54,Yes,47.33,40,Salary,98446.4,93,Human_Resources,Female,Married,15.5,39.5,Mailed Check,No,3
1966,13682,28,No,19.84,40,Salary,41267.200000000004,107,Sales,Female,Married,15.5,5.0,Direct Deposit,Yes,0
2065,13697,44,No,95.23,40,Salary,198078.40000000002,446,Sales,Male,Single,1.0,24.0,Mailed Check,No,21
12109,13701,35,Yes,46.87,40,Salary,97489.59999999999,443,HumanResources,Female,Single,2.0,3.0,Mailed Check,No,7
12403,13705,21,Yes,46.86,40,Salary,97468.8,257,Manufacturing,Male,Single,5.0,39.5,Mailed Check,Yes,0
2777,13709,56,No,34.65,40,Salary,72072.0,80,Marketing,Male,Single,2.0,17.0,Direct Deposit,Yes,16
1571,13715,22,Yes,22.77,40,Salary,47361.6,408,Sales,Prefer Not to Answer,Married,6.0,19.0,Mailed Check,Yes,0
12220,13719,56,Yes,32.97,40,Salary,68577.59999999999,46,Human Resources,Prefer Not to Answer,Divorced,5.0,8.0,Mailed Check,Yes,37
4497,13721,51,No,87.67,40,Salary,182353.6,238,Manufacturing,Prefer Not to Answer,Divorced,2.0,22.0,Mailed Check,Yes,18
3621,13725,41,Yes,47.23,40,Salary,98238.4,0,Human Resources,Female,Married,7.0,2.0,Mailed Check,Yes,23
4197,13727,45,No,64.55,40,Salary,134264.0,292,Marketing,Male,Divorced,1.0,17.0,Direct Deposit,No,19
4934,13728,56,No,64.8,40,Salary,134784.0,397,Information_Technology,Female,Divorced,9.0,9.0,Mailed Check,No,10
3734,13730,57,Yes,80.23,40,Salary,166878.40000000002,249,Manufacturing,Prefer Not to Answer,Divorced,4.0,10.0,Mailed Check,No,23
1951,13731,46,Yes,29.75,40,Salary,61880.0,28,InformationTechnology,Female,Married,5.0,21.0,Direct Deposit,Yes,4
2074,13733,19,No,41.68,40,Salary,86694.40000000001,317,Sales,Male,Married,15.5,19.0,Mailed Check,Yes,8
4419,13734,54,Yes,67.43,40,Salary,140254.40000000002,173,Information_Technology,Prefer Not to Answer,Married,8.0,8.0,Direct Deposit,No,11
1483,13735,31,Yes,70.32,40,Salary,146265.59999999998,234,Manufacturing,Male,Divorced,4.0,20.0,Mailed Check,Yes,5
5131,13739,64,No,21.84,40,Salary,45427.200000000004,444,Research,Male,Divorced,5.0,12.0,Mailed Check,Yes,24
4813,13749,58,Yes,42.96,40,Salary,89356.8,23,Manufacturing,Male,Single,1.0,11.0,Mailed Check,Yes,7
1502,13752,61,No,82.11,40,Salary,170788.80000000002,356,Healthcare,Male,Married,2.0,22.0,Mailed Check,No,23
446,13753,23,Yes,47.08,40,Salary,97926.4,450,Human Resources,Male,Divorced,9.0,16.0,Direct Deposit,No,5
3126,13759,28,No,44.51,40,Salary,92580.79999999999,392,Information_Technology,Prefer Not to Answer,Single,5.0,9.0,Mailed Check,No,7
796,13763,62,No,76.22,40,Salary,158537.6,369,Sales,Male,Divorced,7.0,1.0,Direct Deposit,Yes,25
4274,13768,61,Yes,65.97,40,Salary,137217.6,48,Human_Resources,Prefer Not to Answer,Divorced,5.0,9.0,Direct Deposit,Yes,15
2610,13774,29,Yes,89.6,40,Salary,186368.0,491,HumanResources,Male,Single,2.0,8.0,Direct Deposit,No,0
2119,13781,26,No,84.44,40,Salary,175635.19999999998,496,Manufacturing,Female,Single,8.0,8.0,Direct Deposit,No,0
4620,13783,21,Yes,72.66,40,Salary,151132.8,117,Laboratory,Male,Married,5.0,14.0,Mailed Check,No,0
2807,13792,37,No,95.98,40,Salary,199638.40000000002,256,Information_Technology,Prefer Not to Answer,Divorced,1.0,8.0,Mailed Check,Yes,12
5757,13804,62,No,86.86,40,Salary,180668.80000000002,246,Marketing,Prefer Not to Answer,Married,8.0,13.0,Mailed Check,Yes,15
3759,13806,51,No,20.52,40,Salary,42681.6,24,Sales,Male,Married,15.5,8.0,Mailed Check,No,16
3013,13813,34,No,61.03,40,Salary,126942.4,94,Information Technology,Prefer Not to Answer,Single,1.0,19.0,Mailed Check,Yes,0
12452,13816,34,No,73.26,40,Salary,152380.80000000002,392,Information_Technology,Female,Married,2.0,8.0,Mailed Check,No,0
3523,13817,61,Yes,79.7,40,Salary,165776.0,449,Laboratory,Female,Single,3.0,11.0,Direct Deposit,No,3
385,13819,57,Yes,55.53,40,Salary,115502.4,402,Manufacturing,Prefer Not to Answer,Married,4.0,21.0,Direct Deposit,No,12
2817,13821,26,Yes,88.49,40,Salary,184059.19999999998,443,Research,Female,Single,7.0,22.0,Direct Deposit,No,0
5398,13823,27,Yes,21.09,40,Salary,43867.200000000004,143,Research,Female,Married,8.0,7.0,Mailed Check,No,0
3211,13829,41,Yes,51.28,40,Salary,106662.4,151,Manufacturing,Female,Married,6.0,3.0,Mailed Check,No,12
4053,13835,20,No,66.67,40,Salary,138673.6,28,Manufacturing,Prefer Not to Answer,Single,9.0,10.0,Direct Deposit,No,0
1992,13839,24,No,84.2,40,Salary,175136.0,407,Human Resources,Female,Divorced,7.0,5.0,Direct Deposit,Yes,0
5224,13847,34,No,37.72,40,Salary,78457.59999999999,101,Laboratory,Female,Divorced,5.0,39.5,Mailed Check,No,7
12759,13849,48,No,90.32,40,Salary,187865.59999999998,148,Manufacturing,Prefer Not to Answer,Married,15.5,14.0,Direct Deposit,Yes,19
4976,13850,60,Yes,21.8,40,Salary,45344.0,286,Information_Technology,Male,Divorced,4.0,14.0,Mailed Check,No,24
5695,13852,26,No,72.87,40,Salary,151569.6,113,Laboratory,Female,Divorced,2.0,14.0,Direct Deposit,Yes,0
5320,13853,20,No,79.36,40,Salary,165068.80000000002,15,Human Resources,Male,Divorced,1.0,4.0,Direct Deposit,No,0
12651,13857,45,No,87.42,40,Salary,181833.6,428,Manufacturing,Female,Single,3.0,23.0,Direct Deposit,No,17
1916,13858,27,Yes,24.41,40,Salary,50772.799999999996,36,Human Resources,Prefer Not to Answer,Single,15.5,24.0,Direct Deposit,No,11
3191,13864,23,Yes,44.13,40,Salary,91790.40000000001,213,Laboratory,Female,Single,2.0,39.5,Direct Deposit,Yes,0
5116,13873,45,No,49.05,40,Salary,102024.0,482,Research,Female,Single,6.0,2.0,Mailed Check,No,0
3293,13880,18,No,77.57,40,Salary,161345.59999999998,257,Human Resources,Female,Married,8.0,11.0,Direct Deposit,No,0
3824,13881,34,Yes,49.84,40,Salary,103667.20000000001,473,Marketing,Female,Single,5.0,1.0,Mailed Check,No,0
1552,13883,55,No,22.66,40,Salary,47132.799999999996,44,Healthcare,Prefer Not to Answer,Single,3.0,20.0,Mailed Check,No,21
1892,13886,22,No,90.65,40,Salary,188552.0,237,Sales,Prefer Not to Answer,Divorced,7.0,19.0,Mailed Check,No,0
13152,13888,35,No,75.96,40,Salary,157996.8,169,Sales,Prefer Not to Answer,Married,2.0,39.5,Direct Deposit,No,6
1998,13889,45,No,21.23,40,Salary,44158.4,382,Sales,Female,Single,4.0,14.0,Direct Deposit,Yes,14
4152,13891,29,No,21.01,40,Salary,43700.8,432,HumanResources,Male,Divorced,15.5,39.5,Mailed Check,No,0
12592,13896,26,No,41.48,40,Salary,86278.4,226,Laboratory,Male,Divorced,9.0,22.0,Mailed Check,Yes,7
12374,13898,20,No,40.17,40,Salary,83553.6,426,Manufacturing,Female,Single,2.0,11.0,Direct Deposit,No,0
3923,13899,45,Yes,63.57,40,Salary,132225.6,115,InformationTechnology,Prefer Not to Answer,Divorced,1.0,2.0,Mailed Check,No,20
4732,13902,45,Yes,69.13,40,Salary,143790.4,331,Sales,Female,Divorced,9.0,16.0,Mailed Check,Yes,24
12655,13908,46,Yes,23.2,40,Salary,48256.0,488,Human_Resources,Male,Married,9.0,18.0,Mailed Check,No,6
1590,13909,35,No,31.15,40,Salary,64792.0,235,Research,Male,Single,1.0,7.0,Direct Deposit,No,16
4026,13910,59,No,97.28,40,Salary,202342.4,364,Manufacturing,Female,Divorced,9.0,7.0,Direct Deposit,No,15
2702,13912,43,No,50.67,40,Salary,105393.6,119,Information_Technology,Female,Single,7.0,19.0,Mailed Check,No,19
4159,13913,21,Yes,23.13,40,Salary,48110.399999999994,360,Healthcare,Female,Divorced,4.0,23.0,Mailed Check,Yes,9
3122,13916,27,No,68.87,40,Salary,143249.6,19,Information_Technology,Prefer Not to Answer,Divorced,5.0,1.0,Mailed Check,No,9
3017,13919,30,No,90.76,40,Salary,188780.80000000002,148,Human_Resources,Prefer Not to Answer,Married,2.0,23.0,Direct Deposit,No,0
246,13921,60,No,97.52,40,Salary,202841.59999999998,362,InformationTechnology,Male,Divorced,6.0,4.0,Direct Deposit,Yes,25
5914,13925,45,Yes,90.31,40,Salary,187844.80000000002,320,Information Technology,Prefer Not to Answer,Single,8.0,11.0,Direct Deposit,No,2
4296,13930,22,No,28.98,40,Salary,60278.4,122,InformationTechnology,Prefer Not to Answer,Divorced,8.0,19.0,Mailed Check,No,13
12726,13932,36,Yes,91.15,40,Salary,189592.0,204,InformationTechnology,Male,Divorced,8.0,5.0,Direct Deposit,Yes,2
927,13933,32,No,47.0,40,Salary,97760.0,200,Information Technology,Prefer Not to Answer,Married,1.0,14.0,Direct Deposit,No,5
588,13940,39,Yes,61.88,40,Salary,128710.40000000001,114,Laboratory,Male,Married,7.0,14.0,Direct Deposit,Yes,4
4516,13946,50,Yes,74.25,40,Salary,154440.0,110,InformationTechnology,Male,Married,1.0,25.0,Mailed Check,No,11
3123,13949,44,Yes,51.88,40,Salary,107910.40000000001,429,InformationTechnology,Male,Single,5.0,15.0,Direct Deposit,No,4
4829,13950,22,No,52.05,40,Salary,108264.0,131,Research,Male,Single,5.0,6.0,Mailed Check,Yes,1
4463,13951,27,No,44.68,40,Salary,92934.40000000001,150,Healthcare,Prefer Not to Answer,Divorced,6.0,5.0,Direct Deposit,Yes,14
939,13953,52,No,47.86,40,Salary,99548.8,239,Manufacturing,Prefer Not to Answer,Divorced,7.0,18.0,Mailed Check,No,25
2308,13955,24,Yes,65.76,40,Salary,136780.80000000002,486,Human Resources,Prefer Not to Answer,Single,6.0,20.0,Mailed Check,Yes,6
469,13959,53,No,49.41,40,Salary,102772.79999999999,208,Marketing,Prefer Not to Answer,Married,2.0,23.0,Direct Deposit,No,4
3664,13964,23,Yes,68.28,40,Salary,142022.4,352,Information_Technology,Female,Single,1.0,12.0,Mailed Check,No,0
5251,13965,31,No,31.28,40,Salary,65062.4,486,Research,Prefer Not to Answer,Divorced,1.0,14.0,Mailed Check,No,7
2602,13967,19,Yes,26.88,40,Salary,55910.4,100,Human_Resources,Female,Divorced,3.0,10.0,Mailed Check,No,0
4902,13968,64,Yes,87.27,40,Salary,181521.59999999998,365,Healthcare,Female,Divorced,8.0,10.0,Mailed Check,No,25
2143,13970,61,Yes,67.78,40,Salary,140982.4,445,Information_Technology,Prefer Not to Answer,Married,1.0,8.0,Direct Deposit,No,11
4250,13973,45,Yes,57.22,40,Salary,119017.6,381,InformationTechnology,Prefer Not to Answer,Single,15.5,8.0,Mailed Check,Yes,5
1935,13975,39,No,88.44,40,Salary,183955.19999999998,178,Laboratory,Prefer Not to Answer,Divorced,6.0,20.0,Mailed Check,Yes,15
1113,13976,19,No,81.82,40,Salary,170185.59999999998,193,Healthcare,Male,Married,3.0,1.0,Direct Deposit,No,0
936,13977,59,Yes,24.55,40,Salary,51064.0,120,HumanResources,Prefer Not to Answer,Divorced,8.0,21.0,Mailed Check,No,22
12255,13978,44,Yes,88.64,40,Salary,184371.19999999998,447,Information Technology,Female,Divorced,8.0,15.0,Mailed Check,No,2
875,13980,56,Yes,44.56,40,Salary,92684.8,258,Human_Resources,Male,Single,15.5,9.0,Direct Deposit,No,12
12289,13982,48,No,47.57,40,Salary,98945.59999999999,322,Information_Technology,Male,Single,15.5,2.0,Mailed Check,No,23
270,13984,40,Yes,44.02,40,Salary,91561.6,335,InformationTechnology,Prefer Not to Answer,Divorced,2.0,3.0,Mailed Check,Yes,0
1957,13986,27,No,30.53,40,Salary,63502.4,444,InformationTechnology,Female,Married,4.0,1.0,Mailed Check,No,0
5264,13990,41,No,36.72,40,Salary,76377.59999999999,343,Sales,Female,Single,5.0,9.0,Mailed Check,No,0
3498,13991,47,No,89.78,40,Salary,186742.4,441,Marketing,Female,Divorced,4.0,21.0,Direct Deposit,No,9
2084,13994,30,Yes,69.08,40,Salary,143686.4,469,InformationTechnology,Female,Single,1.0,10.0,Mailed Check,No,5
1991,13999,64,No,33.51,40,Salary,69700.79999999999,165,Human Resources,Male,Married,3.0,15.0,Direct Deposit,No,15
4884,14001,61,Yes,28.36,40,Salary,58988.8,170,Information Technology,Male,Single,15.5,24.0,Mailed Check,No,35
1016,14002,22,Yes,19.89,40,Salary,41371.200000000004,142,Human Resources,Prefer Not to Answer,Married,3.0,25.0,Mailed Check,Yes,3
12458,14007,40,No,60.05,40,Salary,124904.0,231,Human_Resources,Female,Divorced,15.5,6.0,Direct Deposit,Yes,9
976,14020,32,No,31.77,40,Salary,66081.59999999999,318,Information_Technology,Prefer Not to Answer,Single,1.0,17.0,Mailed Check,No,0
3907,14023,36,No,93.28,40,Salary,194022.4,14,Research,Prefer Not to Answer,Divorced,7.0,4.0,Mailed Check,No,15
925,14027,56,No,71.41,40,Salary,148532.8,332,Human Resources,Prefer Not to Answer,Divorced,4.0,3.0,Direct Deposit,No,35
2209,14033,30,No,91.39,40,Salary,190091.19999999998,133,Research,Female,Single,3.0,12.0,Mailed Check,No,0
3086,14035,59,Yes,34.74,40,Salary,72259.20000000001,118,Manufacturing,Female,Divorced,9.0,7.0,Mailed Check,No,4
206,14038,47,No,25.02,40,Salary,52041.6,413,HumanResources,Prefer Not to Answer,Married,2.0,8.0,Mailed Check,Yes,1
1778,14040,49,No,56.73,40,Salary,117998.4,24,Human_Resources,Prefer Not to Answer,Single,7.0,4.0,Mailed Check,No,2
12454,14044,27,Yes,95.68,40,Salary,199014.40000000002,334,HumanResources,Prefer Not to Answer,Married,4.0,2.0,Direct Deposit,No,0
2954,14047,46,Yes,31.75,40,Salary,66040.0,309,Healthcare,Prefer Not to Answer,Divorced,5.0,11.0,Direct Deposit,No,11
3944,14048,37,Yes,75.75,40,Salary,157560.0,62,Human_Resources,Male,Single,4.0,13.0,Mailed Check,No,7
12671,14050,64,Yes,53.23,40,Salary,110718.4,72,Sales,Male,Single,3.0,5.0,Mailed Check,No,32
1283,14058,55,Yes,98.02,40,Salary,203881.59999999998,399,Healthcare,Female,Divorced,8.0,21.0,Mailed Check,No,14
3924,14063,42,No,25.94,40,Salary,53955.200000000004,373,Information Technology,Female,Divorced,3.0,6.0,Direct Deposit,No,24
12114,14064,56,Yes,32.37,40,Salary,67329.59999999999,247,Marketing,Prefer Not to Answer,Single,15.5,15.0,Mailed Check,No,3
13161,14065,20,Yes,95.99,40,Salary,199659.19999999998,179,Information Technology,Female,Single,4.0,2.0,Mailed Check,No,16
12157,14068,52,Yes,42.38,40,Salary,88150.40000000001,377,Laboratory,Male,Married,2.0,23.0,Direct Deposit,No,20
3784,14071,42,No,57.29,40,Salary,119163.2,383,HumanResources,Male,Married,5.0,11.0,Mailed Check,No,4
2603,14073,52,Yes,32.83,40,Salary,68286.4,402,Sales,Prefer Not to Answer,Divorced,8.0,3.0,Mailed Check,Yes,17
2547,14074,21,No,87.57,40,Salary,182145.59999999998,174,Human Resources,Prefer Not to Answer,Single,3.0,4.0,Mailed Check,Yes,0
12325,14080,42,No,63.04,40,Salary,131123.19999999998,107,InformationTechnology,Prefer Not to Answer,Divorced,15.5,4.0,Direct Deposit,No,17
12719,14085,52,Yes,54.34,40,Salary,113027.20000000001,279,InformationTechnology,Prefer Not to Answer,Divorced,6.0,9.0,Mailed Check,No,20
5669,14087,22,Yes,49.89,40,Salary,103771.2,193,Healthcare,Female,Married,7.0,13.0,Mailed Check,Yes,0
1269,14089,19,No,73.76,40,Salary,153420.80000000002,104,InformationTechnology,Prefer Not to Answer,Married,5.0,5.0,Mailed Check,No,0
146,14091,53,Yes,23.29,40,Salary,48443.2,403,Human Resources,Prefer Not to Answer,Single,6.0,14.0,Mailed Check,No,25
12355,14093,59,Yes,68.52,40,Salary,142521.59999999998,23,Manufacturing,Male,Single,4.0,18.0,Mailed Check,No,7
361,14094,64,Yes,50.66,40,Salary,105372.79999999999,325,Information Technology,Female,Married,4.0,20.0,Direct Deposit,Yes,23
5756,14096,60,Yes,56.27,40,Salary,117041.6,366,Human_Resources,Prefer Not to Answer,Single,15.5,19.0,Mailed Check,No,37
5190,14100,43,No,85.42,40,Salary,177673.6,466,Sales,Female,Married,5.0,25.0,Mailed Check,No,14
4706,14105,53,No,43.56,40,Salary,90604.8,6,Research,Female,Single,8.0,2.0,Mailed Check,No,15
2716,14111,36,No,91.47,40,Salary,190257.6,378,InformationTechnology,Prefer Not to Answer,Divorced,15.5,25.0,Mailed Check,No,14
3743,14112,20,No,35.74,40,Salary,74339.20000000001,54,Human Resources,Female,Married,7.0,8.0,Mailed Check,No,0
2052,14116,32,Yes,33.29,40,Salary,69243.2,44,InformationTechnology,Female,Single,2.0,4.0,Mailed Check,No,6
5521,14126,41,No,49.19,40,Salary,102315.2,487,Sales,Prefer Not to Answer,Divorced,4.0,6.0,Direct Deposit,No,5
5441,14130,53,No,86.88,40,Salary,180710.4,474,HumanResources,Prefer Not to Answer,Single,5.0,17.0,Mailed Check,Yes,22
4217,14132,64,No,85.29,40,Salary,177403.2,345,Research,Male,Divorced,7.0,7.0,Direct Deposit,No,8
2452,14140,45,Yes,37.11,40,Salary,77188.8,69,HumanResources,Prefer Not to Answer,Divorced,1.0,4.0,Direct Deposit,No,11
1078,14145,30,Yes,32.22,40,Salary,67017.59999999999,198,Laboratory,Male,Married,2.0,23.0,Direct Deposit,Yes,0
12675,14147,50,No,35.12,40,Salary,73049.59999999999,47,Manufacturing,Female,Divorced,7.0,2.0,Mailed Check,No,12
307,14148,57,No,44.64,40,Salary,92851.2,455,Marketing,Female,Divorced,15.5,17.0,Mailed Check,No,26
2491,14150,51,Yes,19.91,40,Salary,41412.799999999996,216,HumanResources,Male,Single,15.5,4.0,Mailed Check,No,13
5222,14151,63,Yes,45.41,40,Salary,94452.79999999999,188,Manufacturing,Male,Married,9.0,16.0,Mailed Check,No,6
371,14154,46,No,93.15,40,Salary,193752.0,205,Information Technology,Prefer Not to Answer,Single,3.0,10.0,Mailed Check,Yes,13
1653,14157,52,Yes,88.96,40,Salary,185036.8,385,Healthcare,Male,Married,6.0,25.0,Mailed Check,No,9
411,14176,34,No,47.69,40,Salary,99195.2,158,Human_Resources,Male,Married,6.0,22.0,Direct Deposit,No,6
12181,14179,56,No,24.62,40,Salary,51209.600000000006,46,Human Resources,Female,Married,3.0,1.0,Mailed Check,No,29
2876,14180,48,No,17.15,40,Salary,35672.0,483,Research,Male,Married,9.0,8.0,Mailed Check,No,26
1233,14182,33,Yes,73.03,40,Salary,151902.4,166,Research,Male,Divorced,2.0,21.0,Mailed Check,Yes,12
941,14186,43,Yes,87.03,40,Salary,181022.4,379,Research,Male,Married,3.0,5.0,Mailed Check,No,3
3198,14192,55,Yes,33.91,40,Salary,70532.79999999999,492,Healthcare,Prefer Not to Answer,Single,9.0,18.0,Mailed Check,No,25
12190,14195,25,No,39.23,40,Salary,81598.4,92,Laboratory,Male,Single,8.0,22.0,Mailed Check,Yes,15
4237,14201,56,Yes,37.39,40,Salary,77771.2,460,Information Technology,Female,Single,6.0,6.0,Mailed Check,Yes,14
1836,14202,62,Yes,50.64,40,Salary,105331.2,185,Marketing,Prefer Not to Answer,Married,2.0,23.0,Mailed Check,No,2
4099,14207,33,Yes,54.72,40,Salary,113817.6,394,Sales,Male,Divorced,5.0,8.0,Mailed Check,Yes,0
1630,14211,56,Yes,78.19,40,Salary,162635.19999999998,177,Sales,Prefer Not to Answer,Married,7.0,20.0,Direct Deposit,Yes,3
5400,14216,58,No,43.46,40,Salary,90396.8,191,Human_Resources,Female,Married,3.0,11.0,Mailed Check,No,15
5721,14217,37,Yes,87.26,40,Salary,181500.80000000002,77,Human_Resources,Prefer Not to Answer,Married,15.5,20.0,Mailed Check,Yes,0
333,14225,22,Yes,28.2,40,Salary,58656.0,50,Human Resources,Prefer Not to Answer,Divorced,3.0,25.0,Direct Deposit,Yes,5
2490,14226,37,Yes,51.9,40,Salary,107952.0,315,Human_Resources,Female,Single,2.0,19.0,Direct Deposit,No,4
2132,14230,34,No,43.26,40,Salary,89980.79999999999,324,Research,Male,Single,15.5,22.0,Mailed Check,No,0
2632,14235,29,No,74.03,40,Salary,153982.4,393,Information_Technology,Male,Single,3.0,6.0,Direct Deposit,Yes,0
12041,14236,43,Yes,27.44,40,Salary,57075.200000000004,255,Human_Resources,Male,Divorced,4.0,1.0,Mailed Check,No,6
367,14237,57,No,18.93,40,Salary,39374.4,418,Information Technology,Female,Married,9.0,13.0,Mailed Check,No,13
283,14238,41,No,43.92,40,Salary,91353.6,65,Information Technology,Female,Single,7.0,7.0,Mailed Check,No,13
899,14251,29,No,80.6,40,Salary,167648.0,210,Human Resources,Female,Married,2.0,11.0,Direct Deposit,No,10
2282,14254,19,No,38.95,40,Salary,81016.0,113,InformationTechnology,Female,Divorced,15.5,6.0,Direct Deposit,No,0
1554,14259,38,Yes,68.47,40,Salary,142417.6,472,Human Resources,Female,Married,6.0,23.0,Direct Deposit,No,7
5759,14260,59,No,48.02,40,Salary,99881.6,158,Information Technology,Prefer Not to Answer,Divorced,2.0,10.0,Direct Deposit,No,35
5379,14263,24,No,35.66,40,Salary,74172.79999999999,193,Human_Resources,Female,Married,5.0,16.0,Direct Deposit,Yes,0
5599,14266,48,No,63.5,40,Salary,132080.0,183,Research,Female,Married,3.0,3.0,Direct Deposit,No,27
12723,14273,44,Yes,20.44,40,Salary,42515.200000000004,389,InformationTechnology,Male,Single,5.0,4.0,Direct Deposit,No,0
3806,14274,53,Yes,64.41,40,Salary,133972.8,340,Laboratory,Prefer Not to Answer,Single,15.5,22.0,Direct Deposit,Yes,25
5825,14281,42,No,77.4,40,Salary,160992.0,26,Manufacturing,Prefer Not to Answer,Married,7.0,18.0,Mailed Check,No,1
3990,14284,31,Yes,72.17,40,Salary,150113.6,121,Information_Technology,Female,Divorced,8.0,15.0,Direct Deposit,No,0
13138,14285,58,No,53.03,40,Salary,110302.4,334,Information Technology,Prefer Not to Answer,Single,4.0,10.0,Mailed Check,No,37
12380,14286,24,Yes,73.09,40,Salary,152027.2,180,Manufacturing,Female,Married,3.0,1.0,Mailed Check,Yes,8
3412,14287,30,No,58.13,40,Salary,120910.40000000001,190,Manufacturing,Prefer Not to Answer,Divorced,15.5,39.5,Mailed Check,No,2
3778,14293,21,Yes,90.95,40,Salary,189176.0,91,Information_Technology,Female,Married,5.0,23.0,Direct Deposit,No,5
1359,14297,43,No,91.88,40,Salary,191110.4,12,Human Resources,Female,Divorced,1.0,8.0,Mailed Check,Yes,13
806,14301,47,Yes,33.5,40,Salary,69680.0,446,Information_Technology,Female,Divorced,2.0,10.0,Direct Deposit,No,13
3027,14320,55,No,95.48,40,Salary,198598.40000000002,348,Laboratory,Prefer Not to Answer,Divorced,2.0,6.0,Mailed Check,Yes,1
4676,14323,53,Yes,90.72,40,Salary,188697.6,328,Research,Male,Married,7.0,39.5,Direct Deposit,Yes,22
4936,14335,61,Yes,29.43,40,Salary,61214.4,349,Human Resources,Female,Single,3.0,19.0,Direct Deposit,No,16
12126,14340,27,No,96.04,40,Salary,199763.2,22,Human Resources,Male,Married,15.5,23.0,Mailed Check,No,0
3786,14342,37,Yes,45.06,40,Salary,93724.8,149,Laboratory,Female,Married,1.0,3.0,Mailed Check,Yes,10
3530,14347,32,Yes,68.29,40,Salary,142043.2,478,Human_Resources,Female,Single,2.0,11.0,Direct Deposit,No,0
643,14349,29,No,90.49,40,Salary,188219.19999999998,401,Research,Male,Married,8.0,1.0,Mailed Check,No,7
1029,14350,64,No,43.76,40,Salary,91020.79999999999,463,Information Technology,Prefer Not to Answer,Married,9.0,4.0,Mailed Check,No,37
1707,14351,37,Yes,72.86,40,Salary,151548.80000000002,248,HumanResources,Male,Divorced,15.5,3.0,Direct Deposit,No,8
12251,14353,40,No,80.23,40,Salary,166878.40000000002,77,Research,Prefer Not to Answer,Single,3.0,20.0,Mailed Check,Yes,14
2871,14356,31,No,93.67,40,Salary,194833.6,372,Human Resources,Male,Single,8.0,8.0,Direct Deposit,No,9
4915,14360,52,No,92.16,40,Salary,191692.8,201,Human Resources,Male,Single,6.0,18.0,Mailed Check,Yes,8
1863,14363,62,No,30.83,40,Salary,64126.399999999994,259,Human Resources,Female,Married,15.5,2.0,Mailed Check,No,30
3424,14375,20,Yes,30.61,40,Salary,63668.8,144,Laboratory,Male,Single,5.0,13.0,Direct Deposit,No,2
1812,14379,62,Yes,98.63,40,Salary,205150.4,238,Research,Prefer Not to Answer,Married,9.0,10.0,Direct Deposit,Yes,29
2073,14382,56,Yes,86.67,40,Salary,180273.6,396,Sales,Prefer Not to Answer,Married,5.0,2.0,Mailed Check,No,6
1001,14385,31,No,76.96,40,Salary,160076.8,465,Laboratory,Prefer Not to Answer,Divorced,3.0,18.0,Direct Deposit,No,0
13181,14395,45,No,74.58,40,Salary,155126.4,445,Human_Resources,Male,Married,15.5,8.0,Mailed Check,Yes,0
3582,14400,22,No,46.34,40,Salary,96387.20000000001,74,InformationTechnology,Prefer Not to Answer,Divorced,6.0,16.0,Mailed Check,Yes,1
829,14402,60,Yes,82.9,40,Salary,172432.0,197,HumanResources,Male,Married,7.0,25.0,Mailed Check,No,37
600,14403,35,No,31.95,40,Salary,66456.0,374,HumanResources,Female,Divorced,7.0,16.0,Direct Deposit,No,0
4073,14409,51,Yes,53.8,40,Salary,111904.0,299,Laboratory,Female,Single,8.0,3.0,Direct Deposit,No,3
5310,14411,61,Yes,62.22,40,Salary,129417.6,296,Information Technology,Female,Single,9.0,15.0,Mailed Check,No,36
783,14414,23,No,87.77,40,Salary,182561.59999999998,357,Healthcare,Prefer Not to Answer,Divorced,4.0,1.0,Mailed Check,No,15
2824,14416,52,Yes,40.32,40,Salary,83865.59999999999,440,Marketing,Male,Married,15.5,13.0,Direct Deposit,No,2
5517,14417,44,No,39.55,40,Salary,82264.0,266,HumanResources,Prefer Not to Answer,Single,1.0,6.0,Direct Deposit,No,0
5435,14418,33,No,18.09,40,Salary,37627.200000000004,142,Laboratory,Female,Single,8.0,4.0,Mailed Check,No,3
271,14424,20,No,58.48,40,Salary,121638.4,278,InformationTechnology,Male,Married,8.0,25.0,Direct Deposit,Yes,0
671,14426,36,No,44.55,40,Salary,92664.0,364,Human Resources,Male,Married,1.0,12.0,Direct Deposit,No,10
9,14427,49,No,28.56,40,Salary,59404.799999999996,459,Manufacturing,Male,Single,7.0,24.0,Mailed Check,Yes,13
4944,14429,38,No,23.81,40,Salary,49524.799999999996,37,InformationTechnology,Male,Divorced,15.5,17.0,Mailed Check,No,17
2164,14431,56,No,84.76,40,Salary,176300.80000000002,173,Marketing,Prefer Not to Answer,Married,1.0,8.0,Mailed Check,No,36
190,14432,31,No,96.05,40,Salary,199784.0,223,Information_Technology,Male,Married,6.0,3.0,Mailed Check,No,9
4502,14440,59,No,56.58,40,Salary,117686.4,404,Human Resources,Prefer Not to Answer,Divorced,5.0,9.0,Direct Deposit,Yes,16
4333,14446,65,No,67.01,40,Salary,139380.80000000002,145,Human_Resources,Female,Married,5.0,7.0,Mailed Check,No,34
12161,14450,29,No,70.97,40,Salary,147617.6,159,Sales,Female,Single,4.0,19.0,Direct Deposit,No,0
2734,14451,39,Yes,87.37,40,Salary,181729.6,68,Information Technology,Prefer Not to Answer,Married,7.0,5.0,Mailed Check,No,14
99,14453,56,No,68.33,40,Salary,142126.4,137,Manufacturing,Female,Single,6.0,14.0,Mailed Check,Yes,30
4940,14456,58,Yes,97.8,40,Salary,203424.0,92,Sales,Male,Single,9.0,2.0,Direct Deposit,No,35
2834,14458,43,Yes,55.83,40,Salary,116126.4,397,InformationTechnology,Prefer Not to Answer,Married,2.0,1.0,Mailed Check,No,3
2360,14475,51,No,87.08,40,Salary,181126.4,33,Human_Resources,Prefer Not to Answer,Married,9.0,9.0,Mailed Check,No,19
3555,14477,47,No,35.8,40,Salary,74464.0,224,Human_Resources,Prefer Not to Answer,Married,5.0,12.0,Mailed Check,No,8
4109,14480,37,Yes,97.48,40,Salary,202758.40000000002,161,Research,Male,Divorced,7.0,24.0,Mailed Check,No,0
12068,14482,34,No,98.44,40,Salary,204755.19999999998,375,Healthcare,Female,Single,3.0,12.0,Direct Deposit,Yes,11
1188,14484,50,Yes,88.29,40,Salary,183643.2,339,Information Technology,Female,Single,8.0,14.0,Mailed Check,Yes,23
4968,14486,40,Yes,90.07,40,Salary,187345.59999999998,304,InformationTechnology,Prefer Not to Answer,Divorced,15.5,8.0,Mailed Check,Yes,13
1041,14489,30,No,39.0,40,Salary,81120.0,429,Sales,Male,Married,15.5,17.0,Mailed Check,No,0
2878,14498,56,Yes,94.47,40,Salary,196497.6,337,InformationTechnology,Prefer Not to Answer,Divorced,2.0,19.0,Direct Deposit,No,8
1221,14500,37,No,39.99,40,Salary,83179.20000000001,23,Human_Resources,Female,Divorced,5.0,11.0,Direct Deposit,No,16
3941,14502,28,No,36.81,40,Salary,76564.8,172,Research,Male,Single,5.0,10.0,Mailed Check,No,0
84,14506,56,No,75.1,40,Salary,156208.0,46,Research,Prefer Not to Answer,Divorced,5.0,7.0,Mailed Check,Yes,8
12377,14513,49,No,81.0,40,Salary,168480.0,234,Human Resources,Prefer Not to Answer,Married,7.0,8.0,Mailed Check,No,4
5180,14521,33,Yes,96.94,40,Salary,201635.19999999998,127,Healthcare,Prefer Not to Answer,Divorced,8.0,3.0,Direct Deposit,No,0
12508,14524,34,Yes,17.06,40,Salary,35484.799999999996,303,Marketing,Prefer Not to Answer,Married,15.5,3.0,Mailed Check,Yes,0
12099,14525,55,No,48.59,40,Salary,101067.20000000001,176,InformationTechnology,Prefer Not to Answer,Married,7.0,23.0,Mailed Check,No,18
257,14527,61,No,44.64,40,Salary,92851.2,53,Human Resources,Male,Married,9.0,39.5,Mailed Check,No,37
1420,14530,64,Yes,66.49,40,Salary,138299.19999999998,353,Human_Resources,Prefer Not to Answer,Divorced,4.0,18.0,Direct Deposit,No,33
3725,14534,23,Yes,44.09,40,Salary,91707.20000000001,313,Sales,Female,Divorced,15.5,15.0,Mailed Check,No,0
944,14540,37,No,75.78,40,Salary,157622.4,41,Laboratory,Prefer Not to Answer,Married,9.0,12.0,Direct Deposit,No,10
4268,14542,31,No,71.36,40,Salary,148428.80000000002,369,Manufacturing,Prefer Not to Answer,Divorced,2.0,8.0,Mailed Check,Yes,9
5357,14543,20,No,98.83,40,Salary,205566.4,35,Manufacturing,Prefer Not to Answer,Divorced,8.0,16.0,Mailed Check,No,5
5953,14545,24,Yes,33.37,40,Salary,69409.59999999999,266,Manufacturing,Male,Single,5.0,8.0,Mailed Check,No,8
3213,14546,25,No,59.96,40,Salary,124716.8,223,Manufacturing,Prefer Not to Answer,Married,1.0,23.0,Direct Deposit,No,0
3415,14553,23,Yes,41.38,40,Salary,86070.40000000001,147,Human_Resources,Prefer Not to Answer,Married,6.0,1.0,Mailed Check,No,16
3475,14555,40,No,35.82,40,Salary,74505.59999999999,226,Human_Resources,Female,Single,8.0,20.0,Direct Deposit,Yes,14
3967,14559,38,No,74.79,40,Salary,155563.2,122,HumanResources,Female,Married,9.0,15.0,Direct Deposit,No,10
4404,14560,47,No,56.55,40,Salary,117624.0,26,Human Resources,Female,Married,1.0,2.0,Direct Deposit,No,5
12317,14564,36,No,69.65,40,Salary,144872.0,338,Research,Male,Single,4.0,3.0,Mailed Check,No,4
12346,14565,55,No,29.29,40,Salary,60923.2,305,Information Technology,Male,Divorced,8.0,12.0,Direct Deposit,No,28
4234,14566,63,Yes,89.05,40,Salary,185224.0,471,Healthcare,Male,Married,4.0,6.0,Direct Deposit,No,26
4962,14567,30,Yes,74.19,40,Salary,154315.19999999998,126,Manufacturing,Male,Divorced,7.0,16.0,Direct Deposit,No,8
5732,14574,60,No,64.38,40,Salary,133910.4,10,Laboratory,Female,Single,4.0,12.0,Direct Deposit,No,34
12062,14575,55,No,89.21,40,Salary,185556.8,489,Laboratory,Prefer Not to Answer,Divorced,4.0,39.5,Mailed Check,Yes,19
5000,14577,44,No,47.25,40,Salary,98280.0,412,Human Resources,Female,Single,2.0,5.0,Direct Deposit,No,10
1421,14578,61,Yes,19.46,40,Salary,40476.8,468,Human Resources,Prefer Not to Answer,Divorced,6.0,5.0,Direct Deposit,No,30
317,14579,49,No,81.07,40,Salary,168625.59999999998,344,Information Technology,Prefer Not to Answer,Single,4.0,19.0,Direct Deposit,Yes,11
4161,14584,36,No,42.31,40,Salary,88004.8,404,Sales,Prefer Not to Answer,Single,6.0,19.0,Direct Deposit,No,5
1772,14586,18,Yes,29.05,40,Salary,60424.0,61,Research,Female,Single,4.0,18.0,Mailed Check,No,0
4579,14587,64,Yes,43.95,40,Salary,91416.0,369,Marketing,Male,Divorced,2.0,8.0,Direct Deposit,No,28
2819,14596,43,No,40.25,40,Salary,83720.0,258,Laboratory,Prefer Not to Answer,Married,4.0,24.0,Direct Deposit,No,6
2304,14597,55,Yes,70.93,40,Salary,147534.40000000002,360,Marketing,Male,Divorced,7.0,24.0,Mailed Check,No,37
4897,14603,24,No,74.11,40,Salary,154148.80000000002,281,InformationTechnology,Prefer Not to Answer,Single,1.0,10.0,Direct Deposit,No,1
12314,14604,33,No,30.24,40,Salary,62899.2,416,InformationTechnology,Prefer Not to Answer,Divorced,1.0,10.0,Direct Deposit,Yes,0
1895,14607,34,Yes,24.0,40,Salary,49920.0,210,Healthcare,Female,Married,4.0,7.0,Mailed Check,No,1
1706,14609,62,Yes,41.54,40,Salary,86403.2,402,Marketing,Male,Divorced,9.0,3.0,Direct Deposit,No,37
5075,14615,19,Yes,19.59,40,Salary,40747.200000000004,371,Human_Resources,Female,Married,6.0,6.0,Direct Deposit,No,0
1403,14616,55,No,97.16,40,Salary,202092.8,172,Research,Male,Married,3.0,13.0,Direct Deposit,Yes,32
5850,14617,30,No,76.73,40,Salary,159598.40000000002,288,Manufacturing,Prefer Not to Answer,Divorced,15.5,20.0,Mailed Check,No,0
5100,14621,58,Yes,23.47,40,Salary,48817.6,290,InformationTechnology,Prefer Not to Answer,Divorced,7.0,21.0,Direct Deposit,No,22
3898,14622,37,No,86.75,40,Salary,180440.0,42,HumanResources,Male,Married,8.0,17.0,Mailed Check,Yes,3
5130,14625,61,No,21.55,40,Salary,44824.0,490,Human Resources,Female,Single,2.0,15.0,Mailed Check,No,33
3140,14626,64,No,76.77,40,Salary,159681.59999999998,150,Information Technology,Female,Single,6.0,22.0,Direct Deposit,No,10
536,14627,21,Yes,89.93,40,Salary,187054.40000000002,462,Research,Prefer Not to Answer,Married,2.0,17.0,Mailed Check,Yes,3
13103,14629,22,Yes,80.8,40,Salary,168064.0,466,Information Technology,Male,Single,2.0,25.0,Direct Deposit,No,1
1073,14631,31,No,93.59,40,Salary,194667.2,426,Manufacturing,Prefer Not to Answer,Single,3.0,2.0,Mailed Check,Yes,0
1461,14635,21,Yes,25.88,40,Salary,53830.4,399,Research,Female,Divorced,9.0,5.0,Direct Deposit,Yes,0
571,14638,32,No,32.26,40,Salary,67100.79999999999,123,Laboratory,Female,Divorced,15.5,22.0,Direct Deposit,No,0
12767,14642,51,No,41.73,40,Salary,86798.4,97,Healthcare,Male,Married,1.0,39.5,Mailed Check,No,4
5746,14646,23,No,87.8,40,Salary,182624.0,153,Research,Female,Divorced,4.0,16.0,Mailed Check,Yes,0
1722,14651,64,Yes,42.14,40,Salary,87651.2,377,Information Technology,Male,Married,7.0,24.0,Mailed Check,No,36
5220,14656,23,Yes,24.02,40,Salary,49961.6,466,Research,Female,Married,4.0,25.0,Mailed Check,No,0
1714,14663,48,No,45.15,40,Salary,93912.0,229,Laboratory,Female,Married,6.0,19.0,Mailed Check,Yes,16
4692,14664,21,Yes,63.45,40,Salary,131976.0,242,Healthcare,Prefer Not to Answer,Married,7.0,24.0,Direct Deposit,Yes,2
1918,14670,35,No,75.68,40,Salary,157414.40000000002,325,Information_Technology,Prefer Not to Answer,Married,5.0,4.0,Direct Deposit,Yes,17
2487,14675,58,No,37.47,40,Salary,77937.59999999999,210,HumanResources,Male,Single,2.0,13.0,Mailed Check,No,23
3448,14678,35,No,22.41,40,Salary,46612.799999999996,296,Laboratory,Male,Married,8.0,17.0,Mailed Check,No,0
1832,14679,51,Yes,40.28,40,Salary,83782.40000000001,384,Information Technology,Female,Divorced,1.0,4.0,Mailed Check,Yes,10
4615,14680,53,Yes,45.38,40,Salary,94390.40000000001,140,Research,Male,Married,9.0,17.0,Direct Deposit,No,23
13176,14685,55,No,72.51,40,Salary,150820.80000000002,211,Human_Resources,Male,Divorced,7.0,39.5,Mailed Check,No,23
2500,14693,23,Yes,94.72,40,Salary,197017.6,17,Research,Prefer Not to Answer,Divorced,2.0,10.0,Mailed Check,No,11
897,14697,37,No,40.66,40,Salary,84572.79999999999,238,HumanResources,Female,Divorced,8.0,15.0,Direct Deposit,Yes,16
4737,14701,49,Yes,26.29,40,Salary,54683.2,31,Sales,Female,Married,3.0,17.0,Mailed Check,Yes,7
4160,14704,52,No,76.4,40,Salary,158912.0,215,Marketing,Male,Divorced,2.0,12.0,Mailed Check,No,15
5633,14705,36,Yes,29.81,40,Salary,62004.799999999996,12,Research,Male,Married,9.0,39.5,Mailed Check,No,15
12124,14707,23,No,84.86,40,Salary,176508.80000000002,45,Manufacturing,Female,Divorced,15.5,4.0,Mailed Check,No,10
425,14709,22,Yes,36.55,40,Salary,76024.0,209,Manufacturing,Male,Single,6.0,14.0,Mailed Check,No,0
1059,14717,50,Yes,17.04,40,Salary,35443.2,127,Sales,Female,Divorced,6.0,15.0,Mailed Check,No,31
12780,14720,64,Yes,78.02,40,Salary,162281.59999999998,254,Manufacturing,Male,Single,6.0,18.0,Mailed Check,No,3
197,14721,57,Yes,82.34,40,Salary,171267.2,411,Research,Prefer Not to Answer,Married,6.0,16.0,Mailed Check,Yes,10
969,14730,55,No,82.43,40,Salary,171454.40000000002,438,InformationTechnology,Female,Single,1.0,10.0,Direct Deposit,Yes,33
2385,14735,47,No,24.01,40,Salary,49940.8,32,Manufacturing,Prefer Not to Answer,Married,4.0,21.0,Mailed Check,No,11
2823,14736,50,No,55.64,40,Salary,115731.2,134,Human Resources,Prefer Not to Answer,Married,5.0,15.0,Direct Deposit,Yes,3
5845,14739,31,Yes,72.74,40,Salary,151299.19999999998,296,Research,Male,Single,2.0,9.0,Direct Deposit,No,0
1676,14746,45,No,76.09,40,Salary,158267.2,112,Information_Technology,Male,Married,6.0,2.0,Direct Deposit,No,4
2472,14748,46,No,25.15,40,Salary,52312.0,293,InformationTechnology,Male,Married,7.0,6.0,Mailed Check,Yes,6
823,14749,48,Yes,72.89,40,Salary,151611.19999999998,9,Information_Technology,Female,Single,6.0,4.0,Mailed Check,No,3
5054,14751,64,Yes,21.98,40,Salary,45718.4,393,Human Resources,Female,Married,7.0,39.5,Direct Deposit,Yes,12
3376,14755,31,Yes,46.15,40,Salary,95992.0,278,HumanResources,Female,Divorced,2.0,18.0,Direct Deposit,No,4
4554,14764,57,No,84.69,40,Salary,176155.19999999998,288,Sales,Prefer Not to Answer,Single,7.0,4.0,Direct Deposit,No,4
4375,14772,24,Yes,94.3,40,Salary,196144.0,491,Sales,Prefer Not to Answer,Divorced,7.0,16.0,Mailed Check,Yes,0
4870,14779,46,Yes,42.53,40,Salary,88462.40000000001,361,Human Resources,Prefer Not to Answer,Divorced,4.0,19.0,Direct Deposit,No,16
3477,14780,62,No,84.18,40,Salary,175094.40000000002,491,Information Technology,Prefer Not to Answer,Single,4.0,6.0,Direct Deposit,No,37
369,14784,44,Yes,33.83,40,Salary,70366.4,101,Marketing,Male,Divorced,3.0,19.0,Mailed Check,No,16
4117,14786,63,Yes,40.8,40,Salary,84864.0,411,Human Resources,Female,Single,4.0,7.0,Mailed Check,No,37
86,14788,61,Yes,26.98,40,Salary,56118.4,181,Laboratory,Female,Divorced,2.0,10.0,Direct Deposit,No,17
834,14789,46,No,32.57,40,Salary,67745.59999999999,341,Research,Prefer Not to Answer,Married,7.0,6.0,Direct Deposit,Yes,6
5248,14791,60,Yes,77.19,40,Salary,160555.19999999998,468,Human_Resources,Prefer Not to Answer,Married,3.0,10.0,Direct Deposit,Yes,7
514,14811,26,No,37.71,40,Salary,78436.8,99,Information Technology,Male,Married,3.0,16.0,Mailed Check,No,14
202,14817,54,No,68.71,40,Salary,142916.8,90,Sales,Male,Married,7.0,12.0,Mailed Check,No,31
43,14819,57,Yes,18.85,40,Salary,39208.0,356,Laboratory,Prefer Not to Answer,Married,1.0,20.0,Mailed Check,No,25
5018,14824,34,No,52.47,40,Salary,109137.6,306,Human_Resources,Prefer Not to Answer,Divorced,3.0,13.0,Mailed Check,No,2
2238,14826,35,Yes,17.01,40,Salary,35380.8,136,Laboratory,Male,Divorced,3.0,19.0,Mailed Check,Yes,9
1732,14828,58,Yes,17.56,40,Salary,36524.799999999996,475,Laboratory,Male,Married,15.5,2.0,Mailed Check,Yes,2
12489,14833,38,Yes,30.85,40,Salary,64168.0,141,Healthcare,Female,Single,2.0,11.0,Mailed Check,No,13
3451,14834,38,No,57.49,40,Salary,119579.2,58,Laboratory,Male,Single,2.0,7.0,Mailed Check,No,12
3768,14838,38,No,99.49,40,Salary,206939.19999999998,12,Marketing,Male,Divorced,7.0,18.0,Direct Deposit,No,0
5681,14840,34,No,94.75,40,Salary,197080.0,18,Information Technology,Male,Single,3.0,11.0,Direct Deposit,No,0
2218,14842,19,Yes,95.75,40,Salary,199160.0,195,Laboratory,Prefer Not to Answer,Divorced,3.0,5.0,Mailed Check,No,0
2008,14843,18,No,85.45,40,Salary,177736.0,224,InformationTechnology,Male,Single,7.0,12.0,Direct Deposit,Yes,0
299,14848,21,No,23.53,40,Salary,48942.4,360,Human Resources,Male,Single,2.0,5.0,Mailed Check,Yes,0
3178,14852,54,No,89.7,40,Salary,186576.0,140,Marketing,Female,Divorced,5.0,9.0,Mailed Check,Yes,20
1801,14856,34,Yes,70.84,40,Salary,147347.2,499,Human_Resources,Prefer Not to Answer,Divorced,4.0,7.0,Direct Deposit,Yes,2
4097,14858,51,No,83.06,40,Salary,172764.80000000002,445,Marketing,Female,Married,15.5,3.0,Mailed Check,No,12
5813,14861,21,No,35.59,40,Salary,74027.20000000001,482,Human_Resources,Male,Divorced,2.0,12.0,Mailed Check,No,0
12107,14863,61,Yes,79.4,40,Salary,165152.0,244,Marketing,Prefer Not to Answer,Divorced,7.0,6.0,Direct Deposit,Yes,6
5118,14867,59,No,82.97,40,Salary,172577.6,460,Information_Technology,Male,Single,5.0,1.0,Mailed Check,No,15
2329,14869,33,No,33.38,40,Salary,69430.40000000001,136,Sales,Female,Divorced,5.0,25.0,Mailed Check,No,7
4818,14874,21,No,24.26,40,Salary,50460.8,419,Human_Resources,Prefer Not to Answer,Divorced,1.0,21.0,Mailed Check,No,15
5423,14876,27,No,44.89,40,Salary,93371.2,488,Sales,Prefer Not to Answer,Single,3.0,8.0,Mailed Check,Yes,0
1791,14877,42,No,37.5,40,Salary,78000.0,48,Information_Technology,Male,Married,2.0,3.0,Mailed Check,No,23
2806,14878,35,No,41.54,40,Salary,86403.2,352,Sales,Male,Single,7.0,12.0,Mailed Check,No,13
894,14881,29,No,33.18,40,Salary,69014.40000000001,294,Information_Technology,Prefer Not to Answer,Single,5.0,16.0,Direct Deposit,No,5
3543,14888,40,No,22.82,40,Salary,47465.6,124,Laboratory,Female,Married,2.0,39.5,Mailed Check,Yes,2
1750,14889,36,Yes,17.65,40,Salary,36712.0,270,Laboratory,Female,Married,5.0,3.0,Direct Deposit,No,9
12439,14890,65,No,74.93,40,Salary,155854.40000000002,67,Information_Technology,Male,Single,3.0,13.0,Mailed Check,Yes,3
5162,14892,27,Yes,86.67,40,Salary,180273.6,352,Human_Resources,Female,Single,7.0,17.0,Mailed Check,No,6
4175,14893,57,No,63.26,40,Salary,131580.80000000002,241,InformationTechnology,Female,Divorced,15.5,18.0,Direct Deposit,No,24
5127,14905,35,Yes,89.89,40,Salary,186971.19999999998,227,Laboratory,Male,Single,9.0,9.0,Mailed Check,Yes,14
3129,14909,54,Yes,38.97,40,Salary,81057.59999999999,60,Marketing,Prefer Not to Answer,Divorced,3.0,1.0,Mailed Check,No,13
2605,14916,65,No,91.71,40,Salary,190756.8,380,HumanResources,Male,Married,2.0,8.0,Mailed Check,No,37
5683,14917,54,No,35.05,40,Salary,72904.0,373,Research,Prefer Not to Answer,Divorced,15.5,21.0,Direct Deposit,No,16
2733,14918,20,Yes,53.19,40,Salary,110635.2,166,Information Technology,Prefer Not to Answer,Married,15.5,1.0,Mailed Check,Yes,16
1978,14924,63,Yes,41.0,40,Salary,85280.0,116,Laboratory,Prefer Not to Answer,Divorced,8.0,13.0,Direct Deposit,Yes,9
4613,14935,23,No,34.54,40,Salary,71843.2,252,Research,Male,Married,5.0,18.0,Mailed Check,No,0
1606,14936,56,No,49.39,40,Salary,102731.2,75,Information Technology,Prefer Not to Answer,Divorced,5.0,14.0,Mailed Check,Yes,33
3109,14937,63,No,87.44,40,Salary,181875.19999999998,323,Healthcare,Female,Divorced,7.0,17.0,Direct Deposit,Yes,26
12098,14940,57,No,98.84,40,Salary,205587.2,324,Information_Technology,Male,Married,4.0,23.0,Mailed Check,Yes,4
5553,14944,25,Yes,34.67,40,Salary,72113.6,112,HumanResources,Male,Single,8.0,2.0,Mailed Check,No,0
12014,14946,64,Yes,30.7,40,Salary,63856.0,459,Laboratory,Female,Divorced,9.0,1.0,Direct Deposit,No,4
5322,14949,56,No,34.48,40,Salary,71718.4,56,Research,Female,Married,8.0,5.0,Direct Deposit,Yes,15
2250,14950,28,No,34.29,40,Salary,71323.2,41,Laboratory,Female,Married,1.0,18.0,Mailed Check,No,6
2647,14955,50,No,40.88,40,Salary,85030.40000000001,295,Information Technology,Prefer Not to Answer,Married,1.0,25.0,Direct Deposit,No,8
12602,14956,31,Yes,75.51,40,Salary,157060.80000000002,25,Human Resources,Male,Married,15.5,19.0,Mailed Check,No,2
1414,14958,45,No,43.89,40,Salary,91291.2,329,Human Resources,Female,Single,15.5,4.0,Mailed Check,Yes,2
5421,14965,31,No,37.34,40,Salary,77667.20000000001,174,Laboratory,Prefer Not to Answer,Married,15.5,9.0,Mailed Check,No,0
373,14970,26,Yes,80.96,40,Salary,168396.8,81,Human Resources,Female,Divorced,4.0,24.0,Direct Deposit,No,0
1319,14972,56,Yes,26.74,40,Salary,55619.2,53,Information Technology,Male,Single,6.0,17.0,Direct Deposit,No,37
12530,14974,44,Yes,85.54,40,Salary,177923.2,308,HumanResources,Male,Divorced,2.0,15.0,Direct Deposit,Yes,3
5978,14976,27,Yes,53.58,40,Salary,111446.4,123,Information Technology,Male,Single,1.0,15.0,Mailed Check,No,2
5641,14979,51,Yes,27.08,40,Salary,56326.399999999994,6,InformationTechnology,Male,Divorced,9.0,4.0,Mailed Check,No,33
1504,14980,33,Yes,38.2,40,Salary,79456.0,492,Marketing,Male,Single,8.0,3.0,Mailed Check,Yes,4
12101,14981,51,Yes,46.98,40,Salary,97718.4,298,InformationTechnology,Female,Divorced,7.0,18.0,Mailed Check,Yes,6
3437,14984,60,Yes,88.94,40,Salary,184995.19999999998,40,Human_Resources,Prefer Not to Answer,Divorced,5.0,25.0,Mailed Check,No,13
2799,14986,56,No,77.57,40,Salary,161345.59999999998,174,Sales,Female,Single,7.0,8.0,Mailed Check,Yes,30
12405,14991,57,Yes,68.73,40,Salary,142958.40000000002,181,Human Resources,Prefer Not to Answer,Single,7.0,6.0,Direct Deposit,No,18
259,14994,21,No,48.86,40,Salary,101628.8,218,Human Resources,Female,Single,2.0,6.0,Direct Deposit,Yes,1
2236,14996,39,No,57.92,40,Salary,120473.6,426,HumanResources,Male,Married,8.0,1.0,Mailed Check,No,16
2606,14997,28,No,52.52,40,Salary,109241.6,489,Laboratory,Female,Divorced,15.5,7.0,Direct Deposit,Yes,0
1097,14999,52,Yes,67.51,40,Salary,140420.80000000002,118,Sales,Female,Divorced,5.0,20.0,Mailed Check,No,11
12308,15000,23,No,45.53,40,Salary,94702.40000000001,415,Manufacturing,Female,Divorced,4.0,13.0,Direct Deposit,No,7
2609,15001,52,Yes,97.56,40,Salary,202924.80000000002,455,Human Resources,Male,Single,2.0,12.0,Mailed Check,No,10
4537,15004,41,No,65.84,40,Salary,136947.2,425,InformationTechnology,Prefer Not to Answer,Single,2.0,10.0,Direct Deposit,No,19
744,15005,38,No,56.92,40,Salary,118393.6,117,Laboratory,Female,Single,15.5,6.0,Direct Deposit,Yes,11
2153,15006,44,Yes,33.15,40,Salary,68952.0,67,InformationTechnology,Male,Divorced,4.0,14.0,Direct Deposit,No,9
3420,15009,59,No,56.66,40,Salary,117852.79999999999,318,Sales,Female,Married,6.0,39.5,Direct Deposit,Yes,31
5326,15011,40,No,99.7,40,Salary,207376.0,264,Research,Female,Single,2.0,15.0,Mailed Check,No,16
3574,15014,42,No,59.45,40,Salary,123656.0,111,Manufacturing,Prefer Not to Answer,Divorced,3.0,4.0,Direct Deposit,Yes,14
665,15015,34,No,74.05,40,Salary,154024.0,29,Human Resources,Prefer Not to Answer,Married,2.0,5.0,Direct Deposit,No,13
753,15020,41,No,26.58,40,Salary,55286.399999999994,365,Marketing,Prefer Not to Answer,Married,5.0,16.0,Direct Deposit,No,22
2589,15022,36,No,66.92,40,Salary,139193.6,389,Healthcare,Female,Divorced,2.0,4.0,Direct Deposit,No,0
478,15023,32,Yes,99.28,40,Salary,206502.4,495,Laboratory,Male,Single,2.0,15.0,Mailed Check,No,9
4343,15024,61,Yes,86.98,40,Salary,180918.40000000002,473,Healthcare,Male,Divorced,2.0,9.0,Mailed Check,No,20
12468,15026,49,No,64.61,40,Salary,134388.80000000002,35,InformationTechnology,Male,Divorced,6.0,3.0,Mailed Check,No,16
12200,15028,54,Yes,38.83,40,Salary,80766.4,26,HumanResources,Female,Married,1.0,18.0,Mailed Check,No,10
5876,15032,34,Yes,63.71,40,Salary,132516.80000000002,136,Healthcare,Prefer Not to Answer,Married,5.0,9.0,Direct Deposit,No,16
2940,15036,50,Yes,90.59,40,Salary,188427.2,277,Healthcare,Prefer Not to Answer,Single,9.0,5.0,Direct Deposit,Yes,20
429,15040,41,No,19.98,40,Salary,41558.4,352,InformationTechnology,Prefer Not to Answer,Married,1.0,4.0,Direct Deposit,Yes,18
1363,15041,61,No,34.03,40,Salary,70782.40000000001,73,Marketing,Female,Married,3.0,16.0,Mailed Check,No,17
12627,15044,56,Yes,92.3,40,Salary,191984.0,307,Sales,Prefer Not to Answer,Divorced,7.0,2.0,Mailed Check,Yes,12
12387,15045,61,No,65.98,40,Salary,137238.40000000002,57,Marketing,Male,Single,7.0,3.0,Direct Deposit,No,37
12514,15046,53,Yes,30.12,40,Salary,62649.6,307,Manufacturing,Female,Married,6.0,13.0,Mailed Check,Yes,32
669,15049,24,No,22.35,40,Salary,46488.0,152,HumanResources,Male,Single,6.0,19.0,Direct Deposit,No,7
1514,15050,24,No,18.58,40,Salary,38646.399999999994,337,HumanResources,Female,Single,8.0,11.0,Direct Deposit,Yes,0
758,15053,54,No,18.6,40,Salary,38688.0,96,Human Resources,Female,Divorced,4.0,22.0,Mailed Check,No,13
229,15055,31,No,27.67,40,Salary,57553.600000000006,20,Sales,Prefer Not to Answer,Married,2.0,11.0,Mailed Check,Yes,3
1841,15058,31,No,32.24,40,Salary,67059.20000000001,324,Human Resources,Male,Divorced,1.0,24.0,Direct Deposit,No,11
4726,15065,51,Yes,64.58,40,Salary,134326.4,423,Human_Resources,Prefer Not to Answer,Married,2.0,18.0,Mailed Check,No,6
3779,15066,53,No,34.86,40,Salary,72508.8,44,Healthcare,Prefer Not to Answer,Married,8.0,16.0,Direct Deposit,No,11
5899,15069,31,No,45.86,40,Salary,95388.8,191,Healthcare,Prefer Not to Answer,Single,4.0,12.0,Direct Deposit,No,4
443,15070,27,Yes,42.43,40,Salary,88254.40000000001,95,Sales,Prefer Not to Answer,Single,4.0,9.0,Mailed Check,No,0
4555,15073,30,Yes,93.9,40,Salary,195312.0,499,Manufacturing,Prefer Not to Answer,Divorced,15.5,23.0,Mailed Check,No,6
5786,15075,35,Yes,71.67,40,Salary,149073.6,407,Marketing,Prefer Not to Answer,Married,7.0,6.0,Mailed Check,Yes,16
12451,15083,24,No,51.0,40,Salary,106080.0,346,Sales,Prefer Not to Answer,Single,2.0,23.0,Mailed Check,No,15
2851,15086,33,No,38.24,40,Salary,79539.20000000001,162,Human Resources,Female,Single,7.0,23.0,Mailed Check,Yes,15
1374,15087,41,Yes,74.01,40,Salary,153940.80000000002,333,Human_Resources,Female,Married,4.0,10.0,Direct Deposit,No,2
12788,15088,50,Yes,36.04,40,Salary,74963.2,232,Laboratory,Female,Divorced,6.0,7.0,Mailed Check,No,21
4659,15090,46,No,80.2,40,Salary,166816.0,261,Marketing,Male,Married,1.0,20.0,Direct Deposit,No,17
4641,15092,61,Yes,43.66,40,Salary,90812.79999999999,74,Research,Prefer Not to Answer,Divorced,2.0,14.0,Direct Deposit,No,11
13162,15097,54,Yes,42.8,40,Salary,89024.0,133,HumanResources,Male,Single,3.0,12.0,Mailed Check,No,22
3534,15098,61,No,22.79,40,Salary,47403.2,52,Human_Resources,Male,Single,3.0,16.0,Mailed Check,Yes,24
670,15099,31,No,78.18,40,Salary,162614.40000000002,341,InformationTechnology,Male,Divorced,5.0,5.0,Mailed Check,No,0
3853,15101,47,No,31.09,40,Salary,64667.2,16,Information_Technology,Prefer Not to Answer,Single,2.0,8.0,Mailed Check,Yes,10
285,15110,30,Yes,82.55,40,Salary,171704.0,176,Laboratory,Prefer Not to Answer,Married,9.0,7.0,Mailed Check,No,5
12129,15111,63,No,79.45,40,Salary,165256.0,470,Laboratory,Prefer Not to Answer,Married,8.0,14.0,Mailed Check,No,37
382,15113,31,Yes,32.71,40,Salary,68036.8,416,Human_Resources,Male,Single,6.0,13.0,Mailed Check,Yes,0
12695,15115,38,Yes,49.51,40,Salary,102980.79999999999,374,Research,Male,Divorced,4.0,22.0,Direct Deposit,Yes,8
12330,15126,51,No,53.43,40,Salary,111134.4,339,Human Resources,Male,Divorced,7.0,4.0,Mailed Check,Yes,12
5239,15127,30,Yes,30.14,40,Salary,62691.2,367,Human_Resources,Female,Single,5.0,18.0,Mailed Check,No,1
462,15130,26,No,53.56,40,Salary,111404.8,250,Healthcare,Male,Divorced,15.5,24.0,Mailed Check,Yes,1
4229,15134,37,No,22.11,40,Salary,45988.799999999996,424,InformationTechnology,Female,Divorced,6.0,22.0,Mailed Check,No,15
298,15136,64,Yes,35.17,40,Salary,73153.6,183,Information_Technology,Male,Married,5.0,4.0,Mailed Check,No,35
2062,15144,61,No,49.77,40,Salary,103521.6,497,Sales,Female,Single,7.0,9.0,Mailed Check,No,9
3125,15146,33,Yes,98.17,40,Salary,204193.6,228,Marketing,Female,Married,15.5,12.0,Mailed Check,Yes,5
4391,15149,33,No,78.91,40,Salary,164132.8,13,Human Resources,Prefer Not to Answer,Single,6.0,14.0,Mailed Check,No,9
1628,15153,54,No,64.77,40,Salary,134721.59999999998,68,Information Technology,Female,Single,2.0,12.0,Mailed Check,No,31
13142,15154,20,No,51.52,40,Salary,107161.6,271,Human Resources,Prefer Not to Answer,Married,15.5,2.0,Mailed Check,Yes,11
3276,15157,28,Yes,65.83,40,Salary,136926.4,124,Information Technology,Prefer Not to Answer,Married,8.0,14.0,Direct Deposit,Yes,0
2007,15158,27,Yes,55.84,40,Salary,116147.20000000001,330,Manufacturing,Female,Single,4.0,23.0,Mailed Check,No,0
2115,15166,20,No,29.03,40,Salary,60382.4,450,Research,Male,Married,5.0,3.0,Mailed Check,Yes,0
1173,15167,48,Yes,84.24,40,Salary,175219.19999999998,109,Research,Prefer Not to Answer,Married,15.5,1.0,Direct Deposit,No,27
1675,15168,23,Yes,34.11,40,Salary,70948.8,237,Information Technology,Male,Divorced,3.0,3.0,Mailed Check,No,0
4562,15171,51,Yes,20.37,40,Salary,42369.600000000006,420,Information_Technology,Female,Divorced,9.0,15.0,Mailed Check,No,16
5134,15173,32,No,72.1,40,Salary,149968.0,330,Laboratory,Female,Divorced,6.0,9.0,Direct Deposit,Yes,6
12048,15175,39,Yes,73.29,40,Salary,152443.2,439,Laboratory,Male,Single,15.5,23.0,Mailed Check,No,8
4521,15177,40,No,77.97,40,Salary,162177.6,51,HumanResources,Prefer Not to Answer,Married,1.0,19.0,Direct Deposit,No,3
1704,15178,62,Yes,49.49,40,Salary,102939.20000000001,264,Research,Female,Single,9.0,24.0,Mailed Check,No,8
3127,15189,23,Yes,78.99,40,Salary,164299.19999999998,109,Human Resources,Prefer Not to Answer,Single,8.0,25.0,Mailed Check,No,0
4861,15192,60,No,65.37,40,Salary,135969.6,476,Human_Resources,Male,Divorced,5.0,17.0,Direct Deposit,No,15
153,15194,55,Yes,66.69,40,Salary,138715.19999999998,113,Human Resources,Prefer Not to Answer,Divorced,2.0,19.0,Direct Deposit,No,31
3383,15197,50,No,28.51,40,Salary,59300.8,440,Human_Resources,Male,Single,2.0,8.0,Direct Deposit,No,17
3401,15199,64,No,20.67,40,Salary,42993.600000000006,353,Human Resources,Male,Single,8.0,12.0,Mailed Check,Yes,37
3288,15204,46,No,27.81,40,Salary,57844.799999999996,293,Laboratory,Female,Divorced,8.0,2.0,Mailed Check,No,28
2210,15210,43,Yes,87.17,40,Salary,181313.6,55,Research,Female,Married,3.0,39.5,Mailed Check,No,7
1457,15212,35,No,98.42,40,Salary,204713.6,121,Information Technology,Male,Divorced,4.0,10.0,Direct Deposit,Yes,5
1694,15215,18,No,84.74,40,Salary,176259.19999999998,322,Marketing,Prefer Not to Answer,Married,15.5,21.0,Direct Deposit,Yes,0
2319,15216,58,No,54.38,40,Salary,113110.40000000001,418,Human_Resources,Female,Divorced,4.0,5.0,Direct Deposit,No,37
136,15218,42,No,71.42,40,Salary,148553.6,24,Marketing,Female,Single,15.5,20.0,Mailed Check,No,17
13185,15220,20,No,73.9,40,Salary,153712.0,48,Research,Male,Single,1.0,12.0,Direct Deposit,No,0
5720,15224,33,No,35.56,40,Salary,73964.8,254,Human Resources,Female,Married,9.0,23.0,Direct Deposit,No,8
1588,15226,47,No,26.03,40,Salary,54142.4,272,Information_Technology,Male,Married,6.0,24.0,Mailed Check,No,9
2309,15227,63,Yes,29.68,40,Salary,61734.4,14,Information_Technology,Female,Single,7.0,9.0,Direct Deposit,No,37
5874,15232,24,Yes,26.09,40,Salary,54267.2,271,InformationTechnology,Female,Divorced,4.0,8.0,Mailed Check,Yes,3
1479,15234,45,Yes,41.07,40,Salary,85425.59999999999,188,Healthcare,Prefer Not to Answer,Single,6.0,18.0,Mailed Check,No,16
4636,15235,37,No,68.22,40,Salary,141897.6,468,Information_Technology,Prefer Not to Answer,Divorced,8.0,6.0,Mailed Check,No,14
1634,15240,58,No,22.36,40,Salary,46508.799999999996,318,Sales,Male,Divorced,9.0,7.0,Mailed Check,No,11
3586,15246,30,Yes,73.02,40,Salary,151881.59999999998,197,Information_Technology,Male,Married,7.0,19.0,Mailed Check,Yes,8
3796,15257,23,Yes,94.08,40,Salary,195686.4,457,InformationTechnology,Male,Married,3.0,3.0,Mailed Check,No,0
12105,15261,22,Yes,34.56,40,Salary,71884.8,481,Information_Technology,Male,Divorced,7.0,19.0,Direct Deposit,No,0
2877,15262,38,No,95.32,40,Salary,198265.59999999998,442,Marketing,Male,Single,8.0,9.0,Direct Deposit,No,1
2383,15264,64,No,49.58,40,Salary,103126.4,151,Information Technology,Male,Divorced,15.5,22.0,Direct Deposit,No,18
4170,15265,31,No,72.59,40,Salary,150987.2,58,Information_Technology,Prefer Not to Answer,Married,4.0,22.0,Mailed Check,Yes,11
2493,15266,49,No,37.73,40,Salary,78478.4,112,Manufacturing,Male,Divorced,6.0,24.0,Direct Deposit,Yes,6
2856,15268,44,No,89.18,40,Salary,185494.40000000002,257,Laboratory,Male,Divorced,3.0,20.0,Mailed Check,No,17
1915,15274,24,Yes,61.91,40,Salary,128772.79999999999,327,Research,Prefer Not to Answer,Married,3.0,23.0,Mailed Check,No,10
721,15275,47,Yes,93.87,40,Salary,195249.6,367,Sales,Prefer Not to Answer,Divorced,5.0,1.0,Mailed Check,No,13
4673,15284,57,No,48.5,40,Salary,100880.0,445,Information_Technology,Prefer Not to Answer,Divorced,3.0,18.0,Direct Deposit,Yes,17
1388,15289,42,Yes,39.59,40,Salary,82347.20000000001,368,Manufacturing,Male,Married,5.0,15.0,Mailed Check,No,23
12175,15291,55,Yes,27.2,40,Salary,56576.0,339,Laboratory,Male,Single,15.5,19.0,Mailed Check,No,13
1290,15292,44,Yes,32.54,40,Salary,67683.2,491,Healthcare,Male,Married,2.0,23.0,Mailed Check,No,4
12309,15294,49,No,24.32,40,Salary,50585.6,263,Human Resources,Male,Single,1.0,13.0,Direct Deposit,Yes,10
1232,15300,43,Yes,94.18,40,Salary,195894.40000000002,228,Information_Technology,Male,Married,5.0,17.0,Mailed Check,No,6
5636,15301,44,No,45.32,40,Salary,94265.59999999999,26,Manufacturing,Female,Single,15.5,3.0,Mailed Check,No,9
1192,15305,48,No,29.57,40,Salary,61505.6,410,Information Technology,Female,Divorced,5.0,5.0,Mailed Check,No,9
5802,15313,59,No,79.93,40,Salary,166254.40000000002,44,Laboratory,Male,Married,2.0,12.0,Mailed Check,No,9
323,15316,51,Yes,42.03,40,Salary,87422.40000000001,424,InformationTechnology,Female,Married,3.0,21.0,Mailed Check,No,25
12194,15320,22,No,19.59,40,Salary,40747.200000000004,177,Manufacturing,Prefer Not to Answer,Divorced,7.0,23.0,Mailed Check,No,3
12738,15322,53,Yes,36.36,40,Salary,75628.8,499,Marketing,Female,Divorced,5.0,14.0,Direct Deposit,No,16
12344,15324,56,No,29.55,40,Salary,61464.0,139,Information_Technology,Female,Single,7.0,1.0,Mailed Check,Yes,23
2350,15327,25,No,47.15,40,Salary,98072.0,26,Research,Female,Divorced,3.0,5.0,Direct Deposit,No,0
2453,15331,18,No,19.51,40,Salary,40580.8,298,Manufacturing,Female,Married,9.0,25.0,Mailed Check,No,3
2201,15332,45,No,22.35,40,Salary,46488.0,100,HumanResources,Female,Single,1.0,3.0,Mailed Check,No,0
810,15343,34,Yes,37.67,40,Salary,78353.6,313,Marketing,Female,Married,7.0,22.0,Direct Deposit,No,12
3447,15344,29,No,20.03,40,Salary,41662.4,431,Research,Prefer Not to Answer,Married,6.0,12.0,Mailed Check,No,0
4172,15347,35,Yes,40.54,40,Salary,84323.2,431,Human_Resources,Male,Divorced,7.0,7.0,Direct Deposit,No,0
3463,15350,20,Yes,26.79,40,Salary,55723.2,90,Sales,Female,Single,6.0,10.0,Mailed Check,No,0
355,15356,26,Yes,31.75,40,Salary,66040.0,484,Healthcare,Male,Divorced,6.0,10.0,Direct Deposit,No,0
282,15361,44,No,58.3,40,Salary,121264.0,326,Human_Resources,Female,Married,3.0,8.0,Mailed Check,No,8
3018,15365,19,Yes,33.65,40,Salary,69992.0,442,Laboratory,Prefer Not to Answer,Divorced,7.0,4.0,Direct Deposit,Yes,0
2296,15366,61,Yes,81.64,40,Salary,169811.19999999998,0,Manufacturing,Prefer Not to Answer,Single,5.0,5.0,Direct Deposit,No,6
13163,15368,64,Yes,77.82,40,Salary,161865.59999999998,82,HumanResources,Female,Single,1.0,11.0,Direct Deposit,No,16
1291,15370,43,Yes,58.59,40,Salary,121867.20000000001,475,Healthcare,Prefer Not to Answer,Divorced,3.0,24.0,Direct Deposit,Yes,9
5299,15375,61,Yes,33.8,40,Salary,70304.0,288,Healthcare,Female,Divorced,7.0,25.0,Mailed Check,Yes,1
5648,15378,57,No,33.96,40,Salary,70636.8,284,Information Technology,Female,Married,5.0,6.0,Mailed Check,No,27
1900,15380,60,No,74.23,40,Salary,154398.40000000002,427,Manufacturing,Prefer Not to Answer,Single,9.0,17.0,Mailed Check,No,4
12720,15383,61,Yes,19.74,40,Salary,41059.2,169,Information Technology,Prefer Not to Answer,Divorced,3.0,20.0,Mailed Check,Yes,37
3495,15388,45,No,37.49,40,Salary,77979.20000000001,114,Healthcare,Prefer Not to Answer,Married,5.0,24.0,Direct Deposit,No,14
691,15390,31,No,88.24,40,Salary,183539.19999999998,402,Manufacturing,Prefer Not to Answer,Divorced,1.0,23.0,Direct Deposit,No,13
4546,15394,20,No,86.07,40,Salary,179025.59999999998,72,Healthcare,Female,Married,2.0,21.0,Mailed Check,Yes,0
5853,15409,57,Yes,30.22,40,Salary,62857.6,376,Information Technology,Male,Married,3.0,1.0,Direct Deposit,Yes,12
3699,15412,59,Yes,91.76,40,Salary,190860.80000000002,21,Sales,Prefer Not to Answer,Divorced,15.5,17.0,Direct Deposit,No,30
4587,15418,42,No,17.93,40,Salary,37294.4,41,Laboratory,Male,Married,2.0,24.0,Direct Deposit,Yes,8
2313,15419,40,Yes,65.68,40,Salary,136614.40000000002,87,Manufacturing,Prefer Not to Answer,Divorced,15.5,3.0,Direct Deposit,No,21
1289,15426,25,No,93.01,40,Salary,193460.80000000002,289,Research,Prefer Not to Answer,Single,9.0,6.0,Mailed Check,Yes,2
4171,15430,39,Yes,63.41,40,Salary,131892.8,274,Manufacturing,Female,Single,8.0,2.0,Mailed Check,No,17
3658,15433,55,Yes,64.76,40,Salary,134700.80000000002,208,Human Resources,Female,Single,15.5,19.0,Direct Deposit,No,2
12073,15435,52,No,81.43,40,Salary,169374.40000000002,32,Sales,Male,Single,4.0,5.0,Direct Deposit,Yes,11
477,15438,32,Yes,87.92,40,Salary,182873.6,276,Information Technology,Female,Divorced,9.0,9.0,Mailed Check,No,17
1051,15439,26,No,71.08,40,Salary,147846.4,60,Information_Technology,Prefer Not to Answer,Married,6.0,19.0,Direct Deposit,No,9
205,15441,47,No,81.34,40,Salary,169187.2,251,Manufacturing,Female,Single,8.0,6.0,Direct Deposit,No,12
2559,15442,29,No,53.67,40,Salary,111633.6,64,Marketing,Prefer Not to Answer,Divorced,7.0,10.0,Mailed Check,Yes,0
5076,15446,39,No,29.13,40,Salary,60590.4,373,Sales,Female,Single,5.0,24.0,Direct Deposit,No,15
1794,15447,63,No,25.69,40,Salary,53435.200000000004,294,Manufacturing,Prefer Not to Answer,Single,15.5,11.0,Direct Deposit,No,30
2709,15448,31,No,77.16,40,Salary,160492.8,185,Information Technology,Female,Single,7.0,11.0,Direct Deposit,Yes,1
2784,15449,52,Yes,45.12,40,Salary,93849.59999999999,413,Sales,Prefer Not to Answer,Single,9.0,19.0,Direct Deposit,Yes,1
4014,15451,43,No,94.99,40,Salary,197579.19999999998,228,Human Resources,Female,Divorced,6.0,12.0,Direct Deposit,No,7
2109,15454,35,Yes,88.94,40,Salary,184995.19999999998,479,Manufacturing,Male,Married,2.0,10.0,Direct Deposit,No,17
4839,15463,58,No,32.1,40,Salary,66768.0,140,Marketing,Male,Married,4.0,10.0,Direct Deposit,No,13
4773,15464,29,No,65.81,40,Salary,136884.80000000002,401,Healthcare,Female,Divorced,7.0,21.0,Mailed Check,Yes,0
683,15465,22,No,28.77,40,Salary,59841.6,304,Healthcare,Prefer Not to Answer,Single,8.0,21.0,Direct Deposit,Yes,15
1639,15470,59,Yes,57.78,40,Salary,120182.4,248,HumanResources,Male,Divorced,3.0,17.0,Direct Deposit,No,36
5604,15472,42,No,19.8,40,Salary,41184.0,31,Marketing,Male,Single,8.0,23.0,Direct Deposit,Yes,13
2859,15479,60,Yes,81.21,40,Salary,168916.8,478,Human_Resources,Female,Divorced,1.0,23.0,Mailed Check,No,13
2207,15480,35,Yes,51.34,40,Salary,106787.20000000001,451,Information Technology,Male,Divorced,4.0,3.0,Direct Deposit,No,17
3183,15482,50,Yes,56.24,40,Salary,116979.2,198,Laboratory,Male,Divorced,8.0,20.0,Mailed Check,Yes,26
696,15486,51,No,37.96,40,Salary,78956.8,411,Information_Technology,Prefer Not to Answer,Married,5.0,4.0,Mailed Check,Yes,5
790,15487,63,No,81.01,40,Salary,168500.80000000002,72,Laboratory,Male,Single,1.0,39.5,Mailed Check,No,37
4494,15488,47,Yes,95.11,40,Salary,197828.80000000002,459,Information Technology,Female,Married,1.0,5.0,Direct Deposit,Yes,9
5516,15497,30,No,89.62,40,Salary,186409.6,318,Marketing,Female,Divorced,5.0,25.0,Mailed Check,Yes,10
332,15499,30,No,77.24,40,Salary,160659.19999999998,133,Manufacturing,Female,Single,2.0,39.5,Mailed Check,No,0
4158,15506,64,Yes,66.37,40,Salary,138049.6,76,Laboratory,Prefer Not to Answer,Married,6.0,39.5,Mailed Check,No,10
302,15510,22,No,21.65,40,Salary,45032.0,152,Healthcare,Prefer Not to Answer,Single,8.0,17.0,Direct Deposit,No,10
5826,15515,32,Yes,97.42,40,Salary,202633.6,249,Information_Technology,Female,Single,4.0,13.0,Mailed Check,Yes,0
4708,15516,37,No,46.19,40,Salary,96075.2,366,Information_Technology,Female,Single,7.0,17.0,Mailed Check,Yes,0
1254,15517,22,Yes,24.15,40,Salary,50232.0,184,Human Resources,Female,Single,9.0,39.5,Direct Deposit,No,4
4155,15524,45,Yes,37.99,40,Salary,79019.20000000001,411,Healthcare,Male,Married,1.0,7.0,Direct Deposit,Yes,5
7,15526,24,No,75.03,40,Salary,156062.4,277,Sales,Male,Single,3.0,39.5,Direct Deposit,No,12
1960,15528,46,Yes,39.97,40,Salary,83137.59999999999,152,Human Resources,Male,Divorced,3.0,9.0,Direct Deposit,No,22
12390,15530,48,No,79.81,40,Salary,166004.80000000002,125,Research,Male,Single,15.5,22.0,Direct Deposit,No,11
4034,15531,22,No,75.55,40,Salary,157144.0,259,HumanResources,Male,Single,6.0,2.0,Direct Deposit,Yes,8
3505,15532,50,No,35.43,40,Salary,73694.40000000001,241,Manufacturing,Male,Married,6.0,16.0,Direct Deposit,Yes,22
4445,15534,60,No,83.33,40,Salary,173326.4,118,Human_Resources,Female,Single,6.0,20.0,Direct Deposit,No,32
1098,15542,35,No,30.93,40,Salary,64334.4,495,Information_Technology,Prefer Not to Answer,Single,5.0,5.0,Direct Deposit,Yes,4
3976,15543,57,Yes,22.41,40,Salary,46612.799999999996,81,Marketing,Prefer Not to Answer,Single,1.0,2.0,Mailed Check,Yes,16
2031,15545,55,No,71.93,40,Salary,149614.40000000002,472,Manufacturing,Male,Single,1.0,18.0,Mailed Check,No,27
2975,15548,23,No,17.96,40,Salary,37356.8,177,Information_Technology,Male,Married,9.0,6.0,Mailed Check,Yes,0
828,15550,23,No,60.58,40,Salary,126006.4,62,Manufacturing,Prefer Not to Answer,Married,2.0,20.0,Direct Deposit,No,3
68,15552,30,Yes,54.27,40,Salary,112881.6,12,Laboratory,Female,Single,4.0,19.0,Direct Deposit,Yes,0
2489,15554,45,Yes,72.56,40,Salary,150924.80000000002,429,InformationTechnology,Female,Married,7.0,7.0,Mailed Check,No,11
1565,15557,60,No,83.36,40,Salary,173388.80000000002,102,HumanResources,Male,Divorced,9.0,12.0,Direct Deposit,No,6
5185,15558,58,No,23.24,40,Salary,48339.2,305,Sales,Male,Married,4.0,5.0,Mailed Check,No,23
5281,15559,26,Yes,37.33,40,Salary,77646.4,229,Healthcare,Female,Single,6.0,8.0,Direct Deposit,Yes,16
12100,15564,57,Yes,55.91,40,Salary,116292.79999999999,257,Sales,Male,Married,8.0,19.0,Mailed Check,No,10
5080,15570,50,Yes,74.91,40,Salary,155812.8,133,Research,Female,Married,4.0,3.0,Mailed Check,No,15
1391,15574,41,No,66.09,40,Salary,137467.2,133,Human_Resources,Prefer Not to Answer,Married,8.0,22.0,Mailed Check,Yes,0
12598,15581,57,No,34.32,40,Salary,71385.59999999999,439,InformationTechnology,Prefer Not to Answer,Single,1.0,2.0,Direct Deposit,No,32
5530,15587,42,Yes,80.11,40,Salary,166628.80000000002,178,HumanResources,Female,Single,15.5,3.0,Mailed Check,No,7
1139,15591,43,No,35.8,40,Salary,74464.0,339,Manufacturing,Female,Divorced,8.0,2.0,Direct Deposit,No,17
46,15595,48,Yes,35.52,40,Salary,73881.6,67,Marketing,Male,Single,4.0,4.0,Mailed Check,Yes,19
1809,15597,62,No,79.66,40,Salary,165692.8,392,Research,Female,Divorced,1.0,23.0,Mailed Check,No,20
4030,15602,32,Yes,39.78,40,Salary,82742.40000000001,438,Information Technology,Prefer Not to Answer,Married,3.0,9.0,Mailed Check,No,4
1141,15603,53,Yes,83.33,40,Salary,173326.4,110,Marketing,Male,Single,5.0,6.0,Mailed Check,No,30
5717,15609,23,Yes,60.52,40,Salary,125881.6,81,Laboratory,Male,Divorced,2.0,9.0,Mailed Check,No,0
347,15610,37,Yes,50.94,40,Salary,105955.2,234,HumanResources,Male,Divorced,7.0,15.0,Direct Deposit,Yes,8
1903,15612,50,Yes,37.58,40,Salary,78166.4,314,InformationTechnology,Female,Single,4.0,17.0,Direct Deposit,No,19
751,15618,54,Yes,94.34,40,Salary,196227.2,194,Information Technology,Female,Married,3.0,24.0,Mailed Check,No,8
12389,15622,59,No,18.82,40,Salary,39145.6,27,Human_Resources,Male,Single,7.0,24.0,Mailed Check,Yes,7
12333,15631,37,Yes,84.42,40,Salary,175593.6,143,Human_Resources,Prefer Not to Answer,Divorced,5.0,16.0,Mailed Check,Yes,19
5674,15634,30,No,45.91,40,Salary,95492.79999999999,216,Sales,Female,Married,4.0,9.0,Mailed Check,No,4
12424,15636,37,No,85.02,40,Salary,176841.59999999998,107,Marketing,Female,Married,3.0,24.0,Direct Deposit,No,11
1703,15638,32,No,98.57,40,Salary,205025.59999999998,260,Human Resources,Male,Married,5.0,3.0,Mailed Check,No,9
2890,15640,31,No,29.26,40,Salary,60860.8,229,InformationTechnology,Prefer Not to Answer,Single,8.0,9.0,Mailed Check,No,0
3620,15641,24,No,71.91,40,Salary,149572.8,278,Sales,Male,Married,7.0,15.0,Mailed Check,No,16
12485,15644,64,Yes,91.89,40,Salary,191131.19999999998,352,Sales,Prefer Not to Answer,Married,2.0,7.0,Direct Deposit,Yes,33
4220,15654,61,Yes,42.1,40,Salary,87568.0,17,Marketing,Female,Single,8.0,3.0,Direct Deposit,No,17
3989,15656,64,No,90.59,40,Salary,188427.2,134,Laboratory,Prefer Not to Answer,Married,6.0,14.0,Direct Deposit,No,37
5148,15657,28,Yes,95.31,40,Salary,198244.80000000002,277,InformationTechnology,Prefer Not to Answer,Single,9.0,39.5,Mailed Check,Yes,0
4851,15667,23,Yes,90.32,40,Salary,187865.59999999998,273,Information Technology,Male,Single,8.0,4.0,Direct Deposit,No,0
5712,15672,46,Yes,50.06,40,Salary,104124.8,252,HumanResources,Prefer Not to Answer,Single,8.0,4.0,Mailed Check,No,7
12622,15673,26,Yes,92.31,40,Salary,192004.80000000002,234,HumanResources,Female,Single,9.0,19.0,Mailed Check,No,0
539,15676,57,No,65.42,40,Salary,136073.6,474,Healthcare,Female,Divorced,3.0,11.0,Mailed Check,No,12
5331,15679,46,No,29.26,40,Salary,60860.8,434,Sales,Female,Divorced,8.0,6.0,Mailed Check,Yes,26
5315,15683,54,Yes,39.77,40,Salary,82721.6,396,Healthcare,Male,Married,4.0,25.0,Mailed Check,No,35
1752,15685,52,No,86.64,40,Salary,180211.19999999998,248,Human_Resources,Female,Married,4.0,4.0,Mailed Check,No,2
3702,15686,43,Yes,54.09,40,Salary,112507.20000000001,457,Human_Resources,Female,Married,2.0,10.0,Mailed Check,No,3
3038,15692,25,Yes,77.72,40,Salary,161657.6,33,InformationTechnology,Prefer Not to Answer,Single,7.0,17.0,Mailed Check,No,1
12216,15697,37,Yes,74.73,40,Salary,155438.40000000002,261,Sales,Prefer Not to Answer,Single,8.0,15.0,Mailed Check,No,7
1541,15698,36,Yes,70.19,40,Salary,145995.19999999998,303,Research,Prefer Not to Answer,Married,6.0,2.0,Direct Deposit,No,18
748,15699,23,No,64.41,40,Salary,133972.8,325,Information_Technology,Prefer Not to Answer,Single,7.0,39.5,Direct Deposit,No,0
2038,15700,62,Yes,26.49,40,Salary,55099.2,48,Manufacturing,Prefer Not to Answer,Single,9.0,39.5,Direct Deposit,Yes,37
5700,15709,50,No,92.84,40,Salary,193107.2,185,Sales,Prefer Not to Answer,Single,8.0,4.0,Mailed Check,No,6
2118,15711,64,No,28.01,40,Salary,58260.8,204,Laboratory,Female,Married,4.0,24.0,Mailed Check,No,4
1281,15718,39,No,95.81,40,Salary,199284.80000000002,371,Marketing,Female,Married,1.0,10.0,Mailed Check,Yes,13
12,15719,25,Yes,25.2,40,Salary,52416.0,274,InformationTechnology,Female,Married,7.0,13.0,Direct Deposit,Yes,0
5751,15721,57,Yes,97.88,40,Salary,203590.4,225,Information Technology,Prefer Not to Answer,Single,9.0,7.0,Mailed Check,No,18
5288,15725,40,Yes,40.66,40,Salary,84572.79999999999,407,Laboratory,Prefer Not to Answer,Divorced,9.0,8.0,Mailed Check,No,13
2937,15727,36,No,78.17,40,Salary,162593.6,459,Human Resources,Female,Divorced,4.0,21.0,Direct Deposit,No,0
5437,15728,27,Yes,19.09,40,Salary,39707.200000000004,267,Marketing,Male,Divorced,6.0,14.0,Mailed Check,No,11
915,15730,62,No,92.25,40,Salary,191880.0,453,Human_Resources,Male,Single,6.0,5.0,Direct Deposit,No,32
1697,15739,44,No,43.43,40,Salary,90334.40000000001,141,InformationTechnology,Female,Married,15.5,24.0,Direct Deposit,No,14
4539,15743,21,No,42.33,40,Salary,88046.4,364,Manufacturing,Female,Divorced,5.0,7.0,Mailed Check,No,0
12284,15748,45,No,67.55,40,Salary,140504.0,239,Human_Resources,Female,Married,5.0,16.0,Direct Deposit,No,4
4550,15760,39,No,50.28,40,Salary,104582.40000000001,228,Information_Technology,Prefer Not to Answer,Married,5.0,13.0,Direct Deposit,No,1
12555,15761,23,Yes,62.92,40,Salary,130873.6,118,InformationTechnology,Female,Married,7.0,17.0,Direct Deposit,Yes,1
5707,15764,32,Yes,76.14,40,Salary,158371.19999999998,202,Human Resources,Prefer Not to Answer,Single,3.0,8.0,Mailed Check,Yes,12
4345,15771,41,Yes,67.93,40,Salary,141294.40000000002,242,Research,Prefer Not to Answer,Married,7.0,10.0,Mailed Check,No,3
2510,15774,49,No,40.01,40,Salary,83220.79999999999,209,Healthcare,Prefer Not to Answer,Married,1.0,3.0,Mailed Check,No,9
2949,15776,47,No,48.03,40,Salary,99902.40000000001,378,HumanResources,Prefer Not to Answer,Divorced,1.0,4.0,Mailed Check,Yes,14
1961,15787,30,No,51.52,40,Salary,107161.6,243,Human Resources,Prefer Not to Answer,Divorced,8.0,23.0,Mailed Check,No,11
12431,15788,59,Yes,50.51,40,Salary,105060.79999999999,202,Marketing,Male,Divorced,4.0,14.0,Direct Deposit,No,26
12649,15796,60,No,17.29,40,Salary,35963.2,181,Healthcare,Prefer Not to Answer,Single,9.0,5.0,Direct Deposit,No,23
4437,15798,62,No,29.46,40,Salary,61276.8,375,Human Resources,Female,Married,5.0,22.0,Direct Deposit,No,15
784,15801,26,No,44.29,40,Salary,92123.2,475,Sales,Prefer Not to Answer,Single,2.0,4.0,Mailed Check,No,3
965,15804,44,No,95.04,40,Salary,197683.2,64,Research,Prefer Not to Answer,Married,4.0,17.0,Direct Deposit,Yes,0
5489,15805,40,No,49.83,40,Salary,103646.4,243,Manufacturing,Female,Married,7.0,23.0,Direct Deposit,No,10
3461,15806,65,Yes,61.59,40,Salary,128107.20000000001,369,Human Resources,Prefer Not to Answer,Single,15.5,8.0,Direct Deposit,Yes,6
1157,15810,35,Yes,49.1,40,Salary,102128.0,233,Healthcare,Female,Married,5.0,1.0,Mailed Check,Yes,9
5660,15814,34,No,81.02,40,Salary,168521.59999999998,158,Human_Resources,Prefer Not to Answer,Single,1.0,20.0,Mailed Check,No,0
12581,15820,62,No,59.52,40,Salary,123801.6,9,Manufacturing,Prefer Not to Answer,Divorced,5.0,6.0,Mailed Check,Yes,15
504,15829,20,Yes,65.66,40,Salary,136572.8,241,Manufacturing,Female,Divorced,2.0,24.0,Mailed Check,Yes,10
2808,15830,35,No,63.97,40,Salary,133057.6,289,Research,Male,Married,15.5,25.0,Mailed Check,No,14
4664,15833,50,Yes,93.05,40,Salary,193544.0,321,Laboratory,Male,Divorced,9.0,9.0,Mailed Check,No,20
12173,15834,18,No,85.07,40,Salary,176945.59999999998,307,Research,Prefer Not to Answer,Single,8.0,19.0,Direct Deposit,No,0
1880,15835,43,Yes,72.42,40,Salary,150633.6,68,InformationTechnology,Female,Single,5.0,20.0,Mailed Check,No,10
1058,15837,49,Yes,86.91,40,Salary,180772.8,78,Information_Technology,Female,Married,2.0,5.0,Direct Deposit,No,5
503,15838,46,Yes,49.91,40,Salary,103812.79999999999,203,Information_Technology,Male,Divorced,4.0,16.0,Direct Deposit,No,9
4580,15843,63,No,51.95,40,Salary,108056.0,3,Marketing,Female,Single,7.0,3.0,Direct Deposit,No,32
2591,15848,62,No,33.08,40,Salary,68806.4,182,Sales,Male,Single,3.0,2.0,Mailed Check,No,10
4270,15852,63,No,70.13,40,Salary,145870.4,7,Human_Resources,Male,Divorced,15.5,16.0,Mailed Check,No,25
3331,15853,22,Yes,84.12,40,Salary,174969.6,301,HumanResources,Male,Divorced,7.0,2.0,Mailed Check,No,0
814,15854,54,Yes,92.72,40,Salary,192857.6,5,Human Resources,Male,Married,5.0,5.0,Mailed Check,No,7
4524,15855,49,No,88.03,40,Salary,183102.4,338,Information_Technology,Male,Divorced,1.0,11.0,Mailed Check,No,18
1776,15859,59,No,29.33,40,Salary,61006.399999999994,163,Research,Female,Divorced,5.0,6.0,Mailed Check,Yes,2
5965,15862,50,Yes,26.81,40,Salary,55764.799999999996,343,Sales,Male,Single,15.5,20.0,Mailed Check,No,8
12444,15865,57,No,40.26,40,Salary,83740.79999999999,148,Marketing,Prefer Not to Answer,Single,6.0,19.0,Direct Deposit,Yes,6
4118,15867,50,No,88.64,40,Salary,184371.19999999998,101,Information_Technology,Male,Married,4.0,8.0,Mailed Check,No,17
12558,15868,27,No,21.05,40,Salary,43784.0,311,Healthcare,Female,Married,7.0,16.0,Mailed Check,No,0
4124,15874,41,Yes,36.27,40,Salary,75441.6,460,HumanResources,Female,Divorced,9.0,18.0,Mailed Check,No,10
3232,15883,21,Yes,80.27,40,Salary,166961.59999999998,369,HumanResources,Female,Single,6.0,8.0,Direct Deposit,Yes,0
3452,15884,47,No,90.57,40,Salary,188385.59999999998,447,Research,Prefer Not to Answer,Single,3.0,9.0,Direct Deposit,No,26
5523,15885,44,Yes,26.92,40,Salary,55993.600000000006,198,InformationTechnology,Male,Divorced,1.0,12.0,Mailed Check,Yes,9
3237,15886,31,No,85.21,40,Salary,177236.8,286,Human Resources,Female,Married,3.0,12.0,Mailed Check,No,8
238,15888,34,No,72.89,40,Salary,151611.19999999998,343,HumanResources,Male,Divorced,9.0,21.0,Mailed Check,No,0
4285,15896,32,Yes,41.07,40,Salary,85425.59999999999,472,HumanResources,Female,Single,5.0,19.0,Mailed Check,No,10
12684,15897,26,Yes,90.53,40,Salary,188302.4,383,Human_Resources,Female,Single,4.0,23.0,Mailed Check,No,3
156,15898,53,Yes,92.71,40,Salary,192836.8,263,Manufacturing,Male,Single,6.0,22.0,Direct Deposit,Yes,14
3261,15901,51,No,38.6,40,Salary,80288.0,160,Manufacturing,Male,Divorced,15.5,7.0,Direct Deposit,No,13
12179,15903,39,Yes,45.79,40,Salary,95243.2,294,HumanResources,Prefer Not to Answer,Single,6.0,19.0,Direct Deposit,No,6
2970,15908,34,No,61.91,40,Salary,128772.79999999999,265,Information_Technology,Prefer Not to Answer,Married,3.0,9.0,Mailed Check,Yes,0
12219,15910,45,Yes,84.04,40,Salary,174803.2,111,Research,Prefer Not to Answer,Divorced,7.0,25.0,Direct Deposit,Yes,9
5622,15912,59,Yes,37.43,40,Salary,77854.40000000001,326,Information Technology,Female,Married,6.0,20.0,Mailed Check,No,13
3355,15913,60,Yes,21.29,40,Salary,44283.2,57,Manufacturing,Female,Divorced,9.0,11.0,Direct Deposit,Yes,37
4475,15918,62,No,29.43,40,Salary,61214.4,264,Human_Resources,Male,Single,5.0,13.0,Direct Deposit,No,37
2570,15919,50,No,45.42,40,Salary,94473.6,194,Marketing,Prefer Not to Answer,Single,4.0,11.0,Mailed Check,No,15
2721,15932,57,Yes,97.66,40,Salary,203132.8,226,Healthcare,Female,Single,4.0,18.0,Direct Deposit,No,9
760,15937,62,No,54.38,40,Salary,113110.40000000001,368,Human Resources,Prefer Not to Answer,Divorced,7.0,20.0,Mailed Check,Yes,25
4997,15940,36,No,23.21,40,Salary,48276.8,25,Healthcare,Female,Single,4.0,1.0,Mailed Check,No,2
5195,15951,58,Yes,97.12,40,Salary,202009.6,443,Information Technology,Female,Divorced,5.0,17.0,Mailed Check,Yes,22
1475,15958,21,Yes,59.71,40,Salary,124196.8,227,Laboratory,Male,Divorced,4.0,7.0,Direct Deposit,Yes,0
12203,15961,22,No,42.71,40,Salary,88836.8,448,Sales,Male,Divorced,3.0,3.0,Mailed Check,Yes,0
2959,15963,58,No,85.56,40,Salary,177964.80000000002,121,Laboratory,Female,Divorced,5.0,25.0,Mailed Check,No,9
356,15966,36,No,39.49,40,Salary,82139.20000000001,190,Manufacturing,Female,Married,6.0,17.0,Mailed Check,Yes,0
2508,15969,51,Yes,72.53,40,Salary,150862.4,263,Information Technology,Prefer Not to Answer,Divorced,7.0,12.0,Direct Deposit,No,32
3683,15970,37,No,64.89,40,Salary,134971.19999999998,388,Research,Prefer Not to Answer,Divorced,15.5,22.0,Mailed Check,No,0
12775,15974,33,No,55.93,40,Salary,116334.4,489,Human_Resources,Prefer Not to Answer,Married,4.0,20.0,Direct Deposit,No,9
4696,15981,40,No,88.97,40,Salary,185057.6,389,Marketing,Prefer Not to Answer,Single,7.0,8.0,Mailed Check,No,22
1666,15984,47,Yes,89.03,40,Salary,185182.4,252,Research,Prefer Not to Answer,Single,6.0,25.0,Mailed Check,No,28
12337,15985,43,No,96.45,40,Salary,200616.0,373,Research,Male,Divorced,8.0,23.0,Mailed Check,No,22
5069,15986,33,No,57.64,40,Salary,119891.2,426,Human Resources,Prefer Not to Answer,Divorced,2.0,20.0,Direct Deposit,Yes,11
166,15990,64,No,34.47,40,Salary,71697.59999999999,156,HumanResources,Female,Divorced,9.0,16.0,Direct Deposit,Yes,37
1857,15992,23,No,80.0,40,Salary,166400.0,262,Healthcare,Male,Married,9.0,6.0,Mailed Check,No,0
1452,15993,35,No,80.69,40,Salary,167835.19999999998,231,Information Technology,Female,Single,1.0,12.0,Mailed Check,No,10
2276,15995,18,No,99.08,40,Salary,206086.4,451,Information_Technology,Prefer Not to Answer,Single,8.0,20.0,Mailed Check,No,0
5389,16006,52,Yes,49.4,40,Salary,102752.0,76,Manufacturing,Prefer Not to Answer,Single,1.0,24.0,Mailed Check,Yes,26
2992,16011,60,No,90.33,40,Salary,187886.4,342,Marketing,Prefer Not to Answer,Divorced,8.0,18.0,Direct Deposit,Yes,5
12717,16013,55,No,47.01,40,Salary,97780.79999999999,89,Marketing,Female,Married,6.0,2.0,Mailed Check,Yes,35
3051,16015,40,Yes,98.47,40,Salary,204817.6,466,Laboratory,Male,Single,9.0,6.0,Mailed Check,No,15
4629,16018,24,Yes,26.45,40,Salary,55016.0,372,Research,Prefer Not to Answer,Divorced,8.0,23.0,Direct Deposit,No,0
779,16020,43,Yes,23.99,40,Salary,49899.2,454,Information_Technology,Female,Divorced,2.0,22.0,Mailed Check,No,4
4400,16025,34,No,87.64,40,Salary,182291.19999999998,42,Sales,Female,Single,15.5,12.0,Mailed Check,No,12
587,16039,59,No,90.73,40,Salary,188718.40000000002,258,HumanResources,Male,Single,15.5,9.0,Direct Deposit,No,37
237,16047,19,Yes,75.46,40,Salary,156956.8,472,Information Technology,Female,Married,5.0,8.0,Direct Deposit,Yes,11
2988,16049,38,Yes,27.86,40,Salary,57948.8,277,Research,Prefer Not to Answer,Divorced,9.0,13.0,Mailed Check,Yes,14
5892,16050,33,Yes,62.13,40,Salary,129230.40000000001,315,Marketing,Prefer Not to Answer,Single,4.0,8.0,Mailed Check,No,0
4277,16053,63,No,21.57,40,Salary,44865.6,169,Information Technology,Prefer Not to Answer,Married,9.0,22.0,Mailed Check,Yes,35
1855,16054,44,No,25.4,40,Salary,52832.0,85,InformationTechnology,Prefer Not to Answer,Single,15.5,19.0,Direct Deposit,Yes,3
4046,16055,38,Yes,50.81,40,Salary,105684.8,479,Information Technology,Female,Single,1.0,20.0,Direct Deposit,Yes,0
2835,16056,45,No,52.85,40,Salary,109928.0,206,Information_Technology,Female,Divorced,2.0,12.0,Direct Deposit,No,2
738,16058,19,Yes,39.91,40,Salary,83012.79999999999,466,Manufacturing,Prefer Not to Answer,Married,6.0,7.0,Mailed Check,No,17
5545,16059,54,Yes,56.39,40,Salary,117291.2,268,Research,Prefer Not to Answer,Divorced,7.0,7.0,Mailed Check,No,35
12656,16062,24,No,83.21,40,Salary,173076.8,369,Marketing,Female,Divorced,1.0,12.0,Mailed Check,No,12
4679,16067,51,Yes,74.01,40,Salary,153940.80000000002,425,Research,Male,Single,4.0,24.0,Direct Deposit,No,19
324,16069,27,Yes,19.33,40,Salary,40206.399999999994,463,Marketing,Male,Divorced,9.0,7.0,Direct Deposit,No,0
12054,16070,56,Yes,26.51,40,Salary,55140.8,46,Laboratory,Prefer Not to Answer,Single,7.0,22.0,Mailed Check,No,32
837,16071,58,No,88.07,40,Salary,183185.59999999998,107,HumanResources,Prefer Not to Answer,Married,15.5,16.0,Mailed Check,Yes,15
2469,16074,26,No,93.12,40,Salary,193689.6,36,Laboratory,Female,Single,5.0,18.0,Mailed Check,Yes,6
5029,16075,24,Yes,77.21,40,Salary,160596.8,377,Healthcare,Female,Married,4.0,22.0,Mailed Check,No,2
4362,16076,60,No,94.91,40,Salary,197412.8,200,Manufacturing,Male,Single,4.0,17.0,Direct Deposit,Yes,14
3470,16078,65,Yes,44.62,40,Salary,92809.59999999999,23,InformationTechnology,Prefer Not to Answer,Single,1.0,1.0,Direct Deposit,No,37
2815,16079,63,Yes,74.08,40,Salary,154086.4,411,Laboratory,Female,Married,3.0,17.0,Mailed Check,No,17
1919,16087,19,No,63.37,40,Salary,131809.59999999998,328,HumanResources,Male,Single,6.0,9.0,Direct Deposit,No,0
1219,16091,21,No,84.1,40,Salary,174928.0,80,Laboratory,Female,Married,2.0,8.0,Direct Deposit,No,0
3151,16092,28,Yes,99.2,40,Salary,206336.0,286,InformationTechnology,Male,Single,9.0,21.0,Mailed Check,Yes,10
5081,16094,40,Yes,38.0,40,Salary,79040.0,156,Healthcare,Prefer Not to Answer,Single,6.0,23.0,Mailed Check,No,8
4855,16096,38,Yes,35.63,40,Salary,74110.40000000001,499,Information_Technology,Female,Divorced,2.0,11.0,Mailed Check,Yes,17
2556,16099,32,No,45.24,40,Salary,94099.20000000001,382,Sales,Prefer Not to Answer,Single,9.0,14.0,Direct Deposit,No,0
12256,16103,64,No,45.54,40,Salary,94723.2,321,Manufacturing,Male,Divorced,1.0,10.0,Mailed Check,No,15
13173,16104,49,Yes,87.54,40,Salary,182083.2,142,Human_Resources,Female,Single,9.0,1.0,Mailed Check,No,9
5686,16105,57,No,91.29,40,Salary,189883.2,365,Sales,Male,Married,1.0,24.0,Mailed Check,No,4
3727,16112,24,Yes,93.6,40,Salary,194688.0,116,Laboratory,Female,Single,15.5,22.0,Mailed Check,No,9
451,16113,28,No,22.87,40,Salary,47569.600000000006,351,Sales,Male,Single,7.0,11.0,Mailed Check,No,7
5368,16114,28,No,25.73,40,Salary,53518.4,417,Information_Technology,Male,Single,3.0,16.0,Mailed Check,Yes,6
5345,16115,61,No,51.7,40,Salary,107536.0,167,Manufacturing,Female,Married,9.0,13.0,Mailed Check,Yes,16
5492,16116,58,Yes,42.69,40,Salary,88795.2,321,InformationTechnology,Male,Divorced,3.0,20.0,Mailed Check,Yes,28
1140,16120,31,No,97.9,40,Salary,203632.0,456,Human_Resources,Male,Single,3.0,6.0,Mailed Check,No,10
3035,16122,63,No,18.88,40,Salary,39270.399999999994,308,Marketing,Prefer Not to Answer,Married,6.0,10.0,Mailed Check,No,2
152,16123,27,No,46.1,40,Salary,95888.0,76,Human_Resources,Male,Single,2.0,14.0,Mailed Check,No,11
4544,16134,45,Yes,56.32,40,Salary,117145.6,477,InformationTechnology,Prefer Not to Answer,Married,9.0,14.0,Mailed Check,No,4
2664,16135,44,Yes,65.61,40,Salary,136468.80000000002,40,Research,Prefer Not to Answer,Divorced,5.0,4.0,Direct Deposit,No,4
12715,16139,21,No,97.55,40,Salary,202904.0,65,Human_Resources,Male,Divorced,15.5,6.0,Mailed Check,No,16
413,16141,19,Yes,66.18,40,Salary,137654.40000000002,281,InformationTechnology,Prefer Not to Answer,Married,7.0,12.0,Mailed Check,Yes,11
3458,16144,21,No,53.24,40,Salary,110739.2,267,Sales,Male,Single,1.0,12.0,Mailed Check,No,2
1646,16146,23,No,47.08,40,Salary,97926.4,317,InformationTechnology,Prefer Not to Answer,Divorced,8.0,15.0,Direct Deposit,No,0
4335,16150,33,Yes,80.52,40,Salary,167481.59999999998,487,Healthcare,Prefer Not to Answer,Single,15.5,23.0,Direct Deposit,Yes,0
3177,16152,52,No,55.09,40,Salary,114587.20000000001,394,Manufacturing,Male,Divorced,7.0,17.0,Mailed Check,Yes,9
3878,16161,45,No,34.25,40,Salary,71240.0,466,Information Technology,Female,Divorced,3.0,21.0,Direct Deposit,Yes,16
1446,16163,53,Yes,54.63,40,Salary,113630.40000000001,485,Research,Male,Married,1.0,15.0,Direct Deposit,No,7
326,16170,41,No,23.39,40,Salary,48651.200000000004,210,Manufacturing,Female,Married,5.0,15.0,Mailed Check,Yes,9
2200,16171,35,No,40.75,40,Salary,84760.0,83,Information_Technology,Male,Single,5.0,22.0,Direct Deposit,Yes,0
3707,16173,53,Yes,26.23,40,Salary,54558.4,84,Laboratory,Female,Divorced,9.0,11.0,Direct Deposit,No,24
962,16177,62,No,54.66,40,Salary,113692.79999999999,449,Marketing,Male,Married,9.0,17.0,Mailed Check,No,3
13192,16181,52,Yes,28.5,40,Salary,59280.0,366,Human_Resources,Female,Single,4.0,11.0,Direct Deposit,No,10
13125,16191,33,Yes,73.59,40,Salary,153067.2,444,Human_Resources,Female,Divorced,8.0,39.5,Direct Deposit,No,0
1923,16193,34,No,83.36,40,Salary,173388.80000000002,314,Information Technology,Male,Married,1.0,25.0,Direct Deposit,No,0
319,16197,60,No,91.73,40,Salary,190798.40000000002,376,Information_Technology,Male,Divorced,5.0,5.0,Direct Deposit,No,27
2121,16198,60,Yes,68.37,40,Salary,142209.6,318,Human_Resources,Prefer Not to Answer,Divorced,2.0,7.0,Direct Deposit,No,9
1920,16200,58,Yes,32.51,40,Salary,67620.79999999999,392,Research,Male,Single,9.0,24.0,Mailed Check,No,30
771,16202,31,No,33.95,40,Salary,70616.0,486,Human_Resources,Prefer Not to Answer,Single,4.0,11.0,Direct Deposit,No,0
3693,16207,63,Yes,84.86,40,Salary,176508.80000000002,19,Human Resources,Prefer Not to Answer,Married,9.0,1.0,Direct Deposit,Yes,24
2659,16211,28,No,75.61,40,Salary,157268.80000000002,316,Research,Male,Married,6.0,25.0,Mailed Check,Yes,3
4380,16216,21,Yes,37.41,40,Salary,77812.79999999999,74,Sales,Female,Divorced,4.0,10.0,Direct Deposit,No,15
4147,16219,24,No,18.87,40,Salary,39249.600000000006,192,HumanResources,Prefer Not to Answer,Single,5.0,19.0,Mailed Check,No,4
2239,16221,36,No,92.57,40,Salary,192545.59999999998,212,Information_Technology,Prefer Not to Answer,Single,3.0,6.0,Direct Deposit,No,15
2315,16223,61,No,80.6,40,Salary,167648.0,15,Healthcare,Male,Married,9.0,11.0,Mailed Check,No,17
3309,16225,59,Yes,59.46,40,Salary,123676.8,68,Marketing,Prefer Not to Answer,Married,2.0,5.0,Direct Deposit,Yes,9
239,16226,39,Yes,31.77,40,Salary,66081.59999999999,115,HumanResources,Female,Single,9.0,19.0,Mailed Check,No,0
2724,16227,53,Yes,96.88,40,Salary,201510.4,267,Sales,Prefer Not to Answer,Divorced,3.0,12.0,Mailed Check,No,14
4386,16228,29,No,48.84,40,Salary,101587.20000000001,498,HumanResources,Male,Single,5.0,13.0,Mailed Check,Yes,9
1761,16229,40,No,98.47,40,Salary,204817.6,125,Healthcare,Male,Married,15.5,8.0,Mailed Check,No,15
2144,16233,53,No,87.9,40,Salary,182832.0,71,Human_Resources,Male,Divorced,6.0,10.0,Direct Deposit,No,21
12400,16238,34,No,44.01,40,Salary,91540.79999999999,275,Research,Female,Married,5.0,22.0,Mailed Check,No,2
12412,16239,62,Yes,91.58,40,Salary,190486.4,355,Sales,Female,Single,5.0,25.0,Mailed Check,No,34
12260,16246,34,Yes,28.29,40,Salary,58843.2,115,Laboratory,Prefer Not to Answer,Divorced,15.5,11.0,Mailed Check,No,0
1795,16247,37,No,34.01,40,Salary,70740.79999999999,352,InformationTechnology,Male,Married,9.0,8.0,Direct Deposit,Yes,18
3460,16248,62,Yes,97.99,40,Salary,203819.19999999998,18,Laboratory,Prefer Not to Answer,Single,15.5,7.0,Direct Deposit,No,16
263,16249,23,Yes,74.99,40,Salary,155979.19999999998,295,Sales,Prefer Not to Answer,Married,6.0,39.5,Mailed Check,No,0
13175,16251,48,Yes,71.0,40,Salary,147680.0,249,Healthcare,Male,Married,8.0,21.0,Mailed Check,Yes,13
2244,16253,23,No,64.18,40,Salary,133494.40000000002,179,Research,Prefer Not to Answer,Divorced,3.0,1.0,Direct Deposit,Yes,9
5203,16257,38,Yes,37.66,40,Salary,78332.79999999999,181,HumanResources,Female,Single,2.0,6.0,Mailed Check,No,3
1883,16258,48,Yes,28.23,40,Salary,58718.4,288,Laboratory,Female,Single,7.0,14.0,Mailed Check,Yes,18
3875,16272,37,No,68.18,40,Salary,141814.40000000002,85,Marketing,Female,Married,1.0,24.0,Mailed Check,Yes,0
4091,16285,26,Yes,97.45,40,Salary,202696.0,424,Manufacturing,Prefer Not to Answer,Divorced,9.0,16.0,Mailed Check,No,6
112,16293,64,No,41.04,40,Salary,85363.2,266,HumanResources,Male,Divorced,7.0,3.0,Direct Deposit,Yes,37
12499,16299,24,Yes,78.26,40,Salary,162780.80000000002,91,Marketing,Female,Divorced,15.5,1.0,Direct Deposit,No,3
12668,16309,43,No,33.23,40,Salary,69118.4,40,Research,Male,Single,2.0,19.0,Mailed Check,No,8
4535,16310,52,No,85.35,40,Salary,177528.0,7,Laboratory,Female,Single,7.0,11.0,Mailed Check,No,33
2431,16318,28,Yes,85.13,40,Salary,177070.4,393,Manufacturing,Female,Married,9.0,1.0,Mailed Check,No,15
4900,16321,44,No,27.59,40,Salary,57387.2,145,Manufacturing,Prefer Not to Answer,Married,8.0,21.0,Direct Deposit,No,17
853,16322,42,Yes,38.98,40,Salary,81078.4,101,Information Technology,Prefer Not to Answer,Married,7.0,1.0,Mailed Check,Yes,8
386,16328,25,No,39.75,40,Salary,82680.0,400,InformationTechnology,Prefer Not to Answer,Married,7.0,8.0,Direct Deposit,No,12
465,16331,40,Yes,55.88,40,Salary,116230.40000000001,57,Laboratory,Female,Married,2.0,3.0,Mailed Check,Yes,8
1066,16332,30,No,22.57,40,Salary,46945.6,140,Information_Technology,Female,Married,3.0,4.0,Mailed Check,Yes,5
416,16333,60,Yes,31.37,40,Salary,65249.6,243,Laboratory,Prefer Not to Answer,Married,6.0,19.0,Mailed Check,Yes,13
5178,16334,40,Yes,78.77,40,Salary,163841.59999999998,354,Information Technology,Female,Married,3.0,19.0,Direct Deposit,Yes,0
5106,16337,41,No,52.67,40,Salary,109553.6,82,Healthcare,Prefer Not to Answer,Divorced,9.0,4.0,Mailed Check,Yes,13
463,16339,23,Yes,42.95,40,Salary,89336.0,374,Laboratory,Female,Divorced,5.0,24.0,Mailed Check,No,0
2306,16341,43,No,32.01,40,Salary,66580.79999999999,309,HumanResources,Prefer Not to Answer,Divorced,5.0,24.0,Mailed Check,No,7
613,16344,62,No,98.08,40,Salary,204006.4,39,HumanResources,Female,Married,7.0,12.0,Mailed Check,No,6
1396,16354,46,Yes,45.03,40,Salary,93662.40000000001,215,Information Technology,Male,Married,2.0,6.0,Direct Deposit,No,17
2588,16356,57,Yes,37.72,40,Salary,78457.59999999999,438,Human_Resources,Male,Married,2.0,1.0,Mailed Check,No,14
3575,16357,50,Yes,96.2,40,Salary,200096.0,459,InformationTechnology,Prefer Not to Answer,Married,4.0,3.0,Direct Deposit,No,4
4794,16358,53,Yes,42.74,40,Salary,88899.20000000001,432,Sales,Female,Married,2.0,5.0,Mailed Check,Yes,14
3189,16367,22,No,45.0,40,Salary,93600.0,19,Human_Resources,Prefer Not to Answer,Single,6.0,8.0,Direct Deposit,No,11
435,16369,36,Yes,62.14,40,Salary,129251.2,262,Information_Technology,Prefer Not to Answer,Divorced,15.5,22.0,Direct Deposit,No,2
4173,16373,26,No,67.42,40,Salary,140233.6,83,HumanResources,Prefer Not to Answer,Single,9.0,16.0,Direct Deposit,No,0
2586,16374,64,No,17.5,40,Salary,36400.0,285,Laboratory,Female,Divorced,1.0,6.0,Mailed Check,No,9
12356,16377,26,Yes,61.34,40,Salary,127587.20000000001,150,Information_Technology,Male,Married,3.0,16.0,Direct Deposit,No,0
4772,16381,63,No,42.51,40,Salary,88420.79999999999,393,Human_Resources,Female,Divorced,15.5,4.0,Mailed Check,No,37
2205,16386,34,No,18.61,40,Salary,38708.799999999996,287,Human Resources,Female,Single,7.0,8.0,Mailed Check,No,9
1562,16389,51,No,25.98,40,Salary,54038.4,380,Laboratory,Prefer Not to Answer,Married,9.0,25.0,Mailed Check,No,33
12534,16391,19,Yes,68.1,40,Salary,141648.0,351,Research,Male,Single,2.0,7.0,Mailed Check,No,0
129,16400,54,No,42.71,40,Salary,88836.8,127,Sales,Female,Married,6.0,21.0,Mailed Check,Yes,13
1667,16402,30,Yes,30.61,40,Salary,63668.8,406,Human Resources,Prefer Not to Answer,Single,7.0,6.0,Mailed Check,No,15
562,16404,46,No,81.4,40,Salary,169312.0,201,Marketing,Female,Single,2.0,2.0,Mailed Check,No,11
2294,16407,38,Yes,20.28,40,Salary,42182.4,268,Research,Male,Divorced,2.0,12.0,Mailed Check,No,0
5694,16408,38,Yes,91.22,40,Salary,189737.6,294,InformationTechnology,Female,Single,8.0,8.0,Direct Deposit,Yes,18
1135,16410,45,No,44.63,40,Salary,92830.40000000001,223,InformationTechnology,Female,Divorced,1.0,8.0,Mailed Check,No,9
1659,16411,25,No,95.68,40,Salary,199014.40000000002,133,Laboratory,Female,Single,8.0,19.0,Direct Deposit,No,0
1343,16413,19,No,25.28,40,Salary,52582.4,268,InformationTechnology,Male,Divorced,6.0,20.0,Direct Deposit,Yes,1
5351,16417,20,Yes,99.95,40,Salary,207896.0,201,Research,Male,Married,15.5,18.0,Mailed Check,No,0
12245,16418,29,No,75.55,40,Salary,157144.0,324,Sales,Female,Married,6.0,20.0,Mailed Check,No,2
3803,16422,41,No,48.67,40,Salary,101233.6,23,HumanResources,Female,Divorced,15.5,4.0,Direct Deposit,Yes,14
3646,16425,54,No,96.16,40,Salary,200012.8,269,Information Technology,Male,Divorced,3.0,24.0,Direct Deposit,Yes,33
5742,16427,44,Yes,50.66,40,Salary,105372.79999999999,348,Manufacturing,Male,Married,5.0,21.0,Direct Deposit,Yes,3
12087,16429,50,Yes,58.0,40,Salary,120640.0,296,Laboratory,Female,Single,6.0,22.0,Mailed Check,No,11
3175,16433,61,Yes,34.81,40,Salary,72404.8,143,InformationTechnology,Female,Divorced,6.0,21.0,Direct Deposit,No,3
3818,16434,28,No,21.54,40,Salary,44803.2,287,Human Resources,Prefer Not to Answer,Married,15.5,14.0,Direct Deposit,No,14
5003,16436,41,No,45.27,40,Salary,94161.6,387,HumanResources,Prefer Not to Answer,Divorced,7.0,10.0,Mailed Check,No,3
3002,16442,42,Yes,68.48,40,Salary,142438.40000000002,74,Healthcare,Female,Married,1.0,1.0,Direct Deposit,No,9
2225,16444,59,Yes,83.53,40,Salary,173742.4,217,Human Resources,Prefer Not to Answer,Single,15.5,25.0,Direct Deposit,No,30
12492,16445,28,No,58.21,40,Salary,121076.8,269,Sales,Female,Divorced,15.5,11.0,Mailed Check,No,0
2564,16451,23,Yes,61.47,40,Salary,127857.6,357,Human Resources,Prefer Not to Answer,Single,5.0,14.0,Mailed Check,No,7
5672,16459,20,Yes,26.24,40,Salary,54579.2,222,Sales,Prefer Not to Answer,Married,1.0,18.0,Mailed Check,No,0
4543,16461,31,No,18.98,40,Salary,39478.4,138,Sales,Male,Married,9.0,20.0,Mailed Check,No,6
4130,16462,22,No,30.65,40,Salary,63752.0,330,Marketing,Prefer Not to Answer,Divorced,8.0,19.0,Direct Deposit,Yes,0
5776,16467,47,Yes,23.15,40,Salary,48152.0,83,Information_Technology,Male,Single,8.0,39.5,Mailed Check,Yes,9
552,16468,38,Yes,93.87,40,Salary,195249.6,179,Human Resources,Female,Married,2.0,14.0,Direct Deposit,Yes,9
2324,16470,61,Yes,57.05,40,Salary,118664.0,462,Sales,Male,Single,15.5,9.0,Direct Deposit,No,17
117,16480,24,Yes,69.56,40,Salary,144684.80000000002,24,Sales,Female,Single,7.0,24.0,Direct Deposit,No,3
2822,16481,49,No,99.01,40,Salary,205940.80000000002,368,Sales,Prefer Not to Answer,Single,4.0,9.0,Mailed Check,No,6
3758,16483,44,No,56.89,40,Salary,118331.2,128,Sales,Prefer Not to Answer,Single,6.0,13.0,Mailed Check,No,9
1842,16485,29,Yes,24.2,40,Salary,50336.0,335,InformationTechnology,Female,Single,4.0,9.0,Direct Deposit,Yes,6
2269,16487,52,No,82.65,40,Salary,171912.0,319,Research,Prefer Not to Answer,Single,8.0,5.0,Direct Deposit,No,5
12164,16488,36,Yes,94.1,40,Salary,195728.0,230,Healthcare,Female,Divorced,15.5,13.0,Direct Deposit,Yes,0
4368,16490,40,No,80.75,40,Salary,167960.0,358,Human Resources,Female,Married,6.0,21.0,Mailed Check,Yes,0
4929,16491,20,Yes,71.2,40,Salary,148096.0,362,Marketing,Female,Single,7.0,4.0,Direct Deposit,No,0
13149,16494,47,No,58.66,40,Salary,122012.79999999999,361,Human_Resources,Male,Single,3.0,7.0,Mailed Check,Yes,3
1771,16495,59,No,58.64,40,Salary,121971.2,93,HumanResources,Female,Divorced,5.0,1.0,Mailed Check,No,31
938,16498,53,No,98.72,40,Salary,205337.6,4,Healthcare,Prefer Not to Answer,Married,2.0,24.0,Direct Deposit,No,1
1881,16500,60,Yes,56.39,40,Salary,117291.2,35,Sales,Male,Married,6.0,17.0,Mailed Check,No,37
5418,16502,59,Yes,45.96,40,Salary,95596.8,241,Human_Resources,Prefer Not to Answer,Married,8.0,16.0,Mailed Check,Yes,19
2753,16512,64,Yes,45.72,40,Salary,95097.59999999999,88,Manufacturing,Male,Single,7.0,19.0,Mailed Check,Yes,27
4745,16513,28,No,41.78,40,Salary,86902.40000000001,222,Information_Technology,Female,Married,1.0,4.0,Direct Deposit,No,2
1405,16516,18,No,77.04,40,Salary,160243.2,399,InformationTechnology,Male,Divorced,1.0,19.0,Mailed Check,No,0
13158,16520,18,Yes,98.22,40,Salary,204297.6,163,HumanResources,Male,Single,2.0,17.0,Mailed Check,No,0
12564,16524,21,Yes,86.63,40,Salary,180190.4,440,Information_Technology,Female,Single,2.0,10.0,Mailed Check,No,13
4038,16527,60,No,32.74,40,Salary,68099.20000000001,349,Healthcare,Male,Single,7.0,25.0,Direct Deposit,No,33
765,16528,24,No,70.42,40,Salary,146473.6,147,InformationTechnology,Male,Married,9.0,22.0,Mailed Check,Yes,3
1663,16530,24,No,69.71,40,Salary,144996.8,242,Human_Resources,Female,Divorced,8.0,9.0,Mailed Check,No,0
4209,16533,32,No,61.69,40,Salary,128315.2,21,InformationTechnology,Male,Married,7.0,17.0,Mailed Check,No,3
5863,16535,55,Yes,18.13,40,Salary,37710.399999999994,250,Marketing,Male,Married,15.5,39.5,Mailed Check,No,26
4777,16540,30,No,76.46,40,Salary,159036.8,133,Healthcare,Male,Divorced,1.0,22.0,Mailed Check,Yes,0
12523,16546,44,No,95.79,40,Salary,199243.2,42,Human_Resources,Prefer Not to Answer,Divorced,2.0,24.0,Direct Deposit,Yes,3
4619,16547,56,No,92.68,40,Salary,192774.40000000002,82,Human_Resources,Prefer Not to Answer,Single,6.0,7.0,Direct Deposit,No,26
4799,16548,26,Yes,73.57,40,Salary,153025.59999999998,420,Healthcare,Prefer Not to Answer,Single,1.0,19.0,Direct Deposit,No,6
1235,16552,37,Yes,23.54,40,Salary,48963.2,392,Marketing,Prefer Not to Answer,Single,6.0,18.0,Mailed Check,Yes,7
3528,16553,29,No,80.12,40,Salary,166649.6,390,InformationTechnology,Male,Single,7.0,12.0,Mailed Check,Yes,0
5361,16556,21,No,62.03,40,Salary,129022.4,192,Healthcare,Prefer Not to Answer,Married,2.0,39.5,Mailed Check,No,15
3063,16564,57,No,17.32,40,Salary,36025.6,393,HumanResources,Male,Married,8.0,14.0,Mailed Check,No,20
3600,16566,20,No,60.0,40,Salary,124800.0,86,Marketing,Male,Single,15.5,16.0,Mailed Check,No,8
1976,16574,39,No,86.51,40,Salary,179940.80000000002,218,Laboratory,Prefer Not to Answer,Divorced,15.5,23.0,Mailed Check,No,19
2353,16575,47,Yes,79.48,40,Salary,165318.40000000002,296,Laboratory,Female,Single,15.5,15.0,Direct Deposit,No,7
5931,16581,26,Yes,57.7,40,Salary,120016.0,368,Healthcare,Prefer Not to Answer,Single,4.0,18.0,Mailed Check,Yes,4
4125,16583,27,No,19.19,40,Salary,39915.200000000004,32,HumanResources,Prefer Not to Answer,Married,8.0,8.0,Mailed Check,No,0
3511,16585,35,Yes,58.54,40,Salary,121763.2,388,Information Technology,Male,Single,5.0,12.0,Direct Deposit,No,16
795,16586,49,No,82.22,40,Salary,171017.6,98,Human_Resources,Prefer Not to Answer,Divorced,5.0,24.0,Mailed Check,No,2
5806,16595,42,Yes,23.07,40,Salary,47985.6,440,Marketing,Prefer Not to Answer,Divorced,4.0,11.0,Direct Deposit,No,5
5505,16598,48,No,29.18,40,Salary,60694.4,194,Manufacturing,Female,Single,6.0,21.0,Mailed Check,No,6
13155,16599,54,Yes,99.68,40,Salary,207334.40000000002,12,Information_Technology,Female,Single,7.0,12.0,Direct Deposit,No,24
5079,16600,24,Yes,26.82,40,Salary,55785.6,205,Sales,Prefer Not to Answer,Single,3.0,14.0,Mailed Check,No,0
999,16601,63,Yes,33.03,40,Salary,68702.40000000001,195,Information Technology,Male,Single,9.0,3.0,Direct Deposit,No,37
12795,16602,45,Yes,45.33,40,Salary,94286.4,420,Laboratory,Female,Divorced,8.0,12.0,Mailed Check,No,9
1422,16607,45,No,69.04,40,Salary,143603.2,9,InformationTechnology,Prefer Not to Answer,Married,2.0,17.0,Mailed Check,No,18
3166,16613,55,No,40.23,40,Salary,83678.4,495,Laboratory,Prefer Not to Answer,Married,9.0,8.0,Mailed Check,Yes,26
4349,16615,22,No,71.76,40,Salary,149260.80000000002,395,Laboratory,Male,Married,15.5,15.0,Mailed Check,No,4
4996,16616,33,No,43.93,40,Salary,91374.40000000001,216,Research,Male,Single,4.0,39.5,Direct Deposit,Yes,7
5212,16624,30,No,32.55,40,Salary,67704.0,267,InformationTechnology,Male,Single,9.0,12.0,Mailed Check,No,0
12303,16625,25,Yes,83.77,40,Salary,174241.59999999998,387,Marketing,Male,Single,2.0,10.0,Mailed Check,No,15
5847,16627,64,Yes,53.03,40,Salary,110302.4,261,InformationTechnology,Female,Single,7.0,20.0,Mailed Check,No,37
3751,16631,23,Yes,52.38,40,Salary,108950.40000000001,434,Sales,Male,Single,5.0,19.0,Direct Deposit,No,0
12163,16633,63,No,85.32,40,Salary,177465.59999999998,38,Research,Prefer Not to Answer,Married,5.0,7.0,Mailed Check,Yes,24
1209,16634,59,Yes,88.48,40,Salary,184038.40000000002,18,Sales,Female,Divorced,3.0,23.0,Direct Deposit,No,29
3754,16635,45,No,99.35,40,Salary,206648.0,25,Manufacturing,Female,Married,7.0,25.0,Direct Deposit,No,7
4534,16638,42,No,78.89,40,Salary,164091.19999999998,98,Information_Technology,Prefer Not to Answer,Single,15.5,21.0,Direct Deposit,No,0
12172,16641,62,No,50.66,40,Salary,105372.79999999999,232,Information Technology,Male,Single,8.0,12.0,Mailed Check,No,36
1325,16642,40,Yes,94.87,40,Salary,197329.6,163,Information_Technology,Female,Divorced,5.0,24.0,Direct Deposit,No,0
3303,16643,58,No,46.48,40,Salary,96678.4,356,Manufacturing,Male,Single,8.0,16.0,Mailed Check,No,14
12477,16646,33,Yes,59.76,40,Salary,124300.8,35,Human Resources,Female,Divorced,4.0,5.0,Mailed Check,No,0
1275,16648,28,No,85.08,40,Salary,176966.4,444,Healthcare,Female,Married,1.0,5.0,Mailed Check,No,5
5108,16649,65,Yes,52.87,40,Salary,109969.59999999999,472,Marketing,Male,Divorced,15.5,25.0,Mailed Check,No,32
1965,16650,52,Yes,21.11,40,Salary,43908.799999999996,64,Laboratory,Prefer Not to Answer,Married,4.0,24.0,Mailed Check,Yes,13
2612,16657,39,No,54.7,40,Salary,113776.0,400,Research,Male,Single,9.0,24.0,Direct Deposit,No,0
492,16659,59,No,18.62,40,Salary,38729.600000000006,291,InformationTechnology,Prefer Not to Answer,Married,15.5,24.0,Mailed Check,No,31
12447,16665,37,No,69.43,40,Salary,144414.40000000002,490,Human_Resources,Female,Divorced,4.0,19.0,Direct Deposit,No,11
4785,16669,61,No,86.11,40,Salary,179108.80000000002,174,HumanResources,Female,Divorced,4.0,12.0,Direct Deposit,No,30
4738,16670,52,No,49.87,40,Salary,103729.59999999999,252,Healthcare,Female,Divorced,15.5,9.0,Direct Deposit,No,16
12576,16671,42,No,99.14,40,Salary,206211.19999999998,203,Healthcare,Prefer Not to Answer,Married,4.0,5.0,Mailed Check,Yes,6
3407,16672,28,Yes,84.33,40,Salary,175406.4,11,Information Technology,Male,Married,3.0,7.0,Mailed Check,No,2
4668,16674,36,Yes,85.73,40,Salary,178318.40000000002,251,Research,Female,Married,1.0,17.0,Mailed Check,Yes,13
4074,16676,49,No,94.85,40,Salary,197288.0,396,Research,Female,Married,3.0,24.0,Direct Deposit,Yes,30
5597,16677,43,No,37.26,40,Salary,77500.79999999999,124,Information_Technology,Prefer Not to Answer,Single,1.0,20.0,Mailed Check,No,10
5354,16678,43,No,39.2,40,Salary,81536.0,228,Information Technology,Prefer Not to Answer,Single,15.5,14.0,Direct Deposit,No,25
12443,16679,61,Yes,37.76,40,Salary,78540.79999999999,162,Information Technology,Female,Divorced,8.0,5.0,Mailed Check,No,22
12462,16682,35,Yes,96.1,40,Salary,199888.0,255,Healthcare,Male,Divorced,15.5,9.0,Mailed Check,Yes,2
918,16689,28,No,85.17,40,Salary,177153.6,89,InformationTechnology,Female,Divorced,8.0,10.0,Direct Deposit,No,0
2131,16691,32,Yes,87.39,40,Salary,181771.19999999998,257,Information Technology,Female,Married,4.0,39.5,Direct Deposit,No,6
12608,16692,55,Yes,93.5,40,Salary,194480.0,148,InformationTechnology,Female,Single,7.0,24.0,Mailed Check,Yes,26
5936,16694,33,No,96.08,40,Salary,199846.4,253,Information_Technology,Prefer Not to Answer,Single,3.0,4.0,Mailed Check,No,5
12306,16704,50,Yes,40.7,40,Salary,84656.0,123,InformationTechnology,Female,Married,3.0,2.0,Direct Deposit,Yes,22
5111,16707,52,Yes,53.96,40,Salary,112236.8,348,Laboratory,Female,Married,6.0,39.5,Direct Deposit,No,28
296,16714,35,Yes,81.88,40,Salary,170310.4,475,InformationTechnology,Male,Divorced,8.0,7.0,Mailed Check,No,17
3596,16720,60,Yes,51.28,40,Salary,106662.4,187,InformationTechnology,Prefer Not to Answer,Married,5.0,14.0,Mailed Check,Yes,37
4988,16721,47,Yes,28.53,40,Salary,59342.4,26,InformationTechnology,Prefer Not to Answer,Single,9.0,12.0,Direct Deposit,No,14
3235,16723,60,Yes,44.19,40,Salary,91915.2,163,Information Technology,Male,Single,3.0,18.0,Direct Deposit,Yes,30
12224,16724,37,Yes,97.28,40,Salary,202342.4,203,Human_Resources,Prefer Not to Answer,Divorced,8.0,19.0,Direct Deposit,No,0
869,16726,61,No,91.27,40,Salary,189841.59999999998,137,Human_Resources,Male,Divorced,15.5,21.0,Direct Deposit,Yes,5
12713,16729,63,No,45.14,40,Salary,93891.2,252,Human_Resources,Female,Married,4.0,20.0,Direct Deposit,No,27
1517,16730,42,No,96.89,40,Salary,201531.19999999998,128,Human_Resources,Male,Married,2.0,13.0,Mailed Check,No,9
2021,16733,42,No,68.93,40,Salary,143374.40000000002,207,Healthcare,Male,Divorced,9.0,1.0,Direct Deposit,No,17
2607,16734,59,No,17.88,40,Salary,37190.399999999994,153,Manufacturing,Female,Single,2.0,23.0,Mailed Check,No,24
5006,16736,35,No,41.62,40,Salary,86569.59999999999,274,Information Technology,Male,Divorced,1.0,18.0,Mailed Check,Yes,0
12192,16739,63,Yes,58.24,40,Salary,121139.2,210,Information Technology,Female,Single,3.0,15.0,Direct Deposit,No,35
1418,16746,64,No,68.17,40,Salary,141793.6,151,Research,Male,Married,3.0,19.0,Direct Deposit,No,26
3785,16747,23,No,47.98,40,Salary,99798.4,442,HumanResources,Prefer Not to Answer,Married,9.0,23.0,Mailed Check,No,0
5780,16748,55,Yes,23.28,40,Salary,48422.4,237,Information Technology,Prefer Not to Answer,Single,7.0,2.0,Mailed Check,Yes,8
5991,16752,50,Yes,51.07,40,Salary,106225.59999999999,475,HumanResources,Male,Divorced,15.5,8.0,Direct Deposit,No,17
12753,16757,25,Yes,42.45,40,Salary,88296.0,120,Laboratory,Prefer Not to Answer,Single,2.0,20.0,Mailed Check,No,0
5316,16760,42,No,96.41,40,Salary,200532.8,200,Information_Technology,Male,Single,5.0,6.0,Mailed Check,No,7
2899,16762,61,Yes,44.68,40,Salary,92934.40000000001,363,Research,Female,Divorced,4.0,3.0,Mailed Check,No,37
4385,16766,59,Yes,58.96,40,Salary,122636.8,100,Information_Technology,Prefer Not to Answer,Married,3.0,16.0,Direct Deposit,No,16
231,16767,30,No,18.87,40,Salary,39249.600000000006,421,Human Resources,Male,Divorced,7.0,22.0,Direct Deposit,Yes,0
2592,16778,49,Yes,65.47,40,Salary,136177.6,92,Laboratory,Female,Single,8.0,22.0,Mailed Check,No,10
4590,16782,39,Yes,46.21,40,Salary,96116.8,35,Manufacturing,Female,Divorced,9.0,20.0,Direct Deposit,No,8
1353,16784,40,Yes,93.65,40,Salary,194792.0,470,Sales,Male,Single,4.0,2.0,Mailed Check,No,1
2390,16785,44,No,59.76,40,Salary,124300.8,284,Marketing,Female,Married,1.0,13.0,Mailed Check,Yes,9
1190,16787,64,No,30.39,40,Salary,63211.2,448,Marketing,Prefer Not to Answer,Single,2.0,16.0,Mailed Check,No,35
5977,16790,19,Yes,86.7,40,Salary,180336.0,367,Information_Technology,Prefer Not to Answer,Single,5.0,9.0,Direct Deposit,No,2
5901,16791,57,No,54.85,40,Salary,114088.0,498,Sales,Male,Married,15.5,21.0,Direct Deposit,No,37
4798,16794,45,No,96.34,40,Salary,200387.2,75,Research,Female,Single,4.0,14.0,Mailed Check,No,2
325,16800,64,No,37.34,40,Salary,77667.20000000001,165,Information Technology,Prefer Not to Answer,Married,1.0,9.0,Direct Deposit,Yes,10
111,16809,33,No,31.83,40,Salary,66206.4,100,Laboratory,Female,Single,1.0,4.0,Mailed Check,No,0
4628,16818,18,No,28.72,40,Salary,59737.6,298,Information Technology,Female,Divorced,9.0,21.0,Mailed Check,No,8
4756,16822,55,No,92.15,40,Salary,191672.0,289,Healthcare,Male,Married,9.0,20.0,Direct Deposit,No,27
217,16823,54,Yes,89.64,40,Salary,186451.19999999998,329,Sales,Female,Divorced,6.0,21.0,Mailed Check,Yes,22
2812,16824,19,Yes,40.84,40,Salary,84947.20000000001,367,InformationTechnology,Prefer Not to Answer,Divorced,6.0,20.0,Mailed Check,No,0
2667,16826,58,No,56.62,40,Salary,117769.59999999999,304,InformationTechnology,Female,Married,5.0,25.0,Mailed Check,No,4
5603,16831,21,No,71.16,40,Salary,148012.8,67,Manufacturing,Prefer Not to Answer,Divorced,2.0,1.0,Direct Deposit,No,0
1507,16832,32,Yes,20.93,40,Salary,43534.4,460,Human_Resources,Female,Divorced,9.0,11.0,Mailed Check,No,7
4807,16833,25,Yes,29.12,40,Salary,60569.6,245,InformationTechnology,Male,Single,9.0,25.0,Mailed Check,Yes,4
1428,16835,23,Yes,54.78,40,Salary,113942.4,270,Human_Resources,Female,Single,15.5,15.0,Direct Deposit,No,0
2498,16841,34,No,77.95,40,Salary,162136.0,233,Human_Resources,Prefer Not to Answer,Single,8.0,19.0,Direct Deposit,No,5
4309,16842,63,Yes,82.13,40,Salary,170830.4,105,HumanResources,Female,Divorced,4.0,23.0,Mailed Check,No,21
975,16846,33,Yes,98.65,40,Salary,205192.0,170,InformationTechnology,Male,Divorced,7.0,22.0,Direct Deposit,Yes,12
3623,16847,53,Yes,38.13,40,Salary,79310.40000000001,230,Human Resources,Prefer Not to Answer,Married,1.0,16.0,Mailed Check,No,9
5184,16851,55,Yes,24.03,40,Salary,49982.4,48,Manufacturing,Male,Divorced,5.0,8.0,Direct Deposit,No,8
5452,16856,52,Yes,67.01,40,Salary,139380.80000000002,269,Sales,Female,Married,4.0,22.0,Direct Deposit,No,29
1564,16858,52,Yes,68.73,40,Salary,142958.40000000002,430,Human Resources,Male,Married,3.0,12.0,Mailed Check,Yes,33
1366,16860,43,Yes,96.9,40,Salary,201552.0,363,Sales,Female,Single,5.0,1.0,Direct Deposit,No,15
1526,16861,54,No,17.17,40,Salary,35713.600000000006,74,Information Technology,Male,Single,4.0,21.0,Direct Deposit,No,19
3885,16862,50,Yes,53.33,40,Salary,110926.4,112,Healthcare,Prefer Not to Answer,Single,5.0,21.0,Mailed Check,Yes,8
650,16864,37,No,61.98,40,Salary,128918.4,66,Manufacturing,Female,Single,7.0,19.0,Mailed Check,No,16
4452,16865,36,No,42.81,40,Salary,89044.8,476,Manufacturing,Female,Divorced,6.0,8.0,Mailed Check,No,5
4428,16869,49,Yes,19.45,40,Salary,40456.0,65,Information Technology,Prefer Not to Answer,Divorced,8.0,8.0,Direct Deposit,No,29
5870,16870,28,Yes,95.61,40,Salary,198868.80000000002,381,Information_Technology,Male,Married,8.0,21.0,Direct Deposit,Yes,0
1971,16874,52,Yes,34.07,40,Salary,70865.59999999999,427,Marketing,Prefer Not to Answer,Married,4.0,12.0,Mailed Check,No,26
384,16876,55,No,91.48,40,Salary,190278.40000000002,426,Research,Prefer Not to Answer,Married,8.0,15.0,Mailed Check,No,32
2485,16879,43,Yes,52.61,40,Salary,109428.8,283,Manufacturing,Female,Divorced,9.0,9.0,Mailed Check,No,17
3886,16882,22,No,69.53,40,Salary,144622.4,410,Information_Technology,Female,Married,15.5,7.0,Mailed Check,Yes,2
3545,16883,52,No,93.29,40,Salary,194043.2,453,Information Technology,Prefer Not to Answer,Single,9.0,10.0,Direct Deposit,No,29
34,16888,65,No,76.36,40,Salary,158828.80000000002,477,Manufacturing,Female,Divorced,6.0,15.0,Direct Deposit,No,34
879,16890,26,Yes,73.52,40,Salary,152921.59999999998,125,Laboratory,Female,Divorced,9.0,10.0,Mailed Check,No,0
675,16892,29,Yes,37.07,40,Salary,77105.59999999999,183,Information_Technology,Male,Divorced,2.0,3.0,Direct Deposit,No,9
3416,16899,61,No,70.92,40,Salary,147513.6,56,Laboratory,Prefer Not to Answer,Divorced,7.0,21.0,Mailed Check,No,15
12180,16900,46,No,56.2,40,Salary,116896.0,257,Manufacturing,Male,Single,4.0,10.0,Mailed Check,No,26
3346,16907,37,No,21.39,40,Salary,44491.200000000004,446,Human_Resources,Female,Divorced,9.0,13.0,Direct Deposit,Yes,11
3105,16908,23,No,18.84,40,Salary,39187.200000000004,254,Information Technology,Female,Single,5.0,1.0,Mailed Check,Yes,0
584,16916,63,Yes,92.18,40,Salary,191734.40000000002,161,Human_Resources,Female,Married,5.0,5.0,Mailed Check,No,35
4408,16917,49,Yes,61.55,40,Salary,128024.0,324,Human Resources,Prefer Not to Answer,Divorced,1.0,23.0,Direct Deposit,No,12
1652,16920,40,Yes,28.3,40,Salary,58864.0,219,Marketing,Male,Married,8.0,3.0,Mailed Check,No,2
971,16921,56,No,47.65,40,Salary,99112.0,151,Human_Resources,Prefer Not to Answer,Divorced,3.0,13.0,Direct Deposit,Yes,29
3959,16922,44,Yes,91.98,40,Salary,191318.40000000002,164,InformationTechnology,Prefer Not to Answer,Married,1.0,15.0,Direct Deposit,Yes,2
3662,16923,62,No,40.12,40,Salary,83449.59999999999,210,Human_Resources,Female,Married,5.0,5.0,Direct Deposit,Yes,12
5787,16924,52,Yes,87.26,40,Salary,181500.80000000002,228,Information_Technology,Male,Divorced,6.0,4.0,Mailed Check,No,17
4056,16926,36,No,88.55,40,Salary,184184.0,16,Information_Technology,Female,Divorced,4.0,13.0,Mailed Check,Yes,11
2457,16932,32,No,74.35,40,Salary,154648.0,283,Manufacturing,Male,Single,15.5,15.0,Direct Deposit,Yes,9
12731,16937,35,Yes,96.94,40,Salary,201635.19999999998,85,Manufacturing,Male,Married,2.0,2.0,Mailed Check,Yes,15
5948,16940,55,No,43.41,40,Salary,90292.79999999999,417,Human_Resources,Prefer Not to Answer,Married,9.0,1.0,Mailed Check,No,24
1580,16941,44,No,79.23,40,Salary,164798.40000000002,256,Manufacturing,Prefer Not to Answer,Divorced,7.0,12.0,Mailed Check,No,4
4908,16943,63,No,29.93,40,Salary,62254.4,328,Research,Prefer Not to Answer,Single,5.0,7.0,Mailed Check,No,8
12437,16944,27,No,87.01,40,Salary,180980.80000000002,103,Manufacturing,Male,Divorced,6.0,12.0,Mailed Check,No,0
4820,16948,63,No,73.94,40,Salary,153795.19999999998,221,Sales,Male,Single,5.0,13.0,Mailed Check,No,37
12645,16955,24,Yes,88.4,40,Salary,183872.0,269,Laboratory,Prefer Not to Answer,Single,6.0,11.0,Direct Deposit,No,0
3251,16958,45,No,41.05,40,Salary,85384.0,491,Manufacturing,Female,Single,15.5,19.0,Direct Deposit,No,13
4523,16961,45,Yes,94.04,40,Salary,195603.2,95,HumanResources,Male,Married,7.0,12.0,Direct Deposit,No,16
1024,16963,60,Yes,49.67,40,Salary,103313.6,417,Laboratory,Prefer Not to Answer,Single,9.0,20.0,Direct Deposit,No,15
12343,16970,65,Yes,48.42,40,Salary,100713.6,141,Human Resources,Male,Single,6.0,4.0,Direct Deposit,Yes,28
12261,16975,41,No,92.29,40,Salary,191963.2,135,Healthcare,Prefer Not to Answer,Married,9.0,39.5,Mailed Check,Yes,13
461,16976,35,No,79.77,40,Salary,165921.59999999998,443,Information_Technology,Female,Single,2.0,15.0,Direct Deposit,No,12
1711,16977,50,No,82.21,40,Salary,170996.8,263,Healthcare,Male,Divorced,2.0,21.0,Direct Deposit,Yes,32
2175,16986,25,No,50.45,40,Salary,104936.0,479,Information Technology,Female,Single,3.0,20.0,Mailed Check,No,0
5653,16990,56,No,61.24,40,Salary,127379.2,275,Sales,Female,Single,7.0,22.0,Mailed Check,No,30
2614,16992,31,Yes,56.63,40,Salary,117790.40000000001,344,Laboratory,Prefer Not to Answer,Single,7.0,9.0,Direct Deposit,No,12
4,16994,47,Yes,58.24,40,Salary,121139.2,472,Marketing,Male,Single,8.0,23.0,Direct Deposit,Yes,23
5194,16997,36,No,45.21,40,Salary,94036.8,370,Research,Male,Single,5.0,22.0,Mailed Check,No,5
3160,16999,45,No,54.8,40,Salary,113984.0,5,Laboratory,Male,Divorced,7.0,22.0,Mailed Check,Yes,6
1100,17004,30,Yes,63.65,40,Salary,132392.0,260,Laboratory,Prefer Not to Answer,Single,4.0,5.0,Mailed Check,No,0
12156,17005,65,Yes,32.17,40,Salary,66913.6,401,Human_Resources,Prefer Not to Answer,Married,3.0,15.0,Direct Deposit,Yes,2
4627,17006,21,Yes,30.0,40,Salary,62400.0,134,Marketing,Prefer Not to Answer,Married,3.0,18.0,Mailed Check,Yes,0
5578,17008,41,No,21.08,40,Salary,43846.399999999994,21,HumanResources,Male,Married,1.0,10.0,Mailed Check,Yes,12
3553,17009,61,Yes,78.46,40,Salary,163196.8,122,Human Resources,Female,Married,7.0,10.0,Mailed Check,No,22
5455,17010,18,No,50.75,40,Salary,105560.0,63,Information_Technology,Male,Divorced,2.0,23.0,Direct Deposit,No,0
476,17013,56,Yes,33.89,40,Salary,70491.2,337,Laboratory,Male,Married,3.0,11.0,Mailed Check,No,11
1390,17019,54,No,65.78,40,Salary,136822.4,35,Marketing,Prefer Not to Answer,Married,4.0,8.0,Mailed Check,No,14
3483,17026,22,No,22.16,40,Salary,46092.799999999996,245,Information_Technology,Male,Divorced,7.0,2.0,Direct Deposit,Yes,0
626,17028,36,No,32.94,40,Salary,68515.2,340,Sales,Female,Single,2.0,9.0,Mailed Check,No,5
12517,17029,60,Yes,92.97,40,Salary,193377.6,208,Manufacturing,Female,Married,2.0,16.0,Mailed Check,No,27
1154,17033,52,Yes,93.2,40,Salary,193856.0,3,Information_Technology,Prefer Not to Answer,Married,8.0,10.0,Direct Deposit,No,34
687,17034,18,No,65.47,40,Salary,136177.6,1,Information_Technology,Male,Married,2.0,20.0,Mailed Check,No,11
787,17035,32,Yes,79.6,40,Salary,165568.0,498,Manufacturing,Male,Single,9.0,6.0,Mailed Check,No,0
2139,17045,25,Yes,47.83,40,Salary,99486.4,368,Information Technology,Female,Single,1.0,20.0,Mailed Check,Yes,0
95,17048,34,No,89.56,40,Salary,186284.80000000002,236,Sales,Female,Single,5.0,15.0,Direct Deposit,No,7
2532,17049,40,Yes,45.43,40,Salary,94494.40000000001,267,Human Resources,Prefer Not to Answer,Married,2.0,7.0,Mailed Check,Yes,15
4819,17050,31,Yes,97.96,40,Salary,203756.8,350,Manufacturing,Female,Divorced,2.0,8.0,Direct Deposit,No,14
5090,17054,31,Yes,55.18,40,Salary,114774.4,376,Human_Resources,Female,Married,2.0,2.0,Mailed Check,Yes,0
120,17055,42,No,69.78,40,Salary,145142.4,8,Laboratory,Female,Divorced,15.5,1.0,Mailed Check,Yes,16
5556,17057,36,Yes,38.73,40,Salary,80558.4,307,Healthcare,Female,Married,2.0,9.0,Mailed Check,Yes,0
2690,17059,32,No,52.48,40,Salary,109158.4,351,Healthcare,Female,Single,5.0,3.0,Direct Deposit,Yes,0
3501,17066,31,No,87.57,40,Salary,182145.59999999998,260,Healthcare,Female,Single,9.0,12.0,Direct Deposit,Yes,0
5230,17068,39,Yes,36.32,40,Salary,75545.59999999999,400,Information Technology,Female,Divorced,8.0,21.0,Direct Deposit,No,8
693,17069,39,Yes,98.49,40,Salary,204859.19999999998,292,InformationTechnology,Female,Single,6.0,12.0,Direct Deposit,No,12
3591,17071,38,Yes,71.19,40,Salary,148075.19999999998,159,Human_Resources,Prefer Not to Answer,Single,7.0,1.0,Mailed Check,No,13
4090,17075,23,Yes,40.3,40,Salary,83824.0,254,Laboratory,Male,Married,6.0,9.0,Direct Deposit,No,11
1238,17080,35,No,89.26,40,Salary,185660.80000000002,499,Sales,Female,Single,9.0,4.0,Mailed Check,No,10
5565,17081,19,No,80.66,40,Salary,167772.8,412,Information Technology,Female,Married,5.0,4.0,Mailed Check,Yes,13
13,17082,47,Yes,46.64,40,Salary,97011.2,243,Healthcare,Female,Single,4.0,16.0,Direct Deposit,No,8
170,17083,64,Yes,44.7,40,Salary,92976.0,350,Manufacturing,Female,Divorced,2.0,20.0,Mailed Check,Yes,21
3844,17087,19,No,53.82,40,Salary,111945.6,145,Human_Resources,Prefer Not to Answer,Single,1.0,19.0,Direct Deposit,No,17
4174,17094,49,Yes,51.89,40,Salary,107931.2,437,Healthcare,Female,Married,6.0,12.0,Mailed Check,No,6
4509,17095,23,No,40.98,40,Salary,85238.4,61,Manufacturing,Female,Married,7.0,16.0,Mailed Check,Yes,0
3630,17096,30,No,58.11,40,Salary,120868.8,32,Human_Resources,Prefer Not to Answer,Divorced,2.0,13.0,Mailed Check,No,0
3047,17099,43,No,81.44,40,Salary,169395.19999999998,442,HumanResources,Male,Single,5.0,1.0,Mailed Check,No,6
5060,17100,53,Yes,35.81,40,Salary,74484.8,39,HumanResources,Prefer Not to Answer,Divorced,1.0,22.0,Mailed Check,Yes,35
294,17102,45,No,71.05,40,Salary,147784.0,11,InformationTechnology,Male,Divorced,5.0,15.0,Direct Deposit,No,15
1942,17106,43,Yes,92.45,40,Salary,192296.0,316,Manufacturing,Prefer Not to Answer,Married,1.0,16.0,Direct Deposit,No,12
3676,17107,58,No,87.65,40,Salary,182312.0,127,Information Technology,Female,Married,5.0,17.0,Mailed Check,No,32
3647,17108,35,No,76.4,40,Salary,158912.0,173,Research,Prefer Not to Answer,Divorced,3.0,15.0,Mailed Check,No,2
3516,17110,55,Yes,78.94,40,Salary,164195.19999999998,454,Laboratory,Male,Divorced,8.0,12.0,Direct Deposit,No,36
3,17114,51,Yes,49.72,40,Salary,103417.59999999999,457,Research,Prefer Not to Answer,Married,4.0,4.0,Mailed Check,No,31
44,17121,23,Yes,22.63,40,Salary,47070.399999999994,51,Information_Technology,Male,Single,7.0,3.0,Mailed Check,Yes,9
3242,17125,46,Yes,19.08,40,Salary,39686.399999999994,97,HumanResources,Male,Married,8.0,3.0,Direct Deposit,No,24
3746,17126,56,Yes,61.8,40,Salary,128544.0,337,Manufacturing,Female,Divorced,15.5,2.0,Mailed Check,Yes,15
426,17128,42,Yes,69.34,40,Salary,144227.2,88,InformationTechnology,Male,Single,5.0,19.0,Mailed Check,Yes,13
3951,17129,32,No,74.73,40,Salary,155438.40000000002,457,Manufacturing,Female,Divorced,2.0,7.0,Direct Deposit,No,10
12322,17131,45,Yes,19.38,40,Salary,40310.399999999994,147,Marketing,Prefer Not to Answer,Married,3.0,9.0,Direct Deposit,No,8
3645,17132,31,Yes,61.95,40,Salary,128856.0,480,Sales,Male,Married,9.0,10.0,Mailed Check,No,13
2414,17137,22,Yes,42.1,40,Salary,87568.0,341,HumanResources,Prefer Not to Answer,Divorced,4.0,13.0,Mailed Check,Yes,0
2729,17139,48,No,95.81,40,Salary,199284.80000000002,492,InformationTechnology,Male,Married,15.5,18.0,Direct Deposit,No,15
5893,17147,61,Yes,58.96,40,Salary,122636.8,471,Healthcare,Female,Single,5.0,23.0,Direct Deposit,Yes,17
3347,17151,21,Yes,75.11,40,Salary,156228.80000000002,38,Healthcare,Female,Single,6.0,2.0,Mailed Check,No,0
3054,17152,52,No,87.51,40,Salary,182020.80000000002,241,Information_Technology,Prefer Not to Answer,Divorced,8.0,2.0,Mailed Check,No,30
1127,17155,52,Yes,28.42,40,Salary,59113.600000000006,301,Information Technology,Male,Divorced,4.0,24.0,Mailed Check,No,13
4149,17160,39,No,55.71,40,Salary,115876.8,369,Manufacturing,Female,Divorced,9.0,22.0,Direct Deposit,No,0
2044,17162,57,Yes,41.5,40,Salary,86320.0,39,InformationTechnology,Female,Single,9.0,21.0,Direct Deposit,No,37
4019,17163,59,No,27.15,40,Salary,56472.0,4,InformationTechnology,Male,Divorced,3.0,21.0,Mailed Check,No,6
3022,17172,47,Yes,59.67,40,Salary,124113.6,421,Healthcare,Prefer Not to Answer,Single,9.0,21.0,Direct Deposit,No,5
724,17173,49,Yes,75.53,40,Salary,157102.4,488,Laboratory,Female,Divorced,4.0,16.0,Direct Deposit,No,13
137,17175,42,Yes,67.09,40,Salary,139547.2,81,Human Resources,Prefer Not to Answer,Married,3.0,11.0,Mailed Check,No,15
1619,17181,45,No,77.72,40,Salary,161657.6,147,Human Resources,Female,Single,5.0,9.0,Mailed Check,No,13
3328,17188,57,Yes,29.54,40,Salary,61443.2,229,Research,Female,Single,8.0,13.0,Mailed Check,Yes,7
12021,17192,57,No,21.98,40,Salary,45718.4,148,Laboratory,Prefer Not to Answer,Single,15.5,17.0,Mailed Check,No,28
1084,17194,63,Yes,53.58,40,Salary,111446.4,147,InformationTechnology,Prefer Not to Answer,Single,6.0,25.0,Direct Deposit,No,19
5382,17195,42,No,76.76,40,Salary,159660.80000000002,228,InformationTechnology,Male,Married,9.0,4.0,Mailed Check,No,2
3278,17197,34,Yes,35.45,40,Salary,73736.0,378,Human_Resources,Male,Single,2.0,11.0,Direct Deposit,Yes,17
4095,17221,21,Yes,39.33,40,Salary,81806.4,23,Information Technology,Prefer Not to Answer,Divorced,9.0,20.0,Mailed Check,No,13
1925,17230,20,Yes,56.83,40,Salary,118206.4,31,InformationTechnology,Female,Divorced,7.0,3.0,Direct Deposit,No,0
280,17232,56,No,18.61,40,Salary,38708.799999999996,221,InformationTechnology,Prefer Not to Answer,Married,2.0,7.0,Mailed Check,No,32
1691,17233,37,No,61.9,40,Salary,128752.0,373,Information Technology,Prefer Not to Answer,Single,5.0,24.0,Direct Deposit,Yes,0
4105,17240,41,Yes,39.7,40,Salary,82576.0,473,Laboratory,Male,Divorced,3.0,22.0,Mailed Check,No,6
12395,17244,29,Yes,53.61,40,Salary,111508.8,285,Marketing,Prefer Not to Answer,Married,2.0,23.0,Mailed Check,No,9
4342,17245,54,Yes,62.5,40,Salary,130000.0,411,Sales,Male,Divorced,2.0,13.0,Mailed Check,Yes,30
5136,17246,28,Yes,40.01,40,Salary,83220.79999999999,320,Sales,Male,Single,2.0,7.0,Mailed Check,Yes,4
1670,17248,52,Yes,85.61,40,Salary,178068.80000000002,417,Information Technology,Prefer Not to Answer,Married,9.0,39.5,Direct Deposit,No,18
3554,17256,52,No,19.3,40,Salary,40144.0,414,Sales,Male,Single,1.0,3.0,Direct Deposit,Yes,28
3848,17257,46,No,53.52,40,Salary,111321.6,74,Manufacturing,Male,Married,15.5,5.0,Direct Deposit,No,9
3411,17259,46,No,99.76,40,Salary,207500.80000000002,58,Laboratory,Male,Married,6.0,14.0,Mailed Check,Yes,15
12178,17263,48,No,48.82,40,Salary,101545.59999999999,260,InformationTechnology,Female,Married,8.0,21.0,Direct Deposit,No,26
3100,17265,53,Yes,77.22,40,Salary,160617.6,191,InformationTechnology,Prefer Not to Answer,Single,3.0,10.0,Direct Deposit,No,3
509,17271,32,No,48.97,40,Salary,101857.59999999999,288,Healthcare,Male,Single,2.0,16.0,Mailed Check,No,3
1572,17276,20,No,47.39,40,Salary,98571.2,171,Marketing,Female,Divorced,4.0,4.0,Mailed Check,Yes,0
2174,17279,39,No,87.3,40,Salary,181584.0,148,Research,Prefer Not to Answer,Single,2.0,20.0,Direct Deposit,No,2
13118,17280,50,No,21.87,40,Salary,45489.600000000006,16,Marketing,Female,Married,5.0,20.0,Mailed Check,No,31
1758,17287,45,Yes,37.12,40,Salary,77209.59999999999,448,Information Technology,Female,Single,2.0,20.0,Mailed Check,Yes,14
244,17289,37,No,36.14,40,Salary,75171.2,196,InformationTechnology,Prefer Not to Answer,Single,8.0,1.0,Mailed Check,No,6
1261,17291,55,No,90.47,40,Salary,188177.6,402,Marketing,Male,Married,5.0,3.0,Direct Deposit,No,16
5408,17295,22,No,60.1,40,Salary,125008.0,353,Manufacturing,Female,Divorced,1.0,8.0,Direct Deposit,Yes,0
41,17298,52,No,94.94,40,Salary,197475.19999999998,282,Laboratory,Female,Married,3.0,5.0,Mailed Check,No,3
5133,17318,43,Yes,92.4,40,Salary,192192.0,433,Laboratory,Male,Married,5.0,20.0,Mailed Check,Yes,9
12577,17320,56,No,40.47,40,Salary,84177.59999999999,351,Information Technology,Female,Married,15.5,17.0,Mailed Check,No,37
3648,17325,41,No,97.53,40,Salary,202862.4,256,InformationTechnology,Female,Married,4.0,2.0,Mailed Check,No,20
5557,17327,33,No,19.03,40,Salary,39582.4,108,Information_Technology,Female,Married,15.5,22.0,Mailed Check,No,6
1603,17339,31,No,42.32,40,Salary,88025.59999999999,30,Information_Technology,Male,Single,9.0,22.0,Direct Deposit,Yes,0
5877,17363,61,No,39.86,40,Salary,82908.8,433,Manufacturing,Male,Married,3.0,4.0,Direct Deposit,No,14
58,17364,50,Yes,63.35,40,Salary,131768.0,60,Healthcare,Male,Divorced,3.0,20.0,Mailed Check,Yes,31
715,17366,39,Yes,86.0,40,Salary,178880.0,456,Healthcare,Female,Single,8.0,9.0,Mailed Check,No,8
5805,17379,30,No,80.25,40,Salary,166920.0,380,Human_Resources,Female,Married,5.0,22.0,Mailed Check,No,6
940,17382,28,No,17.09,40,Salary,35547.200000000004,96,Information_Technology,Female,Divorced,1.0,15.0,Direct Deposit,No,10
4322,17388,28,No,58.6,40,Salary,121888.0,73,HumanResources,Male,Divorced,5.0,3.0,Direct Deposit,Yes,11
78,17392,24,Yes,90.41,40,Salary,188052.8,6,Research,Female,Married,7.0,14.0,Mailed Check,Yes,0
5187,17393,43,Yes,94.78,40,Salary,197142.4,255,InformationTechnology,Prefer Not to Answer,Divorced,4.0,7.0,Mailed Check,No,9
2248,17394,25,No,92.25,40,Salary,191880.0,27,Laboratory,Female,Single,7.0,8.0,Mailed Check,No,14
5849,17398,47,Yes,27.19,40,Salary,56555.200000000004,67,Human Resources,Female,Divorced,2.0,10.0,Direct Deposit,No,9
5811,17403,45,No,55.96,40,Salary,116396.8,108,InformationTechnology,Female,Married,4.0,5.0,Mailed Check,No,21
871,17407,23,No,81.81,40,Salary,170164.80000000002,238,Human Resources,Male,Single,4.0,20.0,Direct Deposit,No,0
1296,17410,41,Yes,62.0,40,Salary,128960.0,312,Marketing,Prefer Not to Answer,Single,5.0,24.0,Mailed Check,No,15
5848,17411,55,No,95.87,40,Salary,199409.6,211,Marketing,Male,Divorced,9.0,4.0,Direct Deposit,No,27
228,17412,55,Yes,37.06,40,Salary,77084.8,203,Sales,Female,Married,9.0,20.0,Mailed Check,No,5
3214,17415,44,Yes,36.47,40,Salary,75857.59999999999,480,Marketing,Male,Divorced,4.0,21.0,Direct Deposit,Yes,1
3497,17417,58,Yes,41.37,40,Salary,86049.59999999999,133,Laboratory,Prefer Not to Answer,Single,5.0,2.0,Direct Deposit,Yes,37
607,17419,38,Yes,97.2,40,Salary,202176.0,88,Information_Technology,Male,Married,8.0,14.0,Direct Deposit,No,14
12509,17422,58,No,91.91,40,Salary,191172.8,474,Research,Male,Single,7.0,25.0,Mailed Check,Yes,2
2686,17429,61,Yes,25.3,40,Salary,52624.0,416,Information Technology,Prefer Not to Answer,Single,8.0,24.0,Mailed Check,No,16
5241,17433,53,No,51.23,40,Salary,106558.4,31,Research,Female,Divorced,4.0,9.0,Mailed Check,Yes,28
3908,17436,51,No,44.96,40,Salary,93516.8,102,Laboratory,Prefer Not to Answer,Single,9.0,11.0,Direct Deposit,No,20
4069,17441,46,Yes,35.57,40,Salary,73985.59999999999,248,Research,Prefer Not to Answer,Single,5.0,23.0,Mailed Check,Yes,11
1835,17442,27,No,65.58,40,Salary,136406.4,301,Laboratory,Male,Divorced,1.0,17.0,Mailed Check,No,0
2291,17446,31,No,36.75,40,Salary,76440.0,4,HumanResources,Prefer Not to Answer,Married,6.0,3.0,Direct Deposit,No,12
12540,17447,30,No,68.25,40,Salary,141960.0,71,Human_Resources,Female,Single,6.0,9.0,Direct Deposit,No,0
5778,17450,28,Yes,24.82,40,Salary,51625.6,49,Sales,Female,Single,3.0,18.0,Mailed Check,No,9
5015,17452,64,No,41.03,40,Salary,85342.40000000001,413,InformationTechnology,Prefer Not to Answer,Married,1.0,22.0,Mailed Check,No,30
4684,17453,58,Yes,32.19,40,Salary,66955.2,380,Healthcare,Female,Married,7.0,5.0,Direct Deposit,Yes,17
12749,17458,48,No,22.27,40,Salary,46321.6,185,Human Resources,Female,Married,3.0,18.0,Mailed Check,No,4
12518,17459,21,No,85.94,40,Salary,178755.19999999998,331,Information_Technology,Female,Divorced,8.0,10.0,Mailed Check,No,0
603,17461,28,No,63.12,40,Salary,131289.59999999998,205,Information_Technology,Male,Divorced,4.0,9.0,Mailed Check,No,16
5503,17463,20,No,42.5,40,Salary,88400.0,365,HumanResources,Prefer Not to Answer,Single,2.0,25.0,Direct Deposit,No,6
1407,17469,42,Yes,83.63,40,Salary,173950.4,110,Manufacturing,Prefer Not to Answer,Married,8.0,39.5,Direct Deposit,Yes,3
12214,17472,34,Yes,59.72,40,Salary,124217.6,473,Human Resources,Prefer Not to Answer,Married,1.0,8.0,Mailed Check,No,8
777,17473,50,Yes,71.38,40,Salary,148470.4,482,InformationTechnology,Male,Married,8.0,1.0,Mailed Check,No,14
4004,17476,46,No,67.97,40,Salary,141377.6,57,Information_Technology,Male,Married,7.0,24.0,Direct Deposit,No,10
12596,17479,50,No,60.55,40,Salary,125944.0,173,Human Resources,Female,Single,3.0,25.0,Mailed Check,No,17
4281,17483,51,Yes,92.57,40,Salary,192545.59999999998,47,Information Technology,Male,Divorced,6.0,23.0,Mailed Check,Yes,29
2825,17484,32,No,33.35,40,Salary,69368.0,260,Healthcare,Prefer Not to Answer,Married,15.5,2.0,Mailed Check,No,12
4162,17487,21,No,56.16,40,Salary,116812.79999999999,210,InformationTechnology,Male,Divorced,6.0,24.0,Mailed Check,No,0
4242,17490,28,Yes,19.45,40,Salary,40456.0,137,Human_Resources,Female,Divorced,7.0,11.0,Direct Deposit,No,10
677,17500,55,Yes,54.73,40,Salary,113838.4,237,InformationTechnology,Male,Married,3.0,16.0,Mailed Check,No,19
4431,17504,21,Yes,86.21,40,Salary,179316.8,454,Healthcare,Prefer Not to Answer,Married,6.0,4.0,Mailed Check,No,0
12266,17506,60,Yes,94.68,40,Salary,196934.40000000002,285,Information_Technology,Male,Married,2.0,25.0,Mailed Check,No,29
2519,17510,46,Yes,48.29,40,Salary,100443.2,455,Laboratory,Male,Married,5.0,23.0,Direct Deposit,No,12
1130,17513,37,No,90.76,40,Salary,188780.80000000002,265,Laboratory,Prefer Not to Answer,Divorced,7.0,22.0,Direct Deposit,No,6
13131,17521,58,No,30.17,40,Salary,62753.600000000006,72,Sales,Male,Married,5.0,2.0,Mailed Check,Yes,13
3932,17525,20,No,49.82,40,Salary,103625.59999999999,376,InformationTechnology,Male,Married,2.0,23.0,Mailed Check,Yes,2
937,17532,57,No,61.18,40,Salary,127254.4,263,Healthcare,Male,Married,1.0,20.0,Mailed Check,Yes,31
2661,17536,59,Yes,80.55,40,Salary,167544.0,484,Laboratory,Male,Divorced,3.0,7.0,Mailed Check,No,27
424,17540,50,No,27.2,40,Salary,56576.0,392,Information Technology,Female,Married,2.0,8.0,Mailed Check,No,30
5762,17543,28,No,50.11,40,Salary,104228.8,244,Sales,Female,Single,1.0,12.0,Direct Deposit,No,16
12019,17548,63,Yes,65.48,40,Salary,136198.40000000002,238,Laboratory,Male,Divorced,9.0,1.0,Mailed Check,No,34
4332,17551,45,No,98.31,40,Salary,204484.80000000002,131,Laboratory,Male,Single,7.0,21.0,Direct Deposit,No,24
1638,17558,55,Yes,46.53,40,Salary,96782.40000000001,479,Information_Technology,Female,Married,15.5,10.0,Direct Deposit,No,27
974,17570,40,Yes,31.54,40,Salary,65603.2,127,Human_Resources,Female,Married,2.0,17.0,Mailed Check,No,4
4852,17572,32,Yes,26.89,40,Salary,55931.2,497,InformationTechnology,Female,Single,6.0,19.0,Mailed Check,No,10
4591,17580,33,Yes,72.68,40,Salary,151174.40000000002,68,Human_Resources,Female,Single,6.0,3.0,Direct Deposit,Yes,5
5929,17584,65,Yes,28.91,40,Salary,60132.8,409,Information_Technology,Female,Divorced,2.0,6.0,Mailed Check,No,10
2976,17586,19,No,56.82,40,Salary,118185.6,443,Marketing,Prefer Not to Answer,Married,8.0,3.0,Direct Deposit,No,0
12145,17587,57,No,42.79,40,Salary,89003.2,310,Research,Prefer Not to Answer,Single,8.0,3.0,Mailed Check,No,10
49,17588,40,Yes,36.11,40,Salary,75108.8,434,Human_Resources,Female,Divorced,6.0,16.0,Direct Deposit,No,1
531,17591,57,Yes,64.87,40,Salary,134929.6,94,Human Resources,Prefer Not to Answer,Married,3.0,2.0,Direct Deposit,No,8
1373,17592,31,No,36.66,40,Salary,76252.79999999999,430,Manufacturing,Prefer Not to Answer,Divorced,9.0,19.0,Mailed Check,No,0
12652,17593,22,No,36.68,40,Salary,76294.40000000001,242,InformationTechnology,Prefer Not to Answer,Married,6.0,19.0,Mailed Check,No,0
13136,17597,63,Yes,48.77,40,Salary,101441.6,424,Information_Technology,Male,Married,7.0,3.0,Mailed Check,Yes,37
12617,17598,52,No,19.14,40,Salary,39811.200000000004,375,Marketing,Female,Single,15.5,16.0,Mailed Check,No,3
1276,17603,56,No,58.51,40,Salary,121700.8,354,Sales,Female,Married,9.0,7.0,Mailed Check,No,21
4678,17605,38,Yes,96.27,40,Salary,200241.59999999998,429,Human Resources,Male,Divorced,15.5,15.0,Direct Deposit,Yes,8
1045,17610,27,Yes,60.43,40,Salary,125694.4,483,Human Resources,Female,Divorced,5.0,2.0,Mailed Check,Yes,6
12791,17616,55,Yes,25.76,40,Salary,53580.8,20,HumanResources,Male,Married,2.0,3.0,Mailed Check,Yes,31
3333,17623,37,Yes,35.12,40,Salary,73049.59999999999,463,Healthcare,Prefer Not to Answer,Married,5.0,1.0,Mailed Check,No,11
844,17637,33,No,90.15,40,Salary,187512.0,486,Information Technology,Female,Married,1.0,13.0,Mailed Check,No,0
3585,17645,31,Yes,80.07,40,Salary,166545.59999999998,208,Human Resources,Prefer Not to Answer,Single,2.0,7.0,Mailed Check,Yes,2
5945,17646,53,No,82.46,40,Salary,171516.8,72,Human Resources,Male,Single,6.0,12.0,Mailed Check,No,33
1725,17647,52,No,65.32,40,Salary,135865.59999999998,95,Information_Technology,Male,Married,9.0,7.0,Mailed Check,No,12
3565,17655,44,No,30.22,40,Salary,62857.6,475,Manufacturing,Male,Married,6.0,18.0,Mailed Check,No,13
12599,17657,43,Yes,20.33,40,Salary,42286.399999999994,218,Laboratory,Male,Single,6.0,1.0,Direct Deposit,No,1
4181,17658,56,Yes,39.84,40,Salary,82867.20000000001,55,Laboratory,Female,Divorced,6.0,1.0,Mailed Check,No,25
12136,17663,28,No,40.76,40,Salary,84780.79999999999,309,Human_Resources,Prefer Not to Answer,Single,4.0,9.0,Mailed Check,No,0
12607,17664,58,Yes,77.43,40,Salary,161054.40000000002,224,Laboratory,Female,Divorced,2.0,5.0,Mailed Check,No,33
12112,17665,48,Yes,99.83,40,Salary,207646.4,254,Manufacturing,Male,Divorced,9.0,21.0,Mailed Check,No,24
3992,17668,24,No,98.29,40,Salary,204443.2,416,Marketing,Female,Married,3.0,6.0,Mailed Check,Yes,0
2754,17669,52,Yes,97.99,40,Salary,203819.19999999998,242,Sales,Female,Single,4.0,1.0,Mailed Check,Yes,12
5585,17670,44,No,43.71,40,Salary,90916.8,161,InformationTechnology,Prefer Not to Answer,Divorced,2.0,13.0,Direct Deposit,No,12
2442,17672,46,No,99.05,40,Salary,206024.0,367,Sales,Female,Married,7.0,13.0,Mailed Check,No,11
4735,17675,35,No,69.69,40,Salary,144955.19999999998,214,Information Technology,Male,Divorced,8.0,8.0,Mailed Check,No,2
2755,17676,26,Yes,49.57,40,Salary,103105.59999999999,85,InformationTechnology,Male,Single,7.0,12.0,Mailed Check,No,14
1789,17678,29,No,59.22,40,Salary,123177.6,101,Information_Technology,Prefer Not to Answer,Single,15.5,16.0,Mailed Check,No,0
2305,17682,64,No,58.73,40,Salary,122158.4,307,Research,Female,Divorced,8.0,1.0,Mailed Check,No,5
5769,17683,27,Yes,43.05,40,Salary,89544.0,27,Laboratory,Male,Divorced,1.0,22.0,Mailed Check,No,1
5327,17685,39,Yes,57.94,40,Salary,120515.2,360,HumanResources,Female,Single,1.0,39.5,Mailed Check,No,6
2872,17686,24,Yes,19.54,40,Salary,40643.2,486,Information_Technology,Female,Married,8.0,25.0,Mailed Check,No,16
5609,17688,37,No,28.05,40,Salary,58344.0,462,Healthcare,Prefer Not to Answer,Divorced,8.0,22.0,Mailed Check,Yes,10
2562,17690,30,Yes,74.73,40,Salary,155438.40000000002,83,Laboratory,Prefer Not to Answer,Married,9.0,18.0,Mailed Check,No,0
2630,17692,54,Yes,41.97,40,Salary,87297.59999999999,486,Information Technology,Male,Divorced,2.0,6.0,Mailed Check,No,28
4094,17695,47,Yes,74.54,40,Salary,155043.2,453,Human Resources,Male,Single,9.0,19.0,Direct Deposit,Yes,2
32,17696,25,No,42.2,40,Salary,87776.0,120,Manufacturing,Prefer Not to Answer,Single,8.0,2.0,Mailed Check,Yes,0
5458,17697,24,Yes,79.84,40,Salary,166067.2,315,Sales,Male,Single,4.0,15.0,Mailed Check,No,2
2151,17701,54,Yes,87.31,40,Salary,181604.80000000002,426,Sales,Female,Divorced,4.0,6.0,Mailed Check,Yes,18
3742,17703,56,Yes,52.05,40,Salary,108264.0,119,Research,Female,Single,7.0,9.0,Direct Deposit,No,12
910,17705,32,Yes,22.46,40,Salary,46716.8,412,Manufacturing,Prefer Not to Answer,Married,8.0,7.0,Mailed Check,No,9
1908,17706,21,Yes,41.64,40,Salary,86611.2,286,HumanResources,Male,Divorced,6.0,16.0,Mailed Check,No,0
2380,17712,37,No,36.07,40,Salary,75025.59999999999,317,Sales,Female,Married,8.0,39.5,Mailed Check,No,0
5894,17718,64,No,64.64,40,Salary,134451.19999999998,53,Healthcare,Female,Single,6.0,4.0,Direct Deposit,No,20
2405,17720,37,No,90.4,40,Salary,188032.0,229,Human_Resources,Prefer Not to Answer,Divorced,4.0,20.0,Direct Deposit,Yes,19
3689,17721,24,Yes,34.86,40,Salary,72508.8,89,Research,Prefer Not to Answer,Divorced,1.0,15.0,Mailed Check,Yes,0
1708,17726,21,Yes,31.87,40,Salary,66289.59999999999,485,InformationTechnology,Male,Single,5.0,22.0,Direct Deposit,No,0
772,17728,28,Yes,78.92,40,Salary,164153.6,258,Human Resources,Male,Divorced,4.0,3.0,Direct Deposit,No,0
3680,17730,63,Yes,43.3,40,Salary,90064.0,415,Human Resources,Male,Divorced,1.0,24.0,Direct Deposit,No,3
350,17731,52,No,52.81,40,Salary,109844.8,148,Healthcare,Prefer Not to Answer,Married,5.0,23.0,Direct Deposit,No,8
5754,17735,48,Yes,78.19,40,Salary,162635.19999999998,216,Manufacturing,Male,Single,9.0,25.0,Mailed Check,Yes,5
4098,17737,62,No,67.48,40,Salary,140358.40000000002,317,Manufacturing,Male,Single,6.0,23.0,Direct Deposit,Yes,7
1072,17753,54,No,81.34,40,Salary,169187.2,467,Information_Technology,Male,Divorced,6.0,22.0,Direct Deposit,No,33
3332,17758,19,Yes,36.24,40,Salary,75379.20000000001,209,Laboratory,Female,Single,9.0,12.0,Mailed Check,No,14
1798,17763,62,Yes,57.41,40,Salary,119412.79999999999,329,Human Resources,Prefer Not to Answer,Married,2.0,19.0,Mailed Check,No,35
2725,17766,21,No,18.02,40,Salary,37481.6,32,Sales,Male,Married,1.0,9.0,Direct Deposit,No,11
1021,17770,57,Yes,41.05,40,Salary,85384.0,395,Research,Male,Divorced,6.0,23.0,Mailed Check,No,16
847,17772,32,Yes,93.82,40,Salary,195145.59999999998,424,Information_Technology,Female,Divorced,7.0,17.0,Mailed Check,No,0
12638,17775,38,Yes,55.25,40,Salary,114920.0,449,Manufacturing,Prefer Not to Answer,Divorced,2.0,2.0,Mailed Check,No,1
2656,17776,64,Yes,93.59,40,Salary,194667.2,300,Marketing,Prefer Not to Answer,Divorced,1.0,19.0,Mailed Check,Yes,27
12370,17777,34,Yes,49.26,40,Salary,102460.79999999999,261,Human_Resources,Prefer Not to Answer,Married,7.0,11.0,Mailed Check,Yes,15
3995,17778,53,No,34.17,40,Salary,71073.6,452,HumanResources,Male,Divorced,6.0,6.0,Mailed Check,No,25
4552,17782,52,No,53.81,40,Salary,111924.8,162,Laboratory,Female,Single,3.0,17.0,Mailed Check,No,8
3131,17789,59,No,77.29,40,Salary,160763.2,77,Laboratory,Prefer Not to Answer,Single,1.0,2.0,Direct Deposit,Yes,37
2597,17793,21,Yes,95.87,40,Salary,199409.6,232,Human_Resources,Female,Divorced,8.0,1.0,Mailed Check,Yes,0
485,17796,32,Yes,69.45,40,Salary,144456.0,367,Laboratory,Female,Married,15.5,10.0,Mailed Check,Yes,0
2022,17799,61,No,54.72,40,Salary,113817.6,403,InformationTechnology,Prefer Not to Answer,Divorced,1.0,18.0,Direct Deposit,No,5
4260,17801,42,No,24.56,40,Salary,51084.799999999996,288,Healthcare,Male,Single,5.0,6.0,Direct Deposit,No,20
5233,17804,25,Yes,17.14,40,Salary,35651.200000000004,405,Information Technology,Female,Single,6.0,12.0,Mailed Check,Yes,2
2558,17805,30,Yes,92.36,40,Salary,192108.80000000002,52,Human_Resources,Male,Single,9.0,23.0,Direct Deposit,Yes,6
1432,17812,47,Yes,28.95,40,Salary,60216.0,315,Human Resources,Male,Married,2.0,24.0,Mailed Check,No,2
12072,17815,54,Yes,92.08,40,Salary,191526.4,125,Manufacturing,Prefer Not to Answer,Single,8.0,22.0,Mailed Check,No,28
980,17816,62,Yes,48.1,40,Salary,100048.0,35,Healthcare,Male,Single,5.0,3.0,Mailed Check,No,17
2843,17819,52,No,41.08,40,Salary,85446.4,146,InformationTechnology,Male,Single,9.0,11.0,Direct Deposit,No,16
519,17822,44,Yes,63.43,40,Salary,131934.4,449,Human Resources,Female,Single,2.0,9.0,Mailed Check,Yes,12
3869,17826,24,No,52.39,40,Salary,108971.2,35,Human Resources,Female,Single,9.0,19.0,Direct Deposit,Yes,12
245,17833,45,No,31.99,40,Salary,66539.2,61,Information_Technology,Female,Single,2.0,10.0,Direct Deposit,No,3
4914,17834,56,Yes,78.52,40,Salary,163321.59999999998,11,Human Resources,Male,Married,9.0,6.0,Mailed Check,No,11
2032,17837,52,Yes,76.3,40,Salary,158704.0,86,Information_Technology,Male,Married,6.0,24.0,Mailed Check,Yes,13
2756,17839,22,No,42.61,40,Salary,88628.8,47,Human_Resources,Male,Married,6.0,5.0,Mailed Check,Yes,0
767,17841,33,Yes,52.89,40,Salary,110011.2,168,Healthcare,Female,Divorced,7.0,11.0,Mailed Check,No,3
3443,17845,63,Yes,32.1,40,Salary,66768.0,305,Information Technology,Prefer Not to Answer,Divorced,1.0,5.0,Mailed Check,No,33
12195,17846,55,No,90.68,40,Salary,188614.40000000002,318,HumanResources,Female,Divorced,7.0,3.0,Mailed Check,No,4
4377,17849,51,Yes,37.41,40,Salary,77812.79999999999,97,InformationTechnology,Female,Married,6.0,7.0,Direct Deposit,No,32
5895,17853,27,Yes,63.2,40,Salary,131456.0,341,InformationTechnology,Male,Divorced,5.0,1.0,Direct Deposit,No,6
2920,17857,51,No,49.98,40,Salary,103958.4,348,Human Resources,Prefer Not to Answer,Single,5.0,7.0,Mailed Check,Yes,9
1647,17861,54,Yes,82.02,40,Salary,170601.59999999998,129,Laboratory,Male,Single,15.5,1.0,Mailed Check,Yes,21
2321,17863,34,Yes,75.7,40,Salary,157456.0,494,Human Resources,Male,Single,15.5,3.0,Direct Deposit,Yes,0
5689,17864,23,Yes,85.44,40,Salary,177715.19999999998,4,InformationTechnology,Prefer Not to Answer,Single,5.0,23.0,Direct Deposit,No,0
4301,17867,46,No,79.74,40,Salary,165859.19999999998,171,InformationTechnology,Female,Married,8.0,24.0,Direct Deposit,No,20
2004,17877,45,No,50.29,40,Salary,104603.2,92,InformationTechnology,Female,Married,5.0,17.0,Mailed Check,No,12
3684,17878,40,Yes,40.39,40,Salary,84011.2,274,InformationTechnology,Prefer Not to Answer,Divorced,5.0,6.0,Mailed Check,Yes,14
2049,17882,43,Yes,45.2,40,Salary,94016.0,374,InformationTechnology,Male,Divorced,4.0,5.0,Mailed Check,No,10
3243,17884,22,Yes,62.25,40,Salary,129480.0,256,Human_Resources,Male,Married,5.0,11.0,Direct Deposit,Yes,0
5496,17885,36,No,46.47,40,Salary,96657.59999999999,365,Manufacturing,Female,Married,5.0,6.0,Mailed Check,Yes,5
979,17888,33,Yes,65.07,40,Salary,135345.59999999998,299,Marketing,Female,Married,5.0,8.0,Mailed Check,No,3
2069,17891,60,No,75.74,40,Salary,157539.19999999998,81,Information Technology,Female,Married,4.0,24.0,Direct Deposit,Yes,15
919,17896,31,No,78.07,40,Salary,162385.59999999998,266,Human Resources,Female,Divorced,1.0,8.0,Direct Deposit,No,0
12593,17902,46,Yes,33.04,40,Salary,68723.2,143,Information_Technology,Female,Divorced,4.0,5.0,Direct Deposit,No,3
395,17904,61,No,59.82,40,Salary,124425.6,143,Sales,Male,Single,8.0,20.0,Mailed Check,No,34
2303,17908,50,No,36.37,40,Salary,75649.59999999999,192,HumanResources,Prefer Not to Answer,Divorced,2.0,17.0,Mailed Check,Yes,25
2814,17912,25,Yes,23.64,40,Salary,49171.200000000004,46,Research,Male,Divorced,15.5,10.0,Mailed Check,Yes,0
12134,17914,42,Yes,44.31,40,Salary,92164.8,432,Information Technology,Male,Married,9.0,17.0,Direct Deposit,No,12
4868,17919,19,No,22.18,40,Salary,46134.4,329,Human_Resources,Male,Single,2.0,6.0,Mailed Check,Yes,9
4596,17921,56,No,36.42,40,Salary,75753.6,414,Sales,Prefer Not to Answer,Married,3.0,19.0,Mailed Check,No,32
3221,17923,24,Yes,19.22,40,Salary,39977.6,399,InformationTechnology,Male,Single,4.0,4.0,Mailed Check,Yes,17
12274,17931,56,No,20.39,40,Salary,42411.200000000004,129,HumanResources,Prefer Not to Answer,Divorced,9.0,21.0,Direct Deposit,No,27
1528,17939,57,No,35.61,40,Salary,74068.8,341,Manufacturing,Female,Divorced,9.0,39.5,Direct Deposit,No,11
2598,17946,52,Yes,80.56,40,Salary,167564.80000000002,247,Healthcare,Prefer Not to Answer,Married,15.5,20.0,Direct Deposit,Yes,19
31,17949,46,No,74.16,40,Salary,154252.8,51,Research,Prefer Not to Answer,Married,2.0,16.0,Mailed Check,Yes,13
12264,17953,20,Yes,42.5,40,Salary,88400.0,431,Information_Technology,Female,Single,4.0,22.0,Direct Deposit,Yes,0
3997,17956,52,No,49.14,40,Salary,102211.2,321,Sales,Female,Divorced,6.0,11.0,Mailed Check,Yes,14
5311,17957,64,No,56.62,40,Salary,117769.59999999999,147,Laboratory,Prefer Not to Answer,Single,6.0,7.0,Mailed Check,No,5
4597,17964,40,No,91.2,40,Salary,189696.0,225,Information_Technology,Male,Single,4.0,17.0,Mailed Check,Yes,16
12396,17966,50,No,48.8,40,Salary,101504.0,227,Healthcare,Female,Divorced,3.0,20.0,Direct Deposit,No,8
5411,17980,21,Yes,67.95,40,Salary,141336.0,467,Information Technology,Prefer Not to Answer,Divorced,8.0,25.0,Mailed Check,No,0
667,17983,43,No,26.65,40,Salary,55432.0,273,Human_Resources,Female,Divorced,3.0,20.0,Mailed Check,No,2
1133,17984,19,No,19.83,40,Salary,41246.399999999994,119,Healthcare,Prefer Not to Answer,Divorced,2.0,12.0,Mailed Check,Yes,3
2036,17994,55,Yes,77.4,40,Salary,160992.0,203,Human_Resources,Female,Married,9.0,10.0,Mailed Check,No,15
2217,17997,24,No,56.14,40,Salary,116771.2,420,Manufacturing,Female,Single,7.0,15.0,Mailed Check,No,12
12151,17999,35,No,49.21,40,Salary,102356.8,292,Information_Technology,Female,Married,6.0,1.0,Direct Deposit,No,13
819,18002,32,No,65.76,40,Salary,136780.80000000002,61,Human Resources,Prefer Not to Answer,Single,8.0,9.0,Mailed Check,No,0
3234,18012,57,No,91.0,40,Salary,189280.0,303,Human Resources,Male,Married,8.0,1.0,Mailed Check,No,13
4911,18020,26,No,46.8,40,Salary,97344.0,381,Information Technology,Male,Single,15.5,17.0,Direct Deposit,Yes,3
581,18021,56,No,26.84,40,Salary,55827.2,24,Healthcare,Male,Married,15.5,18.0,Direct Deposit,No,11
13146,18023,49,No,22.17,40,Salary,46113.600000000006,24,Sales,Female,Divorced,3.0,9.0,Mailed Check,No,2
340,18026,27,No,97.47,40,Salary,202737.6,15,InformationTechnology,Male,Single,9.0,13.0,Mailed Check,No,5
2765,18034,33,Yes,66.69,40,Salary,138715.19999999998,381,Sales,Male,Married,8.0,7.0,Direct Deposit,Yes,0
12539,18035,37,No,69.83,40,Salary,145246.4,10,Manufacturing,Male,Married,6.0,4.0,Mailed Check,Yes,16
1995,18036,41,No,38.35,40,Salary,79768.0,274,Information_Technology,Prefer Not to Answer,Married,1.0,14.0,Direct Deposit,No,12
5867,18040,62,No,59.97,40,Salary,124737.6,255,Information_Technology,Prefer Not to Answer,Married,6.0,17.0,Direct Deposit,Yes,12
1107,18044,42,No,66.65,40,Salary,138632.0,97,Sales,Prefer Not to Answer,Divorced,1.0,23.0,Direct Deposit,No,24
3942,18051,22,Yes,44.87,40,Salary,93329.59999999999,0,Sales,Female,Divorced,2.0,18.0,Mailed Check,No,0
2947,18053,38,No,81.9,40,Salary,170352.0,134,InformationTechnology,Prefer Not to Answer,Divorced,1.0,9.0,Mailed Check,Yes,17
4824,18055,61,Yes,40.8,40,Salary,84864.0,248,Marketing,Prefer Not to Answer,Divorced,2.0,1.0,Direct Deposit,No,37
456,18056,51,Yes,43.65,40,Salary,90792.0,389,Manufacturing,Female,Divorced,6.0,23.0,Mailed Check,No,28
3343,18063,29,No,95.4,40,Salary,198432.0,133,Information Technology,Female,Married,9.0,19.0,Direct Deposit,No,0
199,18065,37,No,44.59,40,Salary,92747.20000000001,63,InformationTechnology,Female,Divorced,3.0,18.0,Direct Deposit,No,5
264,18069,58,No,98.8,40,Salary,205504.0,432,Laboratory,Prefer Not to Answer,Single,1.0,19.0,Mailed Check,No,37
4967,18070,51,No,83.77,40,Salary,174241.59999999998,257,Human_Resources,Prefer Not to Answer,Single,9.0,19.0,Mailed Check,No,7
3228,18074,42,No,61.74,40,Salary,128419.2,120,HumanResources,Prefer Not to Answer,Married,1.0,12.0,Mailed Check,No,1
1326,18075,23,No,59.34,40,Salary,123427.20000000001,321,Marketing,Male,Divorced,2.0,13.0,Mailed Check,No,0
12382,18077,49,Yes,63.34,40,Salary,131747.2,50,Information Technology,Prefer Not to Answer,Married,7.0,20.0,Mailed Check,Yes,4
3636,18079,55,Yes,90.83,40,Salary,188926.4,220,Marketing,Female,Divorced,7.0,15.0,Mailed Check,Yes,13
684,18083,62,Yes,74.9,40,Salary,155792.0,311,HumanResources,Prefer Not to Answer,Divorced,9.0,39.5,Direct Deposit,No,37
547,18089,41,No,88.8,40,Salary,184704.0,388,Laboratory,Prefer Not to Answer,Single,2.0,9.0,Mailed Check,Yes,15
390,18095,62,Yes,93.12,40,Salary,193689.6,267,Information_Technology,Prefer Not to Answer,Married,6.0,17.0,Direct Deposit,No,37
2553,18096,39,Yes,98.85,40,Salary,205608.0,261,Laboratory,Female,Divorced,8.0,6.0,Direct Deposit,No,0
1196,18102,22,No,62.68,40,Salary,130374.4,134,Human_Resources,Male,Married,2.0,22.0,Mailed Check,No,0
1848,18103,40,No,30.66,40,Salary,63772.8,134,Healthcare,Male,Single,2.0,9.0,Direct Deposit,No,11
1117,18112,37,Yes,70.95,40,Salary,147576.0,59,HumanResources,Prefer Not to Answer,Single,15.5,14.0,Direct Deposit,Yes,16
5715,18117,57,Yes,81.1,40,Salary,168688.0,217,Information_Technology,Prefer Not to Answer,Single,7.0,14.0,Mailed Check,No,32
5611,18121,48,No,33.79,40,Salary,70283.2,363,Sales,Male,Married,9.0,22.0,Mailed Check,Yes,19
1500,18122,45,No,79.22,40,Salary,164777.6,226,Information_Technology,Female,Single,8.0,1.0,Mailed Check,No,24
1956,18124,44,Yes,88.21,40,Salary,183476.8,288,Research,Male,Married,4.0,15.0,Mailed Check,No,19
12551,18130,59,Yes,86.61,40,Salary,180148.80000000002,42,Marketing,Female,Married,2.0,5.0,Mailed Check,No,2
1327,18141,35,Yes,73.15,40,Salary,152152.0,405,Information Technology,Prefer Not to Answer,Divorced,1.0,1.0,Direct Deposit,No,0
880,18142,53,No,62.06,40,Salary,129084.8,367,Research,Female,Divorced,6.0,19.0,Mailed Check,No,12
1101,18145,40,No,90.73,40,Salary,188718.40000000002,278,Research,Male,Single,3.0,15.0,Mailed Check,Yes,11
3790,18150,65,Yes,52.13,40,Salary,108430.40000000001,288,Manufacturing,Male,Single,4.0,17.0,Mailed Check,Yes,33
187,18157,25,Yes,88.69,40,Salary,184475.19999999998,37,Information_Technology,Male,Divorced,5.0,39.5,Mailed Check,No,7
3852,18161,51,No,52.65,40,Salary,109512.0,85,HumanResources,Male,Married,8.0,25.0,Mailed Check,Yes,5
5614,18164,40,No,36.0,40,Salary,74880.0,202,Sales,Female,Married,1.0,17.0,Direct Deposit,Yes,3
434,18166,31,Yes,88.94,40,Salary,184995.19999999998,341,Information Technology,Prefer Not to Answer,Divorced,4.0,1.0,Mailed Check,Yes,6
5099,18167,62,No,21.13,40,Salary,43950.399999999994,277,Information Technology,Prefer Not to Answer,Single,15.5,21.0,Direct Deposit,Yes,8
3514,18172,45,Yes,21.44,40,Salary,44595.200000000004,473,Information_Technology,Prefer Not to Answer,Married,1.0,17.0,Mailed Check,Yes,0
564,18178,64,Yes,66.57,40,Salary,138465.59999999998,62,Research,Female,Married,2.0,22.0,Mailed Check,No,37
3986,18181,45,No,51.0,40,Salary,106080.0,301,Sales,Male,Single,4.0,14.0,Mailed Check,Yes,3
3182,18183,34,No,39.45,40,Salary,82056.0,398,Marketing,Female,Single,5.0,17.0,Mailed Check,No,13
3101,18184,32,No,33.85,40,Salary,70408.0,297,Sales,Prefer Not to Answer,Divorced,15.5,13.0,Direct Deposit,No,0
4211,18185,65,No,52.64,40,Salary,109491.2,248,Sales,Female,Single,3.0,4.0,Mailed Check,No,20
5736,18190,46,No,67.47,40,Salary,140337.6,200,Healthcare,Male,Divorced,1.0,3.0,Direct Deposit,Yes,27
1733,18192,63,Yes,82.92,40,Salary,172473.6,372,Information_Technology,Male,Divorced,6.0,7.0,Mailed Check,No,12
3208,18194,63,Yes,59.26,40,Salary,123260.8,222,Information Technology,Prefer Not to Answer,Single,7.0,17.0,Mailed Check,No,30
12184,18197,40,No,38.06,40,Salary,79164.8,375,Marketing,Prefer Not to Answer,Married,9.0,12.0,Direct Deposit,No,0
1682,18203,58,Yes,37.19,40,Salary,77355.2,404,Information_Technology,Male,Divorced,8.0,17.0,Mailed Check,Yes,13
5663,18209,37,Yes,33.17,40,Salary,68993.6,206,HumanResources,Female,Married,7.0,23.0,Mailed Check,No,8
3859,18218,26,No,94.96,40,Salary,197516.8,206,Research,Prefer Not to Answer,Single,7.0,22.0,Mailed Check,No,2
4926,18221,24,No,51.47,40,Salary,107057.6,281,Human_Resources,Male,Single,8.0,8.0,Mailed Check,No,15
749,18222,22,No,50.56,40,Salary,105164.8,404,HumanResources,Male,Married,8.0,13.0,Mailed Check,Yes,13
4718,18224,53,No,89.83,40,Salary,186846.4,332,Research,Female,Married,4.0,15.0,Direct Deposit,No,11
1292,18231,40,No,23.02,40,Salary,47881.6,37,Research,Prefer Not to Answer,Single,2.0,18.0,Mailed Check,Yes,20
4317,18232,53,Yes,58.25,40,Salary,121160.0,301,Research,Male,Divorced,3.0,10.0,Direct Deposit,Yes,16
5364,18235,50,Yes,84.01,40,Salary,174740.80000000002,286,Human_Resources,Prefer Not to Answer,Single,9.0,17.0,Mailed Check,Yes,7
1285,18238,60,No,77.02,40,Salary,160201.59999999998,206,Healthcare,Male,Divorced,8.0,17.0,Mailed Check,No,2
1738,18248,64,Yes,48.01,40,Salary,99860.79999999999,68,Information_Technology,Prefer Not to Answer,Single,8.0,14.0,Mailed Check,No,29
5200,18251,33,No,75.95,40,Salary,157976.0,72,Healthcare,Female,Single,1.0,23.0,Mailed Check,No,17
5775,18253,24,No,99.7,40,Salary,207376.0,406,Human_Resources,Prefer Not to Answer,Single,5.0,1.0,Mailed Check,No,0
730,18257,43,Yes,59.16,40,Salary,123052.79999999999,429,InformationTechnology,Prefer Not to Answer,Single,3.0,25.0,Mailed Check,Yes,12
12739,18264,33,Yes,34.3,40,Salary,71344.0,259,HumanResources,Female,Divorced,15.5,24.0,Mailed Check,Yes,14
3897,18265,49,No,50.15,40,Salary,104312.0,52,Manufacturing,Female,Married,6.0,1.0,Mailed Check,No,11
5301,18267,22,No,37.63,40,Salary,78270.40000000001,378,Information_Technology,Prefer Not to Answer,Married,9.0,10.0,Mailed Check,Yes,7
2708,18269,58,No,53.64,40,Salary,111571.2,395,Marketing,Prefer Not to Answer,Single,15.5,1.0,Direct Deposit,No,26
943,18272,55,No,51.42,40,Salary,106953.6,223,Marketing,Female,Married,7.0,13.0,Direct Deposit,No,16
13150,18281,60,Yes,62.5,40,Salary,130000.0,456,Marketing,Female,Divorced,2.0,1.0,Direct Deposit,No,11
3056,18292,33,Yes,95.84,40,Salary,199347.2,60,Manufacturing,Male,Single,5.0,6.0,Mailed Check,No,14
3476,18299,28,No,58.33,40,Salary,121326.4,97,Healthcare,Prefer Not to Answer,Single,4.0,2.0,Mailed Check,Yes,17
4232,18301,64,Yes,85.42,40,Salary,177673.6,289,Human Resources,Prefer Not to Answer,Married,9.0,16.0,Mailed Check,No,7
2775,18304,26,Yes,59.57,40,Salary,123905.6,403,Information Technology,Female,Married,15.5,7.0,Mailed Check,Yes,0
3113,18309,33,No,77.91,40,Salary,162052.8,236,InformationTechnology,Prefer Not to Answer,Married,5.0,10.0,Mailed Check,No,4
1436,18312,42,No,69.47,40,Salary,144497.6,411,Sales,Prefer Not to Answer,Married,7.0,5.0,Mailed Check,No,22
4584,18319,44,No,71.97,40,Salary,149697.6,440,Sales,Prefer Not to Answer,Divorced,9.0,14.0,Direct Deposit,Yes,9
1608,18321,20,No,39.6,40,Salary,82368.0,192,HumanResources,Male,Single,3.0,6.0,Direct Deposit,Yes,0
1284,18322,47,Yes,42.6,40,Salary,88608.0,151,Marketing,Male,Married,4.0,10.0,Mailed Check,Yes,21
5771,18328,37,Yes,31.19,40,Salary,64875.200000000004,130,Human_Resources,Male,Married,6.0,20.0,Direct Deposit,No,1
3464,18331,45,Yes,26.8,40,Salary,55744.0,305,Sales,Prefer Not to Answer,Divorced,4.0,16.0,Direct Deposit,No,0
2298,18333,45,Yes,24.7,40,Salary,51376.0,123,Marketing,Female,Single,3.0,20.0,Mailed Check,No,20
2862,18334,55,Yes,91.93,40,Salary,191214.40000000002,404,Marketing,Female,Single,1.0,1.0,Mailed Check,Yes,28
5163,18335,41,Yes,27.54,40,Salary,57283.2,480,Laboratory,Female,Single,8.0,15.0,Mailed Check,Yes,0
343,18338,39,Yes,52.79,40,Salary,109803.2,350,Information Technology,Prefer Not to Answer,Single,8.0,39.5,Direct Deposit,No,4
5920,18339,23,No,40.34,40,Salary,83907.20000000001,472,Research,Prefer Not to Answer,Divorced,2.0,20.0,Mailed Check,Yes,15
5993,18343,32,No,94.36,40,Salary,196268.80000000002,438,Human Resources,Female,Single,15.5,39.5,Direct Deposit,No,0
113,18344,29,No,32.31,40,Salary,67204.8,209,Human_Resources,Male,Divorced,6.0,13.0,Mailed Check,No,8
4572,18346,37,Yes,64.05,40,Salary,133224.0,29,Human Resources,Prefer Not to Answer,Divorced,3.0,10.0,Mailed Check,No,7
2271,18347,23,Yes,27.53,40,Salary,57262.4,242,HumanResources,Prefer Not to Answer,Divorced,2.0,21.0,Direct Deposit,No,0
5341,18352,41,Yes,82.48,40,Salary,171558.40000000002,340,Information Technology,Female,Divorced,15.5,5.0,Direct Deposit,Yes,4
12773,18353,50,Yes,56.68,40,Salary,117894.4,239,HumanResources,Prefer Not to Answer,Single,7.0,18.0,Mailed Check,No,17
12616,18355,58,Yes,52.98,40,Salary,110198.4,428,Manufacturing,Male,Married,3.0,39.5,Mailed Check,No,4
402,18367,28,No,95.35,40,Salary,198328.0,106,Manufacturing,Prefer Not to Answer,Married,8.0,9.0,Direct Deposit,No,9
5329,18368,22,Yes,50.4,40,Salary,104832.0,370,Human_Resources,Female,Single,5.0,10.0,Mailed Check,No,0
3408,18373,42,Yes,26.48,40,Salary,55078.4,177,Healthcare,Male,Married,15.5,21.0,Direct Deposit,Yes,12
1657,18375,56,No,38.5,40,Salary,80080.0,236,Research,Female,Married,7.0,15.0,Mailed Check,No,10
12298,18382,49,No,89.98,40,Salary,187158.40000000002,282,Sales,Male,Single,5.0,21.0,Mailed Check,No,17
12543,18389,52,Yes,71.5,40,Salary,148720.0,97,Information_Technology,Prefer Not to Answer,Single,9.0,20.0,Direct Deposit,No,11
5781,18392,54,No,87.56,40,Salary,182124.80000000002,11,Marketing,Female,Single,15.5,25.0,Mailed Check,No,29
712,18397,57,No,54.05,40,Salary,112424.0,138,InformationTechnology,Prefer Not to Answer,Divorced,6.0,21.0,Mailed Check,No,12
12554,18398,54,Yes,42.21,40,Salary,87796.8,220,Human_Resources,Female,Divorced,8.0,3.0,Mailed Check,No,13
12228,18404,65,No,68.01,40,Salary,141460.80000000002,492,InformationTechnology,Prefer Not to Answer,Single,3.0,10.0,Direct Deposit,No,37
2641,18405,51,No,54.67,40,Salary,113713.6,123,Information Technology,Female,Single,7.0,14.0,Mailed Check,No,2
5102,18412,55,Yes,71.08,40,Salary,147846.4,209,HumanResources,Prefer Not to Answer,Married,15.5,20.0,Mailed Check,No,37
3306,18424,39,No,21.01,40,Salary,43700.8,178,Laboratory,Prefer Not to Answer,Divorced,15.5,16.0,Mailed Check,Yes,14
1324,18429,63,Yes,78.97,40,Salary,164257.6,83,HumanResources,Prefer Not to Answer,Single,6.0,1.0,Direct Deposit,No,37
29,18430,52,Yes,66.43,40,Salary,138174.40000000002,414,Human_Resources,Prefer Not to Answer,Single,3.0,1.0,Direct Deposit,No,12
5480,18433,44,No,84.49,40,Salary,175739.19999999998,412,HumanResources,Prefer Not to Answer,Single,4.0,9.0,Direct Deposit,Yes,12
5255,18436,22,No,86.6,40,Salary,180128.0,325,Research,Prefer Not to Answer,Divorced,9.0,9.0,Direct Deposit,No,0
4845,18439,61,No,55.36,40,Salary,115148.8,301,Healthcare,Female,Married,5.0,5.0,Mailed Check,Yes,37
1124,18441,49,No,18.42,40,Salary,38313.600000000006,174,HumanResources,Male,Divorced,7.0,12.0,Direct Deposit,No,4
5022,18448,60,No,80.5,40,Salary,167440.0,144,Sales,Male,Divorced,3.0,21.0,Mailed Check,No,6
728,18449,30,Yes,57.43,40,Salary,119454.4,71,Sales,Male,Single,1.0,17.0,Mailed Check,No,0
860,18458,56,Yes,41.71,40,Salary,86756.8,219,HumanResources,Prefer Not to Answer,Married,8.0,10.0,Direct Deposit,No,15
284,18467,51,No,95.6,40,Salary,198848.0,175,Human_Resources,Prefer Not to Answer,Divorced,7.0,20.0,Mailed Check,No,14
3270,18470,52,No,87.85,40,Salary,182728.0,122,Human_Resources,Male,Divorced,6.0,14.0,Direct Deposit,Yes,31
2098,18471,25,No,18.42,40,Salary,38313.600000000006,359,HumanResources,Prefer Not to Answer,Divorced,5.0,20.0,Mailed Check,No,0
12604,18472,20,No,35.71,40,Salary,74276.8,80,Information_Technology,Prefer Not to Answer,Married,15.5,2.0,Mailed Check,No,0
5577,18478,40,No,87.67,40,Salary,182353.6,415,Research,Prefer Not to Answer,Married,8.0,21.0,Direct Deposit,No,2
5189,18481,42,Yes,30.72,40,Salary,63897.6,61,InformationTechnology,Male,Single,5.0,12.0,Mailed Check,Yes,15
3805,18483,42,No,26.89,40,Salary,55931.2,29,Healthcare,Prefer Not to Answer,Married,7.0,2.0,Direct Deposit,No,21
1524,18484,25,No,71.94,40,Salary,149635.19999999998,380,Information Technology,Prefer Not to Answer,Divorced,4.0,21.0,Direct Deposit,No,1
13172,18486,20,No,51.92,40,Salary,107993.6,216,Manufacturing,Male,Married,1.0,9.0,Mailed Check,No,16
2935,18498,19,Yes,33.2,40,Salary,69056.0,271,Sales,Prefer Not to Answer,Married,6.0,15.0,Mailed Check,No,0
4119,18508,44,No,24.9,40,Salary,51792.0,310,Information_Technology,Male,Single,8.0,1.0,Direct Deposit,Yes,9
12490,18511,23,No,66.16,40,Salary,137612.8,310,Human Resources,Male,Married,15.5,23.0,Mailed Check,No,0
5084,18512,61,Yes,45.08,40,Salary,93766.4,275,Laboratory,Prefer Not to Answer,Married,2.0,8.0,Mailed Check,No,5
1806,18513,30,Yes,53.46,40,Salary,111196.8,496,Marketing,Female,Single,6.0,4.0,Mailed Check,No,0
2907,18515,63,No,21.47,40,Salary,44657.6,460,InformationTechnology,Prefer Not to Answer,Married,15.5,4.0,Mailed Check,No,37
3414,18516,60,No,62.98,40,Salary,130998.4,256,Laboratory,Female,Divorced,15.5,22.0,Mailed Check,No,17
3961,18519,49,No,74.85,40,Salary,155688.0,313,Research,Male,Single,3.0,10.0,Mailed Check,No,9
4116,18521,22,No,83.88,40,Salary,174470.4,15,Marketing,Female,Divorced,7.0,14.0,Mailed Check,Yes,0
4131,18526,61,No,39.9,40,Salary,82992.0,181,Research,Male,Single,3.0,21.0,Mailed Check,Yes,4
12582,18529,64,No,73.13,40,Salary,152110.4,462,Information_Technology,Prefer Not to Answer,Divorced,6.0,12.0,Mailed Check,Yes,24
45,18533,47,Yes,31.81,40,Salary,66164.79999999999,175,Sales,Prefer Not to Answer,Single,5.0,13.0,Mailed Check,No,5
4253,18535,26,Yes,29.05,40,Salary,60424.0,459,Human_Resources,Prefer Not to Answer,Married,9.0,13.0,Mailed Check,Yes,4
3298,18538,50,Yes,44.98,40,Salary,93558.4,71,Human_Resources,Female,Single,15.5,11.0,Direct Deposit,Yes,8
3362,18540,40,No,30.21,40,Salary,62836.8,11,Healthcare,Male,Divorced,5.0,14.0,Direct Deposit,No,16
3096,18543,39,Yes,98.11,40,Salary,204068.80000000002,248,Sales,Prefer Not to Answer,Married,6.0,25.0,Mailed Check,No,1
4076,18546,46,No,98.28,40,Salary,204422.4,233,Information_Technology,Female,Divorced,5.0,23.0,Direct Deposit,No,5
3913,18550,39,No,31.13,40,Salary,64750.4,27,Research,Prefer Not to Answer,Divorced,15.5,16.0,Mailed Check,Yes,13
12426,18551,52,Yes,36.18,40,Salary,75254.40000000001,329,Manufacturing,Male,Single,15.5,5.0,Direct Deposit,No,18
54,18556,30,Yes,99.1,40,Salary,206128.0,473,Laboratory,Female,Divorced,4.0,24.0,Mailed Check,No,2
4198,18560,22,No,32.27,40,Salary,67121.6,244,Information_Technology,Female,Divorced,9.0,19.0,Mailed Check,No,10
12441,18561,47,Yes,93.13,40,Salary,193710.4,300,InformationTechnology,Male,Married,2.0,22.0,Direct Deposit,No,9
4444,18562,58,Yes,96.3,40,Salary,200304.0,41,Information Technology,Female,Divorced,8.0,23.0,Direct Deposit,No,37
5394,18563,21,Yes,19.68,40,Salary,40934.4,317,Healthcare,Prefer Not to Answer,Single,8.0,1.0,Direct Deposit,No,8
4257,18566,18,Yes,61.04,40,Salary,126963.2,52,Laboratory,Female,Single,4.0,8.0,Direct Deposit,No,0
13140,18568,49,Yes,83.21,40,Salary,173076.8,369,HumanResources,Female,Married,15.5,18.0,Mailed Check,Yes,16
3687,18571,60,No,20.73,40,Salary,43118.4,468,InformationTechnology,Male,Married,8.0,10.0,Direct Deposit,Yes,26
5014,18578,27,Yes,49.63,40,Salary,103230.40000000001,264,Laboratory,Female,Married,6.0,1.0,Direct Deposit,No,5
4602,18581,19,Yes,68.96,40,Salary,143436.8,120,HumanResources,Male,Divorced,4.0,23.0,Mailed Check,No,0
1338,18583,62,Yes,81.68,40,Salary,169894.40000000002,470,Marketing,Prefer Not to Answer,Married,6.0,2.0,Direct Deposit,Yes,11
3737,18586,25,No,99.73,40,Salary,207438.40000000002,309,Marketing,Male,Married,9.0,39.5,Direct Deposit,No,14
13121,18587,64,Yes,98.72,40,Salary,205337.6,364,Laboratory,Male,Single,15.5,23.0,Mailed Check,Yes,37
123,18589,57,No,45.45,40,Salary,94536.0,176,Human_Resources,Prefer Not to Answer,Married,5.0,18.0,Mailed Check,Yes,35
1316,18592,34,Yes,90.8,40,Salary,188864.0,254,InformationTechnology,Male,Married,4.0,20.0,Direct Deposit,No,10
5051,18594,46,Yes,51.29,40,Salary,106683.2,43,Human_Resources,Prefer Not to Answer,Divorced,5.0,2.0,Direct Deposit,Yes,17
3074,18603,48,Yes,75.86,40,Salary,157788.80000000002,422,Laboratory,Male,Single,7.0,1.0,Mailed Check,Yes,11
4519,18606,31,Yes,85.9,40,Salary,178672.0,256,Healthcare,Prefer Not to Answer,Divorced,9.0,1.0,Direct Deposit,No,7
916,18609,26,No,95.85,40,Salary,199368.0,25,Manufacturing,Female,Divorced,1.0,12.0,Direct Deposit,Yes,6
1088,18618,33,Yes,40.82,40,Salary,84905.59999999999,323,InformationTechnology,Male,Single,5.0,39.5,Mailed Check,Yes,17
996,18620,49,No,58.97,40,Salary,122657.6,18,Information Technology,Female,Married,5.0,3.0,Direct Deposit,No,3
2384,18621,26,Yes,87.23,40,Salary,181438.40000000002,341,Human Resources,Male,Divorced,7.0,10.0,Mailed Check,No,0
12507,18624,52,Yes,75.83,40,Salary,157726.4,221,HumanResources,Male,Single,7.0,24.0,Mailed Check,No,11
2981,18627,56,No,55.41,40,Salary,115252.79999999999,21,Information Technology,Female,Married,3.0,1.0,Mailed Check,No,9
932,18628,56,No,99.0,40,Salary,205920.0,460,Laboratory,Female,Single,1.0,23.0,Mailed Check,Yes,33
2158,18640,56,No,45.74,40,Salary,95139.20000000001,384,Healthcare,Prefer Not to Answer,Married,8.0,25.0,Mailed Check,No,12
4028,18654,51,Yes,51.51,40,Salary,107140.8,225,Laboratory,Male,Married,9.0,18.0,Direct Deposit,No,19
2125,18656,40,Yes,68.95,40,Salary,143416.0,344,Marketing,Female,Single,9.0,10.0,Mailed Check,No,9
4775,18660,33,Yes,57.67,40,Salary,119953.6,342,Human Resources,Female,Single,9.0,10.0,Mailed Check,No,0
5871,18666,52,Yes,61.43,40,Salary,127774.4,17,Sales,Prefer Not to Answer,Married,4.0,21.0,Direct Deposit,No,2
1833,18670,50,Yes,51.45,40,Salary,107016.0,122,HumanResources,Female,Married,15.5,19.0,Direct Deposit,No,4
5192,18675,23,No,29.99,40,Salary,62379.2,42,Sales,Male,Married,2.0,5.0,Direct Deposit,No,8
5159,18682,54,No,78.92,40,Salary,164153.6,208,Information_Technology,Male,Divorced,6.0,9.0,Direct Deposit,Yes,6
2046,18685,41,Yes,70.75,40,Salary,147160.0,412,Research,Female,Married,1.0,22.0,Mailed Check,No,0
90,18686,28,Yes,88.17,40,Salary,183393.6,237,Research,Prefer Not to Answer,Married,1.0,2.0,Mailed Check,Yes,7
3642,18690,25,No,86.8,40,Salary,180544.0,153,Manufacturing,Prefer Not to Answer,Married,3.0,6.0,Mailed Check,Yes,7
824,18692,35,Yes,19.79,40,Salary,41163.2,300,HumanResources,Prefer Not to Answer,Divorced,6.0,23.0,Mailed Check,No,0
5314,18694,28,No,24.52,40,Salary,51001.6,340,Information Technology,Male,Single,7.0,6.0,Direct Deposit,Yes,0
2818,18695,46,Yes,30.77,40,Salary,64001.6,126,Human_Resources,Male,Divorced,9.0,16.0,Mailed Check,Yes,15
1381,18699,60,No,24.12,40,Salary,50169.600000000006,494,Healthcare,Female,Divorced,6.0,1.0,Direct Deposit,Yes,37
5451,18700,46,No,48.83,40,Salary,101566.4,382,Healthcare,Prefer Not to Answer,Married,1.0,7.0,Mailed Check,Yes,22
5089,18701,23,No,44.9,40,Salary,93392.0,326,Information_Technology,Female,Single,15.5,9.0,Direct Deposit,Yes,0
364,18705,55,Yes,86.11,40,Salary,179108.80000000002,442,Research,Female,Single,9.0,3.0,Direct Deposit,Yes,2
1087,18708,63,No,57.39,40,Salary,119371.2,95,Marketing,Male,Married,3.0,22.0,Mailed Check,No,37
1651,18718,59,Yes,60.45,40,Salary,125736.0,195,Laboratory,Prefer Not to Answer,Single,8.0,18.0,Mailed Check,No,20
12147,18719,55,No,27.81,40,Salary,57844.799999999996,27,Information Technology,Female,Single,1.0,17.0,Direct Deposit,Yes,23
4016,18739,35,No,59.01,40,Salary,122740.8,361,Marketing,Male,Divorced,4.0,18.0,Mailed Check,No,3
12650,18747,51,Yes,24.57,40,Salary,51105.6,459,Manufacturing,Prefer Not to Answer,Divorced,3.0,10.0,Direct Deposit,Yes,7
12745,18749,19,No,82.55,40,Salary,171704.0,210,Research,Male,Divorced,8.0,17.0,Mailed Check,Yes,0
5232,18750,19,Yes,21.0,40,Salary,43680.0,327,HumanResources,Female,Divorced,15.5,14.0,Direct Deposit,No,0
1179,18755,48,Yes,44.97,40,Salary,93537.59999999999,285,Information_Technology,Male,Divorced,2.0,24.0,Mailed Check,No,25
1003,18757,47,Yes,44.87,40,Salary,93329.59999999999,490,InformationTechnology,Prefer Not to Answer,Married,8.0,13.0,Mailed Check,No,0
3059,18758,23,Yes,48.81,40,Salary,101524.8,274,HumanResources,Female,Divorced,9.0,18.0,Direct Deposit,Yes,0
2418,18760,22,No,22.54,40,Salary,46883.2,285,InformationTechnology,Male,Single,4.0,3.0,Mailed Check,No,0
3241,18768,48,Yes,60.02,40,Salary,124841.6,172,Research,Female,Single,7.0,4.0,Mailed Check,No,30
5024,18771,63,Yes,79.54,40,Salary,165443.2,110,Research,Male,Married,15.5,14.0,Mailed Check,Yes,37
3162,18775,20,No,54.74,40,Salary,113859.2,153,InformationTechnology,Male,Single,3.0,20.0,Mailed Check,No,0
3665,18777,48,No,83.89,40,Salary,174491.19999999998,234,Human_Resources,Female,Single,5.0,5.0,Direct Deposit,No,10
3794,18778,28,Yes,64.48,40,Salary,134118.40000000002,106,Information_Technology,Female,Married,2.0,24.0,Direct Deposit,Yes,0
5334,18779,64,No,90.27,40,Salary,187761.59999999998,461,Human Resources,Female,Single,15.5,21.0,Mailed Check,No,37
3626,18791,35,Yes,84.5,40,Salary,175760.0,29,Information Technology,Prefer Not to Answer,Married,7.0,24.0,Direct Deposit,Yes,1
2521,18796,51,Yes,43.91,40,Salary,91332.79999999999,317,Manufacturing,Male,Married,6.0,24.0,Direct Deposit,No,15
2864,18797,26,Yes,58.68,40,Salary,122054.4,301,Research,Prefer Not to Answer,Divorced,3.0,22.0,Mailed Check,Yes,8
88,18798,42,Yes,90.44,40,Salary,188115.19999999998,469,Information Technology,Female,Married,15.5,1.0,Mailed Check,No,17
2707,18799,59,Yes,37.85,40,Salary,78728.0,306,Laboratory,Prefer Not to Answer,Single,15.5,16.0,Mailed Check,No,35
5125,18801,24,No,47.13,40,Salary,98030.40000000001,136,Research,Prefer Not to Answer,Single,2.0,24.0,Mailed Check,No,0
13193,18805,44,Yes,96.8,40,Salary,201344.0,76,Information_Technology,Prefer Not to Answer,Married,7.0,25.0,Direct Deposit,Yes,1
1083,18812,54,Yes,82.32,40,Salary,171225.59999999998,102,Laboratory,Female,Married,3.0,2.0,Mailed Check,No,16
12548,18816,33,No,74.52,40,Salary,155001.59999999998,50,Laboratory,Prefer Not to Answer,Divorced,4.0,4.0,Direct Deposit,Yes,0
13169,18818,49,Yes,70.34,40,Salary,146307.2,276,Healthcare,Prefer Not to Answer,Divorced,15.5,13.0,Direct Deposit,No,7
1592,18819,44,Yes,59.44,40,Salary,123635.2,400,Human Resources,Male,Married,7.0,4.0,Mailed Check,No,3
5087,18820,49,Yes,64.85,40,Salary,134888.0,82,InformationTechnology,Female,Single,4.0,25.0,Mailed Check,No,15
5509,18821,46,No,52.28,40,Salary,108742.4,191,InformationTechnology,Female,Single,15.5,14.0,Mailed Check,No,26
12681,18822,64,No,54.17,40,Salary,112673.6,314,Information_Technology,Female,Married,5.0,24.0,Direct Deposit,No,9
147,18825,41,Yes,70.77,40,Salary,147201.59999999998,312,Information_Technology,Prefer Not to Answer,Single,5.0,9.0,Mailed Check,No,14
12686,18829,57,Yes,88.03,40,Salary,183102.4,4,Sales,Female,Single,6.0,21.0,Direct Deposit,No,11
256,18830,44,No,80.05,40,Salary,166504.0,236,Healthcare,Male,Married,2.0,20.0,Mailed Check,No,16
2492,18833,56,Yes,53.39,40,Salary,111051.2,128,Human Resources,Female,Single,5.0,6.0,Mailed Check,Yes,10
13179,18834,57,No,93.69,40,Salary,194875.19999999998,408,Sales,Male,Married,3.0,25.0,Direct Deposit,Yes,12
3970,18837,27,No,63.23,40,Salary,131518.4,302,Human Resources,Male,Married,8.0,19.0,Direct Deposit,No,7
959,18840,60,Yes,46.57,40,Salary,96865.59999999999,314,Research,Prefer Not to Answer,Divorced,3.0,18.0,Mailed Check,No,18
5596,18841,41,Yes,94.87,40,Salary,197329.6,190,Sales,Male,Married,3.0,18.0,Mailed Check,No,11
1531,18855,44,Yes,60.36,40,Salary,125548.8,423,Information Technology,Female,Divorced,8.0,3.0,Mailed Check,No,14
154,18867,46,Yes,29.38,40,Salary,61110.4,322,Research,Prefer Not to Answer,Single,9.0,24.0,Mailed Check,No,12
5454,18870,26,No,76.19,40,Salary,158475.19999999998,36,Information Technology,Male,Single,7.0,19.0,Mailed Check,No,0
4273,18871,25,Yes,98.2,40,Salary,204256.0,493,Healthcare,Prefer Not to Answer,Single,6.0,15.0,Mailed Check,No,0
5450,18872,50,No,26.93,40,Salary,56014.4,452,Research,Female,Married,8.0,20.0,Direct Deposit,No,23
5139,18873,64,No,58.74,40,Salary,122179.2,276,Human Resources,Prefer Not to Answer,Married,15.5,12.0,Mailed Check,No,37
5358,18876,46,Yes,85.92,40,Salary,178713.6,271,HumanResources,Prefer Not to Answer,Single,9.0,6.0,Direct Deposit,No,10
1874,18880,54,No,48.68,40,Salary,101254.40000000001,63,Sales,Female,Married,5.0,11.0,Direct Deposit,Yes,20
5271,18881,30,No,67.18,40,Salary,139734.40000000002,459,Information_Technology,Prefer Not to Answer,Divorced,5.0,5.0,Direct Deposit,Yes,9
1736,18886,56,No,86.7,40,Salary,180336.0,271,InformationTechnology,Prefer Not to Answer,Married,2.0,8.0,Mailed Check,Yes,9
858,18887,35,No,41.61,40,Salary,86548.8,389,Healthcare,Male,Single,15.5,16.0,Direct Deposit,Yes,0
2575,18893,52,No,81.68,40,Salary,169894.40000000002,393,Information Technology,Male,Divorced,9.0,10.0,Direct Deposit,No,17
1246,18894,24,No,54.11,40,Salary,112548.8,351,Research,Male,Married,3.0,2.0,Mailed Check,No,14
5639,18897,40,Yes,37.32,40,Salary,77625.59999999999,290,Sales,Male,Divorced,5.0,11.0,Mailed Check,Yes,3
5434,18899,40,No,20.49,40,Salary,42619.2,108,Human Resources,Male,Single,8.0,3.0,Direct Deposit,No,4
1741,18904,40,Yes,32.16,40,Salary,66892.79999999999,113,Research,Male,Divorced,6.0,8.0,Mailed Check,No,9
12544,18908,61,Yes,57.58,40,Salary,119766.4,263,HumanResources,Prefer Not to Answer,Married,1.0,1.0,Mailed Check,No,23
5150,18910,64,Yes,43.83,40,Salary,91166.4,302,Laboratory,Male,Single,4.0,24.0,Mailed Check,No,35
983,18913,44,No,59.28,40,Salary,123302.4,18,Information Technology,Prefer Not to Answer,Married,1.0,20.0,Direct Deposit,No,7
66,18915,31,No,43.98,40,Salary,91478.4,486,Research,Male,Married,3.0,24.0,Direct Deposit,No,0
3927,18919,32,No,78.87,40,Salary,164049.6,217,Sales,Female,Single,1.0,10.0,Direct Deposit,No,0
4545,18927,20,No,38.39,40,Salary,79851.2,203,Human_Resources,Male,Married,9.0,25.0,Mailed Check,No,0
1982,18929,19,Yes,45.29,40,Salary,94203.2,95,Information Technology,Prefer Not to Answer,Married,5.0,15.0,Direct Deposit,No,5
13153,18930,52,Yes,24.58,40,Salary,51126.399999999994,14,Research,Male,Married,9.0,1.0,Direct Deposit,Yes,32
595,18934,48,No,17.81,40,Salary,37044.799999999996,238,Sales,Male,Married,6.0,17.0,Direct Deposit,No,5
722,18948,26,No,98.2,40,Salary,204256.0,17,Healthcare,Female,Married,7.0,19.0,Direct Deposit,No,8
12414,18951,25,No,32.94,40,Salary,68515.2,142,Laboratory,Female,Divorced,5.0,8.0,Direct Deposit,Yes,0
3930,18958,22,Yes,32.39,40,Salary,67371.2,289,Sales,Male,Divorced,1.0,6.0,Mailed Check,Yes,0
3356,18960,19,No,48.39,40,Salary,100651.2,164,Information Technology,Female,Single,3.0,2.0,Mailed Check,Yes,0
4607,18964,52,No,42.56,40,Salary,88524.8,189,Sales,Male,Single,4.0,1.0,Direct Deposit,No,12
5946,18966,64,Yes,33.42,40,Salary,69513.6,322,Information_Technology,Prefer Not to Answer,Divorced,6.0,16.0,Mailed Check,Yes,37
80,18968,34,No,49.63,40,Salary,103230.40000000001,461,InformationTechnology,Prefer Not to Answer,Single,6.0,14.0,Direct Deposit,No,15
1830,18970,34,No,70.28,40,Salary,146182.4,267,Information Technology,Prefer Not to Answer,Single,7.0,2.0,Mailed Check,No,5
4176,18971,52,Yes,80.35,40,Salary,167128.0,332,InformationTechnology,Prefer Not to Answer,Married,9.0,23.0,Direct Deposit,No,23
4288,18972,27,Yes,80.62,40,Salary,167689.6,202,Manufacturing,Prefer Not to Answer,Single,7.0,14.0,Mailed Check,No,3
1168,18974,49,No,51.36,40,Salary,106828.8,301,HumanResources,Female,Married,7.0,6.0,Direct Deposit,No,7
5851,18979,49,No,77.72,40,Salary,161657.6,174,Marketing,Female,Married,2.0,13.0,Mailed Check,No,11
1086,18986,40,Yes,19.15,40,Salary,39832.0,79,Human Resources,Prefer Not to Answer,Divorced,3.0,13.0,Mailed Check,No,9
3316,18988,41,Yes,27.88,40,Salary,57990.4,438,HumanResources,Female,Divorced,15.5,23.0,Direct Deposit,No,0
4151,18989,36,Yes,96.9,40,Salary,201552.0,33,Laboratory,Prefer Not to Answer,Married,1.0,13.0,Direct Deposit,No,0
3817,18992,21,No,69.0,40,Salary,143520.0,280,Information_Technology,Female,Married,15.5,19.0,Mailed Check,No,5
1575,18997,59,No,92.65,40,Salary,192712.0,20,Information_Technology,Female,Divorced,2.0,8.0,Mailed Check,No,20
5840,18999,41,Yes,65.84,40,Salary,136947.2,431,Manufacturing,Male,Married,2.0,21.0,Direct Deposit,Yes,6
48,19008,48,No,87.9,40,Salary,182832.0,82,Sales,Female,Divorced,1.0,19.0,Direct Deposit,Yes,14
2355,19012,52,No,32.62,40,Salary,67849.59999999999,184,Sales,Female,Divorced,3.0,22.0,Direct Deposit,No,5
12093,19017,63,No,23.64,40,Salary,49171.200000000004,268,Research,Male,Single,4.0,19.0,Direct Deposit,Yes,24
3421,19023,43,Yes,68.09,40,Salary,141627.2,340,Sales,Prefer Not to Answer,Married,3.0,20.0,Mailed Check,Yes,0
4104,19030,53,No,95.88,40,Salary,199430.4,345,Healthcare,Male,Divorced,15.5,1.0,Direct Deposit,No,7
2456,19033,31,Yes,17.12,40,Salary,35609.600000000006,481,Sales,Female,Married,8.0,24.0,Direct Deposit,No,15
12761,19035,54,Yes,38.91,40,Salary,80932.79999999999,90,Information Technology,Prefer Not to Answer,Divorced,9.0,22.0,Mailed Check,No,6
3075,19036,21,No,18.71,40,Salary,38916.8,60,InformationTechnology,Prefer Not to Answer,Single,5.0,5.0,Direct Deposit,No,17
12004,19037,56,No,92.31,40,Salary,192004.80000000002,23,Information Technology,Male,Single,9.0,19.0,Mailed Check,No,37
5109,19040,19,No,43.8,40,Salary,91104.0,437,Marketing,Prefer Not to Answer,Married,7.0,16.0,Mailed Check,No,0
2594,19044,63,Yes,99.6,40,Salary,207168.0,373,Laboratory,Male,Married,4.0,6.0,Direct Deposit,No,8
42,19049,42,No,78.87,40,Salary,164049.6,132,Human Resources,Prefer Not to Answer,Single,15.5,4.0,Direct Deposit,Yes,7
3004,19051,61,Yes,49.66,40,Salary,103292.79999999999,458,Human_Resources,Female,Married,2.0,15.0,Mailed Check,No,16
12407,19054,52,Yes,48.01,40,Salary,99860.79999999999,445,Marketing,Female,Single,15.5,22.0,Direct Deposit,No,30
3167,19057,48,No,67.59,40,Salary,140587.2,372,InformationTechnology,Male,Single,6.0,15.0,Direct Deposit,Yes,21
2283,19060,46,Yes,45.13,40,Salary,93870.40000000001,420,Information_Technology,Prefer Not to Answer,Divorced,2.0,7.0,Direct Deposit,Yes,2
4507,19065,46,Yes,90.31,40,Salary,187844.80000000002,45,Research,Male,Divorced,2.0,6.0,Mailed Check,Yes,4
2351,19068,51,No,29.12,40,Salary,60569.6,280,HumanResources,Female,Single,4.0,16.0,Mailed Check,Yes,31
3141,19074,60,No,93.39,40,Salary,194251.19999999998,220,Human_Resources,Female,Married,4.0,3.0,Mailed Check,No,26
2475,19077,34,No,66.13,40,Salary,137550.4,339,Research,Male,Divorced,7.0,10.0,Direct Deposit,Yes,4
2323,19080,58,Yes,82.61,40,Salary,171828.80000000002,195,HumanResources,Female,Single,3.0,22.0,Mailed Check,No,17
2820,19084,26,No,85.07,40,Salary,176945.59999999998,363,Laboratory,Male,Single,4.0,24.0,Direct Deposit,No,0
856,19087,63,Yes,89.52,40,Salary,186201.59999999998,256,Human_Resources,Male,Single,2.0,14.0,Direct Deposit,No,20
4975,19088,54,Yes,68.29,40,Salary,142043.2,16,InformationTechnology,Male,Married,5.0,14.0,Direct Deposit,Yes,16
998,19094,31,No,26.59,40,Salary,55307.2,48,HumanResources,Male,Married,3.0,3.0,Mailed Check,No,11
3828,19097,59,Yes,43.43,40,Salary,90334.40000000001,88,Laboratory,Male,Divorced,1.0,11.0,Direct Deposit,Yes,16
5898,19099,46,Yes,73.42,40,Salary,152713.6,39,Laboratory,Female,Single,6.0,13.0,Mailed Check,No,21
1455,19102,41,Yes,95.4,40,Salary,198432.0,106,Manufacturing,Male,Single,8.0,17.0,Mailed Check,No,3
2675,19105,29,No,44.89,40,Salary,93371.2,154,InformationTechnology,Prefer Not to Answer,Single,8.0,10.0,Mailed Check,No,4
644,19108,56,No,69.31,40,Salary,144164.80000000002,293,Research,Female,Single,7.0,5.0,Mailed Check,Yes,4
4515,19111,55,No,35.11,40,Salary,73028.8,39,Laboratory,Male,Married,6.0,39.5,Mailed Check,Yes,31
5804,19115,35,No,24.07,40,Salary,50065.6,485,Healthcare,Prefer Not to Answer,Married,6.0,1.0,Direct Deposit,No,16
2206,19119,64,Yes,77.67,40,Salary,161553.6,265,Research,Prefer Not to Answer,Divorced,9.0,8.0,Mailed Check,Yes,8
3799,19124,30,Yes,89.81,40,Salary,186804.80000000002,390,HumanResources,Male,Single,7.0,2.0,Mailed Check,No,9
4376,19128,56,Yes,30.13,40,Salary,62670.4,315,HumanResources,Prefer Not to Answer,Divorced,9.0,1.0,Direct Deposit,Yes,30
4527,19133,58,No,26.7,40,Salary,55536.0,16,HumanResources,Prefer Not to Answer,Single,15.5,16.0,Mailed Check,Yes,17
176,19136,58,No,86.08,40,Salary,179046.4,117,Information_Technology,Female,Divorced,3.0,20.0,Mailed Check,No,37
124,19139,25,Yes,92.68,40,Salary,192774.40000000002,230,Healthcare,Prefer Not to Answer,Single,3.0,10.0,Mailed Check,No,0
4420,19140,23,No,90.22,40,Salary,187657.6,463,Research,Prefer Not to Answer,Divorced,7.0,17.0,Mailed Check,No,0
91,19144,46,No,57.5,40,Salary,119600.0,350,Information_Technology,Prefer Not to Answer,Married,3.0,13.0,Direct Deposit,No,13
1687,19145,42,Yes,77.57,40,Salary,161345.59999999998,425,Laboratory,Prefer Not to Answer,Divorced,3.0,7.0,Direct Deposit,No,0
5487,19151,45,Yes,56.99,40,Salary,118539.2,46,Manufacturing,Female,Married,7.0,19.0,Direct Deposit,No,14
4206,19153,61,Yes,34.61,40,Salary,71988.8,117,Research,Male,Divorced,6.0,17.0,Direct Deposit,No,13
5424,19156,27,No,81.77,40,Salary,170081.59999999998,231,Sales,Female,Single,7.0,24.0,Mailed Check,No,8
4135,19159,18,No,21.39,40,Salary,44491.200000000004,367,Human_Resources,Prefer Not to Answer,Married,7.0,6.0,Direct Deposit,No,0
12110,19162,40,Yes,57.75,40,Salary,120120.0,208,Healthcare,Female,Single,5.0,4.0,Direct Deposit,No,10
2182,19166,25,Yes,86.7,40,Salary,180336.0,224,Human_Resources,Female,Divorced,6.0,12.0,Direct Deposit,Yes,10
4560,19171,46,Yes,88.22,40,Salary,183497.6,158,Laboratory,Male,Divorced,6.0,8.0,Direct Deposit,No,1
1166,19173,35,Yes,52.03,40,Salary,108222.4,465,Information Technology,Female,Married,6.0,11.0,Direct Deposit,Yes,3
4586,19176,52,No,96.41,40,Salary,200532.8,150,Research,Prefer Not to Answer,Divorced,9.0,8.0,Direct Deposit,No,26
1112,19177,38,No,73.15,40,Salary,152152.0,488,Manufacturing,Female,Single,3.0,21.0,Direct Deposit,No,12
1632,19183,27,No,74.65,40,Salary,155272.0,163,Human_Resources,Female,Divorced,9.0,10.0,Mailed Check,No,0
12106,19185,51,Yes,83.56,40,Salary,173804.80000000002,117,Research,Male,Divorced,6.0,6.0,Mailed Check,No,14
4575,19187,50,Yes,83.4,40,Salary,173472.0,498,Manufacturing,Male,Married,15.5,1.0,Direct Deposit,No,31
2270,19190,25,Yes,25.68,40,Salary,53414.4,98,Healthcare,Female,Divorced,8.0,20.0,Mailed Check,No,0
5995,19194,41,Yes,34.23,40,Salary,71198.4,47,Manufacturing,Female,Single,6.0,25.0,Direct Deposit,No,22
2693,19198,34,No,72.28,40,Salary,150342.4,108,InformationTechnology,Prefer Not to Answer,Single,3.0,23.0,Direct Deposit,No,9
12572,19205,29,No,35.37,40,Salary,73569.59999999999,61,Healthcare,Female,Divorced,15.5,39.5,Mailed Check,No,15
3016,19206,48,No,42.97,40,Salary,89377.59999999999,15,Human_Resources,Female,Divorced,3.0,10.0,Mailed Check,No,6
733,19208,25,Yes,80.13,40,Salary,166670.4,468,Laboratory,Male,Single,3.0,16.0,Mailed Check,No,0
12247,19213,20,No,94.82,40,Salary,197225.59999999998,203,Sales,Prefer Not to Answer,Single,4.0,11.0,Direct Deposit,No,9
2516,19216,57,No,57.81,40,Salary,120244.8,230,Human Resources,Female,Divorced,3.0,14.0,Mailed Check,Yes,7
4140,19217,42,Yes,54.41,40,Salary,113172.79999999999,362,Manufacturing,Female,Divorced,9.0,4.0,Direct Deposit,No,16
4436,19220,19,No,80.03,40,Salary,166462.4,360,Information_Technology,Prefer Not to Answer,Married,3.0,7.0,Mailed Check,Yes,0
12253,19221,57,Yes,97.42,40,Salary,202633.6,105,Manufacturing,Female,Divorced,8.0,4.0,Mailed Check,Yes,12
2927,19228,42,No,41.97,40,Salary,87297.59999999999,345,InformationTechnology,Female,Single,7.0,7.0,Direct Deposit,No,16
3003,19231,61,No,19.93,40,Salary,41454.4,480,Marketing,Prefer Not to Answer,Divorced,15.5,4.0,Direct Deposit,No,11
1182,19235,33,Yes,97.01,40,Salary,201780.80000000002,25,Research,Prefer Not to Answer,Divorced,6.0,9.0,Mailed Check,Yes,11
3519,19236,33,Yes,40.55,40,Salary,84344.0,262,Human_Resources,Female,Married,4.0,14.0,Direct Deposit,Yes,7
21,19243,59,Yes,67.56,40,Salary,140524.80000000002,344,Human_Resources,Male,Married,6.0,17.0,Mailed Check,No,31
3507,19246,37,Yes,80.56,40,Salary,167564.80000000002,43,HumanResources,Prefer Not to Answer,Married,9.0,24.0,Mailed Check,No,11
12762,19247,65,No,54.2,40,Salary,112736.0,252,HumanResources,Female,Married,2.0,7.0,Direct Deposit,Yes,25
5629,19255,21,No,19.74,40,Salary,41059.2,354,HumanResources,Male,Single,6.0,7.0,Direct Deposit,No,4
12473,19259,40,No,92.89,40,Salary,193211.19999999998,495,Marketing,Prefer Not to Answer,Divorced,7.0,12.0,Direct Deposit,No,15
1655,19263,53,Yes,44.66,40,Salary,92892.79999999999,200,InformationTechnology,Male,Divorced,3.0,18.0,Direct Deposit,No,20
3909,19271,35,No,66.03,40,Salary,137342.4,31,Healthcare,Male,Married,6.0,21.0,Mailed Check,Yes,4
1125,19272,55,Yes,66.3,40,Salary,137904.0,373,Marketing,Prefer Not to Answer,Single,2.0,14.0,Mailed Check,No,34
1934,19273,26,No,25.84,40,Salary,53747.2,383,Information_Technology,Prefer Not to Answer,Single,1.0,5.0,Direct Deposit,No,6
4067,19281,62,No,86.48,40,Salary,179878.40000000002,36,Information Technology,Male,Divorced,8.0,1.0,Mailed Check,No,24
2344,19282,20,No,68.28,40,Salary,142022.4,105,Healthcare,Male,Divorced,15.5,8.0,Direct Deposit,No,0
1679,19284,31,Yes,90.28,40,Salary,187782.4,317,Information_Technology,Male,Divorced,9.0,11.0,Mailed Check,Yes,0
5722,19285,63,Yes,61.74,40,Salary,128419.2,259,HumanResources,Male,Married,2.0,17.0,Mailed Check,No,8
1014,19289,28,Yes,18.31,40,Salary,38084.799999999996,6,Manufacturing,Female,Single,2.0,17.0,Direct Deposit,No,7
12222,19290,51,No,66.15,40,Salary,137592.0,124,Information Technology,Prefer Not to Answer,Married,5.0,8.0,Mailed Check,No,21
3964,19293,23,Yes,54.34,40,Salary,113027.20000000001,284,Research,Female,Single,9.0,22.0,Direct Deposit,No,7
2730,19296,57,No,67.48,40,Salary,140358.40000000002,130,HumanResources,Prefer Not to Answer,Married,6.0,3.0,Direct Deposit,No,37
3121,19299,42,Yes,79.39,40,Salary,165131.19999999998,224,HumanResources,Male,Divorced,5.0,6.0,Mailed Check,No,5
13197,19305,24,No,36.08,40,Salary,75046.4,305,Laboratory,Female,Married,5.0,6.0,Mailed Check,No,0
808,19306,38,No,43.04,40,Salary,89523.2,48,Human Resources,Male,Married,8.0,15.0,Mailed Check,No,4
226,19316,30,Yes,24.02,40,Salary,49961.6,123,Information Technology,Female,Divorced,2.0,23.0,Direct Deposit,No,5
561,19317,47,No,29.84,40,Salary,62067.2,297,Information Technology,Prefer Not to Answer,Single,2.0,2.0,Direct Deposit,Yes,24
1320,19320,33,No,67.28,40,Salary,139942.4,387,Laboratory,Prefer Not to Answer,Divorced,3.0,7.0,Mailed Check,No,0
1875,19321,33,Yes,42.37,40,Salary,88129.59999999999,153,Laboratory,Male,Married,8.0,13.0,Mailed Check,Yes,0
680,19322,20,Yes,87.33,40,Salary,181646.4,317,Research,Prefer Not to Answer,Married,3.0,8.0,Direct Deposit,No,0
4530,19323,31,Yes,56.55,40,Salary,117624.0,256,Laboratory,Female,Single,9.0,16.0,Mailed Check,No,14
2974,19335,64,No,36.08,40,Salary,75046.4,43,Manufacturing,Prefer Not to Answer,Divorced,6.0,4.0,Mailed Check,Yes,27
1543,19337,28,Yes,22.96,40,Salary,47756.8,363,Sales,Prefer Not to Answer,Single,8.0,23.0,Direct Deposit,Yes,0
12433,19345,23,No,60.67,40,Salary,126193.6,454,Marketing,Male,Divorced,6.0,1.0,Mailed Check,Yes,0
1176,19351,64,No,74.1,40,Salary,154128.0,456,Manufacturing,Male,Married,15.5,25.0,Direct Deposit,No,22
5737,19352,23,No,91.75,40,Salary,190840.0,370,Marketing,Male,Single,1.0,11.0,Mailed Check,No,0
4881,19354,20,No,79.67,40,Salary,165713.6,238,Human Resources,Female,Married,15.5,8.0,Mailed Check,No,0
4768,19362,39,No,19.79,40,Salary,41163.2,207,Sales,Prefer Not to Answer,Single,6.0,7.0,Mailed Check,Yes,3
5167,19367,22,Yes,67.2,40,Salary,139776.0,70,InformationTechnology,Prefer Not to Answer,Single,2.0,3.0,Mailed Check,No,0
1210,19375,60,No,75.09,40,Salary,156187.2,280,Research,Female,Single,5.0,8.0,Mailed Check,Yes,37
3569,19382,23,Yes,71.13,40,Salary,147950.4,470,Manufacturing,Male,Married,9.0,8.0,Mailed Check,No,11
3168,19385,64,Yes,96.75,40,Salary,201240.0,439,Human_Resources,Male,Married,7.0,6.0,Direct Deposit,No,37
1400,19402,51,Yes,20.57,40,Salary,42785.6,394,Laboratory,Female,Single,15.5,2.0,Direct Deposit,No,25
235,19405,33,Yes,72.72,40,Salary,151257.6,243,Information Technology,Prefer Not to Answer,Married,6.0,15.0,Mailed Check,Yes,10
4451,19422,38,No,95.12,40,Salary,197849.6,308,HumanResources,Female,Divorced,1.0,19.0,Mailed Check,No,9
4582,19432,45,No,90.29,40,Salary,187803.2,210,Healthcare,Female,Single,15.5,16.0,Direct Deposit,No,0
859,19433,38,Yes,84.82,40,Salary,176425.59999999998,426,Healthcare,Male,Single,6.0,6.0,Direct Deposit,Yes,0
4864,19435,58,No,69.9,40,Salary,145392.0,260,Research,Male,Married,15.5,6.0,Mailed Check,No,16
3709,19438,62,Yes,30.76,40,Salary,63980.8,106,Information_Technology,Prefer Not to Answer,Single,2.0,23.0,Mailed Check,No,26
125,19445,39,No,99.71,40,Salary,207396.8,395,Sales,Prefer Not to Answer,Single,5.0,3.0,Mailed Check,Yes,14
12446,19449,46,No,91.7,40,Salary,190736.0,251,Marketing,Male,Divorced,1.0,8.0,Mailed Check,No,15
12092,19451,53,Yes,91.47,40,Salary,190257.6,219,Human_Resources,Male,Married,2.0,14.0,Mailed Check,No,32
3598,19452,58,No,30.98,40,Salary,64438.4,211,Human_Resources,Prefer Not to Answer,Married,6.0,11.0,Mailed Check,No,37
1229,19455,26,No,43.28,40,Salary,90022.40000000001,177,Marketing,Prefer Not to Answer,Single,15.5,2.0,Direct Deposit,No,0
4830,19457,58,No,78.64,40,Salary,163571.19999999998,394,Human_Resources,Male,Divorced,7.0,25.0,Mailed Check,No,32
12301,19466,28,No,23.52,40,Salary,48921.6,249,Laboratory,Male,Divorced,4.0,5.0,Mailed Check,No,15
1287,19469,25,Yes,23.07,40,Salary,47985.6,92,InformationTechnology,Male,Married,6.0,12.0,Direct Deposit,No,0
599,19470,19,Yes,78.57,40,Salary,163425.59999999998,330,Healthcare,Prefer Not to Answer,Divorced,9.0,16.0,Mailed Check,No,0
1052,19474,29,Yes,18.86,40,Salary,39228.799999999996,145,Human_Resources,Prefer Not to Answer,Single,5.0,20.0,Mailed Check,Yes,0
2154,19477,58,No,76.79,40,Salary,159723.2,251,Human_Resources,Prefer Not to Answer,Divorced,4.0,24.0,Direct Deposit,Yes,31
140,19478,23,No,59.25,40,Salary,123240.0,181,Information_Technology,Female,Divorced,15.5,9.0,Direct Deposit,Yes,0
5017,19480,52,No,25.48,40,Salary,52998.4,39,Healthcare,Prefer Not to Answer,Single,9.0,19.0,Direct Deposit,No,12
4740,19484,38,No,59.09,40,Salary,122907.20000000001,136,InformationTechnology,Prefer Not to Answer,Married,15.5,21.0,Mailed Check,No,5
1548,19491,42,Yes,49.39,40,Salary,102731.2,448,Information Technology,Prefer Not to Answer,Married,2.0,12.0,Direct Deposit,No,8
4805,19492,62,Yes,25.73,40,Salary,53518.4,490,Human Resources,Male,Divorced,15.5,21.0,Mailed Check,No,4
821,19499,30,No,72.55,40,Salary,150904.0,22,Sales,Male,Divorced,2.0,2.0,Direct Deposit,No,4
4700,19500,50,Yes,98.21,40,Salary,204276.8,257,InformationTechnology,Male,Married,2.0,39.5,Direct Deposit,Yes,27
4071,19503,26,No,23.01,40,Salary,47860.8,193,Healthcare,Prefer Not to Answer,Divorced,8.0,20.0,Mailed Check,No,16
2873,19504,32,Yes,66.03,40,Salary,137342.4,445,Human Resources,Prefer Not to Answer,Married,4.0,10.0,Mailed Check,Yes,0
440,19506,38,Yes,64.31,40,Salary,133764.80000000002,146,Research,Female,Married,7.0,17.0,Mailed Check,Yes,2
3334,19507,42,Yes,98.45,40,Salary,204776.0,269,Sales,Male,Single,1.0,8.0,Mailed Check,Yes,17
330,19513,65,Yes,22.55,40,Salary,46904.0,196,Information_Technology,Female,Divorced,2.0,23.0,Direct Deposit,No,16
3837,19517,57,No,44.38,40,Salary,92310.40000000001,384,Human Resources,Female,Divorced,15.5,5.0,Direct Deposit,Yes,27
2107,19521,60,Yes,97.95,40,Salary,203736.0,87,Research,Male,Divorced,4.0,11.0,Mailed Check,Yes,17
757,19525,51,No,26.82,40,Salary,55785.6,428,InformationTechnology,Male,Divorced,5.0,4.0,Direct Deposit,No,11
12538,19537,38,No,46.38,40,Salary,96470.40000000001,27,Human Resources,Male,Single,3.0,39.5,Mailed Check,Yes,3
12069,19538,59,No,59.57,40,Salary,123905.6,155,Manufacturing,Prefer Not to Answer,Married,6.0,15.0,Mailed Check,No,32
4837,19546,32,No,30.75,40,Salary,63960.0,106,Information Technology,Female,Divorced,9.0,18.0,Direct Deposit,No,0
5142,19548,52,Yes,41.74,40,Salary,86819.20000000001,309,HumanResources,Male,Married,7.0,9.0,Direct Deposit,No,19
4396,19554,51,No,91.1,40,Salary,189488.0,394,InformationTechnology,Prefer Not to Answer,Married,3.0,17.0,Mailed Check,No,11
2530,19557,29,No,55.77,40,Salary,116001.6,109,Human_Resources,Female,Single,9.0,6.0,Mailed Check,No,0
3816,19559,61,Yes,94.95,40,Salary,197496.0,487,HumanResources,Male,Divorced,9.0,23.0,Direct Deposit,Yes,36
846,19563,62,Yes,93.13,40,Salary,193710.4,308,Research,Male,Married,2.0,8.0,Mailed Check,Yes,19
5643,19565,54,Yes,93.99,40,Salary,195499.19999999998,211,Manufacturing,Male,Married,5.0,3.0,Mailed Check,No,12
1122,19572,58,Yes,81.39,40,Salary,169291.19999999998,41,Manufacturing,Female,Married,3.0,6.0,Mailed Check,Yes,37
3521,19577,60,No,61.61,40,Salary,128148.8,304,Manufacturing,Male,Married,15.5,2.0,Mailed Check,Yes,37
5289,19581,44,Yes,82.27,40,Salary,171121.59999999998,381,Human Resources,Prefer Not to Answer,Divorced,4.0,5.0,Direct Deposit,Yes,5
12052,19582,37,Yes,35.65,40,Salary,74152.0,233,Sales,Male,Single,7.0,2.0,Direct Deposit,Yes,17
3098,19585,59,No,73.31,40,Salary,152484.80000000002,390,Laboratory,Female,Married,6.0,17.0,Mailed Check,No,2
400,19589,29,No,35.99,40,Salary,74859.20000000001,303,Laboratory,Prefer Not to Answer,Married,8.0,11.0,Direct Deposit,No,0
3103,19596,51,No,67.52,40,Salary,140441.59999999998,43,Information_Technology,Male,Single,9.0,18.0,Direct Deposit,Yes,9
3026,19597,54,Yes,39.2,40,Salary,81536.0,51,Manufacturing,Female,Divorced,5.0,23.0,Direct Deposit,No,11
12174,19602,23,No,83.15,40,Salary,172952.0,274,Healthcare,Prefer Not to Answer,Married,4.0,39.5,Mailed Check,No,0
2422,19604,21,Yes,80.31,40,Salary,167044.80000000002,231,Sales,Prefer Not to Answer,Single,9.0,24.0,Mailed Check,Yes,0
12484,19607,29,Yes,73.55,40,Salary,152984.0,430,Sales,Female,Married,1.0,4.0,Mailed Check,Yes,10
4024,19608,21,No,96.22,40,Salary,200137.6,388,Information_Technology,Female,Divorced,8.0,39.5,Mailed Check,Yes,2
4802,19613,56,Yes,68.42,40,Salary,142313.6,179,Research,Prefer Not to Answer,Single,3.0,2.0,Direct Deposit,No,16
3011,19614,21,Yes,77.48,40,Salary,161158.40000000002,193,Human_Resources,Female,Divorced,6.0,14.0,Mailed Check,No,6
1395,19618,64,Yes,31.75,40,Salary,66040.0,175,Research,Male,Divorced,3.0,21.0,Mailed Check,Yes,29
4662,19622,44,No,67.13,40,Salary,139630.4,404,Information Technology,Male,Single,7.0,8.0,Direct Deposit,Yes,3
1512,19629,43,No,33.46,40,Salary,69596.8,314,Human_Resources,Male,Divorced,5.0,1.0,Direct Deposit,Yes,21
4951,19631,30,Yes,83.72,40,Salary,174137.6,44,Sales,Male,Married,4.0,10.0,Mailed Check,No,7
4598,19634,21,No,85.46,40,Salary,177756.8,291,Information Technology,Female,Divorced,8.0,11.0,Mailed Check,No,6
13191,19636,40,Yes,23.87,40,Salary,49649.600000000006,276,Sales,Male,Single,9.0,6.0,Mailed Check,No,2
2497,19640,37,Yes,31.48,40,Salary,65478.4,168,Manufacturing,Female,Married,2.0,17.0,Mailed Check,No,6
570,19645,52,No,78.2,40,Salary,162656.0,173,Sales,Male,Married,1.0,13.0,Mailed Check,Yes,16
2611,19647,27,Yes,43.32,40,Salary,90105.59999999999,327,Human Resources,Female,Married,5.0,5.0,Mailed Check,Yes,0
13178,19649,49,Yes,86.94,40,Salary,180835.19999999998,258,Human_Resources,Prefer Not to Answer,Divorced,7.0,11.0,Mailed Check,No,4
1631,19653,27,No,61.27,40,Salary,127441.6,146,Research,Female,Single,9.0,1.0,Direct Deposit,No,16
5981,19656,35,No,81.98,40,Salary,170518.40000000002,270,Marketing,Female,Single,3.0,25.0,Mailed Check,Yes,1
12497,19657,29,Yes,54.91,40,Salary,114212.79999999999,416,Marketing,Female,Single,2.0,14.0,Mailed Check,No,8
407,19660,50,Yes,56.16,40,Salary,116812.79999999999,213,Marketing,Prefer Not to Answer,Single,5.0,21.0,Mailed Check,No,4
4245,19662,63,No,47.24,40,Salary,98259.20000000001,378,Laboratory,Female,Single,15.5,9.0,Mailed Check,No,7
3472,19664,53,No,68.36,40,Salary,142188.80000000002,260,Human Resources,Female,Married,8.0,3.0,Mailed Check,Yes,7
3384,19665,50,Yes,69.42,40,Salary,144393.6,91,HumanResources,Male,Divorced,8.0,15.0,Mailed Check,Yes,2
1609,19669,48,Yes,43.34,40,Salary,90147.20000000001,24,InformationTechnology,Male,Married,3.0,24.0,Mailed Check,No,7
4949,19670,31,Yes,94.0,40,Salary,195520.0,118,InformationTechnology,Male,Divorced,9.0,8.0,Mailed Check,No,11
5237,19673,51,No,74.03,40,Salary,153982.4,64,Human Resources,Prefer Not to Answer,Married,3.0,1.0,Mailed Check,No,25
12488,19674,60,Yes,92.86,40,Salary,193148.80000000002,21,Manufacturing,Prefer Not to Answer,Single,7.0,25.0,Mailed Check,No,35
12031,19678,40,No,64.51,40,Salary,134180.80000000002,23,Marketing,Female,Single,9.0,19.0,Mailed Check,No,22
1467,19679,64,Yes,20.58,40,Salary,42806.399999999994,105,Healthcare,Female,Divorced,3.0,1.0,Mailed Check,Yes,34
2450,19682,35,No,50.84,40,Salary,105747.20000000001,41,Marketing,Prefer Not to Answer,Single,3.0,20.0,Mailed Check,Yes,6
3581,19687,44,No,43.95,40,Salary,91416.0,229,Healthcare,Female,Single,9.0,15.0,Mailed Check,No,6
3945,19688,18,No,22.57,40,Salary,46945.6,253,Laboratory,Prefer Not to Answer,Divorced,2.0,14.0,Direct Deposit,No,0
5635,19691,38,No,29.19,40,Salary,60715.200000000004,398,Healthcare,Male,Married,6.0,13.0,Mailed Check,No,13
12384,19692,49,Yes,75.95,40,Salary,157976.0,278,Laboratory,Female,Married,15.5,6.0,Mailed Check,No,21
421,19694,48,Yes,43.48,40,Salary,90438.4,347,Manufacturing,Male,Single,6.0,24.0,Direct Deposit,Yes,29
3972,19696,46,Yes,22.39,40,Salary,46571.200000000004,480,Manufacturing,Male,Single,6.0,10.0,Direct Deposit,No,15
5855,19701,35,No,74.29,40,Salary,154523.2,376,InformationTechnology,Female,Divorced,8.0,7.0,Direct Deposit,Yes,10
1330,19702,44,No,81.57,40,Salary,169665.59999999998,466,Sales,Female,Divorced,9.0,25.0,Mailed Check,No,24
5538,19704,34,No,53.85,40,Salary,112008.0,253,Marketing,Prefer Not to Answer,Single,6.0,10.0,Direct Deposit,No,11
4432,19711,21,No,98.74,40,Salary,205379.19999999998,445,Sales,Male,Married,5.0,16.0,Direct Deposit,Yes,7
922,19715,19,Yes,72.02,40,Salary,149801.59999999998,185,HumanResources,Male,Divorced,5.0,2.0,Mailed Check,No,0
5563,19719,57,No,34.63,40,Salary,72030.40000000001,283,Information Technology,Male,Single,5.0,7.0,Mailed Check,No,14
5371,19721,59,Yes,99.48,40,Salary,206918.40000000002,53,HumanResources,Prefer Not to Answer,Single,9.0,17.0,Mailed Check,No,23
5182,19731,23,Yes,72.65,40,Salary,151112.0,77,Research,Prefer Not to Answer,Single,3.0,5.0,Mailed Check,No,15
5070,19733,29,No,45.41,40,Salary,94452.79999999999,340,Sales,Female,Married,1.0,3.0,Mailed Check,No,7
423,19736,30,No,77.09,40,Salary,160347.2,180,Information Technology,Prefer Not to Answer,Single,2.0,5.0,Direct Deposit,No,6
3361,19737,45,No,93.11,40,Salary,193668.80000000002,370,Sales,Male,Divorced,7.0,11.0,Mailed Check,No,6
36,19738,40,No,23.09,40,Salary,48027.200000000004,102,Marketing,Male,Divorced,2.0,15.0,Mailed Check,Yes,15
5620,19741,59,Yes,70.67,40,Salary,146993.6,226,Manufacturing,Prefer Not to Answer,Single,8.0,19.0,Mailed Check,No,18
12547,19749,49,Yes,72.2,40,Salary,150176.0,385,Human Resources,Female,Married,4.0,10.0,Mailed Check,Yes,14
2284,19751,35,Yes,94.49,40,Salary,196539.19999999998,217,Human_Resources,Female,Single,3.0,12.0,Mailed Check,No,3
5214,19758,23,Yes,17.66,40,Salary,36732.799999999996,462,Human Resources,Female,Divorced,8.0,5.0,Direct Deposit,No,0
277,19760,43,No,23.41,40,Salary,48692.799999999996,234,Laboratory,Prefer Not to Answer,Single,2.0,11.0,Direct Deposit,No,6
4303,19761,43,No,19.56,40,Salary,40684.799999999996,313,Healthcare,Male,Divorced,4.0,39.5,Direct Deposit,No,3
3006,19763,38,Yes,63.94,40,Salary,132995.19999999998,132,Human Resources,Prefer Not to Answer,Divorced,2.0,25.0,Direct Deposit,No,8
5197,19774,54,No,70.26,40,Salary,146140.80000000002,295,Information Technology,Female,Divorced,4.0,18.0,Direct Deposit,No,35
3136,19780,48,No,36.6,40,Salary,76128.0,483,Information_Technology,Male,Divorced,7.0,17.0,Direct Deposit,No,30
5866,19794,51,Yes,36.75,40,Salary,76440.0,396,Sales,Prefer Not to Answer,Married,5.0,3.0,Mailed Check,Yes,20
5016,19797,44,No,72.07,40,Salary,149905.59999999998,248,Marketing,Male,Divorced,7.0,4.0,Mailed Check,No,21
12088,19802,45,No,32.17,40,Salary,66913.6,331,HumanResources,Prefer Not to Answer,Married,8.0,1.0,Mailed Check,No,9
947,19804,46,Yes,91.01,40,Salary,189300.80000000002,144,Information Technology,Male,Single,7.0,11.0,Direct Deposit,Yes,12
4793,19805,37,Yes,94.36,40,Salary,196268.80000000002,266,Sales,Female,Divorced,15.5,2.0,Direct Deposit,No,7
3716,19808,29,No,18.72,40,Salary,38937.6,202,Human_Resources,Male,Married,4.0,13.0,Direct Deposit,Yes,15
3755,19809,40,Yes,57.36,40,Salary,119308.8,168,Sales,Prefer Not to Answer,Divorced,9.0,23.0,Direct Deposit,No,11
1941,19815,59,No,29.12,40,Salary,60569.6,72,InformationTechnology,Female,Single,15.5,39.5,Mailed Check,Yes,37
4764,19818,58,Yes,35.29,40,Salary,73403.2,119,Sales,Female,Single,5.0,11.0,Mailed Check,No,15
997,19822,59,Yes,23.71,40,Salary,49316.8,72,Marketing,Prefer Not to Answer,Married,7.0,2.0,Mailed Check,No,19
1208,19826,53,No,51.79,40,Salary,107723.2,55,Marketing,Prefer Not to Answer,Married,15.5,4.0,Mailed Check,No,9
3679,19827,35,Yes,38.75,40,Salary,80600.0,199,Manufacturing,Female,Married,9.0,12.0,Mailed Check,No,6
12620,19830,42,No,51.67,40,Salary,107473.6,204,Research,Female,Divorced,15.5,39.5,Direct Deposit,No,0
3899,19833,44,Yes,24.61,40,Salary,51188.799999999996,273,Healthcare,Male,Divorced,5.0,39.5,Mailed Check,Yes,24
1876,19834,44,No,54.64,40,Salary,113651.2,463,Manufacturing,Prefer Not to Answer,Divorced,5.0,7.0,Direct Deposit,Yes,8
4247,19835,29,No,75.89,40,Salary,157851.19999999998,324,Information Technology,Female,Divorced,15.5,24.0,Mailed Check,No,0
2636,19836,61,No,27.58,40,Salary,57366.399999999994,61,Research,Prefer Not to Answer,Married,2.0,13.0,Mailed Check,No,19
3304,19838,33,Yes,28.95,40,Salary,60216.0,445,Information_Technology,Prefer Not to Answer,Single,1.0,22.0,Mailed Check,No,11
5120,19841,25,No,47.29,40,Salary,98363.2,37,Sales,Prefer Not to Answer,Married,9.0,2.0,Mailed Check,No,0
4182,19854,44,No,35.09,40,Salary,72987.20000000001,460,Human_Resources,Female,Married,4.0,15.0,Mailed Check,No,6
4379,19857,38,No,90.02,40,Salary,187241.59999999998,183,Sales,Female,Divorced,2.0,17.0,Direct Deposit,No,4
610,19860,62,No,46.25,40,Salary,96200.0,486,HumanResources,Male,Married,15.5,12.0,Direct Deposit,No,15
1091,19863,21,Yes,24.94,40,Salary,51875.200000000004,151,Information Technology,Female,Married,3.0,24.0,Mailed Check,No,0
4895,19865,32,No,62.64,40,Salary,130291.2,18,Human_Resources,Male,Single,9.0,4.0,Mailed Check,No,8
5273,19866,23,Yes,63.02,40,Salary,131081.6,500,InformationTechnology,Prefer Not to Answer,Married,3.0,10.0,Direct Deposit,No,0
5419,19872,31,No,52.91,40,Salary,110052.79999999999,100,Information_Technology,Female,Divorced,3.0,19.0,Mailed Check,No,11
3911,19874,56,Yes,22.0,40,Salary,45760.0,302,Marketing,Male,Married,5.0,10.0,Mailed Check,No,20
658,19875,23,No,55.31,40,Salary,115044.8,263,Manufacturing,Male,Married,8.0,3.0,Direct Deposit,Yes,0
12186,19880,31,Yes,29.13,40,Salary,60590.4,140,Information_Technology,Male,Divorced,4.0,1.0,Mailed Check,No,9
1169,19881,59,No,47.44,40,Salary,98675.2,97,Information_Technology,Female,Divorced,9.0,6.0,Mailed Check,No,13
5058,19882,27,No,58.55,40,Salary,121784.0,380,Human_Resources,Female,Married,9.0,18.0,Direct Deposit,Yes,0
1959,19883,57,Yes,88.04,40,Salary,183123.2,345,Human Resources,Prefer Not to Answer,Divorced,9.0,12.0,Direct Deposit,No,29
1577,19886,21,No,27.83,40,Salary,57886.399999999994,29,Human Resources,Female,Married,8.0,6.0,Direct Deposit,No,0
4153,19888,45,No,65.5,40,Salary,136240.0,482,Research,Female,Divorced,15.5,19.0,Mailed Check,No,9
5812,19889,30,No,35.62,40,Salary,74089.59999999999,303,Healthcare,Male,Single,2.0,10.0,Direct Deposit,Yes,0
5103,19894,56,Yes,75.49,40,Salary,157019.19999999998,45,Information Technology,Male,Divorced,15.5,16.0,Direct Deposit,No,31
3369,19895,41,No,19.57,40,Salary,40705.6,415,Manufacturing,Prefer Not to Answer,Divorced,1.0,11.0,Mailed Check,No,4
252,19897,62,Yes,53.85,40,Salary,112008.0,345,Information_Technology,Male,Single,15.5,19.0,Direct Deposit,No,16
2681,19900,56,No,65.96,40,Salary,137196.8,80,Sales,Female,Divorced,5.0,10.0,Direct Deposit,Yes,27
5704,19901,64,No,59.29,40,Salary,123323.2,34,Manufacturing,Female,Divorced,5.0,22.0,Direct Deposit,Yes,17
1054,19904,32,Yes,80.5,40,Salary,167440.0,28,Information_Technology,Prefer Not to Answer,Divorced,2.0,24.0,Mailed Check,Yes,8
2375,19908,64,Yes,43.36,40,Salary,90188.8,141,HumanResources,Male,Single,7.0,5.0,Mailed Check,No,10
1401,19909,24,No,99.93,40,Salary,207854.40000000002,125,Research,Prefer Not to Answer,Married,8.0,8.0,Direct Deposit,No,0
5186,19926,36,No,38.97,40,Salary,81057.59999999999,139,Healthcare,Female,Married,1.0,14.0,Mailed Check,Yes,0
2759,19928,51,No,76.93,40,Salary,160014.40000000002,150,Marketing,Male,Married,2.0,17.0,Mailed Check,No,29
5911,19931,42,No,77.52,40,Salary,161241.59999999998,128,Manufacturing,Prefer Not to Answer,Single,8.0,15.0,Mailed Check,No,6
727,19932,55,No,41.29,40,Salary,85883.2,453,Sales,Prefer Not to Answer,Married,7.0,8.0,Mailed Check,No,8
12434,19936,63,No,99.75,40,Salary,207480.0,432,Laboratory,Prefer Not to Answer,Married,9.0,4.0,Direct Deposit,No,2
2020,19939,51,No,57.5,40,Salary,119600.0,28,Marketing,Prefer Not to Answer,Single,6.0,16.0,Direct Deposit,No,17
2392,19942,62,No,85.35,40,Salary,177528.0,415,Human Resources,Female,Married,5.0,16.0,Mailed Check,No,37
3825,19944,61,Yes,24.09,40,Salary,50107.200000000004,428,InformationTechnology,Female,Married,7.0,4.0,Mailed Check,No,33
2821,19948,65,Yes,78.11,40,Salary,162468.80000000002,187,Sales,Male,Married,5.0,18.0,Direct Deposit,No,28
1566,19955,45,Yes,62.79,40,Salary,130603.2,187,Sales,Male,Married,9.0,18.0,Mailed Check,No,14
4729,19957,57,No,98.72,40,Salary,205337.6,128,Research,Male,Married,15.5,20.0,Direct Deposit,Yes,30
12035,19958,49,Yes,95.66,40,Salary,198972.8,410,Human Resources,Female,Married,3.0,20.0,Direct Deposit,Yes,11
1569,19960,57,Yes,58.6,40,Salary,121888.0,20,Marketing,Male,Single,15.5,2.0,Mailed Check,Yes,17
5482,19961,46,Yes,68.87,40,Salary,143249.6,79,Human_Resources,Prefer Not to Answer,Married,9.0,4.0,Mailed Check,No,13
1640,19962,45,Yes,88.87,40,Salary,184849.6,445,Research,Prefer Not to Answer,Single,6.0,18.0,Mailed Check,No,2
522,19964,61,No,89.05,40,Salary,185224.0,363,Information Technology,Male,Divorced,7.0,21.0,Mailed Check,No,14
12070,19969,22,No,66.73,40,Salary,138798.40000000002,53,Human Resources,Female,Married,7.0,10.0,Mailed Check,Yes,0
4964,19971,59,No,48.0,40,Salary,99840.0,248,Healthcare,Female,Divorced,2.0,22.0,Mailed Check,Yes,37
1000,19972,38,No,97.02,40,Salary,201801.59999999998,368,Marketing,Male,Divorced,4.0,6.0,Mailed Check,No,2
5101,19973,22,No,18.7,40,Salary,38896.0,461,Information Technology,Male,Single,3.0,13.0,Mailed Check,Yes,0
12397,19976,22,No,48.02,40,Salary,99881.6,473,Human Resources,Prefer Not to Answer,Married,2.0,16.0,Direct Deposit,No,0
5156,19978,36,Yes,21.26,40,Salary,44220.8,455,Human_Resources,Female,Divorced,8.0,3.0,Mailed Check,No,0
1805,19981,47,Yes,66.33,40,Salary,137966.4,362,Human Resources,Prefer Not to Answer,Married,9.0,1.0,Mailed Check,Yes,12
452,19987,39,Yes,75.73,40,Salary,157518.40000000002,398,Research,Prefer Not to Answer,Married,9.0,3.0,Mailed Check,No,16
5155,19990,41,No,90.64,40,Salary,188531.19999999998,436,Manufacturing,Male,Single,5.0,3.0,Mailed Check,No,6
700,19999,64,No,40.99,40,Salary,85259.20000000001,122,Human Resources,Prefer Not to Answer,Divorced,7.0,12.0,Mailed Check,No,36
2419,20003,62,Yes,56.13,40,Salary,116750.40000000001,165,Manufacturing,Female,Single,5.0,20.0,Mailed Check,Yes,19
204,20006,38,Yes,48.67,40,Salary,101233.6,130,Marketing,Female,Divorced,4.0,8.0,Mailed Check,No,12
2100,20013,38,No,45.88,40,Salary,95430.40000000001,345,Information_Technology,Female,Married,3.0,25.0,Mailed Check,No,11
2130,20017,41,Yes,69.46,40,Salary,144476.8,368,Manufacturing,Female,Divorced,9.0,15.0,Direct Deposit,No,0
3935,20019,49,No,75.92,40,Salary,157913.6,49,Human_Resources,Prefer Not to Answer,Single,3.0,15.0,Mailed Check,No,4
12273,20021,62,No,70.15,40,Salary,145912.0,276,Information_Technology,Female,Single,3.0,13.0,Mailed Check,No,3
2411,20026,44,No,80.09,40,Salary,166587.2,83,Human_Resources,Male,Divorced,15.5,11.0,Mailed Check,No,14
991,20027,53,No,88.82,40,Salary,184745.59999999998,212,Manufacturing,Male,Married,9.0,18.0,Mailed Check,No,5
5583,20032,55,No,50.85,40,Salary,105768.0,400,Information Technology,Male,Married,7.0,10.0,Mailed Check,No,15
1731,20037,42,Yes,59.69,40,Salary,124155.2,475,HumanResources,Prefer Not to Answer,Single,4.0,7.0,Mailed Check,No,4
3312,20038,42,No,58.42,40,Salary,121513.6,464,InformationTechnology,Female,Single,7.0,19.0,Direct Deposit,No,9
2178,20039,43,No,84.9,40,Salary,176592.0,45,Manufacturing,Prefer Not to Answer,Single,8.0,16.0,Direct Deposit,Yes,20
896,20048,18,No,27.77,40,Salary,57761.6,447,Information_Technology,Female,Single,3.0,39.5,Mailed Check,No,0
5760,20049,38,No,94.43,40,Salary,196414.40000000002,492,Laboratory,Prefer Not to Answer,Divorced,6.0,23.0,Direct Deposit,No,4
5431,20050,58,No,35.66,40,Salary,74172.79999999999,137,Manufacturing,Female,Married,3.0,20.0,Direct Deposit,No,34
3267,20052,52,No,28.04,40,Salary,58323.2,422,HumanResources,Male,Divorced,7.0,7.0,Mailed Check,Yes,11
1787,20053,31,No,30.89,40,Salary,64251.2,122,Human Resources,Female,Single,4.0,25.0,Direct Deposit,Yes,0
5790,20056,61,No,92.62,40,Salary,192649.6,131,Laboratory,Male,Divorced,1.0,5.0,Mailed Check,No,31
4707,20057,45,No,31.45,40,Salary,65416.0,167,Marketing,Female,Married,15.5,8.0,Mailed Check,No,8
4875,20063,31,No,34.17,40,Salary,71073.6,48,InformationTechnology,Prefer Not to Answer,Divorced,15.5,23.0,Direct Deposit,No,0
5896,20065,59,No,76.0,40,Salary,158080.0,262,Sales,Male,Married,3.0,17.0,Mailed Check,No,33
913,20066,31,Yes,77.12,40,Salary,160409.6,498,Research,Prefer Not to Answer,Divorced,2.0,23.0,Mailed Check,Yes,2
2133,20069,33,No,78.4,40,Salary,163072.0,116,Human_Resources,Prefer Not to Answer,Married,1.0,1.0,Mailed Check,Yes,16
13123,20072,62,No,95.45,40,Salary,198536.0,427,Information Technology,Prefer Not to Answer,Divorced,9.0,25.0,Mailed Check,Yes,4
12567,20073,29,No,78.09,40,Salary,162427.2,292,InformationTechnology,Prefer Not to Answer,Married,8.0,17.0,Direct Deposit,Yes,0
1464,20074,54,No,64.3,40,Salary,133744.0,244,Sales,Female,Single,6.0,4.0,Direct Deposit,No,36
12565,20077,43,No,28.96,40,Salary,60236.8,339,Research,Prefer Not to Answer,Married,15.5,14.0,Direct Deposit,Yes,1
1315,20081,40,No,80.17,40,Salary,166753.6,499,Laboratory,Male,Divorced,6.0,20.0,Mailed Check,No,11
4002,20088,39,No,97.64,40,Salary,203091.19999999998,69,Manufacturing,Male,Divorced,9.0,25.0,Mailed Check,No,14
5990,20089,39,No,71.31,40,Salary,148324.80000000002,104,Information Technology,Male,Divorced,15.5,6.0,Direct Deposit,Yes,12
820,20091,20,No,88.05,40,Salary,183144.0,68,Information_Technology,Female,Single,3.0,20.0,Mailed Check,No,0
3503,20093,53,No,59.93,40,Salary,124654.4,149,Human_Resources,Prefer Not to Answer,Married,4.0,7.0,Mailed Check,Yes,33
4608,20100,42,No,71.73,40,Salary,149198.40000000002,305,Information Technology,Prefer Not to Answer,Single,7.0,18.0,Direct Deposit,No,15
848,20105,34,No,80.28,40,Salary,166982.4,221,Healthcare,Male,Divorced,6.0,21.0,Direct Deposit,No,0
1642,20110,34,No,19.82,40,Salary,41225.6,308,Human Resources,Female,Single,1.0,11.0,Mailed Check,No,12
2394,20111,33,No,38.32,40,Salary,79705.59999999999,32,Laboratory,Male,Divorced,7.0,19.0,Mailed Check,No,16
132,20112,24,No,85.09,40,Salary,176987.2,231,Human Resources,Male,Married,3.0,10.0,Direct Deposit,No,13
3529,20118,63,No,86.48,40,Salary,179878.40000000002,308,Sales,Prefer Not to Answer,Single,4.0,23.0,Direct Deposit,Yes,13
5728,20122,39,No,65.19,40,Salary,135595.19999999998,458,Information_Technology,Female,Married,9.0,23.0,Mailed Check,No,4
3838,20123,34,Yes,71.85,40,Salary,149448.0,399,Information Technology,Prefer Not to Answer,Single,4.0,13.0,Direct Deposit,No,0
436,20125,55,No,71.64,40,Salary,149011.19999999998,82,Healthcare,Female,Divorced,2.0,39.5,Direct Deposit,Yes,2
5976,20127,33,Yes,34.74,40,Salary,72259.20000000001,101,Marketing,Female,Divorced,9.0,10.0,Direct Deposit,No,2
2700,20129,41,No,60.16,40,Salary,125132.79999999999,46,Research,Female,Married,15.5,39.5,Mailed Check,No,16
1104,20130,28,No,43.89,40,Salary,91291.2,343,Human Resources,Female,Divorced,7.0,12.0,Direct Deposit,No,5
12361,20131,44,No,88.83,40,Salary,184766.4,307,Human Resources,Female,Divorced,2.0,23.0,Direct Deposit,No,0
5366,20134,57,Yes,49.05,40,Salary,102024.0,390,Human Resources,Female,Married,15.5,4.0,Mailed Check,No,2
5433,20137,52,Yes,91.55,40,Salary,190424.0,490,Healthcare,Male,Married,7.0,7.0,Direct Deposit,Yes,15
3275,20142,64,Yes,24.75,40,Salary,51480.0,330,HumanResources,Female,Married,4.0,39.5,Mailed Check,No,5
3807,20144,56,No,57.0,40,Salary,118560.0,72,InformationTechnology,Female,Divorced,2.0,19.0,Direct Deposit,Yes,23
295,20146,28,Yes,92.26,40,Salary,191900.80000000002,480,HumanResources,Female,Divorced,9.0,24.0,Mailed Check,No,0
3061,20149,44,Yes,71.81,40,Salary,149364.80000000002,28,Research,Female,Single,8.0,2.0,Direct Deposit,No,6
1465,20154,36,Yes,96.03,40,Salary,199742.4,159,Human Resources,Male,Married,1.0,1.0,Direct Deposit,No,9
2341,20157,27,Yes,21.58,40,Salary,44886.399999999994,268,Human Resources,Female,Married,9.0,3.0,Direct Deposit,Yes,0
1027,20159,60,Yes,19.9,40,Salary,41392.0,169,Human Resources,Prefer Not to Answer,Divorced,3.0,15.0,Mailed Check,No,23
4526,20163,56,No,34.73,40,Salary,72238.4,50,Human_Resources,Prefer Not to Answer,Divorced,15.5,4.0,Mailed Check,No,13
701,20167,30,No,87.63,40,Salary,182270.4,216,HumanResources,Male,Single,3.0,8.0,Mailed Check,Yes,4
13141,20169,62,Yes,19.17,40,Salary,39873.600000000006,423,Human Resources,Female,Single,3.0,21.0,Mailed Check,No,1
5469,20170,35,Yes,38.89,40,Salary,80891.2,12,Sales,Prefer Not to Answer,Single,4.0,23.0,Direct Deposit,No,12
2211,20172,43,Yes,59.76,40,Salary,124300.8,321,Manufacturing,Prefer Not to Answer,Divorced,5.0,24.0,Mailed Check,No,14
4762,20174,63,No,87.54,40,Salary,182083.2,173,Healthcare,Prefer Not to Answer,Divorced,3.0,23.0,Direct Deposit,No,13
5410,20176,21,No,41.07,40,Salary,85425.59999999999,21,Sales,Prefer Not to Answer,Divorced,15.5,7.0,Mailed Check,No,17
1905,20185,29,No,74.22,40,Salary,154377.6,99,HumanResources,Prefer Not to Answer,Single,6.0,13.0,Direct Deposit,No,0
5957,20186,30,No,33.47,40,Salary,69617.59999999999,189,Healthcare,Male,Married,1.0,4.0,Direct Deposit,No,3
12586,20192,51,No,87.16,40,Salary,181292.8,82,Information Technology,Prefer Not to Answer,Married,6.0,22.0,Mailed Check,Yes,15
1844,20194,30,No,20.4,40,Salary,42432.0,237,Information Technology,Male,Divorced,6.0,21.0,Mailed Check,No,3
5910,20201,51,No,94.9,40,Salary,197392.0,156,Information_Technology,Prefer Not to Answer,Divorced,8.0,6.0,Mailed Check,Yes,3
4806,20203,37,No,53.12,40,Salary,110489.59999999999,148,Human Resources,Prefer Not to Answer,Divorced,6.0,39.5,Mailed Check,No,15
12631,20210,23,No,22.63,40,Salary,47070.399999999994,495,Research,Prefer Not to Answer,Divorced,7.0,18.0,Mailed Check,No,0
2991,20213,56,No,33.79,40,Salary,70283.2,73,Human_Resources,Female,Single,4.0,20.0,Direct Deposit,Yes,30
3578,20215,48,No,89.78,40,Salary,186742.4,166,Marketing,Prefer Not to Answer,Married,9.0,14.0,Mailed Check,Yes,11
5532,20223,47,No,87.49,40,Salary,181979.19999999998,259,Research,Male,Single,3.0,11.0,Direct Deposit,No,20
4734,20224,56,Yes,86.18,40,Salary,179254.40000000002,262,HumanResources,Female,Married,9.0,13.0,Mailed Check,No,14
92,20230,56,Yes,57.65,40,Salary,119912.0,396,Information Technology,Male,Married,5.0,14.0,Direct Deposit,No,21
303,20237,55,Yes,96.67,40,Salary,201073.6,419,Manufacturing,Prefer Not to Answer,Single,5.0,21.0,Direct Deposit,No,35
5506,20241,37,Yes,33.55,40,Salary,69784.0,295,Information Technology,Prefer Not to Answer,Single,1.0,5.0,Mailed Check,No,3
3491,20247,38,No,56.25,40,Salary,117000.0,208,Laboratory,Male,Single,1.0,8.0,Mailed Check,No,13
3977,20249,38,Yes,39.27,40,Salary,81681.6,247,Sales,Female,Single,4.0,21.0,Mailed Check,Yes,0
3366,20250,27,Yes,73.96,40,Salary,153836.8,233,Information Technology,Male,Single,5.0,19.0,Mailed Check,No,4
513,20255,47,No,80.4,40,Salary,167232.0,486,Human Resources,Female,Divorced,9.0,14.0,Mailed Check,No,1
2955,20256,55,Yes,94.75,40,Salary,197080.0,291,Manufacturing,Male,Divorced,3.0,21.0,Mailed Check,No,20
4980,20258,54,No,21.08,40,Salary,43846.399999999994,174,Healthcare,Female,Divorced,2.0,39.5,Direct Deposit,No,31
12475,20263,56,Yes,37.18,40,Salary,77334.40000000001,31,Research,Male,Single,8.0,6.0,Direct Deposit,Yes,4
1369,20264,44,No,36.91,40,Salary,76772.79999999999,216,Laboratory,Female,Single,6.0,6.0,Mailed Check,Yes,13
3666,20265,55,No,88.19,40,Salary,183435.19999999998,460,Human_Resources,Female,Married,1.0,5.0,Mailed Check,No,33
3548,20271,44,No,72.75,40,Salary,151320.0,214,Laboratory,Female,Single,1.0,21.0,Direct Deposit,Yes,7
253,20273,36,No,90.0,40,Salary,187200.0,268,Sales,Male,Married,2.0,6.0,Mailed Check,No,12
12211,20275,54,No,33.01,40,Salary,68660.79999999999,498,Marketing,Prefer Not to Answer,Married,2.0,23.0,Direct Deposit,No,11
2772,20276,44,Yes,54.9,40,Salary,114192.0,370,InformationTechnology,Female,Single,5.0,18.0,Mailed Check,Yes,4
647,20277,29,Yes,25.47,40,Salary,52977.6,379,HumanResources,Female,Married,7.0,7.0,Mailed Check,No,0
1278,20280,24,No,98.06,40,Salary,203964.80000000002,42,HumanResources,Male,Divorced,2.0,6.0,Mailed Check,Yes,3
2635,20283,59,Yes,87.23,40,Salary,181438.40000000002,338,Laboratory,Prefer Not to Answer,Married,7.0,14.0,Direct Deposit,No,18
2234,20285,62,Yes,56.15,40,Salary,116792.0,216,Laboratory,Male,Single,7.0,39.5,Mailed Check,Yes,35
2837,20289,58,No,44.87,40,Salary,93329.59999999999,319,Information Technology,Prefer Not to Answer,Married,5.0,2.0,Direct Deposit,Yes,36
529,20294,52,Yes,54.05,40,Salary,112424.0,410,Manufacturing,Prefer Not to Answer,Divorced,7.0,10.0,Mailed Check,No,27
2620,20295,20,Yes,31.46,40,Salary,65436.8,379,Human_Resources,Female,Divorced,9.0,14.0,Mailed Check,No,0
12425,20296,61,No,84.82,40,Salary,176425.59999999998,199,Information Technology,Male,Married,9.0,5.0,Mailed Check,Yes,27
624,20298,46,Yes,72.76,40,Salary,151340.80000000002,407,Manufacturing,Male,Married,6.0,18.0,Direct Deposit,No,4
5053,20299,64,Yes,73.5,40,Salary,152880.0,460,Information Technology,Female,Divorced,5.0,21.0,Direct Deposit,No,37
4047,20300,64,Yes,53.75,40,Salary,111800.0,205,Sales,Female,Divorced,9.0,24.0,Mailed Check,No,8
121,20302,25,No,20.82,40,Salary,43305.6,63,Research,Female,Divorced,15.5,39.5,Mailed Check,Yes,0
4418,20305,38,No,85.69,40,Salary,178235.19999999998,407,Sales,Prefer Not to Answer,Married,4.0,2.0,Mailed Check,No,8
3713,20306,65,Yes,66.13,40,Salary,137550.4,121,InformationTechnology,Female,Married,6.0,15.0,Mailed Check,Yes,19
102,20307,55,No,35.27,40,Salary,73361.6,330,Information Technology,Female,Married,4.0,16.0,Direct Deposit,Yes,31
4254,20311,50,Yes,50.38,40,Salary,104790.40000000001,436,HumanResources,Male,Divorced,9.0,5.0,Direct Deposit,Yes,12
12258,20312,61,Yes,93.66,40,Salary,194812.8,234,Manufacturing,Prefer Not to Answer,Single,8.0,15.0,Mailed Check,No,2
3377,20314,25,No,51.49,40,Salary,107099.2,35,Laboratory,Prefer Not to Answer,Divorced,8.0,11.0,Direct Deposit,Yes,0
2017,20320,40,Yes,26.02,40,Salary,54121.6,88,Marketing,Female,Married,6.0,23.0,Direct Deposit,Yes,5
3877,20323,33,No,96.71,40,Salary,201156.8,266,Sales,Female,Married,2.0,2.0,Direct Deposit,No,0
12363,20325,42,Yes,51.96,40,Salary,108076.8,5,Laboratory,Male,Married,15.5,14.0,Mailed Check,No,14
5548,20326,31,No,34.96,40,Salary,72716.8,175,Information Technology,Female,Single,6.0,5.0,Mailed Check,Yes,9
12187,20327,60,No,25.4,40,Salary,52832.0,457,Laboratory,Male,Married,4.0,17.0,Direct Deposit,No,13
5280,20331,52,No,59.78,40,Salary,124342.4,493,Marketing,Male,Divorced,3.0,14.0,Mailed Check,Yes,12
1513,20334,60,No,24.08,40,Salary,50086.399999999994,107,InformationTechnology,Male,Divorced,3.0,3.0,Mailed Check,No,26
5592,20337,27,Yes,86.23,40,Salary,179358.40000000002,228,Information Technology,Female,Married,2.0,21.0,Mailed Check,No,14
4942,20339,57,No,35.01,40,Salary,72820.79999999999,425,InformationTechnology,Male,Married,15.5,13.0,Direct Deposit,No,17
3230,20341,57,Yes,57.88,40,Salary,120390.40000000001,223,Research,Female,Single,2.0,22.0,Direct Deposit,Yes,22
1007,20347,22,Yes,37.55,40,Salary,78104.0,446,Laboratory,Female,Single,15.5,24.0,Mailed Check,No,8
1126,20348,54,Yes,18.51,40,Salary,38500.8,466,Human_Resources,Prefer Not to Answer,Divorced,9.0,21.0,Mailed Check,No,30
4674,20349,47,No,62.11,40,Salary,129188.8,12,Sales,Male,Single,6.0,13.0,Direct Deposit,No,14
3108,20350,55,Yes,52.8,40,Salary,109824.0,116,HumanResources,Male,Single,2.0,20.0,Mailed Check,No,14
2502,20358,48,No,46.74,40,Salary,97219.20000000001,464,Research,Prefer Not to Answer,Divorced,3.0,23.0,Mailed Check,No,20
3703,20365,37,No,73.44,40,Salary,152755.19999999998,315,Laboratory,Male,Single,1.0,21.0,Mailed Check,No,14
4488,20373,20,No,70.66,40,Salary,146972.8,494,Manufacturing,Prefer Not to Answer,Single,3.0,3.0,Mailed Check,No,16
5501,20374,63,No,88.19,40,Salary,183435.19999999998,129,Laboratory,Prefer Not to Answer,Divorced,15.5,9.0,Mailed Check,No,27
12683,20375,45,No,59.66,40,Salary,124092.79999999999,426,HumanResources,Male,Married,4.0,6.0,Mailed Check,No,1
2811,20376,46,No,50.1,40,Salary,104208.0,162,HumanResources,Male,Divorced,9.0,12.0,Direct Deposit,No,9
3137,20377,48,No,88.66,40,Salary,184412.8,182,Human Resources,Male,Divorced,2.0,14.0,Direct Deposit,No,6
4106,20378,51,No,98.44,40,Salary,204755.19999999998,372,Information_Technology,Prefer Not to Answer,Married,7.0,22.0,Direct Deposit,No,15
4177,20382,56,Yes,23.4,40,Salary,48672.0,280,Human_Resources,Male,Married,7.0,18.0,Direct Deposit,Yes,9
1967,20388,29,No,88.81,40,Salary,184724.80000000002,152,Human Resources,Male,Divorced,9.0,21.0,Mailed Check,Yes,0
396,20389,27,No,55.04,40,Salary,114483.2,385,Information_Technology,Prefer Not to Answer,Single,8.0,8.0,Mailed Check,No,0
3493,20398,63,Yes,34.52,40,Salary,71801.6,69,HumanResources,Male,Married,7.0,6.0,Direct Deposit,Yes,30
1533,20403,62,Yes,31.05,40,Salary,64584.0,379,Information_Technology,Prefer Not to Answer,Married,7.0,4.0,Direct Deposit,Yes,9
3102,20407,53,Yes,57.14,40,Salary,118851.2,427,Laboratory,Prefer Not to Answer,Divorced,7.0,18.0,Mailed Check,No,15
4531,20409,58,Yes,32.58,40,Salary,67766.4,472,Sales,Prefer Not to Answer,Divorced,7.0,2.0,Direct Deposit,No,6
4066,20413,36,No,51.61,40,Salary,107348.8,132,Manufacturing,Prefer Not to Answer,Single,1.0,8.0,Direct Deposit,No,13
12281,20423,26,No,37.74,40,Salary,78499.20000000001,470,Information Technology,Male,Single,4.0,4.0,Mailed Check,No,2
12794,20431,31,No,92.18,40,Salary,191734.40000000002,379,Marketing,Female,Divorced,3.0,11.0,Mailed Check,No,1
1487,20437,35,No,27.8,40,Salary,57824.0,135,Manufacturing,Female,Married,4.0,39.5,Mailed Check,Yes,0
3729,20439,21,No,80.23,40,Salary,166878.40000000002,42,Manufacturing,Prefer Not to Answer,Married,4.0,11.0,Direct Deposit,No,0
2517,20441,27,No,18.21,40,Salary,37876.8,351,Information_Technology,Male,Single,1.0,4.0,Direct Deposit,No,13
2831,20445,65,Yes,81.08,40,Salary,168646.4,372,Sales,Female,Single,5.0,10.0,Mailed Check,No,35
3617,20449,46,Yes,69.25,40,Salary,144040.0,129,Information Technology,Female,Divorced,6.0,1.0,Direct Deposit,No,18
5164,20453,35,No,78.44,40,Salary,163155.19999999998,353,Information Technology,Male,Single,5.0,14.0,Direct Deposit,No,0
12013,20454,47,No,23.84,40,Salary,49587.200000000004,376,Sales,Prefer Not to Answer,Divorced,7.0,16.0,Mailed Check,No,17
1578,20455,37,Yes,35.94,40,Salary,74755.2,454,Healthcare,Female,Married,7.0,7.0,Direct Deposit,No,0
4474,20456,61,Yes,66.03,40,Salary,137342.4,263,Information_Technology,Prefer Not to Answer,Single,5.0,23.0,Direct Deposit,No,18
1695,20463,45,Yes,31.0,40,Salary,64480.0,179,Healthcare,Female,Single,5.0,7.0,Direct Deposit,Yes,8
1093,20469,32,Yes,63.29,40,Salary,131643.19999999998,99,Healthcare,Male,Single,5.0,17.0,Direct Deposit,No,0
754,20472,62,Yes,73.04,40,Salary,151923.2,308,Human Resources,Male,Married,2.0,24.0,Direct Deposit,No,25
3132,20474,26,No,33.11,40,Salary,68868.8,294,Research,Prefer Not to Answer,Divorced,1.0,17.0,Mailed Check,Yes,11
5562,20481,49,Yes,88.33,40,Salary,183726.4,377,Information_Technology,Female,Single,3.0,2.0,Mailed Check,No,10
3284,20485,45,No,41.9,40,Salary,87152.0,475,Human Resources,Male,Divorced,3.0,12.0,Direct Deposit,No,5
3240,20486,49,No,17.98,40,Salary,37398.4,312,InformationTechnology,Female,Single,2.0,10.0,Mailed Check,Yes,3
1636,20487,61,No,83.75,40,Salary,174200.0,459,Marketing,Female,Single,4.0,7.0,Mailed Check,No,12
12613,20490,18,Yes,92.15,40,Salary,191672.0,187,HumanResources,Prefer Not to Answer,Married,9.0,6.0,Direct Deposit,Yes,0
4750,20492,37,Yes,77.77,40,Salary,161761.59999999998,78,InformationTechnology,Male,Single,5.0,1.0,Direct Deposit,Yes,0
3675,20499,43,No,62.36,40,Salary,129708.8,197,Information_Technology,Female,Single,5.0,16.0,Direct Deposit,No,0
4919,20501,19,No,54.49,40,Salary,113339.2,31,Human Resources,Male,Married,1.0,9.0,Mailed Check,No,6
2687,20503,57,No,41.43,40,Salary,86174.40000000001,65,Human Resources,Prefer Not to Answer,Single,3.0,3.0,Mailed Check,No,24
574,20505,46,Yes,72.57,40,Salary,150945.59999999998,368,Healthcare,Male,Single,1.0,22.0,Mailed Check,Yes,7
5605,20507,40,No,26.37,40,Salary,54849.6,18,Information Technology,Prefer Not to Answer,Married,4.0,12.0,Mailed Check,Yes,20
2515,20510,46,Yes,32.46,40,Salary,67516.8,318,Manufacturing,Female,Married,2.0,16.0,Direct Deposit,No,16
4612,20514,19,No,47.83,40,Salary,99486.4,100,Sales,Prefer Not to Answer,Divorced,5.0,13.0,Mailed Check,Yes,0
2888,20522,51,No,30.06,40,Salary,62524.799999999996,93,InformationTechnology,Prefer Not to Answer,Married,8.0,9.0,Mailed Check,Yes,15
1796,20527,23,No,38.99,40,Salary,81099.20000000001,119,InformationTechnology,Male,Divorced,1.0,15.0,Direct Deposit,No,0
2696,20529,43,Yes,86.69,40,Salary,180315.19999999998,247,Marketing,Prefer Not to Answer,Married,8.0,24.0,Direct Deposit,Yes,17
1621,20530,25,Yes,92.28,40,Salary,191942.4,32,Healthcare,Female,Divorced,9.0,19.0,Direct Deposit,No,0
189,20531,56,Yes,90.45,40,Salary,188136.0,57,Information_Technology,Male,Married,2.0,13.0,Direct Deposit,Yes,8
3436,20532,43,Yes,84.17,40,Salary,175073.6,340,Sales,Female,Married,3.0,13.0,Mailed Check,No,4
5105,20535,57,No,71.93,40,Salary,149614.40000000002,32,HumanResources,Female,Single,1.0,2.0,Mailed Check,No,18
4143,20536,51,Yes,70.73,40,Salary,147118.40000000002,492,Healthcare,Male,Divorced,9.0,17.0,Mailed Check,No,4
12096,20537,50,No,27.74,40,Salary,57699.2,202,Healthcare,Male,Married,4.0,12.0,Mailed Check,No,13
1958,20539,29,Yes,30.27,40,Salary,62961.6,77,Marketing,Female,Single,3.0,4.0,Mailed Check,Yes,8
5372,20541,36,No,91.98,40,Salary,191318.40000000002,59,Human Resources,Male,Single,2.0,18.0,Mailed Check,No,12
13198,20556,44,No,93.02,40,Salary,193481.59999999998,401,Human_Resources,Male,Single,3.0,8.0,Direct Deposit,No,20
12481,20561,32,Yes,73.98,40,Salary,153878.40000000002,473,Healthcare,Prefer Not to Answer,Married,6.0,2.0,Mailed Check,No,2
1699,20563,31,No,81.73,40,Salary,169998.40000000002,284,Information Technology,Male,Married,15.5,21.0,Direct Deposit,No,8
5265,20565,50,Yes,94.81,40,Salary,197204.80000000002,333,HumanResources,Female,Married,7.0,3.0,Mailed Check,No,14
3950,20570,45,No,38.94,40,Salary,80995.2,199,Manufacturing,Male,Married,5.0,17.0,Direct Deposit,Yes,12
191,20571,30,No,30.66,40,Salary,63772.8,133,Human Resources,Male,Divorced,3.0,39.5,Mailed Check,Yes,0
2771,20572,50,No,97.86,40,Salary,203548.80000000002,154,InformationTechnology,Female,Married,6.0,21.0,Mailed Check,No,4
13174,20574,46,No,33.81,40,Salary,70324.8,366,HumanResources,Female,Single,3.0,22.0,Mailed Check,Yes,17
1318,20576,48,Yes,23.98,40,Salary,49878.4,439,Human Resources,Female,Single,9.0,39.5,Mailed Check,Yes,14
1186,20577,40,No,35.91,40,Salary,74692.79999999999,101,Human_Resources,Male,Single,8.0,16.0,Mailed Check,No,10
4525,20579,54,No,25.19,40,Salary,52395.200000000004,253,Laboratory,Female,Single,3.0,25.0,Direct Deposit,No,9
935,20590,37,Yes,27.25,40,Salary,56680.0,369,Human Resources,Male,Married,9.0,17.0,Direct Deposit,Yes,0
1241,20591,63,Yes,50.6,40,Salary,105248.0,261,Manufacturing,Male,Married,2.0,24.0,Mailed Check,No,18
2366,20601,28,No,55.98,40,Salary,116438.4,23,Human_Resources,Female,Divorced,3.0,17.0,Mailed Check,No,10
2162,20605,32,Yes,98.65,40,Salary,205192.0,435,HumanResources,Prefer Not to Answer,Married,8.0,19.0,Direct Deposit,No,0
12748,20609,51,Yes,64.29,40,Salary,133723.2,157,Human_Resources,Female,Divorced,1.0,5.0,Direct Deposit,No,22
5526,20616,28,No,56.39,40,Salary,117291.2,380,Research,Female,Single,9.0,9.0,Direct Deposit,No,0
3222,20625,58,Yes,98.44,40,Salary,204755.19999999998,118,Information Technology,Male,Married,4.0,15.0,Mailed Check,No,14
12472,20627,21,No,87.91,40,Salary,182852.8,314,Manufacturing,Male,Single,15.5,21.0,Mailed Check,No,0
1468,20628,55,No,84.31,40,Salary,175364.80000000002,46,HumanResources,Prefer Not to Answer,Married,8.0,7.0,Mailed Check,No,11
1189,20631,63,Yes,98.13,40,Salary,204110.4,377,InformationTechnology,Prefer Not to Answer,Divorced,9.0,25.0,Mailed Check,Yes,37
12270,20632,57,Yes,57.15,40,Salary,118872.0,46,Information_Technology,Female,Divorced,2.0,24.0,Direct Deposit,Yes,27
4433,20633,51,No,45.64,40,Salary,94931.2,253,Information Technology,Prefer Not to Answer,Divorced,15.5,12.0,Direct Deposit,No,30
5753,20634,42,No,70.64,40,Salary,146931.19999999998,418,HumanResources,Prefer Not to Answer,Divorced,4.0,15.0,Mailed Check,No,10
3733,20639,38,Yes,53.09,40,Salary,110427.20000000001,355,InformationTechnology,Prefer Not to Answer,Divorced,3.0,20.0,Direct Deposit,Yes,0
4500,20649,49,No,95.25,40,Salary,198120.0,213,Sales,Prefer Not to Answer,Single,3.0,1.0,Mailed Check,Yes,8
12331,20656,31,Yes,33.08,40,Salary,68806.4,465,Laboratory,Male,Single,5.0,1.0,Mailed Check,No,6
4441,20658,44,Yes,38.32,40,Salary,79705.59999999999,252,Information_Technology,Female,Single,8.0,39.5,Direct Deposit,No,13
5612,20660,24,Yes,46.91,40,Salary,97572.79999999999,377,Sales,Female,Married,7.0,25.0,Mailed Check,No,0
12067,20668,20,No,39.41,40,Salary,81972.79999999999,145,Manufacturing,Male,Single,9.0,6.0,Direct Deposit,No,0
5129,20669,21,No,94.68,40,Salary,196934.40000000002,446,HumanResources,Female,Married,9.0,16.0,Mailed Check,No,5
3135,20676,39,Yes,24.13,40,Salary,50190.399999999994,300,HumanResources,Male,Married,2.0,15.0,Mailed Check,No,0
249,20677,53,No,69.81,40,Salary,145204.80000000002,213,Human_Resources,Prefer Not to Answer,Divorced,7.0,3.0,Mailed Check,No,22
12670,20683,42,Yes,39.53,40,Salary,82222.40000000001,431,Healthcare,Male,Single,9.0,15.0,Direct Deposit,No,24
4108,20684,47,Yes,41.22,40,Salary,85737.59999999999,267,Laboratory,Prefer Not to Answer,Single,3.0,9.0,Mailed Check,Yes,26
150,20686,50,No,71.69,40,Salary,149115.19999999998,248,Information Technology,Female,Single,2.0,1.0,Direct Deposit,No,26
3041,20687,54,Yes,40.84,40,Salary,84947.20000000001,348,Information Technology,Prefer Not to Answer,Divorced,4.0,25.0,Mailed Check,No,14
4782,20691,44,Yes,56.26,40,Salary,117020.8,223,Laboratory,Male,Married,4.0,12.0,Direct Deposit,No,5
2402,20692,19,No,68.98,40,Salary,143478.40000000002,24,Human_Resources,Female,Single,7.0,6.0,Direct Deposit,No,0
1973,20696,45,Yes,75.29,40,Salary,156603.2,287,Research,Prefer Not to Answer,Married,5.0,3.0,Direct Deposit,No,9
12634,20702,57,Yes,22.24,40,Salary,46259.2,190,Information_Technology,Male,Single,4.0,24.0,Direct Deposit,Yes,13
1510,20708,26,Yes,89.84,40,Salary,186867.2,332,Manufacturing,Prefer Not to Answer,Divorced,3.0,15.0,Direct Deposit,No,0
2030,20709,62,No,83.31,40,Salary,173284.80000000002,484,Information_Technology,Female,Single,7.0,16.0,Direct Deposit,No,4
3579,20714,51,Yes,75.88,40,Salary,157830.4,381,Marketing,Prefer Not to Answer,Single,7.0,4.0,Mailed Check,Yes,22
5989,20715,47,No,58.35,40,Salary,121368.0,441,InformationTechnology,Prefer Not to Answer,Divorced,15.5,7.0,Mailed Check,No,10
366,20720,50,No,42.22,40,Salary,87817.59999999999,395,Laboratory,Male,Married,1.0,13.0,Mailed Check,No,26
3955,20722,41,Yes,66.71,40,Salary,138756.8,299,Manufacturing,Male,Married,5.0,23.0,Direct Deposit,No,22
4484,20725,28,Yes,35.07,40,Salary,72945.59999999999,412,Healthcare,Prefer Not to Answer,Divorced,2.0,25.0,Mailed Check,Yes,0
1224,20733,62,Yes,48.9,40,Salary,101712.0,457,Human Resources,Male,Divorced,4.0,21.0,Direct Deposit,No,27
5588,20735,64,Yes,69.36,40,Salary,144268.80000000002,296,Human Resources,Female,Married,5.0,4.0,Mailed Check,No,9
5634,20736,50,No,77.66,40,Salary,161532.8,488,Healthcare,Male,Single,1.0,39.5,Direct Deposit,No,11
4991,20737,64,No,45.46,40,Salary,94556.8,280,InformationTechnology,Female,Married,2.0,20.0,Mailed Check,No,17
5691,20738,58,No,38.97,40,Salary,81057.59999999999,99,InformationTechnology,Female,Single,9.0,9.0,Direct Deposit,No,13
2870,20742,33,No,34.62,40,Salary,72009.59999999999,432,Information_Technology,Male,Single,2.0,23.0,Mailed Check,No,15
3576,20744,46,No,52.8,40,Salary,109824.0,357,Human Resources,Prefer Not to Answer,Single,7.0,24.0,Direct Deposit,No,13
2314,20745,33,No,24.36,40,Salary,50668.799999999996,17,Sales,Male,Single,4.0,24.0,Direct Deposit,No,8
2364,20746,29,No,56.41,40,Salary,117332.79999999999,483,Marketing,Male,Married,3.0,19.0,Mailed Check,No,3
2357,20750,59,No,23.45,40,Salary,48776.0,4,Marketing,Female,Single,4.0,23.0,Mailed Check,Yes,33
2816,20751,21,Yes,70.06,40,Salary,145724.80000000002,287,Sales,Female,Married,15.5,21.0,Mailed Check,No,0
2694,20752,22,No,61.65,40,Salary,128232.0,377,Marketing,Female,Single,4.0,23.0,Mailed Check,Yes,0
2444,20753,61,Yes,17.09,40,Salary,35547.200000000004,108,Research,Prefer Not to Answer,Married,9.0,17.0,Direct Deposit,No,12
2653,20756,39,Yes,35.1,40,Salary,73008.0,413,Information Technology,Prefer Not to Answer,Divorced,3.0,4.0,Mailed Check,No,0
4933,20762,57,Yes,21.85,40,Salary,45448.0,284,Research,Prefer Not to Answer,Married,7.0,11.0,Mailed Check,No,15
428,20766,48,Yes,89.67,40,Salary,186513.6,56,HumanResources,Prefer Not to Answer,Divorced,15.5,24.0,Mailed Check,No,27
2082,20767,58,No,84.9,40,Salary,176592.0,205,HumanResources,Female,Divorced,7.0,16.0,Mailed Check,Yes,21
5969,20769,30,No,27.59,40,Salary,57387.2,487,Information_Technology,Female,Single,9.0,2.0,Direct Deposit,No,0
646,20774,50,Yes,48.82,40,Salary,101545.59999999999,317,Research,Male,Divorced,7.0,17.0,Mailed Check,No,19
2147,20778,27,Yes,68.29,40,Salary,142043.2,471,Healthcare,Male,Married,4.0,9.0,Mailed Check,No,15
1378,20793,21,No,37.52,40,Salary,78041.6,497,Manufacturing,Prefer Not to Answer,Divorced,5.0,23.0,Mailed Check,No,0
354,20794,54,Yes,17.24,40,Salary,35859.2,216,HumanResources,Prefer Not to Answer,Divorced,5.0,11.0,Direct Deposit,No,16
5657,20797,44,Yes,47.51,40,Salary,98820.79999999999,190,Information Technology,Prefer Not to Answer,Single,1.0,8.0,Mailed Check,No,18
5041,20803,33,No,35.29,40,Salary,73403.2,107,Healthcare,Prefer Not to Answer,Divorced,6.0,21.0,Direct Deposit,No,0
2458,20806,44,No,19.96,40,Salary,41516.8,215,Information Technology,Male,Married,4.0,15.0,Mailed Check,Yes,17
3204,20812,37,No,86.87,40,Salary,180689.6,365,Information_Technology,Prefer Not to Answer,Single,1.0,9.0,Direct Deposit,Yes,19
2788,20814,21,Yes,24.45,40,Salary,50856.0,118,Marketing,Female,Married,5.0,7.0,Direct Deposit,Yes,16
1026,20820,64,Yes,73.64,40,Salary,153171.19999999998,335,Human Resources,Male,Divorced,7.0,11.0,Direct Deposit,No,25
1193,20825,45,Yes,66.24,40,Salary,137779.19999999998,334,HumanResources,Prefer Not to Answer,Single,2.0,22.0,Mailed Check,Yes,17
5342,20830,19,No,61.64,40,Salary,128211.2,227,Healthcare,Prefer Not to Answer,Married,2.0,23.0,Direct Deposit,No,0
2783,20832,49,Yes,24.41,40,Salary,50772.799999999996,385,Information_Technology,Prefer Not to Answer,Divorced,3.0,3.0,Direct Deposit,No,17
1570,20834,38,No,74.13,40,Salary,154190.4,448,Laboratory,Prefer Not to Answer,Divorced,8.0,18.0,Mailed Check,Yes,9
1873,20838,28,Yes,61.25,40,Salary,127400.0,259,Healthcare,Male,Married,3.0,24.0,Direct Deposit,Yes,0
4035,20841,40,Yes,22.68,40,Salary,47174.4,427,Healthcare,Female,Married,8.0,8.0,Mailed Check,No,4
5808,20845,23,Yes,45.87,40,Salary,95409.59999999999,294,InformationTechnology,Female,Married,1.0,6.0,Direct Deposit,No,0
5752,20846,46,Yes,95.84,40,Salary,199347.2,163,Information_Technology,Prefer Not to Answer,Married,4.0,24.0,Mailed Check,No,7
349,20855,56,Yes,67.65,40,Salary,140712.0,459,HumanResources,Prefer Not to Answer,Divorced,15.5,11.0,Direct Deposit,No,17
2860,20856,21,Yes,29.62,40,Salary,61609.6,375,Information_Technology,Prefer Not to Answer,Married,1.0,25.0,Direct Deposit,Yes,0
5918,20858,43,Yes,50.97,40,Salary,106017.59999999999,257,Sales,Female,Single,3.0,18.0,Direct Deposit,Yes,14
3652,20860,30,Yes,93.28,40,Salary,194022.4,483,Information Technology,Prefer Not to Answer,Divorced,15.5,5.0,Direct Deposit,No,0
663,20861,36,No,30.42,40,Salary,63273.600000000006,291,Laboratory,Female,Single,3.0,14.0,Direct Deposit,No,12
5758,20874,61,No,92.88,40,Salary,193190.4,86,HumanResources,Female,Married,15.5,17.0,Direct Deposit,No,29
4367,20880,36,Yes,40.8,40,Salary,84864.0,439,Human_Resources,Prefer Not to Answer,Married,6.0,14.0,Direct Deposit,No,5
59,20885,25,Yes,61.54,40,Salary,128003.2,160,Information Technology,Male,Single,8.0,23.0,Mailed Check,No,0
5589,20886,56,Yes,37.62,40,Salary,78249.59999999999,438,Human Resources,Prefer Not to Answer,Single,6.0,14.0,Direct Deposit,Yes,6
4356,20888,65,No,37.05,40,Salary,77064.0,50,HumanResources,Male,Married,3.0,17.0,Direct Deposit,Yes,12
2585,20892,57,Yes,29.54,40,Salary,61443.2,215,Information Technology,Prefer Not to Answer,Single,2.0,11.0,Mailed Check,No,37
559,20901,62,No,61.98,40,Salary,128918.4,447,Laboratory,Female,Divorced,7.0,5.0,Direct Deposit,No,12
3774,20902,36,No,78.86,40,Salary,164028.80000000002,149,Sales,Male,Married,2.0,23.0,Mailed Check,No,16
3614,20905,60,No,61.7,40,Salary,128336.0,481,Information_Technology,Prefer Not to Answer,Single,5.0,39.5,Direct Deposit,No,37
1194,20913,50,No,28.24,40,Salary,58739.2,254,Human Resources,Female,Single,6.0,12.0,Mailed Check,No,6
4011,20914,48,Yes,51.4,40,Salary,106912.0,453,Information Technology,Prefer Not to Answer,Single,4.0,22.0,Direct Deposit,No,16
12053,20922,32,No,76.8,40,Salary,159744.0,152,Human Resources,Male,Married,6.0,24.0,Mailed Check,Yes,0
2186,20923,19,No,46.98,40,Salary,97718.4,378,Manufacturing,Female,Divorced,2.0,1.0,Mailed Check,No,8
5698,20926,47,Yes,27.91,40,Salary,58052.8,221,Manufacturing,Female,Single,9.0,3.0,Mailed Check,Yes,20
5610,20932,23,No,74.67,40,Salary,155313.6,215,Human Resources,Prefer Not to Answer,Single,6.0,17.0,Direct Deposit,No,14
827,20933,50,Yes,84.94,40,Salary,176675.19999999998,221,Marketing,Prefer Not to Answer,Divorced,4.0,23.0,Direct Deposit,No,15
1015,20934,53,Yes,44.29,40,Salary,92123.2,410,Human_Resources,Female,Single,3.0,20.0,Direct Deposit,No,2
4231,20936,44,No,55.54,40,Salary,115523.2,28,Human Resources,Prefer Not to Answer,Divorced,5.0,3.0,Mailed Check,No,13
3873,20943,39,No,48.71,40,Salary,101316.8,117,Human Resources,Female,Divorced,15.5,20.0,Direct Deposit,No,4
5656,20947,60,Yes,85.85,40,Salary,178568.0,410,Information Technology,Male,Single,6.0,39.5,Direct Deposit,No,2
1555,20951,45,No,53.09,40,Salary,110427.20000000001,365,Information_Technology,Male,Married,7.0,3.0,Mailed Check,No,12
12094,20954,28,No,60.37,40,Salary,125569.59999999999,222,Information_Technology,Female,Single,2.0,18.0,Mailed Check,No,7
4127,20961,31,No,82.13,40,Salary,170830.4,481,InformationTechnology,Male,Divorced,2.0,5.0,Mailed Check,Yes,8
4023,20967,34,Yes,32.81,40,Salary,68244.8,190,Manufacturing,Female,Single,3.0,19.0,Mailed Check,Yes,0
602,20968,35,No,60.74,40,Salary,126339.2,181,Human Resources,Male,Married,4.0,6.0,Direct Deposit,No,4
12635,20969,19,No,75.58,40,Salary,157206.4,31,Human_Resources,Male,Divorced,5.0,25.0,Direct Deposit,Yes,0
1484,20970,54,Yes,98.92,40,Salary,205753.6,253,Human_Resources,Prefer Not to Answer,Divorced,8.0,3.0,Direct Deposit,Yes,35
12729,20975,24,Yes,18.63,40,Salary,38750.399999999994,18,InformationTechnology,Prefer Not to Answer,Single,4.0,14.0,Direct Deposit,Yes,0
3965,20979,41,Yes,74.67,40,Salary,155313.6,499,Healthcare,Prefer Not to Answer,Divorced,8.0,8.0,Mailed Check,No,9
1244,20980,18,Yes,38.29,40,Salary,79643.2,17,Information Technology,Male,Married,6.0,9.0,Direct Deposit,No,0
4834,20982,54,Yes,65.34,40,Salary,135907.2,373,Information_Technology,Female,Divorced,7.0,9.0,Mailed Check,Yes,8
12143,20987,54,No,38.65,40,Salary,80392.0,37,Human Resources,Female,Married,15.5,39.5,Direct Deposit,No,8
4389,20991,38,Yes,42.82,40,Salary,89065.59999999999,114,Research,Male,Married,6.0,16.0,Mailed Check,Yes,14
2288,21000,51,Yes,94.2,40,Salary,195936.0,194,Human Resources,Female,Married,8.0,24.0,Mailed Check,No,18
2277,21001,63,Yes,74.23,40,Salary,154398.40000000002,225,Information_Technology,Male,Married,9.0,6.0,Direct Deposit,Yes,17
3629,21003,40,Yes,85.35,40,Salary,177528.0,3,Laboratory,Prefer Not to Answer,Married,8.0,25.0,Direct Deposit,No,1
12445,21006,62,No,19.72,40,Salary,41017.6,30,Human_Resources,Male,Married,3.0,18.0,Direct Deposit,No,37
5843,21012,26,No,69.67,40,Salary,144913.6,379,Marketing,Male,Married,3.0,14.0,Mailed Check,No,7
12575,21021,63,Yes,24.59,40,Salary,51147.200000000004,240,InformationTechnology,Female,Divorced,3.0,24.0,Direct Deposit,Yes,7
4610,21026,46,No,68.87,40,Salary,143249.6,267,Information Technology,Female,Divorced,15.5,21.0,Mailed Check,No,6
5524,21036,27,Yes,45.94,40,Salary,95555.2,314,HumanResources,Prefer Not to Answer,Married,1.0,22.0,Direct Deposit,No,0
3918,21037,55,No,77.76,40,Salary,161740.80000000002,34,Manufacturing,Prefer Not to Answer,Married,9.0,20.0,Direct Deposit,No,32
1249,21038,63,No,46.23,40,Salary,96158.4,233,Sales,Male,Married,15.5,25.0,Mailed Check,No,14
12326,21042,59,No,90.51,40,Salary,188260.80000000002,74,Information_Technology,Female,Married,15.5,21.0,Mailed Check,No,7
4987,21046,59,No,73.46,40,Salary,152796.8,304,HumanResources,Female,Married,15.5,25.0,Mailed Check,No,27
865,21047,26,No,41.75,40,Salary,86840.0,17,Healthcare,Female,Divorced,6.0,10.0,Direct Deposit,No,0
3124,21048,54,No,64.7,40,Salary,134576.0,358,Research,Male,Divorced,1.0,7.0,Direct Deposit,Yes,11
1482,21050,47,Yes,48.37,40,Salary,100609.59999999999,295,InformationTechnology,Female,Married,9.0,22.0,Mailed Check,No,5
2884,21051,41,Yes,83.68,40,Salary,174054.40000000002,418,Manufacturing,Prefer Not to Answer,Married,4.0,20.0,Mailed Check,No,6
3485,21063,38,No,17.72,40,Salary,36857.6,96,Information Technology,Male,Married,8.0,10.0,Mailed Check,No,19
2187,21064,51,No,48.25,40,Salary,100360.0,62,Information Technology,Female,Single,3.0,20.0,Mailed Check,No,19
1069,21067,44,No,58.58,40,Salary,121846.4,361,Sales,Male,Single,6.0,12.0,Mailed Check,Yes,2
1891,21069,30,No,30.81,40,Salary,64084.799999999996,138,InformationTechnology,Male,Married,15.5,2.0,Direct Deposit,No,9
50,21071,28,No,61.61,40,Salary,128148.8,50,Research,Prefer Not to Answer,Divorced,4.0,3.0,Mailed Check,No,0
358,21073,40,Yes,27.74,40,Salary,57699.2,191,Healthcare,Male,Divorced,4.0,1.0,Mailed Check,No,0
2720,21074,59,Yes,55.44,40,Salary,115315.2,462,Research,Prefer Not to Answer,Married,1.0,11.0,Direct Deposit,Yes,34
1121,21086,43,Yes,38.69,40,Salary,80475.2,145,HumanResources,Female,Single,4.0,21.0,Mailed Check,No,2
4043,21092,20,No,93.91,40,Salary,195332.8,315,Laboratory,Female,Divorced,9.0,14.0,Mailed Check,Yes,6
3744,21094,61,No,46.98,40,Salary,97718.4,201,Information Technology,Female,Single,9.0,18.0,Mailed Check,No,37
3770,21099,54,No,65.9,40,Salary,137072.0,476,InformationTechnology,Male,Divorced,3.0,12.0,Direct Deposit,Yes,21
1949,21100,20,No,73.32,40,Salary,152505.59999999998,353,Information_Technology,Male,Divorced,6.0,20.0,Mailed Check,Yes,2
4346,21107,35,Yes,31.47,40,Salary,65457.6,89,InformationTechnology,Male,Divorced,3.0,6.0,Direct Deposit,No,3
3395,21108,54,No,28.95,40,Salary,60216.0,320,HumanResources,Male,Single,3.0,21.0,Mailed Check,No,12
4920,21111,51,Yes,71.46,40,Salary,148636.8,313,Information Technology,Prefer Not to Answer,Divorced,3.0,5.0,Direct Deposit,Yes,10
1295,21118,39,No,32.06,40,Salary,66684.8,231,InformationTechnology,Female,Single,9.0,22.0,Mailed Check,No,11
5828,21120,24,No,89.48,40,Salary,186118.40000000002,344,Human_Resources,Male,Married,7.0,21.0,Direct Deposit,No,0
4218,21123,64,Yes,38.43,40,Salary,79934.40000000001,132,Human Resources,Male,Married,6.0,9.0,Direct Deposit,No,37
1865,21130,45,No,81.44,40,Salary,169395.19999999998,432,Information_Technology,Male,Divorced,1.0,17.0,Direct Deposit,Yes,7
4776,21132,44,Yes,65.75,40,Salary,136760.0,190,Marketing,Male,Single,4.0,2.0,Direct Deposit,Yes,22
4506,21138,36,No,35.94,40,Salary,74755.2,30,Healthcare,Male,Single,5.0,14.0,Mailed Check,No,8
4337,21141,64,Yes,56.09,40,Salary,116667.20000000001,98,Laboratory,Female,Married,3.0,4.0,Direct Deposit,No,3
4355,21143,20,Yes,35.96,40,Salary,74796.8,455,Laboratory,Prefer Not to Answer,Married,5.0,4.0,Mailed Check,Yes,3
12584,21144,61,Yes,57.63,40,Salary,119870.40000000001,194,HumanResources,Male,Single,2.0,12.0,Direct Deposit,No,37
1501,21145,18,Yes,47.95,40,Salary,99736.0,440,InformationTechnology,Prefer Not to Answer,Single,5.0,1.0,Direct Deposit,No,0
3722,21152,51,Yes,51.51,40,Salary,107140.8,324,Healthcare,Prefer Not to Answer,Married,9.0,9.0,Direct Deposit,Yes,20
261,21156,44,No,56.37,40,Salary,117249.59999999999,216,Manufacturing,Prefer Not to Answer,Divorced,3.0,1.0,Mailed Check,No,8
268,21157,28,Yes,38.6,40,Salary,80288.0,210,Manufacturing,Female,Single,6.0,12.0,Direct Deposit,No,0
1092,21160,31,No,42.5,40,Salary,88400.0,57,Manufacturing,Female,Divorced,5.0,4.0,Mailed Check,No,12
2626,21162,54,No,78.19,40,Salary,162635.19999999998,454,Laboratory,Male,Divorced,8.0,24.0,Mailed Check,No,11
5064,21164,23,Yes,70.17,40,Salary,145953.6,447,Information_Technology,Prefer Not to Answer,Married,1.0,1.0,Direct Deposit,No,12
4350,21167,30,Yes,83.9,40,Salary,174512.0,470,Human_Resources,Male,Divorced,1.0,21.0,Mailed Check,Yes,5
1678,21173,36,Yes,45.51,40,Salary,94660.79999999999,70,Information_Technology,Female,Single,1.0,11.0,Direct Deposit,No,11
4464,21179,62,No,17.98,40,Salary,37398.4,450,Marketing,Female,Married,5.0,23.0,Mailed Check,Yes,33
1698,21181,24,Yes,45.09,40,Salary,93787.20000000001,110,Information Technology,Female,Single,1.0,5.0,Direct Deposit,Yes,5
2105,21182,22,No,32.5,40,Salary,67600.0,257,Human Resources,Prefer Not to Answer,Married,3.0,4.0,Direct Deposit,Yes,6
5659,21188,31,No,54.86,40,Salary,114108.8,70,InformationTechnology,Prefer Not to Answer,Divorced,3.0,8.0,Mailed Check,Yes,0
5705,21189,22,Yes,85.26,40,Salary,177340.80000000002,212,Laboratory,Female,Divorced,5.0,24.0,Mailed Check,Yes,0
1389,21194,51,Yes,29.01,40,Salary,60340.8,237,Research,Male,Single,5.0,10.0,Mailed Check,No,19
5719,21195,56,No,76.44,40,Salary,158995.19999999998,486,Research,Prefer Not to Answer,Divorced,4.0,1.0,Mailed Check,No,12
2393,21197,55,Yes,27.93,40,Salary,58094.4,71,Manufacturing,Prefer Not to Answer,Single,6.0,22.0,Mailed Check,No,27
2525,21206,29,Yes,97.4,40,Salary,202592.0,286,Marketing,Prefer Not to Answer,Divorced,8.0,21.0,Mailed Check,Yes,0
4822,21209,38,Yes,24.53,40,Salary,51022.4,84,Sales,Male,Divorced,3.0,7.0,Direct Deposit,Yes,12
5836,21210,59,Yes,46.23,40,Salary,96158.4,395,Marketing,Male,Divorced,7.0,39.5,Mailed Check,No,17
5174,21212,30,No,43.02,40,Salary,89481.6,385,Research,Male,Divorced,7.0,6.0,Direct Deposit,No,3
4080,21213,50,Yes,19.82,40,Salary,41225.6,395,Manufacturing,Male,Single,8.0,4.0,Mailed Check,No,25
3265,21215,31,Yes,78.48,40,Salary,163238.40000000002,309,Human_Resources,Female,Divorced,3.0,17.0,Mailed Check,Yes,2
3290,21216,26,No,30.16,40,Salary,62732.8,61,Human Resources,Female,Married,3.0,12.0,Direct Deposit,No,0
2957,21219,54,Yes,58.59,40,Salary,121867.20000000001,392,Human_Resources,Male,Married,2.0,4.0,Mailed Check,No,16
12025,21227,27,No,97.62,40,Salary,203049.6,72,Marketing,Prefer Not to Answer,Married,6.0,9.0,Mailed Check,No,11
4018,21232,61,Yes,91.47,40,Salary,190257.6,178,HumanResources,Female,Divorced,15.5,11.0,Mailed Check,No,2
5904,21234,32,No,25.43,40,Salary,52894.4,33,Marketing,Prefer Not to Answer,Divorced,4.0,3.0,Direct Deposit,No,5
2075,21239,62,No,50.44,40,Salary,104915.2,493,InformationTechnology,Prefer Not to Answer,Married,3.0,9.0,Mailed Check,Yes,35
2009,21240,19,No,73.52,40,Salary,152921.59999999998,476,Healthcare,Prefer Not to Answer,Single,2.0,23.0,Direct Deposit,No,11
4361,21243,28,Yes,59.58,40,Salary,123926.4,59,Human_Resources,Prefer Not to Answer,Single,5.0,12.0,Mailed Check,Yes,7
3508,21245,33,No,65.57,40,Salary,136385.59999999998,183,Human_Resources,Female,Single,7.0,6.0,Direct Deposit,No,10
4592,21246,32,Yes,77.74,40,Salary,161699.19999999998,117,Healthcare,Female,Single,7.0,25.0,Mailed Check,Yes,5
3202,21251,59,Yes,29.28,40,Salary,60902.4,495,InformationTechnology,Male,Single,15.5,25.0,Mailed Check,No,27
12003,21254,50,No,24.17,40,Salary,50273.600000000006,137,Research,Male,Single,6.0,20.0,Mailed Check,No,20
399,21256,27,Yes,82.66,40,Salary,171932.8,314,Sales,Male,Divorced,3.0,18.0,Mailed Check,No,7
2166,21259,33,Yes,60.61,40,Salary,126068.8,140,InformationTechnology,Prefer Not to Answer,Married,15.5,6.0,Direct Deposit,No,12
1435,21263,31,No,28.96,40,Salary,60236.8,348,Healthcare,Female,Divorced,8.0,16.0,Direct Deposit,Yes,0
1755,21266,56,Yes,77.98,40,Salary,162198.40000000002,33,Human_Resources,Prefer Not to Answer,Single,3.0,19.0,Direct Deposit,No,20
2874,21275,43,Yes,81.25,40,Salary,169000.0,311,HumanResources,Prefer Not to Answer,Married,3.0,19.0,Mailed Check,No,13
907,21276,21,No,34.08,40,Salary,70886.4,320,Human Resources,Male,Divorced,1.0,23.0,Mailed Check,No,7
4085,21277,21,Yes,18.28,40,Salary,38022.4,92,Human_Resources,Male,Divorced,6.0,8.0,Mailed Check,No,2
4644,21280,19,No,94.01,40,Salary,195540.80000000002,227,Information_Technology,Female,Married,2.0,2.0,Mailed Check,No,8
1849,21284,55,No,30.5,40,Salary,63440.0,23,Human_Resources,Prefer Not to Answer,Single,9.0,9.0,Mailed Check,No,14
1870,21294,60,No,34.06,40,Salary,70844.8,437,Manufacturing,Prefer Not to Answer,Married,3.0,13.0,Mailed Check,No,19
13111,21296,31,No,76.57,40,Salary,159265.59999999998,498,Human Resources,Prefer Not to Answer,Married,8.0,12.0,Direct Deposit,Yes,16
2226,21299,56,Yes,78.45,40,Salary,163176.0,353,Sales,Female,Married,9.0,1.0,Mailed Check,Yes,24
2742,21301,53,No,23.1,40,Salary,48048.0,276,Healthcare,Female,Single,4.0,5.0,Mailed Check,No,12
5470,21303,18,Yes,61.82,40,Salary,128585.6,105,Manufacturing,Female,Single,9.0,6.0,Mailed Check,No,1
195,21305,25,No,92.81,40,Salary,193044.80000000002,89,Manufacturing,Female,Divorced,5.0,16.0,Direct Deposit,No,0
3259,21308,30,No,98.05,40,Salary,203944.0,353,Information Technology,Male,Divorced,2.0,8.0,Direct Deposit,Yes,0
12789,21316,23,No,44.67,40,Salary,92913.6,256,Research,Prefer Not to Answer,Divorced,6.0,7.0,Mailed Check,No,0
598,21317,48,No,27.82,40,Salary,57865.6,49,Research,Male,Single,15.5,3.0,Direct Deposit,No,11
12002,21318,37,Yes,99.74,40,Salary,207459.19999999998,113,Healthcare,Prefer Not to Answer,Married,6.0,9.0,Direct Deposit,No,6
12165,21326,20,No,82.14,40,Salary,170851.19999999998,51,Human_Resources,Male,Divorced,15.5,24.0,Mailed Check,No,0
5223,21327,52,No,87.52,40,Salary,182041.59999999998,468,Information Technology,Prefer Not to Answer,Married,15.5,13.0,Direct Deposit,No,2
201,21332,50,Yes,56.76,40,Salary,118060.8,55,InformationTechnology,Female,Single,5.0,22.0,Direct Deposit,Yes,7
3050,21333,46,Yes,35.68,40,Salary,74214.40000000001,57,Information Technology,Female,Single,9.0,15.0,Mailed Check,No,15
2507,21337,20,No,48.09,40,Salary,100027.20000000001,232,InformationTechnology,Prefer Not to Answer,Married,15.5,6.0,Mailed Check,No,0
12234,21339,54,No,77.98,40,Salary,162198.40000000002,461,Healthcare,Female,Married,9.0,9.0,Direct Deposit,No,25
4321,21340,43,No,68.54,40,Salary,142563.2,350,Research,Female,Single,2.0,7.0,Mailed Check,No,22
512,21341,46,No,27.45,40,Salary,57096.0,41,Manufacturing,Prefer Not to Answer,Married,3.0,23.0,Mailed Check,No,5
3966,21342,40,No,58.95,40,Salary,122616.0,218,Laboratory,Female,Married,9.0,39.5,Mailed Check,No,0
5878,21345,46,No,59.34,40,Salary,123427.20000000001,381,Manufacturing,Male,Single,1.0,19.0,Direct Deposit,No,10
4394,21355,42,No,43.46,40,Salary,90396.8,286,Marketing,Prefer Not to Answer,Married,1.0,23.0,Direct Deposit,No,7
2336,21356,58,No,45.63,40,Salary,94910.40000000001,223,Research,Male,Divorced,7.0,12.0,Mailed Check,No,37
5035,21362,52,No,32.2,40,Salary,66976.0,143,Laboratory,Male,Single,8.0,25.0,Direct Deposit,No,21
1018,21364,63,Yes,26.17,40,Salary,54433.600000000006,358,Human Resources,Female,Single,1.0,18.0,Mailed Check,Yes,20
12642,21378,33,No,89.39,40,Salary,185931.19999999998,285,Sales,Female,Single,5.0,8.0,Mailed Check,No,8
4393,21383,53,No,80.44,40,Salary,167315.19999999998,493,Manufacturing,Prefer Not to Answer,Single,3.0,7.0,Direct Deposit,No,11
5013,21384,47,Yes,67.66,40,Salary,140732.8,43,Information Technology,Prefer Not to Answer,Married,7.0,24.0,Direct Deposit,No,6
1303,21387,58,Yes,27.65,40,Salary,57512.0,92,Marketing,Female,Married,15.5,10.0,Mailed Check,No,37
636,21391,53,Yes,90.86,40,Salary,188988.80000000002,467,Information_Technology,Prefer Not to Answer,Single,1.0,10.0,Mailed Check,No,17
208,21400,54,Yes,62.11,40,Salary,129188.8,398,Healthcare,Prefer Not to Answer,Married,4.0,2.0,Direct Deposit,No,8
775,21401,30,No,94.56,40,Salary,196684.80000000002,142,Human_Resources,Female,Single,3.0,39.5,Mailed Check,No,0
5115,21404,32,No,25.89,40,Salary,53851.2,282,Marketing,Female,Married,5.0,19.0,Mailed Check,No,10
4848,21406,59,Yes,23.64,40,Salary,49171.200000000004,360,Human Resources,Prefer Not to Answer,Single,4.0,4.0,Mailed Check,No,29
1177,21411,51,Yes,43.88,40,Salary,91270.40000000001,254,HumanResources,Male,Married,6.0,1.0,Direct Deposit,Yes,16
4134,21414,19,No,93.38,40,Salary,194230.4,457,Information_Technology,Prefer Not to Answer,Married,8.0,39.5,Direct Deposit,No,17
2096,21415,30,No,81.5,40,Salary,169520.0,413,Laboratory,Prefer Not to Answer,Divorced,8.0,14.0,Direct Deposit,Yes,3
3752,21418,28,Yes,22.95,40,Salary,47736.0,118,Human_Resources,Female,Divorced,2.0,12.0,Direct Deposit,Yes,0
1433,21420,65,Yes,50.99,40,Salary,106059.20000000001,431,Sales,Male,Divorced,1.0,15.0,Mailed Check,Yes,7
4682,21423,40,Yes,65.05,40,Salary,135304.0,416,InformationTechnology,Male,Married,7.0,24.0,Mailed Check,No,3
2539,21424,45,No,54.47,40,Salary,113297.6,356,Human Resources,Prefer Not to Answer,Single,9.0,8.0,Mailed Check,No,1
458,21425,21,Yes,85.02,40,Salary,176841.59999999998,380,Human Resources,Prefer Not to Answer,Divorced,8.0,14.0,Direct Deposit,No,10
4883,21427,41,No,49.44,40,Salary,102835.2,173,Marketing,Male,Married,4.0,2.0,Direct Deposit,No,12
5318,21428,53,No,42.65,40,Salary,88712.0,129,HumanResources,Prefer Not to Answer,Divorced,2.0,20.0,Direct Deposit,Yes,27
1538,21430,45,Yes,69.27,40,Salary,144081.59999999998,216,Manufacturing,Female,Divorced,6.0,24.0,Mailed Check,No,6
4913,21432,30,No,90.36,40,Salary,187948.80000000002,450,Research,Prefer Not to Answer,Single,8.0,16.0,Mailed Check,Yes,7
5483,21434,23,No,20.3,40,Salary,42224.0,347,Human Resources,Female,Married,2.0,6.0,Mailed Check,No,12
5821,21443,55,No,89.46,40,Salary,186076.8,47,Information_Technology,Prefer Not to Answer,Divorced,5.0,2.0,Mailed Check,Yes,17
3943,21451,28,No,80.57,40,Salary,167585.59999999998,456,Information Technology,Male,Single,9.0,15.0,Mailed Check,No,0
3701,21453,52,No,65.29,40,Salary,135803.2,362,Research,Female,Divorced,1.0,13.0,Mailed Check,No,27
4111,21455,64,No,30.1,40,Salary,62608.0,143,Marketing,Female,Single,8.0,18.0,Direct Deposit,No,37
12347,21457,65,Yes,54.15,40,Salary,112632.0,414,Healthcare,Female,Divorced,3.0,6.0,Mailed Check,No,31
4701,21459,63,No,65.04,40,Salary,135283.2,149,Marketing,Male,Single,2.0,6.0,Mailed Check,No,24
1050,21463,29,Yes,59.79,40,Salary,124363.2,325,InformationTechnology,Female,Single,5.0,8.0,Mailed Check,No,7
12519,21469,56,Yes,27.69,40,Salary,57595.200000000004,399,Information_Technology,Prefer Not to Answer,Divorced,1.0,24.0,Mailed Check,Yes,21
4565,21471,33,No,38.39,40,Salary,79851.2,65,InformationTechnology,Prefer Not to Answer,Single,15.5,10.0,Mailed Check,No,4
12529,21473,46,Yes,73.96,40,Salary,153836.8,409,InformationTechnology,Prefer Not to Answer,Married,2.0,23.0,Mailed Check,No,12
4935,21474,30,No,20.03,40,Salary,41662.4,442,Sales,Male,Single,15.5,18.0,Mailed Check,No,0
5340,21477,63,Yes,39.01,40,Salary,81140.79999999999,295,Research,Male,Single,7.0,9.0,Direct Deposit,No,3
12516,21479,25,Yes,19.46,40,Salary,40476.8,10,Human Resources,Male,Married,6.0,8.0,Mailed Check,No,7
3960,21483,45,No,69.93,40,Salary,145454.40000000002,428,Information Technology,Male,Divorced,9.0,1.0,Mailed Check,Yes,27
1505,21484,25,Yes,97.92,40,Salary,203673.6,314,Information Technology,Male,Divorced,6.0,2.0,Direct Deposit,No,2
1109,21485,38,No,57.12,40,Salary,118809.59999999999,489,Research,Female,Married,8.0,22.0,Mailed Check,Yes,16
1057,21488,63,No,62.32,40,Salary,129625.6,349,InformationTechnology,Female,Divorced,1.0,1.0,Mailed Check,Yes,12
3428,21490,33,No,57.44,40,Salary,119475.2,222,InformationTechnology,Prefer Not to Answer,Divorced,2.0,15.0,Mailed Check,Yes,12
4365,21492,57,No,55.78,40,Salary,116022.4,412,InformationTechnology,Prefer Not to Answer,Divorced,2.0,13.0,Mailed Check,No,16
3025,21493,51,No,62.65,40,Salary,130312.0,76,Healthcare,Female,Divorced,6.0,21.0,Mailed Check,Yes,11
4518,21500,59,Yes,31.44,40,Salary,65395.200000000004,164,Healthcare,Male,Married,8.0,7.0,Direct Deposit,No,11
1928,21505,24,No,95.22,40,Salary,198057.6,372,HumanResources,Female,Divorced,9.0,5.0,Direct Deposit,No,0
3914,21507,33,Yes,59.76,40,Salary,124300.8,490,Laboratory,Prefer Not to Answer,Married,9.0,8.0,Mailed Check,No,0
2427,21508,18,Yes,52.19,40,Salary,108555.2,3,Healthcare,Female,Single,9.0,9.0,Direct Deposit,No,0
3285,21511,23,Yes,69.4,40,Salary,144352.0,439,Laboratory,Female,Divorced,8.0,17.0,Direct Deposit,No,14
3159,21514,47,No,35.62,40,Salary,74089.59999999999,381,Sales,Prefer Not to Answer,Married,15.5,13.0,Mailed Check,No,17
4666,21523,28,Yes,59.47,40,Salary,123697.6,66,Manufacturing,Male,Single,5.0,19.0,Direct Deposit,No,0
2758,21525,28,Yes,57.15,40,Salary,118872.0,152,Research,Male,Divorced,5.0,1.0,Mailed Check,No,0
707,21530,29,No,76.68,40,Salary,159494.40000000002,118,Information_Technology,Male,Single,9.0,22.0,Mailed Check,Yes,15
414,21533,19,Yes,67.57,40,Salary,140545.59999999998,313,Marketing,Female,Single,4.0,9.0,Direct Deposit,No,12
4005,21534,29,No,82.64,40,Salary,171891.19999999998,38,HumanResources,Prefer Not to Answer,Divorced,4.0,19.0,Mailed Check,No,10
5046,21535,51,No,83.43,40,Salary,173534.40000000002,387,Human Resources,Male,Married,2.0,19.0,Direct Deposit,No,7
5023,21538,45,Yes,74.05,40,Salary,154024.0,99,Marketing,Female,Single,2.0,13.0,Direct Deposit,No,7
4513,21540,34,No,33.03,40,Salary,68702.40000000001,492,Healthcare,Prefer Not to Answer,Single,1.0,19.0,Direct Deposit,Yes,0
2327,21543,29,Yes,99.79,40,Salary,207563.2,166,Laboratory,Prefer Not to Answer,Married,5.0,10.0,Direct Deposit,No,9
5615,21544,38,No,25.63,40,Salary,53310.4,152,Healthcare,Female,Married,3.0,7.0,Direct Deposit,No,0
4252,21545,63,Yes,64.46,40,Salary,134076.8,25,Laboratory,Male,Divorced,8.0,39.5,Mailed Check,Yes,24
5409,21551,39,No,95.66,40,Salary,198972.8,41,Healthcare,Male,Single,1.0,9.0,Direct Deposit,No,15
4686,21552,41,Yes,54.89,40,Salary,114171.2,306,Marketing,Female,Single,5.0,22.0,Mailed Check,No,13
1768,21557,61,No,98.94,40,Salary,205795.19999999998,228,Marketing,Male,Divorced,8.0,24.0,Mailed Check,No,10
3083,21558,43,No,96.36,40,Salary,200428.80000000002,0,Sales,Female,Single,7.0,3.0,Mailed Check,No,11
3926,21562,50,No,94.79,40,Salary,197163.2,402,Research,Female,Divorced,7.0,17.0,Direct Deposit,No,8
3170,21570,48,Yes,55.32,40,Salary,115065.6,409,Information_Technology,Prefer Not to Answer,Divorced,9.0,39.5,Mailed Check,No,30
2307,21572,54,Yes,90.8,40,Salary,188864.0,36,Human Resources,Female,Married,6.0,3.0,Mailed Check,Yes,4
3974,21579,60,Yes,96.28,40,Salary,200262.4,243,Information Technology,Prefer Not to Answer,Divorced,6.0,10.0,Mailed Check,Yes,37
804,21580,62,No,38.11,40,Salary,79268.8,212,Information_Technology,Female,Divorced,3.0,23.0,Mailed Check,No,16
5367,21581,32,No,87.47,40,Salary,181937.6,358,Manufacturing,Female,Married,6.0,8.0,Mailed Check,No,16
1780,21582,46,Yes,77.58,40,Salary,161366.4,229,Healthcare,Prefer Not to Answer,Divorced,2.0,19.0,Mailed Check,No,19
1775,21584,20,No,68.68,40,Salary,142854.40000000002,117,Manufacturing,Female,Divorced,15.5,39.5,Mailed Check,Yes,13
5994,21585,32,Yes,25.66,40,Salary,53372.8,151,InformationTechnology,Prefer Not to Answer,Divorced,7.0,7.0,Mailed Check,No,7
5997,21588,60,Yes,62.04,40,Salary,129043.2,497,Information Technology,Female,Single,9.0,19.0,Mailed Check,No,37
5968,21589,22,No,51.07,40,Salary,106225.59999999999,370,Research,Prefer Not to Answer,Single,9.0,1.0,Direct Deposit,No,10
5782,21590,57,No,96.74,40,Salary,201219.19999999998,71,Laboratory,Female,Divorced,4.0,13.0,Mailed Check,No,37
12090,21595,46,Yes,81.05,40,Salary,168584.0,342,Laboratory,Male,Single,2.0,3.0,Mailed Check,No,21
5254,21599,37,No,74.86,40,Salary,155708.80000000002,95,HumanResources,Female,Single,15.5,4.0,Direct Deposit,No,13
4821,21601,53,No,89.92,40,Salary,187033.6,7,Human_Resources,Prefer Not to Answer,Single,2.0,2.0,Direct Deposit,No,4
2280,21603,41,No,90.35,40,Salary,187928.0,418,Information_Technology,Male,Divorced,8.0,24.0,Direct Deposit,No,7
1821,21605,39,Yes,36.38,40,Salary,75670.40000000001,145,Manufacturing,Male,Married,9.0,1.0,Mailed Check,No,2
5474,21606,65,No,44.33,40,Salary,92206.4,189,Healthcare,Female,Divorced,6.0,11.0,Mailed Check,No,37
800,21620,28,No,93.12,40,Salary,193689.6,367,InformationTechnology,Male,Married,2.0,2.0,Mailed Check,No,0
4508,21622,56,No,45.42,40,Salary,94473.6,201,Healthcare,Female,Divorced,3.0,23.0,Mailed Check,No,17
2455,21625,58,No,27.07,40,Salary,56305.6,464,Information_Technology,Male,Divorced,4.0,15.0,Direct Deposit,No,34
1131,21626,61,Yes,55.8,40,Salary,116064.0,263,InformationTechnology,Prefer Not to Answer,Single,4.0,17.0,Mailed Check,No,37
3165,21627,39,No,17.65,40,Salary,36712.0,39,Information_Technology,Prefer Not to Answer,Single,5.0,17.0,Mailed Check,No,11
2577,21629,64,Yes,21.21,40,Salary,44116.8,384,Human_Resources,Female,Married,9.0,17.0,Mailed Check,No,33
3772,21632,25,Yes,52.28,40,Salary,108742.4,156,Human_Resources,Female,Divorced,9.0,25.0,Direct Deposit,No,8
4100,21633,54,No,83.25,40,Salary,173160.0,393,Information Technology,Male,Single,4.0,13.0,Mailed Check,No,13
2905,21634,32,Yes,37.43,40,Salary,77854.40000000001,463,Laboratory,Prefer Not to Answer,Married,15.5,15.0,Mailed Check,Yes,0
5238,21638,39,No,38.31,40,Salary,79684.8,356,Information Technology,Female,Divorced,2.0,16.0,Mailed Check,No,19
1615,21646,33,No,94.74,40,Salary,197059.19999999998,128,Marketing,Prefer Not to Answer,Married,3.0,11.0,Direct Deposit,Yes,3
2223,21648,35,No,75.97,40,Salary,158017.6,398,Laboratory,Female,Divorced,6.0,21.0,Direct Deposit,Yes,0
2528,21651,37,Yes,78.34,40,Salary,162947.2,396,Human_Resources,Female,Married,2.0,19.0,Mailed Check,No,7
3297,21660,23,No,27.31,40,Salary,56804.799999999996,125,Laboratory,Male,Single,8.0,15.0,Direct Deposit,No,0
1211,21662,26,No,34.52,40,Salary,71801.6,99,Marketing,Prefer Not to Answer,Married,4.0,18.0,Mailed Check,No,13
2704,21669,33,No,19.05,40,Salary,39624.0,248,Sales,Female,Married,9.0,6.0,Mailed Check,No,0
5228,21674,62,No,48.72,40,Salary,101337.59999999999,445,HumanResources,Prefer Not to Answer,Divorced,9.0,10.0,Direct Deposit,No,16
734,21676,64,No,70.71,40,Salary,147076.8,467,HumanResources,Female,Single,3.0,8.0,Direct Deposit,No,32
4193,21678,29,Yes,58.54,40,Salary,121763.2,105,Sales,Male,Divorced,7.0,7.0,Direct Deposit,No,15
5374,21679,37,Yes,92.08,40,Salary,191526.4,385,Laboratory,Female,Married,15.5,12.0,Mailed Check,Yes,0
1172,21682,59,No,19.91,40,Salary,41412.799999999996,287,Manufacturing,Prefer Not to Answer,Divorced,9.0,15.0,Mailed Check,No,6
4387,21685,47,No,27.54,40,Salary,57283.2,184,Healthcare,Female,Single,5.0,18.0,Direct Deposit,No,14
5584,21690,53,No,90.59,40,Salary,188427.2,188,HumanResources,Male,Divorced,5.0,7.0,Mailed Check,No,4
5794,21691,63,Yes,33.99,40,Salary,70699.20000000001,208,Human_Resources,Prefer Not to Answer,Married,9.0,7.0,Mailed Check,No,21
1894,21692,64,No,66.18,40,Salary,137654.40000000002,77,Information Technology,Female,Single,15.5,8.0,Mailed Check,Yes,37
4077,21693,59,No,17.42,40,Salary,36233.600000000006,337,Human_Resources,Prefer Not to Answer,Married,7.0,14.0,Direct Deposit,No,4
13194,21696,29,No,21.05,40,Salary,43784.0,204,Information_Technology,Male,Divorced,8.0,5.0,Direct Deposit,No,0
1986,21700,36,Yes,73.78,40,Salary,153462.4,79,HumanResources,Male,Divorced,8.0,15.0,Mailed Check,Yes,0
5649,21702,34,Yes,24.81,40,Salary,51604.799999999996,373,Information Technology,Female,Married,7.0,24.0,Mailed Check,No,2
3023,21708,55,No,92.64,40,Salary,192691.19999999998,465,Research,Female,Married,2.0,22.0,Mailed Check,No,13
2523,21713,19,Yes,82.28,40,Salary,171142.4,9,Human_Resources,Prefer Not to Answer,Married,7.0,2.0,Direct Deposit,Yes,8
972,21722,46,Yes,36.82,40,Salary,76585.59999999999,207,Manufacturing,Prefer Not to Answer,Married,7.0,9.0,Mailed Check,No,14
2922,21723,59,No,47.25,40,Salary,98280.0,95,Human_Resources,Female,Married,8.0,22.0,Mailed Check,No,19
4483,21725,61,No,37.68,40,Salary,78374.40000000001,191,Manufacturing,Male,Single,8.0,13.0,Mailed Check,Yes,3
3207,21726,50,No,26.88,40,Salary,55910.4,20,Laboratory,Prefer Not to Answer,Married,6.0,25.0,Direct Deposit,No,10
3720,21727,55,No,89.25,40,Salary,185640.0,384,InformationTechnology,Prefer Not to Answer,Single,15.5,14.0,Direct Deposit,No,16
12716,21730,28,No,96.52,40,Salary,200761.59999999998,89,HumanResources,Female,Divorced,5.0,24.0,Mailed Check,Yes,7
12787,21743,21,Yes,34.68,40,Salary,72134.40000000001,395,Laboratory,Female,Single,9.0,16.0,Direct Deposit,Yes,0
2179,21745,53,Yes,72.55,40,Salary,150904.0,317,Research,Male,Married,15.5,1.0,Mailed Check,No,33
12521,21748,47,No,46.06,40,Salary,95804.8,160,Marketing,Male,Divorced,3.0,7.0,Direct Deposit,Yes,12
3039,21750,63,No,52.63,40,Salary,109470.40000000001,284,Information_Technology,Female,Married,8.0,21.0,Mailed Check,Yes,32
1797,21751,29,No,25.6,40,Salary,53248.0,106,Human Resources,Prefer Not to Answer,Single,15.5,8.0,Direct Deposit,No,0
1981,21753,62,Yes,96.25,40,Salary,200200.0,385,Manufacturing,Male,Single,5.0,21.0,Mailed Check,No,18
2973,21754,48,No,97.45,40,Salary,202696.0,345,InformationTechnology,Male,Divorced,6.0,24.0,Direct Deposit,No,12
2253,21758,63,Yes,30.61,40,Salary,63668.8,36,Information Technology,Male,Married,8.0,4.0,Direct Deposit,No,22
608,21760,19,Yes,66.05,40,Salary,137384.0,373,Laboratory,Prefer Not to Answer,Divorced,7.0,12.0,Mailed Check,No,12
2732,21763,28,No,36.51,40,Salary,75940.79999999999,248,Manufacturing,Prefer Not to Answer,Married,15.5,11.0,Direct Deposit,No,0
4122,21768,47,Yes,78.64,40,Salary,163571.19999999998,408,Sales,Male,Single,6.0,2.0,Direct Deposit,Yes,10
12482,21771,33,Yes,60.61,40,Salary,126068.8,131,Healthcare,Male,Divorced,6.0,12.0,Direct Deposit,No,1
5291,21772,54,No,26.73,40,Salary,55598.4,194,Healthcare,Prefer Not to Answer,Divorced,7.0,22.0,Direct Deposit,Yes,12
3619,21777,55,No,89.87,40,Salary,186929.6,415,Laboratory,Male,Single,6.0,2.0,Mailed Check,Yes,3
4477,21786,36,No,21.71,40,Salary,45156.8,64,Laboratory,Female,Divorced,3.0,18.0,Direct Deposit,Yes,0
4993,21787,54,No,35.07,40,Salary,72945.59999999999,237,HumanResources,Female,Single,5.0,13.0,Mailed Check,No,21
1034,21790,62,No,76.87,40,Salary,159889.6,398,Information_Technology,Male,Divorced,7.0,19.0,Mailed Check,Yes,23
12111,21793,45,Yes,43.01,40,Salary,89460.79999999999,356,Marketing,Male,Married,6.0,2.0,Direct Deposit,Yes,9
5378,21800,41,No,29.34,40,Salary,61027.2,158,Marketing,Prefer Not to Answer,Divorced,2.0,12.0,Direct Deposit,No,6
2916,21801,33,Yes,36.9,40,Salary,76752.0,129,Marketing,Prefer Not to Answer,Married,5.0,21.0,Direct Deposit,Yes,12
2857,21805,25,No,55.79,40,Salary,116043.2,45,InformationTechnology,Male,Single,3.0,25.0,Mailed Check,No,0
5240,21811,19,No,49.51,40,Salary,102980.79999999999,101,Information Technology,Female,Divorced,15.5,13.0,Direct Deposit,Yes,0
4092,21815,57,Yes,57.89,40,Salary,120411.2,363,Sales,Prefer Not to Answer,Married,15.5,19.0,Direct Deposit,No,31
4156,21818,19,No,26.42,40,Salary,54953.600000000006,171,Human_Resources,Female,Divorced,4.0,14.0,Direct Deposit,Yes,1
2924,21822,53,No,82.5,40,Salary,171600.0,397,Marketing,Prefer Not to Answer,Divorced,2.0,7.0,Direct Deposit,Yes,1
12359,21835,53,No,92.26,40,Salary,191900.80000000002,132,Human Resources,Male,Single,2.0,14.0,Mailed Check,No,20
891,21836,42,Yes,81.24,40,Salary,168979.19999999998,117,Information_Technology,Male,Divorced,15.5,3.0,Mailed Check,No,14
2245,21837,58,Yes,63.34,40,Salary,131747.2,355,Laboratory,Male,Married,4.0,12.0,Mailed Check,No,31
5923,21839,57,No,57.02,40,Salary,118601.6,424,Manufacturing,Male,Single,5.0,2.0,Mailed Check,Yes,8
5916,21842,65,Yes,99.36,40,Salary,206668.80000000002,71,Information Technology,Female,Single,8.0,6.0,Direct Deposit,No,19
580,21843,46,Yes,96.96,40,Salary,201676.8,370,Laboratory,Female,Single,3.0,10.0,Mailed Check,No,9
5425,21852,42,Yes,18.88,40,Salary,39270.399999999994,336,Information_Technology,Prefer Not to Answer,Divorced,9.0,21.0,Mailed Check,No,15
3842,21856,23,No,93.68,40,Salary,194854.40000000002,321,Human Resources,Female,Married,8.0,11.0,Direct Deposit,No,6
2679,21861,43,No,19.41,40,Salary,40372.799999999996,447,Sales,Female,Divorced,5.0,5.0,Mailed Check,No,0
1786,21862,59,Yes,67.43,40,Salary,140254.40000000002,452,Research,Prefer Not to Answer,Single,7.0,5.0,Mailed Check,No,37
2782,21864,35,No,52.48,40,Salary,109158.4,43,Sales,Male,Married,15.5,4.0,Direct Deposit,No,0
1161,21876,64,No,21.7,40,Salary,45136.0,297,Human Resources,Prefer Not to Answer,Single,9.0,23.0,Direct Deposit,Yes,34
2189,21879,61,Yes,37.17,40,Salary,77313.6,386,Information Technology,Male,Single,8.0,39.5,Mailed Check,No,10
2348,21881,31,No,96.94,40,Salary,201635.19999999998,157,Information_Technology,Prefer Not to Answer,Married,4.0,15.0,Mailed Check,No,0
2889,21889,60,No,42.42,40,Salary,88233.6,45,Sales,Male,Divorced,8.0,13.0,Mailed Check,No,19
449,21891,32,Yes,91.67,40,Salary,190673.6,318,InformationTechnology,Prefer Not to Answer,Divorced,8.0,15.0,Mailed Check,No,4
1734,21893,63,Yes,92.2,40,Salary,191776.0,78,Marketing,Prefer Not to Answer,Divorced,15.5,2.0,Mailed Check,No,6
2067,21896,34,Yes,63.65,40,Salary,132392.0,405,Healthcare,Prefer Not to Answer,Single,7.0,18.0,Mailed Check,Yes,7
769,21897,30,Yes,85.98,40,Salary,178838.40000000002,89,HumanResources,Male,Divorced,15.5,19.0,Direct Deposit,No,11
12744,21898,62,No,92.8,40,Salary,193024.0,419,Manufacturing,Female,Single,7.0,9.0,Mailed Check,No,20
1781,21903,21,No,40.94,40,Salary,85155.2,272,Laboratory,Prefer Not to Answer,Divorced,15.5,1.0,Mailed Check,Yes,17
5881,21906,29,Yes,78.25,40,Salary,162760.0,331,Information_Technology,Prefer Not to Answer,Married,1.0,20.0,Direct Deposit,No,14
3542,21907,63,No,54.07,40,Salary,112465.6,58,Human_Resources,Female,Single,3.0,22.0,Direct Deposit,No,14
726,21910,45,No,33.86,40,Salary,70428.8,237,Human_Resources,Female,Single,3.0,2.0,Mailed Check,Yes,7
316,21911,54,No,37.1,40,Salary,77168.0,234,Manufacturing,Female,Single,8.0,22.0,Mailed Check,No,12
528,21914,54,Yes,55.16,40,Salary,114732.79999999999,112,HumanResources,Male,Single,3.0,21.0,Mailed Check,No,21
2363,21918,53,No,18.86,40,Salary,39228.799999999996,473,Sales,Prefer Not to Answer,Divorced,8.0,39.5,Mailed Check,Yes,29
2099,21922,42,No,55.45,40,Salary,115336.0,334,Sales,Male,Divorced,3.0,8.0,Mailed Check,Yes,14
1268,21923,65,No,20.75,40,Salary,43160.0,123,InformationTechnology,Prefer Not to Answer,Single,15.5,22.0,Mailed Check,No,7
4029,21932,25,Yes,97.8,40,Salary,203424.0,150,Laboratory,Prefer Not to Answer,Married,15.5,18.0,Direct Deposit,Yes,0
12131,21938,34,Yes,97.47,40,Salary,202737.6,245,Sales,Prefer Not to Answer,Single,7.0,25.0,Mailed Check,No,0
3099,21941,50,Yes,97.31,40,Salary,202404.80000000002,187,Healthcare,Prefer Not to Answer,Single,15.5,7.0,Direct Deposit,No,5
3224,21945,59,Yes,20.63,40,Salary,42910.399999999994,198,Sales,Female,Divorced,4.0,13.0,Direct Deposit,No,17
5369,21947,20,Yes,80.16,40,Salary,166732.8,225,Information_Technology,Prefer Not to Answer,Divorced,4.0,1.0,Mailed Check,Yes,0
1085,21948,47,No,44.83,40,Salary,93246.4,458,Manufacturing,Prefer Not to Answer,Divorced,5.0,2.0,Mailed Check,No,13
2752,21953,20,Yes,24.08,40,Salary,50086.399999999994,367,Human Resources,Male,Married,3.0,13.0,Mailed Check,No,0
5388,21954,45,Yes,38.08,40,Salary,79206.4,156,HumanResources,Male,Divorced,8.0,15.0,Mailed Check,No,21
4306,21957,39,Yes,48.2,40,Salary,100256.0,307,Sales,Female,Married,7.0,9.0,Direct Deposit,No,6
3956,21958,64,No,88.88,40,Salary,184870.4,179,Research,Male,Divorced,6.0,16.0,Mailed Check,No,9
3368,21961,18,Yes,33.74,40,Salary,70179.20000000001,112,Marketing,Female,Single,2.0,6.0,Mailed Check,No,0
262,21963,18,No,26.32,40,Salary,54745.6,443,Human_Resources,Male,Divorced,1.0,8.0,Direct Deposit,Yes,0
2574,21964,23,No,51.28,40,Salary,106662.4,292,HumanResources,Female,Single,7.0,15.0,Direct Deposit,No,0
4927,21966,52,No,44.64,40,Salary,92851.2,134,Human_Resources,Male,Divorced,4.0,2.0,Mailed Check,Yes,14
12430,21968,63,Yes,28.51,40,Salary,59300.8,75,Human_Resources,Female,Single,3.0,12.0,Direct Deposit,No,19
2914,21970,65,Yes,74.42,40,Salary,154793.6,127,Human Resources,Female,Single,3.0,13.0,Mailed Check,No,18
3509,21973,33,Yes,32.82,40,Salary,68265.59999999999,207,Laboratory,Female,Single,8.0,2.0,Direct Deposit,Yes,5
5684,21976,61,Yes,18.52,40,Salary,38521.6,423,Laboratory,Male,Single,1.0,7.0,Mailed Check,No,37
1493,21977,40,No,47.13,40,Salary,98030.40000000001,14,Sales,Female,Single,8.0,3.0,Mailed Check,Yes,5
623,21978,45,No,36.71,40,Salary,76356.8,49,Marketing,Female,Divorced,4.0,7.0,Mailed Check,No,23
888,21979,45,No,50.65,40,Salary,105352.0,246,Information Technology,Female,Married,4.0,7.0,Mailed Check,No,5
467,21983,55,No,40.87,40,Salary,85009.59999999999,491,Sales,Female,Married,8.0,21.0,Mailed Check,Yes,29
12556,21986,45,No,29.76,40,Salary,61900.8,109,Human Resources,Male,Single,8.0,17.0,Direct Deposit,No,23
177,21987,43,No,93.63,40,Salary,194750.4,457,Human_Resources,Male,Married,5.0,25.0,Mailed Check,No,9
442,21991,64,No,22.81,40,Salary,47444.799999999996,489,Laboratory,Male,Single,15.5,6.0,Mailed Check,Yes,37
12319,21994,22,No,84.65,40,Salary,176072.0,316,Research,Prefer Not to Answer,Single,15.5,21.0,Mailed Check,No,0
3490,21995,48,Yes,88.59,40,Salary,184267.2,408,Information Technology,Female,Divorced,4.0,1.0,Direct Deposit,No,10
2148,21996,23,Yes,84.65,40,Salary,176072.0,285,InformationTechnology,Female,Single,3.0,10.0,Direct Deposit,No,0
2854,22001,38,No,64.83,40,Salary,134846.4,363,Information Technology,Prefer Not to Answer,Single,4.0,15.0,Mailed Check,No,18
1947,22002,56,No,67.27,40,Salary,139921.59999999998,265,Marketing,Prefer Not to Answer,Divorced,9.0,20.0,Direct Deposit,No,29
881,22003,51,No,99.0,40,Salary,205920.0,194,InformationTechnology,Male,Single,6.0,14.0,Mailed Check,Yes,23
1724,22006,30,Yes,63.23,40,Salary,131518.4,363,Information_Technology,Prefer Not to Answer,Single,8.0,8.0,Direct Deposit,No,3
4006,22008,55,No,45.93,40,Salary,95534.40000000001,79,Information_Technology,Female,Single,15.5,15.0,Direct Deposit,No,22
4943,22012,28,Yes,61.82,40,Salary,128585.6,197,Human_Resources,Prefer Not to Answer,Single,5.0,10.0,Mailed Check,No,0
12278,22016,65,No,95.66,40,Salary,198972.8,142,Human Resources,Prefer Not to Answer,Divorced,3.0,10.0,Mailed Check,No,12
5476,22021,42,No,18.17,40,Salary,37793.600000000006,93,Research,Male,Divorced,9.0,20.0,Mailed Check,No,20
2608,22022,28,No,78.91,40,Salary,164132.8,180,Marketing,Female,Married,15.5,11.0,Direct Deposit,No,10
1306,22026,52,No,38.3,40,Salary,79664.0,296,Healthcare,Male,Divorced,15.5,6.0,Mailed Check,Yes,14
305,22029,50,Yes,84.95,40,Salary,176696.0,493,Sales,Prefer Not to Answer,Divorced,5.0,24.0,Mailed Check,No,9
12621,22030,46,No,51.26,40,Salary,106620.8,358,Information_Technology,Male,Divorced,4.0,10.0,Mailed Check,No,13
3841,22032,45,Yes,69.03,40,Salary,143582.4,149,Human_Resources,Male,Married,6.0,39.5,Mailed Check,No,1
1265,22034,65,No,43.04,40,Salary,89523.2,87,Marketing,Male,Married,2.0,16.0,Direct Deposit,No,2
2579,22037,45,Yes,92.37,40,Salary,192129.6,117,HumanResources,Prefer Not to Answer,Divorced,4.0,19.0,Mailed Check,Yes,17
13151,22042,47,Yes,39.76,40,Salary,82700.79999999999,146,HumanResources,Male,Married,1.0,16.0,Direct Deposit,No,9
1354,22046,54,Yes,53.91,40,Salary,112132.79999999999,67,Healthcare,Male,Divorced,6.0,15.0,Direct Deposit,No,22
12714,22048,52,No,80.31,40,Salary,167044.80000000002,132,Manufacturing,Male,Married,2.0,22.0,Mailed Check,Yes,18
4351,22050,26,Yes,39.07,40,Salary,81265.59999999999,208,Laboratory,Prefer Not to Answer,Married,3.0,1.0,Direct Deposit,No,5
12751,22053,26,No,97.0,40,Salary,201760.0,204,Marketing,Prefer Not to Answer,Married,9.0,9.0,Direct Deposit,Yes,10
2723,22054,58,Yes,54.26,40,Salary,112860.8,255,HumanResources,Female,Single,9.0,2.0,Direct Deposit,Yes,15
3524,22067,57,No,81.49,40,Salary,169499.19999999998,444,Marketing,Male,Married,9.0,14.0,Direct Deposit,No,14
5028,22071,39,Yes,89.49,40,Salary,186139.19999999998,166,Information_Technology,Male,Married,15.5,11.0,Direct Deposit,No,8
542,22076,55,Yes,56.32,40,Salary,117145.6,440,Human Resources,Male,Single,5.0,39.5,Mailed Check,No,28
3349,22078,27,Yes,52.94,40,Salary,110115.2,211,HumanResources,Prefer Not to Answer,Married,4.0,39.5,Direct Deposit,No,0
2533,22080,40,Yes,71.03,40,Salary,147742.4,237,Information_Technology,Female,Divorced,6.0,18.0,Direct Deposit,Yes,0
1685,22082,51,No,30.99,40,Salary,64459.2,294,Human Resources,Prefer Not to Answer,Divorced,4.0,24.0,Mailed Check,No,10
4711,22083,47,No,66.88,40,Salary,139110.4,361,Information_Technology,Male,Married,9.0,9.0,Direct Deposit,No,20
5882,22085,38,Yes,94.74,40,Salary,197059.19999999998,234,Information Technology,Female,Divorced,9.0,8.0,Mailed Check,No,3
5796,22086,52,No,58.26,40,Salary,121180.8,395,Laboratory,Male,Married,6.0,18.0,Direct Deposit,No,15
5328,22087,54,Yes,53.17,40,Salary,110593.6,77,HumanResources,Male,Married,9.0,19.0,Direct Deposit,No,17
740,22088,63,Yes,54.68,40,Salary,113734.4,73,Human Resources,Female,Single,9.0,16.0,Direct Deposit,Yes,20
12051,22096,41,Yes,71.95,40,Salary,149656.0,344,Laboratory,Female,Married,9.0,14.0,Mailed Check,No,0
5422,22097,47,Yes,21.35,40,Salary,44408.0,37,Research,Prefer Not to Answer,Married,2.0,9.0,Direct Deposit,No,18
3116,22099,53,Yes,70.62,40,Salary,146889.6,55,Marketing,Male,Divorced,7.0,5.0,Direct Deposit,Yes,35
805,22106,54,No,43.39,40,Salary,90251.2,263,Information_Technology,Prefer Not to Answer,Divorced,9.0,22.0,Direct Deposit,No,24
12383,22109,26,No,33.44,40,Salary,69555.2,391,Information Technology,Prefer Not to Answer,Single,1.0,14.0,Mailed Check,No,0
1637,22115,49,No,88.19,40,Salary,183435.19999999998,340,InformationTechnology,Prefer Not to Answer,Divorced,6.0,4.0,Direct Deposit,Yes,4
2583,22117,64,No,79.45,40,Salary,165256.0,28,Information_Technology,Prefer Not to Answer,Married,3.0,25.0,Mailed Check,No,16
4101,22118,37,Yes,78.68,40,Salary,163654.40000000002,150,InformationTechnology,Prefer Not to Answer,Divorced,6.0,22.0,Mailed Check,Yes,13
2938,22119,58,No,69.63,40,Salary,144830.4,291,Sales,Female,Divorced,3.0,20.0,Mailed Check,Yes,17
234,22126,34,Yes,41.93,40,Salary,87214.40000000001,387,Sales,Male,Single,6.0,3.0,Mailed Check,No,8
4910,22127,57,Yes,43.51,40,Salary,90500.79999999999,310,Laboratory,Male,Divorced,1.0,16.0,Mailed Check,Yes,28
2246,22140,36,No,49.74,40,Salary,103459.20000000001,224,Human Resources,Male,Divorced,5.0,25.0,Mailed Check,Yes,1
479,22143,38,Yes,22.95,40,Salary,47736.0,92,Sales,Prefer Not to Answer,Divorced,8.0,22.0,Direct Deposit,No,3
12469,22153,33,Yes,26.31,40,Salary,54724.799999999996,498,Research,Prefer Not to Answer,Single,1.0,5.0,Direct Deposit,No,4
3360,22154,37,Yes,92.69,40,Salary,192795.19999999998,185,Human_Resources,Female,Single,6.0,2.0,Mailed Check,No,15
4353,22155,37,Yes,38.71,40,Salary,80516.8,263,InformationTechnology,Prefer Not to Answer,Single,8.0,1.0,Mailed Check,No,0
1622,22159,31,No,73.33,40,Salary,152526.4,131,Human Resources,Male,Single,1.0,4.0,Direct Deposit,No,6
851,22161,26,Yes,94.6,40,Salary,196768.0,82,Sales,Female,Single,7.0,13.0,Direct Deposit,No,7
3635,22162,61,No,84.21,40,Salary,175156.8,404,Information Technology,Female,Married,3.0,22.0,Direct Deposit,No,35
4358,22164,61,Yes,90.11,40,Salary,187428.80000000002,357,Information_Technology,Prefer Not to Answer,Married,2.0,6.0,Direct Deposit,No,37
2013,22168,28,Yes,72.74,40,Salary,151299.19999999998,120,Healthcare,Prefer Not to Answer,Divorced,4.0,15.0,Direct Deposit,No,9
12248,22169,57,Yes,45.31,40,Salary,94244.8,179,Research,Female,Single,9.0,23.0,Mailed Check,No,7
486,22172,46,Yes,18.43,40,Salary,38334.4,282,Human Resources,Prefer Not to Answer,Married,2.0,12.0,Mailed Check,No,26
13154,22174,24,No,78.56,40,Salary,163404.80000000002,259,Human_Resources,Prefer Not to Answer,Divorced,9.0,24.0,Mailed Check,No,0
2793,22175,42,No,17.01,40,Salary,35380.8,336,Human_Resources,Prefer Not to Answer,Single,3.0,15.0,Direct Deposit,Yes,2
2389,22182,62,Yes,69.46,40,Salary,144476.8,430,InformationTechnology,Prefer Not to Answer,Single,8.0,17.0,Direct Deposit,No,16
616,22185,59,Yes,65.29,40,Salary,135803.2,205,Marketing,Prefer Not to Answer,Married,7.0,22.0,Mailed Check,No,17
3311,22190,28,Yes,57.92,40,Salary,120473.6,230,Human Resources,Male,Single,8.0,5.0,Mailed Check,Yes,10
1587,22191,33,Yes,82.5,40,Salary,171600.0,186,InformationTechnology,Female,Divorced,9.0,10.0,Mailed Check,No,3
1927,22195,20,Yes,71.59,40,Salary,148907.2,316,Sales,Female,Divorced,4.0,11.0,Mailed Check,No,0
5284,22200,62,No,69.94,40,Salary,145475.19999999998,129,Human_Resources,Prefer Not to Answer,Single,1.0,8.0,Mailed Check,No,22
797,22202,30,Yes,44.72,40,Salary,93017.59999999999,450,Information_Technology,Prefer Not to Answer,Married,15.5,17.0,Direct Deposit,Yes,3
482,22207,27,Yes,64.15,40,Salary,133432.0,139,Sales,Female,Single,8.0,5.0,Direct Deposit,No,0
4145,22210,23,Yes,66.37,40,Salary,138049.6,29,HumanResources,Male,Married,9.0,2.0,Mailed Check,Yes,0
89,22215,39,Yes,44.32,40,Salary,92185.59999999999,259,Information_Technology,Male,Single,8.0,23.0,Direct Deposit,No,4
12081,22218,64,Yes,56.52,40,Salary,117561.6,322,Sales,Female,Divorced,1.0,3.0,Mailed Check,No,14
12619,22220,35,No,96.69,40,Salary,201115.19999999998,105,Laboratory,Prefer Not to Answer,Married,15.5,12.0,Mailed Check,Yes,16
3338,22221,51,No,66.64,40,Salary,138611.19999999998,376,Information_Technology,Female,Married,2.0,18.0,Mailed Check,Yes,11
5199,22223,24,No,39.25,40,Salary,81640.0,81,Research,Male,Married,7.0,12.0,Direct Deposit,Yes,0
12115,22230,42,No,34.58,40,Salary,71926.4,486,Research,Male,Married,4.0,6.0,Mailed Check,No,3
4770,22237,33,No,97.56,40,Salary,202924.80000000002,395,Human Resources,Male,Single,3.0,17.0,Direct Deposit,Yes,0
3370,22240,45,Yes,35.06,40,Salary,72924.8,64,Sales,Prefer Not to Answer,Single,6.0,11.0,Direct Deposit,No,24
5600,22249,41,No,95.47,40,Salary,198577.6,300,Sales,Male,Single,4.0,19.0,Mailed Check,Yes,19
2340,22250,30,No,90.51,40,Salary,188260.80000000002,447,Human_Resources,Male,Married,2.0,7.0,Direct Deposit,No,0
1334,22251,30,Yes,24.59,40,Salary,51147.200000000004,302,Marketing,Prefer Not to Answer,Married,7.0,14.0,Mailed Check,No,2
4241,22253,59,No,46.0,40,Salary,95680.0,347,Healthcare,Prefer Not to Answer,Married,8.0,1.0,Direct Deposit,No,14
4084,22254,49,Yes,58.11,40,Salary,120868.8,493,Healthcare,Male,Married,7.0,7.0,Direct Deposit,No,14
534,22259,43,No,21.49,40,Salary,44699.2,39,Human_Resources,Prefer Not to Answer,Single,2.0,2.0,Mailed Check,Yes,10
4835,22274,57,Yes,96.38,40,Salary,200470.4,46,InformationTechnology,Female,Married,8.0,10.0,Mailed Check,Yes,22
4873,22281,30,No,83.55,40,Salary,173784.0,250,Manufacturing,Female,Married,3.0,5.0,Direct Deposit,No,10
1444,22284,30,Yes,60.6,40,Salary,126048.0,142,Manufacturing,Female,Single,8.0,2.0,Direct Deposit,No,10
2796,22287,42,No,98.57,40,Salary,205025.59999999998,92,Marketing,Male,Single,5.0,4.0,Mailed Check,No,5
12231,22288,22,No,17.7,40,Salary,36816.0,44,InformationTechnology,Male,Divorced,15.5,5.0,Mailed Check,No,0
5068,22294,61,Yes,95.47,40,Salary,198577.6,141,HumanResources,Prefer Not to Answer,Single,2.0,23.0,Direct Deposit,No,37
2538,22298,62,Yes,71.89,40,Salary,149531.19999999998,197,Information Technology,Male,Divorced,8.0,5.0,Mailed Check,No,30
12123,22299,31,Yes,23.14,40,Salary,48131.200000000004,456,Healthcare,Female,Married,6.0,18.0,Direct Deposit,Yes,0
4974,22312,33,Yes,98.4,40,Salary,204672.0,474,Research,Prefer Not to Answer,Married,6.0,24.0,Mailed Check,Yes,15
2797,22324,46,No,40.85,40,Salary,84968.0,369,Manufacturing,Female,Single,9.0,10.0,Mailed Check,Yes,12
2110,22329,19,Yes,20.48,40,Salary,42598.4,460,Laboratory,Male,Married,7.0,21.0,Direct Deposit,No,0
12252,22331,53,No,85.51,40,Salary,177860.80000000002,331,Healthcare,Female,Married,2.0,19.0,Direct Deposit,No,11
260,22340,32,Yes,75.59,40,Salary,157227.2,163,Research,Female,Married,1.0,13.0,Mailed Check,No,15
5494,22342,43,No,53.46,40,Salary,111196.8,423,Human_Resources,Female,Married,9.0,17.0,Direct Deposit,Yes,21
376,22345,55,No,22.7,40,Salary,47216.0,130,Laboratory,Female,Divorced,6.0,3.0,Direct Deposit,No,16
1175,22351,37,No,22.32,40,Salary,46425.6,215,Human_Resources,Prefer Not to Answer,Single,3.0,21.0,Direct Deposit,Yes,7
12666,22354,33,No,25.48,40,Salary,52998.4,40,Information_Technology,Female,Divorced,2.0,9.0,Direct Deposit,No,2
12367,22357,39,Yes,66.89,40,Salary,139131.19999999998,135,HumanResources,Male,Divorced,6.0,4.0,Direct Deposit,No,17
5094,22359,64,Yes,25.92,40,Salary,53913.600000000006,262,Information Technology,Female,Divorced,1.0,14.0,Mailed Check,Yes,6
2228,22361,21,No,29.25,40,Salary,60840.0,216,Healthcare,Female,Single,15.5,16.0,Direct Deposit,Yes,10
5495,22363,23,Yes,37.53,40,Salary,78062.40000000001,116,Sales,Female,Married,4.0,20.0,Direct Deposit,No,0
5227,22365,48,No,53.55,40,Salary,111384.0,16,Information_Technology,Male,Married,3.0,24.0,Direct Deposit,No,10
909,22372,22,No,55.5,40,Salary,115440.0,321,Manufacturing,Female,Divorced,7.0,14.0,Mailed Check,Yes,0
1214,22373,23,Yes,68.67,40,Salary,142833.6,51,HumanResources,Female,Married,2.0,8.0,Direct Deposit,Yes,2
5671,22375,61,No,89.06,40,Salary,185244.80000000002,190,InformationTechnology,Prefer Not to Answer,Divorced,15.5,15.0,Mailed Check,Yes,11
4547,22383,28,No,80.45,40,Salary,167336.0,406,InformationTechnology,Male,Single,5.0,6.0,Mailed Check,No,3
12320,22384,34,Yes,69.88,40,Salary,145350.4,482,Information_Technology,Prefer Not to Answer,Married,4.0,16.0,Mailed Check,No,11
13160,22385,65,No,35.12,40,Salary,73049.59999999999,387,Healthcare,Female,Single,7.0,24.0,Direct Deposit,No,25
5909,22391,25,No,17.8,40,Salary,37024.0,277,Manufacturing,Female,Single,6.0,18.0,Mailed Check,No,10
619,22392,42,No,85.48,40,Salary,177798.40000000002,416,Information_Technology,Female,Divorced,15.5,1.0,Mailed Check,Yes,14
1728,22394,54,Yes,54.27,40,Salary,112881.6,21,Human Resources,Male,Married,5.0,39.5,Direct Deposit,No,13
5188,22395,31,No,18.34,40,Salary,38147.200000000004,382,Human Resources,Prefer Not to Answer,Single,15.5,2.0,Mailed Check,No,5
353,22397,52,Yes,26.03,40,Salary,54142.4,317,Marketing,Male,Married,8.0,13.0,Mailed Check,No,11
4720,22403,42,Yes,85.39,40,Salary,177611.19999999998,484,Healthcare,Female,Divorced,6.0,1.0,Direct Deposit,No,15
2909,22404,63,No,28.76,40,Salary,59820.8,491,Sales,Female,Married,2.0,12.0,Mailed Check,No,23
12781,22405,60,Yes,31.12,40,Salary,64729.6,121,Human Resources,Female,Married,15.5,24.0,Mailed Check,Yes,32
5650,22409,19,Yes,35.53,40,Salary,73902.40000000001,458,Marketing,Prefer Not to Answer,Single,15.5,20.0,Direct Deposit,No,8
1692,22418,35,No,62.96,40,Salary,130956.8,483,Human_Resources,Male,Single,2.0,20.0,Mailed Check,No,0
138,22422,60,Yes,85.06,40,Salary,176924.80000000002,193,Sales,Male,Divorced,1.0,12.0,Direct Deposit,Yes,37
12578,22424,57,No,44.5,40,Salary,92560.0,339,Marketing,Male,Single,8.0,11.0,Mailed Check,No,17
1119,22425,41,Yes,69.79,40,Salary,145163.2,329,Information_Technology,Female,Divorced,7.0,16.0,Mailed Check,Yes,12
12449,22429,60,Yes,47.51,40,Salary,98820.79999999999,205,Human_Resources,Female,Single,15.5,21.0,Direct Deposit,No,2
5279,22431,21,Yes,60.34,40,Salary,125507.20000000001,436,Marketing,Male,Single,1.0,21.0,Direct Deposit,Yes,2
5191,22432,23,Yes,51.5,40,Salary,107120.0,136,HumanResources,Prefer Not to Answer,Single,4.0,1.0,Direct Deposit,Yes,5
1262,22435,50,Yes,78.12,40,Salary,162489.6,177,Human_Resources,Female,Married,8.0,1.0,Mailed Check,No,5
1252,22438,19,No,80.9,40,Salary,168272.0,372,Healthcare,Female,Divorced,6.0,20.0,Mailed Check,Yes,0
4844,22441,36,No,24.07,40,Salary,50065.6,211,Marketing,Male,Married,2.0,8.0,Mailed Check,Yes,2
3348,22442,43,Yes,71.42,40,Salary,148553.6,416,Information_Technology,Female,Married,2.0,11.0,Direct Deposit,Yes,16
1719,22444,22,Yes,74.8,40,Salary,155584.0,284,Marketing,Male,Single,6.0,24.0,Mailed Check,Yes,0
776,22446,45,Yes,94.04,40,Salary,195603.2,498,Human Resources,Prefer Not to Answer,Single,2.0,22.0,Direct Deposit,No,10
1257,22449,54,Yes,71.08,40,Salary,147846.4,407,Human Resources,Prefer Not to Answer,Single,7.0,16.0,Direct Deposit,No,14
12689,22451,46,No,46.99,40,Salary,97739.20000000001,228,Information_Technology,Male,Single,8.0,4.0,Mailed Check,No,19
1230,22453,35,Yes,40.52,40,Salary,84281.6,346,Marketing,Female,Divorced,1.0,21.0,Mailed Check,No,0
12120,22459,22,No,21.01,40,Salary,43700.8,412,Human Resources,Male,Divorced,1.0,3.0,Direct Deposit,Yes,12
901,22462,30,No,28.65,40,Salary,59592.0,409,Human_Resources,Male,Single,7.0,12.0,Mailed Check,No,5
2800,22464,36,Yes,27.08,40,Salary,56326.399999999994,61,Marketing,Female,Single,2.0,20.0,Mailed Check,No,4
3906,22474,23,Yes,33.9,40,Salary,70512.0,486,Manufacturing,Prefer Not to Answer,Single,5.0,16.0,Direct Deposit,No,0
2651,22476,26,Yes,53.84,40,Salary,111987.20000000001,117,Human_Resources,Prefer Not to Answer,Married,1.0,1.0,Mailed Check,Yes,17
5395,22477,49,Yes,62.51,40,Salary,130020.8,463,Research,Female,Divorced,7.0,22.0,Direct Deposit,No,9
56,22479,41,Yes,69.46,40,Salary,144476.8,377,HumanResources,Male,Single,4.0,16.0,Direct Deposit,Yes,8
2173,22484,52,No,58.47,40,Salary,121617.6,337,Sales,Prefer Not to Answer,Married,1.0,7.0,Direct Deposit,No,14
5763,22488,20,No,35.87,40,Salary,74609.59999999999,294,Information Technology,Female,Married,5.0,17.0,Direct Deposit,No,0
12379,22491,55,No,89.39,40,Salary,185931.19999999998,481,Research,Prefer Not to Answer,Divorced,1.0,17.0,Mailed Check,Yes,31
2463,22495,30,No,90.83,40,Salary,188926.4,310,Research,Prefer Not to Answer,Married,1.0,6.0,Mailed Check,Yes,4
4715,22500,25,No,77.8,40,Salary,161824.0,178,Human_Resources,Female,Married,4.0,3.0,Direct Deposit,Yes,4
5527,22504,34,No,76.24,40,Salary,158579.19999999998,325,Manufacturing,Prefer Not to Answer,Divorced,6.0,18.0,Direct Deposit,No,8
4905,22507,58,Yes,32.82,40,Salary,68265.59999999999,484,Healthcare,Male,Married,1.0,4.0,Mailed Check,No,1
12502,22508,41,Yes,55.68,40,Salary,115814.4,430,Sales,Prefer Not to Answer,Married,5.0,12.0,Mailed Check,Yes,3
2470,22510,42,Yes,24.55,40,Salary,51064.0,231,Information_Technology,Female,Divorced,7.0,18.0,Mailed Check,Yes,1
3590,22511,62,No,44.71,40,Salary,92996.8,99,Laboratory,Female,Single,3.0,39.5,Direct Deposit,Yes,30
2037,22513,25,Yes,19.41,40,Salary,40372.799999999996,351,Sales,Prefer Not to Answer,Divorced,9.0,9.0,Direct Deposit,No,0
12797,22514,36,No,39.73,40,Salary,82638.4,447,Marketing,Prefer Not to Answer,Divorced,8.0,11.0,Direct Deposit,No,3
5,22516,52,Yes,54.88,40,Salary,114150.40000000001,38,Information Technology,Female,Married,1.0,5.0,Direct Deposit,No,13
12272,22519,26,Yes,17.45,40,Salary,36296.0,202,InformationTechnology,Prefer Not to Answer,Married,9.0,23.0,Direct Deposit,No,1
5820,22523,43,No,53.75,40,Salary,111800.0,381,Marketing,Female,Married,15.5,18.0,Direct Deposit,No,20
2684,22525,51,No,52.17,40,Salary,108513.6,384,InformationTechnology,Male,Single,9.0,6.0,Mailed Check,No,10
5779,22529,48,No,84.42,40,Salary,175593.6,187,Laboratory,Prefer Not to Answer,Married,4.0,3.0,Mailed Check,Yes,4
408,22532,20,No,47.3,40,Salary,98384.0,113,Laboratory,Female,Divorced,3.0,18.0,Direct Deposit,No,4
275,22533,38,Yes,56.95,40,Salary,118456.0,124,Human Resources,Male,Single,9.0,8.0,Direct Deposit,No,17
5542,22534,23,Yes,61.97,40,Salary,128897.6,466,Human_Resources,Prefer Not to Answer,Single,5.0,17.0,Direct Deposit,No,9
4753,22538,65,No,31.71,40,Salary,65956.8,144,Information Technology,Male,Married,4.0,10.0,Mailed Check,No,28
1164,22539,26,Yes,83.71,40,Salary,174116.8,114,Laboratory,Prefer Not to Answer,Married,7.0,20.0,Mailed Check,No,5
1753,22540,60,No,33.2,40,Salary,69056.0,206,HumanResources,Prefer Not to Answer,Divorced,4.0,25.0,Direct Deposit,No,14
2984,22541,61,No,67.32,40,Salary,140025.59999999998,398,Human_Resources,Male,Married,5.0,9.0,Direct Deposit,Yes,15
3781,22543,42,No,23.05,40,Salary,47944.0,280,Manufacturing,Female,Married,15.5,18.0,Direct Deposit,No,15
12456,22547,58,Yes,33.62,40,Salary,69929.59999999999,265,Information Technology,Female,Single,9.0,25.0,Mailed Check,No,37
4739,22553,52,No,55.82,40,Salary,116105.6,299,Information Technology,Prefer Not to Answer,Divorced,5.0,21.0,Mailed Check,Yes,16
12626,22556,21,Yes,62.03,40,Salary,129022.4,128,Research,Female,Divorced,5.0,22.0,Mailed Check,No,0
3042,22558,64,No,18.15,40,Salary,37752.0,101,HumanResources,Female,Single,8.0,13.0,Direct Deposit,No,15
2172,22560,60,No,57.01,40,Salary,118580.8,435,HumanResources,Male,Divorced,9.0,39.5,Mailed Check,No,21
3330,22569,43,Yes,48.36,40,Salary,100588.8,402,Manufacturing,Prefer Not to Answer,Single,2.0,17.0,Mailed Check,Yes,17
2215,22571,61,No,27.88,40,Salary,57990.4,414,Human Resources,Female,Divorced,5.0,4.0,Mailed Check,No,30
2549,22576,31,No,51.27,40,Salary,106641.6,423,Marketing,Female,Single,3.0,6.0,Mailed Check,No,3
4585,22578,60,Yes,68.7,40,Salary,142896.0,393,Healthcare,Male,Single,7.0,3.0,Mailed Check,No,18
1079,22584,49,Yes,27.86,40,Salary,57948.8,55,Sales,Male,Married,4.0,4.0,Mailed Check,No,14
5384,22588,25,No,36.85,40,Salary,76648.0,363,Marketing,Female,Divorced,15.5,24.0,Mailed Check,No,16
12609,22600,57,No,57.89,40,Salary,120411.2,428,HumanResources,Female,Divorced,5.0,4.0,Mailed Check,Yes,10
5869,22605,56,Yes,69.53,40,Salary,144622.4,356,Human_Resources,Prefer Not to Answer,Married,6.0,9.0,Mailed Check,Yes,19
1312,22606,40,No,93.89,40,Salary,195291.19999999998,396,Information_Technology,Male,Single,9.0,6.0,Mailed Check,Yes,14
2513,22607,54,No,91.4,40,Salary,190112.0,133,HumanResources,Prefer Not to Answer,Married,1.0,7.0,Mailed Check,Yes,24
2715,22611,45,No,79.59,40,Salary,165547.2,484,Manufacturing,Male,Married,7.0,13.0,Mailed Check,No,15
12340,22613,50,Yes,66.93,40,Salary,139214.40000000002,104,Manufacturing,Male,Divorced,1.0,6.0,Mailed Check,No,31
12209,22619,63,Yes,46.45,40,Salary,96616.0,425,InformationTechnology,Female,Single,9.0,17.0,Direct Deposit,No,14
1148,22624,43,No,37.11,40,Salary,77188.8,194,Research,Prefer Not to Answer,Married,7.0,20.0,Mailed Check,No,9
1979,22626,55,Yes,31.41,40,Salary,65332.8,99,Information_Technology,Male,Married,3.0,15.0,Direct Deposit,No,27
2161,22628,29,Yes,78.53,40,Salary,163342.4,127,Human_Resources,Prefer Not to Answer,Divorced,6.0,17.0,Mailed Check,No,0
12625,22630,61,Yes,92.15,40,Salary,191672.0,57,HumanResources,Prefer Not to Answer,Single,2.0,21.0,Mailed Check,No,16
12362,22633,28,No,30.92,40,Salary,64313.600000000006,179,Sales,Prefer Not to Answer,Divorced,9.0,2.0,Direct Deposit,No,0
4059,22638,21,No,68.25,40,Salary,141960.0,203,Healthcare,Male,Single,7.0,3.0,Direct Deposit,No,0
1760,22641,34,No,68.52,40,Salary,142521.59999999998,11,Human Resources,Prefer Not to Answer,Single,3.0,18.0,Direct Deposit,No,3
4369,22642,48,Yes,32.16,40,Salary,66892.79999999999,56,Manufacturing,Female,Single,5.0,4.0,Direct Deposit,Yes,19
5026,22644,30,No,71.0,40,Salary,147680.0,371,Human_Resources,Female,Single,2.0,21.0,Mailed Check,Yes,8
5852,22648,56,Yes,68.77,40,Salary,143041.59999999998,167,Healthcare,Male,Married,3.0,4.0,Mailed Check,No,4
3307,22662,39,No,71.03,40,Salary,147742.4,205,Information_Technology,Female,Married,15.5,25.0,Direct Deposit,No,3
2933,22664,61,No,64.64,40,Salary,134451.19999999998,432,Research,Male,Married,6.0,1.0,Direct Deposit,Yes,5
5484,22665,29,Yes,43.44,40,Salary,90355.2,472,Research,Male,Divorced,8.0,18.0,Mailed Check,No,0
12778,22669,34,No,80.99,40,Salary,168459.19999999998,310,Research,Male,Single,5.0,8.0,Mailed Check,No,9
2372,22683,23,No,96.24,40,Salary,200179.19999999998,92,Laboratory,Male,Married,8.0,12.0,Direct Deposit,No,0
2768,22685,58,No,17.57,40,Salary,36545.6,275,Information Technology,Female,Single,2.0,19.0,Mailed Check,No,3
12071,22689,45,No,97.33,40,Salary,202446.4,238,Research,Male,Single,15.5,15.0,Mailed Check,No,11
5960,22697,52,Yes,32.56,40,Salary,67724.8,38,Marketing,Male,Divorced,9.0,11.0,Direct Deposit,No,24
697,22702,26,No,76.42,40,Salary,158953.6,479,Healthcare,Male,Married,6.0,22.0,Direct Deposit,No,14
12254,22709,28,Yes,98.89,40,Salary,205691.19999999998,173,Human Resources,Prefer Not to Answer,Divorced,1.0,3.0,Direct Deposit,No,0
127,22710,48,No,55.91,40,Salary,116292.79999999999,87,Healthcare,Prefer Not to Answer,Divorced,4.0,3.0,Mailed Check,No,14
12061,22713,61,Yes,36.53,40,Salary,75982.40000000001,69,Manufacturing,Male,Married,5.0,11.0,Direct Deposit,No,31
4655,22716,64,No,67.78,40,Salary,140982.4,386,Healthcare,Prefer Not to Answer,Divorced,6.0,21.0,Mailed Check,No,22
3938,22717,61,Yes,73.44,40,Salary,152755.19999999998,143,InformationTechnology,Prefer Not to Answer,Married,4.0,10.0,Mailed Check,Yes,35
524,22723,51,Yes,32.98,40,Salary,68598.4,75,Information_Technology,Prefer Not to Answer,Divorced,8.0,23.0,Mailed Check,Yes,8
967,22725,31,No,96.43,40,Salary,200574.40000000002,3,Human_Resources,Prefer Not to Answer,Married,3.0,14.0,Mailed Check,No,7
5376,22727,49,No,66.74,40,Salary,138819.19999999998,467,Manufacturing,Female,Divorced,8.0,9.0,Mailed Check,Yes,4
3726,22729,23,Yes,74.62,40,Salary,155209.6,369,Research,Prefer Not to Answer,Divorced,5.0,17.0,Direct Deposit,No,0
5039,22731,50,Yes,60.75,40,Salary,126360.0,138,Human Resources,Female,Married,7.0,25.0,Mailed Check,Yes,16
791,22733,29,No,38.66,40,Salary,80412.79999999999,302,Sales,Female,Single,8.0,16.0,Mailed Check,No,10
12059,22736,41,Yes,69.63,40,Salary,144830.4,20,Sales,Prefer Not to Answer,Divorced,2.0,8.0,Mailed Check,No,4
12511,22737,38,Yes,78.91,40,Salary,164132.8,15,Manufacturing,Male,Single,3.0,23.0,Direct Deposit,No,2
833,22739,27,No,62.46,40,Salary,129916.8,490,Sales,Male,Divorced,8.0,1.0,Mailed Check,No,2
12294,22742,51,Yes,21.43,40,Salary,44574.4,268,Manufacturing,Male,Married,9.0,3.0,Mailed Check,No,28
816,22743,26,Yes,89.86,40,Salary,186908.80000000002,257,Information Technology,Female,Single,5.0,17.0,Mailed Check,No,0
1717,22746,50,Yes,19.7,40,Salary,40976.0,313,Research,Male,Married,6.0,19.0,Mailed Check,No,21
5943,22756,26,No,32.6,40,Salary,67808.0,398,Human Resources,Prefer Not to Answer,Divorced,1.0,21.0,Mailed Check,No,0
596,22758,38,No,49.15,40,Salary,102232.0,381,HumanResources,Prefer Not to Answer,Married,4.0,8.0,Direct Deposit,No,9
949,22761,44,Yes,70.89,40,Salary,147451.19999999998,435,InformationTechnology,Prefer Not to Answer,Divorced,6.0,16.0,Direct Deposit,No,0
4048,22763,35,No,75.36,40,Salary,156748.80000000002,132,InformationTechnology,Female,Married,1.0,20.0,Direct Deposit,Yes,1
4973,22766,52,No,74.83,40,Salary,155646.4,323,Human_Resources,Prefer Not to Answer,Divorced,7.0,12.0,Mailed Check,No,32
3329,22767,26,No,57.64,40,Salary,119891.2,31,Healthcare,Male,Married,15.5,15.0,Direct Deposit,No,7
540,22774,40,Yes,47.24,40,Salary,98259.20000000001,303,Human_Resources,Male,Single,15.5,25.0,Direct Deposit,No,10
5702,22775,22,Yes,41.34,40,Salary,85987.20000000001,282,HumanResources,Male,Married,1.0,21.0,Direct Deposit,No,17
2091,22781,45,Yes,93.98,40,Salary,195478.40000000002,153,Information_Technology,Prefer Not to Answer,Single,4.0,20.0,Mailed Check,No,14
3291,22782,32,Yes,30.31,40,Salary,63044.799999999996,196,Sales,Prefer Not to Answer,Married,15.5,13.0,Mailed Check,No,0
1151,22784,49,Yes,20.92,40,Salary,43513.600000000006,208,Manufacturing,Prefer Not to Answer,Divorced,4.0,8.0,Direct Deposit,No,20
4339,22785,32,No,30.87,40,Salary,64209.6,340,Laboratory,Prefer Not to Answer,Married,1.0,3.0,Mailed Check,Yes,8
3660,22792,48,Yes,28.44,40,Salary,59155.200000000004,380,HumanResources,Prefer Not to Answer,Divorced,1.0,3.0,Mailed Check,Yes,9
1887,22794,20,No,58.2,40,Salary,121056.0,127,Laboratory,Male,Single,2.0,13.0,Mailed Check,No,0
5072,22795,32,No,85.69,40,Salary,178235.19999999998,144,Marketing,Prefer Not to Answer,Married,2.0,17.0,Mailed Check,Yes,0
5647,22801,40,No,41.03,40,Salary,85342.40000000001,60,Sales,Male,Single,5.0,2.0,Mailed Check,Yes,9
1912,22806,31,No,28.12,40,Salary,58489.6,253,Human_Resources,Male,Single,15.5,8.0,Mailed Check,No,7
404,22809,46,No,90.84,40,Salary,188947.2,214,Manufacturing,Prefer Not to Answer,Divorced,4.0,24.0,Mailed Check,Yes,5
1563,22815,39,Yes,59.28,40,Salary,123302.4,442,Human_Resources,Female,Married,4.0,19.0,Mailed Check,No,10
12706,22819,21,No,65.69,40,Salary,136635.19999999998,462,Healthcare,Prefer Not to Answer,Married,1.0,21.0,Mailed Check,No,0
1149,22820,52,Yes,21.56,40,Salary,44844.799999999996,112,Marketing,Female,Married,9.0,9.0,Mailed Check,No,19
12292,22825,30,Yes,35.68,40,Salary,74214.40000000001,370,Marketing,Prefer Not to Answer,Single,8.0,20.0,Direct Deposit,No,8
3215,22828,28,No,52.53,40,Salary,109262.4,289,Human_Resources,Male,Married,3.0,22.0,Direct Deposit,No,0
1387,22833,36,Yes,64.04,40,Salary,133203.2,81,Healthcare,Male,Divorced,1.0,13.0,Mailed Check,No,6
606,22836,44,No,19.12,40,Salary,39769.600000000006,357,InformationTechnology,Prefer Not to Answer,Single,15.5,2.0,Mailed Check,No,19
2337,22846,28,Yes,61.73,40,Salary,128398.4,52,Research,Male,Married,7.0,24.0,Direct Deposit,No,8
3868,22847,55,No,70.41,40,Salary,146452.8,275,Human Resources,Prefer Not to Answer,Single,8.0,13.0,Direct Deposit,No,16
12687,22866,45,No,75.25,40,Salary,156520.0,171,Manufacturing,Prefer Not to Answer,Single,5.0,25.0,Direct Deposit,No,17
1419,22876,59,Yes,31.14,40,Salary,64771.2,478,Healthcare,Prefer Not to Answer,Divorced,7.0,14.0,Mailed Check,Yes,37
2400,22877,64,Yes,53.53,40,Salary,111342.4,98,HumanResources,Prefer Not to Answer,Single,3.0,20.0,Direct Deposit,Yes,6
3299,22879,45,No,38.56,40,Salary,80204.8,114,Sales,Female,Single,7.0,2.0,Direct Deposit,Yes,20
5903,22884,21,Yes,69.6,40,Salary,144768.0,256,Information_Technology,Female,Divorced,1.0,18.0,Mailed Check,No,6
2156,22889,41,No,36.62,40,Salary,76169.59999999999,171,Research,Male,Divorced,3.0,21.0,Mailed Check,No,6
3557,22891,61,Yes,76.39,40,Salary,158891.19999999998,412,Healthcare,Male,Married,5.0,15.0,Direct Deposit,No,15
5043,22892,27,Yes,85.81,40,Salary,178484.80000000002,314,Manufacturing,Female,Divorced,7.0,8.0,Mailed Check,Yes,0
2142,22901,50,No,35.24,40,Salary,73299.20000000001,499,Marketing,Prefer Not to Answer,Divorced,2.0,1.0,Direct Deposit,Yes,14
2757,22904,35,No,81.98,40,Salary,170518.40000000002,469,Human Resources,Male,Divorced,15.5,12.0,Direct Deposit,Yes,17
12644,22907,41,Yes,47.55,40,Salary,98904.0,126,Human_Resources,Female,Single,5.0,11.0,Mailed Check,No,9
3851,22909,31,Yes,27.9,40,Salary,58032.0,158,Information_Technology,Female,Divorced,3.0,5.0,Mailed Check,No,10
5250,22911,20,No,58.56,40,Salary,121804.8,443,Marketing,Male,Married,6.0,21.0,Direct Deposit,No,0
3874,22915,23,Yes,78.68,40,Salary,163654.40000000002,375,Marketing,Female,Married,4.0,11.0,Direct Deposit,No,2
3618,22916,44,Yes,93.95,40,Salary,195416.0,249,Research,Female,Single,15.5,11.0,Mailed Check,No,25
2780,22920,26,Yes,43.43,40,Salary,90334.40000000001,87,Human Resources,Female,Single,2.0,19.0,Direct Deposit,No,0
3517,22921,62,Yes,19.29,40,Salary,40123.2,443,InformationTechnology,Prefer Not to Answer,Married,5.0,25.0,Direct Deposit,No,37
597,22929,65,No,51.22,40,Salary,106537.6,112,Sales,Female,Married,7.0,21.0,Direct Deposit,No,16
3795,22933,26,Yes,76.27,40,Salary,158641.59999999998,172,Research,Male,Single,9.0,8.0,Mailed Check,Yes,0
2224,22934,41,Yes,26.79,40,Salary,55723.2,202,Manufacturing,Prefer Not to Answer,Divorced,2.0,6.0,Mailed Check,Yes,1
5210,22936,60,No,17.72,40,Salary,36857.6,202,Manufacturing,Male,Single,3.0,7.0,Direct Deposit,No,30
1215,22937,63,No,71.11,40,Salary,147908.80000000002,362,Sales,Prefer Not to Answer,Divorced,9.0,24.0,Mailed Check,No,29
2159,22943,51,No,35.33,40,Salary,73486.4,226,Sales,Prefer Not to Answer,Married,6.0,19.0,Direct Deposit,No,10
12718,22946,57,Yes,84.89,40,Salary,176571.19999999998,137,Research,Female,Divorced,8.0,20.0,Direct Deposit,No,3
4148,22950,50,Yes,57.99,40,Salary,120619.2,101,Research,Female,Single,15.5,11.0,Direct Deposit,Yes,28
3454,22954,57,No,46.34,40,Salary,96387.20000000001,252,Manufacturing,Male,Married,9.0,1.0,Direct Deposit,No,18
5652,22956,45,Yes,89.94,40,Salary,187075.19999999998,378,Human Resources,Prefer Not to Answer,Married,3.0,18.0,Mailed Check,No,8
5748,22957,39,No,94.7,40,Salary,196976.0,381,Manufacturing,Prefer Not to Answer,Divorced,3.0,4.0,Mailed Check,No,13
2267,22960,24,No,84.93,40,Salary,176654.40000000002,145,Marketing,Prefer Not to Answer,Single,15.5,8.0,Mailed Check,No,0
3615,22961,64,Yes,62.34,40,Salary,129667.20000000001,162,HumanResources,Prefer Not to Answer,Single,4.0,14.0,Mailed Check,Yes,15
2643,22963,37,No,32.72,40,Salary,68057.59999999999,203,Information_Technology,Male,Divorced,1.0,25.0,Mailed Check,Yes,0
2167,22964,30,No,26.7,40,Salary,55536.0,178,Information_Technology,Prefer Not to Answer,Married,4.0,22.0,Direct Deposit,No,11
18,22966,44,Yes,43.34,40,Salary,90147.20000000001,205,InformationTechnology,Female,Married,8.0,6.0,Direct Deposit,No,2
439,22968,36,No,95.94,40,Salary,199555.19999999998,226,Human Resources,Prefer Not to Answer,Divorced,8.0,12.0,Mailed Check,No,1
2483,22974,62,No,27.25,40,Salary,56680.0,315,Research,Male,Divorced,2.0,7.0,Mailed Check,Yes,5
990,22994,22,No,97.27,40,Salary,202321.59999999998,266,Healthcare,Prefer Not to Answer,Divorced,5.0,8.0,Direct Deposit,No,0
3748,22996,63,No,35.44,40,Salary,73715.2,128,Marketing,Male,Single,5.0,16.0,Direct Deposit,No,35
12799,22997,35,No,81.15,40,Salary,168792.0,377,Marketing,Prefer Not to Answer,Married,4.0,6.0,Mailed Check,No,7
4650,22998,56,Yes,94.17,40,Salary,195873.6,469,Information_Technology,Female,Single,15.5,8.0,Mailed Check,No,24
5942,23000,25,No,93.63,40,Salary,194750.4,92,Manufacturing,Prefer Not to Answer,Single,1.0,15.0,Mailed Check,No,12
12242,23006,64,No,57.21,40,Salary,118996.8,487,Healthcare,Male,Divorced,5.0,3.0,Mailed Check,No,7
1746,23016,59,Yes,33.26,40,Salary,69180.79999999999,145,Sales,Prefer Not to Answer,Divorced,7.0,25.0,Mailed Check,Yes,37
5032,23018,18,No,28.77,40,Salary,59841.6,251,HumanResources,Prefer Not to Answer,Divorced,6.0,13.0,Direct Deposit,No,0
4955,23019,44,No,36.87,40,Salary,76689.59999999999,279,Research,Prefer Not to Answer,Single,3.0,22.0,Mailed Check,No,1
2717,23028,39,Yes,36.89,40,Salary,76731.2,222,Sales,Female,Divorced,5.0,22.0,Direct Deposit,No,0
3634,23032,27,Yes,73.04,40,Salary,151923.2,172,Sales,Male,Divorced,15.5,39.5,Direct Deposit,No,0
28,23039,52,Yes,86.18,40,Salary,179254.40000000002,40,Human Resources,Male,Married,1.0,10.0,Mailed Check,Yes,14
5399,23040,63,Yes,93.59,40,Salary,194667.2,282,Healthcare,Male,Married,5.0,25.0,Direct Deposit,No,32
12418,23041,43,No,80.06,40,Salary,166524.80000000002,472,Human_Resources,Female,Divorced,5.0,9.0,Mailed Check,No,2
5761,23044,54,No,85.18,40,Salary,177174.40000000002,288,HumanResources,Male,Married,6.0,4.0,Mailed Check,No,10
5586,23046,24,No,66.89,40,Salary,139131.19999999998,348,InformationTechnology,Prefer Not to Answer,Single,1.0,7.0,Direct Deposit,Yes,0
12654,23048,35,No,21.93,40,Salary,45614.4,57,Manufacturing,Prefer Not to Answer,Single,9.0,22.0,Direct Deposit,No,17
4916,23050,32,No,98.17,40,Salary,204193.6,428,InformationTechnology,Male,Divorced,6.0,17.0,Direct Deposit,Yes,0
445,23051,64,Yes,55.44,40,Salary,115315.2,432,Research,Prefer Not to Answer,Divorced,15.5,22.0,Direct Deposit,Yes,20
1586,23053,29,No,95.91,40,Salary,199492.8,28,Human_Resources,Male,Married,6.0,10.0,Direct Deposit,Yes,4
273,23055,55,No,95.15,40,Salary,197912.0,63,Human_Resources,Female,Divorced,5.0,23.0,Direct Deposit,No,21
798,23060,30,Yes,63.46,40,Salary,131996.80000000002,329,InformationTechnology,Female,Single,7.0,14.0,Direct Deposit,Yes,11
2743,23065,52,No,65.45,40,Salary,136136.0,206,HumanResources,Prefer Not to Answer,Divorced,7.0,15.0,Mailed Check,Yes,6
1340,23067,34,No,67.34,40,Salary,140067.2,419,InformationTechnology,Female,Married,2.0,14.0,Direct Deposit,No,6
3771,23074,61,No,47.24,40,Salary,98259.20000000001,489,Information_Technology,Male,Single,8.0,16.0,Direct Deposit,Yes,33
5726,23075,22,No,78.35,40,Salary,162968.0,186,Research,Female,Married,8.0,13.0,Mailed Check,Yes,10
1729,23076,61,No,66.11,40,Salary,137508.80000000002,354,Manufacturing,Prefer Not to Answer,Single,15.5,11.0,Direct Deposit,No,6
5926,23080,59,Yes,18.92,40,Salary,39353.600000000006,16,Healthcare,Prefer Not to Answer,Single,4.0,25.0,Mailed Check,No,20
5012,23081,35,Yes,97.79,40,Salary,203403.2,295,Information_Technology,Male,Single,15.5,6.0,Mailed Check,No,11
3677,23083,57,Yes,26.84,40,Salary,55827.2,262,Human Resources,Male,Married,15.5,39.5,Mailed Check,Yes,17
3821,23084,57,Yes,19.62,40,Salary,40809.600000000006,24,Information_Technology,Female,Married,15.5,10.0,Direct Deposit,No,18
2111,23094,52,No,63.15,40,Salary,131352.0,205,HumanResources,Female,Married,3.0,7.0,Direct Deposit,Yes,25
5067,23095,56,No,70.17,40,Salary,145953.6,402,Human_Resources,Prefer Not to Answer,Divorced,9.0,10.0,Mailed Check,Yes,16
1662,23098,43,Yes,20.53,40,Salary,42702.4,433,Marketing,Male,Single,5.0,12.0,Direct Deposit,No,20
1266,23105,27,No,79.88,40,Salary,166150.4,41,Research,Male,Married,9.0,39.5,Direct Deposit,No,2
5201,23106,56,Yes,68.04,40,Salary,141523.2,488,Marketing,Male,Single,4.0,24.0,Direct Deposit,Yes,14
12618,23116,34,Yes,27.64,40,Salary,57491.2,478,Laboratory,Female,Single,1.0,5.0,Direct Deposit,Yes,4
1036,23118,20,No,29.34,40,Salary,61027.2,478,Sales,Female,Single,8.0,19.0,Direct Deposit,Yes,0
4983,23123,57,Yes,83.97,40,Salary,174657.6,280,Sales,Prefer Not to Answer,Divorced,6.0,21.0,Direct Deposit,No,2
13130,23124,42,Yes,50.54,40,Salary,105123.2,494,Research,Male,Divorced,6.0,13.0,Mailed Check,No,21
835,23126,27,No,98.88,40,Salary,205670.4,17,Information Technology,Male,Divorced,9.0,6.0,Direct Deposit,No,8
3082,23128,56,No,80.48,40,Salary,167398.40000000002,173,Human Resources,Male,Single,15.5,3.0,Direct Deposit,Yes,24
3849,23130,40,Yes,67.65,40,Salary,140712.0,148,InformationTechnology,Prefer Not to Answer,Single,5.0,21.0,Direct Deposit,No,2
3379,23133,59,Yes,50.74,40,Salary,105539.20000000001,160,Human_Resources,Male,Divorced,4.0,22.0,Mailed Check,No,23
3738,23143,33,Yes,94.42,40,Salary,196393.6,483,Laboratory,Male,Single,7.0,9.0,Mailed Check,No,0
3048,23145,27,No,44.3,40,Salary,92144.0,234,Information_Technology,Prefer Not to Answer,Single,5.0,11.0,Mailed Check,No,0
1641,23147,33,No,36.57,40,Salary,76065.59999999999,352,Information Technology,Male,Single,1.0,7.0,Direct Deposit,No,0
956,23148,57,No,56.78,40,Salary,118102.4,10,InformationTechnology,Male,Single,6.0,2.0,Direct Deposit,Yes,2
60,23149,46,No,80.07,40,Salary,166545.59999999998,99,Marketing,Female,Single,1.0,19.0,Direct Deposit,No,0
2433,23152,37,Yes,68.62,40,Salary,142729.6,427,Research,Prefer Not to Answer,Single,6.0,9.0,Mailed Check,No,6
2619,23153,45,No,64.27,40,Salary,133681.59999999998,295,Information_Technology,Male,Single,3.0,16.0,Mailed Check,No,3
2919,23154,20,Yes,51.33,40,Salary,106766.4,200,Human_Resources,Prefer Not to Answer,Married,4.0,18.0,Direct Deposit,No,0
1899,23155,65,No,98.61,40,Salary,205108.80000000002,38,Human Resources,Prefer Not to Answer,Married,15.5,12.0,Mailed Check,No,28
609,23157,18,No,63.24,40,Salary,131539.19999999998,375,Human Resources,Female,Single,6.0,2.0,Mailed Check,No,0
12494,23158,64,No,35.33,40,Salary,73486.4,171,Sales,Prefer Not to Answer,Married,2.0,19.0,Mailed Check,No,27
842,23160,20,No,21.47,40,Salary,44657.6,211,Research,Prefer Not to Answer,Divorced,3.0,12.0,Mailed Check,No,0
2468,23162,58,Yes,25.05,40,Salary,52104.0,209,Marketing,Male,Married,15.5,5.0,Mailed Check,No,12
4912,23167,65,Yes,80.52,40,Salary,167481.59999999998,64,InformationTechnology,Female,Single,2.0,2.0,Mailed Check,No,21
4269,23168,19,Yes,49.86,40,Salary,103708.8,436,Laboratory,Male,Married,7.0,12.0,Mailed Check,Yes,0
3810,23173,51,Yes,80.62,40,Salary,167689.6,283,Healthcare,Prefer Not to Answer,Divorced,4.0,24.0,Direct Deposit,No,12
3133,23175,20,Yes,57.65,40,Salary,119912.0,225,Information_Technology,Female,Married,6.0,9.0,Mailed Check,No,17
12536,23178,34,Yes,35.26,40,Salary,73340.79999999999,262,Marketing,Male,Single,7.0,2.0,Mailed Check,No,0
1593,23179,56,Yes,67.84,40,Salary,141107.2,295,HumanResources,Male,Married,2.0,10.0,Direct Deposit,Yes,23
2279,23185,55,Yes,36.89,40,Salary,76731.2,379,Laboratory,Female,Married,9.0,1.0,Direct Deposit,No,34
149,23191,47,Yes,25.65,40,Salary,53352.0,77,Human_Resources,Prefer Not to Answer,Married,8.0,5.0,Direct Deposit,Yes,3
3227,23194,45,No,18.71,40,Salary,38916.8,419,HumanResources,Prefer Not to Answer,Divorced,3.0,4.0,Mailed Check,No,6
5486,23197,55,Yes,94.41,40,Salary,196372.8,131,InformationTechnology,Male,Married,2.0,24.0,Mailed Check,Yes,9
5701,23200,60,Yes,84.31,40,Salary,175364.80000000002,301,Sales,Prefer Not to Answer,Divorced,4.0,21.0,Direct Deposit,No,37
3625,23202,65,No,37.02,40,Salary,77001.6,163,Sales,Male,Married,7.0,2.0,Mailed Check,No,37
12388,23216,23,Yes,27.41,40,Salary,57012.8,173,Information Technology,Female,Divorced,8.0,20.0,Mailed Check,Yes,17
1585,23219,34,No,49.36,40,Salary,102668.8,12,Information Technology,Male,Single,2.0,25.0,Mailed Check,Yes,4
403,23222,31,No,47.38,40,Salary,98550.40000000001,464,Information Technology,Prefer Not to Answer,Divorced,4.0,18.0,Direct Deposit,No,11
2779,23237,49,Yes,84.09,40,Salary,174907.2,66,Sales,Male,Single,2.0,15.0,Mailed Check,No,17
13102,23238,33,Yes,94.48,40,Salary,196518.40000000002,202,HumanResources,Female,Single,4.0,39.5,Direct Deposit,Yes,0
5370,23240,52,No,73.23,40,Salary,152318.40000000002,321,Sales,Female,Divorced,6.0,23.0,Mailed Check,No,8
3655,23245,25,No,54.82,40,Salary,114025.6,204,Healthcare,Male,Divorced,8.0,23.0,Direct Deposit,No,3
2791,23247,35,Yes,18.43,40,Salary,38334.4,82,Human_Resources,Female,Single,4.0,3.0,Direct Deposit,No,0
12009,23256,37,No,47.58,40,Salary,98966.4,455,Marketing,Male,Married,7.0,6.0,Direct Deposit,Yes,9
4660,23258,36,No,24.89,40,Salary,51771.200000000004,219,Healthcare,Male,Divorced,7.0,25.0,Mailed Check,No,4
248,23264,63,No,42.91,40,Salary,89252.79999999999,455,Marketing,Prefer Not to Answer,Married,5.0,9.0,Direct Deposit,No,17
12000,23268,40,Yes,75.2,40,Salary,156416.0,197,Manufacturing,Male,Married,9.0,4.0,Mailed Check,Yes,16
1825,23270,61,No,35.86,40,Salary,74588.8,173,InformationTechnology,Female,Single,7.0,12.0,Direct Deposit,Yes,11
12557,23273,55,No,28.45,40,Salary,59176.0,404,Laboratory,Prefer Not to Answer,Single,6.0,12.0,Mailed Check,No,20
3258,23279,26,Yes,37.66,40,Salary,78332.79999999999,338,Information Technology,Female,Married,7.0,24.0,Direct Deposit,No,1
2971,23282,53,No,65.87,40,Salary,137009.6,393,Human Resources,Prefer Not to Answer,Married,7.0,25.0,Mailed Check,Yes,20
5293,23283,31,No,38.71,40,Salary,80516.8,28,InformationTechnology,Female,Divorced,8.0,9.0,Direct Deposit,Yes,8
5002,23284,42,No,31.16,40,Salary,64812.8,106,Information Technology,Male,Divorced,6.0,20.0,Mailed Check,No,9
5873,23285,32,No,22.56,40,Salary,46924.799999999996,368,Sales,Male,Divorced,5.0,21.0,Direct Deposit,No,9
1372,23286,63,No,21.77,40,Salary,45281.6,470,Research,Female,Single,8.0,24.0,Mailed Check,No,16
1560,23290,30,No,50.25,40,Salary,104520.0,9,Human Resources,Female,Married,7.0,9.0,Direct Deposit,No,0
12453,23296,24,No,24.88,40,Salary,51750.399999999994,48,Information Technology,Female,Married,5.0,2.0,Mailed Check,Yes,0
12457,23298,29,No,78.58,40,Salary,163446.4,313,Manufacturing,Female,Single,9.0,16.0,Mailed Check,No,15
3030,23299,53,Yes,19.24,40,Salary,40019.2,282,InformationTechnology,Prefer Not to Answer,Married,6.0,19.0,Direct Deposit,Yes,10
5078,23307,57,Yes,99.89,40,Salary,207771.19999999998,466,Human_Resources,Male,Single,4.0,21.0,Mailed Check,Yes,13
5902,23311,54,No,97.58,40,Salary,202966.4,354,Laboratory,Male,Single,2.0,9.0,Direct Deposit,No,10
5257,23316,39,Yes,85.19,40,Salary,177195.19999999998,363,Healthcare,Prefer Not to Answer,Single,2.0,23.0,Mailed Check,No,0
2541,23320,60,Yes,90.58,40,Salary,188406.4,288,Laboratory,Prefer Not to Answer,Married,9.0,24.0,Direct Deposit,No,27
12629,23321,43,Yes,89.62,40,Salary,186409.6,86,Research,Male,Single,8.0,21.0,Direct Deposit,Yes,12
12083,23322,45,Yes,38.02,40,Salary,79081.6,312,Laboratory,Female,Divorced,6.0,20.0,Mailed Check,Yes,23
4624,23330,24,Yes,70.54,40,Salary,146723.2,233,Information_Technology,Female,Single,3.0,21.0,Direct Deposit,No,0
2638,23331,58,Yes,85.59,40,Salary,178027.2,304,Marketing,Prefer Not to Answer,Single,4.0,3.0,Mailed Check,No,20
3834,23334,44,Yes,70.72,40,Salary,147097.6,147,Information_Technology,Prefer Not to Answer,Married,15.5,15.0,Mailed Check,No,0
344,23337,36,Yes,52.18,40,Salary,108534.4,115,Sales,Prefer Not to Answer,Single,9.0,25.0,Direct Deposit,Yes,3
1600,23342,29,Yes,37.42,40,Salary,77833.6,441,HumanResources,Female,Married,1.0,13.0,Mailed Check,No,17
12133,23348,40,No,45.78,40,Salary,95222.40000000001,312,InformationTechnology,Female,Single,4.0,9.0,Mailed Check,No,0
287,23352,52,Yes,36.75,40,Salary,76440.0,365,Human Resources,Female,Married,1.0,22.0,Mailed Check,No,16
5154,23355,43,No,98.8,40,Salary,205504.0,359,Human Resources,Female,Single,6.0,20.0,Mailed Check,Yes,0
4065,23357,53,No,97.02,40,Salary,201801.59999999998,383,Human Resources,Female,Single,4.0,18.0,Direct Deposit,Yes,28
3092,23359,42,No,53.81,40,Salary,111924.8,117,Sales,Female,Single,8.0,12.0,Direct Deposit,No,1
4286,23363,20,No,17.69,40,Salary,36795.200000000004,225,Healthcare,Prefer Not to Answer,Single,15.5,12.0,Direct Deposit,Yes,10
3250,23364,24,Yes,78.97,40,Salary,164257.6,468,HumanResources,Female,Married,5.0,15.0,Direct Deposit,Yes,0
838,23365,39,Yes,24.09,40,Salary,50107.200000000004,472,Sales,Male,Single,2.0,18.0,Mailed Check,No,4
4733,23366,23,Yes,54.99,40,Salary,114379.2,476,Human Resources,Male,Married,7.0,7.0,Mailed Check,Yes,5
666,23367,33,No,71.46,40,Salary,148636.8,94,Information_Technology,Prefer Not to Answer,Married,8.0,11.0,Mailed Check,No,15
4795,23370,59,Yes,39.05,40,Salary,81224.0,111,Information_Technology,Prefer Not to Answer,Single,7.0,11.0,Mailed Check,No,6
533,23371,28,No,48.55,40,Salary,100984.0,156,Marketing,Prefer Not to Answer,Married,15.5,20.0,Mailed Check,No,8
2882,23373,27,No,19.7,40,Salary,40976.0,111,Research,Prefer Not to Answer,Divorced,4.0,5.0,Direct Deposit,No,0
2185,23375,38,Yes,24.09,40,Salary,50107.200000000004,0,Human Resources,Prefer Not to Answer,Single,5.0,6.0,Direct Deposit,No,17
12603,23376,37,No,97.64,40,Salary,203091.19999999998,346,Information Technology,Prefer Not to Answer,Divorced,7.0,22.0,Mailed Check,Yes,0
2769,23377,45,No,54.04,40,Salary,112403.2,453,Human_Resources,Prefer Not to Answer,Single,4.0,14.0,Mailed Check,Yes,12
2787,23386,34,No,72.03,40,Salary,149822.4,464,Research,Female,Single,3.0,1.0,Direct Deposit,No,8
5490,23393,53,Yes,55.13,40,Salary,114670.40000000001,428,InformationTechnology,Prefer Not to Answer,Married,3.0,9.0,Direct Deposit,No,14
1017,23401,42,No,47.36,40,Salary,98508.8,29,Sales,Male,Single,8.0,25.0,Mailed Check,No,9
2790,23412,31,No,30.64,40,Salary,63731.2,133,Laboratory,Male,Married,7.0,24.0,Mailed Check,Yes,9
4470,23413,54,Yes,95.97,40,Salary,199617.6,391,Information Technology,Prefer Not to Answer,Single,15.5,13.0,Mailed Check,Yes,26
1644,23418,38,Yes,43.98,40,Salary,91478.4,352,Information Technology,Male,Married,7.0,5.0,Mailed Check,Yes,6
3300,23424,39,Yes,41.24,40,Salary,85779.20000000001,19,Human Resources,Female,Divorced,5.0,3.0,Mailed Check,No,10
2373,23425,21,Yes,80.18,40,Salary,166774.40000000002,172,Sales,Male,Single,4.0,20.0,Mailed Check,No,4
3410,23429,51,Yes,18.56,40,Salary,38604.799999999996,85,Sales,Male,Single,6.0,24.0,Mailed Check,No,27
12732,23433,54,Yes,28.38,40,Salary,59030.4,414,Human Resources,Prefer Not to Answer,Divorced,8.0,22.0,Direct Deposit,Yes,23
3715,23434,23,No,52.52,40,Salary,109241.6,438,Marketing,Female,Single,6.0,4.0,Mailed Check,No,0
893,23439,47,Yes,36.63,40,Salary,76190.40000000001,467,Marketing,Prefer Not to Answer,Married,3.0,4.0,Mailed Check,No,21
2311,23444,64,Yes,92.46,40,Salary,192316.8,302,Information Technology,Prefer Not to Answer,Married,8.0,1.0,Direct Deposit,Yes,10
4697,23454,20,No,83.75,40,Salary,174200.0,25,Human_Resources,Male,Single,4.0,22.0,Mailed Check,No,0
3256,23456,53,No,20.69,40,Salary,43035.200000000004,355,Information_Technology,Prefer Not to Answer,Single,15.5,14.0,Direct Deposit,Yes,24
1056,23459,28,Yes,20.88,40,Salary,43430.399999999994,495,Marketing,Male,Married,8.0,17.0,Direct Deposit,No,6
4950,23460,63,Yes,61.26,40,Salary,127420.8,53,Research,Female,Married,1.0,15.0,Mailed Check,Yes,11
4275,23461,53,No,56.63,40,Salary,117790.40000000001,171,HumanResources,Male,Divorced,6.0,24.0,Mailed Check,No,12
5298,23465,56,Yes,88.04,40,Salary,183123.2,359,Manufacturing,Female,Divorced,5.0,3.0,Mailed Check,No,9
839,23467,26,Yes,77.82,40,Salary,161865.59999999998,187,InformationTechnology,Prefer Not to Answer,Divorced,6.0,4.0,Direct Deposit,No,0
74,23473,22,No,74.74,40,Salary,155459.19999999998,493,Healthcare,Male,Divorced,3.0,16.0,Direct Deposit,No,16
1902,23475,62,No,82.39,40,Salary,171371.19999999998,49,Healthcare,Female,Divorced,5.0,5.0,Direct Deposit,Yes,23
1180,23479,58,No,52.63,40,Salary,109470.40000000001,367,Manufacturing,Female,Married,9.0,14.0,Mailed Check,No,15
5333,23483,27,No,43.64,40,Salary,90771.2,148,Sales,Prefer Not to Answer,Divorced,3.0,6.0,Mailed Check,No,0
3446,23486,64,No,83.19,40,Salary,173035.19999999998,120,Information Technology,Prefer Not to Answer,Divorced,1.0,12.0,Direct Deposit,Yes,14
3643,23489,47,Yes,91.39,40,Salary,190091.19999999998,43,Human_Resources,Prefer Not to Answer,Divorced,6.0,5.0,Direct Deposit,Yes,10
5546,23491,56,No,88.94,40,Salary,184995.19999999998,49,Laboratory,Male,Divorced,6.0,22.0,Direct Deposit,No,30
5559,23493,57,Yes,59.23,40,Salary,123198.4,194,InformationTechnology,Prefer Not to Answer,Single,1.0,24.0,Mailed Check,No,15
1607,23499,60,No,17.65,40,Salary,36712.0,149,Healthcare,Female,Married,6.0,22.0,Direct Deposit,No,5
690,23504,53,Yes,43.0,40,Salary,89440.0,156,Human Resources,Female,Married,6.0,23.0,Direct Deposit,No,6
638,23507,32,Yes,67.35,40,Salary,140088.0,147,Research,Prefer Not to Answer,Single,15.5,1.0,Mailed Check,Yes,14
4037,23522,31,Yes,19.25,40,Salary,40040.0,497,Manufacturing,Male,Single,15.5,1.0,Direct Deposit,Yes,1
2212,23526,46,Yes,44.15,40,Salary,91832.0,494,Healthcare,Prefer Not to Answer,Married,3.0,6.0,Mailed Check,Yes,15
4165,23527,27,No,53.18,40,Salary,110614.4,7,Human_Resources,Prefer Not to Answer,Single,6.0,3.0,Direct Deposit,Yes,13
5429,23530,52,Yes,44.28,40,Salary,92102.40000000001,409,Human_Resources,Male,Married,4.0,11.0,Mailed Check,No,20
2524,23536,28,Yes,77.1,40,Salary,160368.0,374,HumanResources,Female,Divorced,9.0,5.0,Direct Deposit,No,7
3695,23538,59,No,49.02,40,Salary,101961.6,405,Healthcare,Prefer Not to Answer,Divorced,4.0,8.0,Mailed Check,No,37
1614,23540,19,Yes,40.44,40,Salary,84115.2,34,Sales,Prefer Not to Answer,Married,15.5,15.0,Direct Deposit,No,13
565,23554,28,Yes,97.8,40,Salary,203424.0,86,Human Resources,Male,Married,15.5,39.5,Mailed Check,Yes,15
1236,23556,37,No,32.95,40,Salary,68536.0,193,Research,Male,Married,3.0,12.0,Mailed Check,No,8
2903,23559,34,Yes,53.79,40,Salary,111883.2,120,Information Technology,Female,Married,8.0,13.0,Mailed Check,Yes,0
12531,23560,27,Yes,58.72,40,Salary,122137.6,278,Laboratory,Male,Single,1.0,20.0,Mailed Check,No,0
2646,23569,56,Yes,96.99,40,Salary,201739.19999999998,357,Healthcare,Female,Single,3.0,19.0,Mailed Check,No,17
4458,23571,59,No,75.76,40,Salary,157580.80000000002,259,Human Resources,Prefer Not to Answer,Divorced,15.5,14.0,Mailed Check,Yes,3
2379,23572,23,Yes,65.44,40,Salary,136115.19999999998,277,Sales,Prefer Not to Answer,Divorced,7.0,15.0,Mailed Check,Yes,0
2434,23582,52,Yes,79.17,40,Salary,164673.6,41,Human Resources,Male,Single,5.0,12.0,Mailed Check,No,23
5567,23586,26,No,23.79,40,Salary,49483.2,242,InformationTechnology,Male,Married,8.0,11.0,Mailed Check,Yes,4
2045,23589,22,No,50.55,40,Salary,105144.0,207,InformationTechnology,Male,Single,8.0,6.0,Mailed Check,No,0
352,23592,40,Yes,98.65,40,Salary,205192.0,131,Marketing,Female,Divorced,2.0,13.0,Direct Deposit,No,5
568,23596,22,No,93.6,40,Salary,194688.0,313,Manufacturing,Prefer Not to Answer,Single,3.0,5.0,Direct Deposit,No,0
293,23597,50,Yes,39.31,40,Salary,81764.8,15,HumanResources,Male,Single,5.0,8.0,Mailed Check,Yes,24
755,23602,43,Yes,99.89,40,Salary,207771.19999999998,173,HumanResources,Prefer Not to Answer,Single,9.0,12.0,Mailed Check,No,17
1411,23605,62,Yes,54.51,40,Salary,113380.8,322,Human Resources,Male,Divorced,2.0,2.0,Mailed Check,Yes,4
1884,23608,63,No,76.44,40,Salary,158995.19999999998,28,Information Technology,Prefer Not to Answer,Divorced,4.0,5.0,Mailed Check,No,13
4146,23613,53,No,63.62,40,Salary,132329.59999999998,307,Information Technology,Female,Single,9.0,4.0,Direct Deposit,No,25
12280,23614,55,Yes,17.56,40,Salary,36524.799999999996,292,Research,Female,Divorced,2.0,13.0,Mailed Check,No,21
158,23622,35,No,52.44,40,Salary,109075.2,43,Information Technology,Female,Divorced,4.0,7.0,Mailed Check,No,0
198,23623,39,No,23.42,40,Salary,48713.600000000006,36,Human_Resources,Prefer Not to Answer,Single,9.0,39.5,Direct Deposit,No,7
5793,23627,36,No,30.6,40,Salary,63648.0,154,Human Resources,Prefer Not to Answer,Single,4.0,17.0,Direct Deposit,No,0
118,23628,18,No,57.8,40,Salary,120224.0,358,Marketing,Prefer Not to Answer,Single,3.0,4.0,Direct Deposit,No,3
4103,23629,61,Yes,90.58,40,Salary,188406.4,62,Human Resources,Female,Single,1.0,3.0,Mailed Check,Yes,21
2342,23631,25,No,81.95,40,Salary,170456.0,75,Information Technology,Prefer Not to Answer,Married,6.0,39.5,Mailed Check,No,7
5798,23632,36,No,84.91,40,Salary,176612.8,364,Marketing,Female,Single,4.0,20.0,Mailed Check,No,0
5481,23633,49,No,84.91,40,Salary,176612.8,284,Healthcare,Prefer Not to Answer,Married,3.0,14.0,Mailed Check,Yes,15
4374,23637,61,Yes,35.64,40,Salary,74131.2,375,Human_Resources,Male,Divorced,7.0,12.0,Mailed Check,No,14
3577,23643,59,Yes,67.93,40,Salary,141294.40000000002,468,Sales,Female,Divorced,1.0,15.0,Mailed Check,No,13
3520,23645,59,Yes,19.87,40,Salary,41329.600000000006,30,Human Resources,Male,Married,9.0,39.5,Mailed Check,No,10
12381,23646,61,No,51.7,40,Salary,107536.0,281,Sales,Female,Single,7.0,14.0,Mailed Check,No,36
142,23648,56,Yes,71.56,40,Salary,148844.80000000002,28,HumanResources,Female,Divorced,2.0,1.0,Direct Deposit,Yes,26
4411,23649,36,No,47.38,40,Salary,98550.40000000001,317,Marketing,Prefer Not to Answer,Married,1.0,17.0,Mailed Check,No,4
3426,23655,18,Yes,80.01,40,Salary,166420.80000000002,305,HumanResources,Female,Divorced,7.0,2.0,Mailed Check,No,2
12353,23658,31,Yes,65.49,40,Salary,136219.19999999998,230,Information Technology,Female,Married,6.0,24.0,Direct Deposit,Yes,14
2165,23659,28,No,36.21,40,Salary,75316.8,279,Research,Male,Single,7.0,14.0,Mailed Check,No,3
2145,23662,64,No,52.44,40,Salary,109075.2,82,Sales,Male,Married,4.0,25.0,Mailed Check,Yes,37
3087,23675,22,No,53.34,40,Salary,110947.20000000001,22,Healthcare,Female,Married,2.0,18.0,Mailed Check,Yes,3
4323,23678,43,No,25.34,40,Salary,52707.200000000004,449,InformationTechnology,Prefer Not to Answer,Single,15.5,14.0,Mailed Check,No,11
2625,23684,64,Yes,18.21,40,Salary,37876.8,173,Laboratory,Male,Single,7.0,14.0,Mailed Check,No,4
5268,23689,52,No,73.78,40,Salary,153462.4,262,Healthcare,Female,Divorced,15.5,7.0,Direct Deposit,No,8
3223,23691,26,No,22.19,40,Salary,46155.200000000004,74,Sales,Female,Single,1.0,5.0,Mailed Check,No,0
359,23693,52,Yes,63.78,40,Salary,132662.4,363,Sales,Male,Single,7.0,14.0,Direct Deposit,No,8
4319,23698,47,No,73.84,40,Salary,153587.2,19,Manufacturing,Prefer Not to Answer,Married,1.0,12.0,Mailed Check,Yes,11
5897,23705,46,No,99.63,40,Salary,207230.4,49,Healthcare,Male,Divorced,3.0,2.0,Mailed Check,No,22
3200,23709,40,Yes,53.5,40,Salary,111280.0,172,Information Technology,Female,Divorced,3.0,17.0,Mailed Check,Yes,22
1322,23712,25,No,83.05,40,Salary,172744.0,291,Healthcare,Female,Married,6.0,18.0,Mailed Check,No,0
525,23719,29,No,42.21,40,Salary,87796.8,143,Information_Technology,Female,Single,3.0,12.0,Mailed Check,No,10
401,23722,55,No,58.42,40,Salary,121513.6,354,Information_Technology,Male,Divorced,2.0,4.0,Direct Deposit,No,29
2127,23723,38,No,37.79,40,Salary,78603.2,413,Research,Male,Married,1.0,12.0,Mailed Check,No,15
2763,23724,45,Yes,40.43,40,Salary,84094.40000000001,61,Human Resources,Female,Single,8.0,5.0,Direct Deposit,Yes,4
1344,23733,26,No,83.57,40,Salary,173825.59999999998,95,Sales,Female,Single,6.0,24.0,Mailed Check,Yes,15
4057,23736,38,No,38.41,40,Salary,79892.79999999999,322,InformationTechnology,Male,Married,5.0,5.0,Mailed Check,No,13
247,23737,36,Yes,98.58,40,Salary,205046.4,298,Manufacturing,Female,Divorced,15.5,9.0,Mailed Check,No,13
3538,23746,34,Yes,30.79,40,Salary,64043.2,346,Laboratory,Female,Divorced,7.0,22.0,Direct Deposit,Yes,10
3671,23760,54,Yes,57.1,40,Salary,118768.0,485,HumanResources,Male,Married,8.0,16.0,Mailed Check,No,10
1773,23762,59,No,60.99,40,Salary,126859.2,139,InformationTechnology,Prefer Not to Answer,Divorced,1.0,12.0,Mailed Check,No,20
3985,23764,47,Yes,59.57,40,Salary,123905.6,145,Information_Technology,Male,Divorced,1.0,3.0,Direct Deposit,No,10
4763,23771,64,Yes,82.39,40,Salary,171371.19999999998,221,Healthcare,Female,Divorced,2.0,20.0,Mailed Check,No,37
12375,23772,32,Yes,51.65,40,Salary,107432.0,452,Marketing,Female,Married,5.0,14.0,Mailed Check,No,10
5302,23775,20,No,37.21,40,Salary,77396.8,339,Laboratory,Prefer Not to Answer,Divorced,3.0,3.0,Direct Deposit,No,0
1623,23776,20,No,99.18,40,Salary,206294.40000000002,32,Human_Resources,Female,Married,15.5,13.0,Direct Deposit,Yes,0
3673,23777,45,No,55.94,40,Salary,116355.2,307,Information_Technology,Prefer Not to Answer,Single,6.0,14.0,Mailed Check,No,10
3320,23780,46,Yes,77.87,40,Salary,161969.6,349,InformationTechnology,Male,Married,4.0,8.0,Mailed Check,No,4
2590,23781,62,No,83.72,40,Salary,174137.6,138,Human Resources,Female,Married,5.0,14.0,Direct Deposit,Yes,12
2053,23783,36,Yes,67.95,40,Salary,141336.0,232,Research,Prefer Not to Answer,Married,5.0,10.0,Mailed Check,No,16
1274,23789,58,Yes,96.66,40,Salary,201052.8,421,HumanResources,Female,Divorced,15.5,17.0,Mailed Check,Yes,3
538,23792,48,Yes,43.59,40,Salary,90667.20000000001,19,Information_Technology,Male,Divorced,5.0,6.0,Mailed Check,Yes,11
13164,23795,63,No,26.9,40,Salary,55952.0,462,Healthcare,Prefer Not to Answer,Divorced,6.0,4.0,Mailed Check,No,37
1434,23796,47,Yes,76.36,40,Salary,158828.80000000002,293,Human_Resources,Female,Single,9.0,5.0,Mailed Check,Yes,9
5147,23797,26,Yes,60.35,40,Salary,125528.0,92,Human Resources,Prefer Not to Answer,Married,4.0,15.0,Direct Deposit,Yes,7
4865,23803,29,No,32.46,40,Salary,67516.8,377,Sales,Prefer Not to Answer,Divorced,15.5,4.0,Direct Deposit,Yes,0
1491,23807,34,No,55.15,40,Salary,114712.0,131,Laboratory,Prefer Not to Answer,Married,5.0,39.5,Direct Deposit,No,3
500,23811,34,No,39.25,40,Salary,81640.0,99,Healthcare,Male,Divorced,1.0,19.0,Mailed Check,Yes,9
3496,23815,20,No,81.47,40,Salary,169457.6,50,Laboratory,Female,Married,15.5,13.0,Mailed Check,No,13
4096,23818,40,No,76.49,40,Salary,159099.19999999998,344,HumanResources,Male,Single,8.0,39.5,Mailed Check,No,13
1737,23820,21,No,20.02,40,Salary,41641.6,17,Information_Technology,Prefer Not to Answer,Divorced,8.0,19.0,Direct Deposit,No,1
4208,23826,23,No,65.24,40,Salary,135699.19999999998,164,HumanResources,Female,Divorced,3.0,4.0,Direct Deposit,No,14
792,23834,21,No,80.04,40,Salary,166483.2,242,Human Resources,Female,Single,15.5,25.0,Mailed Check,Yes,7
4114,23837,25,No,57.7,40,Salary,120016.0,89,Healthcare,Prefer Not to Answer,Single,15.5,3.0,Mailed Check,No,0
2573,23842,41,No,32.52,40,Salary,67641.6,354,Healthcare,Prefer Not to Answer,Single,4.0,21.0,Direct Deposit,No,12
12423,23847,19,Yes,93.22,40,Salary,193897.6,151,Information_Technology,Female,Divorced,4.0,13.0,Mailed Check,No,0
2555,23851,63,Yes,61.16,40,Salary,127212.79999999999,149,Information_Technology,Male,Divorced,5.0,16.0,Direct Deposit,No,24
5986,23852,59,Yes,83.25,40,Salary,173160.0,479,Laboratory,Male,Single,1.0,17.0,Mailed Check,No,16
5004,23854,33,No,50.29,40,Salary,104603.2,240,Information Technology,Female,Married,2.0,16.0,Direct Deposit,No,10
12162,23857,64,No,39.59,40,Salary,82347.20000000001,387,Marketing,Prefer Not to Answer,Divorced,8.0,19.0,Mailed Check,No,9
4671,23863,28,No,69.92,40,Salary,145433.6,52,Manufacturing,Prefer Not to Answer,Single,1.0,23.0,Direct Deposit,No,14
5543,23866,61,Yes,32.32,40,Salary,67225.59999999999,453,Sales,Male,Divorced,8.0,6.0,Mailed Check,No,5
5884,23868,22,No,76.47,40,Salary,159057.6,182,Manufacturing,Male,Married,6.0,3.0,Mailed Check,No,0
3144,23871,28,No,89.26,40,Salary,185660.80000000002,496,Marketing,Female,Divorced,5.0,21.0,Mailed Check,No,7
1518,23880,48,Yes,20.97,40,Salary,43617.6,140,Information_Technology,Female,Married,7.0,39.5,Direct Deposit,No,11
3287,23881,43,Yes,32.02,40,Salary,66601.6,441,Human Resources,Male,Divorced,9.0,4.0,Direct Deposit,No,0
12782,23889,62,No,48.96,40,Salary,101836.8,176,Manufacturing,Prefer Not to Answer,Divorced,7.0,23.0,Mailed Check,No,11
5839,23910,27,No,43.26,40,Salary,89980.79999999999,31,Manufacturing,Prefer Not to Answer,Single,5.0,7.0,Mailed Check,No,0
1227,23912,51,Yes,87.85,40,Salary,182728.0,226,Healthcare,Male,Divorced,8.0,23.0,Mailed Check,No,20
4639,23915,25,Yes,72.29,40,Salary,150363.2,39,HumanResources,Male,Single,6.0,17.0,Direct Deposit,No,5
3246,23916,24,No,75.3,40,Salary,156624.0,374,Information_Technology,Female,Divorced,5.0,4.0,Direct Deposit,Yes,0
518,23918,24,No,57.09,40,Salary,118747.20000000001,478,Marketing,Female,Divorced,8.0,6.0,Mailed Check,No,0
4646,23934,33,Yes,44.29,40,Salary,92123.2,199,Sales,Female,Single,2.0,11.0,Mailed Check,Yes,11
3107,23940,35,No,21.38,40,Salary,44470.399999999994,291,Human Resources,Prefer Not to Answer,Married,3.0,24.0,Mailed Check,No,0
1445,23944,41,No,96.73,40,Salary,201198.40000000002,407,Information_Technology,Female,Married,2.0,16.0,Mailed Check,Yes,19
2163,23948,64,Yes,69.0,40,Salary,143520.0,307,Manufacturing,Male,Divorced,7.0,8.0,Mailed Check,No,29
5725,23949,52,No,85.32,40,Salary,177465.59999999998,312,Information Technology,Prefer Not to Answer,Divorced,5.0,6.0,Direct Deposit,No,20
3192,23955,53,No,63.52,40,Salary,132121.6,189,Information_Technology,Male,Divorced,7.0,23.0,Mailed Check,No,11
2560,23962,49,Yes,91.6,40,Salary,190528.0,301,Human_Resources,Female,Divorced,9.0,24.0,Direct Deposit,Yes,17
1688,23964,34,No,25.65,40,Salary,53352.0,149,Information_Technology,Male,Divorced,5.0,6.0,Mailed Check,No,0
4423,23965,57,Yes,87.22,40,Salary,181417.6,96,Human_Resources,Prefer Not to Answer,Divorced,1.0,13.0,Direct Deposit,Yes,12
3800,23966,40,Yes,38.36,40,Salary,79788.8,172,Information_Technology,Male,Divorced,8.0,5.0,Direct Deposit,Yes,19
13106,23969,49,Yes,60.66,40,Salary,126172.79999999999,274,HumanResources,Prefer Not to Answer,Single,3.0,6.0,Mailed Check,No,22
4491,23970,29,No,38.29,40,Salary,79643.2,12,Healthcare,Female,Divorced,7.0,20.0,Mailed Check,No,0
4223,23974,40,Yes,82.67,40,Salary,171953.6,26,Laboratory,Prefer Not to Answer,Single,15.5,5.0,Direct Deposit,Yes,8
13186,23976,61,Yes,25.67,40,Salary,53393.600000000006,497,Human_Resources,Male,Single,15.5,10.0,Direct Deposit,No,16
4840,23977,65,No,32.66,40,Salary,67932.79999999999,270,Marketing,Male,Single,9.0,8.0,Direct Deposit,No,37
12526,23981,49,No,52.43,40,Salary,109054.4,434,Marketing,Female,Single,7.0,13.0,Direct Deposit,Yes,14
2439,23985,57,No,20.23,40,Salary,42078.4,266,Information Technology,Prefer Not to Answer,Married,1.0,7.0,Mailed Check,No,16
3079,23991,29,No,68.78,40,Salary,143062.4,38,Information Technology,Male,Single,6.0,25.0,Direct Deposit,No,0
3114,23992,36,Yes,89.72,40,Salary,186617.6,122,Manufacturing,Male,Divorced,4.0,3.0,Direct Deposit,No,0
5528,23995,54,Yes,67.4,40,Salary,140192.0,305,HumanResources,Male,Married,4.0,39.5,Mailed Check,No,6
5336,23997,20,Yes,34.01,40,Salary,70740.79999999999,157,Research,Female,Divorced,15.5,8.0,Direct Deposit,Yes,11
3019,23999,52,Yes,41.61,40,Salary,86548.8,211,Information_Technology,Male,Married,7.0,24.0,Mailed Check,No,18
2865,24006,26,Yes,59.64,40,Salary,124051.2,108,Healthcare,Male,Divorced,15.5,5.0,Direct Deposit,No,6
3217,24008,33,No,99.92,40,Salary,207833.6,218,Sales,Prefer Not to Answer,Single,7.0,8.0,Direct Deposit,No,14
81,24010,31,Yes,74.6,40,Salary,155168.0,239,Human_Resources,Prefer Not to Answer,Divorced,8.0,25.0,Direct Deposit,No,0
4677,24013,54,Yes,18.63,40,Salary,38750.399999999994,227,Research,Male,Single,1.0,23.0,Direct Deposit,Yes,25
5797,24015,29,No,84.6,40,Salary,175968.0,438,Information Technology,Female,Divorced,9.0,11.0,Direct Deposit,Yes,9
370,24020,64,No,21.57,40,Salary,44865.6,421,Healthcare,Female,Married,5.0,4.0,Mailed Check,No,18
4039,24034,30,Yes,54.24,40,Salary,112819.2,129,Human Resources,Male,Divorced,15.5,20.0,Direct Deposit,No,3
3138,24035,28,No,51.73,40,Salary,107598.4,449,Human Resources,Male,Single,8.0,2.0,Direct Deposit,Yes,6
2879,24038,55,No,55.92,40,Salary,116313.6,231,Marketing,Prefer Not to Answer,Divorced,9.0,2.0,Direct Deposit,No,33
2567,24040,45,No,97.06,40,Salary,201884.80000000002,60,Manufacturing,Female,Married,4.0,17.0,Mailed Check,No,12
4050,24043,38,No,38.04,40,Salary,79123.2,315,Marketing,Prefer Not to Answer,Divorced,8.0,5.0,Direct Deposit,No,0
13124,24054,58,No,66.89,40,Salary,139131.19999999998,269,HumanResources,Prefer Not to Answer,Single,15.5,17.0,Direct Deposit,Yes,22
1138,24056,61,No,70.2,40,Salary,146016.0,431,Information Technology,Male,Divorced,9.0,13.0,Mailed Check,No,2
5510,24062,51,No,77.39,40,Salary,160971.19999999998,50,Sales,Prefer Not to Answer,Single,15.5,11.0,Direct Deposit,No,6
4330,24069,24,Yes,28.43,40,Salary,59134.4,340,Marketing,Prefer Not to Answer,Single,6.0,1.0,Mailed Check,No,12
5402,24070,30,Yes,39.97,40,Salary,83137.59999999999,240,Human Resources,Female,Married,9.0,17.0,Mailed Check,No,0
3104,24075,28,Yes,17.48,40,Salary,36358.4,33,Marketing,Female,Single,8.0,22.0,Mailed Check,No,8
3712,24077,64,Yes,90.1,40,Salary,187408.0,218,Manufacturing,Male,Married,7.0,21.0,Direct Deposit,No,37
12122,24078,65,Yes,53.12,40,Salary,110489.59999999999,282,Marketing,Male,Single,7.0,6.0,Direct Deposit,No,37
5040,24082,44,No,41.53,40,Salary,86382.40000000001,299,Healthcare,Female,Single,3.0,6.0,Mailed Check,Yes,9
2691,24091,44,Yes,45.86,40,Salary,95388.8,289,Manufacturing,Female,Divorced,5.0,3.0,Direct Deposit,Yes,7
453,24094,23,Yes,93.26,40,Salary,193980.80000000002,433,InformationTechnology,Male,Single,4.0,7.0,Direct Deposit,No,0
5445,24096,35,No,43.61,40,Salary,90708.8,58,Marketing,Female,Married,3.0,19.0,Mailed Check,No,5
1785,24097,42,No,41.85,40,Salary,87048.0,293,Healthcare,Male,Married,7.0,1.0,Direct Deposit,No,18
4831,24104,20,No,66.67,40,Salary,138673.6,464,Healthcare,Prefer Not to Answer,Single,5.0,3.0,Mailed Check,Yes,0
2338,24106,31,No,59.28,40,Salary,123302.4,401,Information Technology,Female,Divorced,2.0,25.0,Direct Deposit,Yes,2
4759,24110,44,Yes,40.32,40,Salary,83865.59999999999,207,Sales,Prefer Not to Answer,Married,15.5,13.0,Mailed Check,No,0
12796,24111,60,No,70.87,40,Salary,147409.6,419,Information_Technology,Female,Married,9.0,21.0,Mailed Check,No,37
2979,24113,46,No,44.27,40,Salary,92081.6,26,Research,Female,Divorced,5.0,7.0,Direct Deposit,Yes,6
1804,24115,28,Yes,62.83,40,Salary,130686.4,257,Healthcare,Female,Divorced,3.0,15.0,Direct Deposit,Yes,13
5534,24120,24,No,41.53,40,Salary,86382.40000000001,288,Research,Male,Married,1.0,39.5,Direct Deposit,No,9
4480,24121,59,No,64.73,40,Salary,134638.40000000002,275,Information_Technology,Prefer Not to Answer,Married,5.0,18.0,Mailed Check,No,9
4812,24124,46,No,90.87,40,Salary,189009.6,348,Information_Technology,Male,Single,5.0,39.5,Direct Deposit,Yes,26
3184,24128,53,Yes,48.58,40,Salary,101046.4,493,Research,Male,Married,3.0,14.0,Mailed Check,No,12
1115,24131,58,Yes,79.92,40,Salary,166233.6,69,Information_Technology,Female,Married,5.0,22.0,Mailed Check,No,16
12553,24139,42,Yes,37.93,40,Salary,78894.40000000001,293,Manufacturing,Male,Married,6.0,22.0,Mailed Check,No,14
1693,24140,49,No,93.94,40,Salary,195395.19999999998,464,Research,Male,Divorced,3.0,10.0,Mailed Check,Yes,19
3973,24141,42,Yes,77.76,40,Salary,161740.80000000002,237,Human_Resources,Male,Divorced,4.0,5.0,Mailed Check,Yes,12
4922,24145,60,No,21.17,40,Salary,44033.600000000006,276,Sales,Prefer Not to Answer,Married,8.0,2.0,Mailed Check,No,18
2682,24147,23,No,36.59,40,Salary,76107.20000000001,436,InformationTechnology,Prefer Not to Answer,Married,6.0,4.0,Direct Deposit,No,0
2792,24148,32,No,20.53,40,Salary,42702.4,341,Manufacturing,Prefer Not to Answer,Divorced,9.0,3.0,Mailed Check,No,13
4569,24152,33,No,51.43,40,Salary,106974.4,396,Information_Technology,Female,Single,15.5,6.0,Mailed Check,No,6
627,24153,59,Yes,39.7,40,Salary,82576.0,296,Human_Resources,Female,Married,1.0,9.0,Mailed Check,No,6
5381,24157,62,No,63.47,40,Salary,132017.6,499,Human Resources,Male,Divorced,5.0,15.0,Mailed Check,No,37
12566,24158,25,Yes,84.34,40,Salary,175427.2,193,Marketing,Female,Single,4.0,15.0,Mailed Check,Yes,7
4939,24161,22,No,98.65,40,Salary,205192.0,92,HumanResources,Male,Divorced,3.0,7.0,Mailed Check,No,0
3149,24167,58,Yes,22.62,40,Salary,47049.600000000006,381,Healthcare,Prefer Not to Answer,Married,8.0,14.0,Mailed Check,No,17
3819,24178,65,Yes,70.55,40,Salary,146744.0,460,Laboratory,Male,Single,5.0,21.0,Direct Deposit,No,37
243,24180,64,No,21.72,40,Salary,45177.6,217,Manufacturing,Prefer Not to Answer,Married,1.0,10.0,Direct Deposit,Yes,6
1008,24191,31,No,55.57,40,Salary,115585.6,122,Human Resources,Prefer Not to Answer,Married,2.0,19.0,Mailed Check,No,4
1442,24194,58,Yes,97.31,40,Salary,202404.80000000002,174,Information Technology,Female,Single,3.0,16.0,Mailed Check,No,36
5215,24196,33,No,22.33,40,Salary,46446.399999999994,155,Marketing,Prefer Not to Answer,Divorced,3.0,20.0,Direct Deposit,No,0
664,24197,22,Yes,72.29,40,Salary,150363.2,52,Healthcare,Prefer Not to Answer,Divorced,2.0,5.0,Direct Deposit,No,0
4089,24208,46,No,57.95,40,Salary,120536.0,38,Human_Resources,Male,Married,7.0,1.0,Direct Deposit,No,8
2424,24209,49,Yes,73.29,40,Salary,152443.2,415,Research,Prefer Not to Answer,Divorced,15.5,11.0,Mailed Check,Yes,14
5580,24210,46,No,79.97,40,Salary,166337.6,235,Healthcare,Female,Divorced,5.0,10.0,Mailed Check,No,13
2176,24211,52,No,57.68,40,Salary,119974.4,230,Human_Resources,Male,Married,5.0,13.0,Mailed Check,Yes,1
334,24214,51,Yes,70.47,40,Salary,146577.6,253,Human_Resources,Male,Single,5.0,23.0,Direct Deposit,No,2
3492,24215,59,No,94.9,40,Salary,197392.0,194,HumanResources,Prefer Not to Answer,Divorced,3.0,21.0,Direct Deposit,No,4
405,24217,62,Yes,75.04,40,Salary,156083.2,497,Research,Prefer Not to Answer,Married,6.0,11.0,Mailed Check,Yes,23
2506,24221,64,No,78.3,40,Salary,162864.0,316,Information Technology,Female,Married,6.0,6.0,Mailed Check,No,15
12786,24222,40,Yes,78.9,40,Salary,164112.0,323,Sales,Female,Single,8.0,18.0,Mailed Check,Yes,8
872,24223,24,No,26.44,40,Salary,54995.200000000004,284,Healthcare,Prefer Not to Answer,Divorced,15.5,24.0,Direct Deposit,No,6
950,24231,39,No,45.25,40,Salary,94120.0,74,Human_Resources,Female,Married,1.0,11.0,Direct Deposit,Yes,7
4778,24232,37,Yes,75.19,40,Salary,156395.19999999998,49,Manufacturing,Female,Single,7.0,10.0,Direct Deposit,Yes,0
986,24235,49,No,98.96,40,Salary,205836.8,106,Manufacturing,Male,Married,7.0,11.0,Direct Deposit,Yes,12
348,24240,34,No,94.18,40,Salary,195894.40000000002,321,Laboratory,Male,Divorced,6.0,11.0,Mailed Check,No,3
427,24260,60,No,39.3,40,Salary,81744.0,45,Human Resources,Male,Divorced,6.0,5.0,Direct Deposit,No,16
4814,24269,39,Yes,93.44,40,Salary,194355.19999999998,490,HumanResources,Female,Single,1.0,16.0,Direct Deposit,No,10
4446,24272,34,Yes,41.56,40,Salary,86444.8,483,Human_Resources,Female,Single,5.0,19.0,Mailed Check,No,7
392,24276,20,No,99.05,40,Salary,206024.0,165,HumanResources,Male,Married,8.0,12.0,Mailed Check,No,0
2552,24277,20,No,44.32,40,Salary,92185.59999999999,154,Research,Female,Divorced,3.0,23.0,Direct Deposit,No,5
12590,24279,20,Yes,99.33,40,Salary,206606.4,267,Marketing,Male,Married,1.0,7.0,Direct Deposit,No,0
1612,24280,54,No,95.97,40,Salary,199617.6,308,Human Resources,Male,Divorced,6.0,2.0,Mailed Check,Yes,34
557,24285,64,Yes,32.2,40,Salary,66976.0,407,Information_Technology,Male,Married,4.0,4.0,Mailed Check,No,19
3188,24290,53,No,69.16,40,Salary,143852.8,413,Manufacturing,Female,Single,5.0,1.0,Mailed Check,No,19
1362,24293,18,Yes,55.06,40,Salary,114524.8,132,Research,Prefer Not to Answer,Divorced,4.0,9.0,Direct Deposit,Yes,0
1134,24294,39,No,63.75,40,Salary,132600.0,153,Information_Technology,Male,Married,2.0,20.0,Mailed Check,No,10
2140,24298,49,No,97.43,40,Salary,202654.40000000002,470,Research,Female,Married,9.0,7.0,Mailed Check,Yes,22
5810,24299,63,Yes,91.03,40,Salary,189342.4,85,InformationTechnology,Female,Divorced,3.0,2.0,Mailed Check,No,37
5236,24304,47,Yes,59.32,40,Salary,123385.6,214,Information_Technology,Male,Married,15.5,7.0,Direct Deposit,No,20
1415,24306,50,Yes,53.72,40,Salary,111737.6,383,Research,Prefer Not to Answer,Married,3.0,20.0,Mailed Check,No,7
12084,24311,26,No,27.13,40,Salary,56430.4,279,Marketing,Female,Single,1.0,13.0,Mailed Check,No,0
1744,24313,58,Yes,88.69,40,Salary,184475.19999999998,242,Manufacturing,Male,Single,6.0,22.0,Direct Deposit,No,37
1970,24314,51,Yes,83.93,40,Salary,174574.40000000002,357,Information_Technology,Male,Divorced,3.0,15.0,Direct Deposit,No,17
5697,24317,61,No,51.84,40,Salary,107827.20000000001,377,Information Technology,Male,Married,3.0,12.0,Direct Deposit,Yes,35
632,24319,50,Yes,82.92,40,Salary,172473.6,389,Information Technology,Female,Married,9.0,10.0,Mailed Check,No,4
2650,24321,61,No,21.78,40,Salary,45302.4,458,Marketing,Prefer Not to Answer,Single,6.0,14.0,Mailed Check,No,18
144,24328,20,No,21.86,40,Salary,45468.799999999996,476,Manufacturing,Female,Married,7.0,5.0,Mailed Check,No,10
12318,24329,40,No,43.72,40,Salary,90937.59999999999,400,Marketing,Prefer Not to Answer,Divorced,6.0,24.0,Mailed Check,No,17
4305,24330,53,No,33.99,40,Salary,70699.20000000001,154,Human Resources,Female,Divorced,5.0,1.0,Mailed Check,No,3
12197,24334,19,No,93.4,40,Salary,194272.0,124,HumanResources,Prefer Not to Answer,Single,6.0,18.0,Direct Deposit,No,16
2347,24337,22,No,46.83,40,Salary,97406.4,63,Information Technology,Female,Married,6.0,1.0,Mailed Check,No,0
12154,24341,30,No,31.54,40,Salary,65603.2,301,HumanResources,Male,Married,3.0,10.0,Direct Deposit,No,8
4126,24344,51,No,69.24,40,Salary,144019.19999999998,139,Healthcare,Male,Married,9.0,15.0,Mailed Check,Yes,4
12310,24349,60,Yes,42.16,40,Salary,87692.79999999999,231,Human Resources,Male,Divorced,6.0,17.0,Mailed Check,No,31
351,24355,36,Yes,58.64,40,Salary,121971.2,465,InformationTechnology,Prefer Not to Answer,Married,7.0,19.0,Mailed Check,No,2
3811,24373,57,No,50.78,40,Salary,105622.40000000001,411,Information Technology,Female,Single,7.0,4.0,Mailed Check,No,36
1817,24374,54,No,62.89,40,Salary,130811.2,38,Healthcare,Female,Married,8.0,3.0,Direct Deposit,No,4
12132,24383,29,Yes,34.36,40,Salary,71468.8,176,Manufacturing,Female,Divorced,8.0,4.0,Mailed Check,Yes,6
1064,24385,30,No,91.22,40,Salary,189737.6,70,Human_Resources,Female,Married,4.0,1.0,Mailed Check,No,14
496,24389,21,No,93.98,40,Salary,195478.40000000002,495,Sales,Female,Single,8.0,19.0,Direct Deposit,No,0
12125,24390,27,Yes,45.01,40,Salary,93620.79999999999,237,Information_Technology,Female,Divorced,8.0,4.0,Mailed Check,No,11
706,24392,48,Yes,65.84,40,Salary,136947.2,16,Research,Female,Divorced,7.0,10.0,Direct Deposit,No,2
5426,24395,23,No,41.44,40,Salary,86195.2,426,Information Technology,Male,Married,4.0,23.0,Direct Deposit,No,0
1355,24399,64,Yes,28.21,40,Salary,58676.8,277,InformationTechnology,Prefer Not to Answer,Divorced,7.0,6.0,Mailed Check,No,33
3667,24403,39,No,17.32,40,Salary,36025.6,49,Laboratory,Male,Single,8.0,15.0,Mailed Check,No,16
1573,24425,56,Yes,57.14,40,Salary,118851.2,95,Marketing,Prefer Not to Answer,Single,15.5,18.0,Mailed Check,No,13
1270,24429,37,Yes,56.49,40,Salary,117499.2,333,HumanResources,Male,Divorced,15.5,39.5,Mailed Check,No,0
5529,24430,54,No,54.1,40,Salary,112528.0,443,Information_Technology,Prefer Not to Answer,Single,7.0,19.0,Mailed Check,No,9
4457,24444,65,No,71.01,40,Salary,147700.80000000002,105,Laboratory,Female,Single,3.0,5.0,Mailed Check,No,30
3327,24447,33,No,18.96,40,Salary,39436.8,108,Information Technology,Female,Divorced,4.0,16.0,Mailed Check,Yes,8
4180,24450,54,No,33.23,40,Salary,69118.4,380,Information_Technology,Prefer Not to Answer,Married,1.0,11.0,Direct Deposit,No,36
4823,24451,22,No,92.0,40,Salary,191360.0,298,Human Resources,Male,Divorced,6.0,39.5,Mailed Check,No,3
4495,24452,54,Yes,18.18,40,Salary,37814.4,219,InformationTechnology,Prefer Not to Answer,Divorced,8.0,5.0,Direct Deposit,Yes,3
961,24453,32,Yes,48.65,40,Salary,101192.0,147,Sales,Male,Divorced,2.0,1.0,Direct Deposit,No,6
3453,24455,18,No,53.14,40,Salary,110531.2,306,Manufacturing,Female,Divorced,15.5,11.0,Direct Deposit,No,0
1032,24458,27,Yes,33.56,40,Salary,69804.8,271,Information_Technology,Prefer Not to Answer,Married,9.0,12.0,Mailed Check,No,17
1690,24460,40,No,89.13,40,Salary,185390.4,54,Laboratory,Female,Single,3.0,23.0,Direct Deposit,No,5
5602,24461,62,Yes,71.8,40,Salary,149344.0,245,HumanResources,Male,Married,1.0,17.0,Mailed Check,Yes,37
5252,24463,23,Yes,20.21,40,Salary,42036.8,279,Research,Female,Single,7.0,8.0,Mailed Check,No,0
13134,24466,55,Yes,40.31,40,Salary,83844.8,432,InformationTechnology,Female,Married,5.0,16.0,Mailed Check,No,10
2930,24467,32,Yes,49.92,40,Salary,103833.6,446,InformationTechnology,Prefer Not to Answer,Divorced,9.0,8.0,Mailed Check,No,15
622,24468,54,No,82.87,40,Salary,172369.6,320,HumanResources,Male,Married,9.0,7.0,Direct Deposit,No,11
1672,24471,40,Yes,32.03,40,Salary,66622.40000000001,121,Human_Resources,Prefer Not to Answer,Married,8.0,23.0,Direct Deposit,Yes,0
637,24473,61,No,55.04,40,Salary,114483.2,300,Manufacturing,Prefer Not to Answer,Married,3.0,19.0,Mailed Check,Yes,7
2986,24477,62,Yes,92.86,40,Salary,193148.80000000002,171,Manufacturing,Prefer Not to Answer,Single,5.0,13.0,Mailed Check,No,35
1025,24480,53,No,51.27,40,Salary,106641.6,471,Marketing,Male,Single,5.0,20.0,Mailed Check,No,11
5966,24481,31,No,37.56,40,Salary,78124.8,498,Human_Resources,Female,Divorced,7.0,20.0,Mailed Check,No,4
4434,24486,28,Yes,94.13,40,Salary,195790.4,402,Research,Prefer Not to Answer,Divorced,4.0,23.0,Mailed Check,No,0
12311,24490,58,No,98.14,40,Salary,204131.19999999998,50,Human_Resources,Male,Divorced,2.0,12.0,Mailed Check,Yes,13
946,24493,35,Yes,96.49,40,Salary,200699.19999999998,212,Research,Female,Married,7.0,7.0,Mailed Check,No,17
5518,24494,44,No,80.5,40,Salary,167440.0,97,Laboratory,Male,Divorced,1.0,20.0,Mailed Check,Yes,10
5829,24495,51,No,87.3,40,Salary,181584.0,288,Sales,Prefer Not to Answer,Single,6.0,16.0,Mailed Check,No,5
1081,24496,46,No,65.57,40,Salary,136385.59999999998,370,Human Resources,Prefer Not to Answer,Married,9.0,9.0,Mailed Check,No,7
4338,24501,25,Yes,70.01,40,Salary,145620.80000000002,9,Laboratory,Female,Married,3.0,3.0,Direct Deposit,Yes,5
2261,24507,48,Yes,37.48,40,Salary,77958.4,396,Sales,Prefer Not to Answer,Divorced,8.0,10.0,Direct Deposit,No,7
4581,24508,26,No,25.69,40,Salary,53435.200000000004,237,HumanResources,Prefer Not to Answer,Married,3.0,18.0,Direct Deposit,Yes,0
11,24511,60,No,84.82,40,Salary,176425.59999999998,148,InformationTechnology,Female,Single,3.0,13.0,Direct Deposit,No,31
963,24514,26,Yes,52.51,40,Salary,109220.8,475,Sales,Prefer Not to Answer,Married,7.0,18.0,Mailed Check,No,4
5468,24517,30,Yes,26.64,40,Salary,55411.2,296,Information_Technology,Male,Single,6.0,7.0,Direct Deposit,No,13
2648,24521,39,No,22.51,40,Salary,46820.8,288,InformationTechnology,Female,Divorced,9.0,8.0,Direct Deposit,No,15
1108,24524,61,No,38.73,40,Salary,80558.4,107,Research,Female,Single,2.0,21.0,Mailed Check,No,3
4956,24528,62,Yes,52.96,40,Salary,110156.8,229,Sales,Prefer Not to Answer,Single,6.0,6.0,Mailed Check,No,17
4051,24541,61,Yes,45.14,40,Salary,93891.2,112,Research,Male,Single,4.0,13.0,Direct Deposit,No,22
2997,24542,21,No,78.22,40,Salary,162697.6,482,HumanResources,Prefer Not to Answer,Single,9.0,14.0,Mailed Check,Yes,0
1226,24543,50,No,97.14,40,Salary,202051.19999999998,331,Laboratory,Male,Divorced,4.0,3.0,Direct Deposit,Yes,18
2345,24547,19,No,65.37,40,Salary,135969.6,104,HumanResources,Prefer Not to Answer,Married,7.0,9.0,Direct Deposit,No,9
5792,24550,30,No,81.0,40,Salary,168480.0,127,Sales,Prefer Not to Answer,Married,8.0,5.0,Mailed Check,No,0
1705,24551,47,Yes,35.71,40,Salary,74276.8,482,InformationTechnology,Prefer Not to Answer,Married,5.0,18.0,Direct Deposit,Yes,17
4390,24558,51,No,85.46,40,Salary,177756.8,198,Laboratory,Female,Married,7.0,23.0,Mailed Check,No,5
4971,24562,19,Yes,58.65,40,Salary,121992.0,295,InformationTechnology,Male,Single,9.0,15.0,Mailed Check,No,0
2368,24563,58,No,73.6,40,Salary,153088.0,118,Marketing,Prefer Not to Answer,Single,7.0,11.0,Direct Deposit,Yes,16
692,24565,53,Yes,79.99,40,Salary,166379.19999999998,91,InformationTechnology,Male,Divorced,5.0,2.0,Mailed Check,No,32
3793,24568,57,No,95.76,40,Salary,199180.80000000002,302,Marketing,Female,Single,8.0,9.0,Direct Deposit,No,25
5642,24570,51,Yes,29.5,40,Salary,61360.0,152,Sales,Male,Married,3.0,25.0,Mailed Check,No,10
929,24571,55,No,31.88,40,Salary,66310.40000000001,128,Healthcare,Prefer Not to Answer,Single,5.0,4.0,Mailed Check,No,10
5128,24573,40,Yes,43.4,40,Salary,90272.0,101,Marketing,Male,Single,15.5,19.0,Mailed Check,No,11
3130,24577,25,No,18.36,40,Salary,38188.799999999996,248,Human_Resources,Female,Single,5.0,24.0,Direct Deposit,No,8
639,24581,27,No,50.13,40,Salary,104270.40000000001,85,Research,Prefer Not to Answer,Divorced,5.0,14.0,Direct Deposit,Yes,14
12498,24585,48,No,92.48,40,Salary,192358.40000000002,163,Laboratory,Male,Married,7.0,5.0,Direct Deposit,No,2
5767,24597,63,Yes,26.09,40,Salary,54267.2,374,Healthcare,Female,Married,2.0,13.0,Direct Deposit,Yes,22
3310,24598,42,Yes,21.56,40,Salary,44844.799999999996,411,Information_Technology,Female,Single,7.0,12.0,Direct Deposit,No,13
2026,24606,56,No,32.76,40,Salary,68140.79999999999,465,Human_Resources,Female,Divorced,5.0,20.0,Mailed Check,No,4
3526,24612,60,Yes,84.99,40,Salary,176779.19999999998,366,HumanResources,Female,Married,1.0,5.0,Mailed Check,Yes,18
544,24614,52,No,62.61,40,Salary,130228.8,63,HumanResources,Male,Divorced,9.0,39.5,Mailed Check,Yes,18
5467,24620,24,No,72.75,40,Salary,151320.0,228,Research,Prefer Not to Answer,Single,9.0,13.0,Direct Deposit,Yes,0
12137,24623,35,No,35.73,40,Salary,74318.4,366,Information Technology,Female,Married,4.0,2.0,Mailed Check,Yes,0
1765,24627,42,Yes,94.74,40,Salary,197059.19999999998,357,Information Technology,Male,Single,1.0,10.0,Mailed Check,No,1
3527,24628,48,Yes,45.87,40,Salary,95409.59999999999,209,Information Technology,Prefer Not to Answer,Single,5.0,7.0,Direct Deposit,No,21
1800,24630,24,Yes,71.24,40,Salary,148179.19999999998,33,Sales,Male,Married,4.0,16.0,Mailed Check,No,0
12501,24633,31,No,74.2,40,Salary,154336.0,182,Information Technology,Prefer Not to Answer,Married,3.0,25.0,Direct Deposit,Yes,0
1242,24634,42,Yes,59.25,40,Salary,123240.0,50,Information_Technology,Male,Single,7.0,9.0,Direct Deposit,No,24
3928,24644,48,Yes,38.02,40,Salary,79081.6,344,Human_Resources,Male,Married,3.0,11.0,Direct Deposit,No,5
4977,24648,59,Yes,25.8,40,Salary,53664.0,286,Laboratory,Male,Single,4.0,25.0,Mailed Check,Yes,34
1534,24651,19,No,62.88,40,Salary,130790.40000000001,28,Manufacturing,Male,Divorced,5.0,6.0,Direct Deposit,No,4
3999,24656,57,No,98.25,40,Salary,204360.0,275,Human Resources,Female,Married,15.5,9.0,Mailed Check,No,6
12074,24657,20,No,26.51,40,Salary,55140.8,259,Healthcare,Female,Divorced,7.0,21.0,Mailed Check,No,16
12690,24659,63,No,21.4,40,Salary,44512.0,180,Information_Technology,Female,Married,15.5,25.0,Direct Deposit,Yes,32
12259,24661,40,Yes,84.08,40,Salary,174886.4,49,Human Resources,Male,Single,1.0,25.0,Mailed Check,No,0
3659,24665,62,Yes,73.17,40,Salary,152193.6,441,InformationTechnology,Prefer Not to Answer,Married,15.5,8.0,Direct Deposit,No,12
3321,24666,34,No,81.83,40,Salary,170206.4,266,Marketing,Male,Married,7.0,4.0,Mailed Check,No,16
12142,24672,24,No,44.98,40,Salary,93558.4,341,Manufacturing,Prefer Not to Answer,Single,4.0,4.0,Direct Deposit,No,0
151,24675,40,No,39.41,40,Salary,81972.79999999999,209,Information_Technology,Male,Divorced,2.0,8.0,Direct Deposit,Yes,5
704,24676,38,Yes,40.44,40,Salary,84115.2,365,HumanResources,Male,Married,8.0,3.0,Mailed Check,No,12
12196,24677,21,No,75.2,40,Salary,156416.0,5,Manufacturing,Male,Single,4.0,13.0,Mailed Check,Yes,10
988,24678,47,No,88.08,40,Salary,183206.4,420,Laboratory,Female,Single,3.0,4.0,Mailed Check,No,3
1720,24680,49,No,80.87,40,Salary,168209.6,481,Laboratory,Male,Single,4.0,6.0,Mailed Check,Yes,22
2086,24683,22,No,52.58,40,Salary,109366.4,379,Laboratory,Male,Married,15.5,8.0,Mailed Check,Yes,0
4703,24684,19,No,75.37,40,Salary,156769.6,199,Human_Resources,Male,Single,1.0,20.0,Direct Deposit,No,17
12772,24686,19,No,31.87,40,Salary,66289.59999999999,469,Human_Resources,Prefer Not to Answer,Single,15.5,39.5,Direct Deposit,No,0
3651,24688,34,No,58.89,40,Salary,122491.2,94,InformationTechnology,Prefer Not to Answer,Married,6.0,20.0,Direct Deposit,No,7
2964,24696,56,Yes,25.3,40,Salary,52624.0,449,Research,Prefer Not to Answer,Single,1.0,16.0,Mailed Check,No,28
5266,24698,31,No,25.84,40,Salary,53747.2,331,HumanResources,Prefer Not to Answer,Single,8.0,1.0,Mailed Check,Yes,0
5066,24699,38,Yes,53.38,40,Salary,111030.40000000001,400,Information Technology,Male,Married,9.0,5.0,Mailed Check,No,6
1243,24701,34,No,26.1,40,Salary,54288.0,363,Research,Female,Married,1.0,5.0,Mailed Check,No,4
1669,24703,43,No,33.81,40,Salary,70324.8,341,Sales,Prefer Not to Answer,Single,7.0,5.0,Direct Deposit,No,13
2943,24709,39,Yes,53.81,40,Salary,111924.8,371,Human Resources,Female,Divorced,15.5,2.0,Mailed Check,Yes,18
4879,24712,63,No,95.27,40,Salary,198161.59999999998,297,Laboratory,Prefer Not to Answer,Married,4.0,24.0,Mailed Check,No,37
12758,24716,53,No,62.16,40,Salary,129292.79999999999,98,Human_Resources,Male,Married,3.0,4.0,Mailed Check,Yes,28
5297,24721,56,Yes,40.08,40,Salary,83366.4,108,InformationTechnology,Female,Married,1.0,5.0,Mailed Check,Yes,11
4459,24722,54,No,71.39,40,Salary,148491.19999999998,346,Marketing,Prefer Not to Answer,Single,15.5,5.0,Direct Deposit,No,28
13112,24723,46,No,40.12,40,Salary,83449.59999999999,364,InformationTechnology,Female,Divorced,2.0,3.0,Direct Deposit,Yes,17
921,24725,53,No,21.21,40,Salary,44116.8,49,Research,Male,Divorced,1.0,9.0,Mailed Check,Yes,6
3155,24726,47,Yes,43.02,40,Salary,89481.6,316,Laboratory,Female,Single,7.0,9.0,Mailed Check,No,14
3308,24729,40,No,67.33,40,Salary,140046.4,460,Laboratory,Prefer Not to Answer,Single,4.0,15.0,Direct Deposit,No,6
1441,24730,48,No,48.43,40,Salary,100734.40000000001,371,Human Resources,Male,Single,7.0,24.0,Mailed Check,No,21
2425,24732,29,Yes,28.43,40,Salary,59134.4,428,Human_Resources,Male,Single,6.0,17.0,Direct Deposit,Yes,9
4027,24736,55,Yes,77.67,40,Salary,161553.6,101,Manufacturing,Female,Single,7.0,17.0,Mailed Check,No,28
5343,24746,27,No,93.79,40,Salary,195083.2,42,HumanResources,Female,Divorced,4.0,20.0,Mailed Check,No,0
1777,24752,36,No,97.57,40,Salary,202945.59999999998,299,Manufacturing,Female,Married,1.0,8.0,Direct Deposit,No,10
1248,24753,63,Yes,27.51,40,Salary,57220.8,474,HumanResources,Male,Divorced,7.0,22.0,Mailed Check,Yes,22
4204,24756,56,No,38.75,40,Salary,80600.0,6,Healthcare,Male,Divorced,1.0,8.0,Mailed Check,Yes,16
2829,24758,61,No,52.75,40,Salary,109720.0,440,Laboratory,Female,Single,8.0,11.0,Mailed Check,No,6
5473,24767,46,No,60.4,40,Salary,125632.0,354,Healthcare,Male,Married,9.0,18.0,Direct Deposit,No,26
555,24773,31,No,43.68,40,Salary,90854.40000000001,428,Manufacturing,Male,Divorced,1.0,9.0,Direct Deposit,No,6
4292,24775,54,No,58.79,40,Salary,122283.2,488,HumanResources,Prefer Not to Answer,Single,6.0,24.0,Direct Deposit,No,34
1205,24781,18,Yes,44.24,40,Salary,92019.20000000001,81,InformationTechnology,Prefer Not to Answer,Married,8.0,2.0,Direct Deposit,No,16
766,24785,63,Yes,66.12,40,Salary,137529.6,450,HumanResources,Female,Single,1.0,25.0,Mailed Check,Yes,37
1489,24789,45,Yes,42.32,40,Salary,88025.59999999999,21,Healthcare,Prefer Not to Answer,Divorced,8.0,22.0,Mailed Check,No,13
3792,24791,39,No,80.83,40,Salary,168126.4,188,InformationTechnology,Female,Divorced,2.0,22.0,Mailed Check,Yes,0
3604,24792,37,No,21.7,40,Salary,45136.0,142,Information Technology,Female,Married,8.0,6.0,Mailed Check,No,6
374,24793,55,No,40.2,40,Salary,83616.0,292,Information_Technology,Female,Married,6.0,10.0,Direct Deposit,No,17
5438,24795,41,No,37.58,40,Salary,78166.4,209,Laboratory,Prefer Not to Answer,Married,6.0,6.0,Direct Deposit,Yes,5
3236,24797,33,No,71.4,40,Salary,148512.0,478,Human_Resources,Male,Married,15.5,7.0,Direct Deposit,No,0
1150,24798,22,No,55.64,40,Salary,115731.2,124,Research,Female,Married,6.0,8.0,Direct Deposit,No,0
2193,24804,46,No,77.09,40,Salary,160347.2,198,Healthcare,Female,Divorced,2.0,1.0,Mailed Check,Yes,28
12709,24805,35,Yes,94.83,40,Salary,197246.4,146,Sales,Female,Divorced,9.0,20.0,Mailed Check,Yes,16
652,24809,48,No,60.04,40,Salary,124883.2,417,Sales,Male,Married,7.0,39.5,Mailed Check,Yes,30
1595,24813,46,Yes,53.95,40,Salary,112216.0,477,Sales,Male,Divorced,2.0,22.0,Mailed Check,Yes,15
12504,24814,60,No,51.06,40,Salary,106204.8,210,Laboratory,Prefer Not to Answer,Divorced,9.0,6.0,Direct Deposit,Yes,37
3282,24816,52,No,89.22,40,Salary,185577.6,286,Marketing,Prefer Not to Answer,Married,6.0,17.0,Direct Deposit,No,4
2232,24822,55,Yes,51.29,40,Salary,106683.2,429,Sales,Female,Married,5.0,13.0,Direct Deposit,No,23
4559,24827,52,Yes,96.29,40,Salary,200283.2,222,Research,Prefer Not to Answer,Married,8.0,25.0,Mailed Check,No,18
12415,24829,58,Yes,60.02,40,Salary,124841.6,376,Human Resources,Male,Married,8.0,9.0,Direct Deposit,Yes,15
4754,24840,37,No,89.9,40,Salary,186992.0,182,Marketing,Male,Single,8.0,17.0,Direct Deposit,Yes,5
4721,24841,46,Yes,37.95,40,Salary,78936.0,469,Information_Technology,Male,Single,6.0,11.0,Mailed Check,Yes,16
71,24843,52,No,48.39,40,Salary,100651.2,366,Information_Technology,Female,Divorced,1.0,14.0,Direct Deposit,Yes,27
1839,24845,51,Yes,43.41,40,Salary,90292.79999999999,322,Sales,Prefer Not to Answer,Married,9.0,5.0,Mailed Check,No,6
2339,24847,34,Yes,57.22,40,Salary,119017.6,12,Human Resources,Female,Single,4.0,23.0,Direct Deposit,Yes,15
12005,24854,27,No,76.75,40,Salary,159640.0,401,Information_Technology,Male,Divorced,15.5,21.0,Mailed Check,Yes,0
661,24863,46,No,67.91,40,Salary,141252.8,132,Manufacturing,Male,Divorced,9.0,15.0,Direct Deposit,No,13
2134,24866,36,No,68.3,40,Salary,142064.0,480,Healthcare,Male,Married,3.0,15.0,Mailed Check,No,16
2923,24870,30,Yes,47.22,40,Salary,98217.59999999999,385,Marketing,Female,Married,15.5,1.0,Direct Deposit,Yes,5
12376,24871,40,No,71.99,40,Salary,149739.19999999998,374,Human_Resources,Prefer Not to Answer,Married,5.0,24.0,Mailed Check,No,15
13143,24875,22,Yes,27.76,40,Salary,57740.8,329,HumanResources,Male,Divorced,7.0,2.0,Direct Deposit,No,0
2858,24876,29,Yes,82.18,40,Salary,170934.40000000002,189,Laboratory,Prefer Not to Answer,Married,3.0,22.0,Mailed Check,Yes,0
5560,24878,31,No,49.84,40,Salary,103667.20000000001,139,HumanResources,Male,Divorced,6.0,6.0,Mailed Check,No,7
4549,24881,34,No,67.47,40,Salary,140337.6,245,Information Technology,Male,Married,3.0,7.0,Mailed Check,No,3
672,24884,38,No,61.98,40,Salary,128918.4,74,Healthcare,Female,Single,6.0,11.0,Direct Deposit,Yes,15
2066,24889,52,No,74.05,40,Salary,154024.0,85,InformationTechnology,Prefer Not to Answer,Married,2.0,11.0,Mailed Check,No,1
1993,24892,33,Yes,64.89,40,Salary,134971.19999999998,460,Information_Technology,Male,Divorced,3.0,20.0,Mailed Check,Yes,16
5824,24897,36,No,88.72,40,Salary,184537.6,256,HumanResources,Prefer Not to Answer,Married,1.0,11.0,Direct Deposit,Yes,0
5988,24898,62,No,82.06,40,Salary,170684.80000000002,154,Marketing,Male,Divorced,1.0,1.0,Direct Deposit,Yes,9
4558,24901,29,Yes,24.57,40,Salary,51105.6,115,Information Technology,Male,Divorced,8.0,15.0,Mailed Check,Yes,0
12470,24903,58,Yes,32.97,40,Salary,68577.59999999999,115,Manufacturing,Prefer Not to Answer,Divorced,2.0,16.0,Mailed Check,No,35
2486,24904,58,Yes,20.72,40,Salary,43097.6,425,Information Technology,Male,Divorced,3.0,16.0,Direct Deposit,No,15
13133,24906,20,No,59.94,40,Salary,124675.2,154,Information Technology,Male,Married,15.5,16.0,Direct Deposit,No,11
2334,24907,54,No,77.54,40,Salary,161283.2,440,Sales,Female,Single,5.0,20.0,Mailed Check,No,30
1764,24917,27,No,24.32,40,Salary,50585.6,453,Manufacturing,Male,Divorced,6.0,2.0,Direct Deposit,Yes,4
1561,24918,54,Yes,56.78,40,Salary,118102.4,6,Healthcare,Prefer Not to Answer,Single,8.0,25.0,Direct Deposit,No,27
5766,24919,59,No,54.23,40,Salary,112798.4,173,InformationTechnology,Prefer Not to Answer,Divorced,9.0,3.0,Mailed Check,No,36
5457,24927,27,No,90.52,40,Salary,188281.59999999998,20,Manufacturing,Female,Single,3.0,12.0,Direct Deposit,No,0
1710,24929,50,Yes,48.27,40,Salary,100401.6,327,InformationTechnology,Male,Married,4.0,14.0,Direct Deposit,No,18
220,24930,58,No,60.9,40,Salary,126672.0,33,InformationTechnology,Female,Single,4.0,6.0,Direct Deposit,No,14
1294,24931,23,Yes,75.69,40,Salary,157435.19999999998,224,Human_Resources,Prefer Not to Answer,Married,2.0,23.0,Mailed Check,Yes,5
3280,24932,27,No,67.37,40,Salary,140129.6,360,Human Resources,Female,Married,1.0,12.0,Mailed Check,No,0
831,24934,25,No,17.68,40,Salary,36774.4,464,Research,Prefer Not to Answer,Divorced,2.0,4.0,Mailed Check,Yes,0
3934,24936,47,No,62.44,40,Salary,129875.2,150,Laboratory,Male,Divorced,3.0,7.0,Direct Deposit,No,2
3865,24938,51,No,41.73,40,Salary,86798.4,187,Human Resources,Female,Single,5.0,2.0,Mailed Check,No,22
4741,24942,51,Yes,35.3,40,Salary,73424.0,290,Sales,Female,Single,6.0,12.0,Mailed Check,No,9
1384,24943,48,Yes,97.67,40,Salary,203153.6,323,HumanResources,Female,Married,4.0,10.0,Direct Deposit,Yes,16
1351,24944,60,No,37.34,40,Salary,77667.20000000001,433,Healthcare,Female,Married,9.0,16.0,Mailed Check,No,11
3765,24950,29,Yes,31.42,40,Salary,65353.600000000006,273,Human_Resources,Female,Divorced,2.0,5.0,Mailed Check,Yes,9
2593,24953,38,No,23.98,40,Salary,49878.4,1,Manufacturing,Prefer Not to Answer,Married,3.0,39.5,Mailed Check,No,14
4289,24954,44,Yes,31.1,40,Salary,64688.0,390,Manufacturing,Female,Married,15.5,12.0,Direct Deposit,No,5
1616,24958,47,No,59.97,40,Salary,124737.6,303,Human_Resources,Female,Divorced,5.0,14.0,Mailed Check,No,21
5283,24959,62,No,43.26,40,Salary,89980.79999999999,298,Laboratory,Male,Married,4.0,3.0,Mailed Check,Yes,23
2536,24961,30,No,68.68,40,Salary,142854.40000000002,90,Information_Technology,Prefer Not to Answer,Single,5.0,23.0,Mailed Check,Yes,0
2325,24963,49,No,93.11,40,Salary,193668.80000000002,211,Healthcare,Female,Married,4.0,10.0,Mailed Check,Yes,26
5036,24964,24,No,90.15,40,Salary,187512.0,354,Marketing,Female,Single,4.0,7.0,Direct Deposit,No,13
5724,24968,40,No,69.77,40,Salary,145121.59999999998,344,Laboratory,Female,Single,2.0,39.5,Direct Deposit,Yes,1
430,24972,31,No,99.57,40,Salary,207105.59999999998,6,Human Resources,Prefer Not to Answer,Divorced,4.0,25.0,Direct Deposit,No,10
2322,24974,21,Yes,56.54,40,Salary,117603.2,81,InformationTechnology,Male,Divorced,5.0,5.0,Mailed Check,Yes,0
1664,24976,45,Yes,72.42,40,Salary,150633.6,220,InformationTechnology,Female,Divorced,6.0,17.0,Direct Deposit,No,10
2454,24982,31,Yes,39.97,40,Salary,83137.59999999999,396,Human Resources,Male,Married,9.0,1.0,Mailed Check,Yes,0
4492,24985,60,Yes,37.19,40,Salary,77355.2,36,Research,Male,Married,15.5,9.0,Mailed Check,Yes,18
5930,24987,28,Yes,52.29,40,Salary,108763.2,378,Research,Prefer Not to Answer,Married,4.0,23.0,Mailed Check,Yes,1
4699,24989,60,Yes,97.14,40,Salary,202051.19999999998,223,Information_Technology,Prefer Not to Answer,Single,15.5,13.0,Mailed Check,Yes,30
4138,24990,43,Yes,72.17,40,Salary,150113.6,124,Manufacturing,Prefer Not to Answer,Divorced,4.0,24.0,Mailed Check,No,19
2184,24992,30,No,39.69,40,Salary,82555.2,228,Research,Female,Married,7.0,9.0,Direct Deposit,No,0
255,24998,51,No,48.29,40,Salary,100443.2,299,Marketing,Prefer Not to Answer,Single,8.0,8.0,Direct Deposit,No,17
3365,25001,28,Yes,33.32,40,Salary,69305.59999999999,297,Human_Resources,Female,Divorced,1.0,3.0,Mailed Check,No,0
788,25003,25,No,64.81,40,Salary,134804.80000000002,332,InformationTechnology,Prefer Not to Answer,Married,6.0,15.0,Mailed Check,No,8
1757,25005,21,Yes,52.36,40,Salary,108908.8,127,Manufacturing,Prefer Not to Answer,Divorced,2.0,1.0,Mailed Check,No,15
398,25011,24,Yes,21.87,40,Salary,45489.600000000006,121,Human_Resources,Prefer Not to Answer,Divorced,5.0,22.0,Mailed Check,Yes,16
5713,25016,25,No,21.45,40,Salary,44616.0,429,Information_Technology,Prefer Not to Answer,Married,9.0,19.0,Direct Deposit,No,5
3940,25022,63,Yes,99.04,40,Salary,206003.2,453,Sales,Prefer Not to Answer,Single,6.0,18.0,Mailed Check,No,16
12465,25023,45,Yes,66.5,40,Salary,138320.0,83,Manufacturing,Prefer Not to Answer,Married,9.0,21.0,Direct Deposit,Yes,15
12182,25025,39,No,92.01,40,Salary,191380.80000000002,5,InformationTechnology,Male,Single,1.0,24.0,Mailed Check,Yes,8
12735,25033,46,Yes,22.18,40,Salary,46134.4,175,InformationTechnology,Female,Married,5.0,15.0,Mailed Check,Yes,8
182,25036,27,No,26.94,40,Salary,56035.200000000004,129,Human Resources,Female,Married,5.0,13.0,Mailed Check,Yes,0
2190,25038,31,Yes,81.56,40,Salary,169644.80000000002,38,Human Resources,Male,Single,8.0,13.0,Direct Deposit,Yes,1
5091,25043,40,No,84.04,40,Salary,174803.2,331,Manufacturing,Prefer Not to Answer,Single,5.0,10.0,Mailed Check,No,7
768,25050,41,No,46.08,40,Salary,95846.4,83,Laboratory,Male,Divorced,3.0,21.0,Mailed Check,No,7
1885,25052,18,Yes,85.6,40,Salary,178048.0,322,Sales,Prefer Not to Answer,Married,9.0,22.0,Mailed Check,Yes,0
12097,25054,58,Yes,90.05,40,Salary,187304.0,263,Research,Female,Single,5.0,15.0,Direct Deposit,Yes,26
1386,25055,59,No,44.87,40,Salary,93329.59999999999,393,Human_Resources,Female,Single,9.0,21.0,Mailed Check,Yes,14
4669,25057,59,No,59.19,40,Salary,123115.2,331,Laboratory,Prefer Not to Answer,Single,5.0,13.0,Direct Deposit,No,35
4766,25058,60,Yes,78.67,40,Salary,163633.6,184,Research,Prefer Not to Answer,Single,7.0,8.0,Direct Deposit,No,16
5377,25061,49,No,66.47,40,Salary,138257.6,253,Information_Technology,Prefer Not to Answer,Married,6.0,19.0,Mailed Check,No,14
884,25065,38,No,83.84,40,Salary,174387.2,166,Human_Resources,Female,Married,4.0,23.0,Direct Deposit,No,3
1763,25071,25,No,99.06,40,Salary,206044.80000000002,85,Information_Technology,Prefer Not to Answer,Married,3.0,5.0,Direct Deposit,No,5
4797,25078,53,No,73.16,40,Salary,152172.8,207,Information_Technology,Prefer Not to Answer,Divorced,5.0,22.0,Mailed Check,Yes,12
3264,25083,19,Yes,58.35,40,Salary,121368.0,53,InformationTechnology,Female,Divorced,6.0,11.0,Mailed Check,No,1
2543,25084,56,Yes,39.32,40,Salary,81785.59999999999,472,Information Technology,Prefer Not to Answer,Single,4.0,7.0,Direct Deposit,No,16
4842,25085,50,No,96.41,40,Salary,200532.8,485,Marketing,Male,Divorced,4.0,14.0,Mailed Check,No,8
1469,25090,42,Yes,42.85,40,Salary,89128.0,108,InformationTechnology,Prefer Not to Answer,Married,7.0,14.0,Direct Deposit,No,10
1012,25091,64,Yes,19.93,40,Salary,41454.4,99,Sales,Prefer Not to Answer,Married,8.0,9.0,Direct Deposit,Yes,2
12500,25092,53,No,96.12,40,Salary,199929.6,478,Human_Resources,Male,Divorced,4.0,9.0,Direct Deposit,No,12
3106,25094,55,No,62.89,40,Salary,130811.2,192,Manufacturing,Male,Married,7.0,13.0,Mailed Check,Yes,36
4460,25096,49,Yes,18.63,40,Salary,38750.399999999994,184,InformationTechnology,Male,Divorced,5.0,6.0,Mailed Check,Yes,11
5287,25101,29,Yes,35.42,40,Salary,73673.6,500,Information Technology,Male,Single,3.0,20.0,Mailed Check,Yes,0
3397,25106,34,Yes,61.42,40,Salary,127753.6,483,Laboratory,Prefer Not to Answer,Married,1.0,9.0,Mailed Check,No,8
3559,25108,41,No,85.78,40,Salary,178422.4,98,InformationTechnology,Female,Married,1.0,23.0,Direct Deposit,Yes,13
4723,25117,24,Yes,70.81,40,Salary,147284.80000000002,226,Sales,Female,Married,5.0,24.0,Mailed Check,No,17
1439,25119,31,Yes,48.73,40,Salary,101358.4,158,Information Technology,Prefer Not to Answer,Married,2.0,23.0,Direct Deposit,No,0
12746,25123,54,No,28.41,40,Salary,59092.8,465,Research,Female,Married,15.5,8.0,Direct Deposit,No,15
709,25127,58,No,35.15,40,Salary,73112.0,98,Human_Resources,Male,Divorced,9.0,19.0,Mailed Check,Yes,8
4876,25129,23,No,45.14,40,Salary,93891.2,311,Information Technology,Prefer Not to Answer,Divorced,1.0,1.0,Direct Deposit,No,2
2900,25140,64,No,49.18,40,Salary,102294.40000000001,109,Manufacturing,Male,Divorced,5.0,19.0,Mailed Check,No,17
3439,25142,40,No,96.07,40,Salary,199825.59999999998,399,Sales,Female,Married,2.0,4.0,Direct Deposit,No,8
4187,25144,29,Yes,49.82,40,Salary,103625.59999999999,391,Information_Technology,Female,Married,1.0,15.0,Mailed Check,No,11
4888,25146,63,No,44.84,40,Salary,93267.20000000001,239,Human Resources,Prefer Not to Answer,Single,1.0,39.5,Mailed Check,Yes,19
37,25149,31,No,81.09,40,Salary,168667.2,101,HumanResources,Male,Married,8.0,10.0,Mailed Check,No,6
2094,25151,62,No,79.59,40,Salary,165547.2,438,Sales,Prefer Not to Answer,Married,8.0,7.0,Mailed Check,No,16
1558,25152,28,Yes,57.1,40,Salary,118768.0,429,Human_Resources,Prefer Not to Answer,Married,5.0,21.0,Mailed Check,No,8
4472,25154,63,No,27.99,40,Salary,58219.2,359,Manufacturing,Female,Single,1.0,24.0,Mailed Check,No,26
61,25158,39,No,83.69,40,Salary,174075.19999999998,489,Marketing,Male,Divorced,7.0,22.0,Mailed Check,No,4
850,25163,44,Yes,84.58,40,Salary,175926.4,225,Sales,Prefer Not to Answer,Single,3.0,19.0,Mailed Check,No,12
942,25167,33,Yes,70.91,40,Salary,147492.8,149,Marketing,Male,Single,15.5,2.0,Mailed Check,No,1
4299,25168,38,No,48.39,40,Salary,100651.2,454,Sales,Prefer Not to Answer,Single,15.5,8.0,Mailed Check,Yes,5
2369,25171,34,No,81.02,40,Salary,168521.59999999998,150,Laboratory,Prefer Not to Answer,Married,9.0,24.0,Mailed Check,No,10
186,25172,46,No,93.72,40,Salary,194937.6,447,Information Technology,Male,Single,15.5,23.0,Direct Deposit,No,13
1273,25176,41,Yes,27.43,40,Salary,57054.4,362,Research,Male,Single,2.0,7.0,Mailed Check,No,0
1516,25184,29,Yes,51.55,40,Salary,107224.0,300,Research,Female,Single,7.0,21.0,Mailed Check,No,16
3277,25186,64,No,25.86,40,Salary,53788.8,420,Human Resources,Male,Divorced,8.0,7.0,Mailed Check,No,37
904,25189,25,Yes,64.46,40,Salary,134076.8,224,Healthcare,Female,Married,6.0,19.0,Mailed Check,No,7
12212,25191,60,No,43.85,40,Salary,91208.0,82,Research,Female,Divorced,3.0,7.0,Mailed Check,No,13
1494,25193,38,No,39.29,40,Salary,81723.2,276,Laboratory,Prefer Not to Answer,Divorced,4.0,4.0,Mailed Check,Yes,3
3249,25201,36,No,63.27,40,Salary,131601.6,453,Information Technology,Male,Divorced,4.0,2.0,Mailed Check,No,14
1898,25203,61,Yes,36.39,40,Salary,75691.2,0,Human_Resources,Male,Single,15.5,19.0,Mailed Check,No,10
12039,25212,36,Yes,36.61,40,Salary,76148.8,98,Manufacturing,Prefer Not to Answer,Single,15.5,2.0,Mailed Check,No,0
5011,25214,46,No,89.57,40,Salary,186305.59999999998,71,InformationTechnology,Male,Single,3.0,1.0,Mailed Check,Yes,15
12373,25217,29,No,22.42,40,Salary,46633.600000000006,102,Laboratory,Male,Married,4.0,4.0,Mailed Check,Yes,0
857,25220,48,Yes,43.46,40,Salary,90396.8,472,Human Resources,Female,Single,1.0,9.0,Direct Deposit,Yes,11
14,25224,36,Yes,85.96,40,Salary,178796.8,284,Research,Female,Married,7.0,10.0,Direct Deposit,No,11
5696,25227,44,No,72.58,40,Salary,150966.4,5,Human_Resources,Female,Single,9.0,17.0,Direct Deposit,No,9
2374,25229,57,Yes,97.14,40,Salary,202051.19999999998,273,Human_Resources,Male,Married,3.0,2.0,Direct Deposit,No,37
3692,25231,21,No,34.79,40,Salary,72363.2,56,Sales,Prefer Not to Answer,Single,8.0,39.5,Direct Deposit,No,0
5459,25233,51,Yes,26.8,40,Salary,55744.0,180,Marketing,Male,Married,15.5,5.0,Mailed Check,Yes,3
1756,25236,55,No,20.95,40,Salary,43576.0,469,Research,Prefer Not to Answer,Divorced,1.0,13.0,Direct Deposit,No,5
866,25237,42,Yes,74.06,40,Salary,154044.80000000002,26,Human Resources,Prefer Not to Answer,Single,2.0,19.0,Direct Deposit,No,0
5198,25238,65,Yes,72.62,40,Salary,151049.6,292,InformationTechnology,Female,Married,9.0,22.0,Direct Deposit,Yes,34
13132,25241,31,No,63.79,40,Salary,132683.19999999998,171,HumanResources,Male,Divorced,4.0,11.0,Mailed Check,No,0
2745,25242,19,Yes,69.66,40,Salary,144892.8,288,Information_Technology,Prefer Not to Answer,Single,6.0,16.0,Mailed Check,No,0
4836,25244,62,Yes,81.46,40,Salary,169436.8,424,Information Technology,Male,Single,1.0,16.0,Direct Deposit,No,2
2501,25246,31,No,78.84,40,Salary,163987.2,313,Marketing,Male,Divorced,8.0,15.0,Mailed Check,Yes,5
214,25247,63,No,46.61,40,Salary,96948.8,287,Information Technology,Female,Single,4.0,1.0,Direct Deposit,Yes,14
12512,25252,28,No,19.99,40,Salary,41579.2,353,Laboratory,Female,Married,3.0,21.0,Direct Deposit,No,0
1412,25253,59,No,93.0,40,Salary,193440.0,169,Laboratory,Female,Married,5.0,8.0,Mailed Check,No,9
5716,25254,26,No,82.28,40,Salary,171142.4,36,Human Resources,Prefer Not to Answer,Divorced,15.5,39.5,Mailed Check,Yes,0
3571,25257,23,Yes,72.0,40,Salary,149760.0,116,Information_Technology,Prefer Not to Answer,Single,2.0,7.0,Mailed Check,Yes,0
685,25261,51,Yes,98.89,40,Salary,205691.19999999998,246,HumanResources,Prefer Not to Answer,Divorced,9.0,16.0,Direct Deposit,No,3
2150,25272,38,No,32.46,40,Salary,67516.8,306,Information_Technology,Prefer Not to Answer,Married,4.0,16.0,Direct Deposit,Yes,17
336,25273,53,No,45.25,40,Salary,94120.0,22,InformationTechnology,Male,Married,15.5,13.0,Mailed Check,Yes,23
2841,25276,52,No,71.62,40,Salary,148969.6,397,InformationTechnology,Male,Married,15.5,9.0,Mailed Check,Yes,20
3706,25278,27,Yes,42.8,40,Salary,89024.0,488,Healthcare,Prefer Not to Answer,Single,6.0,14.0,Mailed Check,No,3
4657,25282,31,Yes,80.44,40,Salary,167315.19999999998,326,Sales,Male,Single,6.0,1.0,Mailed Check,No,5
5885,25288,52,Yes,87.64,40,Salary,182291.19999999998,212,Marketing,Prefer Not to Answer,Married,6.0,19.0,Mailed Check,Yes,15
1006,25291,55,Yes,90.62,40,Salary,188489.6,320,Research,Male,Married,8.0,12.0,Direct Deposit,No,12
3374,25294,36,No,18.86,40,Salary,39228.799999999996,313,Human Resources,Prefer Not to Answer,Married,1.0,18.0,Direct Deposit,No,6
1060,25295,64,No,63.82,40,Salary,132745.6,357,InformationTechnology,Male,Single,15.5,2.0,Direct Deposit,No,37
2563,25297,53,No,50.01,40,Salary,104020.79999999999,196,Healthcare,Prefer Not to Answer,Married,9.0,10.0,Mailed Check,No,9
4471,25299,27,No,88.76,40,Salary,184620.80000000002,179,HumanResources,Male,Divorced,15.5,19.0,Direct Deposit,No,0
3883,25302,61,No,80.43,40,Salary,167294.40000000002,154,HumanResources,Female,Single,3.0,14.0,Mailed Check,No,37
87,25303,55,Yes,46.42,40,Salary,96553.6,326,Manufacturing,Prefer Not to Answer,Divorced,2.0,11.0,Direct Deposit,Yes,11
5056,25308,59,No,76.79,40,Salary,159723.2,309,Laboratory,Female,Married,9.0,21.0,Mailed Check,No,12
5961,25311,21,No,69.59,40,Salary,144747.2,110,HumanResources,Male,Married,5.0,12.0,Direct Deposit,No,0
2024,25313,34,No,56.58,40,Salary,117686.4,137,Human_Resources,Female,Married,9.0,1.0,Direct Deposit,No,14
4930,25317,24,No,70.01,40,Salary,145620.80000000002,465,Healthcare,Female,Divorced,8.0,13.0,Direct Deposit,No,15
1065,25318,62,No,89.85,40,Salary,186888.0,51,Laboratory,Male,Married,8.0,25.0,Direct Deposit,No,7
867,25320,52,Yes,20.22,40,Salary,42057.6,158,InformationTechnology,Male,Single,7.0,17.0,Direct Deposit,No,28
3872,25323,58,Yes,19.7,40,Salary,40976.0,478,Manufacturing,Prefer Not to Answer,Divorced,15.5,39.5,Mailed Check,No,37
5292,25331,58,Yes,90.6,40,Salary,188448.0,429,Healthcare,Female,Divorced,6.0,12.0,Mailed Check,No,5
12275,25334,44,Yes,84.94,40,Salary,176675.19999999998,235,Human Resources,Female,Married,1.0,9.0,Mailed Check,No,16
3567,25335,62,Yes,71.05,40,Salary,147784.0,23,Marketing,Female,Single,6.0,18.0,Mailed Check,Yes,28
4453,25338,46,Yes,25.88,40,Salary,53830.4,383,Manufacturing,Prefer Not to Answer,Married,5.0,8.0,Mailed Check,Yes,2
3199,25342,35,Yes,79.21,40,Salary,164756.8,470,Information_Technology,Female,Married,8.0,13.0,Mailed Check,Yes,15
12632,25343,36,No,96.17,40,Salary,200033.6,494,Information_Technology,Prefer Not to Answer,Divorced,5.0,18.0,Mailed Check,No,14
309,25355,63,No,53.73,40,Salary,111758.4,430,HumanResources,Male,Single,3.0,5.0,Direct Deposit,No,6
3854,25356,42,Yes,88.56,40,Salary,184204.80000000002,83,Information_Technology,Female,Single,15.5,2.0,Mailed Check,Yes,0
2354,25361,24,Yes,58.87,40,Salary,122449.59999999999,462,Information_Technology,Female,Married,8.0,11.0,Direct Deposit,Yes,4
5644,25362,64,Yes,52.9,40,Salary,110032.0,234,Human_Resources,Prefer Not to Answer,Married,3.0,20.0,Mailed Check,Yes,17
12432,25363,55,Yes,99.2,40,Salary,206336.0,24,Laboratory,Female,Single,5.0,20.0,Mailed Check,No,14
4481,25364,55,No,62.59,40,Salary,130187.20000000001,377,Healthcare,Male,Divorced,7.0,20.0,Mailed Check,Yes,14
1847,25365,30,No,59.94,40,Salary,124675.2,440,Human Resources,Male,Married,4.0,21.0,Mailed Check,No,0
958,25367,20,No,49.2,40,Salary,102336.0,213,InformationTechnology,Male,Single,8.0,21.0,Mailed Check,No,12
5913,25368,26,Yes,58.83,40,Salary,122366.4,441,Sales,Male,Single,8.0,14.0,Direct Deposit,No,12
516,25371,38,No,20.14,40,Salary,41891.200000000004,386,Information_Technology,Female,Divorced,3.0,23.0,Mailed Check,Yes,10
484,25374,58,Yes,95.48,40,Salary,198598.40000000002,379,HumanResources,Male,Divorced,2.0,3.0,Direct Deposit,Yes,14
12754,25381,51,No,36.29,40,Salary,75483.2,6,HumanResources,Male,Single,8.0,12.0,Mailed Check,No,7
1114,25383,38,Yes,94.31,40,Salary,196164.80000000002,111,InformationTechnology,Prefer Not to Answer,Married,15.5,21.0,Mailed Check,No,8
12665,25386,51,Yes,96.66,40,Salary,201052.8,264,Information Technology,Prefer Not to Answer,Single,8.0,15.0,Mailed Check,No,2
13126,25387,30,No,46.24,40,Salary,96179.20000000001,497,HumanResources,Prefer Not to Answer,Married,9.0,39.5,Direct Deposit,No,0
2728,25389,61,Yes,97.6,40,Salary,203008.0,50,Human_Resources,Prefer Not to Answer,Divorced,9.0,4.0,Direct Deposit,No,9
5132,25395,21,Yes,61.96,40,Salary,128876.8,446,Sales,Female,Divorced,9.0,12.0,Mailed Check,No,0
5888,25396,31,No,94.06,40,Salary,195644.80000000002,55,Human Resources,Prefer Not to Answer,Married,1.0,13.0,Mailed Check,No,0
515,25399,49,No,97.38,40,Salary,202550.4,266,Sales,Male,Single,6.0,15.0,Mailed Check,Yes,10
2484,25405,37,No,22.85,40,Salary,47528.0,462,Information_Technology,Male,Single,8.0,4.0,Mailed Check,No,17
4511,25407,22,No,73.05,40,Salary,151944.0,434,Research,Male,Married,2.0,9.0,Mailed Check,Yes,9
5037,25411,36,Yes,79.56,40,Salary,165484.80000000002,363,Research,Female,Divorced,2.0,19.0,Mailed Check,Yes,0
5772,25413,60,No,58.1,40,Salary,120848.0,254,Human Resources,Male,Single,7.0,25.0,Direct Deposit,No,21
3469,25417,30,Yes,81.27,40,Salary,169041.59999999998,352,Manufacturing,Prefer Not to Answer,Married,3.0,1.0,Direct Deposit,No,6
631,25419,33,Yes,59.33,40,Salary,123406.4,233,Human_Resources,Male,Married,6.0,6.0,Direct Deposit,No,12
5944,25421,33,No,45.24,40,Salary,94099.20000000001,120,Human_Resources,Male,Married,9.0,15.0,Direct Deposit,No,0
5801,25423,54,No,67.02,40,Salary,139401.59999999998,456,Information_Technology,Male,Married,3.0,7.0,Mailed Check,No,13
5235,25424,62,No,50.75,40,Salary,105560.0,477,Laboratory,Prefer Not to Answer,Divorced,5.0,20.0,Direct Deposit,No,37
5865,25425,53,No,24.68,40,Salary,51334.4,183,Manufacturing,Prefer Not to Answer,Single,5.0,9.0,Direct Deposit,No,14
3315,25427,37,Yes,77.07,40,Salary,160305.59999999998,225,HumanResources,Male,Divorced,3.0,5.0,Mailed Check,Yes,17
12155,25429,19,Yes,61.99,40,Salary,128939.2,61,InformationTechnology,Male,Single,7.0,39.5,Direct Deposit,No,7
2540,25434,33,Yes,68.67,40,Salary,142833.6,194,Human Resources,Female,Divorced,3.0,11.0,Direct Deposit,No,15
3161,25436,55,No,28.67,40,Salary,59633.600000000006,188,InformationTechnology,Prefer Not to Answer,Single,15.5,23.0,Mailed Check,No,24
735,25437,43,No,69.91,40,Salary,145412.8,1,HumanResources,Female,Married,5.0,10.0,Direct Deposit,No,0
12232,25439,27,No,92.51,40,Salary,192420.80000000002,228,Information Technology,Male,Married,9.0,24.0,Direct Deposit,No,5
4324,25440,65,No,20.25,40,Salary,42120.0,409,Information_Technology,Female,Married,4.0,23.0,Direct Deposit,No,7
2891,25449,49,No,91.35,40,Salary,190008.0,20,Laboratory,Female,Divorced,3.0,14.0,Mailed Check,Yes,3
2561,25450,42,Yes,25.87,40,Salary,53809.6,204,Information Technology,Male,Divorced,8.0,24.0,Direct Deposit,No,0
732,25452,58,Yes,66.3,40,Salary,137904.0,348,Information Technology,Prefer Not to Answer,Married,9.0,23.0,Mailed Check,No,25
4952,25454,60,No,58.58,40,Salary,121846.4,56,Laboratory,Prefer Not to Answer,Single,6.0,8.0,Mailed Check,No,25
3462,25464,22,Yes,44.78,40,Salary,93142.40000000001,455,Marketing,Prefer Not to Answer,Married,4.0,4.0,Mailed Check,Yes,14
2978,25467,20,Yes,97.14,40,Salary,202051.19999999998,189,Marketing,Female,Single,4.0,5.0,Mailed Check,No,12
992,25471,35,Yes,61.54,40,Salary,128003.2,353,Information Technology,Female,Divorced,4.0,1.0,Mailed Check,Yes,5
506,25472,20,Yes,44.92,40,Salary,93433.6,369,Healthcare,Male,Divorced,6.0,10.0,Mailed Check,No,0
5175,25473,56,No,31.24,40,Salary,64979.2,455,Research,Female,Single,9.0,19.0,Mailed Check,No,20
2461,25474,45,No,96.99,40,Salary,201739.19999999998,358,Sales,Prefer Not to Answer,Married,15.5,25.0,Mailed Check,Yes,13
1425,25478,33,No,35.22,40,Salary,73257.59999999999,472,Manufacturing,Male,Divorced,8.0,20.0,Mailed Check,Yes,0
3391,25484,53,No,92.32,40,Salary,192025.59999999998,58,HumanResources,Female,Married,8.0,9.0,Mailed Check,No,14
12366,25486,48,No,53.78,40,Salary,111862.4,172,Human Resources,Female,Single,8.0,11.0,Direct Deposit,No,12
4282,25487,51,No,88.6,40,Salary,184288.0,21,HumanResources,Male,Married,9.0,10.0,Mailed Check,No,18
870,25489,44,No,17.5,40,Salary,36400.0,379,Information_Technology,Prefer Not to Answer,Single,3.0,23.0,Mailed Check,No,2
209,25492,27,No,53.26,40,Salary,110780.8,45,Healthcare,Male,Divorced,8.0,22.0,Direct Deposit,Yes,0
69,25496,43,No,97.82,40,Salary,203465.59999999998,479,InformationTechnology,Prefer Not to Answer,Married,7.0,13.0,Direct Deposit,Yes,15
266,25498,47,Yes,22.84,40,Salary,47507.200000000004,222,Information_Technology,Prefer Not to Answer,Married,15.5,1.0,Mailed Check,No,21
12262,25500,30,Yes,17.89,40,Salary,37211.200000000004,292,Research,Female,Married,2.0,11.0,Direct Deposit,Yes,7
12552,25508,37,Yes,27.53,40,Salary,57262.4,133,Human_Resources,Prefer Not to Answer,Single,9.0,7.0,Mailed Check,Yes,6
3409,25509,29,Yes,50.77,40,Salary,105601.6,81,Sales,Female,Divorced,6.0,14.0,Direct Deposit,No,0
621,25511,59,No,74.84,40,Salary,155667.2,274,Sales,Male,Divorced,15.5,15.0,Direct Deposit,Yes,25
4658,25520,50,Yes,30.05,40,Salary,62504.0,301,Marketing,Female,Divorced,5.0,5.0,Direct Deposit,No,9
5157,25524,33,No,21.49,40,Salary,44699.2,475,InformationTechnology,Male,Married,7.0,39.5,Mailed Check,No,4
12064,25526,32,Yes,28.35,40,Salary,58968.0,388,Information_Technology,Prefer Not to Answer,Single,9.0,10.0,Mailed Check,No,16
5741,25538,41,No,39.32,40,Salary,81785.59999999999,219,InformationTechnology,Prefer Not to Answer,Married,5.0,24.0,Direct Deposit,No,0
75,25539,20,Yes,83.12,40,Salary,172889.6,221,Human_Resources,Prefer Not to Answer,Single,5.0,39.5,Mailed Check,Yes,17
72,25543,18,Yes,70.38,40,Salary,146390.4,120,InformationTechnology,Male,Single,6.0,18.0,Mailed Check,No,0
3674,25546,41,No,52.59,40,Salary,109387.20000000001,373,Research,Male,Married,15.5,11.0,Mailed Check,Yes,5
3983,25547,57,No,37.03,40,Salary,77022.40000000001,271,Research,Prefer Not to Answer,Single,3.0,16.0,Mailed Check,Yes,13
322,25548,46,No,48.34,40,Salary,100547.20000000001,49,Laboratory,Female,Married,9.0,21.0,Direct Deposit,No,4
64,25549,56,Yes,43.68,40,Salary,90854.40000000001,348,Sales,Prefer Not to Answer,Divorced,9.0,3.0,Direct Deposit,Yes,11
12239,25551,50,Yes,57.36,40,Salary,119308.8,491,InformationTechnology,Female,Single,9.0,13.0,Direct Deposit,No,5
3111,25557,28,No,81.62,40,Salary,169769.6,124,InformationTechnology,Female,Divorced,1.0,12.0,Direct Deposit,Yes,8
4811,25561,30,Yes,46.0,40,Salary,95680.0,266,HumanResources,Prefer Not to Answer,Married,5.0,21.0,Mailed Check,No,2
5566,25562,49,No,47.93,40,Salary,99694.40000000001,127,Healthcare,Female,Divorced,7.0,9.0,Mailed Check,No,6
4487,25565,57,Yes,51.1,40,Salary,106288.0,86,Information_Technology,Prefer Not to Answer,Single,9.0,18.0,Mailed Check,Yes,4
2584,25568,62,Yes,45.3,40,Salary,94224.0,235,Laboratory,Female,Married,7.0,11.0,Mailed Check,Yes,29
368,25573,41,No,29.63,40,Salary,61630.4,389,Healthcare,Male,Married,4.0,1.0,Mailed Check,Yes,9
1945,25574,45,Yes,24.46,40,Salary,50876.8,123,Human_Resources,Prefer Not to Answer,Divorced,8.0,8.0,Mailed Check,No,0
5747,25580,27,No,23.44,40,Salary,48755.200000000004,92,Laboratory,Prefer Not to Answer,Divorced,15.5,10.0,Mailed Check,Yes,8
4642,25581,29,Yes,52.28,40,Salary,108742.4,45,Manufacturing,Male,Married,15.5,8.0,Direct Deposit,Yes,13
527,25584,21,No,82.65,40,Salary,171912.0,130,Sales,Prefer Not to Answer,Divorced,6.0,4.0,Mailed Check,No,2
3605,25591,24,No,93.15,40,Salary,193752.0,120,Manufacturing,Male,Divorced,4.0,20.0,Mailed Check,No,0
2726,25592,32,No,49.9,40,Salary,103792.0,314,Human Resources,Prefer Not to Answer,Single,9.0,2.0,Mailed Check,No,2
5608,25596,49,Yes,19.98,40,Salary,41558.4,489,Healthcare,Prefer Not to Answer,Divorced,9.0,11.0,Mailed Check,Yes,16
1152,25597,29,No,73.99,40,Salary,153899.19999999998,455,Manufacturing,Prefer Not to Answer,Married,8.0,2.0,Mailed Check,Yes,6
1368,25599,60,No,35.74,40,Salary,74339.20000000001,440,Manufacturing,Prefer Not to Answer,Single,5.0,13.0,Direct Deposit,Yes,36
4154,25608,60,No,55.96,40,Salary,116396.8,333,Information Technology,Female,Divorced,15.5,10.0,Mailed Check,No,19
12028,25610,37,Yes,77.06,40,Salary,160284.80000000002,55,InformationTechnology,Prefer Not to Answer,Divorced,2.0,24.0,Mailed Check,Yes,5
4909,25616,47,No,34.5,40,Salary,71760.0,212,Research,Prefer Not to Answer,Divorced,9.0,11.0,Mailed Check,Yes,16
470,25617,31,Yes,97.42,40,Salary,202633.6,182,Information_Technology,Prefer Not to Answer,Single,8.0,9.0,Mailed Check,No,0
2683,25620,53,Yes,62.73,40,Salary,130478.4,174,Human Resources,Female,Divorced,8.0,39.5,Direct Deposit,Yes,35
1508,25621,53,No,88.11,40,Salary,183268.80000000002,191,Laboratory,Female,Divorced,7.0,15.0,Direct Deposit,No,3
1803,25629,25,Yes,32.55,40,Salary,67704.0,170,Marketing,Prefer Not to Answer,Divorced,7.0,20.0,Mailed Check,No,0
4412,25631,46,No,29.6,40,Salary,61568.0,278,HumanResources,Prefer Not to Answer,Married,6.0,25.0,Direct Deposit,No,16
1305,25637,62,No,74.07,40,Salary,154065.59999999998,476,Human Resources,Female,Divorced,4.0,7.0,Mailed Check,No,4
4295,25640,56,Yes,51.41,40,Salary,106932.79999999999,8,Laboratory,Female,Divorced,2.0,25.0,Mailed Check,No,15
3180,25643,21,No,89.5,40,Salary,186160.0,32,Marketing,Prefer Not to Answer,Married,6.0,9.0,Mailed Check,No,6
4653,25644,54,Yes,33.53,40,Salary,69742.40000000001,331,Information_Technology,Prefer Not to Answer,Single,2.0,8.0,Mailed Check,No,19
3561,25647,29,No,99.63,40,Salary,207230.4,292,Information_Technology,Male,Married,7.0,3.0,Direct Deposit,No,12
3489,25650,30,No,77.18,40,Salary,160534.40000000002,161,InformationTechnology,Female,Divorced,7.0,1.0,Mailed Check,Yes,4
813,25652,50,Yes,88.57,40,Salary,184225.59999999998,320,InformationTechnology,Female,Single,6.0,11.0,Direct Deposit,Yes,5
4982,25653,23,Yes,33.33,40,Salary,69326.4,92,Marketing,Male,Married,9.0,1.0,Mailed Check,Yes,0
1831,25660,29,No,46.83,40,Salary,97406.4,317,Sales,Prefer Not to Answer,Divorced,8.0,16.0,Mailed Check,No,0
471,25661,64,No,97.68,40,Salary,203174.40000000002,135,Human Resources,Prefer Not to Answer,Divorced,2.0,20.0,Mailed Check,No,21
5417,25665,64,No,35.49,40,Salary,73819.20000000001,470,Information Technology,Prefer Not to Answer,Married,9.0,19.0,Direct Deposit,No,16
659,25677,53,No,59.56,40,Salary,123884.8,138,Human_Resources,Male,Married,5.0,14.0,Direct Deposit,Yes,27
2095,25679,54,No,36.64,40,Salary,76211.2,40,Laboratory,Female,Divorced,8.0,1.0,Mailed Check,No,13
4196,25681,61,No,68.46,40,Salary,142396.8,48,InformationTechnology,Prefer Not to Answer,Married,15.5,17.0,Mailed Check,No,37
573,25690,63,Yes,39.58,40,Salary,82326.4,467,Sales,Male,Divorced,7.0,1.0,Direct Deposit,No,33
3698,25696,44,Yes,83.18,40,Salary,173014.40000000002,243,Laboratory,Male,Married,5.0,18.0,Mailed Check,No,8
12541,25701,43,No,48.8,40,Salary,101504.0,273,Sales,Prefer Not to Answer,Married,1.0,20.0,Mailed Check,No,20
5714,25702,52,No,95.65,40,Salary,198952.0,320,Healthcare,Prefer Not to Answer,Married,15.5,7.0,Direct Deposit,No,14
1195,25704,57,No,44.09,40,Salary,91707.20000000001,124,Research,Male,Single,6.0,15.0,Mailed Check,No,20
341,25707,59,Yes,28.21,40,Salary,58676.8,159,Sales,Male,Married,6.0,23.0,Mailed Check,Yes,24
1975,25708,18,Yes,58.37,40,Salary,121409.59999999999,212,Laboratory,Prefer Not to Answer,Single,4.0,23.0,Mailed Check,No,0
3068,25710,49,No,37.84,40,Salary,78707.20000000001,272,Information Technology,Female,Divorced,9.0,23.0,Mailed Check,No,9
3730,25711,37,No,90.05,40,Salary,187304.0,227,Human Resources,Prefer Not to Answer,Married,6.0,12.0,Mailed Check,No,18
1331,25716,62,Yes,28.91,40,Salary,60132.8,318,Marketing,Female,Single,3.0,15.0,Direct Deposit,No,20
645,25718,52,No,45.41,40,Salary,94452.79999999999,166,Human_Resources,Male,Married,5.0,9.0,Direct Deposit,Yes,12
1462,25723,21,Yes,97.92,40,Salary,203673.6,490,Human Resources,Female,Single,3.0,4.0,Direct Deposit,Yes,0
1430,25724,26,No,38.36,40,Salary,79788.8,483,Human Resources,Prefer Not to Answer,Divorced,8.0,21.0,Direct Deposit,Yes,6
5933,25728,36,No,29.85,40,Salary,62088.0,472,Sales,Female,Divorced,15.5,4.0,Mailed Check,No,0
4465,25729,63,Yes,87.25,40,Salary,181480.0,280,Healthcare,Male,Single,1.0,6.0,Mailed Check,No,10
2678,25739,57,Yes,77.35,40,Salary,160888.0,383,Information Technology,Male,Married,3.0,13.0,Mailed Check,No,23
12386,25742,60,Yes,24.79,40,Salary,51563.2,378,Research,Female,Single,2.0,17.0,Direct Deposit,No,37
5231,25749,60,No,47.11,40,Salary,97988.8,100,Information_Technology,Female,Divorced,3.0,8.0,Direct Deposit,No,15
1146,25750,35,No,25.04,40,Salary,52083.2,40,Healthcare,Male,Single,6.0,10.0,Mailed Check,Yes,11
5444,25753,56,Yes,30.14,40,Salary,62691.2,101,Research,Male,Single,8.0,23.0,Direct Deposit,No,24
4205,25760,59,Yes,56.94,40,Salary,118435.2,389,InformationTechnology,Female,Divorced,3.0,17.0,Direct Deposit,No,29
4630,25761,44,No,58.24,40,Salary,121139.2,249,Research,Male,Married,3.0,10.0,Direct Deposit,No,14
3305,25764,59,Yes,47.68,40,Salary,99174.40000000001,353,HumanResources,Prefer Not to Answer,Married,8.0,39.5,Mailed Check,No,12
1213,25765,39,Yes,17.69,40,Salary,36795.200000000004,330,Research,Female,Divorced,4.0,20.0,Mailed Check,Yes,0
2287,25766,48,No,62.65,40,Salary,130312.0,460,Information Technology,Prefer Not to Answer,Single,15.5,6.0,Direct Deposit,Yes,1
12102,25767,63,Yes,39.95,40,Salary,83096.0,239,InformationTechnology,Female,Divorced,6.0,16.0,Direct Deposit,No,37
3539,25773,18,Yes,95.38,40,Salary,198390.4,487,Information_Technology,Prefer Not to Answer,Single,5.0,20.0,Mailed Check,No,0
110,25780,61,Yes,61.36,40,Salary,127628.8,67,InformationTechnology,Male,Single,8.0,1.0,Mailed Check,No,17
4717,25781,57,No,78.33,40,Salary,162926.4,430,Information_Technology,Female,Single,9.0,22.0,Mailed Check,No,15
12463,25783,33,No,58.58,40,Salary,121846.4,481,Marketing,Prefer Not to Answer,Married,1.0,18.0,Mailed Check,No,0
12693,25785,23,Yes,37.43,40,Salary,77854.40000000001,115,InformationTechnology,Male,Married,4.0,6.0,Mailed Check,No,0
2417,25786,45,No,86.95,40,Salary,180856.0,223,Research,Male,Married,6.0,10.0,Direct Deposit,No,7
12342,25788,20,No,57.06,40,Salary,118684.8,122,Human_Resources,Male,Single,15.5,14.0,Direct Deposit,Yes,4
2505,25790,43,Yes,97.29,40,Salary,202363.2,434,Laboratory,Female,Married,8.0,7.0,Direct Deposit,Yes,16
2249,25794,39,No,51.13,40,Salary,106350.40000000001,76,Laboratory,Male,Single,6.0,6.0,Mailed Check,No,16
2866,25795,23,No,55.51,40,Salary,115460.8,395,InformationTechnology,Female,Single,1.0,11.0,Mailed Check,Yes,0
3804,25796,52,No,35.31,40,Salary,73444.8,145,Human Resources,Male,Married,5.0,22.0,Direct Deposit,Yes,14
2929,25801,29,Yes,85.14,40,Salary,177091.19999999998,456,Human_Resources,Male,Divorced,5.0,10.0,Mailed Check,No,0
2103,25802,36,No,59.71,40,Salary,124196.8,451,InformationTechnology,Prefer Not to Answer,Single,8.0,15.0,Direct Deposit,Yes,16
12328,25804,62,No,62.29,40,Salary,129563.2,497,Human Resources,Male,Divorced,7.0,21.0,Mailed Check,Yes,7
2962,25814,26,No,92.49,40,Salary,192379.19999999998,190,Laboratory,Female,Married,4.0,22.0,Mailed Check,No,15
2952,25817,53,Yes,68.32,40,Salary,142105.59999999998,431,Marketing,Female,Married,5.0,9.0,Mailed Check,Yes,16
5247,25818,45,No,32.04,40,Salary,66643.2,268,Marketing,Prefer Not to Answer,Divorced,1.0,1.0,Direct Deposit,No,12
12241,25823,38,Yes,24.81,40,Salary,51604.799999999996,385,Healthcare,Female,Single,6.0,13.0,Direct Deposit,Yes,1
3301,25825,63,No,73.49,40,Salary,152859.19999999998,433,Human_Resources,Male,Divorced,8.0,24.0,Mailed Check,Yes,37
1070,25831,65,Yes,67.62,40,Salary,140649.6,464,Information_Technology,Prefer Not to Answer,Married,6.0,17.0,Mailed Check,No,16
5478,25839,23,Yes,80.49,40,Salary,167419.19999999998,112,InformationTechnology,Male,Single,6.0,6.0,Mailed Check,Yes,0
3326,25842,25,No,84.85,40,Salary,176488.0,455,Human Resources,Male,Divorced,15.5,16.0,Direct Deposit,No,0
2810,25845,32,Yes,76.72,40,Salary,159577.6,386,HumanResources,Female,Single,9.0,8.0,Direct Deposit,No,0
13180,25847,54,Yes,64.43,40,Salary,134014.40000000002,115,Information Technology,Male,Married,7.0,7.0,Mailed Check,No,15
4918,25852,59,No,23.98,40,Salary,49878.4,355,Manufacturing,Male,Married,8.0,23.0,Mailed Check,Yes,37
12345,25862,37,No,91.22,40,Salary,189737.6,428,Research,Prefer Not to Answer,Married,9.0,22.0,Mailed Check,Yes,2
4540,25867,33,No,32.95,40,Salary,68536.0,272,Information Technology,Female,Divorced,8.0,9.0,Direct Deposit,Yes,4
2256,25868,50,Yes,75.29,40,Salary,156603.2,249,Sales,Prefer Not to Answer,Divorced,8.0,12.0,Direct Deposit,No,5
12188,25873,22,No,46.03,40,Salary,95742.40000000001,494,Sales,Male,Married,5.0,3.0,Direct Deposit,Yes,2
4318,25875,29,No,39.17,40,Salary,81473.6,58,Information Technology,Female,Divorced,4.0,6.0,Mailed Check,No,0
2494,25880,43,Yes,87.67,40,Salary,182353.6,426,Marketing,Female,Married,1.0,10.0,Direct Deposit,No,3
57,25886,52,Yes,33.71,40,Salary,70116.8,408,Human_Resources,Male,Divorced,15.5,8.0,Direct Deposit,Yes,10
5708,25887,27,Yes,58.36,40,Salary,121388.8,297,Research,Prefer Not to Answer,Single,9.0,5.0,Mailed Check,Yes,3
1090,25888,56,Yes,36.05,40,Salary,74984.0,358,Information_Technology,Prefer Not to Answer,Divorced,7.0,24.0,Mailed Check,No,25
3382,25889,18,Yes,89.01,40,Salary,185140.80000000002,352,Information Technology,Male,Married,8.0,24.0,Direct Deposit,No,5
688,25893,35,Yes,29.63,40,Salary,61630.4,88,Sales,Female,Divorced,2.0,4.0,Direct Deposit,No,0
4210,25896,48,Yes,59.11,40,Salary,122948.8,242,Healthcare,Female,Divorced,3.0,16.0,Mailed Check,No,16
4261,25900,56,Yes,78.18,40,Salary,162614.40000000002,117,Marketing,Female,Married,5.0,9.0,Direct Deposit,No,31
12240,25903,56,Yes,75.32,40,Salary,156665.59999999998,310,Human Resources,Male,Single,1.0,6.0,Direct Deposit,Yes,17
12305,25904,32,No,38.85,40,Salary,80808.0,98,Human_Resources,Female,Divorced,8.0,13.0,Mailed Check,Yes,12
799,25905,32,Yes,59.78,40,Salary,124342.4,274,Research,Female,Divorced,1.0,18.0,Direct Deposit,No,0
1170,25915,48,Yes,98.52,40,Salary,204921.59999999998,441,Human Resources,Male,Single,5.0,2.0,Mailed Check,No,19
4917,25919,22,Yes,95.99,40,Salary,199659.19999999998,198,Human_Resources,Female,Married,3.0,10.0,Direct Deposit,Yes,3
438,25921,33,No,51.68,40,Salary,107494.4,288,Human Resources,Female,Married,7.0,14.0,Mailed Check,Yes,15
1954,25923,36,No,96.93,40,Salary,201614.40000000002,71,Healthcare,Prefer Not to Answer,Single,8.0,18.0,Mailed Check,Yes,12
3710,25925,63,No,61.48,40,Salary,127878.4,172,Manufacturing,Male,Divorced,3.0,23.0,Mailed Check,No,20
4079,25927,24,Yes,34.97,40,Salary,72737.59999999999,349,Human_Resources,Male,Single,9.0,23.0,Direct Deposit,Yes,0
12271,25929,23,No,32.22,40,Salary,67017.59999999999,495,Human Resources,Male,Divorced,4.0,19.0,Direct Deposit,No,0
4886,25932,58,No,36.44,40,Salary,75795.2,71,Healthcare,Prefer Not to Answer,Single,3.0,16.0,Mailed Check,No,4
420,25933,26,No,21.17,40,Salary,44033.600000000006,386,InformationTechnology,Prefer Not to Answer,Married,3.0,25.0,Direct Deposit,No,7
594,25936,47,No,91.24,40,Salary,189779.19999999998,415,Sales,Male,Divorced,7.0,1.0,Direct Deposit,Yes,3
4191,25945,62,Yes,93.19,40,Salary,193835.19999999998,144,Information Technology,Prefer Not to Answer,Divorced,9.0,15.0,Mailed Check,No,32
2581,25948,44,Yes,39.8,40,Salary,82784.0,430,Research,Female,Divorced,1.0,9.0,Mailed Check,Yes,8
5042,25949,38,Yes,69.64,40,Salary,144851.19999999998,307,Laboratory,Female,Divorced,5.0,7.0,Direct Deposit,No,3
2002,25951,49,No,83.22,40,Salary,173097.6,340,InformationTechnology,Prefer Not to Answer,Married,9.0,17.0,Direct Deposit,Yes,15
3120,25952,61,Yes,79.28,40,Salary,164902.4,470,Manufacturing,Male,Married,1.0,11.0,Mailed Check,Yes,37
908,25957,42,Yes,17.88,40,Salary,37190.399999999994,300,Human Resources,Prefer Not to Answer,Single,7.0,18.0,Mailed Check,Yes,10
4064,25959,55,No,19.88,40,Salary,41350.399999999994,463,Sales,Prefer Not to Answer,Divorced,7.0,3.0,Mailed Check,No,9
12765,25961,37,Yes,78.02,40,Salary,162281.59999999998,282,Information Technology,Female,Married,8.0,17.0,Mailed Check,Yes,11
3088,25963,32,No,27.9,40,Salary,58032.0,461,HumanResources,Prefer Not to Answer,Single,6.0,2.0,Direct Deposit,No,0
5777,25965,57,Yes,26.63,40,Salary,55390.4,215,Sales,Prefer Not to Answer,Divorced,9.0,13.0,Direct Deposit,No,15
5819,25970,34,Yes,52.13,40,Salary,108430.40000000001,475,Manufacturing,Male,Single,5.0,20.0,Direct Deposit,No,17
5262,25971,58,No,94.59,40,Salary,196747.2,127,Sales,Prefer Not to Answer,Single,8.0,6.0,Mailed Check,No,6
2083,25975,48,Yes,29.75,40,Salary,61880.0,174,Marketing,Female,Divorced,7.0,2.0,Direct Deposit,No,2
12075,25976,43,No,86.48,40,Salary,179878.40000000002,397,InformationTechnology,Prefer Not to Answer,Divorced,3.0,2.0,Mailed Check,No,6
5304,25977,47,No,73.28,40,Salary,152422.4,59,Laboratory,Male,Married,5.0,20.0,Mailed Check,No,3
5165,25980,26,No,71.94,40,Salary,149635.19999999998,85,Laboratory,Male,Single,7.0,17.0,Direct Deposit,No,0
12496,25985,21,No,71.78,40,Salary,149302.4,287,Research,Prefer Not to Answer,Divorced,9.0,17.0,Mailed Check,No,0
143,25989,60,Yes,89.65,40,Salary,186472.0,237,Human_Resources,Male,Single,3.0,7.0,Mailed Check,Yes,21
1932,25993,27,No,89.42,40,Salary,185993.6,389,Information_Technology,Prefer Not to Answer,Single,2.0,3.0,Mailed Check,No,3
5572,26000,34,No,81.62,40,Salary,169769.6,259,Laboratory,Prefer Not to Answer,Divorced,4.0,7.0,Direct Deposit,No,14
642,26007,39,No,72.45,40,Salary,150696.0,424,Human_Resources,Prefer Not to Answer,Divorced,7.0,12.0,Direct Deposit,No,14
5744,26010,34,Yes,97.4,40,Salary,202592.0,486,Marketing,Male,Divorced,3.0,39.5,Mailed Check,No,14
466,26011,21,Yes,77.74,40,Salary,161699.19999999998,207,Research,Female,Married,2.0,14.0,Direct Deposit,No,0
789,26012,36,Yes,95.45,40,Salary,198536.0,321,Human_Resources,Male,Divorced,3.0,13.0,Mailed Check,Yes,11
12217,26013,39,No,48.94,40,Salary,101795.2,413,Laboratory,Prefer Not to Answer,Divorced,1.0,12.0,Mailed Check,Yes,0
12764,26020,35,No,79.43,40,Salary,165214.40000000002,483,Sales,Female,Single,2.0,1.0,Mailed Check,No,0
604,26030,35,Yes,72.18,40,Salary,150134.40000000002,302,Marketing,Prefer Not to Answer,Divorced,15.5,2.0,Mailed Check,Yes,14
38,26038,33,Yes,51.39,40,Salary,106891.2,224,Human Resources,Female,Divorced,9.0,15.0,Direct Deposit,Yes,10
94,26039,39,Yes,35.58,40,Salary,74006.4,245,Research,Male,Single,2.0,3.0,Mailed Check,No,6
3518,26048,37,No,77.6,40,Salary,161408.0,86,Human_Resources,Prefer Not to Answer,Single,6.0,23.0,Mailed Check,Yes,0
4635,26051,44,Yes,43.97,40,Salary,91457.59999999999,155,Human_Resources,Male,Divorced,4.0,11.0,Mailed Check,No,0
3704,26057,23,No,75.88,40,Salary,157830.4,429,Sales,Female,Single,7.0,22.0,Direct Deposit,No,2
12594,26058,24,No,94.8,40,Salary,197184.0,303,Human Resources,Male,Single,6.0,20.0,Direct Deposit,No,0
3357,26061,25,No,89.71,40,Salary,186596.8,46,Information_Technology,Female,Single,1.0,12.0,Mailed Check,No,0
3862,26078,29,No,88.36,40,Salary,183788.80000000002,206,Human_Resources,Prefer Not to Answer,Married,6.0,11.0,Direct Deposit,No,0
2662,26079,20,No,58.52,40,Salary,121721.6,326,Information_Technology,Prefer Not to Answer,Married,15.5,24.0,Mailed Check,No,12
4858,26081,29,No,84.55,40,Salary,175864.0,282,Manufacturing,Prefer Not to Answer,Divorced,2.0,19.0,Mailed Check,No,15
3441,26088,45,No,65.46,40,Salary,136156.8,37,Research,Male,Married,7.0,9.0,Mailed Check,No,14
12148,26090,30,Yes,38.02,40,Salary,79081.6,9,Research,Prefer Not to Answer,Divorced,6.0,18.0,Direct Deposit,Yes,1
2471,26091,61,No,50.46,40,Salary,104956.8,85,Information_Technology,Prefer Not to Answer,Single,15.5,10.0,Direct Deposit,Yes,36
3767,26093,54,Yes,88.08,40,Salary,183206.4,165,Human_Resources,Male,Single,9.0,3.0,Direct Deposit,Yes,21
3592,26096,65,No,46.89,40,Salary,97531.2,379,Information Technology,Female,Married,15.5,7.0,Mailed Check,No,14
5832,26097,43,No,55.15,40,Salary,114712.0,16,Information Technology,Prefer Not to Answer,Married,6.0,22.0,Direct Deposit,No,8
12282,26102,63,No,59.37,40,Salary,123489.59999999999,300,InformationTechnology,Female,Married,4.0,20.0,Direct Deposit,No,9
4344,26107,65,Yes,97.82,40,Salary,203465.59999999998,363,Healthcare,Prefer Not to Answer,Divorced,4.0,13.0,Direct Deposit,Yes,37
2214,26113,23,Yes,40.04,40,Salary,83283.2,313,Manufacturing,Female,Married,9.0,20.0,Mailed Check,No,0
3037,26116,56,Yes,98.01,40,Salary,203860.80000000002,190,Information Technology,Prefer Not to Answer,Divorced,3.0,22.0,Mailed Check,No,14
4878,26126,57,No,58.9,40,Salary,122512.0,146,Information Technology,Prefer Not to Answer,Divorced,5.0,8.0,Mailed Check,No,20
4924,26128,57,Yes,30.9,40,Salary,64272.0,428,Human_Resources,Male,Single,1.0,5.0,Mailed Check,No,23
3156,26133,60,Yes,82.5,40,Salary,171600.0,351,Marketing,Female,Single,7.0,8.0,Direct Deposit,Yes,25
567,26141,36,Yes,27.73,40,Salary,57678.4,2,Information_Technology,Male,Divorced,15.5,22.0,Mailed Check,Yes,0
489,26145,52,No,20.16,40,Salary,41932.799999999996,134,Human_Resources,Male,Married,5.0,4.0,Direct Deposit,Yes,29
96,26150,27,Yes,61.91,40,Salary,128772.79999999999,242,Laboratory,Male,Single,8.0,23.0,Direct Deposit,No,8
1713,26152,28,Yes,49.41,40,Salary,102772.79999999999,92,HumanResources,Female,Divorced,5.0,10.0,Direct Deposit,Yes,0
5520,26154,48,Yes,76.44,40,Salary,158995.19999999998,360,Manufacturing,Male,Married,8.0,24.0,Direct Deposit,Yes,21
4425,26155,36,No,60.75,40,Salary,126360.0,387,Manufacturing,Female,Married,4.0,14.0,Direct Deposit,No,0
5462,26156,38,No,52.02,40,Salary,108201.6,26,Laboratory,Prefer Not to Answer,Divorced,4.0,6.0,Direct Deposit,No,8
2987,26160,56,Yes,61.82,40,Salary,128585.6,18,InformationTechnology,Female,Divorced,2.0,25.0,Direct Deposit,No,10
1408,26163,42,No,69.88,40,Salary,145350.4,341,Research,Male,Single,4.0,5.0,Mailed Check,Yes,23
122,26165,21,Yes,71.38,40,Salary,148470.4,33,Research,Female,Married,5.0,25.0,Direct Deposit,No,0
4714,26167,64,No,23.7,40,Salary,49296.0,417,Human_Resources,Female,Divorced,1.0,2.0,Mailed Check,No,29
895,26169,44,No,17.51,40,Salary,36420.8,48,Human_Resources,Prefer Not to Answer,Single,15.5,19.0,Mailed Check,No,13
4690,26170,21,Yes,99.17,40,Salary,206273.6,63,Marketing,Male,Single,6.0,9.0,Direct Deposit,No,0
2744,26171,48,No,61.42,40,Salary,127753.6,427,Manufacturing,Male,Married,4.0,22.0,Direct Deposit,No,28
3994,26183,38,No,81.0,40,Salary,168480.0,330,Information Technology,Female,Divorced,15.5,10.0,Mailed Check,No,7
12269,26186,35,No,84.04,40,Salary,174803.2,16,InformationTechnology,Prefer Not to Answer,Married,9.0,9.0,Mailed Check,No,1
4293,26190,25,Yes,38.7,40,Salary,80496.0,472,Manufacturing,Male,Married,5.0,12.0,Mailed Check,Yes,0
5921,26192,45,Yes,41.0,40,Salary,85280.0,354,Marketing,Prefer Not to Answer,Single,4.0,8.0,Mailed Check,Yes,16
1277,26193,40,No,75.72,40,Salary,157497.6,290,Marketing,Male,Married,15.5,24.0,Mailed Check,No,16
3354,26194,56,No,59.84,40,Salary,124467.20000000001,489,Human_Resources,Male,Divorced,7.0,6.0,Mailed Check,No,19
3840,26196,28,Yes,58.11,40,Salary,120868.8,213,Laboratory,Prefer Not to Answer,Divorced,4.0,39.5,Direct Deposit,No,0
4571,26197,59,Yes,46.64,40,Salary,97011.2,107,Laboratory,Male,Married,8.0,17.0,Mailed Check,No,16
5561,26199,49,Yes,81.37,40,Salary,169249.6,461,Information Technology,Male,Married,5.0,2.0,Direct Deposit,No,9
5007,26200,49,No,43.24,40,Salary,89939.20000000001,255,Human Resources,Male,Married,15.5,24.0,Mailed Check,No,22
73,26201,34,No,77.91,40,Salary,162052.8,181,Manufacturing,Female,Married,1.0,14.0,Direct Deposit,No,6
2967,26203,44,Yes,67.47,40,Salary,140337.6,491,Information_Technology,Female,Married,2.0,15.0,Direct Deposit,Yes,14
1889,26207,25,Yes,57.12,40,Salary,118809.59999999999,396,Manufacturing,Prefer Not to Answer,Single,1.0,12.0,Direct Deposit,No,3
948,26216,62,Yes,37.88,40,Salary,78790.40000000001,134,Manufacturing,Prefer Not to Answer,Married,3.0,6.0,Mailed Check,No,13
5827,26220,18,Yes,77.03,40,Salary,160222.4,79,HumanResources,Prefer Not to Answer,Single,2.0,20.0,Mailed Check,No,0
12365,26221,40,No,91.23,40,Salary,189758.40000000002,385,Research,Female,Divorced,6.0,23.0,Direct Deposit,No,0
649,26224,29,No,26.84,40,Salary,55827.2,425,Marketing,Female,Married,8.0,15.0,Direct Deposit,No,7
1044,26225,64,Yes,18.16,40,Salary,37772.799999999996,349,InformationTechnology,Prefer Not to Answer,Married,3.0,23.0,Mailed Check,No,37
4466,26226,25,No,69.93,40,Salary,145454.40000000002,44,HumanResources,Female,Single,3.0,25.0,Mailed Check,No,0
5391,26228,27,No,45.44,40,Salary,94515.2,332,Sales,Prefer Not to Answer,Divorced,9.0,5.0,Direct Deposit,No,13
12138,26231,53,Yes,65.73,40,Salary,136718.40000000002,289,Laboratory,Prefer Not to Answer,Married,15.5,21.0,Direct Deposit,No,14
2931,26232,22,Yes,35.99,40,Salary,74859.20000000001,92,Human_Resources,Male,Divorced,5.0,10.0,Mailed Check,No,16
4327,26234,63,No,58.41,40,Salary,121492.79999999999,242,Information Technology,Male,Divorced,4.0,14.0,Direct Deposit,Yes,18
2719,26241,44,Yes,78.38,40,Salary,163030.4,342,Laboratory,Female,Divorced,9.0,24.0,Mailed Check,No,4
10,26251,58,Yes,38.69,40,Salary,80475.2,429,Laboratory,Prefer Not to Answer,Single,7.0,2.0,Mailed Check,Yes,22
3449,26252,56,No,59.61,40,Salary,123988.8,12,Laboratory,Male,Single,7.0,10.0,Mailed Check,No,8
5380,26257,61,No,55.04,40,Salary,114483.2,38,Manufacturing,Female,Single,4.0,16.0,Mailed Check,No,20
5475,26258,56,Yes,33.94,40,Salary,70595.2,309,Healthcare,Female,Single,1.0,1.0,Mailed Check,No,35
3322,26259,34,Yes,64.4,40,Salary,133952.0,220,Human_Resources,Male,Single,9.0,21.0,Direct Deposit,No,11
1897,26261,61,No,41.58,40,Salary,86486.4,489,Healthcare,Male,Divorced,5.0,3.0,Mailed Check,Yes,10
5999,26266,41,Yes,68.97,40,Salary,143457.6,241,Information Technology,Male,Married,2.0,16.0,Direct Deposit,Yes,14
4588,26273,44,No,97.9,40,Salary,203632.0,455,Information_Technology,Female,Married,9.0,21.0,Mailed Check,Yes,16
3525,26276,46,No,38.55,40,Salary,80184.0,497,Laboratory,Female,Single,7.0,10.0,Mailed Check,No,4
2071,26277,54,Yes,99.88,40,Salary,207750.4,464,Research,Female,Single,8.0,2.0,Direct Deposit,No,8
1498,26280,60,Yes,73.89,40,Salary,153691.19999999998,246,Research,Prefer Not to Answer,Married,5.0,4.0,Mailed Check,No,29
3787,26284,21,Yes,55.55,40,Salary,115544.0,391,Sales,Female,Married,5.0,7.0,Direct Deposit,No,0
5033,26285,29,Yes,71.74,40,Salary,149219.19999999998,3,Healthcare,Male,Single,7.0,14.0,Direct Deposit,No,0
12605,26287,58,No,85.28,40,Salary,177382.4,345,Research,Male,Divorced,6.0,11.0,Mailed Check,Yes,3
1110,26291,22,Yes,81.29,40,Salary,169083.2,428,Manufacturing,Male,Divorced,1.0,1.0,Mailed Check,No,0
12113,26295,22,No,51.52,40,Salary,107161.6,77,HumanResources,Female,Divorced,3.0,6.0,Direct Deposit,No,0
569,26300,37,No,26.03,40,Salary,54142.4,307,Healthcare,Female,Divorced,9.0,39.5,Mailed Check,No,4
5807,26304,45,No,37.14,40,Salary,77251.2,272,Sales,Prefer Not to Answer,Married,7.0,22.0,Direct Deposit,No,10
5619,26311,65,No,29.68,40,Salary,61734.4,126,Laboratory,Prefer Not to Answer,Single,5.0,20.0,Mailed Check,Yes,29
5854,26312,64,No,97.04,40,Salary,201843.2,413,Marketing,Female,Divorced,4.0,13.0,Mailed Check,Yes,37
12614,26315,19,Yes,50.74,40,Salary,105539.20000000001,227,Laboratory,Male,Single,9.0,14.0,Mailed Check,Yes,16
3001,26319,39,No,69.24,40,Salary,144019.19999999998,248,Information_Technology,Male,Single,6.0,14.0,Mailed Check,Yes,12
2124,26323,45,Yes,63.83,40,Salary,132766.4,83,Marketing,Male,Married,15.5,25.0,Direct Deposit,No,12
3823,26333,49,Yes,50.16,40,Salary,104332.79999999999,70,Sales,Female,Divorced,7.0,18.0,Direct Deposit,No,13
12643,26337,49,No,98.52,40,Salary,204921.59999999998,458,Laboratory,Prefer Not to Answer,Married,8.0,8.0,Mailed Check,No,27
1185,26339,46,Yes,50.44,40,Salary,104915.2,321,InformationTechnology,Female,Married,9.0,20.0,Direct Deposit,No,1
4489,26342,21,No,82.33,40,Salary,171246.4,11,Human Resources,Male,Single,3.0,1.0,Mailed Check,No,11
2945,26345,43,Yes,17.33,40,Salary,36046.399999999994,460,Human_Resources,Prefer Not to Answer,Married,3.0,2.0,Direct Deposit,Yes,5
381,26346,47,Yes,50.21,40,Salary,104436.8,481,Marketing,Male,Single,8.0,9.0,Direct Deposit,No,17
2437,26348,27,Yes,62.36,40,Salary,129708.8,349,Healthcare,Prefer Not to Answer,Married,8.0,7.0,Mailed Check,No,14
1683,26351,55,No,95.49,40,Salary,198619.19999999998,309,Laboratory,Female,Divorced,3.0,1.0,Direct Deposit,No,15
55,26353,24,Yes,43.24,40,Salary,89939.20000000001,309,Manufacturing,Female,Married,9.0,1.0,Mailed Check,No,2
4995,26358,19,No,91.75,40,Salary,190840.0,249,Research,Female,Married,2.0,24.0,Mailed Check,No,0
2295,26359,20,Yes,85.82,40,Salary,178505.59999999998,93,Human Resources,Female,Married,5.0,11.0,Direct Deposit,Yes,0
1943,26363,43,Yes,89.4,40,Salary,185952.0,215,InformationTechnology,Prefer Not to Answer,Divorced,1.0,25.0,Mailed Check,No,15
12779,26364,65,No,72.21,40,Salary,150196.8,48,Human Resources,Male,Married,3.0,25.0,Direct Deposit,No,28
1859,26366,41,No,88.68,40,Salary,184454.40000000002,486,Human_Resources,Prefer Not to Answer,Single,3.0,20.0,Mailed Check,Yes,0
1730,26367,39,No,73.1,40,Salary,152048.0,344,Healthcare,Male,Single,3.0,16.0,Direct Deposit,Yes,9
4716,26373,58,No,59.41,40,Salary,123572.79999999999,182,HumanResources,Male,Single,8.0,4.0,Mailed Check,No,27
12360,26380,41,Yes,40.2,40,Salary,83616.0,429,Information Technology,Male,Divorced,3.0,25.0,Mailed Check,Yes,6
3254,26381,43,No,25.54,40,Salary,53123.2,473,Human Resources,Male,Divorced,5.0,1.0,Mailed Check,No,16
2565,26386,20,No,98.66,40,Salary,205212.8,297,InformationTechnology,Female,Single,2.0,7.0,Direct Deposit,No,0
1458,26387,32,Yes,66.34,40,Salary,137987.2,488,Manufacturing,Male,Married,6.0,14.0,Direct Deposit,No,14
12313,26388,21,Yes,81.47,40,Salary,169457.6,184,Research,Male,Married,15.5,13.0,Mailed Check,No,0
5211,26392,29,No,50.88,40,Salary,105830.40000000001,295,Laboratory,Male,Divorced,8.0,3.0,Direct Deposit,Yes,0
2252,26394,63,No,30.97,40,Salary,64417.6,208,Information_Technology,Prefer Not to Answer,Divorced,3.0,3.0,Direct Deposit,No,30
5352,26395,30,No,26.39,40,Salary,54891.2,8,Information_Technology,Female,Divorced,4.0,39.5,Direct Deposit,No,11
4648,26396,34,No,97.83,40,Salary,203486.4,162,Healthcare,Male,Single,8.0,16.0,Mailed Check,No,3
1929,26398,24,No,75.46,40,Salary,156956.8,242,Research,Prefer Not to Answer,Divorced,15.5,19.0,Direct Deposit,No,0
1399,26399,35,Yes,62.87,40,Salary,130769.59999999999,419,Marketing,Female,Married,8.0,13.0,Mailed Check,No,8
4136,26402,56,No,25.8,40,Salary,53664.0,120,InformationTechnology,Prefer Not to Answer,Divorced,8.0,20.0,Direct Deposit,No,10
145,26404,61,Yes,58.82,40,Salary,122345.6,202,Information_Technology,Prefer Not to Answer,Married,7.0,25.0,Mailed Check,No,28
2435,26407,46,Yes,97.75,40,Salary,203320.0,241,Healthcare,Male,Single,5.0,3.0,Mailed Check,Yes,13
3046,26410,18,No,93.74,40,Salary,194979.19999999998,45,HumanResources,Female,Married,8.0,5.0,Direct Deposit,No,7
2968,26412,31,No,64.71,40,Salary,134596.8,140,Human_Resources,Prefer Not to Answer,Married,15.5,18.0,Mailed Check,Yes,1
2770,26413,25,Yes,91.93,40,Salary,191214.40000000002,67,Sales,Female,Married,4.0,9.0,Mailed Check,No,7
12583,26415,19,No,66.42,40,Salary,138153.6,275,Human Resources,Prefer Not to Answer,Divorced,2.0,4.0,Mailed Check,No,0
5493,26418,41,Yes,94.14,40,Salary,195811.19999999998,130,Information Technology,Prefer Not to Answer,Married,3.0,14.0,Mailed Check,No,7
1601,26421,23,No,33.04,40,Salary,68723.2,32,Information Technology,Male,Divorced,8.0,5.0,Direct Deposit,No,0
1342,26425,19,Yes,50.03,40,Salary,104062.40000000001,146,Healthcare,Female,Married,4.0,6.0,Mailed Check,No,0
1964,26429,59,Yes,39.28,40,Salary,81702.40000000001,170,Sales,Prefer Not to Answer,Single,8.0,5.0,Mailed Check,No,14
497,26430,35,Yes,41.36,40,Salary,86028.8,330,Information_Technology,Female,Divorced,6.0,5.0,Direct Deposit,Yes,12
2079,26431,64,No,28.19,40,Salary,58635.200000000004,415,Information Technology,Female,Divorced,8.0,39.5,Mailed Check,Yes,14
4990,26437,56,Yes,69.67,40,Salary,144913.6,262,Manufacturing,Female,Divorced,6.0,20.0,Mailed Check,Yes,11
1201,26438,20,Yes,69.02,40,Salary,143561.59999999998,240,Information Technology,Female,Divorced,5.0,19.0,Mailed Check,No,0
1823,26440,53,No,49.12,40,Salary,102169.59999999999,166,Research,Male,Married,7.0,24.0,Mailed Check,No,25
5375,26441,57,No,78.64,40,Salary,163571.19999999998,342,Healthcare,Prefer Not to Answer,Married,1.0,8.0,Mailed Check,Yes,32
5859,26443,22,No,55.31,40,Salary,115044.8,109,Marketing,Female,Married,15.5,7.0,Direct Deposit,No,0
13115,26445,29,No,51.38,40,Salary,106870.40000000001,330,Healthcare,Female,Married,9.0,21.0,Direct Deposit,No,15
591,26446,41,Yes,91.13,40,Salary,189550.4,101,Healthcare,Male,Married,2.0,10.0,Mailed Check,No,21
5308,26449,55,No,79.19,40,Salary,164715.19999999998,380,Information Technology,Prefer Not to Answer,Divorced,5.0,20.0,Direct Deposit,No,8
4360,26450,27,Yes,75.65,40,Salary,157352.0,309,InformationTechnology,Male,Divorced,9.0,10.0,Direct Deposit,No,8
1357,26452,24,No,59.02,40,Salary,122761.6,211,InformationTechnology,Prefer Not to Answer,Married,2.0,16.0,Direct Deposit,Yes,11
4945,26454,23,No,79.91,40,Salary,166212.8,455,Research,Female,Divorced,1.0,23.0,Direct Deposit,No,0
3982,26460,55,Yes,56.27,40,Salary,117041.6,272,Sales,Prefer Not to Answer,Single,1.0,13.0,Direct Deposit,No,5
12287,26466,24,Yes,34.96,40,Salary,72716.8,298,Human Resources,Prefer Not to Answer,Divorced,3.0,21.0,Direct Deposit,No,0
4061,26476,62,No,56.47,40,Salary,117457.6,229,Information Technology,Female,Married,4.0,13.0,Direct Deposit,No,35
2476,26482,25,No,63.97,40,Salary,133057.6,185,Research,Male,Divorced,8.0,24.0,Direct Deposit,Yes,2
3773,26486,18,Yes,36.35,40,Salary,75608.0,341,Human_Resources,Prefer Not to Answer,Divorced,8.0,9.0,Direct Deposit,Yes,5
2669,26488,62,No,19.43,40,Salary,40414.4,383,HumanResources,Prefer Not to Answer,Married,3.0,14.0,Mailed Check,Yes,34
2660,26493,37,No,33.56,40,Salary,69804.8,193,Laboratory,Female,Divorced,8.0,6.0,Mailed Check,Yes,2
660,26497,37,Yes,52.85,40,Salary,109928.0,171,Information_Technology,Female,Married,7.0,15.0,Mailed Check,No,0
5677,26501,25,No,32.25,40,Salary,67080.0,466,Human Resources,Female,Divorced,5.0,14.0,Direct Deposit,Yes,2
2170,26512,45,No,83.78,40,Salary,174262.4,372,Information Technology,Female,Married,15.5,9.0,Mailed Check,Yes,17
5745,26523,42,No,69.98,40,Salary,145558.40000000002,69,Information_Technology,Prefer Not to Answer,Single,6.0,8.0,Mailed Check,No,12
5628,26529,33,No,47.28,40,Salary,98342.40000000001,233,Information_Technology,Male,Divorced,7.0,18.0,Mailed Check,No,8
76,26531,35,No,67.58,40,Salary,140566.4,186,Human_Resources,Prefer Not to Answer,Single,3.0,3.0,Mailed Check,Yes,0
548,26532,45,Yes,73.28,40,Salary,152422.4,220,Human Resources,Female,Married,1.0,5.0,Mailed Check,Yes,2
1597,26533,54,Yes,34.92,40,Salary,72633.6,399,Manufacturing,Prefer Not to Answer,Divorced,1.0,10.0,Mailed Check,No,11
2624,26535,44,Yes,66.06,40,Salary,137404.80000000002,302,Healthcare,Female,Single,8.0,5.0,Direct Deposit,No,19
593,26538,26,Yes,76.72,40,Salary,159577.6,342,Manufacturing,Female,Single,2.0,7.0,Mailed Check,No,2
3522,26542,63,No,37.95,40,Salary,78936.0,204,Sales,Female,Married,15.5,1.0,Direct Deposit,Yes,13
3225,26545,40,Yes,70.78,40,Salary,147222.4,497,Human_Resources,Male,Divorced,3.0,12.0,Mailed Check,No,20
12491,26548,26,Yes,58.19,40,Salary,121035.2,260,Information_Technology,Male,Married,4.0,5.0,Direct Deposit,No,0
1251,26550,21,Yes,73.42,40,Salary,152713.6,166,Information_Technology,Prefer Not to Answer,Married,6.0,2.0,Direct Deposit,No,8
2292,26561,23,No,72.22,40,Salary,150217.6,122,Manufacturing,Prefer Not to Answer,Married,1.0,24.0,Direct Deposit,Yes,0
2146,26566,54,No,64.33,40,Salary,133806.4,435,Human Resources,Male,Divorced,3.0,22.0,Direct Deposit,No,22
5679,26572,31,No,39.03,40,Salary,81182.40000000001,37,InformationTechnology,Female,Married,8.0,8.0,Mailed Check,Yes,0
4399,26574,26,Yes,94.54,40,Salary,196643.2,433,Laboratory,Prefer Not to Answer,Divorced,8.0,9.0,Direct Deposit,Yes,0
5170,26575,50,Yes,42.54,40,Salary,88483.2,124,Marketing,Female,Single,3.0,15.0,Direct Deposit,No,25
5047,26577,20,Yes,46.73,40,Salary,97198.4,41,Marketing,Female,Divorced,6.0,3.0,Mailed Check,Yes,0
2572,26578,43,No,26.6,40,Salary,55328.0,289,Marketing,Prefer Not to Answer,Married,1.0,12.0,Direct Deposit,Yes,17
4907,26581,62,Yes,77.68,40,Salary,161574.40000000002,267,HumanResources,Male,Single,2.0,24.0,Mailed Check,Yes,33
3948,26582,45,No,36.25,40,Salary,75400.0,314,Sales,Prefer Not to Answer,Single,15.5,23.0,Mailed Check,No,16
12404,26584,55,Yes,85.05,40,Salary,176904.0,103,Laboratory,Female,Married,6.0,14.0,Direct Deposit,Yes,20
5112,26587,52,Yes,32.3,40,Salary,67184.0,63,Healthcare,Female,Single,1.0,2.0,Direct Deposit,No,8
12589,26591,34,Yes,80.35,40,Salary,167128.0,500,HumanResources,Prefer Not to Answer,Divorced,6.0,20.0,Mailed Check,No,17
12140,26593,38,No,64.46,40,Salary,134076.8,54,Information_Technology,Male,Married,1.0,5.0,Direct Deposit,No,8
2016,26594,65,Yes,64.65,40,Salary,134472.0,150,Manufacturing,Male,Single,4.0,19.0,Direct Deposit,No,6
526,26595,59,No,17.38,40,Salary,36150.399999999994,218,Human_Resources,Prefer Not to Answer,Single,3.0,25.0,Mailed Check,No,10
3580,26602,31,Yes,89.08,40,Salary,185286.4,191,Human Resources,Male,Divorced,2.0,11.0,Mailed Check,No,16
12409,26613,51,Yes,90.38,40,Salary,187990.4,51,Research,Prefer Not to Answer,Divorced,7.0,7.0,Mailed Check,No,28
785,26614,39,No,85.04,40,Salary,176883.2,232,Human_Resources,Female,Married,4.0,24.0,Mailed Check,No,0
708,26615,54,Yes,75.48,40,Salary,156998.40000000002,121,InformationTechnology,Male,Divorced,4.0,20.0,Mailed Check,No,18
4392,26616,30,No,75.82,40,Salary,157705.59999999998,387,Research,Female,Single,4.0,14.0,Direct Deposit,No,0
1218,26618,46,Yes,51.37,40,Salary,106849.59999999999,215,InformationTechnology,Male,Married,6.0,11.0,Direct Deposit,Yes,17
3181,26619,53,No,65.85,40,Salary,136968.0,32,HumanResources,Male,Divorced,1.0,23.0,Direct Deposit,Yes,25
378,26621,26,Yes,24.23,40,Salary,50398.4,39,Information_Technology,Prefer Not to Answer,Divorced,8.0,4.0,Direct Deposit,No,7
2222,26625,34,No,74.63,40,Salary,155230.4,165,InformationTechnology,Female,Divorced,6.0,3.0,Mailed Check,No,8
4774,26626,36,Yes,79.36,40,Salary,165068.80000000002,214,Sales,Female,Single,6.0,14.0,Direct Deposit,No,10
5973,26629,32,No,65.23,40,Salary,135678.40000000002,263,Marketing,Prefer Not to Answer,Married,7.0,10.0,Mailed Check,No,15
3506,26631,45,Yes,32.85,40,Salary,68328.0,270,Manufacturing,Female,Divorced,7.0,17.0,Direct Deposit,Yes,5
2998,26632,59,No,63.65,40,Salary,132392.0,205,InformationTechnology,Female,Divorced,9.0,7.0,Mailed Check,No,15
1626,26638,30,Yes,18.2,40,Salary,37856.0,340,Manufacturing,Prefer Not to Answer,Single,1.0,17.0,Direct Deposit,No,11
4887,26639,24,No,47.19,40,Salary,98155.2,55,HumanResources,Prefer Not to Answer,Married,6.0,25.0,Mailed Check,No,6
12020,26644,49,No,83.9,40,Salary,174512.0,115,HumanResources,Prefer Not to Answer,Married,4.0,14.0,Direct Deposit,No,14
3351,26647,50,No,30.46,40,Salary,63356.8,187,Information_Technology,Male,Divorced,3.0,5.0,Direct Deposit,Yes,28
2197,26651,20,Yes,64.56,40,Salary,134284.80000000002,454,HumanResources,Prefer Not to Answer,Single,4.0,16.0,Mailed Check,No,2
2072,26653,48,No,48.94,40,Salary,101795.2,283,Manufacturing,Female,Single,15.5,12.0,Direct Deposit,No,11
4688,26655,28,No,73.66,40,Salary,153212.8,358,Manufacturing,Male,Divorced,3.0,14.0,Direct Deposit,No,9
12408,26660,27,No,53.17,40,Salary,110593.6,497,HumanResources,Female,Married,5.0,19.0,Direct Deposit,No,10
4015,26663,46,No,26.91,40,Salary,55972.8,9,HumanResources,Female,Married,9.0,6.0,Direct Deposit,No,3
13117,26667,43,No,64.53,40,Salary,134222.4,318,Sales,Female,Married,4.0,21.0,Direct Deposit,Yes,2
3641,26670,41,Yes,31.54,40,Salary,65603.2,191,Manufacturing,Prefer Not to Answer,Married,6.0,10.0,Mailed Check,No,7
3747,26671,29,Yes,48.04,40,Salary,99923.2,414,Healthcare,Male,Divorced,1.0,17.0,Direct Deposit,No,6
3286,26674,22,Yes,89.52,40,Salary,186201.59999999998,36,Information_Technology,Female,Married,1.0,3.0,Direct Deposit,Yes,3
4235,26678,50,Yes,87.04,40,Salary,181043.2,250,Healthcare,Prefer Not to Answer,Divorced,15.5,5.0,Mailed Check,No,7
12149,26682,33,Yes,70.54,40,Salary,146723.2,436,Sales,Male,Single,2.0,20.0,Mailed Check,Yes,7
5613,26683,44,No,84.06,40,Salary,174844.80000000002,183,HumanResources,Prefer Not to Answer,Married,8.0,2.0,Direct Deposit,Yes,6
3318,26692,52,No,94.44,40,Salary,196435.19999999998,163,Human_Resources,Prefer Not to Answer,Single,5.0,17.0,Mailed Check,No,14
5249,26693,59,Yes,82.24,40,Salary,171059.19999999998,293,Laboratory,Prefer Not to Answer,Married,15.5,22.0,Mailed Check,No,12
3920,26694,42,Yes,25.11,40,Salary,52228.799999999996,360,Sales,Prefer Not to Answer,Married,6.0,2.0,Mailed Check,No,12
12580,26697,42,Yes,95.05,40,Salary,197704.0,19,Human_Resources,Male,Single,9.0,21.0,Mailed Check,No,13
3336,26699,64,No,55.59,40,Salary,115627.20000000001,107,Human Resources,Male,Married,1.0,1.0,Direct Deposit,No,37
2950,26713,46,No,59.18,40,Salary,123094.4,246,Research,Female,Single,2.0,17.0,Mailed Check,Yes,14
4304,26716,61,No,65.27,40,Salary,135761.59999999998,457,Laboratory,Female,Married,9.0,11.0,Direct Deposit,No,4
987,26717,50,Yes,81.0,40,Salary,168480.0,411,Manufacturing,Male,Married,2.0,4.0,Mailed Check,Yes,5
1519,26718,56,Yes,25.9,40,Salary,53872.0,190,Human_Resources,Female,Divorced,7.0,21.0,Direct Deposit,Yes,1
1767,26720,63,No,89.44,40,Salary,186035.19999999998,224,Human_Resources,Female,Divorced,6.0,22.0,Mailed Check,No,36
339,26722,35,No,39.06,40,Salary,81244.8,291,Research,Male,Married,8.0,2.0,Mailed Check,No,10
4803,26723,33,Yes,70.77,40,Salary,147201.59999999998,437,Information_Technology,Female,Married,6.0,6.0,Mailed Check,No,8
5537,26724,54,Yes,68.74,40,Salary,142979.19999999998,363,Human Resources,Prefer Not to Answer,Divorced,8.0,16.0,Direct Deposit,No,32
13129,26725,61,No,86.2,40,Salary,179296.0,418,Healthcare,Female,Married,7.0,17.0,Mailed Check,No,37
3089,26726,20,No,35.53,40,Salary,73902.40000000001,366,Information Technology,Prefer Not to Answer,Single,15.5,5.0,Direct Deposit,No,0
5765,26736,31,Yes,58.25,40,Salary,121160.0,28,HumanResources,Prefer Not to Answer,Married,5.0,22.0,Direct Deposit,Yes,10
12316,26738,50,Yes,35.16,40,Salary,73132.79999999999,498,Human Resources,Female,Married,6.0,4.0,Mailed Check,No,10
4246,26739,34,Yes,34.75,40,Salary,72280.0,318,Information Technology,Prefer Not to Answer,Single,2.0,18.0,Direct Deposit,Yes,13
4398,26743,41,Yes,74.66,40,Salary,155292.8,457,HumanResources,Prefer Not to Answer,Married,6.0,15.0,Mailed Check,Yes,1
5205,26745,38,No,19.63,40,Salary,40830.399999999994,195,Information_Technology,Prefer Not to Answer,Divorced,8.0,3.0,Mailed Check,No,11
4704,26746,29,No,47.46,40,Salary,98716.8,276,Marketing,Prefer Not to Answer,Married,8.0,3.0,Direct Deposit,No,4
12046,26749,20,No,93.19,40,Salary,193835.19999999998,304,Information Technology,Prefer Not to Answer,Married,3.0,8.0,Direct Deposit,No,2
4320,26750,37,No,30.55,40,Salary,63544.0,443,Human_Resources,Male,Single,1.0,9.0,Direct Deposit,No,12
159,26758,53,No,17.69,40,Salary,36795.200000000004,307,Marketing,Female,Divorced,4.0,24.0,Direct Deposit,No,20
924,26759,51,Yes,50.84,40,Salary,105747.20000000001,475,Human Resources,Male,Single,4.0,5.0,Direct Deposit,No,28
1656,26764,62,Yes,62.76,40,Salary,130540.8,365,InformationTechnology,Male,Married,15.5,23.0,Mailed Check,No,33
3403,26765,37,Yes,93.16,40,Salary,193772.8,19,Human Resources,Prefer Not to Answer,Divorced,3.0,39.5,Mailed Check,Yes,14
5278,26767,50,Yes,73.73,40,Salary,153358.40000000002,78,HumanResources,Male,Single,1.0,13.0,Direct Deposit,No,16
5670,26777,62,Yes,54.52,40,Salary,113401.6,177,Laboratory,Female,Married,15.5,5.0,Mailed Check,No,37
3028,26780,35,No,20.16,40,Salary,41932.799999999996,320,Human Resources,Male,Divorced,8.0,19.0,Direct Deposit,No,5
3197,26781,50,Yes,24.01,40,Salary,49940.8,397,Laboratory,Prefer Not to Answer,Married,5.0,13.0,Direct Deposit,No,8
3399,26783,63,No,56.55,40,Salary,117624.0,399,Manufacturing,Prefer Not to Answer,Single,3.0,6.0,Direct Deposit,No,31
3761,26784,49,Yes,57.16,40,Salary,118892.79999999999,104,Human_Resources,Male,Divorced,6.0,22.0,Direct Deposit,No,30
444,26793,61,Yes,52.19,40,Salary,108555.2,275,HumanResources,Male,Divorced,9.0,14.0,Mailed Check,Yes,37
900,26801,23,Yes,29.55,40,Salary,61464.0,373,HumanResources,Female,Single,7.0,18.0,Mailed Check,No,5
5119,26803,36,No,31.99,40,Salary,66539.2,434,Sales,Male,Divorced,2.0,25.0,Direct Deposit,No,3
12466,26807,28,Yes,42.4,40,Salary,88192.0,284,InformationTechnology,Male,Married,8.0,25.0,Mailed Check,No,17
1028,26814,22,No,89.03,40,Salary,185182.4,192,Information Technology,Prefer Not to Answer,Married,2.0,4.0,Mailed Check,No,0
12515,26826,43,Yes,97.03,40,Salary,201822.4,122,Information_Technology,Female,Single,8.0,23.0,Direct Deposit,No,0
4227,26835,31,Yes,17.19,40,Salary,35755.200000000004,311,Information_Technology,Prefer Not to Answer,Single,6.0,23.0,Mailed Check,No,12
2346,26839,59,Yes,53.27,40,Salary,110801.6,370,HumanResources,Prefer Not to Answer,Married,3.0,2.0,Mailed Check,Yes,23
12737,26843,47,Yes,82.01,40,Salary,170580.80000000002,54,Marketing,Female,Single,15.5,1.0,Direct Deposit,No,1
3386,26849,51,Yes,95.36,40,Salary,198348.80000000002,246,Manufacturing,Male,Single,5.0,17.0,Mailed Check,No,16
40,26852,20,Yes,49.43,40,Salary,102814.40000000001,316,InformationTechnology,Female,Divorced,2.0,16.0,Direct Deposit,Yes,0
4378,26853,49,No,58.62,40,Salary,121929.59999999999,287,Manufacturing,Prefer Not to Answer,Married,3.0,6.0,Mailed Check,No,1
3801,26854,33,Yes,90.57,40,Salary,188385.59999999998,364,Laboratory,Female,Single,3.0,7.0,Mailed Check,No,2
4025,26857,44,Yes,19.91,40,Salary,41412.799999999996,489,Human Resources,Female,Married,15.5,4.0,Mailed Check,Yes,5
1288,26858,22,Yes,50.54,40,Salary,105123.2,30,Healthcare,Female,Married,6.0,25.0,Mailed Check,No,0
83,26879,44,No,53.66,40,Salary,111612.79999999999,357,HumanResources,Male,Divorced,3.0,12.0,Mailed Check,No,7
12734,26880,51,No,59.01,40,Salary,122740.8,245,Laboratory,Prefer Not to Answer,Married,4.0,22.0,Direct Deposit,No,11
35,26882,37,No,66.53,40,Salary,138382.4,292,Human_Resources,Prefer Not to Answer,Single,4.0,20.0,Direct Deposit,Yes,12
1963,26893,51,Yes,98.25,40,Salary,204360.0,165,Human Resources,Prefer Not to Answer,Married,8.0,14.0,Direct Deposit,No,12
1540,26900,45,No,72.32,40,Salary,150425.59999999998,286,InformationTechnology,Female,Single,2.0,1.0,Mailed Check,Yes,12
4264,26901,21,No,38.02,40,Salary,79081.6,36,Human Resources,Female,Single,4.0,11.0,Mailed Check,Yes,0
15,26906,30,Yes,55.19,40,Salary,114795.2,367,HumanResources,Female,Married,8.0,5.0,Mailed Check,No,11
12560,26911,44,No,23.82,40,Salary,49545.6,428,Research,Prefer Not to Answer,Married,5.0,6.0,Direct Deposit,No,1
1478,26912,21,No,41.5,40,Salary,86320.0,187,Human Resources,Female,Divorced,1.0,24.0,Mailed Check,No,12
809,26913,46,Yes,63.23,40,Salary,131518.4,316,Manufacturing,Prefer Not to Answer,Single,4.0,20.0,Mailed Check,Yes,1
2910,26914,55,Yes,39.84,40,Salary,82867.20000000001,368,Sales,Prefer Not to Answer,Married,1.0,7.0,Mailed Check,Yes,12
1828,26917,54,No,30.87,40,Salary,64209.6,444,Manufacturing,Female,Divorced,6.0,9.0,Mailed Check,Yes,10
890,26925,48,Yes,84.57,40,Salary,175905.59999999998,55,Manufacturing,Prefer Not to Answer,Divorced,3.0,11.0,Mailed Check,No,19
5735,26927,19,No,92.55,40,Salary,192504.0,432,Research,Male,Single,9.0,6.0,Direct Deposit,Yes,0
16,26930,49,Yes,76.94,40,Salary,160035.19999999998,229,Healthcare,Female,Married,15.5,39.5,Mailed Check,Yes,7
878,26936,25,Yes,17.77,40,Salary,36961.6,283,InformationTechnology,Prefer Not to Answer,Divorced,6.0,15.0,Mailed Check,Yes,7
12160,26937,41,No,17.18,40,Salary,35734.4,111,InformationTechnology,Female,Married,7.0,8.0,Direct Deposit,No,1
4307,26943,51,No,26.78,40,Salary,55702.4,69,Human Resources,Prefer Not to Answer,Married,3.0,14.0,Direct Deposit,Yes,8
563,26954,45,No,70.86,40,Salary,147388.80000000002,473,Human_Resources,Female,Divorced,4.0,13.0,Mailed Check,No,21
2316,26955,48,Yes,45.69,40,Salary,95035.2,435,Human_Resources,Prefer Not to Answer,Divorced,7.0,25.0,Mailed Check,No,21
1793,26958,32,Yes,19.85,40,Salary,41288.0,104,HumanResources,Prefer Not to Answer,Married,7.0,12.0,Direct Deposit,No,0
3682,26962,36,No,61.7,40,Salary,128336.0,427,Manufacturing,Male,Married,15.5,4.0,Direct Deposit,No,13
4283,26964,61,Yes,84.72,40,Salary,176217.6,103,Information Technology,Male,Married,5.0,8.0,Direct Deposit,No,20
5809,26965,50,Yes,82.02,40,Salary,170601.59999999998,465,HumanResources,Male,Married,3.0,13.0,Mailed Check,Yes,19
4373,26966,51,No,81.77,40,Salary,170081.59999999998,61,Information Technology,Female,Divorced,6.0,2.0,Direct Deposit,Yes,7
1423,26968,49,No,88.88,40,Salary,184870.4,326,Information_Technology,Prefer Not to Answer,Divorced,5.0,13.0,Mailed Check,Yes,9
223,26976,48,Yes,38.87,40,Salary,80849.59999999999,251,Human_Resources,Male,Divorced,3.0,9.0,Direct Deposit,Yes,4
2023,26977,61,Yes,84.68,40,Salary,176134.40000000002,10,HumanResources,Male,Divorced,7.0,5.0,Direct Deposit,No,20
5123,26978,28,No,20.25,40,Salary,42120.0,439,Research,Prefer Not to Answer,Single,15.5,24.0,Mailed Check,No,9
488,26982,44,No,21.27,40,Salary,44241.6,68,Healthcare,Female,Single,1.0,14.0,Mailed Check,Yes,4
2258,26987,37,No,26.82,40,Salary,55785.6,244,Human_Resources,Prefer Not to Answer,Divorced,6.0,13.0,Mailed Check,No,0
320,26991,37,No,41.9,40,Salary,87152.0,498,Marketing,Female,Single,8.0,23.0,Direct Deposit,No,13
3893,26994,37,Yes,89.51,40,Salary,186180.80000000002,145,Healthcare,Prefer Not to Answer,Married,5.0,24.0,Direct Deposit,Yes,17
167,27000,24,No,95.92,40,Salary,199513.6,297,Research,Prefer Not to Answer,Married,7.0,13.0,Mailed Check,No,0
4685,27001,56,No,76.11,40,Salary,158308.80000000002,394,Healthcare,Prefer Not to Answer,Divorced,9.0,15.0,Mailed Check,Yes,32
2904,27008,41,No,87.49,40,Salary,181979.19999999998,335,Information Technology,Prefer Not to Answer,Divorced,7.0,24.0,Direct Deposit,No,23
12116,27010,37,No,41.35,40,Salary,86008.0,10,HumanResources,Prefer Not to Answer,Single,4.0,24.0,Mailed Check,No,0
2599,27019,35,Yes,41.94,40,Salary,87235.2,310,Human Resources,Female,Married,4.0,19.0,Mailed Check,No,11
1337,27021,21,Yes,78.2,40,Salary,162656.0,33,Human_Resources,Prefer Not to Answer,Single,15.5,10.0,Mailed Check,No,0
3564,27023,45,No,22.86,40,Salary,47548.799999999996,24,InformationTechnology,Male,Married,6.0,16.0,Mailed Check,Yes,6
3247,27027,36,No,77.55,40,Salary,161304.0,76,Research,Male,Single,7.0,14.0,Direct Deposit,Yes,0
119,27030,22,Yes,81.85,40,Salary,170248.0,437,Manufacturing,Male,Single,9.0,39.5,Direct Deposit,No,11
5734,27034,51,No,26.06,40,Salary,54204.799999999996,140,Sales,Female,Divorced,8.0,21.0,Direct Deposit,No,17
5430,27036,40,No,74.35,40,Salary,154648.0,152,Information_Technology,Male,Single,6.0,4.0,Mailed Check,No,6
5363,27038,42,Yes,99.06,40,Salary,206044.80000000002,165,Manufacturing,Male,Married,6.0,14.0,Direct Deposit,No,0
3560,27041,43,No,79.68,40,Salary,165734.40000000002,457,Healthcare,Prefer Not to Answer,Married,2.0,9.0,Direct Deposit,Yes,9
133,27042,62,No,73.2,40,Salary,152256.0,237,Marketing,Prefer Not to Answer,Married,7.0,14.0,Direct Deposit,Yes,6
12339,27043,24,Yes,77.52,40,Salary,161241.59999999998,213,Information Technology,Male,Married,5.0,8.0,Mailed Check,No,0
5667,27047,45,No,41.16,40,Salary,85612.79999999999,200,Research,Female,Married,6.0,20.0,Mailed Check,No,23
1814,27048,48,Yes,74.43,40,Salary,154814.40000000002,22,Human_Resources,Prefer Not to Answer,Divorced,5.0,1.0,Mailed Check,No,13
5323,27052,52,Yes,80.87,40,Salary,168209.6,117,InformationTechnology,Prefer Not to Answer,Divorced,9.0,9.0,Mailed Check,No,15
4536,27054,45,No,28.28,40,Salary,58822.4,332,Human Resources,Female,Married,9.0,13.0,Mailed Check,Yes,19
5544,27055,37,Yes,83.61,40,Salary,173908.80000000002,4,Healthcare,Male,Married,7.0,3.0,Mailed Check,No,17
3721,27057,20,No,43.33,40,Salary,90126.4,291,Manufacturing,Male,Married,6.0,19.0,Direct Deposit,Yes,14
4467,27060,38,Yes,50.47,40,Salary,104977.59999999999,198,Human_Resources,Female,Single,8.0,3.0,Direct Deposit,No,14
1300,27062,65,No,42.01,40,Salary,87380.79999999999,450,Information Technology,Female,Divorced,8.0,23.0,Mailed Check,No,18
3915,27064,45,Yes,25.46,40,Salary,52956.8,449,Information Technology,Female,Divorced,5.0,18.0,Mailed Check,Yes,15
13110,27071,64,Yes,67.55,40,Salary,140504.0,417,InformationTechnology,Male,Married,15.5,2.0,Mailed Check,Yes,31
3998,27074,48,Yes,90.04,40,Salary,187283.2,490,Information Technology,Prefer Not to Answer,Married,5.0,20.0,Mailed Check,No,17
3154,27076,58,Yes,22.83,40,Salary,47486.399999999994,90,Human Resources,Male,Single,6.0,39.5,Mailed Check,No,37
2852,27078,55,No,48.77,40,Salary,101441.6,190,Marketing,Male,Single,15.5,11.0,Mailed Check,Yes,28
615,27085,55,No,21.56,40,Salary,44844.799999999996,14,Manufacturing,Male,Married,4.0,22.0,Direct Deposit,Yes,15
1611,27086,55,No,37.2,40,Salary,77376.0,500,Research,Female,Married,2.0,7.0,Direct Deposit,No,30
12569,27089,59,Yes,91.46,40,Salary,190236.8,323,HumanResources,Prefer Not to Answer,Married,3.0,20.0,Direct Deposit,No,12
5755,27091,38,Yes,93.37,40,Salary,194209.6,384,Information_Technology,Female,Married,8.0,6.0,Direct Deposit,No,14
1851,27095,20,Yes,53.88,40,Salary,112070.40000000001,14,Marketing,Prefer Not to Answer,Divorced,9.0,7.0,Mailed Check,No,2
5883,27096,23,No,45.01,40,Salary,93620.79999999999,493,HumanResources,Female,Married,3.0,18.0,Direct Deposit,No,17
801,27097,20,No,25.71,40,Salary,53476.8,433,Human Resources,Prefer Not to Answer,Married,4.0,2.0,Direct Deposit,Yes,0
5309,27101,25,Yes,76.94,40,Salary,160035.19999999998,447,Marketing,Male,Married,6.0,6.0,Mailed Check,No,0
480,27105,23,Yes,39.7,40,Salary,82576.0,123,Marketing,Prefer Not to Answer,Divorced,6.0,1.0,Direct Deposit,No,0
3829,27106,60,Yes,58.0,40,Salary,120640.0,61,Laboratory,Female,Divorced,1.0,18.0,Mailed Check,Yes,7
2106,27107,51,Yes,22.08,40,Salary,45926.399999999994,498,Research,Prefer Not to Answer,Single,15.5,9.0,Mailed Check,No,15
12238,27109,37,No,30.27,40,Salary,62961.6,318,Marketing,Prefer Not to Answer,Divorced,6.0,16.0,Direct Deposit,Yes,1
3880,27126,51,No,41.59,40,Salary,86507.20000000001,120,HumanResources,Female,Single,5.0,11.0,Direct Deposit,No,33
4213,27127,47,No,79.23,40,Salary,164798.40000000002,350,Marketing,Prefer Not to Answer,Single,8.0,1.0,Mailed Check,No,18
5974,27128,50,No,17.53,40,Salary,36462.4,192,Information_Technology,Prefer Not to Answer,Single,3.0,24.0,Mailed Check,Yes,20
2847,27130,41,No,45.4,40,Salary,94432.0,74,Human_Resources,Prefer Not to Answer,Married,7.0,13.0,Mailed Check,No,0
887,27135,63,Yes,30.08,40,Salary,62566.399999999994,335,Healthcare,Male,Married,3.0,9.0,Direct Deposit,No,37
762,27141,46,Yes,67.78,40,Salary,140982.4,212,Research,Male,Married,9.0,13.0,Mailed Check,Yes,0
830,27142,64,No,60.17,40,Salary,125153.6,420,InformationTechnology,Female,Single,7.0,22.0,Mailed Check,Yes,9
26,27143,30,No,44.91,40,Salary,93412.79999999999,408,Human_Resources,Female,Single,4.0,8.0,Mailed Check,No,0
3739,27152,26,Yes,80.73,40,Salary,167918.40000000002,287,InformationTechnology,Female,Single,5.0,12.0,Mailed Check,Yes,7
3763,27154,52,No,36.83,40,Salary,76606.4,118,Information Technology,Male,Single,8.0,23.0,Direct Deposit,Yes,16
4792,27156,56,No,74.78,40,Salary,155542.4,346,Marketing,Female,Divorced,15.5,2.0,Mailed Check,No,14
3609,27165,47,No,68.99,40,Salary,143499.19999999998,394,Human_Resources,Female,Married,2.0,10.0,Mailed Check,Yes,1
12032,27173,38,Yes,55.45,40,Salary,115336.0,114,Marketing,Female,Divorced,5.0,10.0,Direct Deposit,No,14
5073,27183,61,No,93.31,40,Salary,194084.80000000002,318,Information_Technology,Female,Single,2.0,22.0,Mailed Check,No,30
2642,27185,48,No,21.26,40,Salary,44220.8,101,InformationTechnology,Female,Divorced,8.0,10.0,Mailed Check,No,14
4947,27190,51,Yes,33.19,40,Salary,69035.2,342,Marketing,Prefer Not to Answer,Single,8.0,15.0,Direct Deposit,No,16
5935,27200,39,No,46.89,40,Salary,97531.2,158,Information_Technology,Male,Single,15.5,39.5,Direct Deposit,No,6
3628,27201,43,No,86.31,40,Salary,179524.80000000002,437,Human Resources,Female,Single,8.0,4.0,Direct Deposit,No,12
12077,27202,55,No,29.41,40,Salary,61172.8,70,Information Technology,Prefer Not to Answer,Divorced,15.5,20.0,Mailed Check,Yes,14
3513,27206,25,No,66.53,40,Salary,138382.4,276,Sales,Female,Single,4.0,4.0,Direct Deposit,Yes,2
5525,27212,54,No,58.86,40,Salary,122428.8,205,Sales,Prefer Not to Answer,Divorced,8.0,12.0,Mailed Check,No,30
2688,27213,24,No,83.24,40,Salary,173139.19999999998,426,Human Resources,Female,Single,9.0,10.0,Direct Deposit,Yes,3
130,27217,37,Yes,41.29,40,Salary,85883.2,459,InformationTechnology,Prefer Not to Answer,Single,3.0,6.0,Mailed Check,No,4
1643,27218,61,Yes,20.48,40,Salary,42598.4,72,Information_Technology,Male,Single,6.0,9.0,Mailed Check,No,9
12368,27220,62,No,74.63,40,Salary,155230.4,200,Healthcare,Prefer Not to Answer,Married,15.5,11.0,Direct Deposit,No,16
3473,27221,38,Yes,19.02,40,Salary,39561.6,8,InformationTechnology,Prefer Not to Answer,Divorced,8.0,22.0,Mailed Check,Yes,15
12139,27231,27,No,39.81,40,Salary,82804.8,111,InformationTechnology,Prefer Not to Answer,Divorced,15.5,5.0,Direct Deposit,No,12
5818,27236,33,No,55.2,40,Salary,114816.0,210,InformationTechnology,Prefer Not to Answer,Married,2.0,24.0,Mailed Check,No,0
4267,27241,42,No,26.17,40,Salary,54433.600000000006,179,Information Technology,Prefer Not to Answer,Divorced,15.5,25.0,Mailed Check,No,7
12244,27243,28,No,63.19,40,Salary,131435.19999999998,246,Healthcare,Prefer Not to Answer,Divorced,15.5,2.0,Mailed Check,No,14
13122,27252,19,Yes,81.9,40,Salary,170352.0,235,Sales,Prefer Not to Answer,Divorced,7.0,39.5,Direct Deposit,No,4
4357,27256,55,Yes,46.86,40,Salary,97468.8,16,Laboratory,Prefer Not to Answer,Married,1.0,19.0,Direct Deposit,Yes,15
5221,27267,34,Yes,46.59,40,Salary,96907.20000000001,460,Information Technology,Female,Single,15.5,5.0,Direct Deposit,No,14
12354,27268,40,Yes,54.71,40,Salary,113796.8,404,Healthcare,Prefer Not to Answer,Married,3.0,4.0,Mailed Check,No,19
2778,27269,43,Yes,63.77,40,Salary,132641.6,427,Information_Technology,Female,Married,3.0,14.0,Mailed Check,No,7
5393,27270,48,Yes,68.71,40,Salary,142916.8,65,Sales,Female,Divorced,8.0,22.0,Direct Deposit,No,11
3429,27274,35,Yes,55.88,40,Salary,116230.40000000001,1,Laboratory,Male,Single,9.0,19.0,Mailed Check,No,4
472,27278,19,No,46.99,40,Salary,97739.20000000001,445,HumanResources,Male,Single,15.5,12.0,Mailed Check,No,0
331,27281,50,Yes,53.29,40,Salary,110843.2,97,Healthcare,Female,Divorced,4.0,20.0,Direct Deposit,Yes,27
5339,27283,56,No,82.73,40,Salary,172078.40000000002,244,Human Resources,Prefer Not to Answer,Divorced,7.0,3.0,Mailed Check,Yes,11
12119,27285,58,Yes,70.5,40,Salary,146640.0,363,Human_Resources,Female,Married,3.0,22.0,Direct Deposit,No,37
4310,27287,25,No,77.65,40,Salary,161512.0,215,Healthcare,Prefer Not to Answer,Married,7.0,21.0,Direct Deposit,No,1
2535,27288,58,No,26.01,40,Salary,54100.8,187,InformationTechnology,Female,Single,15.5,2.0,Mailed Check,No,21
1950,27295,64,No,97.39,40,Salary,202571.19999999998,96,HumanResources,Female,Single,15.5,16.0,Mailed Check,No,1
1416,27296,23,Yes,73.5,40,Salary,152880.0,64,Sales,Female,Married,2.0,18.0,Direct Deposit,Yes,0
5789,27300,38,No,33.34,40,Salary,69347.20000000001,130,Information_Technology,Prefer Not to Answer,Divorced,8.0,13.0,Mailed Check,No,0
641,27301,65,Yes,45.69,40,Salary,95035.2,358,Human Resources,Female,Divorced,5.0,10.0,Direct Deposit,No,37
4185,27303,52,Yes,96.74,40,Salary,201219.19999999998,224,Information_Technology,Female,Single,4.0,13.0,Mailed Check,No,9
2408,27308,23,Yes,95.4,40,Salary,198432.0,344,Information Technology,Prefer Not to Answer,Married,15.5,5.0,Mailed Check,Yes,0
4603,27311,33,No,70.68,40,Salary,147014.40000000002,37,HumanResources,Prefer Not to Answer,Single,3.0,23.0,Direct Deposit,No,0
490,27312,42,No,20.97,40,Salary,43617.6,312,Information Technology,Female,Single,8.0,22.0,Mailed Check,No,4
731,27313,27,Yes,61.95,40,Salary,128856.0,480,Manufacturing,Male,Single,8.0,16.0,Mailed Check,Yes,9
4454,27315,35,No,75.84,40,Salary,157747.2,87,Marketing,Male,Single,2.0,3.0,Mailed Check,No,15
840,27316,61,No,97.16,40,Salary,202092.8,102,Information Technology,Male,Single,3.0,6.0,Direct Deposit,Yes,34
3839,27317,37,Yes,58.57,40,Salary,121825.6,449,Laboratory,Male,Single,6.0,15.0,Mailed Check,Yes,2
5390,27319,47,Yes,33.37,40,Salary,69409.59999999999,179,HumanResources,Female,Single,3.0,18.0,Direct Deposit,No,26
2789,27322,35,No,94.53,40,Salary,196622.4,114,HumanResources,Male,Single,7.0,22.0,Mailed Check,No,16
3488,27323,47,No,52.99,40,Salary,110219.2,497,Healthcare,Male,Married,7.0,7.0,Mailed Check,No,9
5048,27326,26,Yes,89.79,40,Salary,186763.2,54,Information_Technology,Female,Divorced,6.0,11.0,Direct Deposit,Yes,7
13148,27333,33,No,63.66,40,Salary,132412.8,93,Manufacturing,Female,Single,15.5,14.0,Mailed Check,No,6
1748,27340,61,No,54.97,40,Salary,114337.6,280,Laboratory,Male,Single,15.5,23.0,Mailed Check,No,21
1253,27343,23,No,59.69,40,Salary,124155.2,87,Human_Resources,Prefer Not to Answer,Divorced,5.0,20.0,Mailed Check,No,0
2058,27344,36,Yes,94.53,40,Salary,196622.4,268,Information Technology,Female,Married,15.5,6.0,Direct Deposit,No,14
723,27345,62,No,48.19,40,Salary,100235.2,311,Sales,Prefer Not to Answer,Divorced,7.0,3.0,Direct Deposit,No,4
12304,27346,57,No,44.84,40,Salary,93267.20000000001,324,Laboratory,Prefer Not to Answer,Married,1.0,23.0,Mailed Check,Yes,17
711,27347,59,No,69.88,40,Salary,145350.4,391,InformationTechnology,Female,Married,5.0,23.0,Direct Deposit,No,22
3502,27353,43,Yes,43.15,40,Salary,89752.0,167,InformationTechnology,Male,Divorced,15.5,17.0,Mailed Check,Yes,22
973,27357,35,Yes,54.71,40,Salary,113796.8,124,Human_Resources,Male,Divorced,3.0,10.0,Mailed Check,No,0
1159,27358,53,No,92.52,40,Salary,192441.59999999998,94,Human Resources,Female,Single,9.0,9.0,Mailed Check,Yes,6
3949,27359,63,No,82.53,40,Salary,171662.4,432,HumanResources,Male,Divorced,15.5,2.0,Mailed Check,Yes,37
4150,27361,48,No,63.3,40,Salary,131664.0,320,Laboratory,Prefer Not to Answer,Single,2.0,6.0,Direct Deposit,Yes,4
12045,27364,43,Yes,75.95,40,Salary,157976.0,376,Human Resources,Female,Single,5.0,18.0,Direct Deposit,No,0
717,27368,49,No,30.8,40,Salary,64064.0,395,Information_Technology,Prefer Not to Answer,Single,5.0,16.0,Mailed Check,No,9
12080,27369,31,No,95.94,40,Salary,199555.19999999998,19,Human_Resources,Male,Married,6.0,4.0,Mailed Check,No,6
4033,27374,48,No,87.34,40,Salary,181667.2,401,Information_Technology,Male,Divorced,7.0,16.0,Direct Deposit,No,29
12636,27380,45,No,61.21,40,Salary,127316.8,145,Manufacturing,Male,Divorced,9.0,2.0,Mailed Check,No,14
5219,27382,45,Yes,27.72,40,Salary,57657.6,355,Human_Resources,Prefer Not to Answer,Divorced,4.0,39.5,Direct Deposit,No,0
3066,27384,33,No,81.7,40,Salary,169936.0,71,Research,Prefer Not to Answer,Married,2.0,24.0,Direct Deposit,Yes,6
4698,27387,47,No,37.78,40,Salary,78582.40000000001,83,Human Resources,Prefer Not to Answer,Married,4.0,25.0,Direct Deposit,No,17
3832,27389,59,No,18.08,40,Salary,37606.399999999994,83,Laboratory,Female,Single,2.0,18.0,Direct Deposit,Yes,19
2658,27390,31,Yes,79.63,40,Salary,165630.4,468,Healthcare,Male,Married,1.0,5.0,Direct Deposit,Yes,0
1509,27398,39,No,71.09,40,Salary,147867.2,345,InformationTechnology,Prefer Not to Answer,Married,5.0,39.5,Mailed Check,No,0
3433,27400,49,Yes,34.45,40,Salary,71656.0,77,Information_Technology,Female,Single,7.0,25.0,Mailed Check,No,21
4336,27402,25,No,83.35,40,Salary,173368.0,285,Research,Male,Single,6.0,25.0,Mailed Check,No,4
2029,27405,60,Yes,30.6,40,Salary,63648.0,205,Research,Prefer Not to Answer,Married,2.0,25.0,Direct Deposit,No,30
2260,27411,51,No,21.37,40,Salary,44449.600000000006,367,Information Technology,Prefer Not to Answer,Single,8.0,9.0,Mailed Check,No,12
12685,27412,38,Yes,63.02,40,Salary,131081.6,412,Research,Male,Single,15.5,15.0,Direct Deposit,No,17
3157,27416,63,No,45.48,40,Salary,94598.4,46,Manufacturing,Prefer Not to Answer,Single,9.0,9.0,Mailed Check,No,34
2509,27417,37,Yes,22.87,40,Salary,47569.600000000006,151,Information_Technology,Prefer Not to Answer,Single,2.0,7.0,Mailed Check,Yes,14
1700,27423,49,Yes,75.23,40,Salary,156478.40000000002,211,Healthcare,Female,Single,9.0,39.5,Direct Deposit,No,3
12428,27427,59,No,88.94,40,Salary,184995.19999999998,432,InformationTechnology,Prefer Not to Answer,Married,6.0,5.0,Mailed Check,No,24
3835,27432,41,Yes,79.04,40,Salary,164403.2,498,Marketing,Female,Married,4.0,14.0,Mailed Check,Yes,0
4216,27433,65,Yes,92.82,40,Salary,193065.59999999998,399,Information_Technology,Male,Single,4.0,20.0,Mailed Check,No,12
1096,27435,45,No,25.65,40,Salary,53352.0,40,Sales,Prefer Not to Answer,Married,9.0,24.0,Mailed Check,No,4
3024,27442,42,No,74.82,40,Salary,155625.59999999998,247,Healthcare,Prefer Not to Answer,Single,1.0,6.0,Mailed Check,Yes,24
12722,27445,48,No,37.97,40,Salary,78977.59999999999,447,Sales,Male,Single,3.0,23.0,Direct Deposit,No,5
5630,27447,34,No,74.33,40,Salary,154606.4,67,Human_Resources,Prefer Not to Answer,Divorced,1.0,7.0,Mailed Check,No,9
12312,27451,51,Yes,44.54,40,Salary,92643.2,149,Manufacturing,Female,Divorced,5.0,10.0,Direct Deposit,Yes,26
4202,27456,64,Yes,21.53,40,Salary,44782.4,252,Laboratory,Prefer Not to Answer,Divorced,7.0,22.0,Mailed Check,Yes,31
4455,27468,45,Yes,56.29,40,Salary,117083.2,249,Human_Resources,Prefer Not to Answer,Single,6.0,16.0,Mailed Check,Yes,11
2644,27471,25,No,43.21,40,Salary,89876.8,17,Research,Male,Divorced,8.0,9.0,Mailed Check,No,0
3044,27479,46,No,78.58,40,Salary,163446.4,12,Laboratory,Female,Divorced,5.0,20.0,Direct Deposit,No,3
3622,27483,42,Yes,63.71,40,Salary,132516.80000000002,112,Manufacturing,Male,Married,9.0,14.0,Direct Deposit,No,14
12302,27485,56,No,40.22,40,Salary,83657.59999999999,383,Marketing,Male,Single,1.0,18.0,Mailed Check,No,37
5153,27497,59,Yes,87.92,40,Salary,182873.6,472,Healthcare,Female,Divorced,5.0,14.0,Mailed Check,No,34
981,27499,26,Yes,37.57,40,Salary,78145.59999999999,153,Healthcare,Prefer Not to Answer,Single,2.0,6.0,Mailed Check,No,0
4315,27503,25,Yes,35.39,40,Salary,73611.2,359,Research,Female,Divorced,9.0,39.5,Direct Deposit,No,1
3373,27506,44,Yes,26.56,40,Salary,55244.799999999996,487,Marketing,Female,Married,5.0,25.0,Mailed Check,No,8
157,27509,60,Yes,98.05,40,Salary,203944.0,46,Sales,Prefer Not to Answer,Divorced,15.5,5.0,Mailed Check,Yes,37
3987,27512,56,No,72.87,40,Salary,151569.6,210,Sales,Male,Married,4.0,6.0,Mailed Check,No,19
1329,27514,28,Yes,93.22,40,Salary,193897.6,5,Information Technology,Male,Divorced,5.0,39.5,Mailed Check,Yes,0
12770,27515,21,Yes,85.68,40,Salary,178214.40000000002,413,Information_Technology,Male,Single,3.0,7.0,Mailed Check,No,0
4689,27523,22,No,81.4,40,Salary,169312.0,110,Human Resources,Female,Single,9.0,17.0,Direct Deposit,No,0
3753,27527,37,No,40.73,40,Salary,84718.4,145,Information Technology,Prefer Not to Answer,Single,7.0,39.5,Direct Deposit,No,5
12600,27529,48,Yes,78.01,40,Salary,162260.80000000002,208,Information_Technology,Male,Single,6.0,18.0,Mailed Check,No,27
535,27531,26,No,27.39,40,Salary,56971.2,437,Laboratory,Male,Single,3.0,4.0,Mailed Check,No,3
3302,27534,25,Yes,58.86,40,Salary,122428.8,131,Laboratory,Male,Married,1.0,22.0,Mailed Check,No,5
4694,27535,22,Yes,65.56,40,Salary,136364.80000000002,146,Laboratory,Female,Married,15.5,22.0,Mailed Check,No,0
3359,27536,55,No,40.1,40,Salary,83408.0,35,Information Technology,Prefer Not to Answer,Divorced,8.0,4.0,Mailed Check,No,35
12050,27537,20,No,29.68,40,Salary,61734.4,325,Healthcare,Male,Divorced,1.0,3.0,Mailed Check,Yes,6
4757,27546,63,No,60.97,40,Salary,126817.6,258,Research,Prefer Not to Answer,Single,2.0,24.0,Direct Deposit,Yes,18
3095,27549,19,No,43.64,40,Salary,90771.2,417,Manufacturing,Prefer Not to Answer,Divorced,1.0,9.0,Direct Deposit,Yes,5
3845,27551,48,No,75.56,40,Salary,157164.80000000002,379,Manufacturing,Female,Single,1.0,3.0,Direct Deposit,No,13
5335,27552,48,No,92.89,40,Salary,193211.19999999998,166,HumanResources,Female,Divorced,2.0,24.0,Direct Deposit,Yes,5
5941,27553,33,Yes,44.91,40,Salary,93412.79999999999,229,Manufacturing,Male,Single,15.5,23.0,Direct Deposit,Yes,4
3719,27558,61,Yes,38.32,40,Salary,79705.59999999999,73,Information Technology,Male,Single,3.0,17.0,Mailed Check,Yes,10
3065,27560,40,No,84.05,40,Salary,174824.0,480,Healthcare,Prefer Not to Answer,Married,9.0,2.0,Direct Deposit,No,19
3481,27565,44,Yes,57.1,40,Salary,118768.0,91,Laboratory,Female,Married,4.0,11.0,Direct Deposit,Yes,7
2713,27577,47,No,56.75,40,Salary,118040.0,60,Healthcare,Male,Single,1.0,10.0,Mailed Check,No,22
4742,27584,53,Yes,57.44,40,Salary,119475.2,323,Human_Resources,Prefer Not to Answer,Single,1.0,24.0,Mailed Check,No,7
5512,27588,47,No,85.48,40,Salary,177798.40000000002,15,Marketing,Male,Divorced,6.0,7.0,Mailed Check,No,19
3457,27595,60,No,36.83,40,Salary,76606.4,264,Information_Technology,Prefer Not to Answer,Married,1.0,15.0,Mailed Check,No,8
2028,27596,63,Yes,41.68,40,Salary,86694.40000000001,494,Information_Technology,Prefer Not to Answer,Divorced,7.0,14.0,Direct Deposit,Yes,7
2695,27598,48,Yes,45.97,40,Salary,95617.59999999999,254,Information_Technology,Prefer Not to Answer,Married,8.0,22.0,Mailed Check,No,11
914,27611,42,Yes,21.71,40,Salary,45156.8,489,Manufacturing,Prefer Not to Answer,Single,9.0,8.0,Direct Deposit,No,13
5325,27619,41,Yes,31.66,40,Salary,65852.8,387,Laboratory,Male,Divorced,1.0,11.0,Mailed Check,No,3
3563,27624,42,No,57.79,40,Salary,120203.2,466,Human Resources,Male,Divorced,1.0,11.0,Mailed Check,No,20
2795,27630,55,Yes,69.4,40,Salary,144352.0,183,Information Technology,Male,Married,5.0,20.0,Mailed Check,No,17
5558,27639,22,Yes,52.15,40,Salary,108472.0,427,Manufacturing,Male,Divorced,5.0,1.0,Mailed Check,No,0
5242,27656,49,Yes,93.5,40,Salary,194480.0,65,Information_Technology,Male,Married,15.5,20.0,Mailed Check,No,5
3573,27659,43,No,45.78,40,Salary,95222.40000000001,100,InformationTechnology,Male,Married,8.0,15.0,Mailed Check,No,15
4184,27665,52,Yes,28.37,40,Salary,59009.6,17,Marketing,Female,Single,9.0,39.5,Mailed Check,No,11
1686,27668,60,No,74.33,40,Salary,154606.4,38,Human Resources,Prefer Not to Answer,Single,7.0,4.0,Direct Deposit,No,34
5117,27669,19,Yes,34.92,40,Salary,72633.6,312,Research,Prefer Not to Answer,Single,7.0,4.0,Mailed Check,Yes,0
2670,27674,45,Yes,98.7,40,Salary,205296.0,453,Research,Male,Married,9.0,19.0,Mailed Check,No,9
2803,27675,65,No,90.39,40,Salary,188011.19999999998,298,Laboratory,Prefer Not to Answer,Married,3.0,6.0,Direct Deposit,No,4
1937,27684,39,Yes,50.89,40,Salary,105851.2,142,Human_Resources,Female,Single,1.0,12.0,Mailed Check,No,15
4486,27685,53,No,53.98,40,Salary,112278.4,432,Human Resources,Prefer Not to Answer,Single,1.0,9.0,Direct Deposit,No,21
3858,27686,48,Yes,70.92,40,Salary,147513.6,482,Information Technology,Female,Married,6.0,2.0,Direct Deposit,No,3
655,27688,56,No,64.48,40,Salary,134118.40000000002,309,Laboratory,Male,Married,7.0,24.0,Mailed Check,Yes,23
12030,27691,33,Yes,81.4,40,Salary,169312.0,167,Human Resources,Female,Single,4.0,18.0,Mailed Check,No,17
160,27693,31,Yes,60.57,40,Salary,125985.6,468,Laboratory,Female,Single,15.5,39.5,Mailed Check,Yes,3
5917,27697,18,Yes,94.96,40,Salary,197516.8,101,Laboratory,Prefer Not to Answer,Single,2.0,9.0,Direct Deposit,No,14
1147,27699,40,Yes,67.88,40,Salary,141190.4,9,Sales,Prefer Not to Answer,Single,3.0,17.0,Mailed Check,No,4
175,27700,44,Yes,98.21,40,Salary,204276.8,31,Sales,Female,Divorced,3.0,8.0,Mailed Check,No,4
13137,27705,53,Yes,46.2,40,Salary,96096.0,397,Information Technology,Male,Married,6.0,9.0,Mailed Check,No,6
4932,27708,56,Yes,90.94,40,Salary,189155.19999999998,211,Research,Prefer Not to Answer,Divorced,9.0,19.0,Mailed Check,Yes,6
657,27710,30,No,40.2,40,Salary,83616.0,439,Human Resources,Prefer Not to Answer,Single,3.0,8.0,Mailed Check,No,0
4966,27713,42,Yes,71.43,40,Salary,148574.40000000002,125,Human_Resources,Male,Single,8.0,17.0,Direct Deposit,Yes,0
1660,27714,62,Yes,43.7,40,Salary,90896.0,351,Marketing,Male,Single,8.0,16.0,Mailed Check,No,5
5955,27716,30,Yes,72.58,40,Salary,150966.4,244,HumanResources,Prefer Not to Answer,Single,9.0,5.0,Mailed Check,Yes,0
393,27717,38,No,69.89,40,Salary,145371.19999999998,436,Manufacturing,Prefer Not to Answer,Divorced,3.0,18.0,Direct Deposit,No,13
4036,27720,36,No,17.37,40,Salary,36129.600000000006,377,Marketing,Prefer Not to Answer,Married,4.0,23.0,Direct Deposit,No,17
2839,27721,62,No,29.83,40,Salary,62046.399999999994,26,Laboratory,Prefer Not to Answer,Married,4.0,5.0,Direct Deposit,No,16
2983,27724,64,Yes,66.7,40,Salary,138736.0,462,Research,Female,Divorced,8.0,19.0,Direct Deposit,No,29
12435,27726,33,Yes,69.5,40,Salary,144560.0,128,Manufacturing,Male,Married,2.0,15.0,Mailed Check,No,2
1103,27729,64,No,20.46,40,Salary,42556.8,100,Human Resources,Female,Divorced,8.0,25.0,Mailed Check,No,4
2985,27732,51,Yes,68.93,40,Salary,143374.40000000002,184,Research,Male,Divorced,2.0,15.0,Direct Deposit,No,9
679,27736,27,No,28.93,40,Salary,60174.4,208,Manufacturing,Prefer Not to Answer,Divorced,5.0,11.0,Direct Deposit,Yes,0
5831,27737,64,No,22.63,40,Salary,47070.399999999994,92,Human_Resources,Female,Divorced,5.0,22.0,Mailed Check,No,9
184,27745,63,No,38.99,40,Salary,81099.20000000001,119,Manufacturing,Male,Divorced,1.0,20.0,Mailed Check,No,4
4746,27750,64,Yes,23.94,40,Salary,49795.200000000004,458,HumanResources,Prefer Not to Answer,Divorced,15.5,23.0,Direct Deposit,Yes,5
4188,27751,42,No,88.63,40,Salary,184350.4,401,Human_Resources,Prefer Not to Answer,Married,5.0,14.0,Direct Deposit,No,16
1463,27755,38,Yes,22.02,40,Salary,45801.6,342,Healthcare,Prefer Not to Answer,Single,8.0,2.0,Mailed Check,No,10
3438,27758,56,Yes,98.5,40,Salary,204880.0,318,Marketing,Male,Married,15.5,16.0,Mailed Check,No,9
1629,27759,23,No,17.35,40,Salary,36088.0,190,InformationTechnology,Male,Married,6.0,7.0,Mailed Check,No,0
161,27760,55,No,26.23,40,Salary,54558.4,138,Information_Technology,Male,Married,3.0,17.0,Mailed Check,No,9
12559,27762,50,Yes,36.76,40,Salary,76460.79999999999,242,Information Technology,Female,Single,4.0,14.0,Mailed Check,No,20
3323,27771,32,No,63.95,40,Salary,133016.0,158,Healthcare,Male,Single,7.0,8.0,Direct Deposit,No,0
3179,27778,56,No,78.48,40,Salary,163238.40000000002,341,Healthcare,Male,Divorced,7.0,9.0,Direct Deposit,Yes,26
12479,27780,62,Yes,55.11,40,Salary,114628.8,392,Marketing,Male,Divorced,6.0,24.0,Mailed Check,Yes,12
12082,27782,39,Yes,37.05,40,Salary,77064.0,162,Human_Resources,Prefer Not to Answer,Divorced,6.0,25.0,Mailed Check,No,21
454,27783,42,No,33.86,40,Salary,70428.8,413,Manufacturing,Female,Divorced,15.5,10.0,Direct Deposit,Yes,0
12007,27785,58,No,84.28,40,Salary,175302.4,140,Healthcare,Prefer Not to Answer,Single,2.0,9.0,Direct Deposit,Yes,15
3866,27787,42,No,97.77,40,Salary,203361.59999999998,362,Laboratory,Male,Single,15.5,9.0,Direct Deposit,Yes,6
2977,27788,65,Yes,58.33,40,Salary,121326.4,334,Information Technology,Male,Married,8.0,23.0,Direct Deposit,No,29
387,27789,42,No,38.65,40,Salary,80392.0,309,Human Resources,Male,Married,5.0,8.0,Direct Deposit,No,0
903,27790,50,Yes,20.98,40,Salary,43638.4,130,Human Resources,Male,Single,5.0,11.0,Direct Deposit,No,10
3776,27793,35,No,78.54,40,Salary,163363.2,456,Manufacturing,Male,Single,3.0,39.5,Direct Deposit,No,2
12199,27799,60,Yes,75.05,40,Salary,156104.0,274,Human Resources,Male,Married,1.0,10.0,Mailed Check,No,15
3186,27805,26,Yes,50.43,40,Salary,104894.40000000001,258,Laboratory,Prefer Not to Answer,Single,1.0,25.0,Mailed Check,Yes,3
5618,27807,25,No,34.57,40,Salary,71905.59999999999,24,Laboratory,Female,Divorced,9.0,22.0,Mailed Check,No,0
2183,27808,38,No,72.45,40,Salary,150696.0,18,Information_Technology,Prefer Not to Answer,Single,5.0,18.0,Mailed Check,Yes,3
3040,27809,47,No,40.78,40,Salary,84822.40000000001,213,Information_Technology,Male,Single,8.0,11.0,Mailed Check,Yes,15
2764,27824,57,No,41.81,40,Salary,86964.8,185,HumanResources,Female,Married,5.0,3.0,Direct Deposit,No,23
5209,27826,35,No,68.07,40,Salary,141585.59999999998,48,Research,Prefer Not to Answer,Divorced,4.0,18.0,Direct Deposit,No,4
12230,27827,33,No,96.27,40,Salary,200241.59999999998,28,Marketing,Male,Divorced,2.0,16.0,Direct Deposit,Yes,0
4647,27830,59,No,75.27,40,Salary,156561.59999999998,269,Marketing,Prefer Not to Answer,Married,1.0,9.0,Direct Deposit,No,13
1933,27831,53,No,69.15,40,Salary,143832.0,443,Information Technology,Female,Single,4.0,20.0,Mailed Check,No,13
3691,27833,57,Yes,65.59,40,Salary,136427.2,7,Human Resources,Male,Married,1.0,9.0,Mailed Check,No,17
5500,27837,60,No,31.72,40,Salary,65977.59999999999,495,Marketing,Prefer Not to Answer,Married,5.0,1.0,Direct Deposit,No,10
4294,27847,34,Yes,40.27,40,Salary,83761.6,458,Healthcare,Male,Married,3.0,20.0,Direct Deposit,Yes,5
4623,27848,29,No,76.17,40,Salary,158433.6,228,InformationTechnology,Female,Divorced,1.0,7.0,Mailed Check,No,0
12587,27849,31,No,88.7,40,Salary,184496.0,358,Information Technology,Male,Married,1.0,10.0,Direct Deposit,No,6
745,27854,60,No,81.51,40,Salary,169540.80000000002,360,Manufacturing,Female,Single,2.0,23.0,Mailed Check,Yes,20
289,27856,34,Yes,95.92,40,Salary,199513.6,101,Information_Technology,Prefer Not to Answer,Married,5.0,12.0,Mailed Check,No,13
12091,27857,42,No,43.12,40,Salary,89689.59999999999,42,InformationTechnology,Prefer Not to Answer,Divorced,9.0,8.0,Direct Deposit,No,2
1649,27860,40,Yes,35.73,40,Salary,74318.4,464,Manufacturing,Female,Divorced,8.0,19.0,Mailed Check,No,11
855,27861,37,No,81.07,40,Salary,168625.59999999998,382,Laboratory,Male,Married,4.0,6.0,Direct Deposit,No,10
2365,27865,35,Yes,33.84,40,Salary,70387.20000000001,410,Information_Technology,Female,Divorced,9.0,20.0,Mailed Check,No,0
5718,27876,42,Yes,61.55,40,Salary,128024.0,168,Sales,Female,Married,9.0,7.0,Direct Deposit,No,6
3808,27878,33,Yes,39.85,40,Salary,82888.0,54,Information Technology,Prefer Not to Answer,Single,8.0,3.0,Direct Deposit,Yes,0
2802,27879,57,No,36.99,40,Salary,76939.20000000001,106,Laboratory,Female,Married,6.0,16.0,Direct Deposit,No,27
365,27882,40,No,92.56,40,Salary,192524.80000000002,57,Information_Technology,Male,Divorced,5.0,5.0,Direct Deposit,Yes,13
2192,27883,21,Yes,32.02,40,Salary,66601.6,303,HumanResources,Female,Divorced,9.0,3.0,Direct Deposit,No,0
2318,27884,29,No,32.03,40,Salary,66622.40000000001,378,Information Technology,Prefer Not to Answer,Married,8.0,21.0,Mailed Check,Yes,8
12728,27887,38,No,60.4,40,Salary,125632.0,287,InformationTechnology,Prefer Not to Answer,Divorced,2.0,11.0,Direct Deposit,Yes,0
13166,27896,32,No,55.21,40,Salary,114836.8,350,Manufacturing,Prefer Not to Answer,Divorced,5.0,17.0,Mailed Check,Yes,7
2774,27900,37,No,94.15,40,Salary,195832.0,67,Healthcare,Male,Married,4.0,19.0,Mailed Check,No,9
1826,27906,42,No,22.81,40,Salary,47444.799999999996,190,Human_Resources,Prefer Not to Answer,Married,1.0,9.0,Direct Deposit,No,14
1576,27910,37,No,44.14,40,Salary,91811.2,53,Research,Male,Married,5.0,25.0,Mailed Check,Yes,0
1089,27917,26,Yes,34.14,40,Salary,71011.2,191,Marketing,Female,Divorced,4.0,17.0,Mailed Check,No,0
1128,27918,43,Yes,65.54,40,Salary,136323.2,171,HumanResources,Male,Married,8.0,8.0,Direct Deposit,No,0
5815,27932,62,No,29.24,40,Salary,60819.2,168,Manufacturing,Male,Divorced,9.0,18.0,Direct Deposit,Yes,17
4691,27934,56,No,50.05,40,Salary,104104.0,181,Manufacturing,Prefer Not to Answer,Married,8.0,20.0,Mailed Check,Yes,37
357,27940,34,No,96.37,40,Salary,200449.6,224,Laboratory,Male,Single,7.0,24.0,Direct Deposit,Yes,13
5338,27942,50,No,88.44,40,Salary,183955.19999999998,16,Information Technology,Male,Divorced,1.0,24.0,Mailed Check,Yes,26
5114,27943,25,Yes,57.57,40,Salary,119745.6,151,Marketing,Male,Divorced,2.0,2.0,Direct Deposit,Yes,1
4496,27950,64,Yes,84.04,40,Salary,174803.2,172,Healthcare,Male,Divorced,8.0,10.0,Direct Deposit,No,1
1815,27952,64,No,19.95,40,Salary,41496.0,64,Human_Resources,Female,Divorced,7.0,14.0,Direct Deposit,Yes,22
1867,27953,18,No,36.62,40,Salary,76169.59999999999,118,Human Resources,Female,Single,6.0,17.0,Mailed Check,No,3
5547,27958,59,Yes,80.61,40,Salary,167668.80000000002,228,Research,Female,Single,8.0,12.0,Mailed Check,No,12
5868,27962,55,No,38.01,40,Salary,79060.79999999999,169,Research,Female,Divorced,3.0,8.0,Direct Deposit,No,26
1822,27966,61,No,77.81,40,Salary,161844.80000000002,370,Manufacturing,Female,Married,8.0,20.0,Mailed Check,No,17
2204,27967,42,Yes,51.25,40,Salary,106600.0,72,Healthcare,Prefer Not to Answer,Divorced,2.0,2.0,Mailed Check,Yes,16
267,27970,37,No,17.17,40,Salary,35713.600000000006,33,Human Resources,Prefer Not to Answer,Divorced,4.0,11.0,Direct Deposit,Yes,15
4979,27973,42,No,60.82,40,Salary,126505.6,457,Information_Technology,Female,Married,15.5,16.0,Mailed Check,No,10
1099,27974,20,No,48.59,40,Salary,101067.20000000001,409,Information_Technology,Prefer Not to Answer,Single,15.5,4.0,Mailed Check,No,0
3672,27975,44,No,54.06,40,Salary,112444.8,15,Human Resources,Male,Divorced,8.0,6.0,Direct Deposit,No,7
556,27978,50,Yes,61.01,40,Salary,126900.8,208,Laboratory,Prefer Not to Answer,Divorced,5.0,12.0,Direct Deposit,Yes,22
13135,27981,20,No,67.7,40,Salary,140816.0,499,InformationTechnology,Prefer Not to Answer,Divorced,15.5,24.0,Mailed Check,No,1
2925,27983,51,Yes,91.56,40,Salary,190444.80000000002,290,Information Technology,Female,Divorced,9.0,24.0,Mailed Check,No,29
12533,27986,58,No,86.74,40,Salary,180419.19999999998,106,HumanResources,Prefer Not to Answer,Married,9.0,15.0,Mailed Check,No,18
1926,27989,58,No,49.28,40,Salary,102502.40000000001,48,Marketing,Prefer Not to Answer,Married,8.0,19.0,Direct Deposit,No,14
4617,27993,36,No,70.19,40,Salary,145995.19999999998,201,InformationTechnology,Male,Single,8.0,7.0,Mailed Check,No,8
12420,27996,39,No,46.21,40,Salary,96116.8,37,Human Resources,Prefer Not to Answer,Single,4.0,17.0,Mailed Check,Yes,3
5962,27999,53,No,55.1,40,Salary,114608.0,219,InformationTechnology,Male,Divorced,8.0,19.0,Direct Deposit,Yes,14
1939,28000,42,Yes,96.44,40,Salary,200595.19999999998,323,Research,Male,Married,5.0,20.0,Mailed Check,No,9
4276,28001,52,No,19.48,40,Salary,40518.4,310,Research,Prefer Not to Answer,Single,8.0,2.0,Mailed Check,Yes,20
1339,28005,63,No,72.34,40,Salary,150467.2,325,Sales,Prefer Not to Answer,Married,1.0,25.0,Direct Deposit,No,37
12288,28010,30,Yes,54.86,40,Salary,114108.8,390,Sales,Male,Divorced,8.0,20.0,Mailed Check,No,3
5956,28014,43,Yes,89.01,40,Salary,185140.80000000002,472,Marketing,Prefer Not to Answer,Divorced,9.0,20.0,Direct Deposit,Yes,13
13108,28017,53,No,43.12,40,Salary,89689.59999999999,43,InformationTechnology,Male,Single,9.0,2.0,Mailed Check,No,21
2767,28020,38,No,77.05,40,Salary,160264.0,19,Sales,Male,Married,6.0,12.0,Mailed Check,No,0
543,28028,59,Yes,67.15,40,Salary,139672.0,328,Marketing,Prefer Not to Answer,Single,4.0,7.0,Mailed Check,No,36
131,28036,37,No,23.85,40,Salary,49608.0,35,HumanResources,Male,Married,6.0,11.0,Mailed Check,Yes,11
13167,28038,47,No,37.58,40,Salary,78166.4,408,Healthcare,Male,Divorced,9.0,15.0,Mailed Check,No,18
1471,28039,30,No,45.4,40,Salary,94432.0,233,Research,Female,Married,1.0,7.0,Mailed Check,Yes,0
1328,28041,64,Yes,55.13,40,Salary,114670.40000000001,340,InformationTechnology,Male,Married,3.0,25.0,Mailed Check,No,16
5996,28042,45,Yes,62.63,40,Salary,130270.40000000001,349,Sales,Prefer Not to Answer,Married,15.5,14.0,Direct Deposit,No,10
2300,28043,49,No,45.72,40,Salary,95097.59999999999,28,Research,Male,Divorced,3.0,21.0,Direct Deposit,Yes,10
4139,28044,39,Yes,91.86,40,Salary,191068.80000000002,35,HumanResources,Female,Divorced,4.0,16.0,Mailed Check,Yes,5
2255,28050,31,Yes,48.66,40,Salary,101212.79999999999,37,Human_Resources,Prefer Not to Answer,Married,7.0,18.0,Direct Deposit,No,0
2012,28052,37,No,75.11,40,Salary,156228.80000000002,313,Human Resources,Prefer Not to Answer,Divorced,5.0,14.0,Direct Deposit,No,4
12018,28053,54,No,95.81,40,Salary,199284.80000000002,132,InformationTechnology,Prefer Not to Answer,Divorced,5.0,4.0,Mailed Check,No,17
12549,28056,40,Yes,28.75,40,Salary,59800.0,191,Manufacturing,Prefer Not to Answer,Married,7.0,11.0,Direct Deposit,No,3
2747,28063,20,No,72.94,40,Salary,151715.19999999998,264,Information_Technology,Female,Married,15.5,39.5,Direct Deposit,No,12
346,28071,32,No,62.1,40,Salary,129168.0,498,Information_Technology,Female,Married,15.5,39.5,Mailed Check,No,0
5439,28072,55,Yes,31.27,40,Salary,65041.6,58,Laboratory,Prefer Not to Answer,Married,9.0,18.0,Mailed Check,No,22
1333,28074,38,No,28.81,40,Salary,59924.799999999996,231,Information_Technology,Prefer Not to Answer,Single,1.0,22.0,Direct Deposit,Yes,12
52,28075,37,No,18.0,40,Salary,37440.0,325,Sales,Male,Married,4.0,1.0,Mailed Check,No,14
5979,28078,29,Yes,77.23,40,Salary,160638.40000000002,337,InformationTechnology,Female,Single,9.0,21.0,Mailed Check,Yes,0
4946,28090,25,No,94.67,40,Salary,196913.6,110,Research,Prefer Not to Answer,Married,7.0,22.0,Direct Deposit,No,0
12568,28091,29,Yes,86.77,40,Salary,180481.59999999998,127,Sales,Female,Married,15.5,14.0,Mailed Check,No,0
5392,28092,18,Yes,68.62,40,Salary,142729.6,286,Healthcare,Prefer Not to Answer,Married,15.5,14.0,Direct Deposit,Yes,17
3833,28096,34,Yes,37.45,40,Salary,77896.0,180,Human_Resources,Male,Single,9.0,4.0,Mailed Check,No,15
4203,28097,42,No,24.65,40,Salary,51272.0,216,Information Technology,Female,Divorced,2.0,15.0,Direct Deposit,No,6
4008,28101,56,No,44.31,40,Salary,92164.8,75,InformationTechnology,Female,Divorced,1.0,24.0,Mailed Check,Yes,9
4430,28102,25,No,17.88,40,Salary,37190.399999999994,139,Sales,Female,Married,8.0,13.0,Mailed Check,No,0
4194,28107,35,Yes,73.88,40,Salary,153670.4,338,Information Technology,Prefer Not to Answer,Married,8.0,4.0,Mailed Check,No,6
2041,28109,53,Yes,78.54,40,Salary,163363.2,222,HumanResources,Prefer Not to Answer,Divorced,9.0,5.0,Direct Deposit,Yes,20
4614,28113,52,No,63.08,40,Salary,131206.4,145,InformationTechnology,Female,Married,9.0,11.0,Mailed Check,Yes,32
3450,28118,63,Yes,67.96,40,Salary,141356.8,450,Information Technology,Female,Single,5.0,3.0,Mailed Check,No,10
3568,28119,50,Yes,34.55,40,Salary,71864.0,76,Human Resources,Prefer Not to Answer,Single,4.0,22.0,Mailed Check,Yes,12
2731,28122,51,Yes,97.04,40,Salary,201843.2,112,Marketing,Prefer Not to Answer,Married,15.5,19.0,Mailed Check,Yes,16
12783,28128,21,Yes,79.77,40,Salary,165921.59999999998,45,Research,Female,Married,9.0,20.0,Mailed Check,No,0
1488,28129,55,Yes,60.53,40,Salary,125902.4,331,Healthcare,Prefer Not to Answer,Divorced,3.0,10.0,Mailed Check,No,15
12546,28136,63,No,21.95,40,Salary,45656.0,302,Information Technology,Male,Divorced,3.0,2.0,Mailed Check,No,37
2773,28137,46,Yes,79.66,40,Salary,165692.8,117,Marketing,Prefer Not to Answer,Divorced,3.0,4.0,Direct Deposit,No,25
1118,28141,44,No,60.45,40,Salary,125736.0,429,Healthcare,Male,Married,8.0,20.0,Mailed Check,Yes,15
4788,28146,20,No,36.12,40,Salary,75129.59999999999,285,Sales,Male,Divorced,7.0,19.0,Mailed Check,No,0
4972,28149,49,No,27.3,40,Salary,56784.0,422,Manufacturing,Female,Single,7.0,1.0,Direct Deposit,Yes,4
3193,28154,43,Yes,39.59,40,Salary,82347.20000000001,215,Information_Technology,Female,Divorced,1.0,16.0,Mailed Check,Yes,3
4040,28158,36,Yes,35.09,40,Salary,72987.20000000001,205,Information_Technology,Female,Divorced,7.0,24.0,Direct Deposit,No,3
2885,28159,25,No,71.79,40,Salary,149323.2,110,Laboratory,Male,Divorced,6.0,24.0,Direct Deposit,No,13
12127,28165,34,No,71.75,40,Salary,149240.0,419,Human Resources,Prefer Not to Answer,Divorced,5.0,21.0,Direct Deposit,Yes,0
1067,28166,52,No,27.34,40,Salary,56867.2,255,Healthcare,Male,Divorced,8.0,18.0,Mailed Check,Yes,18
5693,28168,33,No,90.48,40,Salary,188198.40000000002,99,Marketing,Male,Single,2.0,15.0,Mailed Check,No,9
207,28171,47,Yes,49.32,40,Salary,102585.59999999999,448,Research,Male,Single,9.0,39.5,Direct Deposit,Yes,3
254,28173,28,No,46.19,40,Salary,96075.2,35,Sales,Prefer Not to Answer,Married,6.0,6.0,Direct Deposit,Yes,8
5294,28177,52,No,77.02,40,Salary,160201.59999999998,355,Sales,Female,Single,4.0,12.0,Mailed Check,No,12
12130,28179,59,Yes,82.25,40,Salary,171080.0,106,HumanResources,Female,Married,7.0,39.5,Direct Deposit,No,37
3980,28201,62,No,51.69,40,Salary,107515.2,135,Laboratory,Female,Divorced,8.0,7.0,Direct Deposit,No,10
5253,28206,56,No,67.58,40,Salary,140566.4,297,Marketing,Prefer Not to Answer,Divorced,1.0,18.0,Mailed Check,No,3
2326,28207,53,No,95.46,40,Salary,198556.8,148,Research,Male,Divorced,6.0,14.0,Direct Deposit,No,18
4863,28209,45,No,47.52,40,Salary,98841.6,473,InformationTechnology,Female,Single,5.0,25.0,Direct Deposit,Yes,11
12661,28210,59,Yes,92.37,40,Salary,192129.6,0,Information Technology,Prefer Not to Answer,Divorced,2.0,17.0,Mailed Check,Yes,4
12056,28211,45,No,46.99,40,Salary,97739.20000000001,407,Information_Technology,Prefer Not to Answer,Divorced,6.0,19.0,Direct Deposit,Yes,7
13119,28220,50,Yes,85.12,40,Salary,177049.6,246,Information_Technology,Prefer Not to Answer,Divorced,9.0,12.0,Direct Deposit,Yes,18
12647,28221,47,No,66.6,40,Salary,138528.0,406,Information_Technology,Female,Divorced,8.0,1.0,Mailed Check,No,7
633,28224,37,Yes,74.73,40,Salary,155438.40000000002,410,Human_Resources,Male,Divorced,1.0,25.0,Mailed Check,No,0
5104,28236,64,Yes,82.91,40,Salary,172452.8,289,Human_Resources,Male,Single,3.0,6.0,Mailed Check,Yes,7
2526,28239,35,No,77.99,40,Salary,162219.19999999998,260,InformationTechnology,Prefer Not to Answer,Single,15.5,6.0,Direct Deposit,No,8
225,28240,24,No,86.2,40,Salary,179296.0,273,HumanResources,Female,Single,15.5,39.5,Mailed Check,No,5
3283,28245,56,No,55.33,40,Salary,115086.4,430,Human Resources,Prefer Not to Answer,Single,8.0,5.0,Mailed Check,No,15
3902,28247,39,Yes,53.68,40,Salary,111654.4,147,Information Technology,Male,Married,4.0,21.0,Mailed Check,No,0
93,28259,55,No,67.66,40,Salary,140732.8,109,Information_Technology,Male,Single,4.0,13.0,Mailed Check,No,17
5313,28265,60,Yes,22.51,40,Salary,46820.8,309,Marketing,Male,Single,15.5,2.0,Mailed Check,No,26
5623,28269,46,No,37.3,40,Salary,77584.0,15,Information_Technology,Male,Married,8.0,18.0,Mailed Check,No,8
12372,28274,59,No,28.32,40,Salary,58905.6,382,Sales,Prefer Not to Answer,Divorced,8.0,2.0,Direct Deposit,No,24
4906,28285,50,Yes,49.5,40,Salary,102960.0,336,Information Technology,Male,Divorced,9.0,1.0,Direct Deposit,Yes,6
1843,28287,19,No,44.18,40,Salary,91894.40000000001,101,Sales,Prefer Not to Answer,Single,3.0,25.0,Mailed Check,No,1
2195,28290,48,No,53.92,40,Salary,112153.6,101,Healthcare,Female,Divorced,5.0,13.0,Direct Deposit,Yes,26
2358,28298,59,Yes,52.45,40,Salary,109096.0,151,Information Technology,Female,Married,6.0,25.0,Mailed Check,No,16
12742,28299,47,No,28.85,40,Salary,60008.0,438,Information Technology,Male,Single,6.0,15.0,Mailed Check,No,15
2628,28301,43,Yes,58.18,40,Salary,121014.4,394,Manufacturing,Female,Single,8.0,23.0,Mailed Check,No,3
5045,28304,35,Yes,85.0,40,Salary,176800.0,59,Laboratory,Prefer Not to Answer,Divorced,9.0,13.0,Mailed Check,No,10
3809,28306,35,No,90.54,40,Salary,188323.2,383,Healthcare,Male,Married,3.0,4.0,Direct Deposit,Yes,3
4743,28311,57,Yes,65.25,40,Salary,135720.0,48,Research,Female,Divorced,4.0,17.0,Mailed Check,No,6
2055,28312,24,No,50.13,40,Salary,104270.40000000001,441,HumanResources,Male,Divorced,1.0,23.0,Direct Deposit,No,5
4892,28313,61,No,23.22,40,Salary,48297.6,116,Research,Male,Married,3.0,3.0,Mailed Check,No,16
12480,28315,26,No,37.24,40,Salary,77459.20000000001,259,Human Resources,Prefer Not to Answer,Single,1.0,7.0,Mailed Check,No,8
4529,28322,52,No,27.82,40,Salary,57865.6,150,Healthcare,Female,Single,9.0,13.0,Direct Deposit,No,18
1537,28324,49,Yes,79.96,40,Salary,166316.8,14,Healthcare,Male,Married,15.5,7.0,Mailed Check,No,22
5729,28326,45,Yes,50.15,40,Salary,104312.0,353,Manufacturing,Female,Divorced,2.0,20.0,Direct Deposit,Yes,3
377,28328,37,Yes,24.21,40,Salary,50356.8,416,Human Resources,Male,Single,3.0,39.5,Mailed Check,No,0
4265,28334,26,Yes,37.61,40,Salary,78228.8,81,Sales,Male,Married,3.0,20.0,Direct Deposit,Yes,2
1527,28335,45,Yes,27.76,40,Salary,57740.8,330,Manufacturing,Male,Divorced,4.0,14.0,Mailed Check,No,10
5673,28336,26,No,79.98,40,Salary,166358.40000000002,444,Information_Technology,Female,Single,9.0,7.0,Mailed Check,Yes,0
3432,28337,60,Yes,25.77,40,Salary,53601.6,458,Information_Technology,Female,Married,15.5,11.0,Mailed Check,Yes,24
2672,28338,19,No,17.56,40,Salary,36524.799999999996,265,Information_Technology,Male,Married,4.0,21.0,Direct Deposit,Yes,0
957,28341,50,No,56.13,40,Salary,116750.40000000001,458,Laboratory,Female,Divorced,4.0,25.0,Direct Deposit,Yes,15
507,28344,48,Yes,19.13,40,Salary,39790.399999999994,487,Sales,Male,Divorced,9.0,16.0,Direct Deposit,No,10
4001,28353,61,No,27.62,40,Salary,57449.6,454,Information Technology,Prefer Not to Answer,Single,4.0,8.0,Direct Deposit,No,10
1539,28355,24,Yes,83.25,40,Salary,173160.0,38,Information_Technology,Male,Single,4.0,2.0,Direct Deposit,No,0
3937,28356,45,Yes,22.6,40,Salary,47008.0,227,Information Technology,Female,Divorced,4.0,25.0,Direct Deposit,No,8
250,28361,31,No,75.22,40,Salary,156457.6,260,InformationTechnology,Female,Married,3.0,39.5,Mailed Check,No,1
3888,28372,41,No,81.92,40,Salary,170393.6,262,Human Resources,Male,Divorced,6.0,6.0,Mailed Check,Yes,17
954,28375,25,No,78.56,40,Salary,163404.80000000002,69,Sales,Prefer Not to Answer,Single,6.0,4.0,Mailed Check,No,0
1063,28376,47,No,82.73,40,Salary,172078.40000000002,201,Research,Female,Divorced,9.0,22.0,Mailed Check,No,10
12117,28380,56,No,71.73,40,Salary,149198.40000000002,294,Information Technology,Female,Married,6.0,12.0,Mailed Check,Yes,18
12624,28385,49,No,53.13,40,Salary,110510.40000000001,237,Healthcare,Female,Married,15.5,21.0,Mailed Check,No,8
2251,28394,29,Yes,67.5,40,Salary,140400.0,397,Information Technology,Male,Divorced,3.0,16.0,Mailed Check,No,5
4190,28395,43,Yes,52.62,40,Salary,109449.59999999999,342,Information Technology,Female,Single,15.5,13.0,Mailed Check,Yes,3
5846,28397,38,No,89.41,40,Salary,185972.8,159,Manufacturing,Prefer Not to Answer,Married,4.0,8.0,Mailed Check,No,0
4189,28398,43,Yes,25.29,40,Salary,52603.2,66,Information_Technology,Female,Single,6.0,15.0,Mailed Check,No,10
2312,28401,36,Yes,71.83,40,Salary,149406.4,326,Laboratory,Prefer Not to Answer,Divorced,8.0,3.0,Mailed Check,No,0
300,28402,46,Yes,33.49,40,Salary,69659.20000000001,135,Marketing,Female,Single,8.0,14.0,Mailed Check,No,4
1551,28404,58,Yes,71.98,40,Salary,149718.40000000002,46,HumanResources,Male,Divorced,6.0,9.0,Direct Deposit,No,11
2537,28405,42,No,37.23,40,Salary,77438.4,110,Manufacturing,Male,Single,6.0,19.0,Mailed Check,No,13
5655,28406,51,No,45.7,40,Salary,95056.0,5,Manufacturing,Prefer Not to Answer,Married,6.0,22.0,Direct Deposit,No,12
3174,28424,21,No,38.84,40,Salary,80787.20000000001,222,Sales,Prefer Not to Answer,Married,4.0,39.5,Direct Deposit,No,5
4450,28425,58,Yes,30.89,40,Salary,64251.2,349,Healthcare,Prefer Not to Answer,Single,2.0,10.0,Direct Deposit,Yes,31
4128,28426,46,No,86.89,40,Salary,180731.19999999998,101,Human_Resources,Male,Single,5.0,6.0,Mailed Check,No,9
1404,28430,46,No,89.9,40,Salary,186992.0,239,Laboratory,Female,Single,9.0,39.5,Mailed Check,No,9
3552,28434,26,No,76.0,40,Salary,158080.0,106,Sales,Male,Single,2.0,18.0,Mailed Check,Yes,0
4259,28440,41,Yes,99.15,40,Salary,206232.0,276,Marketing,Male,Divorced,7.0,8.0,Direct Deposit,No,19
5110,28445,57,No,21.58,40,Salary,44886.399999999994,291,Research,Female,Single,1.0,24.0,Mailed Check,No,14
12422,28447,52,No,74.77,40,Salary,155521.59999999998,243,Information_Technology,Male,Single,7.0,21.0,Direct Deposit,Yes,8
12563,28451,22,No,49.4,40,Salary,102752.0,421,Information Technology,Female,Divorced,8.0,23.0,Mailed Check,Yes,0
4578,28455,44,Yes,51.5,40,Salary,107120.0,31,Sales,Prefer Not to Answer,Married,8.0,1.0,Mailed Check,Yes,0
1364,28460,26,Yes,86.26,40,Salary,179420.80000000002,269,Information_Technology,Female,Married,3.0,21.0,Mailed Check,No,0
2254,28463,52,Yes,65.15,40,Salary,135512.0,126,Laboratory,Prefer Not to Answer,Single,4.0,8.0,Mailed Check,Yes,18
5739,28466,29,Yes,36.87,40,Salary,76689.59999999999,330,Laboratory,Female,Single,8.0,25.0,Mailed Check,Yes,0
12257,28474,36,Yes,68.75,40,Salary,143000.0,225,Healthcare,Male,Divorced,2.0,14.0,Direct Deposit,No,15
12525,28478,22,No,58.41,40,Salary,121492.79999999999,335,Human Resources,Male,Single,15.5,16.0,Mailed Check,No,10
12153,28483,48,Yes,63.76,40,Salary,132620.80000000002,287,Information_Technology,Prefer Not to Answer,Divorced,2.0,15.0,Mailed Check,No,1
5059,28484,61,No,87.68,40,Salary,182374.40000000002,412,Information Technology,Male,Divorced,7.0,24.0,Direct Deposit,No,21
2655,28492,41,Yes,18.87,40,Salary,39249.600000000006,431,InformationTechnology,Female,Married,9.0,1.0,Mailed Check,No,15
2359,28497,42,Yes,59.43,40,Salary,123614.4,42,Information Technology,Female,Divorced,2.0,12.0,Direct Deposit,No,20
12158,28499,50,Yes,36.15,40,Salary,75192.0,339,Sales,Male,Married,7.0,8.0,Direct Deposit,No,4
3993,28502,38,No,29.09,40,Salary,60507.2,470,Laboratory,Female,Married,15.5,12.0,Direct Deposit,No,13
4178,28506,49,No,88.43,40,Salary,183934.40000000002,415,Research,Male,Single,1.0,21.0,Mailed Check,No,7
5141,28509,29,No,99.04,40,Salary,206003.2,41,Laboratory,Female,Divorced,9.0,13.0,Mailed Check,No,7
826,28521,21,Yes,64.97,40,Salary,135137.6,301,Sales,Female,Single,3.0,5.0,Mailed Check,No,3
1144,28523,63,No,75.82,40,Salary,157705.59999999998,136,Marketing,Female,Single,8.0,1.0,Mailed Check,Yes,24
2376,28524,46,No,93.1,40,Salary,193648.0,364,Information Technology,Male,Divorced,5.0,7.0,Mailed Check,No,9
4783,28525,49,Yes,22.57,40,Salary,46945.6,309,HumanResources,Prefer Not to Answer,Divorced,9.0,4.0,Direct Deposit,No,7
5172,28526,22,Yes,91.44,40,Salary,190195.19999999998,238,InformationTechnology,Female,Single,7.0,39.5,Mailed Check,No,0
1055,28530,45,Yes,83.68,40,Salary,174054.40000000002,22,Healthcare,Prefer Not to Answer,Married,7.0,1.0,Direct Deposit,No,16
3718,28532,23,Yes,78.43,40,Salary,163134.40000000002,459,Human_Resources,Male,Single,3.0,20.0,Mailed Check,No,0
12307,28535,49,No,65.44,40,Salary,136115.19999999998,185,Marketing,Female,Married,3.0,17.0,Mailed Check,No,15
862,28537,37,No,53.69,40,Salary,111675.2,428,HumanResources,Male,Married,1.0,5.0,Direct Deposit,No,10
12150,28538,41,Yes,73.71,40,Salary,153316.8,40,Human_Resources,Prefer Not to Answer,Married,6.0,16.0,Direct Deposit,Yes,23
3750,28539,43,No,97.32,40,Salary,202425.59999999998,426,HumanResources,Male,Single,7.0,39.5,Mailed Check,No,16
5034,28543,64,No,88.11,40,Salary,183268.80000000002,297,Healthcare,Male,Divorced,6.0,23.0,Mailed Check,No,37
635,28545,36,Yes,83.77,40,Salary,174241.59999999998,245,Laboratory,Female,Single,1.0,16.0,Direct Deposit,No,17
363,28548,59,Yes,54.25,40,Salary,112840.0,483,Human_Resources,Male,Divorced,8.0,17.0,Mailed Check,Yes,17
4890,28550,43,No,64.44,40,Salary,134035.19999999998,279,Information_Technology,Female,Married,15.5,13.0,Mailed Check,No,3
2674,28554,49,Yes,39.05,40,Salary,81224.0,458,Information Technology,Male,Single,3.0,2.0,Mailed Check,No,31
5983,28557,32,Yes,93.87,40,Salary,195249.6,139,Human Resources,Prefer Not to Answer,Divorced,2.0,15.0,Mailed Check,No,0
501,28558,30,Yes,87.53,40,Salary,182062.4,227,Sales,Male,Married,8.0,14.0,Mailed Check,Yes,11
4426,28566,52,Yes,21.18,40,Salary,44054.4,143,HumanResources,Female,Divorced,5.0,23.0,Mailed Check,No,26
12095,28567,57,No,19.44,40,Salary,40435.200000000004,137,Information Technology,Male,Married,6.0,16.0,Mailed Check,No,21
4239,28574,58,No,87.37,40,Salary,181729.6,276,InformationTechnology,Female,Divorced,5.0,5.0,Direct Deposit,No,36
2382,28577,34,No,63.5,40,Salary,132080.0,246,Information_Technology,Female,Single,4.0,12.0,Mailed Check,No,13
194,28578,42,Yes,36.82,40,Salary,76585.59999999999,178,Healthcare,Male,Single,3.0,8.0,Direct Deposit,No,0
4415,28581,31,No,81.55,40,Salary,169624.0,265,HumanResources,Male,Divorced,6.0,22.0,Direct Deposit,No,13
5975,28583,32,No,75.22,40,Salary,156457.6,256,Research,Male,Divorced,7.0,10.0,Mailed Check,Yes,8
1181,28585,46,No,62.75,40,Salary,130520.0,59,Research,Prefer Not to Answer,Married,1.0,8.0,Direct Deposit,No,14
2420,28586,63,Yes,61.77,40,Salary,128481.6,44,Manufacturing,Male,Single,2.0,24.0,Mailed Check,Yes,30
1838,28587,31,No,96.39,40,Salary,200491.19999999998,130,InformationTechnology,Male,Single,7.0,22.0,Direct Deposit,No,6
2293,28588,33,No,86.18,40,Salary,179254.40000000002,175,Laboratory,Prefer Not to Answer,Divorced,8.0,17.0,Mailed Check,No,0
4052,28598,49,Yes,79.11,40,Salary,164548.80000000002,477,Human_Resources,Male,Single,5.0,8.0,Mailed Check,No,15
651,28606,41,No,44.13,40,Salary,91790.40000000001,226,Marketing,Male,Single,8.0,39.5,Direct Deposit,No,13
383,28615,63,Yes,55.4,40,Salary,115232.0,482,Information Technology,Prefer Not to Answer,Divorced,6.0,10.0,Direct Deposit,No,31
2199,28616,49,No,95.27,40,Salary,198161.59999999998,493,Information_Technology,Female,Divorced,1.0,1.0,Mailed Check,No,10
5594,28617,33,No,61.25,40,Salary,127400.0,120,Manufacturing,Female,Divorced,3.0,19.0,Mailed Check,Yes,7
3740,28621,57,Yes,59.55,40,Salary,123864.0,312,HumanResources,Male,Single,1.0,20.0,Mailed Check,No,11
989,28623,51,No,44.26,40,Salary,92060.79999999999,47,Information_Technology,Male,Divorced,3.0,23.0,Mailed Check,No,29
1485,28636,44,No,61.75,40,Salary,128440.0,252,Research,Prefer Not to Answer,Married,7.0,9.0,Direct Deposit,No,19
1009,28643,61,Yes,45.5,40,Salary,94640.0,350,Marketing,Male,Married,3.0,4.0,Mailed Check,Yes,12
3070,28647,25,No,71.47,40,Salary,148657.6,118,Information Technology,Female,Single,1.0,5.0,Mailed Check,Yes,0
5784,28648,30,No,72.97,40,Salary,151777.6,464,Sales,Male,Single,3.0,7.0,Mailed Check,No,1
5508,28650,35,Yes,21.05,40,Salary,43784.0,232,Human_Resources,Prefer Not to Answer,Single,9.0,24.0,Mailed Check,No,15
1228,28651,64,Yes,48.49,40,Salary,100859.20000000001,381,Manufacturing,Male,Divorced,4.0,5.0,Mailed Check,No,15
1617,28661,33,Yes,59.38,40,Salary,123510.40000000001,62,Human_Resources,Male,Married,8.0,10.0,Mailed Check,No,0
3678,28665,51,Yes,43.19,40,Salary,89835.2,213,Manufacturing,Male,Single,15.5,17.0,Direct Deposit,Yes,20
2587,28676,23,No,78.65,40,Salary,163592.0,52,Human Resources,Prefer Not to Answer,Single,4.0,24.0,Direct Deposit,No,0
2285,28678,54,No,53.96,40,Salary,112236.8,104,Healthcare,Female,Single,5.0,19.0,Mailed Check,No,15
2290,28680,62,No,70.62,40,Salary,146889.6,489,Research,Prefer Not to Answer,Single,2.0,16.0,Direct Deposit,No,3
2233,28682,46,No,58.96,40,Salary,122636.8,466,InformationTechnology,Prefer Not to Answer,Divorced,4.0,18.0,Direct Deposit,No,1
4637,28686,25,Yes,41.86,40,Salary,87068.8,59,Information Technology,Male,Single,5.0,23.0,Direct Deposit,No,4
3570,28687,40,Yes,70.63,40,Salary,146910.4,423,Healthcare,Prefer Not to Answer,Single,3.0,24.0,Direct Deposit,Yes,7
3583,28688,48,No,29.8,40,Salary,61984.0,283,Sales,Female,Single,1.0,16.0,Mailed Check,No,10
614,28693,61,Yes,33.55,40,Salary,69784.0,315,Research,Prefer Not to Answer,Married,2.0,16.0,Direct Deposit,No,5
5833,28700,50,No,89.86,40,Salary,186908.80000000002,100,Human_Resources,Male,Divorced,6.0,18.0,Direct Deposit,No,25
3708,28702,52,Yes,44.68,40,Salary,92934.40000000001,37,Human Resources,Female,Single,7.0,8.0,Direct Deposit,Yes,12
3084,28706,24,No,55.86,40,Salary,116188.8,183,InformationTechnology,Male,Single,2.0,5.0,Direct Deposit,Yes,0
2840,28707,52,No,87.63,40,Salary,182270.4,280,Information_Technology,Prefer Not to Answer,Married,9.0,20.0,Mailed Check,No,9
4262,28708,35,Yes,38.25,40,Salary,79560.0,377,Human Resources,Prefer Not to Answer,Single,9.0,24.0,Mailed Check,Yes,10
13109,28711,38,No,47.18,40,Salary,98134.40000000001,199,Human Resources,Male,Single,7.0,13.0,Mailed Check,Yes,6
5306,28712,54,Yes,21.37,40,Salary,44449.600000000006,167,Information Technology,Prefer Not to Answer,Single,3.0,9.0,Mailed Check,Yes,13
5181,28714,40,Yes,32.36,40,Salary,67308.8,484,Human_Resources,Female,Single,5.0,1.0,Mailed Check,Yes,0
551,28722,42,No,91.57,40,Salary,190465.59999999998,313,Manufacturing,Prefer Not to Answer,Divorced,5.0,23.0,Direct Deposit,Yes,16
2242,28723,20,No,51.05,40,Salary,106184.0,178,Information Technology,Male,Divorced,6.0,9.0,Mailed Check,No,0
2003,28736,52,Yes,92.95,40,Salary,193336.0,494,HumanResources,Female,Divorced,4.0,10.0,Direct Deposit,No,13
3830,28737,34,Yes,74.39,40,Salary,154731.19999999998,150,Human_Resources,Male,Married,5.0,19.0,Mailed Check,No,0
2836,28738,62,No,50.68,40,Salary,105414.40000000001,201,Human Resources,Prefer Not to Answer,Single,6.0,7.0,Mailed Check,No,16
2317,28740,42,Yes,72.52,40,Salary,150841.59999999998,420,Sales,Male,Single,6.0,13.0,Mailed Check,Yes,12
1984,28748,58,No,50.8,40,Salary,105664.0,86,Human Resources,Prefer Not to Answer,Single,7.0,6.0,Direct Deposit,Yes,15
165,28754,62,Yes,52.78,40,Salary,109782.4,469,HumanResources,Prefer Not to Answer,Married,4.0,17.0,Mailed Check,No,2
196,28759,20,No,73.56,40,Salary,153004.80000000002,368,Research,Male,Single,3.0,3.0,Direct Deposit,No,2
5295,28762,57,Yes,89.73,40,Salary,186638.40000000002,484,Manufacturing,Male,Divorced,7.0,14.0,Mailed Check,No,3
1005,28765,64,Yes,68.43,40,Salary,142334.40000000002,222,Laboratory,Prefer Not to Answer,Divorced,9.0,20.0,Direct Deposit,No,35
1474,28771,37,Yes,91.0,40,Salary,189280.0,209,Healthcare,Male,Married,5.0,6.0,Mailed Check,No,11
3705,28772,51,No,63.29,40,Salary,131643.19999999998,47,Manufacturing,Prefer Not to Answer,Single,9.0,14.0,Direct Deposit,No,11
1668,28773,43,Yes,33.37,40,Salary,69409.59999999999,456,Laboratory,Prefer Not to Answer,Divorced,7.0,9.0,Direct Deposit,No,14
5353,28774,61,No,87.26,40,Salary,181500.80000000002,235,Sales,Female,Married,15.5,2.0,Mailed Check,No,19
5925,28776,38,Yes,77.18,40,Salary,160534.40000000002,118,Information_Technology,Prefer Not to Answer,Divorced,8.0,21.0,Mailed Check,Yes,11
12486,28778,29,No,90.62,40,Salary,188489.6,357,HumanResources,Male,Divorced,15.5,5.0,Mailed Check,No,0
12206,28781,42,No,55.96,40,Salary,116396.8,480,InformationTechnology,Male,Divorced,1.0,4.0,Direct Deposit,Yes,22
4244,28784,57,No,43.18,40,Salary,89814.40000000001,237,Human_Resources,Prefer Not to Answer,Married,5.0,18.0,Mailed Check,No,16
1466,28787,29,Yes,72.96,40,Salary,151756.8,149,Healthcare,Female,Divorced,9.0,16.0,Direct Deposit,No,0
222,28790,21,Yes,98.62,40,Salary,205129.6,26,Healthcare,Prefer Not to Answer,Married,6.0,9.0,Direct Deposit,No,0
4371,28791,65,No,57.82,40,Salary,120265.6,179,Sales,Prefer Not to Answer,Married,2.0,25.0,Direct Deposit,No,35
763,28794,51,Yes,48.84,40,Salary,101587.20000000001,114,Human Resources,Male,Married,6.0,3.0,Direct Deposit,Yes,33
4311,28795,23,Yes,57.87,40,Salary,120369.59999999999,173,Sales,Prefer Not to Answer,Single,9.0,19.0,Mailed Check,No,0
4528,28796,40,Yes,21.23,40,Salary,44158.4,379,Human_Resources,Male,Divorced,8.0,25.0,Mailed Check,Yes,8
3697,28797,52,No,95.67,40,Salary,198993.6,487,Research,Male,Divorced,3.0,11.0,Mailed Check,No,12
5549,28800,26,Yes,65.79,40,Salary,136843.2,81,Healthcare,Prefer Not to Answer,Divorced,15.5,19.0,Mailed Check,No,0
1035,28803,31,Yes,63.16,40,Salary,131372.8,76,Marketing,Prefer Not to Answer,Single,8.0,13.0,Mailed Check,Yes,11
12743,28806,43,No,85.46,40,Salary,177756.8,177,HumanResources,Male,Single,9.0,4.0,Mailed Check,No,2
2544,28812,61,Yes,71.43,40,Salary,148574.40000000002,145,Human Resources,Female,Single,7.0,6.0,Mailed Check,No,23
4989,28823,27,No,51.21,40,Salary,106516.8,214,Human Resources,Male,Divorced,8.0,15.0,Mailed Check,No,0
1002,28827,38,Yes,71.15,40,Salary,147992.0,410,Healthcare,Male,Married,7.0,18.0,Direct Deposit,Yes,10
5161,28830,28,Yes,75.57,40,Salary,157185.59999999998,73,Human_Resources,Prefer Not to Answer,Divorced,3.0,4.0,Mailed Check,No,5
1715,28833,27,No,71.55,40,Salary,148824.0,348,Information_Technology,Prefer Not to Answer,Married,15.5,4.0,Direct Deposit,No,2
1155,28842,52,No,25.39,40,Salary,52811.200000000004,253,Research,Female,Married,1.0,8.0,Direct Deposit,Yes,6
4195,28843,44,No,97.52,40,Salary,202841.59999999998,352,Marketing,Male,Married,6.0,22.0,Direct Deposit,No,13
2901,28849,22,Yes,92.65,40,Salary,192712.0,137,Manufacturing,Female,Single,2.0,24.0,Direct Deposit,Yes,0
3036,28851,19,No,49.3,40,Salary,102544.0,467,Information_Technology,Prefer Not to Answer,Divorced,1.0,23.0,Direct Deposit,No,0
3910,28857,34,No,40.44,40,Salary,84115.2,173,HumanResources,Prefer Not to Answer,Single,8.0,12.0,Direct Deposit,No,15
12585,28860,36,Yes,29.85,40,Salary,62088.0,94,Information Technology,Prefer Not to Answer,Divorced,2.0,6.0,Mailed Check,No,0
845,28865,60,No,72.96,40,Salary,151756.8,33,Information Technology,Prefer Not to Answer,Married,9.0,24.0,Mailed Check,Yes,18
12293,28866,28,No,96.79,40,Salary,201323.2,116,Human_Resources,Prefer Not to Answer,Married,8.0,20.0,Direct Deposit,Yes,0
1068,28873,49,Yes,78.55,40,Salary,163384.0,440,Manufacturing,Female,Married,8.0,24.0,Direct Deposit,No,7
3012,28875,56,No,75.73,40,Salary,157518.40000000002,264,Information_Technology,Male,Single,9.0,13.0,Mailed Check,No,20
3171,28876,35,Yes,55.13,40,Salary,114670.40000000001,270,Sales,Female,Divorced,3.0,20.0,Direct Deposit,No,15
1308,28878,45,Yes,88.27,40,Salary,183601.59999999998,398,Marketing,Male,Single,3.0,21.0,Direct Deposit,No,8
448,28879,45,Yes,93.34,40,Salary,194147.2,439,Marketing,Prefer Not to Answer,Single,3.0,2.0,Mailed Check,Yes,7
62,28882,30,Yes,63.37,40,Salary,131809.59999999998,340,HumanResources,Prefer Not to Answer,Divorced,9.0,13.0,Mailed Check,No,0
5005,28888,34,No,46.12,40,Salary,95929.59999999999,393,Research,Male,Single,1.0,6.0,Mailed Check,No,12
1820,28889,46,No,89.98,40,Salary,187158.40000000002,156,Research,Prefer Not to Answer,Single,15.5,2.0,Direct Deposit,No,5
4901,28893,43,Yes,47.31,40,Salary,98404.8,392,Information_Technology,Female,Divorced,7.0,1.0,Direct Deposit,No,16
3380,28896,64,Yes,98.67,40,Salary,205233.6,136,Laboratory,Female,Divorced,8.0,15.0,Mailed Check,Yes,37
2070,28904,57,No,42.67,40,Salary,88753.6,274,Marketing,Female,Married,1.0,2.0,Mailed Check,No,15
2401,28906,59,No,64.4,40,Salary,133952.0,432,InformationTechnology,Male,Single,2.0,5.0,Direct Deposit,No,25
4505,28914,47,Yes,29.28,40,Salary,60902.4,272,Research,Female,Divorced,15.5,20.0,Mailed Check,No,27
171,28918,20,No,59.56,40,Salary,123884.8,494,Marketing,Prefer Not to Answer,Single,6.0,20.0,Direct Deposit,No,2
5415,28920,23,No,55.63,40,Salary,115710.40000000001,337,HumanResources,Prefer Not to Answer,Married,1.0,2.0,Direct Deposit,No,5
265,28921,43,No,41.23,40,Salary,85758.4,476,Manufacturing,Female,Married,15.5,1.0,Direct Deposit,Yes,14
3836,28922,44,Yes,32.82,40,Salary,68265.59999999999,424,Human Resources,Female,Married,15.5,17.0,Mailed Check,Yes,6
3593,28927,47,Yes,87.03,40,Salary,181022.4,6,Human Resources,Female,Divorced,7.0,23.0,Mailed Check,Yes,29
3688,28928,21,Yes,51.13,40,Salary,106350.40000000001,492,Information Technology,Female,Divorced,4.0,25.0,Mailed Check,No,0
5958,28940,61,No,21.2,40,Salary,44096.0,267,HumanResources,Male,Single,6.0,9.0,Direct Deposit,No,14
1358,28943,43,No,55.09,40,Salary,114587.20000000001,320,Information_Technology,Female,Single,6.0,10.0,Mailed Check,No,4
4284,28945,39,Yes,83.5,40,Salary,173680.0,258,Research,Female,Divorced,8.0,23.0,Direct Deposit,No,0
2396,28952,60,No,45.39,40,Salary,94411.2,301,Research,Prefer Not to Answer,Single,8.0,2.0,Direct Deposit,No,13
3814,28954,22,Yes,22.01,40,Salary,45780.8,34,Healthcare,Female,Married,5.0,5.0,Mailed Check,Yes,0
12323,28957,21,No,79.97,40,Salary,166337.6,435,Human Resources,Prefer Not to Answer,Single,6.0,11.0,Direct Deposit,No,14
673,28963,26,No,68.18,40,Salary,141814.40000000002,123,Human Resources,Prefer Not to Answer,Married,15.5,10.0,Direct Deposit,No,17
5272,28966,55,No,98.51,40,Salary,204900.80000000002,283,Marketing,Male,Single,2.0,19.0,Direct Deposit,No,33
2371,28970,42,Yes,86.36,40,Salary,179628.80000000002,406,Research,Male,Single,6.0,17.0,Mailed Check,No,0
4212,28971,19,Yes,77.05,40,Salary,160264.0,158,Healthcare,Male,Married,1.0,7.0,Direct Deposit,No,0
5218,28976,50,No,68.39,40,Salary,142251.19999999998,282,Information_Technology,Prefer Not to Answer,Divorced,7.0,7.0,Direct Deposit,No,16
3979,28984,40,No,52.43,40,Salary,109054.4,225,Marketing,Male,Married,1.0,10.0,Direct Deposit,Yes,2
4031,28987,55,No,95.35,40,Salary,198328.0,21,Human Resources,Male,Married,8.0,24.0,Mailed Check,Yes,22
4771,28988,56,Yes,43.83,40,Salary,91166.4,333,HumanResources,Male,Married,9.0,19.0,Mailed Check,No,2
4573,29017,55,No,71.8,40,Salary,149344.0,174,Sales,Male,Divorced,7.0,1.0,Mailed Check,No,34
4054,29022,62,No,70.7,40,Salary,147056.0,339,Information_Technology,Prefer Not to Answer,Divorced,2.0,22.0,Direct Deposit,No,12
1473,29023,21,Yes,68.46,40,Salary,142396.8,325,Laboratory,Prefer Not to Answer,Single,15.5,16.0,Mailed Check,No,1
2356,29024,46,Yes,18.41,40,Salary,38292.799999999996,144,Human Resources,Male,Divorced,15.5,13.0,Mailed Check,No,6
4634,29026,26,No,18.89,40,Salary,39291.200000000004,266,Laboratory,Prefer Not to Answer,Divorced,4.0,15.0,Mailed Check,No,9
601,29036,29,No,75.17,40,Salary,156353.6,322,Manufacturing,Female,Single,3.0,14.0,Direct Deposit,No,6
8,29037,55,No,31.69,40,Salary,65915.20000000001,434,Marketing,Female,Single,3.0,17.0,Mailed Check,Yes,32
4791,29039,39,No,39.86,40,Salary,82908.8,273,Sales,Prefer Not to Answer,Single,8.0,13.0,Mailed Check,Yes,10
67,29047,65,No,87.38,40,Salary,181750.4,444,Research,Male,Single,7.0,7.0,Direct Deposit,No,9
2692,29050,34,Yes,82.17,40,Salary,170913.6,43,Manufacturing,Male,Divorced,5.0,19.0,Direct Deposit,No,0
12218,29052,20,No,38.54,40,Salary,80163.2,225,HumanResources,Female,Married,6.0,7.0,Mailed Check,Yes,0
3500,29054,64,Yes,63.62,40,Salary,132329.59999999998,335,Laboratory,Female,Divorced,2.0,11.0,Direct Deposit,No,37
917,29057,40,No,31.82,40,Salary,66185.59999999999,213,Information Technology,Female,Single,2.0,2.0,Mailed Check,No,13
3471,29059,43,No,45.12,40,Salary,93849.59999999999,437,InformationTechnology,Female,Single,15.5,14.0,Mailed Check,No,14
2766,29063,30,No,50.68,40,Salary,105414.40000000001,211,InformationTechnology,Female,Married,3.0,39.5,Mailed Check,No,15
4421,29075,27,No,86.73,40,Salary,180398.40000000002,255,InformationTechnology,Prefer Not to Answer,Single,1.0,6.0,Direct Deposit,No,15
5730,29077,27,No,82.12,40,Salary,170809.6,452,Sales,Male,Single,3.0,10.0,Direct Deposit,Yes,0
3900,29079,22,No,68.58,40,Salary,142646.4,83,Human Resources,Female,Married,15.5,17.0,Mailed Check,Yes,10
741,29085,24,Yes,78.49,40,Salary,163259.19999999998,255,Healthcare,Male,Single,6.0,5.0,Mailed Check,Yes,0
4978,29086,60,Yes,32.55,40,Salary,67704.0,160,Human Resources,Male,Married,5.0,24.0,Mailed Check,No,7
2034,29087,64,No,93.3,40,Salary,194064.0,144,InformationTechnology,Female,Single,9.0,7.0,Direct Deposit,No,23
493,29088,52,Yes,65.98,40,Salary,137238.40000000002,143,Research,Female,Single,5.0,4.0,Mailed Check,No,9
2677,29090,53,No,92.08,40,Salary,191526.4,219,HumanResources,Prefer Not to Answer,Divorced,7.0,3.0,Mailed Check,Yes,6
5864,29091,28,Yes,61.98,40,Salary,128918.4,471,Human_Resources,Prefer Not to Answer,Single,7.0,4.0,Mailed Check,No,2
2842,29095,34,No,75.77,40,Salary,157601.59999999998,491,Healthcare,Prefer Not to Answer,Single,1.0,10.0,Direct Deposit,No,0
12510,29099,19,No,64.26,40,Salary,133660.80000000002,323,Manufacturing,Prefer Not to Answer,Single,3.0,13.0,Direct Deposit,No,0
3057,29102,64,No,22.86,40,Salary,47548.799999999996,316,InformationTechnology,Female,Single,8.0,24.0,Direct Deposit,Yes,10
3894,29111,29,Yes,85.77,40,Salary,178401.59999999998,330,InformationTechnology,Prefer Not to Answer,Single,8.0,22.0,Direct Deposit,Yes,0
4665,29112,55,No,59.56,40,Salary,123884.8,355,HumanResources,Male,Divorced,4.0,14.0,Mailed Check,No,16
5138,29113,48,No,17.01,40,Salary,35380.8,383,HumanResources,Prefer Not to Answer,Married,4.0,19.0,Direct Deposit,No,21
3371,29118,59,Yes,82.45,40,Salary,171496.0,48,Sales,Male,Divorced,8.0,19.0,Direct Deposit,No,16
315,29122,39,No,42.9,40,Salary,89232.0,210,Information Technology,Male,Married,3.0,13.0,Mailed Check,No,9
3551,29124,43,No,74.84,40,Salary,155667.2,135,Information Technology,Prefer Not to Answer,Single,2.0,1.0,Direct Deposit,No,3
4564,29125,58,Yes,40.8,40,Salary,84864.0,32,Information Technology,Female,Single,4.0,4.0,Direct Deposit,No,15
2621,29133,40,No,66.84,40,Salary,139027.2,254,Human Resources,Female,Married,9.0,22.0,Mailed Check,No,17
12698,29134,32,Yes,24.22,40,Salary,50377.6,265,HumanResources,Female,Single,6.0,6.0,Mailed Check,No,9
5204,29135,62,No,54.77,40,Salary,113921.6,418,Laboratory,Male,Divorced,6.0,18.0,Mailed Check,Yes,3
2335,29139,28,No,79.35,40,Salary,165048.0,286,Laboratory,Male,Married,1.0,20.0,Mailed Check,No,0
141,29140,61,Yes,36.56,40,Salary,76044.8,330,Healthcare,Female,Divorced,3.0,22.0,Direct Deposit,No,34
5908,29141,41,Yes,88.65,40,Salary,184392.0,13,Research,Male,Single,3.0,10.0,Mailed Check,No,16
1827,29142,40,No,52.34,40,Salary,108867.20000000001,229,Information_Technology,Male,Divorced,9.0,17.0,Direct Deposit,Yes,16
2869,29144,56,Yes,33.63,40,Salary,69950.40000000001,282,Information_Technology,Female,Single,4.0,8.0,Mailed Check,No,37
774,29146,58,Yes,51.38,40,Salary,106870.40000000001,33,InformationTechnology,Prefer Not to Answer,Married,1.0,11.0,Direct Deposit,Yes,12
502,29148,34,Yes,18.07,40,Salary,37585.6,1,HumanResources,Female,Married,7.0,23.0,Direct Deposit,No,16
4925,29153,40,Yes,98.03,40,Salary,203902.4,172,Healthcare,Prefer Not to Answer,Married,9.0,1.0,Mailed Check,No,3
3145,29155,29,No,77.7,40,Salary,161616.0,495,Information Technology,Male,Single,1.0,5.0,Direct Deposit,No,0
4889,29156,20,Yes,81.58,40,Salary,169686.4,431,Human_Resources,Female,Married,15.5,6.0,Mailed Check,Yes,2
2231,29157,50,No,96.36,40,Salary,200428.80000000002,236,Laboratory,Male,Divorced,15.5,6.0,Direct Deposit,No,18
494,29161,53,No,95.08,40,Salary,197766.4,124,Sales,Female,Single,15.5,20.0,Direct Deposit,No,20
5685,29167,21,No,45.2,40,Salary,94016.0,352,InformationTechnology,Female,Married,4.0,10.0,Mailed Check,No,7
1297,29170,62,No,96.8,40,Salary,201344.0,137,Information Technology,Prefer Not to Answer,Married,1.0,19.0,Direct Deposit,Yes,2
3060,29174,58,Yes,75.34,40,Salary,156707.2,342,Marketing,Prefer Not to Answer,Divorced,7.0,39.5,Mailed Check,No,31
12495,29176,50,No,23.35,40,Salary,48568.0,102,Human_Resources,Prefer Not to Answer,Married,3.0,15.0,Direct Deposit,Yes,31
1397,29180,56,No,84.92,40,Salary,176633.6,489,Research,Male,Married,2.0,18.0,Mailed Check,No,5
1410,29183,60,Yes,88.56,40,Salary,184204.80000000002,263,Healthcare,Male,Married,15.5,20.0,Direct Deposit,Yes,11
1819,29186,35,Yes,32.53,40,Salary,67662.40000000001,407,Human Resources,Male,Married,3.0,14.0,Mailed Check,Yes,5
4594,29188,46,Yes,94.58,40,Salary,196726.4,357,Healthcare,Female,Single,1.0,6.0,Direct Deposit,No,26
12406,29192,29,Yes,47.46,40,Salary,98716.8,20,InformationTechnology,Male,Single,3.0,11.0,Direct Deposit,Yes,0
4561,29193,39,Yes,74.51,40,Salary,154980.80000000002,184,InformationTechnology,Female,Married,4.0,11.0,Mailed Check,No,18
1282,29197,47,No,26.11,40,Salary,54308.8,104,Information_Technology,Prefer Not to Answer,Divorced,7.0,25.0,Mailed Check,No,19
3653,29203,38,Yes,83.34,40,Salary,173347.2,166,Laboratory,Prefer Not to Answer,Single,7.0,2.0,Direct Deposit,Yes,0
12350,29205,45,No,62.41,40,Salary,129812.79999999999,419,Manufacturing,Female,Married,5.0,2.0,Mailed Check,No,22
3405,29208,20,No,66.61,40,Salary,138548.80000000002,95,Human_Resources,Female,Divorced,8.0,21.0,Mailed Check,Yes,0
926,29209,31,No,48.1,40,Salary,100048.0,65,Laboratory,Female,Married,4.0,21.0,Direct Deposit,No,6
4063,29214,36,Yes,70.63,40,Salary,146910.4,420,HumanResources,Prefer Not to Answer,Divorced,1.0,13.0,Direct Deposit,Yes,14
5658,29224,24,No,61.43,40,Salary,127774.4,300,InformationTechnology,Prefer Not to Answer,Single,2.0,20.0,Direct Deposit,Yes,16
5511,29230,28,Yes,87.32,40,Salary,181625.59999999998,107,Marketing,Male,Divorced,5.0,11.0,Mailed Check,No,0
4885,29238,64,Yes,37.01,40,Salary,76980.79999999999,100,HumanResources,Male,Divorced,15.5,14.0,Direct Deposit,Yes,23
4003,29242,23,Yes,74.95,40,Salary,155896.0,203,Sales,Female,Married,1.0,17.0,Mailed Check,Yes,0
1426,29243,49,Yes,52.38,40,Salary,108950.40000000001,321,InformationTechnology,Male,Single,4.0,7.0,Mailed Check,No,11
2129,29244,51,No,60.88,40,Salary,126630.40000000001,451,Manufacturing,Male,Married,1.0,9.0,Direct Deposit,No,15
2230,29252,58,No,52.71,40,Salary,109636.8,254,Manufacturing,Male,Single,15.5,23.0,Mailed Check,Yes,13
2466,29253,35,No,66.57,40,Salary,138465.59999999998,457,HumanResources,Female,Married,2.0,12.0,Direct Deposit,No,6
3053,29257,49,Yes,99.07,40,Salary,206065.59999999998,38,Information Technology,Female,Married,1.0,39.5,Mailed Check,No,12
4388,29259,22,Yes,21.14,40,Salary,43971.200000000004,397,Information Technology,Prefer Not to Answer,Married,7.0,5.0,Direct Deposit,No,0
3296,29262,63,No,29.02,40,Salary,60361.6,82,Research,Male,Divorced,2.0,20.0,Mailed Check,Yes,9
1037,29266,33,Yes,55.58,40,Salary,115606.4,241,Sales,Male,Divorced,1.0,14.0,Mailed Check,No,0
2948,29269,23,No,37.92,40,Salary,78873.6,349,Human_Resources,Prefer Not to Answer,Married,15.5,16.0,Direct Deposit,No,7
1165,29277,41,Yes,70.72,40,Salary,147097.6,96,Marketing,Prefer Not to Answer,Married,3.0,3.0,Direct Deposit,No,2
4448,29278,29,No,49.73,40,Salary,103438.4,312,Marketing,Female,Single,4.0,25.0,Direct Deposit,No,14
2398,29284,61,No,23.35,40,Salary,48568.0,307,HumanResources,Prefer Not to Answer,Single,15.5,23.0,Mailed Check,Yes,37
12341,29285,26,No,67.2,40,Salary,139776.0,366,HumanResources,Prefer Not to Answer,Divorced,3.0,1.0,Direct Deposit,No,4
1145,29286,54,No,23.0,40,Salary,47840.0,365,Manufacturing,Male,Single,15.5,9.0,Mailed Check,No,13
12640,29289,41,No,65.91,40,Salary,137092.8,354,Manufacturing,Female,Married,4.0,39.5,Direct Deposit,Yes,23
4532,29290,24,No,22.19,40,Salary,46155.200000000004,388,Marketing,Female,Married,5.0,5.0,Direct Deposit,No,6
4789,29293,35,No,23.36,40,Salary,48588.799999999996,155,InformationTechnology,Male,Single,6.0,25.0,Direct Deposit,No,0
483,29295,43,Yes,34.88,40,Salary,72550.40000000001,182,Research,Prefer Not to Answer,Married,2.0,6.0,Mailed Check,No,24
2571,29300,59,Yes,49.19,40,Salary,102315.2,458,Healthcare,Male,Married,8.0,2.0,Mailed Check,Yes,14
12401,29302,24,Yes,63.63,40,Salary,132350.40000000002,397,Marketing,Female,Single,1.0,8.0,Mailed Check,Yes,0
4088,29304,51,Yes,77.98,40,Salary,162198.40000000002,119,Manufacturing,Male,Divorced,15.5,3.0,Direct Deposit,Yes,27
1346,29307,22,No,20.56,40,Salary,42764.799999999996,232,Research,Female,Divorced,8.0,15.0,Mailed Check,No,6
13168,29310,26,Yes,57.75,40,Salary,120120.0,308,HumanResources,Prefer Not to Answer,Divorced,6.0,39.5,Direct Deposit,No,0
5900,29317,42,No,80.72,40,Salary,167897.6,196,Manufacturing,Prefer Not to Answer,Divorced,6.0,22.0,Mailed Check,Yes,14
970,29318,48,Yes,86.23,40,Salary,179358.40000000002,107,Sales,Female,Married,7.0,19.0,Direct Deposit,No,4
12707,29320,23,No,26.29,40,Salary,54683.2,59,Information Technology,Female,Married,8.0,8.0,Mailed Check,No,0
4725,29321,36,No,28.38,40,Salary,59030.4,206,HumanResources,Male,Divorced,5.0,13.0,Mailed Check,No,3
4857,29322,39,Yes,79.96,40,Salary,166316.8,37,InformationTechnology,Prefer Not to Answer,Single,8.0,15.0,Mailed Check,No,0
1187,29328,53,Yes,89.39,40,Salary,185931.19999999998,463,Human_Resources,Female,Divorced,8.0,6.0,Mailed Check,No,17
3396,29329,23,No,68.5,40,Salary,142480.0,253,Information Technology,Male,Married,1.0,18.0,Mailed Check,Yes,7
3789,29331,27,No,50.32,40,Salary,104665.59999999999,404,Information_Technology,Male,Divorced,1.0,5.0,Mailed Check,No,5
2088,29337,18,No,24.64,40,Salary,51251.200000000004,299,Information_Technology,Prefer Not to Answer,Single,15.5,25.0,Mailed Check,No,1
541,29343,35,Yes,93.08,40,Salary,193606.4,38,Manufacturing,Male,Married,6.0,5.0,Direct Deposit,Yes,2
251,29347,52,Yes,43.35,40,Salary,90168.0,1,Human Resources,Male,Single,9.0,39.5,Mailed Check,Yes,13
5121,29349,63,No,55.46,40,Salary,115356.8,115,Research,Prefer Not to Answer,Single,15.5,18.0,Mailed Check,Yes,10
3780,29351,38,Yes,57.86,40,Salary,120348.8,339,Laboratory,Female,Divorced,9.0,2.0,Mailed Check,Yes,18
3353,29352,63,Yes,47.68,40,Salary,99174.40000000001,84,HumanResources,Male,Married,9.0,10.0,Mailed Check,No,1
12079,29355,64,Yes,26.65,40,Salary,55432.0,416,Healthcare,Female,Divorced,9.0,17.0,Direct Deposit,No,20
5568,29360,24,No,99.58,40,Salary,207126.4,72,Human_Resources,Male,Divorced,1.0,24.0,Direct Deposit,No,6
4961,29362,33,Yes,36.86,40,Salary,76668.8,260,InformationTechnology,Male,Married,1.0,20.0,Mailed Check,Yes,0
3512,29369,47,No,87.54,40,Salary,182083.2,307,Laboratory,Male,Single,15.5,14.0,Mailed Check,No,26
12777,29370,45,No,83.08,40,Salary,172806.4,310,InformationTechnology,Female,Single,2.0,9.0,Mailed Check,Yes,21
4044,29374,55,No,19.04,40,Salary,39603.2,175,Healthcare,Female,Married,1.0,4.0,Mailed Check,No,15
4621,29379,30,No,36.63,40,Salary,76190.40000000001,113,Research,Male,Divorced,2.0,11.0,Direct Deposit,Yes,5
5246,29380,37,No,51.93,40,Salary,108014.4,429,Healthcare,Prefer Not to Answer,Divorced,7.0,4.0,Direct Deposit,No,11
1460,29383,40,No,36.42,40,Salary,75753.6,174,Sales,Male,Married,2.0,14.0,Mailed Check,No,16
2061,29386,19,No,85.12,40,Salary,177049.6,109,Manufacturing,Male,Married,5.0,7.0,Direct Deposit,No,0
274,29391,54,No,28.05,40,Salary,58344.0,382,Manufacturing,Prefer Not to Answer,Married,7.0,19.0,Mailed Check,No,16
4548,29394,31,Yes,74.96,40,Salary,155916.8,222,Human Resources,Prefer Not to Answer,Single,15.5,14.0,Direct Deposit,Yes,0
1635,29396,29,No,25.01,40,Salary,52020.8,38,Sales,Female,Divorced,4.0,18.0,Mailed Check,Yes,4
725,29398,24,No,63.6,40,Salary,132288.0,184,Human Resources,Male,Single,8.0,4.0,Direct Deposit,No,0
4767,29399,33,Yes,96.19,40,Salary,200075.19999999998,240,Manufacturing,Female,Single,2.0,1.0,Direct Deposit,Yes,10
2798,29401,32,No,34.79,40,Salary,72363.2,378,Healthcare,Male,Divorced,8.0,25.0,Direct Deposit,Yes,16
4969,29404,31,No,20.56,40,Salary,42764.799999999996,254,Marketing,Prefer Not to Answer,Married,1.0,10.0,Direct Deposit,Yes,5
2736,29407,59,Yes,31.53,40,Salary,65582.40000000001,58,Human Resources,Female,Married,15.5,14.0,Mailed Check,No,37
13107,29408,28,Yes,50.86,40,Salary,105788.8,46,Information_Technology,Prefer Not to Answer,Married,15.5,7.0,Mailed Check,Yes,3
5513,29409,60,Yes,81.0,40,Salary,168480.0,353,Research,Female,Married,4.0,14.0,Mailed Check,No,37
1627,29412,44,Yes,21.78,40,Salary,45302.4,322,Sales,Male,Divorced,9.0,9.0,Mailed Check,Yes,4
12615,29416,56,No,34.49,40,Salary,71739.20000000001,140,Healthcare,Prefer Not to Answer,Single,7.0,24.0,Direct Deposit,Yes,14
39,29420,44,No,53.89,40,Salary,112091.2,50,Manufacturing,Prefer Not to Answer,Single,4.0,15.0,Mailed Check,Yes,5
391,29421,59,Yes,64.11,40,Salary,133348.80000000002,390,Manufacturing,Prefer Not to Answer,Married,15.5,9.0,Mailed Check,No,36
2993,29424,43,Yes,57.65,40,Salary,119912.0,74,Research,Prefer Not to Answer,Divorced,9.0,1.0,Mailed Check,Yes,21
1019,29426,31,No,19.65,40,Salary,40872.0,370,Research,Male,Single,8.0,3.0,Mailed Check,No,0
2135,29428,42,No,36.49,40,Salary,75899.20000000001,10,Marketing,Prefer Not to Answer,Single,6.0,21.0,Direct Deposit,No,6
3195,29430,29,No,37.71,40,Salary,78436.8,412,Healthcare,Female,Single,3.0,12.0,Mailed Check,No,0
1497,29434,49,Yes,39.23,40,Salary,81598.4,426,Manufacturing,Prefer Not to Answer,Divorced,8.0,17.0,Mailed Check,No,7
656,29435,56,No,20.16,40,Salary,41932.799999999996,46,Laboratory,Male,Single,3.0,20.0,Mailed Check,No,37
2706,29437,28,No,59.31,40,Salary,123364.8,274,Research,Prefer Not to Answer,Divorced,1.0,13.0,Mailed Check,No,5
868,29440,62,No,59.29,40,Salary,123323.2,92,Information_Technology,Male,Married,15.5,15.0,Mailed Check,No,17
2120,29441,44,No,26.43,40,Salary,54974.4,36,Information Technology,Female,Single,5.0,7.0,Direct Deposit,No,0
338,29443,53,Yes,97.34,40,Salary,202467.2,376,Healthcare,Male,Divorced,3.0,18.0,Mailed Check,No,11
4970,29446,62,Yes,32.16,40,Salary,66892.79999999999,119,Sales,Prefer Not to Answer,Divorced,8.0,39.5,Mailed Check,Yes,17
2333,29449,32,Yes,63.56,40,Salary,132204.80000000002,450,Human Resources,Female,Divorced,9.0,14.0,Mailed Check,No,0
2761,29452,19,Yes,78.3,40,Salary,162864.0,108,Manufacturing,Male,Single,1.0,23.0,Direct Deposit,No,11
617,29453,60,Yes,19.39,40,Salary,40331.200000000004,292,Healthcare,Prefer Not to Answer,Single,1.0,21.0,Mailed Check,No,16
2595,29456,21,No,21.61,40,Salary,44948.799999999996,406,HumanResources,Male,Married,2.0,19.0,Direct Deposit,No,0
5533,29461,63,No,89.61,40,Salary,186388.80000000002,92,InformationTechnology,Prefer Not to Answer,Single,8.0,23.0,Mailed Check,No,37
4817,29464,31,Yes,90.19,40,Salary,187595.19999999998,323,Research,Male,Married,6.0,5.0,Mailed Check,Yes,13
2639,29476,56,Yes,34.24,40,Salary,71219.20000000001,18,Research,Prefer Not to Answer,Divorced,6.0,4.0,Direct Deposit,Yes,20
13105,29477,44,No,29.78,40,Salary,61942.4,388,Research,Female,Single,2.0,19.0,Mailed Check,Yes,22
360,29479,37,Yes,18.08,40,Salary,37606.399999999994,324,Information_Technology,Male,Divorced,3.0,25.0,Mailed Check,Yes,0
12623,29481,47,Yes,84.59,40,Salary,175947.2,366,Research,Prefer Not to Answer,Married,7.0,13.0,Mailed Check,No,11
5595,29492,56,Yes,33.26,40,Salary,69180.79999999999,166,Sales,Male,Divorced,15.5,20.0,Direct Deposit,No,21
3981,29494,27,No,67.74,40,Salary,140899.19999999998,440,Human_Resources,Female,Single,15.5,6.0,Mailed Check,Yes,13
1472,29496,19,Yes,97.91,40,Salary,203652.8,92,InformationTechnology,Prefer Not to Answer,Married,8.0,3.0,Mailed Check,No,0
892,29501,42,No,92.66,40,Salary,192732.8,47,HumanResources,Female,Divorced,3.0,11.0,Mailed Check,No,16
3864,29502,37,Yes,89.47,40,Salary,186097.6,246,Marketing,Prefer Not to Answer,Single,4.0,20.0,Mailed Check,No,8
2240,29509,27,Yes,29.65,40,Salary,61672.0,356,HumanResources,Prefer Not to Answer,Single,4.0,18.0,Mailed Check,No,12
241,29513,50,Yes,52.01,40,Salary,108180.8,18,Healthcare,Female,Married,15.5,20.0,Direct Deposit,Yes,13
4499,29525,55,No,79.67,40,Salary,165713.6,354,Marketing,Female,Married,9.0,7.0,Mailed Check,No,2
487,29531,42,Yes,38.24,40,Salary,79539.20000000001,202,Human Resources,Male,Divorced,8.0,2.0,Mailed Check,Yes,16
781,29535,43,No,29.42,40,Salary,61193.600000000006,35,Sales,Male,Single,5.0,3.0,Mailed Check,No,0
422,29539,21,No,48.28,40,Salary,100422.40000000001,133,InformationTechnology,Prefer Not to Answer,Married,5.0,8.0,Mailed Check,No,4
327,29542,22,No,29.07,40,Salary,60465.6,233,Human Resources,Female,Single,6.0,23.0,Mailed Check,Yes,4
912,29551,50,No,74.71,40,Salary,155396.8,416,Sales,Female,Divorced,2.0,8.0,Mailed Check,No,4
3879,29555,47,No,22.02,40,Salary,45801.6,57,Marketing,Male,Single,9.0,3.0,Direct Deposit,No,2
1605,29560,38,Yes,91.14,40,Salary,189571.19999999998,37,InformationTechnology,Female,Single,8.0,4.0,Direct Deposit,No,19
2578,29562,41,Yes,93.56,40,Salary,194604.80000000002,101,Manufacturing,Male,Single,6.0,11.0,Mailed Check,No,17
2512,29572,46,Yes,95.21,40,Salary,198036.8,436,Human Resources,Prefer Not to Answer,Single,1.0,13.0,Direct Deposit,No,7
5488,29573,23,Yes,85.63,40,Salary,178110.4,228,HumanResources,Male,Divorced,8.0,1.0,Direct Deposit,No,0
3996,29576,34,Yes,79.81,40,Salary,166004.80000000002,27,Human_Resources,Female,Single,2.0,12.0,Direct Deposit,Yes,0
1429,29577,38,Yes,31.53,40,Salary,65582.40000000001,313,Human Resources,Prefer Not to Answer,Single,5.0,2.0,Direct Deposit,No,6
4440,29580,27,No,60.05,40,Salary,124904.0,407,Human Resources,Prefer Not to Answer,Married,5.0,18.0,Mailed Check,No,1
843,29582,39,No,59.96,40,Salary,124716.8,487,InformationTechnology,Male,Single,2.0,22.0,Direct Deposit,Yes,5
1909,29589,53,Yes,57.3,40,Salary,119184.0,430,Sales,Prefer Not to Answer,Single,6.0,19.0,Mailed Check,No,24
3394,29593,59,Yes,56.96,40,Salary,118476.8,395,Information Technology,Male,Married,7.0,3.0,Direct Deposit,Yes,14
794,29594,31,Yes,54.67,40,Salary,113713.6,105,Manufacturing,Female,Married,15.5,16.0,Direct Deposit,Yes,0
1451,29595,55,No,70.2,40,Salary,146016.0,114,Human_Resources,Female,Married,8.0,39.5,Mailed Check,No,37
3052,29600,58,No,18.46,40,Salary,38396.8,339,Human Resources,Female,Divorced,1.0,9.0,Direct Deposit,No,3
4383,29607,40,Yes,62.72,40,Salary,130457.6,199,InformationTechnology,Prefer Not to Answer,Single,1.0,18.0,Mailed Check,No,7
3406,29609,28,No,34.83,40,Salary,72446.4,202,Research,Prefer Not to Answer,Married,2.0,18.0,Direct Deposit,Yes,0
312,29610,30,Yes,37.6,40,Salary,78208.0,479,Human Resources,Male,Married,6.0,22.0,Mailed Check,No,11
4728,29613,53,Yes,39.47,40,Salary,82097.59999999999,54,Healthcare,Female,Divorced,7.0,6.0,Direct Deposit,Yes,18
1022,29615,60,Yes,98.2,40,Salary,204256.0,455,Sales,Female,Single,3.0,5.0,Mailed Check,Yes,7
12089,29616,57,Yes,79.8,40,Salary,165984.0,227,Information_Technology,Prefer Not to Answer,Divorced,6.0,12.0,Direct Deposit,No,31
558,29618,56,Yes,74.36,40,Salary,154668.80000000002,422,Human Resources,Male,Married,2.0,4.0,Direct Deposit,Yes,22
3881,29619,51,Yes,39.34,40,Salary,81827.20000000001,31,Sales,Female,Single,8.0,10.0,Direct Deposit,No,7
4663,29622,63,No,82.55,40,Salary,171704.0,57,Human_Resources,Male,Divorced,8.0,5.0,Mailed Check,Yes,17
5519,29626,61,No,42.62,40,Salary,88649.59999999999,397,Human Resources,Prefer Not to Answer,Single,8.0,11.0,Direct Deposit,No,9
5606,29627,59,No,73.65,40,Salary,153192.0,361,Marketing,Male,Divorced,15.5,11.0,Mailed Check,No,19
702,29628,54,Yes,94.78,40,Salary,197142.4,394,Information Technology,Prefer Not to Answer,Divorced,5.0,7.0,Mailed Check,No,11
5959,29632,57,Yes,17.71,40,Salary,36836.8,161,InformationTechnology,Male,Divorced,5.0,13.0,Mailed Check,No,17
4308,29633,39,No,32.95,40,Salary,68536.0,72,Healthcare,Male,Single,1.0,23.0,Mailed Check,Yes,14
863,29635,21,Yes,74.29,40,Salary,154523.2,290,Sales,Male,Married,9.0,15.0,Direct Deposit,Yes,15
5447,29641,29,No,45.4,40,Salary,94432.0,223,Sales,Prefer Not to Answer,Married,9.0,25.0,Mailed Check,Yes,0
1584,29642,20,No,95.18,40,Salary,197974.40000000002,126,Sales,Prefer Not to Answer,Married,4.0,13.0,Mailed Check,Yes,0
473,29652,38,Yes,54.62,40,Salary,113609.59999999999,400,InformationTechnology,Male,Single,1.0,19.0,Mailed Check,No,2
5465,29655,39,Yes,79.24,40,Salary,164819.19999999998,328,Manufacturing,Male,Single,15.5,4.0,Direct Deposit,No,16
5497,29664,35,No,81.69,40,Salary,169915.19999999998,317,Sales,Male,Divorced,3.0,1.0,Mailed Check,Yes,11
2663,29666,34,No,50.06,40,Salary,104124.8,356,Marketing,Prefer Not to Answer,Married,9.0,2.0,Direct Deposit,Yes,17
5460,29667,44,Yes,86.3,40,Salary,179504.0,421,Information Technology,Female,Single,15.5,16.0,Mailed Check,No,11
4347,29677,36,Yes,37.76,40,Salary,78540.79999999999,148,Information Technology,Female,Single,9.0,11.0,Direct Deposit,Yes,6
2432,29679,50,No,18.37,40,Salary,38209.600000000006,95,Marketing,Male,Single,1.0,10.0,Mailed Check,No,18
3711,29684,48,Yes,35.52,40,Salary,73881.6,254,Laboratory,Female,Single,6.0,13.0,Mailed Check,No,25
100,29687,52,Yes,42.16,40,Salary,87692.79999999999,90,Sales,Female,Married,3.0,22.0,Mailed Check,Yes,13
2060,29689,29,Yes,50.39,40,Salary,104811.2,138,Information_Technology,Male,Married,6.0,3.0,Direct Deposit,Yes,0
459,29696,47,Yes,88.66,40,Salary,184412.8,441,InformationTechnology,Male,Married,1.0,6.0,Mailed Check,No,11
5692,29701,49,Yes,57.65,40,Salary,119912.0,221,Research,Male,Single,15.5,18.0,Mailed Check,No,16
2035,29703,22,No,34.07,40,Salary,70865.59999999999,356,Marketing,Female,Single,4.0,8.0,Direct Deposit,Yes,0
2180,29704,36,No,81.9,40,Salary,170352.0,293,Research,Prefer Not to Answer,Single,6.0,21.0,Mailed Check,No,16
2220,29705,24,Yes,48.91,40,Salary,101732.79999999999,346,Research,Male,Single,7.0,4.0,Mailed Check,No,13
714,29712,27,No,93.39,40,Salary,194251.19999999998,341,Healthcare,Male,Single,15.5,18.0,Direct Deposit,No,0
928,29714,48,Yes,96.78,40,Salary,201302.4,358,Human_Resources,Male,Single,3.0,8.0,Mailed Check,No,12
1545,29718,35,Yes,76.32,40,Salary,158745.59999999998,453,Information Technology,Female,Single,9.0,19.0,Mailed Check,No,0
2534,29720,60,No,59.17,40,Salary,123073.6,339,Research,Prefer Not to Answer,Married,3.0,10.0,Direct Deposit,No,19
2844,29721,30,No,88.29,40,Salary,183643.2,308,Human_Resources,Prefer Not to Answer,Single,2.0,23.0,Mailed Check,Yes,0
2202,29724,20,Yes,80.87,40,Salary,168209.6,89,Laboratory,Female,Divorced,15.5,8.0,Direct Deposit,Yes,0
2407,29730,26,No,90.09,40,Salary,187387.2,417,InformationTechnology,Female,Single,1.0,12.0,Direct Deposit,Yes,0
5092,29733,26,Yes,79.03,40,Salary,164382.4,195,Laboratory,Female,Divorced,3.0,14.0,Direct Deposit,No,0
2936,29736,42,No,86.53,40,Salary,179982.4,268,Information_Technology,Prefer Not to Answer,Divorced,4.0,25.0,Mailed Check,Yes,2
5303,29738,36,No,62.54,40,Salary,130083.2,59,Marketing,Male,Single,9.0,14.0,Mailed Check,No,0
2406,29740,38,Yes,82.18,40,Salary,170934.40000000002,203,Sales,Prefer Not to Answer,Divorced,4.0,12.0,Direct Deposit,No,15
1604,29743,32,No,39.94,40,Salary,83075.2,117,Information Technology,Prefer Not to Answer,Divorced,5.0,17.0,Direct Deposit,No,9
3656,29744,63,No,46.78,40,Salary,97302.40000000001,234,Research,Female,Single,5.0,6.0,Mailed Check,Yes,24
3268,29745,24,Yes,60.7,40,Salary,126256.0,53,Sales,Prefer Not to Answer,Divorced,1.0,18.0,Mailed Check,No,0
3190,29747,35,Yes,76.2,40,Salary,158496.0,27,Information_Technology,Male,Married,3.0,11.0,Direct Deposit,No,14
2440,29748,49,Yes,47.21,40,Salary,98196.8,158,Human_Resources,Male,Married,3.0,13.0,Mailed Check,No,30
3233,29756,26,No,96.72,40,Salary,201177.6,61,Human_Resources,Male,Divorced,4.0,8.0,Mailed Check,Yes,0
12352,29757,62,No,21.26,40,Salary,44220.8,219,Information Technology,Female,Single,2.0,7.0,Mailed Check,Yes,35
5688,29758,47,Yes,98.8,40,Salary,205504.0,54,Healthcare,Male,Divorced,4.0,1.0,Mailed Check,Yes,7
3021,29759,34,No,92.3,40,Salary,191984.0,473,Sales,Prefer Not to Answer,Single,8.0,7.0,Mailed Check,Yes,0
3562,29763,28,No,78.32,40,Salary,162905.59999999998,96,Human_Resources,Prefer Not to Answer,Divorced,15.5,5.0,Mailed Check,Yes,3
5834,29765,39,No,93.52,40,Salary,194521.59999999998,339,Human Resources,Female,Single,4.0,7.0,Mailed Check,No,6
3540,29766,50,No,69.21,40,Salary,143956.8,95,Sales,Female,Married,1.0,22.0,Mailed Check,No,27
5788,29777,62,Yes,88.6,40,Salary,184288.0,60,Healthcare,Male,Single,5.0,20.0,Direct Deposit,Yes,24
1977,29786,51,No,25.45,40,Salary,52936.0,467,Laboratory,Male,Single,7.0,15.0,Direct Deposit,No,13
1735,29792,22,No,40.93,40,Salary,85134.40000000001,361,Human_Resources,Prefer Not to Answer,Married,1.0,13.0,Mailed Check,Yes,3
3319,29799,62,No,57.91,40,Salary,120452.79999999999,421,Healthcare,Female,Married,9.0,4.0,Direct Deposit,Yes,4
4326,29800,51,Yes,75.32,40,Salary,156665.59999999998,396,Healthcare,Prefer Not to Answer,Divorced,15.5,2.0,Direct Deposit,No,8
1136,29803,28,No,20.78,40,Salary,43222.4,102,Healthcare,Female,Single,2.0,14.0,Mailed Check,No,5
310,29804,41,No,47.48,40,Salary,98758.4,114,Research,Male,Single,9.0,4.0,Mailed Check,No,17
1383,29813,39,No,43.4,40,Salary,90272.0,207,Marketing,Female,Married,5.0,8.0,Direct Deposit,No,13
885,29814,20,No,80.44,40,Salary,167315.19999999998,403,Human Resources,Prefer Not to Answer,Married,5.0,20.0,Mailed Check,No,0
2623,29817,59,Yes,67.96,40,Salary,141356.8,270,Human Resources,Female,Single,1.0,18.0,Direct Deposit,No,4
1313,29818,55,Yes,58.07,40,Salary,120785.6,147,Laboratory,Male,Single,15.5,8.0,Mailed Check,No,11
719,29822,25,No,43.67,40,Salary,90833.6,23,Laboratory,Female,Divorced,1.0,16.0,Mailed Check,No,2
22,29826,33,No,93.64,40,Salary,194771.19999999998,79,Healthcare,Prefer Not to Answer,Married,7.0,13.0,Direct Deposit,Yes,11
5750,29831,23,Yes,89.04,40,Salary,185203.2,95,InformationTechnology,Prefer Not to Answer,Divorced,2.0,1.0,Direct Deposit,No,0
215,29832,40,No,52.0,40,Salary,108160.0,218,Information Technology,Female,Married,4.0,18.0,Direct Deposit,No,2
2289,29839,54,Yes,81.03,40,Salary,168542.4,329,Marketing,Prefer Not to Answer,Single,4.0,10.0,Direct Deposit,Yes,12
5286,29841,27,Yes,60.96,40,Salary,126796.8,154,Information Technology,Male,Single,9.0,16.0,Direct Deposit,No,2
4007,29846,35,Yes,56.94,40,Salary,118435.2,242,Manufacturing,Prefer Not to Answer,Divorced,5.0,9.0,Mailed Check,Yes,8
2980,29847,34,Yes,48.96,40,Salary,101836.8,401,Human Resources,Female,Single,9.0,12.0,Mailed Check,No,12
2112,29848,32,Yes,75.17,40,Salary,156353.6,486,Laboratory,Female,Married,5.0,14.0,Mailed Check,No,0
12682,29853,38,No,77.79,40,Salary,161803.2,269,Laboratory,Prefer Not to Answer,Divorced,1.0,7.0,Direct Deposit,No,14
4563,29861,32,Yes,92.57,40,Salary,192545.59999999998,385,Healthcare,Female,Divorced,8.0,20.0,Mailed Check,Yes,0
5571,29872,44,No,48.85,40,Salary,101608.0,357,Human_Resources,Prefer Not to Answer,Divorced,2.0,17.0,Mailed Check,No,5
4093,29878,52,Yes,57.07,40,Salary,118705.6,187,Human_Resources,Female,Single,15.5,6.0,Direct Deposit,Yes,11
2804,29879,63,No,29.68,40,Salary,61734.4,449,Manufacturing,Prefer Not to Answer,Married,7.0,22.0,Direct Deposit,Yes,9
1094,29882,63,Yes,47.75,40,Salary,99320.0,309,Marketing,Prefer Not to Answer,Single,1.0,10.0,Direct Deposit,Yes,16
12601,29887,21,No,61.39,40,Salary,127691.2,184,Human_Resources,Female,Divorced,4.0,24.0,Mailed Check,Yes,0
1365,29897,60,Yes,87.79,40,Salary,182603.2,222,InformationTechnology,Prefer Not to Answer,Single,9.0,25.0,Mailed Check,No,11
3390,29900,53,Yes,98.24,40,Salary,204339.19999999998,149,InformationTechnology,Prefer Not to Answer,Divorced,4.0,3.0,Mailed Check,No,5
532,29903,39,Yes,87.05,40,Salary,181064.0,325,Sales,Female,Single,9.0,8.0,Mailed Check,No,0
1811,29907,45,No,17.17,40,Salary,35713.600000000006,118,Marketing,Prefer Not to Answer,Married,4.0,6.0,Mailed Check,No,10
2302,29909,27,No,45.15,40,Salary,93912.0,382,Information_Technology,Prefer Not to Answer,Divorced,7.0,9.0,Mailed Check,No,0
4841,29912,34,Yes,95.32,40,Salary,198265.59999999998,481,Healthcare,Male,Divorced,5.0,11.0,Direct Deposit,Yes,0
1074,29913,24,Yes,96.28,40,Salary,200262.4,289,Information_Technology,Prefer Not to Answer,Married,3.0,23.0,Direct Deposit,Yes,0
5791,29917,52,Yes,98.97,40,Salary,205857.6,40,Human Resources,Male,Divorced,9.0,24.0,Mailed Check,Yes,17
212,29918,40,Yes,48.9,40,Salary,101712.0,313,Healthcare,Prefer Not to Answer,Divorced,8.0,22.0,Direct Deposit,No,13
3337,29920,19,No,67.04,40,Salary,139443.2,56,Marketing,Male,Married,5.0,19.0,Mailed Check,No,14
2281,29921,45,No,25.37,40,Salary,52769.600000000006,144,Research,Prefer Not to Answer,Married,5.0,10.0,Direct Deposit,No,8
1878,29922,62,No,60.07,40,Salary,124945.6,162,Information_Technology,Prefer Not to Answer,Married,2.0,12.0,Direct Deposit,No,4
964,29927,60,No,66.31,40,Salary,137924.80000000002,294,Human Resources,Prefer Not to Answer,Married,6.0,2.0,Direct Deposit,No,2
4850,29929,25,No,56.68,40,Salary,117894.4,339,Laboratory,Female,Divorced,15.5,10.0,Direct Deposit,No,6
5095,29930,62,No,17.83,40,Salary,37086.399999999994,231,Manufacturing,Prefer Not to Answer,Single,9.0,9.0,Mailed Check,Yes,4
4751,29932,47,No,54.17,40,Salary,112673.6,408,Healthcare,Prefer Not to Answer,Married,8.0,24.0,Mailed Check,No,26
1286,29948,44,No,28.53,40,Salary,59342.4,275,Healthcare,Male,Divorced,15.5,23.0,Direct Deposit,Yes,19
12208,29950,33,Yes,87.97,40,Salary,182977.6,206,Human_Resources,Prefer Not to Answer,Single,6.0,23.0,Mailed Check,No,14
1546,29953,49,No,81.59,40,Salary,169707.2,182,Manufacturing,Prefer Not to Answer,Married,7.0,18.0,Direct Deposit,No,9
1454,29959,27,No,57.17,40,Salary,118913.6,399,Information Technology,Male,Single,9.0,39.5,Mailed Check,No,0
1988,29964,55,Yes,32.79,40,Salary,68203.2,245,HumanResources,Female,Married,6.0,15.0,Direct Deposit,No,12
5616,29966,53,No,87.42,40,Salary,181833.6,420,Information_Technology,Female,Single,3.0,2.0,Mailed Check,Yes,13
4611,29969,43,Yes,44.75,40,Salary,93080.0,15,Human Resources,Female,Single,1.0,18.0,Mailed Check,No,10
30,29970,65,No,95.34,40,Salary,198307.2,397,Human_Resources,Male,Married,5.0,23.0,Mailed Check,Yes,37
1946,29977,42,Yes,61.06,40,Salary,127004.8,169,Marketing,Prefer Not to Answer,Single,9.0,3.0,Mailed Check,No,3
3372,29981,59,No,90.48,40,Salary,188198.40000000002,297,Laboratory,Prefer Not to Answer,Divorced,9.0,18.0,Mailed Check,No,9
3822,29984,19,Yes,30.92,40,Salary,64313.600000000006,381,Human_Resources,Prefer Not to Answer,Married,15.5,10.0,Direct Deposit,No,0
1739,29987,61,Yes,69.38,40,Salary,144310.4,117,Human Resources,Prefer Not to Answer,Divorced,8.0,22.0,Mailed Check,No,29
4340,29989,39,Yes,86.28,40,Salary,179462.4,14,HumanResources,Female,Married,4.0,3.0,Direct Deposit,Yes,13
1602,29991,25,No,43.95,40,Salary,91416.0,130,Sales,Female,Divorced,15.5,15.0,Mailed Check,Yes,0
3760,29992,45,No,17.47,40,Salary,36337.6,232,Manufacturing,Female,Divorced,5.0,1.0,Direct Deposit,No,8
2349,29993,40,No,70.03,40,Salary,145662.4,491,HumanResources,Female,Married,2.0,15.0,Direct Deposit,Yes,13
13116,29997,42,No,93.22,40,Salary,193897.6,314,Marketing,Male,Divorced,9.0,6.0,Mailed Check,No,8
2982,101500,22,No,21.98,40,Salary,45718.4,217,Information_Technology,Prefer Not to Answer,Married,6.0,10.0,Mailed Check,No,7
4397,102920,29,No,71.99,40,Salary,149739.19999999998,251,Healthcare,Female,Single,1.0,19.0,Direct Deposit,Yes,4
4163,102950,51,Yes,69.54,40,Salary,144643.2,312,HumanResources,Prefer Not to Answer,Single,7.0,10.0,Direct Deposit,No,19
12606,103560,20,Yes,75.62,40,Salary,157289.6,190,Information_Technology,Prefer Not to Answer,Married,4.0,5.0,Mailed Check,No,0
4809,103570,38,Yes,17.45,40,Salary,36296.0,384,InformationTechnology,Male,Single,7.0,7.0,Mailed Check,Yes,10
227,103670,38,Yes,90.85,40,Salary,188968.0,334,Human_Resources,Female,Single,4.0,24.0,Mailed Check,No,0
1448,104750,35,Yes,18.12,40,Salary,37689.600000000006,231,Human Resources,Prefer Not to Answer,Single,2.0,3.0,Mailed Check,Yes,0
5985,106280,34,Yes,28.78,40,Salary,59862.4,47,Sales,Male,Divorced,2.0,9.0,Mailed Check,No,5
2412,106780,44,Yes,27.05,40,Salary,56264.0,270,Human Resources,Male,Divorced,3.0,18.0,Direct Deposit,No,0
3392,107140,23,Yes,62.7,40,Salary,130416.0,373,Human Resources,Female,Divorced,1.0,16.0,Direct Deposit,Yes,0
3440,107210,18,No,72.59,40,Salary,150987.2,348,Information_Technology,Female,Married,7.0,1.0,Mailed Check,No,0
5350,107530,32,No,71.34,40,Salary,148387.2,237,Laboratory,Male,Single,15.5,1.0,Mailed Check,No,6
1712,108060,58,Yes,78.12,40,Salary,162489.6,374,Laboratory,Male,Married,6.0,10.0,Mailed Check,No,10
686,108660,25,Yes,37.45,40,Salary,77896.0,178,Human_Resources,Male,Divorced,8.0,24.0,Mailed Check,No,7
457,108810,21,Yes,19.06,40,Salary,39644.799999999996,98,Human_Resources,Female,Married,1.0,22.0,Direct Deposit,No,0
12679,108950,32,No,47.94,40,Salary,99715.2,123,Human_Resources,Prefer Not to Answer,Single,9.0,4.0,Mailed Check,Yes,13
13156,109400,28,Yes,20.04,40,Salary,41683.2,11,Sales,Female,Married,8.0,3.0,Mailed Check,Yes,7
4129,111120,29,No,73.38,40,Salary,152630.4,19,Human_Resources,Prefer Not to Answer,Married,9.0,23.0,Mailed Check,Yes,0
5244,111740,61,Yes,90.22,40,Salary,187657.6,494,InformationTechnology,Prefer Not to Answer,Married,1.0,6.0,Mailed Check,No,37
2247,111950,23,Yes,20.71,40,Salary,43076.8,102,Human Resources,Prefer Not to Answer,Divorced,15.5,6.0,Mailed Check,No,15
3871,112070,32,Yes,32.36,40,Salary,67308.8,73,Human_Resources,Female,Single,8.0,4.0,Mailed Check,No,12
3504,112200,39,No,74.27,40,Salary,154481.59999999998,268,HumanResources,Male,Single,4.0,15.0,Direct Deposit,Yes,15
2051,112270,22,No,62.16,40,Salary,129292.79999999999,323,Marketing,Female,Married,9.0,1.0,Direct Deposit,Yes,0
12060,112420,27,Yes,27.26,40,Salary,56700.8,89,Sales,Female,Single,4.0,7.0,Direct Deposit,Yes,15
3078,112670,58,No,42.1,40,Salary,87568.0,316,Human_Resources,Male,Married,6.0,6.0,Direct Deposit,Yes,26
4520,112860,26,Yes,85.81,40,Salary,178484.80000000002,69,Sales,Female,Single,8.0,4.0,Direct Deposit,No,4
3055,113910,21,No,83.96,40,Salary,174636.8,143,Healthcare,Prefer Not to Answer,Single,3.0,24.0,Mailed Check,No,17
5258,114550,26,No,33.09,40,Salary,68827.20000000001,345,Sales,Female,Married,5.0,39.5,Mailed Check,No,5
12542,115300,24,Yes,26.27,40,Salary,54641.6,487,Information_Technology,Female,Divorced,7.0,24.0,Direct Deposit,No,11
12727,115810,36,Yes,89.52,40,Salary,186201.59999999998,230,Laboratory,Male,Married,5.0,22.0,Mailed Check,No,1
109,115970,38,No,69.18,40,Salary,143894.40000000002,35,Healthcare,Female,Divorced,8.0,8.0,Mailed Check,No,20
1061,116050,18,No,56.77,40,Salary,118081.6,211,Laboratory,Female,Divorced,3.0,11.0,Mailed Check,No,0
4769,116090,28,Yes,70.23,40,Salary,146078.40000000002,316,Human_Resources,Male,Divorced,3.0,23.0,Direct Deposit,No,14
5140,116220,51,No,26.98,40,Salary,56118.4,395,Sales,Female,Single,5.0,4.0,Direct Deposit,Yes,23
2617,116340,52,No,40.63,40,Salary,84510.40000000001,486,Human_Resources,Female,Divorced,6.0,5.0,Mailed Check,Yes,7
5346,116760,23,Yes,43.71,40,Salary,90916.8,301,Human_Resources,Female,Married,9.0,21.0,Mailed Check,No,2
3314,117430,19,Yes,69.72,40,Salary,145017.6,178,Laboratory,Prefer Not to Answer,Married,15.5,13.0,Mailed Check,No,0
311,117540,22,Yes,89.61,40,Salary,186388.80000000002,0,InformationTechnology,Female,Single,7.0,39.5,Direct Deposit,No,0
1361,117920,19,Yes,90.29,40,Salary,187803.2,107,Laboratory,Prefer Not to Answer,Divorced,2.0,6.0,Mailed Check,No,8
12633,117950,37,Yes,50.14,40,Salary,104291.2,429,Human Resources,Prefer Not to Answer,Married,6.0,16.0,Mailed Check,No,0
5915,118290,25,No,39.22,40,Salary,81577.59999999999,472,Research,Female,Divorced,3.0,22.0,Mailed Check,Yes,11
12588,120680,31,No,44.8,40,Salary,93184.0,358,Information Technology,Prefer Not to Answer,Divorced,6.0,1.0,Direct Deposit,No,0
437,121230,19,Yes,85.41,40,Salary,177652.8,380,Sales,Prefer Not to Answer,Single,6.0,2.0,Mailed Check,No,0
12349,121280,29,No,98.08,40,Salary,204006.4,432,Human Resources,Male,Single,7.0,15.0,Mailed Check,Yes,10
1749,122070,28,No,46.35,40,Salary,96408.0,1,Information_Technology,Male,Divorced,15.5,10.0,Direct Deposit,No,0
3607,124120,27,No,93.52,40,Salary,194521.59999999998,242,Information Technology,Female,Divorced,6.0,3.0,Mailed Check,Yes,0
12438,124300,19,Yes,33.52,40,Salary,69721.6,327,Human Resources,Male,Married,8.0,6.0,Direct Deposit,No,4
3413,124710,49,No,95.9,40,Salary,199472.0,134,Information_Technology,Prefer Not to Answer,Married,9.0,7.0,Mailed Check,No,18
12659,124910,41,Yes,85.96,40,Salary,178796.8,217,Marketing,Male,Single,7.0,7.0,Direct Deposit,No,0
3388,125490,36,Yes,66.02,40,Salary,137321.59999999998,15,Healthcare,Female,Divorced,9.0,4.0,Mailed Check,No,10
2848,127750,40,Yes,49.85,40,Salary,103688.0,73,Human Resources,Female,Married,1.0,19.0,Mailed Check,No,0
5954,129370,51,Yes,40.08,40,Salary,83366.4,177,InformationTechnology,Prefer Not to Answer,Married,3.0,13.0,Direct Deposit,Yes,13
3791,130040,21,No,28.44,40,Salary,59155.200000000004,90,Human Resources,Prefer Not to Answer,Divorced,4.0,20.0,Direct Deposit,No,0
4328,130110,26,No,49.77,40,Salary,103521.6,9,Laboratory,Prefer Not to Answer,Married,5.0,17.0,Direct Deposit,No,1
2237,130300,43,No,83.85,40,Salary,174408.0,424,Information Technology,Male,Married,1.0,8.0,Direct Deposit,Yes,5
5332,130360,52,No,44.09,40,Salary,91707.20000000001,440,Human Resources,Female,Divorced,2.0,14.0,Direct Deposit,No,5
2241,130870,61,No,92.78,40,Salary,192982.4,269,Manufacturing,Prefer Not to Answer,Single,3.0,25.0,Mailed Check,No,21
0,131930,22,No,76.84,40,Salary,159827.2,236,Human_Resources,Male,Single,8.0,16.0,Mailed Check,Yes,3
1382,132600,23,Yes,22.48,40,Salary,46758.4,349,Human Resources,Male,Single,15.5,11.0,Mailed Check,No,0
1163,133820,39,No,28.64,40,Salary,59571.2,402,HumanResources,Male,Divorced,6.0,21.0,Mailed Check,Yes,10
1953,134180,27,No,49.11,40,Salary,102148.8,296,Healthcare,Male,Divorced,7.0,21.0,Direct Deposit,No,4
2944,134670,30,No,34.73,40,Salary,72238.4,305,Information Technology,Prefer Not to Answer,Married,4.0,21.0,Mailed Check,No,5
1258,134820,35,Yes,27.25,40,Salary,56680.0,106,Sales,Male,Single,5.0,3.0,Direct Deposit,Yes,14
288,134880,35,No,60.8,40,Salary,126464.0,175,Laboratory,Female,Divorced,6.0,25.0,Mailed Check,No,11
3499,135060,26,No,70.77,40,Salary,147201.59999999998,381,Manufacturing,Male,Divorced,7.0,9.0,Direct Deposit,No,12
2078,135080,40,Yes,66.77,40,Salary,138881.59999999998,435,Research,Male,Single,4.0,6.0,Mailed Check,Yes,4
4538,135430,24,Yes,46.35,40,Salary,96408.0,195,HumanResources,Female,Single,1.0,11.0,Mailed Check,Yes,0
3444,136200,34,No,22.78,40,Salary,47382.4,145,Healthcare,Prefer Not to Answer,Divorced,6.0,11.0,Mailed Check,No,0
3289,136480,51,No,50.86,40,Salary,105788.8,293,Human_Resources,Male,Single,3.0,25.0,Mailed Check,Yes,5
279,136630,20,No,61.42,40,Salary,127753.6,154,Information Technology,Prefer Not to Answer,Single,15.5,7.0,Mailed Check,No,0
2042,137010,32,Yes,34.06,40,Salary,70844.8,70,InformationTechnology,Male,Married,15.5,23.0,Direct Deposit,No,2
12766,137490,30,Yes,72.6,40,Salary,151008.0,179,Human Resources,Male,Divorced,8.0,6.0,Direct Deposit,No,0
2781,138060,46,No,74.14,40,Salary,154211.19999999998,460,Marketing,Prefer Not to Answer,Divorced,5.0,24.0,Direct Deposit,No,10
1974,138160,25,No,60.59,40,Salary,126027.20000000001,337,Research,Male,Divorced,9.0,4.0,Mailed Check,No,3
101,139100,38,No,73.52,40,Salary,152921.59999999998,338,Research,Male,Divorced,5.0,5.0,Direct Deposit,No,1
2299,139460,45,Yes,43.76,40,Salary,91020.79999999999,243,Research,Male,Married,2.0,8.0,Mailed Check,No,10
5038,139700,19,Yes,87.04,40,Salary,181043.2,99,Healthcare,Prefer Not to Answer,Married,15.5,14.0,Mailed Check,No,0
1799,139730,27,Yes,19.68,40,Salary,40934.4,0,HumanResources,Prefer Not to Answer,Divorced,8.0,24.0,Direct Deposit,No,6
4941,139800,29,Yes,21.66,40,Salary,45052.799999999996,498,Human_Resources,Prefer Not to Answer,Married,4.0,7.0,Mailed Check,Yes,7
4570,140270,44,No,42.44,40,Salary,88275.2,290,Healthcare,Male,Divorced,7.0,2.0,Mailed Check,No,12
3341,141400,30,Yes,48.24,40,Salary,100339.20000000001,141,Laboratory,Male,Single,5.0,20.0,Direct Deposit,No,1
1047,141920,24,Yes,47.25,40,Salary,98280.0,213,Information_Technology,Prefer Not to Answer,Married,8.0,7.0,Direct Deposit,No,2
135,142380,19,No,70.99,40,Salary,147659.19999999998,16,Sales,Prefer Not to Answer,Married,9.0,8.0,Mailed Check,Yes,0
4384,143200,26,No,71.63,40,Salary,148990.4,123,Information Technology,Female,Single,2.0,13.0,Mailed Check,No,0
1247,143600,35,No,51.34,40,Salary,106787.20000000001,131,Sales,Female,Married,6.0,7.0,Mailed Check,No,0
12141,143820,38,Yes,48.99,40,Salary,101899.20000000001,429,HumanResources,Female,Divorced,1.0,22.0,Mailed Check,No,14
5919,145210,23,Yes,25.79,40,Salary,53643.2,442,Marketing,Male,Divorced,1.0,24.0,Mailed Check,Yes,4
759,146040,31,No,26.53,40,Salary,55182.4,360,Information_Technology,Female,Single,1.0,9.0,Mailed Check,Yes,0
5385,146750,20,No,21.18,40,Salary,44054.4,236,Human Resources,Prefer Not to Answer,Divorced,1.0,19.0,Direct Deposit,No,17
342,146800,38,Yes,50.57,40,Salary,105185.59999999999,331,Laboratory,Female,Divorced,7.0,24.0,Mailed Check,Yes,6
1816,147050,20,Yes,17.3,40,Salary,35984.0,386,Human Resources,Prefer Not to Answer,Married,4.0,5.0,Direct Deposit,No,16
1142,148670,32,No,37.81,40,Salary,78644.8,331,Human_Resources,Prefer Not to Answer,Divorced,8.0,14.0,Mailed Check,No,11
17,149160,21,No,70.81,40,Salary,147284.80000000002,53,Marketing,Female,Married,9.0,12.0,Direct Deposit,No,0
1997,150140,32,No,49.73,40,Salary,103438.4,332,Information Technology,Male,Single,7.0,8.0,Direct Deposit,No,6
4359,150450,46,No,39.88,40,Salary,82950.40000000001,18,Manufacturing,Female,Married,3.0,1.0,Mailed Check,No,15
1137,150650,28,Yes,82.7,40,Salary,172016.0,432,Research,Prefer Not to Answer,Divorced,3.0,6.0,Direct Deposit,No,0
2449,151580,19,Yes,24.03,40,Salary,49982.4,384,Research,Prefer Not to Answer,Single,1.0,3.0,Mailed Check,No,10
3624,151670,25,Yes,61.53,40,Salary,127982.4,241,InformationTechnology,Prefer Not to Answer,Divorced,1.0,11.0,Direct Deposit,No,0
4086,151710,38,Yes,26.25,40,Salary,54600.0,428,Laboratory,Prefer Not to Answer,Divorced,7.0,7.0,Direct Deposit,No,3
2056,152620,21,No,90.54,40,Salary,188323.2,259,Marketing,Prefer Not to Answer,Divorced,6.0,10.0,Mailed Check,Yes,2
379,153470,31,Yes,24.93,40,Salary,51854.4,245,Human_Resources,Male,Single,7.0,3.0,Mailed Check,No,2
2751,153680,61,Yes,78.4,40,Salary,163072.0,194,Human Resources,Male,Married,3.0,12.0,Mailed Check,No,25
3756,153700,29,Yes,94.2,40,Salary,195936.0,114,InformationTechnology,Male,Married,1.0,22.0,Direct Deposit,No,9
2828,153780,36,No,39.73,40,Salary,82638.4,243,Sales,Prefer Not to Answer,Divorced,5.0,39.5,Mailed Check,No,0
4070,153830,59,Yes,84.42,40,Salary,175593.6,233,Research,Prefer Not to Answer,Married,1.0,20.0,Mailed Check,No,24
4722,154120,22,Yes,49.97,40,Salary,103937.59999999999,347,Research,Male,Divorced,4.0,11.0,Direct Deposit,No,9
5803,154630,48,No,26.82,40,Salary,55785.6,221,HumanResources,Female,Divorced,9.0,7.0,Mailed Check,No,7
1298,154870,29,No,88.49,40,Salary,184059.19999999998,212,Manufacturing,Female,Single,8.0,23.0,Mailed Check,No,0
335,155240,40,Yes,47.38,40,Salary,98550.40000000001,18,Laboratory,Male,Divorced,9.0,5.0,Direct Deposit,No,8
1013,155520,27,Yes,58.09,40,Salary,120827.20000000001,484,Human_Resources,Female,Married,4.0,1.0,Direct Deposit,No,17
4948,156180,50,Yes,60.99,40,Salary,126859.2,217,Healthcare,Prefer Not to Answer,Divorced,15.5,24.0,Mailed Check,No,13
2689,156360,28,No,58.59,40,Salary,121867.20000000001,11,InformationTechnology,Prefer Not to Answer,Single,15.5,5.0,Mailed Check,No,14
2395,156540,19,Yes,69.95,40,Salary,145496.0,26,Marketing,Female,Single,3.0,8.0,Direct Deposit,No,0
1911,156850,31,No,19.17,40,Salary,39873.600000000006,411,Human_Resources,Male,Single,1.0,11.0,Mailed Check,No,0
12455,157250,24,Yes,53.27,40,Salary,110801.6,3,Research,Female,Single,8.0,1.0,Mailed Check,No,12
1371,157480,23,No,46.74,40,Salary,97219.20000000001,277,Healthcare,Female,Divorced,15.5,5.0,Mailed Check,No,6
3813,157980,23,No,53.93,40,Salary,112174.4,317,Human Resources,Prefer Not to Answer,Single,5.0,23.0,Direct Deposit,No,7
1989,158520,54,No,26.11,40,Salary,54308.8,497,InformationTechnology,Prefer Not to Answer,Married,4.0,17.0,Mailed Check,No,6
3889,158850,40,Yes,36.12,40,Salary,75129.59999999999,142,Human_Resources,Female,Single,15.5,2.0,Direct Deposit,Yes,15
12016,159080,31,No,75.36,40,Salary,156748.80000000002,135,Human_Resources,Prefer Not to Answer,Married,3.0,17.0,Direct Deposit,No,0
2059,159120,19,Yes,90.04,40,Salary,187283.2,462,Sales,Female,Single,4.0,13.0,Mailed Check,No,1
12537,160670,20,Yes,60.33,40,Salary,125486.4,500,Information Technology,Female,Married,3.0,39.5,Mailed Check,No,0
3387,160690,26,Yes,32.97,40,Salary,68577.59999999999,203,Information Technology,Male,Married,7.0,23.0,Mailed Check,Yes,13
2511,161970,24,No,37.05,40,Salary,77064.0,22,Human_Resources,Male,Married,15.5,7.0,Mailed Check,Yes,0
2114,162020,25,No,75.47,40,Salary,156977.6,369,Information Technology,Prefer Not to Answer,Divorced,5.0,25.0,Mailed Check,Yes,0
5217,162720,32,No,50.84,40,Salary,105747.20000000001,409,Information_Technology,Prefer Not to Answer,Single,7.0,23.0,Direct Deposit,No,14
2629,163100,23,No,34.62,40,Salary,72009.59999999999,255,Information_Technology,Female,Married,9.0,11.0,Mailed Check,No,2
4012,163440,22,No,34.94,40,Salary,72675.2,93,Human_Resources,Male,Married,3.0,23.0,Direct Deposit,Yes,0
1264,164900,28,No,25.78,40,Salary,53622.4,34,Laboratory,Male,Divorced,6.0,13.0,Mailed Check,Yes,4
1234,164910,19,Yes,24.54,40,Salary,51043.2,303,Healthcare,Female,Single,1.0,19.0,Mailed Check,Yes,16
2137,164950,44,No,94.21,40,Salary,195956.8,431,InformationTechnology,Prefer Not to Answer,Divorced,3.0,15.0,Direct Deposit,No,26
4963,165120,21,Yes,37.92,40,Salary,78873.6,303,Research,Female,Divorced,7.0,14.0,Mailed Check,No,7
281,165270,25,No,74.01,40,Salary,153940.80000000002,115,Human_Resources,Prefer Not to Answer,Single,6.0,11.0,Direct Deposit,Yes,0
3952,165860,40,No,98.99,40,Salary,205899.19999999998,400,Sales,Female,Married,2.0,17.0,Mailed Check,No,1
1431,166130,28,No,62.74,40,Salary,130499.2,462,Sales,Female,Single,6.0,19.0,Direct Deposit,Yes,0
286,166350,27,No,41.51,40,Salary,86340.79999999999,45,Information_Technology,Prefer Not to Answer,Divorced,2.0,4.0,Mailed Check,No,13
3094,166420,19,Yes,24.48,40,Salary,50918.4,333,Information Technology,Male,Single,15.5,12.0,Mailed Check,No,0
4199,167140,20,Yes,66.66,40,Salary,138652.8,222,Information_Technology,Prefer Not to Answer,Divorced,8.0,9.0,Mailed Check,No,0
5453,167840,21,Yes,44.01,40,Salary,91540.79999999999,195,Human Resources,Prefer Not to Answer,Married,8.0,9.0,Mailed Check,No,17
5397,168560,32,Yes,51.56,40,Salary,107244.8,11,Research,Male,Married,15.5,13.0,Mailed Check,No,11
1038,168740,44,Yes,79.04,40,Salary,164403.2,80,Human Resources,Female,Divorced,6.0,21.0,Mailed Check,Yes,26
5206,169070,26,No,23.55,40,Salary,48984.0,412,HumanResources,Female,Married,3.0,18.0,Mailed Check,Yes,0
4461,169400,54,No,18.75,40,Salary,39000.0,462,Research,Female,Single,1.0,16.0,Mailed Check,No,11
3187,169940,23,Yes,85.46,40,Salary,177756.8,154,Information_Technology,Male,Married,1.0,14.0,Direct Deposit,Yes,15
4896,170050,26,Yes,35.73,40,Salary,74318.4,50,Manufacturing,Female,Divorced,6.0,6.0,Mailed Check,Yes,0
4999,170130,55,Yes,72.73,40,Salary,151278.40000000002,336,Manufacturing,Male,Single,6.0,2.0,Direct Deposit,Yes,17
1522,170940,25,Yes,63.53,40,Salary,132142.4,118,Manufacturing,Female,Single,6.0,5.0,Direct Deposit,No,0
546,171060,29,Yes,95.09,40,Salary,197787.2,346,Laboratory,Male,Single,7.0,9.0,Mailed Check,No,3
12036,171080,28,No,51.33,40,Salary,106766.4,6,Information_Technology,Female,Single,3.0,2.0,Mailed Check,Yes,11
4417,171260,33,Yes,33.52,40,Salary,69721.6,364,Human Resources,Prefer Not to Answer,Single,9.0,17.0,Mailed Check,Yes,14
12657,171310,33,Yes,29.87,40,Salary,62129.6,421,Information Technology,Male,Divorced,4.0,16.0,Direct Deposit,Yes,0
13183,172480,32,Yes,60.39,40,Salary,125611.2,137,Healthcare,Male,Single,8.0,19.0,Mailed Check,No,12
4102,172570,27,No,89.54,40,Salary,186243.2,415,Marketing,Male,Single,7.0,21.0,Mailed Check,No,16
2566,172650,51,Yes,77.91,40,Salary,162052.8,249,Manufacturing,Male,Single,8.0,5.0,Mailed Check,Yes,11
5158,173200,52,No,50.94,40,Salary,105955.2,364,Information_Technology,Prefer Not to Answer,Single,9.0,7.0,Direct Deposit,Yes,24
5050,173980,21,Yes,20.14,40,Salary,41891.200000000004,418,Human_Resources,Prefer Not to Answer,Divorced,3.0,4.0,Direct Deposit,No,0
12662,174470,22,No,42.75,40,Salary,88920.0,52,HumanResources,Male,Married,15.5,4.0,Mailed Check,No,0
5071,175000,26,Yes,79.06,40,Salary,164444.80000000002,259,InformationTechnology,Prefer Not to Answer,Married,8.0,9.0,Mailed Check,Yes,12
1424,175480,55,Yes,94.35,40,Salary,196248.0,376,Sales,Female,Married,4.0,10.0,Direct Deposit,No,26
3479,175580,21,Yes,85.73,40,Salary,178318.40000000002,473,HumanResources,Male,Single,6.0,4.0,Direct Deposit,No,7
2441,175720,30,Yes,34.76,40,Salary,72300.79999999999,177,Healthcare,Male,Divorced,9.0,2.0,Mailed Check,No,10
689,176160,39,Yes,98.38,40,Salary,204630.4,289,Healthcare,Female,Divorced,1.0,7.0,Mailed Check,Yes,11
3266,177820,39,No,22.88,40,Salary,47590.399999999994,453,Marketing,Prefer Not to Answer,Married,4.0,3.0,Mailed Check,No,20
1053,178450,28,Yes,30.88,40,Salary,64230.4,305,Manufacturing,Prefer Not to Answer,Single,15.5,23.0,Mailed Check,No,0
3218,178770,41,No,98.1,40,Salary,204048.0,496,HumanResources,Prefer Not to Answer,Single,15.5,19.0,Direct Deposit,Yes,15
832,178910,48,No,63.06,40,Salary,131164.80000000002,188,HumanResources,Female,Divorced,8.0,4.0,Direct Deposit,Yes,3
2459,179210,55,No,38.18,40,Salary,79414.40000000001,460,Healthcare,Female,Divorced,1.0,15.0,Mailed Check,No,16
290,180120,49,No,27.78,40,Salary,57782.4,1,Human Resources,Prefer Not to Answer,Married,8.0,12.0,Mailed Check,Yes,2
3558,180230,24,No,63.42,40,Salary,131913.6,116,Human Resources,Female,Married,1.0,18.0,Mailed Check,No,9
3644,181920,47,Yes,89.49,40,Salary,186139.19999999998,339,HumanResources,Male,Divorced,1.0,18.0,Direct Deposit,No,7
4382,183190,41,No,93.57,40,Salary,194625.59999999998,291,Research,Male,Single,3.0,5.0,Mailed Check,Yes,4
169,183890,41,Yes,97.27,40,Salary,202321.59999999998,3,Sales,Prefer Not to Answer,Single,8.0,2.0,Direct Deposit,Yes,1
12118,184480,20,No,29.27,40,Salary,60881.6,484,InformationTechnology,Female,Single,2.0,17.0,Mailed Check,No,6
240,184580,48,Yes,23.08,40,Salary,48006.399999999994,421,Human Resources,Male,Single,5.0,20.0,Mailed Check,No,12
1990,184700,34,No,97.02,40,Salary,201801.59999999998,332,Information_Technology,Female,Married,5.0,24.0,Mailed Check,No,8
3892,185290,21,No,30.23,40,Salary,62878.4,225,InformationTechnology,Female,Married,8.0,39.5,Direct Deposit,No,0
2886,185830,61,Yes,79.53,40,Salary,165422.4,81,Healthcare,Male,Single,9.0,13.0,Mailed Check,No,27
5074,186180,30,Yes,53.84,40,Salary,111987.20000000001,198,Research,Male,Single,15.5,5.0,Mailed Check,No,0
3971,186200,33,No,89.85,40,Salary,186888.0,219,Healthcare,Male,Single,4.0,6.0,Direct Deposit,Yes,2
3867,188180,33,Yes,34.86,40,Salary,72508.8,271,HumanResources,Male,Single,9.0,13.0,Mailed Check,No,5
2478,189860,28,Yes,39.08,40,Salary,81286.4,233,Manufacturing,Prefer Not to Answer,Single,7.0,12.0,Direct Deposit,No,0
12699,190350,29,Yes,28.47,40,Salary,59217.6,141,Manufacturing,Female,Single,7.0,8.0,Direct Deposit,No,0
3741,191080,41,No,83.85,40,Salary,174408.0,54,Information_Technology,Female,Married,5.0,20.0,Mailed Check,No,14
4000,191190,43,Yes,59.13,40,Salary,122990.40000000001,349,Human_Resources,Male,Single,9.0,14.0,Mailed Check,No,0
5176,191620,29,Yes,65.97,40,Salary,137217.6,125,Human Resources,Male,Single,3.0,9.0,Direct Deposit,Yes,0
611,192210,35,Yes,84.91,40,Salary,176612.8,423,Information Technology,Female,Single,2.0,6.0,Mailed Check,Yes,14
5800,193160,21,Yes,27.96,40,Salary,58156.8,356,InformationTechnology,Female,Single,5.0,14.0,Mailed Check,Yes,0
3736,194320,30,No,67.63,40,Salary,140670.4,460,InformationTechnology,Female,Single,15.5,39.5,Direct Deposit,No,12
1106,194920,26,Yes,19.63,40,Salary,40830.399999999994,39,Marketing,Female,Single,9.0,16.0,Mailed Check,No,17
1681,195590,42,Yes,57.98,40,Salary,120598.4,332,Sales,Male,Single,15.5,12.0,Direct Deposit,No,0
3238,195770,47,No,67.26,40,Salary,139900.80000000002,170,Human_Resources,Prefer Not to Answer,Divorced,1.0,10.0,Direct Deposit,Yes,13
2898,196690,30,Yes,27.83,40,Salary,57886.399999999994,465,Marketing,Male,Single,3.0,25.0,Direct Deposit,No,0
5932,197020,37,No,89.26,40,Salary,185660.80000000002,172,InformationTechnology,Prefer Not to Answer,Single,2.0,6.0,Direct Deposit,No,14
2750,197380,36,No,58.19,40,Salary,121035.2,481,Research,Male,Single,2.0,23.0,Mailed Check,Yes,1
2618,198260,19,No,71.39,40,Salary,148491.19999999998,437,Information Technology,Male,Divorced,5.0,4.0,Direct Deposit,No,1
12410,198740,34,Yes,45.0,40,Salary,93600.0,436,Information_Technology,Female,Single,4.0,24.0,Mailed Check,No,10
1267,199600,36,Yes,85.26,40,Salary,177340.80000000002,189,Laboratory,Female,Married,8.0,14.0,Direct Deposit,No,0
1171,200030,20,Yes,60.4,40,Salary,125632.0,26,Information_Technology,Female,Single,1.0,1.0,Direct Deposit,Yes,0
4201,201740,46,No,79.81,40,Salary,166004.80000000002,73,HumanResources,Female,Divorced,6.0,21.0,Direct Deposit,No,24
1231,202550,29,No,62.85,40,Salary,130728.0,440,Healthcare,Prefer Not to Answer,Married,9.0,39.5,Direct Deposit,Yes,5
12204,202990,51,Yes,96.48,40,Salary,200678.40000000002,153,InformationTechnology,Prefer Not to Answer,Married,6.0,21.0,Mailed Check,No,27
1317,203760,37,No,35.03,40,Salary,72862.40000000001,21,Marketing,Male,Married,3.0,9.0,Mailed Check,Yes,8
13147,204630,27,Yes,55.95,40,Salary,116376.0,368,Research,Male,Married,3.0,23.0,Mailed Check,No,9
4736,205100,35,Yes,20.37,40,Salary,42369.600000000006,248,Human Resources,Female,Single,15.5,17.0,Mailed Check,No,7
4075,205320,26,Yes,37.19,40,Salary,77355.2,161,Human_Resources,Prefer Not to Answer,Married,5.0,3.0,Direct Deposit,No,0
3550,205910,31,Yes,74.1,40,Salary,154128.0,456,Sales,Female,Single,2.0,15.0,Direct Deposit,No,10
698,206840,42,Yes,64.24,40,Salary,133619.19999999998,133,Laboratory,Prefer Not to Answer,Single,7.0,4.0,Direct Deposit,Yes,4
1952,207140,21,Yes,68.26,40,Salary,141980.80000000002,76,Manufacturing,Male,Married,2.0,21.0,Mailed Check,Yes,3
822,207450,23,No,31.94,40,Salary,66435.20000000001,477,Research,Male,Single,5.0,23.0,Mailed Check,Yes,0
5982,208450,22,Yes,72.36,40,Salary,150508.80000000002,159,Manufacturing,Male,Married,8.0,22.0,Direct Deposit,No,2
1824,208800,35,Yes,72.68,40,Salary,151174.40000000002,432,Human Resources,Prefer Not to Answer,Single,9.0,25.0,Mailed Check,No,0
3350,209020,22,No,78.0,40,Salary,162240.0,350,HumanResources,Male,Single,3.0,2.0,Direct Deposit,No,12
5950,210370,19,No,17.12,40,Salary,35609.600000000006,65,Human_Resources,Prefer Not to Answer,Married,9.0,7.0,Direct Deposit,No,0
3049,210420,55,No,94.66,40,Salary,196892.8,108,HumanResources,Prefer Not to Answer,Divorced,8.0,12.0,Mailed Check,No,8
864,210740,33,Yes,75.41,40,Salary,156852.8,285,HumanResources,Female,Single,5.0,9.0,Direct Deposit,Yes,7
2262,211180,36,No,31.11,40,Salary,64708.8,378,HumanResources,Male,Divorced,5.0,1.0,Mailed Check,Yes,18
4179,212270,21,No,83.41,40,Salary,173492.8,249,Human Resources,Prefer Not to Answer,Married,15.5,15.0,Direct Deposit,No,0
12524,212450,26,No,64.07,40,Salary,133265.59999999998,391,Manufacturing,Female,Married,15.5,2.0,Mailed Check,Yes,0
12676,212510,30,Yes,48.45,40,Salary,100776.0,313,Marketing,Prefer Not to Answer,Married,5.0,4.0,Mailed Check,Yes,2
1802,213910,49,Yes,37.95,40,Salary,78936.0,115,Information_Technology,Female,Single,6.0,23.0,Direct Deposit,No,24
1392,214690,55,Yes,48.52,40,Salary,100921.6,35,Information Technology,Male,Single,15.5,25.0,Mailed Check,Yes,11
2188,214710,30,No,99.47,40,Salary,206897.6,257,Manufacturing,Male,Divorced,5.0,21.0,Mailed Check,No,12
4826,214770,60,Yes,27.71,40,Salary,57636.8,384,Manufacturing,Prefer Not to Answer,Divorced,15.5,7.0,Mailed Check,Yes,13
5245,215070,23,Yes,22.5,40,Salary,46800.0,92,InformationTechnology,Male,Single,8.0,18.0,Mailed Check,No,0
1701,215140,21,No,41.49,40,Salary,86299.20000000001,490,Laboratory,Male,Single,2.0,9.0,Direct Deposit,No,0
1225,216220,47,No,61.46,40,Salary,127836.8,175,Manufacturing,Prefer Not to Answer,Divorced,6.0,22.0,Mailed Check,Yes,15
4348,216260,53,Yes,48.71,40,Salary,101316.8,114,Research,Male,Divorced,8.0,8.0,Mailed Check,Yes,3
1279,216510,23,Yes,59.7,40,Salary,124176.0,254,Healthcare,Male,Married,6.0,8.0,Direct Deposit,No,0
12227,216930,30,No,81.07,40,Salary,168625.59999999998,212,Manufacturing,Prefer Not to Answer,Married,9.0,18.0,Mailed Check,No,12
3685,217580,35,Yes,89.08,40,Salary,185286.4,94,InformationTechnology,Male,Divorced,9.0,3.0,Direct Deposit,Yes,3
1866,219380,32,Yes,81.23,40,Salary,168958.40000000002,487,Laboratory,Prefer Not to Answer,Married,8.0,7.0,Mailed Check,No,0
1031,219480,26,No,46.45,40,Salary,96616.0,138,InformationTechnology,Male,Married,4.0,21.0,Mailed Check,No,4
1625,219700,22,Yes,95.32,40,Salary,198265.59999999998,234,Manufacturing,Prefer Not to Answer,Single,2.0,4.0,Direct Deposit,No,11
2480,219910,30,No,73.33,40,Salary,152526.4,72,Sales,Male,Single,9.0,39.5,Mailed Check,No,0
5044,220340,19,No,73.22,40,Salary,152297.6,386,Human Resources,Male,Divorced,15.5,25.0,Mailed Check,No,0
12243,220540,56,Yes,59.47,40,Salary,123697.6,181,Healthcare,Prefer Not to Answer,Married,7.0,10.0,Mailed Check,No,23
5651,221150,27,No,65.78,40,Salary,136822.4,65,Research,Male,Married,7.0,13.0,Mailed Check,No,2
1834,221180,23,Yes,30.53,40,Salary,63502.4,30,Laboratory,Female,Married,1.0,18.0,Direct Deposit,Yes,3
5971,221620,58,No,26.31,40,Salary,54724.799999999996,424,Manufacturing,Female,Single,5.0,20.0,Direct Deposit,No,12
873,221820,25,Yes,75.39,40,Salary,156811.19999999998,424,Sales,Female,Divorced,2.0,13.0,Mailed Check,No,8
4853,222940,30,Yes,41.93,40,Salary,87214.40000000001,178,Sales,Female,Single,7.0,14.0,Mailed Check,No,0
5096,223940,25,Yes,49.57,40,Salary,103105.59999999999,406,Marketing,Male,Single,15.5,8.0,Mailed Check,Yes,1
126,224030,19,Yes,82.36,40,Salary,171308.80000000002,114,Healthcare,Prefer Not to Answer,Divorced,5.0,5.0,Direct Deposit,Yes,0
4409,224790,18,Yes,21.74,40,Salary,45219.2,337,HumanResources,Prefer Not to Answer,Single,8.0,1.0,Direct Deposit,No,0
5324,225380,34,No,94.41,40,Salary,196372.8,449,Information_Technology,Male,Single,3.0,23.0,Direct Deposit,No,0
4683,225710,37,No,29.61,40,Salary,61588.8,172,InformationTechnology,Male,Married,8.0,4.0,Mailed Check,No,11
242,226190,41,Yes,23.86,40,Salary,49628.799999999996,416,Sales,Female,Single,9.0,19.0,Direct Deposit,Yes,11
5030,227230,19,Yes,95.79,40,Salary,199243.2,400,Human_Resources,Prefer Not to Answer,Single,2.0,23.0,Mailed Check,No,0
12049,227920,25,Yes,60.49,40,Salary,125819.2,412,Laboratory,Female,Single,4.0,1.0,Direct Deposit,No,1
1553,229370,38,No,70.22,40,Salary,146057.6,111,Information_Technology,Female,Married,1.0,7.0,Mailed Check,Yes,14
12730,229540,29,No,32.24,40,Salary,67059.20000000001,325,Sales,Prefer Not to Answer,Married,8.0,20.0,Direct Deposit,Yes,2
5514,229680,34,No,38.95,40,Salary,81016.0,113,Information_Technology,Female,Single,6.0,21.0,Direct Deposit,No,0
780,229740,49,No,20.05,40,Salary,41704.0,231,Information Technology,Prefer Not to Answer,Married,5.0,21.0,Mailed Check,Yes,23
4652,230480,19,No,69.05,40,Salary,143624.0,435,Human Resources,Male,Married,1.0,4.0,Direct Deposit,No,0
12747,230550,26,No,91.14,40,Salary,189571.19999999998,73,Information Technology,Prefer Not to Answer,Single,6.0,18.0,Direct Deposit,Yes,0
1043,231060,52,Yes,60.18,40,Salary,125174.4,177,Healthcare,Male,Divorced,5.0,15.0,Mailed Check,No,16
2367,231240,24,Yes,25.69,40,Salary,53435.200000000004,182,Information Technology,Male,Single,1.0,22.0,Direct Deposit,Yes,10
4439,231580,63,No,61.1,40,Salary,127088.0,415,Marketing,Female,Married,3.0,1.0,Direct Deposit,No,26
13127,231670,24,Yes,75.7,40,Salary,157456.0,262,HumanResources,Prefer Not to Answer,Single,3.0,20.0,Direct Deposit,No,8
4595,231790,53,Yes,91.83,40,Salary,191006.4,111,Sales,Male,Divorced,2.0,8.0,Mailed Check,Yes,29
2546,232000,26,Yes,72.3,40,Salary,150384.0,1,Information Technology,Male,Divorced,3.0,3.0,Mailed Check,No,10
2286,232220,28,No,24.08,40,Salary,50086.399999999994,210,HumanResources,Female,Divorced,4.0,22.0,Direct Deposit,No,3
3549,232700,33,No,51.79,40,Salary,107723.2,237,Marketing,Male,Divorced,15.5,10.0,Direct Deposit,No,0
1158,233110,52,No,86.01,40,Salary,178900.80000000002,400,Sales,Female,Divorced,15.5,3.0,Direct Deposit,Yes,6
876,233370,25,Yes,61.13,40,Salary,127150.40000000001,186,InformationTechnology,Prefer Not to Answer,Divorced,1.0,8.0,Direct Deposit,No,0
5282,234440,26,Yes,42.31,40,Salary,88004.8,366,Information_Technology,Prefer Not to Answer,Divorced,4.0,5.0,Direct Deposit,No,5
1910,234750,39,No,81.85,40,Salary,170248.0,25,HumanResources,Prefer Not to Answer,Single,1.0,3.0,Mailed Check,Yes,12
12483,234910,41,No,62.31,40,Salary,129604.8,490,InformationTechnology,Prefer Not to Answer,Divorced,6.0,6.0,Mailed Check,Yes,7
3820,234930,52,Yes,89.68,40,Salary,186534.40000000002,298,Laboratory,Prefer Not to Answer,Married,1.0,15.0,Mailed Check,No,4
5166,235820,45,Yes,41.38,40,Salary,86070.40000000001,356,Laboratory,Prefer Not to Answer,Single,9.0,12.0,Direct Deposit,No,10
5406,235970,43,Yes,67.68,40,Salary,140774.40000000002,303,Information Technology,Female,Single,6.0,16.0,Mailed Check,Yes,24
5947,237230,23,No,64.61,40,Salary,134388.80000000002,436,Marketing,Female,Married,5.0,14.0,Mailed Check,Yes,15
3925,237810,48,No,21.71,40,Salary,45156.8,184,Sales,Female,Married,3.0,5.0,Mailed Check,No,12
585,239620,40,Yes,86.35,40,Salary,179608.0,271,Laboratory,Female,Single,2.0,1.0,Direct Deposit,No,20
1774,239760,52,Yes,47.79,40,Salary,99403.2,243,Manufacturing,Prefer Not to Answer,Divorced,9.0,3.0,Direct Deposit,No,7
4749,240770,31,Yes,66.75,40,Salary,138840.0,500,InformationTechnology,Female,Divorced,2.0,9.0,Mailed Check,Yes,1
2108,241240,32,No,60.94,40,Salary,126755.2,236,InformationTechnology,Prefer Not to Answer,Single,8.0,11.0,Direct Deposit,No,5
5179,241410,32,Yes,56.56,40,Salary,117644.8,190,Sales,Female,Single,5.0,24.0,Mailed Check,No,13
1727,242090,19,Yes,85.64,40,Salary,178131.19999999998,35,Laboratory,Female,Single,4.0,7.0,Mailed Check,Yes,9
3861,242110,40,No,75.6,40,Salary,157248.0,453,Human Resources,Female,Divorced,2.0,7.0,Mailed Check,No,10
292,242320,27,Yes,55.66,40,Salary,115772.79999999999,168,Sales,Male,Single,15.5,21.0,Direct Deposit,No,0
2676,242850,21,Yes,39.79,40,Salary,82763.2,379,Research,Male,Single,4.0,13.0,Direct Deposit,Yes,0
5646,243210,45,No,58.73,40,Salary,122158.4,213,Marketing,Prefer Not to Answer,Married,5.0,1.0,Mailed Check,No,9
12055,243990,27,Yes,77.16,40,Salary,160492.8,201,InformationTechnology,Prefer Not to Answer,Married,2.0,15.0,Mailed Check,No,0
773,244250,41,Yes,43.8,40,Salary,91104.0,460,Marketing,Prefer Not to Answer,Divorced,8.0,16.0,Mailed Check,Yes,16
4557,244520,23,Yes,42.21,40,Salary,87796.8,498,Sales,Prefer Not to Answer,Divorced,2.0,12.0,Mailed Check,Yes,0
2177,244900,50,No,84.46,40,Salary,175676.8,179,Healthcare,Female,Single,3.0,14.0,Mailed Check,Yes,13
12104,244940,39,No,32.61,40,Salary,67828.8,397,Human_Resources,Male,Divorced,6.0,8.0,Direct Deposit,No,0
817,245580,38,No,88.88,40,Salary,184870.4,247,Marketing,Male,Single,3.0,21.0,Direct Deposit,No,9
4240,245970,44,Yes,93.1,40,Salary,193648.0,152,Human Resources,Prefer Not to Answer,Single,2.0,4.0,Direct Deposit,No,12
5992,246480,41,Yes,73.04,40,Salary,151923.2,161,Marketing,Female,Single,6.0,8.0,Direct Deposit,No,2
12641,246760,23,Yes,82.49,40,Salary,171579.19999999998,255,Marketing,Female,Single,4.0,18.0,Direct Deposit,No,12
3649,247250,45,No,73.07,40,Salary,151985.59999999998,334,Information Technology,Male,Single,9.0,10.0,Mailed Check,No,16
297,247260,21,Yes,62.15,40,Salary,129272.0,101,Healthcare,Male,Single,7.0,12.0,Direct Deposit,No,0
1779,247750,39,No,57.59,40,Salary,119787.20000000001,148,Manufacturing,Male,Divorced,15.5,3.0,Mailed Check,No,0
2551,248450,26,Yes,43.8,40,Salary,91104.0,491,Information Technology,Male,Divorced,9.0,6.0,Direct Deposit,No,0
966,248920,28,Yes,19.11,40,Salary,39748.799999999996,112,Healthcare,Female,Married,3.0,1.0,Direct Deposit,No,11
3775,249040,20,Yes,35.31,40,Salary,73444.8,262,Marketing,Prefer Not to Answer,Divorced,2.0,20.0,Direct Deposit,No,0
3139,249180,41,Yes,78.39,40,Salary,163051.19999999998,92,Sales,Female,Married,7.0,25.0,Mailed Check,Yes,0
3905,249850,31,Yes,82.29,40,Salary,171163.2,456,Research,Male,Married,3.0,11.0,Mailed Check,Yes,14
5627,250610,48,No,90.23,40,Salary,187678.40000000002,238,Laboratory,Prefer Not to Answer,Single,8.0,17.0,Mailed Check,No,27
4882,250900,32,Yes,81.49,40,Salary,169499.19999999998,443,Healthcare,Female,Single,8.0,16.0,Mailed Check,Yes,1
1490,250910,19,Yes,40.55,40,Salary,84344.0,189,Human Resources,Female,Married,4.0,10.0,Direct Deposit,No,0
5687,251060,32,Yes,23.64,40,Salary,49171.200000000004,366,Research,Prefer Not to Answer,Single,3.0,1.0,Direct Deposit,No,0
5998,251580,19,No,37.81,40,Salary,78644.8,10,Information Technology,Male,Married,5.0,9.0,Direct Deposit,No,12
3363,251630,21,Yes,75.89,40,Salary,157851.19999999998,412,Laboratory,Male,Divorced,9.0,1.0,Direct Deposit,Yes,8
12321,253030,33,Yes,52.52,40,Salary,109241.6,221,InformationTechnology,Male,Single,4.0,2.0,Direct Deposit,Yes,14
2616,253230,23,Yes,98.83,40,Salary,205566.4,257,Information_Technology,Prefer Not to Answer,Married,1.0,10.0,Mailed Check,No,16
3467,253380,36,Yes,82.54,40,Salary,171683.2,224,InformationTechnology,Prefer Not to Answer,Single,3.0,2.0,Mailed Check,No,12
1658,253430,27,No,79.38,40,Salary,165110.4,238,Information Technology,Female,Single,9.0,7.0,Mailed Check,No,10
389,255090,28,Yes,26.27,40,Salary,54641.6,104,Information Technology,Male,Divorced,8.0,6.0,Direct Deposit,No,13
4877,256080,52,No,68.21,40,Salary,141876.8,164,Healthcare,Prefer Not to Answer,Single,7.0,10.0,Mailed Check,No,17
811,256200,52,Yes,64.17,40,Salary,133473.6,122,Laboratory,Prefer Not to Answer,Married,1.0,24.0,Direct Deposit,No,13
4022,257020,36,No,60.85,40,Salary,126568.0,44,Information_Technology,Male,Married,2.0,4.0,Mailed Check,No,16
3062,257280,24,No,93.48,40,Salary,194438.40000000002,305,Manufacturing,Female,Single,7.0,24.0,Mailed Check,No,0
802,257290,34,Yes,23.65,40,Salary,49192.0,215,Sales,Female,Divorced,5.0,8.0,Mailed Check,No,9
162,257500,23,No,41.74,40,Salary,86819.20000000001,230,InformationTechnology,Male,Divorced,6.0,16.0,Direct Deposit,No,0
3423,257810,44,No,37.33,40,Salary,77646.4,373,Research,Female,Divorced,4.0,24.0,Mailed Check,No,12
5535,258310,30,Yes,91.92,40,Salary,191193.6,214,Human_Resources,Female,Married,1.0,24.0,Mailed Check,No,7
5168,259000,52,Yes,19.83,40,Salary,41246.399999999994,101,Marketing,Female,Married,7.0,17.0,Direct Deposit,No,33
4574,259030,44,Yes,86.23,40,Salary,179358.40000000002,406,Sales,Male,Single,6.0,18.0,Direct Deposit,No,5
952,259320,48,No,82.16,40,Salary,170892.8,9,HumanResources,Male,Married,2.0,15.0,Mailed Check,No,11
3510,259570,20,Yes,97.29,40,Salary,202363.2,140,Sales,Female,Divorced,15.5,15.0,Mailed Check,Yes,10
1620,260300,23,Yes,48.92,40,Salary,101753.6,395,Healthcare,Female,Single,6.0,1.0,Mailed Check,No,6
5256,260510,41,Yes,87.35,40,Salary,181688.0,295,Human_Resources,Female,Married,8.0,22.0,Mailed Check,Yes,1
993,260880,42,No,47.46,40,Salary,98716.8,182,Information Technology,Prefer Not to Answer,Single,15.5,5.0,Direct Deposit,Yes,7
3533,261160,51,Yes,97.38,40,Salary,202550.4,135,Manufacturing,Male,Married,1.0,3.0,Direct Deposit,No,8
210,263920,23,No,62.76,40,Salary,130540.8,385,HumanResources,Male,Divorced,1.0,25.0,Mailed Check,Yes,0
3034,264310,45,No,89.66,40,Salary,186492.8,148,Information Technology,Male,Divorced,6.0,5.0,Direct Deposit,Yes,17
5964,265950,53,No,31.46,40,Salary,65436.8,407,Laboratory,Prefer Not to Answer,Single,2.0,22.0,Direct Deposit,No,8
3430,266020,22,Yes,45.17,40,Salary,93953.6,262,Healthcare,Male,Married,8.0,5.0,Mailed Check,No,0
5207,266820,20,Yes,78.5,40,Salary,163280.0,97,Laboratory,Male,Divorced,2.0,8.0,Mailed Check,No,0
233,267590,43,Yes,44.27,40,Salary,92081.6,117,InformationTechnology,Female,Married,5.0,4.0,Direct Deposit,Yes,24
3352,269640,42,Yes,47.22,40,Salary,98217.59999999999,4,Research,Male,Single,5.0,16.0,Direct Deposit,No,0
12047,269650,49,Yes,41.64,40,Salary,86611.2,329,Manufacturing,Male,Divorced,2.0,20.0,Direct Deposit,Yes,14
3884,271280,35,No,38.11,40,Salary,79268.8,469,Sales,Prefer Not to Answer,Married,9.0,2.0,Direct Deposit,No,15
770,271560,32,No,72.71,40,Salary,151236.8,411,Sales,Female,Divorced,7.0,14.0,Mailed Check,No,4
12226,271830,55,No,36.17,40,Salary,75233.6,65,Sales,Male,Married,8.0,14.0,Mailed Check,No,10
3279,272700,35,Yes,33.76,40,Salary,70220.79999999999,160,Marketing,Male,Single,4.0,24.0,Mailed Check,No,13
1075,273010,58,Yes,53.67,40,Salary,111633.6,260,Human_Resources,Male,Married,7.0,1.0,Direct Deposit,No,22
4567,273330,32,No,42.47,40,Salary,88337.59999999999,361,Human_Resources,Male,Single,5.0,22.0,Mailed Check,No,9
2446,273470,34,No,33.4,40,Salary,69472.0,166,Information_Technology,Prefer Not to Answer,Divorced,1.0,8.0,Mailed Check,Yes,2
495,274120,22,Yes,23.66,40,Salary,49212.799999999996,236,InformationTechnology,Female,Married,6.0,22.0,Mailed Check,No,0
12571,274790,44,No,31.45,40,Salary,65416.0,420,HumanResources,Female,Married,7.0,16.0,Direct Deposit,No,14
945,276750,42,No,68.76,40,Salary,143020.80000000002,395,Manufacturing,Male,Married,9.0,21.0,Direct Deposit,No,17
4849,276880,51,No,24.41,40,Salary,50772.799999999996,221,Laboratory,Male,Divorced,9.0,14.0,Direct Deposit,No,15
5844,277000,25,Yes,93.72,40,Salary,194937.6,216,Laboratory,Female,Married,3.0,16.0,Mailed Check,No,0
681,277140,51,Yes,98.3,40,Salary,204464.0,103,InformationTechnology,Female,Divorced,1.0,19.0,Direct Deposit,No,5
1754,277240,61,Yes,32.16,40,Salary,66892.79999999999,432,Manufacturing,Female,Married,8.0,7.0,Mailed Check,Yes,37
5817,277600,42,No,59.54,40,Salary,123843.2,256,Manufacturing,Female,Married,7.0,6.0,Direct Deposit,Yes,23
3855,278470,29,Yes,31.27,40,Salary,65041.6,47,Information Technology,Male,Divorced,9.0,14.0,Direct Deposit,Yes,0
3203,278820,35,No,79.08,40,Salary,164486.4,318,Information_Technology,Prefer Not to Answer,Single,1.0,21.0,Mailed Check,Yes,0
12392,279000,29,No,38.73,40,Salary,80558.4,388,Healthcare,Female,Single,7.0,21.0,Mailed Check,No,5
163,279580,47,Yes,49.55,40,Salary,103064.0,192,InformationTechnology,Male,Married,8.0,18.0,Direct Deposit,No,15
5405,280420,41,Yes,75.22,40,Salary,156457.6,444,Human_Resources,Female,Divorced,8.0,3.0,Direct Deposit,No,2
3226,281660,47,No,89.38,40,Salary,185910.4,349,Marketing,Prefer Not to Answer,Married,4.0,8.0,Direct Deposit,Yes,12
12267,281770,46,No,37.24,40,Salary,77459.20000000001,402,Manufacturing,Female,Married,15.5,12.0,Mailed Check,No,6
5579,282100,27,Yes,86.41,40,Salary,179732.8,324,HumanResources,Female,Divorced,3.0,39.5,Direct Deposit,No,9
3093,283060,34,No,69.98,40,Salary,145558.40000000002,10,InformationTechnology,Female,Single,7.0,3.0,Mailed Check,No,8
3147,283240,44,Yes,43.09,40,Salary,89627.20000000001,80,Human Resources,Female,Divorced,8.0,9.0,Direct Deposit,Yes,13
432,283350,43,Yes,66.65,40,Salary,138632.0,384,Laboratory,Prefer Not to Answer,Divorced,4.0,8.0,Mailed Check,Yes,12
5564,283970,31,No,85.77,40,Salary,178401.59999999998,216,Marketing,Female,Single,2.0,17.0,Mailed Check,Yes,0
4381,283980,39,Yes,35.87,40,Salary,74609.59999999999,170,InformationTechnology,Female,Single,9.0,14.0,Mailed Check,No,6
5267,284260,37,No,54.09,40,Salary,112507.20000000001,342,HumanResources,Male,Divorced,9.0,2.0,Direct Deposit,No,4
4167,284630,47,Yes,19.07,40,Salary,39665.6,172,Laboratory,Female,Divorced,4.0,22.0,Mailed Check,No,8
2077,284840,49,No,22.27,40,Salary,46321.6,11,Research,Female,Single,2.0,24.0,Mailed Check,No,11
12229,285570,23,Yes,50.91,40,Salary,105892.79999999999,81,Human_Resources,Male,Single,4.0,3.0,Direct Deposit,No,4
1547,288270,29,Yes,44.83,40,Salary,93246.4,65,InformationTechnology,Male,Single,5.0,13.0,Mailed Check,No,9
5699,288650,38,No,58.29,40,Salary,121243.2,307,Manufacturing,Female,Divorced,2.0,21.0,Mailed Check,Yes,20
2613,289140,43,Yes,29.56,40,Salary,61484.799999999996,7,Research,Male,Single,9.0,39.5,Mailed Check,No,0
4370,289660,26,No,96.77,40,Salary,201281.59999999998,83,Healthcare,Prefer Not to Answer,Divorced,2.0,25.0,Direct Deposit,No,0
5711,290390,24,No,60.07,40,Salary,124945.6,223,Information Technology,Female,Single,4.0,20.0,Mailed Check,No,0
3248,290540,63,Yes,55.42,40,Salary,115273.6,475,Sales,Male,Single,1.0,20.0,Direct Deposit,No,9
5270,291020,21,No,78.61,40,Salary,163508.80000000002,255,Laboratory,Female,Single,5.0,7.0,Mailed Check,No,15
3459,291610,32,No,83.31,40,Salary,173284.80000000002,220,Human_Resources,Female,Single,9.0,13.0,Mailed Check,No,16
4214,291830,49,Yes,26.31,40,Salary,54724.799999999996,490,Sales,Prefer Not to Answer,Divorced,3.0,2.0,Mailed Check,No,5
5907,291970,25,No,68.52,40,Salary,142521.59999999998,441,HumanResources,Male,Married,5.0,1.0,Mailed Check,No,4
4710,292860,48,No,97.37,40,Salary,202529.6,33,HumanResources,Prefer Not to Answer,Divorced,5.0,10.0,Direct Deposit,Yes,11
3777,293690,42,No,75.22,40,Salary,156457.6,121,Manufacturing,Female,Married,5.0,21.0,Mailed Check,No,10
4407,294460,42,Yes,87.11,40,Salary,181188.80000000002,261,Marketing,Female,Married,6.0,25.0,Mailed Check,No,6
5841,295940,19,Yes,55.02,40,Salary,114441.6,437,Sales,Female,Divorced,3.0,17.0,Direct Deposit,Yes,16
3076,295950,21,No,48.68,40,Salary,101254.40000000001,175,Human Resources,Female,Single,2.0,18.0,Direct Deposit,Yes,0
12785,296960,21,Yes,44.34,40,Salary,92227.20000000001,462,Sales,Male,Single,3.0,21.0,Mailed Check,No,14
2068,297040,21,No,59.32,40,Salary,123385.6,390,Research,Prefer Not to Answer,Single,4.0,6.0,Direct Deposit,No,0
2580,297140,28,Yes,35.65,40,Salary,74152.0,66,Sales,Prefer Not to Answer,Divorced,5.0,15.0,Mailed Check,No,9
12159,297300,21,No,60.72,40,Salary,126297.6,15,Marketing,Male,Married,4.0,12.0,Direct Deposit,No,0
2136,299210,20,No,66.26,40,Salary,137820.80000000002,146,Human_Resources,Female,Single,1.0,16.0,Mailed Check,No,0
12710,299810,19,No,78.75,40,Salary,163800.0,471,Information Technology,Prefer Not to Answer,Divorced,5.0,17.0,Mailed Check,Yes,0
1529,109190,32,Yes,69.24,40,Salary,144019.19999999998,235,Research,Male,Married,15.5,22.0,Mailed Check,Yes,13
4604,109191,27,Yes,98.88,40,Salary,205670.4,7,Laboratory,Female,Divorced,8.0,11.0,Mailed Check,No,13
694,109192,34,Yes,32.22,40,Salary,67017.59999999999,3,Healthcare,Female,Single,8.0,2.0,Direct Deposit,No,3
1523,117500,47,Yes,19.11,40,Salary,39748.799999999996,391,Human_Resources,Male,Single,8.0,25.0,Direct Deposit,Yes,9
1309,117501,58,Yes,89.06,40,Salary,185244.80000000002,203,Marketing,Prefer Not to Answer,Married,4.0,4.0,Mailed Check,Yes,32
3917,117502,21,Yes,19.93,40,Salary,41454.4,23,Laboratory,Male,Married,3.0,16.0,Mailed Check,No,0
1156,123020,43,Yes,67.35,40,Salary,140088.0,273,Information_Technology,Male,Married,6.0,6.0,Mailed Check,No,4
5259,123021,50,Yes,21.26,40,Salary,44220.8,282,Laboratory,Male,Married,8.0,1.0,Mailed Check,Yes,20
3378,123022,50,Yes,86.45,40,Salary,179816.0,276,Human Resources,Female,Single,2.0,4.0,Mailed Check,No,6
12784,124440,32,No,96.68,40,Salary,201094.40000000002,34,HumanResources,Male,Married,4.0,6.0,Mailed Check,Yes,10
276,124441,42,No,69.46,40,Salary,144476.8,246,Sales,Male,Married,1.0,9.0,Mailed Check,No,18
1542,124442,40,No,21.45,40,Salary,44616.0,347,Healthcare,Female,Married,1.0,1.0,Mailed Check,Yes,16
4680,126570,45,No,48.03,40,Salary,99902.40000000001,249,InformationTechnology,Female,Divorced,3.0,10.0,Direct Deposit,Yes,0
1203,126571,51,No,55.38,40,Salary,115190.40000000001,297,Laboratory,Female,Married,15.5,8.0,Direct Deposit,No,23
12378,126572,37,No,19.37,40,Salary,40289.600000000006,128,InformationTechnology,Prefer Not to Answer,Divorced,7.0,17.0,Mailed Check,No,0
12757,127310,57,Yes,78.16,40,Salary,162572.8,314,HumanResources,Prefer Not to Answer,Single,2.0,5.0,Mailed Check,No,10
5413,127311,26,Yes,69.58,40,Salary,144726.4,399,Manufacturing,Female,Married,1.0,19.0,Mailed Check,Yes,0
1260,127312,50,Yes,33.34,40,Salary,69347.20000000001,172,Marketing,Prefer Not to Answer,Married,3.0,13.0,Mailed Check,No,28
3594,133810,59,No,51.54,40,Salary,107203.2,182,HumanResources,Female,Single,4.0,15.0,Direct Deposit,Yes,36
5774,133811,40,No,52.63,40,Salary,109470.40000000001,315,Human Resources,Male,Married,9.0,15.0,Direct Deposit,Yes,0
3654,133812,20,No,51.66,40,Salary,107452.79999999999,189,Laboratory,Prefer Not to Answer,Single,7.0,24.0,Direct Deposit,No,15
2397,148130,19,No,40.41,40,Salary,84052.79999999999,90,HumanResources,Male,Married,1.0,21.0,Mailed Check,Yes,2
12595,148131,42,No,61.47,40,Salary,127857.6,151,Human Resources,Female,Single,3.0,10.0,Direct Deposit,No,5
82,148132,53,No,31.08,40,Salary,64646.399999999994,421,Information_Technology,Prefer Not to Answer,Single,4.0,23.0,Mailed Check,No,24
3032,154960,38,No,93.13,40,Salary,193710.4,30,Manufacturing,Prefer Not to Answer,Divorced,2.0,8.0,Mailed Check,No,16
5077,154961,39,No,83.13,40,Salary,172910.4,18,InformationTechnology,Female,Divorced,7.0,25.0,Mailed Check,Yes,0
1350,154962,26,No,21.11,40,Salary,43908.799999999996,359,Information_Technology,Prefer Not to Answer,Single,7.0,14.0,Direct Deposit,Yes,3
1153,154963,57,No,93.93,40,Salary,195374.40000000002,353,Healthcare,Male,Single,4.0,4.0,Direct Deposit,No,2
764,170370,30,No,80.54,40,Salary,167523.2,368,HumanResources,Female,Single,1.0,14.0,Mailed Check,No,0
5344,170371,45,No,88.3,40,Salary,183664.0,392,InformationTechnology,Male,Divorced,15.5,16.0,Mailed Check,No,10
1197,170372,23,No,40.67,40,Salary,84593.6,25,Information_Technology,Male,Single,2.0,6.0,Mailed Check,Yes,0
4278,173110,53,No,96.7,40,Salary,201136.0,427,HumanResources,Male,Married,5.0,23.0,Mailed Check,Yes,8
782,173111,62,No,42.8,40,Salary,89024.0,319,Marketing,Male,Single,4.0,9.0,Direct Deposit,Yes,32
12419,173112,20,No,26.63,40,Salary,55390.4,349,Human Resources,Prefer Not to Answer,Single,5.0,1.0,Direct Deposit,No,11
12205,176940,29,Yes,79.23,40,Salary,164798.40000000002,499,HumanResources,Prefer Not to Answer,Single,5.0,19.0,Direct Deposit,No,8
1347,176941,23,Yes,87.27,40,Salary,181521.59999999998,83,Laboratory,Prefer Not to Answer,Single,3.0,13.0,Direct Deposit,No,0
2117,176942,53,Yes,45.12,40,Salary,93849.59999999999,63,Manufacturing,Male,Divorced,4.0,2.0,Direct Deposit,No,32
4981,177170,18,No,44.55,40,Salary,92664.0,468,Marketing,Prefer Not to Answer,Single,8.0,18.0,Mailed Check,No,0
3939,177171,26,No,82.86,40,Salary,172348.80000000002,359,Sales,Male,Married,8.0,17.0,Mailed Check,No,9
1852,177172,20,No,79.11,40,Salary,164548.80000000002,383,Sales,Male,Married,5.0,14.0,Direct Deposit,Yes,0
4625,185310,29,No,21.47,40,Salary,44657.6,448,Research,Male,Divorced,7.0,2.0,Mailed Check,Yes,0
12065,185311,41,No,82.98,40,Salary,172598.40000000002,321,Research,Female,Single,9.0,11.0,Direct Deposit,No,5
1792,185312,19,No,51.3,40,Salary,106704.0,345,Laboratory,Female,Divorced,8.0,19.0,Direct Deposit,No,0
63,187030,46,Yes,54.71,40,Salary,113796.8,68,Sales,Female,Married,9.0,6.0,Direct Deposit,Yes,3
4435,187031,24,Yes,47.86,40,Salary,99548.8,246,Marketing,Prefer Not to Answer,Married,4.0,6.0,Mailed Check,No,9
5461,187032,46,Yes,54.78,40,Salary,113942.4,348,HumanResources,Male,Single,5.0,6.0,Mailed Check,No,28
4758,189320,19,Yes,32.32,40,Salary,67225.59999999999,92,Information_Technology,Male,Single,5.0,18.0,Direct Deposit,Yes,4
372,189321,59,Yes,48.96,40,Salary,101836.8,200,Human Resources,Prefer Not to Answer,Divorced,3.0,10.0,Direct Deposit,No,31
737,189322,18,Yes,75.34,40,Salary,156707.2,478,Sales,Prefer Not to Answer,Single,6.0,22.0,Direct Deposit,No,0
3947,194360,44,No,70.18,40,Salary,145974.40000000002,70,Research,Male,Married,9.0,6.0,Direct Deposit,No,0
3728,194361,31,No,58.64,40,Salary,121971.2,92,Healthcare,Female,Single,9.0,20.0,Mailed Check,No,8
523,194362,58,No,17.49,40,Salary,36379.2,170,InformationTechnology,Female,Single,2.0,1.0,Mailed Check,Yes,36
3812,205830,30,No,89.73,40,Salary,186638.40000000002,372,Information Technology,Prefer Not to Answer,Divorced,3.0,25.0,Mailed Check,No,16
2738,205831,30,No,38.01,40,Salary,79060.79999999999,135,Healthcare,Prefer Not to Answer,Single,8.0,13.0,Direct Deposit,No,0
2801,205832,33,No,23.81,40,Salary,49524.799999999996,5,Laboratory,Prefer Not to Answer,Divorced,6.0,2.0,Direct Deposit,No,8
394,207160,18,Yes,20.91,40,Salary,43492.799999999996,251,Healthcare,Female,Divorced,3.0,13.0,Direct Deposit,Yes,0
2934,207161,49,Yes,27.77,40,Salary,57761.6,262,HumanResources,Prefer Not to Answer,Divorced,3.0,21.0,Mailed Check,Yes,8
431,207162,49,Yes,51.32,40,Salary,106745.6,357,InformationTechnology,Male,Divorced,15.5,20.0,Direct Deposit,Yes,10
474,212230,46,Yes,26.16,40,Salary,54412.8,171,Manufacturing,Female,Single,3.0,20.0,Mailed Check,Yes,26
1745,212231,46,Yes,84.13,40,Salary,174990.4,43,Human Resources,Prefer Not to Answer,Married,6.0,16.0,Mailed Check,Yes,20
2883,212232,58,Yes,17.92,40,Salary,37273.600000000006,190,Sales,Male,Single,9.0,21.0,Mailed Check,No,16
12678,222930,35,Yes,54.58,40,Salary,113526.4,69,Human Resources,Male,Married,1.0,1.0,Mailed Check,No,5
4654,222931,45,Yes,38.93,40,Salary,80974.40000000001,178,Sales,Prefer Not to Answer,Divorced,6.0,1.0,Direct Deposit,Yes,5
4616,222932,27,Yes,74.16,40,Salary,154252.8,16,Manufacturing,Prefer Not to Answer,Married,2.0,9.0,Direct Deposit,No,7
793,277010,22,Yes,84.68,40,Salary,176134.40000000002,309,Human Resources,Male,Divorced,15.5,4.0,Direct Deposit,No,6
2896,277011,40,Yes,35.39,40,Salary,73611.2,130,Human_Resources,Female,Single,7.0,16.0,Mailed Check,No,10
12591,277012,43,Yes,59.87,40,Salary,124529.59999999999,66,Manufacturing,Male,Married,6.0,1.0,Mailed Check,No,14
3536,285000,57,Yes,97.49,40,Salary,202779.19999999998,268,HumanResources,Male,Married,5.0,12.0,Mailed Check,Yes,37
1307,285001,48,Yes,22.87,40,Salary,47569.600000000006,275,Research,Male,Married,1.0,25.0,Mailed Check,No,12
1116,285002,41,Yes,34.97,40,Salary,72737.59999999999,28,Marketing,Female,Single,4.0,3.0,Direct Deposit,No,1
12250,294130,61,Yes,72.45,40,Salary,150696.0,9,InformationTechnology,Male,Married,2.0,17.0,Direct Deposit,Yes,16
3244,294131,62,Yes,91.89,40,Salary,191131.19999999998,386,Laboratory,Male,Married,9.0,9.0,Mailed Check,No,5
2080,294132,36,Yes,92.71,40,Salary,192836.8,166,HumanResources,Male,Divorced,2.0,18.0,Mailed Check,No,17
2063,1360300,65,No,20.37,40,Salary,42369.600000000006,259,Human Resources,Male,Single,6.0,15.0,Direct Deposit,No,27
12411,1360301,65,No,28.87,40,Salary,60049.6,239,Sales,Male,Married,9.0,24.0,Direct Deposit,Yes,15
4638,1515000,60,No,31.14,40,Salary,64771.2,193,Information_Technology,Male,Married,8.0,3.0,Mailed Check,Yes,17
12024,1515001,60,No,86.21,40,Salary,179316.8,86,Human_Resources,Male,Divorced,2.0,2.0,Direct Deposit,No,35
703,1743000,49,Yes,44.64,40,Salary,92851.2,223,Information Technology,Prefer Not to Answer,Married,1.0,6.0,Direct Deposit,Yes,1
3067,1743001,49,Yes,18.36,40,Salary,38188.799999999996,375,InformationTechnology,Prefer Not to Answer,Married,4.0,7.0,Direct Deposit,No,31
4314,1870700,63,Yes,74.35,40,Salary,154648.0,23,Information_Technology,Female,Single,7.0,7.0,Direct Deposit,Yes,30
5927,1870701,63,Yes,84.48,40,Salary,175718.40000000002,405,HumanResources,Male,Divorced,1.0,1.0,Mailed Check,No,37
2265,2179800,45,No,53.9,40,Salary,112112.0,252,Manufacturing,Prefer Not to Answer,Divorced,4.0,20.0,Mailed Check,No,11
3466,2179801,45,No,38.25,40,Salary,79560.0,492,Healthcare,Female,Single,8.0,15.0,Mailed Check,Yes,15
994,2281200,50,No,41.39,40,Salary,86091.2,362,Healthcare,Female,Single,15.5,1.0,Mailed Check,No,16
3969,2281201,50,No,85.72,40,Salary,178297.6,195,HumanResources,Female,Married,1.0,8.0,Mailed Check,Yes,9
3325,2486800,36,No,70.08,40,Salary,145766.4,354,HumanResources,Female,Single,8.0,16.0,Direct Deposit,Yes,13
12669,2486801,36,No,59.89,40,Salary,124571.2,483,Manufacturing,Male,Divorced,7.0,16.0,Direct Deposit,Yes,14
4994,2722700,55,No,32.04,40,Salary,66643.2,286,Research,Prefer Not to Answer,Married,3.0,8.0,Direct Deposit,No,10
13100,2722701,55,No,90.57,40,Salary,188385.59999999998,386,Information Technology,Female,Single,7.0,3.0,Mailed Check,Yes,29
2601,2740700,23,No,26.2,40,Salary,54496.0,160,Human_Resources,Female,Married,6.0,16.0,Mailed Check,No,9
1293,2740701,23,No,56.62,40,Salary,117769.59999999999,306,Sales,Prefer Not to Answer,Single,3.0,4.0,Mailed Check,Yes,0
