,Price_capped,SquareFootage_capped,BackyardSpace_capped,CrimeRate_capped,AgeOfHome_capped,DistanceToCityCenter_capped,EmploymentRate_capped,PropertyTaxRate_capped,SchoolRating_Encoded,Fireplace_Encoded,Garage_Encoded
0,1159515.0,3128.0,1024.0,59.9,7.0,2.2,98.3,1.12,2.0,0,1
1,875266.0,2355.0,1167.0,18.3,3.0,13.3,92.1,1.11,2.0,0,1
2,837353.0,1527.0,641.0,32.6,59.0,3.5,91.9,1.29,2.0,0,1
3,731908.0,1530.0,655.0,7.3,14.0,12.4,88.9,1.73,2.0,0,1
4,655974.0,1529.0,200.0,14.7,74.5,0.6,96.0,1.48,1.0,0,1
5,752062.0,1263.0,200.0,12.0,16.0,9.2,97.0,0.99,2.0,0,1
6,894405.0,2009.0,446.0,33.3,74.5,7.4,94.1,1.02,2.0,0,1
7,489144.0,1098.0,617.0,38.0,29.0,22.2,95.3,0.91,2.0,0,1
8,939106.0,3006.0,1118.0,65.0,6.0,4.5,89.0,1.35,2.0,0,1
9,676530.0,1093.0,691.0,32.1,21.0,18.3,89.9,1.54,2.0,0,1
10,811811.0,1871.0,898.0,21.2,52.0,2.9,89.9,1.28,2.0,0,1
11,1063306.0,3442.0,1121.0,36.6,31.0,5.5,89.4,1.96,2.0,0,1
12,571257.0,907.0,789.0,40.1,4.0,17.1,95.8,1.73,2.0,0,1
13,706742.0,1131.0,667.0,15.9,64.0,1.1,95.0,1.88,2.0,0,1
14,713724.0,1911.0,772.0,11.7,41.0,4.2,91.2,1.63,1.0,0,1
15,628561.0,1399.0,200.0,49.6,8.0,8.1,96.1,1.73,2.0,0,1
16,747989.0,2030.0,643.0,8.6,3.0,8.0,99.0,1.55,2.0,0,1
17,709337.0,1420.0,472.0,5.9,74.5,3.9,95.0,1.32,2.0,0,1
18,939381.0,2021.0,200.0,13.7,15.0,1.9,90.8,1.42,2.0,0,1
19,873632.0,2533.0,1290.0,51.4,22.0,2.7,95.1,1.65,2.0,0,1
20,567004.0,1222.0,568.0,40.6,10.0,3.1,89.8,1.27,1.0,0,1
21,1098366.0,2894.0,884.0,18.1,3.0,12.4,89.0,1.81,2.0,0,1
22,1087644.0,2557.0,1096.0,14.1,10.0,0.9,98.5,1.32,2.0,0,1
23,807668.0,2043.0,1237.0,37.0,17.0,13.5,96.4,1.33,2.0,0,1
24,924643.0,3112.0,1611.0,11.9,11.0,14.8,88.8,1.44,2.0,0,1
25,765083.0,2400.0,1380.0,5.3,34.0,7.3,90.6,1.77,2.0,0,1
26,760604.0,2040.0,1276.0,43.7,17.0,11.5,91.2,1.33,2.0,0,1
27,989445.0,3019.0,1007.0,31.9,2.0,10.5,94.1,1.15,2.0,0,1
28,630105.0,1510.0,387.0,65.9,74.5,0.8,93.0,1.39,2.0,0,1
29,909666.0,2526.0,762.0,6.0,10.0,13.7,95.5,1.79,2.0,0,1
30,802797.0,1605.0,1010.0,35.4,30.0,8.9,95.0,1.22,2.0,0,1
31,734581.0,1569.0,975.0,4.7,28.0,0.5,90.3,1.45,2.0,0,1
32,968084.0,1997.0,257.0,1.4,24.0,3.5,90.5,0.6,2.0,0,1
33,641078.0,1097.0,265.0,58.3,4.0,11.3,90.9,1.48,2.0,0,1
34,829803.0,1597.0,816.0,25.8,4.0,5.9,92.9,1.41,2.0,0,1
35,713338.0,1778.0,1187.0,23.2,8.0,1.4,93.9,1.91,2.0,0,1
36,643512.0,1196.0,674.0,51.1,18.0,2.3,94.0,1.35,2.0,0,1
37,1030986.0,2342.0,1302.0,25.4,23.0,4.5,89.5,0.91,2.0,0,1
38,921570.0,2941.0,1268.0,30.8,25.0,10.6,96.7,1.84,2.0,0,1
39,774707.0,1273.0,645.0,51.3,17.0,3.8,97.5,1.28,2.0,0,1
40,730762.0,1864.0,852.0,28.5,8.0,10.0,94.6,1.32,2.0,0,1
41,699679.0,1509.0,876.0,23.3,3.0,8.7,87.8,1.62,1.0,0,1
42,907689.0,2125.0,840.0,7.7,10.0,2.5,93.4,0.73,2.0,0,1
43,852351.0,2393.0,624.0,19.2,52.0,12.4,89.9,1.49,2.0,0,1
44,746113.0,1997.0,845.0,53.8,43.0,5.7,94.1,1.74,2.0,0,1
45,698625.0,2371.0,794.0,27.3,5.0,1.0,96.3,2.08,1.0,0,1
46,845003.0,1351.0,847.0,11.7,15.0,6.3,94.8,1.42,2.0,0,1
47,426241.0,1318.0,200.0,50.7,36.0,17.0,90.8,1.3,2.0,0,1
48,660796.0,1353.0,489.0,43.8,14.0,1.2,92.4,1.19,2.0,0,1
49,726904.0,1665.0,523.0,1.3,23.0,23.55,94.9,1.24,2.0,0,1
50,696679.0,1059.0,934.0,25.6,64.0,4.2,96.3,1.6,2.0,0,1
51,647672.0,1540.0,210.0,29.5,74.5,14.4,87.4,1.13,2.0,0,1
52,794798.0,1940.0,895.0,19.5,8.0,10.5,93.2,1.47,2.0,0,1
53,732701.0,1912.0,316.0,33.2,22.0,5.0,89.5,1.58,2.0,0,1
54,697547.0,1321.0,1000.0,25.0,20.0,2.0,93.8,1.49,2.0,0,1
55,1024985.0,2040.0,1296.0,37.2,7.0,4.8,95.9,1.67,1.0,0,1
56,938766.0,2603.0,812.0,12.6,14.0,2.3,91.1,1.49,2.0,0,1
57,1018102.0,2156.0,1123.0,50.4,9.0,4.0,90.6,1.64,2.0,0,1
58,973771.0,2678.0,614.0,48.2,5.0,3.6,93.5,1.65,2.0,0,1
59,1009054.0,2514.0,1305.0,18.5,0.0,1.0,89.6,1.17,2.0,0,1
60,531479.0,1024.0,200.0,31.3,46.0,3.6,88.5,1.46,2.0,0,1
61,533967.0,1234.0,212.0,37.9,41.0,3.5,83.54999999999998,1.64,2.0,0,1
62,756476.0,1401.0,200.0,23.9,1.0,0.8,91.8,1.72,2.0,0,1
63,777411.0,2283.0,806.0,64.2,29.0,3.1,94.3,1.12,2.0,0,1
64,791544.0,1433.0,455.0,0.9,10.0,2.3,91.8,1.47,2.0,0,1
65,704515.0,1729.0,582.0,5.2,0.0,18.4,89.8,1.72,2.0,0,1
66,571393.0,1524.0,668.0,36.6,49.0,16.2,87.7,0.96,1.0,0,1
67,720999.0,2074.0,200.0,61.1,2.0,4.1,88.3,1.18,2.0,0,1
68,1192506.0,3566.625,1172.0,12.4,74.5,12.2,96.1,0.74,2.0,0,1
69,769180.0,1519.0,365.0,20.7,13.0,4.5,89.0,1.36,2.0,0,1
70,670905.0,1405.0,200.0,17.2,29.0,15.3,95.7,2.26,2.0,0,1
71,952063.0,3187.0,1029.0,14.1,21.0,12.5,94.7,1.6,2.0,0,1
72,553488.0,1091.0,200.0,10.5,5.0,22.1,94.3,1.3,1.0,0,1
73,1018358.0,2981.0,1567.0,9.9,57.0,1.5,97.9,1.59,2.0,0,1
74,522089.0,1277.0,219.0,13.9,1.0,10.8,93.2,1.34,1.0,0,1
75,809039.0,2116.0,200.0,10.7,3.0,12.1,92.3,1.9,2.0,0,1
76,915554.0,2269.0,831.0,14.4,3.0,5.0,98.6,1.83,2.0,0,1
77,1144689.0,3136.0,802.0,19.3,30.0,7.3,91.9,1.51,2.0,0,1
78,1127604.0,3566.625,1398.0,5.3,14.0,1.4,90.3,1.96,1.0,0,1
79,776804.0,2212.0,911.0,23.2,37.0,7.7,89.2,0.92,2.0,0,1
80,697301.0,1515.0,648.0,28.0,7.0,4.9,92.7,1.14,1.0,0,1
81,723083.0,1464.0,200.0,12.0,15.0,10.7,94.2,1.81,2.0,0,1
82,868054.0,2004.0,453.0,7.8,29.0,2.0,89.0,1.27,2.0,0,1
83,1034527.0,2338.0,1005.0,10.0,37.0,8.1,99.0,1.76,2.0,0,1
84,635841.0,1787.0,974.0,15.4,57.0,21.8,95.8,1.44,2.0,0,1
85,836551.0,1463.0,643.0,20.6,14.0,10.5,89.4,1.56,2.0,0,1
86,667540.0,1615.0,216.0,40.4,11.0,3.7,99.0,1.52,1.0,0,1
87,923056.0,2243.0,997.0,9.2,61.0,0.5,97.6,0.82,2.0,0,1
88,767153.0,1420.0,802.0,7.0,33.0,1.7,94.8,1.48,2.0,0,1
89,652153.0,1348.0,959.0,39.6,14.0,13.0,97.5,1.94,1.0,0,1
90,833562.0,1960.0,713.0,15.6,4.0,12.6,91.1,0.58,2.0,0,1
91,621220.0,1084.0,495.0,17.6,15.0,8.7,99.0,1.19,2.0,0,1
92,582771.0,1100.0,647.0,66.6,30.0,18.8,96.2,1.58,2.0,0,1
93,616808.0,1788.0,200.0,42.0,28.0,18.6,91.4,1.32,2.0,0,1
94,592201.0,1267.0,612.0,49.3,30.0,4.7,94.6,1.44,2.0,0,1
95,808386.0,1788.0,857.0,41.2,5.0,0.6,94.3,1.84,1.0,0,1
96,737935.0,1627.0,831.0,20.5,1.0,16.9,94.1,1.42,2.0,0,1
97,828239.0,2072.0,774.0,31.5,1.0,0.9,87.8,1.23,2.0,0,1
98,830397.0,1947.0,568.0,36.8,7.0,10.9,91.7,1.52,2.0,0,1
99,732457.0,1373.0,610.0,40.4,7.0,1.7,93.2,1.62,2.0,0,1
100,863259.0,2518.0,997.0,22.3,11.0,0.5,90.7,1.37,2.0,0,1
101,1134400.0,3566.625,1055.0,14.9,23.0,6.6,95.1,1.69,2.0,0,1
102,1199565.125,3566.625,1216.0,34.1,11.0,1.7,94.4,1.86,2.0,0,1
103,599907.0,1459.0,200.0,3.1,5.0,6.2,96.1,1.25,2.0,0,1
104,585765.0,1497.0,200.0,38.9,2.0,3.2,86.6,1.35,2.0,0,1
105,760186.0,1897.0,792.0,9.2,6.0,2.2,85.7,1.19,1.0,0,1
106,931801.0,3471.0,1801.5,58.6,41.0,7.0,92.5,1.66,2.0,0,1
107,678281.0,1471.0,798.0,37.9,25.0,5.0,86.8,1.61,2.0,0,1
108,920723.0,2138.0,1278.0,14.5,17.0,4.3,89.7,1.14,2.0,0,1
109,1014240.0,3417.0,1185.0,7.0,74.5,2.4,87.9,1.44,2.0,0,1
110,657858.0,988.0,569.0,17.6,17.0,20.3,95.4,1.6,1.0,0,1
111,931400.0,2891.0,846.0,18.0,4.0,5.3,94.7,1.37,2.0,0,1
112,746005.0,1729.0,419.0,2.0,60.0,8.2,96.3,1.8,1.0,0,1
113,688078.0,2238.0,1415.0,21.4,14.0,23.55,91.5,1.89,1.0,0,1
114,1047301.0,2309.0,796.0,15.2,12.0,5.2,99.0,1.4,2.0,0,1
115,683272.0,1214.0,200.0,10.8,57.0,8.3,98.1,1.48,2.0,0,1
116,1026624.0,2815.0,844.0,11.4,53.0,10.1,97.5,0.68,2.0,0,1
117,831927.0,1874.0,790.0,9.4,29.0,21.1,94.4,1.98,2.0,0,1
118,1023344.0,2906.0,1025.0,9.0,74.5,9.4,92.3,1.21,2.0,0,1
119,526374.0,1190.0,718.0,26.2,53.0,8.0,93.2,1.91,2.0,0,1
120,646288.0,2059.0,200.0,40.9,74.5,6.3,89.3,1.34,2.0,0,1
121,606491.0,1140.0,901.0,15.1,32.0,18.5,88.4,1.45,2.0,0,1
122,790844.0,2147.0,832.0,12.4,18.0,6.6,95.5,1.38,2.0,0,1
123,777216.0,1734.0,880.0,50.0,47.0,0.8,96.1,0.86,2.0,0,1
124,732309.0,1822.0,623.0,37.2,8.0,23.55,96.1,1.15,2.0,0,1
125,756663.0,1635.0,717.0,45.1,34.0,0.5,96.6,0.96,2.0,0,1
126,840137.0,2904.0,839.0,15.1,7.0,23.55,83.54999999999998,1.27,2.0,0,1
127,970586.0,3201.0,376.0,31.7,8.0,1.6,97.5,1.39,2.0,0,1
128,819376.0,2007.0,1259.0,27.6,8.0,6.2,93.6,2.12,2.0,0,1
129,710175.0,1233.0,850.0,36.3,8.0,0.6,85.1,1.27,2.0,0,1
130,1003040.0,3249.0,969.0,24.7,18.0,1.0,93.2,1.07,2.0,0,1
131,776173.0,1795.0,702.0,21.1,18.0,5.3,92.8,1.09,2.0,0,1
132,801947.0,3022.0,1042.0,23.0,56.0,2.2,89.3,1.56,2.0,0,1
133,649972.0,1849.0,496.0,35.0,27.0,11.7,90.5,1.77,2.0,0,1
134,1073425.0,3068.0,750.0,3.6,35.0,10.4,95.6,1.84,2.0,0,1
135,776072.0,1684.0,844.0,30.3,46.0,2.6,94.4,0.94,2.0,0,1
136,557310.0,1346.0,761.0,57.5,21.0,12.8,95.9,1.17,2.0,0,1
137,795397.0,1656.0,922.0,22.7,6.0,1.3,92.8,1.6,2.0,0,1
138,709703.0,1471.0,587.0,42.6,20.0,19.2,94.8,1.54,2.0,0,1
139,664994.0,1831.0,795.0,26.9,48.0,17.8,96.9,0.92,2.0,0,1
140,970823.0,1971.0,751.0,57.0,0.0,0.5,91.8,1.62,2.0,0,1
141,601988.0,1178.0,203.0,15.2,54.0,5.5,92.9,1.05,2.0,0,1
142,645983.0,1332.0,200.0,39.5,73.0,4.3,90.4,1.47,2.0,0,1
143,595193.0,1212.0,223.0,28.5,5.0,8.4,85.7,1.54,2.0,0,1
144,806772.0,2167.0,1033.0,38.9,53.0,23.55,90.5,1.53,2.0,0,1
145,848199.0,2050.0,498.0,25.4,1.0,5.8,90.9,1.96,2.0,0,1
146,761236.0,1705.0,622.0,35.6,7.0,1.6,91.4,1.15,2.0,0,1
147,612665.0,1968.0,610.0,1.7,63.0,23.55,89.8,1.1,2.0,0,1
148,834131.0,2026.0,558.0,22.1,10.0,0.5,94.2,1.38,1.0,0,1
149,791044.0,1518.0,200.0,12.1,3.0,10.4,89.1,1.24,2.0,0,1
150,832774.0,2066.0,522.0,46.1,16.0,9.6,96.3,1.05,2.0,0,1
151,755486.0,1553.0,426.0,5.9,7.0,13.6,88.0,1.28,2.0,0,1
152,1052628.0,3566.625,1021.0,61.7,7.0,11.8,99.0,1.06,2.0,0,1
153,717391.0,1606.0,1049.0,73.0,10.0,2.3,92.1,1.74,2.0,0,1
154,597086.0,1265.0,624.0,19.2,19.0,0.5,91.9,1.07,2.0,0,1
155,788839.0,2018.0,535.0,54.8,21.0,4.8,92.8,1.75,2.0,0,1
156,947239.0,2026.0,1222.0,14.6,23.0,4.7,98.4,1.18,2.0,0,1
157,794962.0,1337.0,671.0,7.4,20.0,2.6,87.4,0.81,2.0,0,1
158,815934.0,2129.0,1183.0,7.1,6.0,11.4,92.6,1.82,2.0,0,1
159,785281.0,2023.0,1106.0,16.6,74.5,13.7,87.0,0.93,2.0,0,1
160,788951.0,2588.0,942.0,38.0,13.0,20.5,95.8,1.06,1.0,0,1
161,772433.0,1506.0,369.0,28.0,15.0,4.5,95.9,0.81,2.0,0,1
162,744780.0,1638.0,233.0,12.1,6.0,23.55,91.4,1.35,2.0,0,1
163,794721.0,2346.0,200.0,23.7,5.0,13.6,93.8,1.41,2.0,0,1
164,509999.0,966.0,200.0,18.0,25.0,23.55,98.7,1.12,2.0,0,1
165,764414.0,1870.0,1010.0,37.1,38.0,1.5,93.0,0.97,2.0,0,1
166,551329.0,1365.0,605.0,12.9,71.0,7.1,90.8,1.8,2.0,0,1
167,1050797.0,3144.0,671.0,52.7,11.0,21.0,96.8,1.02,2.0,0,1
168,765370.0,1835.0,340.0,8.3,18.0,7.1,90.0,1.47,2.0,0,1
169,642937.0,1263.0,418.0,32.1,43.0,2.1,99.0,0.8,2.0,0,1
170,630908.0,1009.0,200.0,31.4,25.0,19.9,91.6,1.65,2.0,0,1
171,760306.0,1636.0,470.0,16.2,14.0,23.55,93.6,1.31,2.0,0,1
172,1064547.0,1838.0,1100.0,7.0,17.0,1.4,90.9,1.44,2.0,0,1
173,374768.125,1488.0,600.0,21.9,74.5,15.4,93.6,1.08,1.0,0,1
174,658044.0,1868.0,1100.0,23.7,7.0,19.6,93.1,1.42,2.0,0,1
175,937794.0,3047.0,933.0,21.1,68.0,8.8,99.0,1.23,2.0,0,1
176,850145.0,2784.0,1040.0,48.4,4.0,9.1,91.8,1.05,2.0,0,1
177,652913.0,871.0,441.0,73.2,10.0,2.8,93.1,1.48,2.0,0,1
178,634066.0,1581.0,200.0,63.9,8.0,6.8,93.7,1.29,2.0,0,1
179,928613.0,2317.0,672.0,7.4,39.0,8.2,92.9,1.77,2.0,0,1
180,775694.0,1212.0,200.0,17.9,42.0,5.8,88.9,0.8,2.0,0,1
181,717018.0,1498.0,870.0,35.3,10.0,0.8,94.2,1.43,2.0,0,1
182,444676.0,1174.0,200.0,52.9,10.0,11.2,93.2,1.57,2.0,0,1
183,877832.0,1579.0,200.0,6.7,14.0,0.7,97.2,1.15,2.0,0,1
184,737229.0,2309.0,802.0,10.7,1.0,5.5,90.5,1.75,1.0,0,1
185,650217.0,1586.0,725.0,39.0,7.0,18.2,89.6,1.34,2.0,0,1
186,519702.0,1162.0,622.0,73.6625,30.0,7.4,88.6,1.91,2.0,0,1
187,1133909.0,2599.0,1066.0,4.9,12.0,3.4,93.2,1.5,2.0,0,1
188,796444.0,1099.0,387.0,63.4,3.0,2.8,88.6,0.91,2.0,0,1
189,689207.0,1044.0,555.0,43.7,12.0,2.6,89.3,1.35,2.0,0,1
190,867005.0,2225.0,496.0,24.6,14.0,16.3,94.6,1.24,2.0,0,1
191,926903.0,3327.0,1512.0,27.3,15.0,5.5,93.2,1.43,2.0,0,1
192,413593.0,869.0,200.0,22.3,32.0,23.55,86.3,1.55,2.0,0,1
193,895024.0,2648.0,904.0,35.6,2.0,0.9,91.1,2.2,2.0,0,1
194,618315.0,989.0,429.0,30.0,33.0,13.3,89.4,1.61,2.0,0,1
195,611807.0,1123.0,429.0,5.1,11.0,13.9,87.8,2.06,2.0,0,1
196,764224.0,2033.0,230.0,16.7,8.0,9.1,88.5,1.44,2.0,0,1
197,594700.0,1490.0,360.0,14.3,23.0,9.7,89.5,2.17,2.0,0,1
198,883388.0,1928.0,228.0,34.2,21.0,4.8,96.7,0.72,2.0,0,1
199,621417.0,1150.0,200.0,15.5,52.0,1.7,91.2,1.31,2.0,0,1
200,752988.0,1817.0,702.0,55.4,45.0,4.8,90.3,2.08,2.0,0,1
201,816462.0,1303.0,286.0,11.9,10.0,5.1,94.3,1.73,2.0,0,1
202,767876.0,1122.0,443.0,11.3,10.0,2.7,92.1,1.49,2.0,0,1
203,742314.0,1291.0,292.0,36.3,26.0,4.9,89.3,0.82,2.0,0,1
204,788181.0,1879.0,358.0,11.9,20.0,6.0,94.0,1.66,2.0,0,1
205,565807.0,1407.0,387.0,13.1,46.0,23.55,98.5,1.44,2.0,0,1
206,1111550.0,3345.0,1193.0,23.4,48.0,15.5,97.2,1.96,2.0,0,1
207,852359.0,1445.0,752.0,16.9,27.0,5.8,90.3,0.85,2.0,0,1
208,555792.0,1651.0,636.0,40.9,41.0,4.5,97.4,1.47,2.0,0,1
209,657736.0,1006.0,200.0,43.4,30.0,5.2,92.9,1.04,2.0,0,1
210,736291.0,2092.0,1020.0,26.1,23.0,0.5,92.2,2.24,2.0,0,1
211,616334.0,1819.0,223.0,27.8,74.5,10.7,91.2,1.08,2.0,0,1
212,1061386.0,2794.0,253.0,22.6,1.0,1.3,99.0,1.76,2.0,0,1
213,635293.0,1316.0,389.0,23.4,5.0,23.55,92.1,1.25,2.0,0,1
214,652563.0,1928.0,1067.0,14.1,24.0,23.55,89.3,1.83,2.0,0,1
215,608155.0,1070.0,446.0,19.8,65.0,6.4,96.5,0.96,2.0,0,1
216,776713.0,1976.0,732.0,21.8,4.0,9.5,91.5,1.51,2.0,0,1
217,917892.0,2948.0,1170.0,61.9,37.0,0.8,98.2,0.83,2.0,0,1
218,756194.0,1585.0,394.0,16.1,74.5,1.6,98.2,1.42,2.0,0,1
219,757215.0,1305.0,200.0,38.0,2.0,4.2,98.7,0.78,2.0,0,1
220,686838.0,1215.0,234.0,22.3,39.0,5.7,87.3,2.03,2.0,0,1
221,788636.0,2058.0,282.0,17.7,10.0,2.6,87.9,1.2,1.0,0,1
222,1199565.125,3566.625,1576.0,12.9,16.0,1.6,89.0,1.39,2.0,0,1
223,795072.0,1495.0,763.0,18.8,26.0,17.5,97.0,0.9,2.0,0,1
224,625476.0,1447.0,283.0,10.5,27.0,21.4,93.6,1.93,2.0,0,1
225,685602.0,1482.0,464.0,53.4,10.0,7.1,91.3,1.16,2.0,0,1
226,882466.0,1474.0,723.0,0.9,13.0,5.6,96.7,2.09,2.0,0,1
227,673448.0,1453.0,549.0,12.4,30.0,23.55,93.5,1.34,2.0,0,1
228,761824.0,1989.0,809.0,7.5,66.0,2.2,89.7,1.65,2.0,0,1
229,938966.0,3566.625,1164.0,29.4,24.0,3.9,90.1,1.75,2.0,0,1
230,687623.0,1394.0,975.0,47.9,13.0,3.2,88.4,0.6,2.0,0,1
231,699749.0,1502.0,1189.0,6.8,49.0,8.9,88.9,1.29,2.0,0,1
232,815345.0,1947.0,205.0,16.6,10.0,2.2,87.8,2.17,2.0,0,1
233,1097487.0,2728.0,1554.0,28.7,4.0,3.4,91.1,1.53,2.0,0,1
234,746257.0,2285.0,990.0,33.4,22.0,14.5,96.0,1.85,2.0,0,1
235,936600.0,3435.0,819.0,73.6625,45.0,10.2,95.0,1.42,2.0,0,1
236,1111468.0,2920.0,974.0,12.9,3.0,4.2,94.2,1.44,2.0,0,1
237,1113464.0,2746.0,1526.0,10.6,17.0,3.2,92.6,1.14,2.0,0,1
238,761037.0,2048.0,1044.0,16.1,2.0,11.8,93.6,1.84,2.0,0,1
239,669960.0,1568.0,678.0,31.2,13.0,7.9,95.2,1.7,2.0,0,1
240,827049.0,1925.0,1013.0,43.8,27.0,2.9,94.5,1.66,2.0,0,1
241,633581.0,1257.0,519.0,14.2,20.0,13.1,93.0,0.93,2.0,0,1
242,690379.0,1056.0,200.0,27.7,5.0,11.6,99.0,1.55,2.0,0,1
243,974079.0,3113.0,1330.0,6.9,16.0,11.9,88.3,0.89,1.0,0,1
244,757652.0,1084.0,609.0,22.4,4.0,4.5,93.1,1.0,2.0,0,1
245,564312.0,834.0,200.0,31.4,2.0,0.6,93.2,1.27,2.0,0,1
246,832244.0,1960.0,244.0,47.9,13.0,3.0,86.5,0.99,2.0,0,1
247,862624.0,2443.0,1486.0,25.3,38.0,4.4,89.6,1.73,2.0,0,1
248,886498.0,2260.0,1499.0,22.7,30.0,18.4,98.1,1.66,2.0,0,1
249,714722.0,1772.0,551.0,44.5,24.0,2.9,96.8,0.57,1.0,0,1
250,626091.0,1654.0,883.0,24.7,61.0,14.3,93.5,1.84,2.0,0,1
251,583195.0,1162.0,200.0,46.6,34.0,7.2,93.1,1.46,2.0,0,1
252,707046.0,2105.0,886.0,44.4,17.0,23.55,96.5,1.87,2.0,0,1
253,806123.0,2254.0,414.0,33.8,34.0,1.6,87.5,1.24,2.0,0,1
254,862152.0,1928.0,916.0,66.3,0.0,0.5,91.8,1.35,2.0,0,1
255,1039547.0,2307.0,725.0,39.2,26.0,10.3,89.1,1.12,2.0,0,1
256,714407.0,1744.0,1167.0,34.8,1.0,8.3,89.2,1.65,2.0,0,1
257,800074.0,1034.0,200.0,8.5,35.0,3.3,87.5,1.81,2.0,0,1
258,1188044.0,3046.0,936.0,8.5,14.0,1.4,91.6,2.0,2.0,0,1
259,811388.0,2447.0,235.0,15.1,1.0,17.2,94.8,1.83,2.0,0,1
260,789390.0,1666.0,240.0,38.3,4.0,3.4,93.0,1.24,2.0,0,1
261,584127.0,1817.0,366.0,51.4,2.0,1.1,89.6,1.57,2.0,0,1
262,787855.0,1631.0,1026.0,30.9,13.0,2.9,98.4,1.96,2.0,0,1
263,1042495.0,3377.0,483.0,4.5,74.5,1.9,97.6,1.56,2.0,0,1
264,819528.0,2253.0,542.0,20.0,37.0,3.9,90.7,1.33,2.0,0,1
265,831211.0,2938.0,791.0,62.5,15.0,6.9,94.5,0.98,2.0,0,1
266,482169.0,1435.0,541.0,24.2,70.0,21.4,93.8,1.53,2.0,0,1
267,916349.0,2248.0,513.0,23.2,11.0,1.2,92.0,1.26,2.0,0,1
268,840015.0,1929.0,690.0,45.3,7.0,3.3,95.8,1.27,2.0,0,1
269,829524.0,1609.0,313.0,8.4,48.0,6.3,96.5,1.4,2.0,0,1
270,806492.0,1473.0,727.0,40.7,2.0,10.0,88.1,0.93,2.0,0,1
271,849794.0,1785.0,1101.0,10.9,33.0,10.6,94.9,0.98,2.0,0,1
272,1199565.125,3566.625,1356.0,45.2,31.0,0.5,95.9,1.08,2.0,0,1
273,1127160.0,3295.0,1421.0,18.8,7.0,4.0,92.1,1.81,2.0,0,1
274,621589.0,2097.0,1251.0,36.2,33.0,17.7,89.6,1.17,2.0,0,1
275,1067193.0,2070.0,901.0,10.1,6.0,0.7,95.1,1.87,2.0,0,1
276,771461.0,2258.0,601.0,56.4,48.0,2.8,96.3,0.75,2.0,0,1
277,934078.0,3018.0,1216.0,20.8,74.5,6.4,92.8,2.02,2.0,0,1
278,629820.0,1446.0,200.0,25.2,35.0,9.6,90.5,1.03,1.0,0,1
279,480128.0,2067.0,946.0,52.0,36.0,19.0,94.1,1.29,2.0,0,1
280,830457.0,2177.0,929.0,20.2,21.0,7.5,89.3,2.0,2.0,0,1
281,550070.0,700.0,328.0,38.7,26.0,4.9,93.6,1.59,2.0,0,1
282,920174.0,2691.0,1252.0,37.4,10.0,7.7,99.0,1.33,2.0,0,1
283,679394.0,1216.0,407.0,45.8,4.0,1.9,96.3,1.31,2.0,0,1
284,882668.0,1771.0,466.0,25.1,3.0,9.0,93.2,0.79,2.0,0,1
285,802966.0,1149.0,563.0,14.7,9.0,6.1,87.3,1.81,2.0,0,1
286,1065813.0,2092.0,794.0,4.9,18.0,8.5,88.5,1.1,2.0,0,1
287,856920.0,2582.0,565.0,46.8,59.0,1.7,93.9,0.73,2.0,0,1
288,658937.0,1644.0,845.0,62.5,20.0,2.4,98.6,1.15,2.0,0,1
289,786332.0,1755.0,461.0,3.1,21.0,3.4,93.8,1.51,2.0,0,1
290,883982.0,1850.0,883.0,36.7,20.0,1.3,92.7,1.02,2.0,0,1
291,456742.0,894.0,420.0,34.8,11.0,19.6,95.0,1.37,1.0,0,1
292,889479.0,2481.0,728.0,28.8,32.0,4.5,91.6,1.25,2.0,0,1
293,886350.0,2553.0,1386.0,35.2,21.0,2.1,89.5,1.65,2.0,0,1
294,895638.0,1942.0,1332.0,21.7,2.0,0.6,95.8,1.37,2.0,0,1
295,1144684.0,3566.625,1617.0,68.8,60.0,17.0,92.1,1.52,2.0,0,1
296,775173.0,2600.0,517.0,43.4,22.0,11.8,90.3,1.27,2.0,0,1
297,915996.0,2650.0,1801.5,25.9,25.0,2.4,89.4,1.03,2.0,0,1
298,860023.0,2727.0,785.0,35.8,69.0,1.7,95.2,0.87,2.0,0,1
299,774830.0,2251.0,1033.0,39.6,74.5,3.8,90.3,1.31,2.0,0,1
300,700736.0,1207.0,200.0,37.8,10.0,4.0,92.8,1.73,2.0,0,1
301,625886.0,1382.0,200.0,58.8,48.0,6.1,90.9,1.67,2.0,0,1
302,619321.0,1760.0,674.0,53.3,18.0,23.55,92.7,2.06,2.0,0,1
303,738523.0,2014.0,818.0,12.0,3.0,1.9,91.0,1.19,1.0,0,1
304,914254.0,2110.0,643.0,28.6,34.0,1.6,92.0,0.94,2.0,0,1
305,990352.0,3145.0,494.0,22.3,30.0,1.7,98.1,0.73,2.0,0,1
306,1006999.0,2563.0,1267.0,8.5,18.0,0.5,88.1,1.12,2.0,0,1
307,656994.0,1415.0,200.0,14.5,8.0,1.3,87.7,1.25,1.0,0,1
308,763367.0,1607.0,987.0,48.3,27.0,0.5,98.6,1.64,2.0,0,1
309,993481.0,2427.0,670.0,47.3,29.0,3.3,96.6,0.92,2.0,0,1
310,521193.0,995.0,321.0,43.8,15.0,8.0,99.0,1.51,2.0,0,1
311,741662.0,1274.0,974.0,22.2,3.0,1.5,91.7,1.65,2.0,0,1
312,704051.0,1917.0,200.0,6.1,21.0,11.1,89.0,1.15,2.0,0,1
313,901528.0,2930.0,1104.0,40.9,27.0,1.4,96.4,1.28,2.0,0,1
314,921248.0,2482.0,1127.0,55.9,10.0,15.0,93.6,1.24,2.0,0,1
315,508534.0,1031.0,244.0,17.8,13.0,2.5,90.7,1.41,2.0,0,1
316,882672.0,2177.0,781.0,8.9,34.0,7.8,95.2,0.99,2.0,0,1
317,529229.0,1826.0,1058.0,34.0,74.5,7.5,89.3,1.35,2.0,0,1
318,785059.0,1165.0,299.0,5.9,38.0,0.5,89.2,1.61,2.0,0,1
319,661132.0,1400.0,724.0,18.2,12.0,11.1,89.7,1.24,2.0,0,1
320,1199565.125,3566.625,1517.0,32.7,3.0,6.5,90.4,1.51,2.0,0,1
321,828259.0,1828.0,408.0,38.3,39.0,1.4,91.3,1.64,2.0,0,1
322,1199565.125,3566.625,1079.0,32.4,16.0,0.5,92.9,1.84,2.0,0,1
323,638234.0,1359.0,200.0,24.1,14.0,0.8,98.1,1.3,2.0,0,1
324,1079051.0,3238.0,1540.0,24.7,8.0,1.0,95.2,1.29,2.0,0,1
325,650140.0,1262.0,622.0,35.9,71.0,19.5,91.3,1.53,2.0,0,1
326,636107.0,1375.0,702.0,35.3,23.0,4.1,88.6,1.93,1.0,0,1
327,934323.0,1953.0,963.0,10.6,14.0,10.0,97.6,1.57,2.0,0,1
328,942239.0,2766.0,985.0,28.4,13.0,1.5,88.4,1.01,2.0,0,1
329,575879.0,1179.0,200.0,28.2,3.0,7.2,90.6,1.74,2.0,0,1
330,890708.0,1406.0,340.0,33.8,10.0,6.9,93.2,1.19,2.0,0,1
331,759867.0,2188.0,780.0,18.3,13.0,21.9,84.8,1.48,2.0,0,1
332,779999.0,1849.0,960.0,30.1,3.0,3.3,90.1,1.85,2.0,0,1
333,861648.0,2174.0,968.0,15.1,6.0,23.55,91.9,1.14,2.0,0,1
334,576770.0,1304.0,402.0,29.0,18.0,23.55,91.4,1.11,2.0,0,1
335,819310.0,1312.0,416.0,17.5,27.0,0.7,93.9,1.29,2.0,0,1
336,900178.0,2066.0,860.0,30.5,3.0,21.6,93.2,0.6,2.0,0,1
337,890691.0,1706.0,575.0,1.7,25.0,5.9,97.6,1.47,2.0,0,1
338,590353.0,847.0,200.0,20.7,8.0,9.5,92.0,0.81,2.0,0,1
339,677656.0,1796.0,321.0,71.1,14.0,6.7,90.2,1.37,1.0,0,1
340,972030.0,2547.0,549.0,4.1,28.0,23.55,93.1,1.09,2.0,0,1
341,641787.0,1693.0,1253.0,57.3,32.0,12.6,93.1,1.72,2.0,0,1
342,608438.0,2172.0,844.0,44.5,9.0,23.55,88.7,0.82,2.0,0,1
343,789313.0,1794.0,763.0,25.1,0.0,7.6,93.2,1.38,2.0,0,1
344,917290.0,2632.0,867.0,45.6,28.0,0.9,97.5,1.6,2.0,0,1
345,811608.0,1784.0,659.0,22.3,0.0,0.6,97.4,1.37,2.0,0,1
346,880098.0,2396.0,656.0,45.3,17.0,6.3,92.7,1.18,2.0,0,1
347,793279.0,2928.0,826.0,61.3,74.5,6.4,88.8,1.31,2.0,0,1
348,806621.0,2188.0,1050.0,24.1,74.5,16.6,91.9,0.97,2.0,0,1
349,612973.0,1807.0,404.0,35.4,34.0,10.3,94.5,0.9,2.0,0,1
350,669741.0,1137.0,718.0,17.2,45.0,2.3,92.2,1.62,2.0,0,1
351,723855.0,1618.0,200.0,19.8,15.0,6.8,95.1,0.98,1.0,0,1
352,813148.0,1756.0,978.0,46.2,22.0,11.9,95.2,1.31,2.0,0,1
353,655353.0,1296.0,502.0,25.9,74.5,5.4,91.8,1.58,2.0,0,1
354,805459.0,2221.0,1150.0,20.3,15.0,9.2,96.8,1.48,2.0,0,1
355,1098188.0,2758.0,779.0,22.4,12.0,0.5,92.8,2.1,2.0,0,1
356,830352.0,1600.0,537.0,13.7,7.0,1.7,93.9,1.36,2.0,0,1
357,797970.0,2510.0,1095.0,13.3,70.0,4.2,98.1,1.37,2.0,0,1
358,640315.0,736.0,568.0,34.7,46.0,3.9,93.0,1.02,2.0,0,1
359,631373.0,1116.0,664.0,14.5,5.0,6.0,95.2,1.01,2.0,0,1
360,562386.0,958.0,200.0,27.6,9.0,10.1,94.1,1.19,2.0,0,1
361,681579.0,2176.0,715.0,9.9,49.0,6.9,93.7,1.46,2.0,0,1
362,914647.0,1487.0,695.0,4.2,15.0,13.7,90.5,1.11,2.0,0,1
363,583192.0,1073.0,249.0,19.8,74.5,8.5,92.7,1.52,2.0,0,1
364,891766.0,2205.0,516.0,12.1,12.0,0.9,93.0,1.51,2.0,0,1
365,740450.0,1783.0,269.0,30.7,5.0,19.2,95.2,0.99,2.0,0,1
366,521575.0,1541.0,200.0,16.0,33.0,23.55,99.0,1.42,2.0,0,1
367,757701.0,1694.0,322.0,31.7,25.0,1.4,94.0,1.21,2.0,0,1
368,1183935.0,3277.0,1069.0,9.9,6.0,1.7,96.6,0.93,2.0,0,1
369,690794.0,1114.0,506.0,45.5,15.0,10.1,93.2,1.1,2.0,0,1
370,651226.0,1673.0,787.0,32.5,2.0,1.3,98.1,1.41,2.0,0,1
371,628107.0,1456.0,449.0,36.5,17.0,4.9,87.0,1.41,2.0,0,1
372,1140743.0,3411.0,1143.0,20.1,56.0,1.4,96.6,1.5,2.0,0,1
373,1199565.125,3566.625,1018.0,4.7,18.0,0.6,96.0,1.27,2.0,0,1
374,745087.0,1999.0,652.0,45.4,17.0,0.5,83.54999999999998,1.57,2.0,0,1
375,1038156.0,3109.0,944.0,15.0,11.0,4.3,90.9,1.33,1.0,0,1
376,750064.0,1584.0,805.0,28.0,23.0,7.7,90.0,1.62,2.0,0,1
377,862771.0,2315.0,815.0,15.5,74.5,7.9,97.9,1.5,2.0,0,1
378,868590.0,2551.0,745.0,53.2,32.0,16.6,94.3,0.88,2.0,0,1
379,1118844.0,3044.0,803.0,6.1,5.0,1.9,93.2,1.52,2.0,0,1
380,759198.0,1649.0,645.0,37.5,50.0,6.1,95.2,1.62,2.0,0,1
381,979745.0,2491.0,804.0,3.7,14.0,2.7,89.4,0.92,2.0,0,1
382,803989.0,1836.0,1088.0,33.5,5.0,3.9,97.6,1.43,1.0,0,1
383,1020144.0,2150.0,756.0,20.1,36.0,1.0,98.1,1.27,2.0,0,1
384,920058.0,2620.0,1056.0,14.2,5.0,8.6,93.1,1.44,2.0,0,1
385,630229.0,904.0,494.0,25.9,21.0,4.2,92.0,1.04,2.0,0,1
386,860762.0,2004.0,554.0,19.9,16.0,8.9,93.8,1.44,2.0,0,1
387,834270.0,1987.0,758.0,15.4,7.0,8.4,91.5,1.69,2.0,0,1
388,878951.0,2137.0,1314.0,44.3,22.0,2.2,89.8,1.28,2.0,0,1
389,762759.0,2270.0,683.0,29.9,4.0,8.0,98.7,1.52,2.0,0,1
390,838959.0,1918.0,641.0,39.9,70.0,12.6,97.0,0.6,2.0,0,1
391,643634.0,1143.0,200.0,29.1,20.0,2.7,95.0,1.69,2.0,0,1
392,987415.0,2210.0,406.0,5.4,6.0,4.9,94.5,1.19,2.0,0,1
393,709590.0,1715.0,200.0,16.4,6.0,7.2,90.2,1.2,2.0,0,1
394,503590.0,1173.0,200.0,68.0,30.0,6.1,91.4,1.55,2.0,0,1
395,759145.0,1184.0,843.0,15.0,34.0,0.6,91.6,1.33,2.0,0,1
396,831720.0,1544.0,678.0,31.4,0.0,2.1,93.4,1.36,2.0,0,1
397,768981.0,1565.0,762.0,24.3,22.0,15.6,88.7,1.61,2.0,0,1
398,815338.0,1947.0,881.0,3.8,48.0,5.0,87.7,1.35,1.0,0,1
399,599894.0,1096.0,299.0,38.8,6.0,11.2,90.3,1.25,2.0,0,1
400,736889.0,2800.0,709.0,14.5,49.0,22.3,93.1,2.34,2.0,0,1
401,1187705.0,3566.625,1572.0,26.9,69.0,23.5,94.7,0.91,2.0,0,1
402,899551.0,2364.0,1367.0,17.5,1.0,1.3,92.3,0.52,2.0,0,1
403,550566.0,1536.0,805.0,26.6,2.0,13.7,90.0,0.76,1.0,0,1
404,626211.0,1857.0,822.0,22.2,7.0,23.55,99.0,1.78,1.0,0,1
405,739537.0,1682.0,589.0,22.7,74.5,2.3,92.1,1.0,2.0,0,1
406,899196.0,2245.0,1231.0,35.8,29.0,2.6,90.7,1.86,2.0,0,1
407,778847.0,2016.0,553.0,36.1,20.0,7.6,94.5,1.24,2.0,0,1
408,691769.0,1030.0,200.0,3.5,56.0,6.1,92.5,1.75,2.0,0,1
409,886376.0,2154.0,1138.0,31.4,31.0,2.6,99.0,1.23,2.0,0,1
410,824768.0,1494.0,200.0,31.1,74.5,0.8,89.6,1.08,2.0,0,1
411,1056620.0,3347.0,1236.0,23.4,28.0,4.1,84.3,0.84,2.0,0,1
412,758343.0,1269.0,568.0,49.1,2.0,1.6,94.3,1.61,2.0,0,1
413,638166.0,1348.0,200.0,61.6,5.0,3.6,90.0,1.85,2.0,0,1
414,700537.0,1359.0,383.0,30.1,40.0,0.5,94.9,1.42,2.0,0,1
415,775564.0,1637.0,1050.0,27.2,1.0,4.0,93.0,0.84,2.0,0,1
416,669927.0,1631.0,200.0,26.1,7.0,6.0,87.4,1.25,2.0,0,1
417,755947.0,1496.0,1094.0,16.7,1.0,0.7,89.6,1.77,2.0,0,1
418,559857.0,1120.0,536.0,39.8,24.0,16.7,99.0,1.77,2.0,0,1
419,951675.0,1915.0,959.0,21.5,15.0,15.7,90.3,2.0,2.0,0,1
420,740243.0,1855.0,520.0,25.6,14.0,16.0,87.2,1.54,2.0,0,1
421,1009027.0,2097.0,706.0,5.0,8.0,7.3,91.9,1.39,2.0,0,1
422,935565.0,2470.0,1157.0,15.4,21.0,0.5,98.2,1.91,2.0,0,1
423,732183.0,1813.0,735.0,34.2,54.0,2.0,86.2,1.03,2.0,0,1
424,634004.0,1688.0,1007.0,39.3,23.0,8.1,94.3,1.41,1.0,0,1
425,615265.0,1289.0,200.0,34.0,3.0,16.0,92.2,1.51,2.0,0,1
426,632685.0,1042.0,757.0,51.4,14.0,7.0,96.1,1.44,2.0,0,1
427,1151548.0,3566.625,1678.0,16.6,4.0,2.2,90.5,1.49,1.0,0,1
428,849402.0,1998.0,830.0,16.6,2.0,5.4,92.5,2.12,2.0,0,1
429,716526.0,1384.0,392.0,27.8,13.0,1.9,96.6,1.81,2.0,0,1
430,747952.0,2483.0,1029.0,27.8,40.0,13.1,97.5,2.31,2.0,0,1
431,777692.0,1339.0,506.0,12.2,1.0,23.55,90.2,1.44,2.0,0,1
432,571892.0,1239.0,424.0,33.7,26.0,8.0,96.6,1.86,2.0,0,1
433,782505.0,1751.0,987.0,40.5,29.0,3.6,93.9,1.35,2.0,0,1
434,809745.0,2091.0,811.0,9.2,60.0,9.1,86.6,1.7,2.0,0,1
435,912006.0,2542.0,1007.0,44.5,18.0,12.7,90.0,0.91,2.0,0,1
436,580831.0,1591.0,200.0,63.1,12.0,11.8,99.0,1.29,2.0,0,1
437,859753.0,2026.0,411.0,5.3,5.0,8.3,88.0,1.07,2.0,0,1
438,870992.0,1623.0,1077.0,6.8,1.0,2.8,92.2,1.98,2.0,0,1
439,626966.0,1266.0,679.0,37.9,15.0,1.7,94.3,1.27,2.0,0,1
440,799222.0,1786.0,622.0,10.9,68.0,9.7,99.0,1.74,2.0,0,1
441,621395.0,1508.0,848.0,63.0,63.0,1.8,93.0,1.38,2.0,0,1
442,763137.0,1656.0,852.0,38.6,1.0,23.55,94.7,1.54,2.0,0,1
443,718565.0,1583.0,533.0,36.9,46.0,2.0,95.3,1.42,1.0,0,1
444,737935.0,1785.0,658.0,16.4,12.0,0.5,89.3,1.73,1.0,0,1
445,682037.0,1312.0,396.0,51.3,24.0,5.6,94.8,1.93,2.0,0,1
446,565376.0,1191.0,200.0,5.4,18.0,4.0,88.9,1.68,1.0,0,1
447,807240.0,1988.0,1120.0,5.0,5.0,2.9,92.9,1.57,2.0,0,1
448,815548.0,2155.0,937.0,22.8,10.0,5.6,92.7,1.44,2.0,0,1
449,689512.0,1917.0,200.0,28.4,50.0,11.0,94.3,1.2,2.0,0,1
450,831550.0,2248.0,639.0,32.3,0.0,6.8,88.0,1.17,2.0,0,1
451,785163.0,2654.0,1374.0,21.8,64.0,5.4,91.5,1.63,2.0,0,1
452,758457.0,1718.0,537.0,9.8,35.0,4.9,90.6,1.44,2.0,0,1
453,875277.0,2307.0,1330.0,55.7,36.0,1.6,88.3,2.03,2.0,0,1
454,492040.0,1492.0,370.0,41.9,74.5,1.3,94.5,1.07,2.0,0,1
455,1047381.0,3425.0,811.0,36.1,62.0,1.7,95.0,1.09,2.0,0,1
456,797553.0,1665.0,200.0,16.5,15.0,22.2,93.9,1.77,2.0,0,1
457,797172.0,1593.0,675.0,38.7,16.0,0.5,99.0,1.92,2.0,0,1
458,781963.0,1619.0,378.0,21.7,0.0,20.9,98.5,1.34,2.0,0,1
459,478908.0,1245.0,964.0,47.6,18.0,2.9,93.1,1.59,2.0,0,1
460,968166.0,2510.0,734.0,40.4,6.0,1.6,96.2,2.0,2.0,0,1
461,590003.0,1735.0,947.0,19.5,74.5,14.5,90.7,1.5,2.0,0,1
462,936199.0,2703.0,809.0,12.5,74.5,1.4,88.2,1.73,2.0,0,1
463,757166.0,1957.0,659.0,38.5,3.0,7.2,91.2,1.81,2.0,0,1
464,761398.0,1432.0,200.0,46.7,10.0,2.4,93.8,2.14,2.0,0,1
465,961722.0,3165.0,1251.0,36.9,45.0,23.55,84.8,1.32,2.0,0,1
466,941371.0,2852.0,682.0,27.5,26.0,4.4,91.9,2.23,2.0,0,1
467,1030509.0,3196.0,1446.0,18.4,40.0,0.8,93.1,0.75,2.0,0,1
468,868450.0,2334.0,969.0,30.6,15.0,1.0,99.0,1.59,1.0,0,1
469,727827.0,1848.0,535.0,68.4,65.0,7.0,95.4,1.7,2.0,0,1
470,844823.0,1448.0,814.0,5.9,27.0,0.5,97.5,1.71,2.0,0,1
471,787426.0,1927.0,1146.0,12.7,43.0,4.6,95.0,1.83,2.0,0,1
472,550456.0,1134.0,473.0,59.2,55.0,7.5,88.3,1.1,2.0,0,1
473,748131.0,1453.0,200.0,31.4,55.0,2.6,96.3,0.95,2.0,0,1
474,533525.0,1100.0,200.0,41.3,67.0,11.9,86.9,1.39,2.0,0,1
475,720220.0,1748.0,200.0,19.9,5.0,10.7,89.8,1.33,2.0,0,1
476,631045.0,1063.0,200.0,10.2,45.0,3.3,88.9,1.45,2.0,0,1
477,750730.0,2349.0,1105.0,23.4,7.0,23.55,95.5,1.69,2.0,0,1
478,772607.0,2013.0,200.0,15.4,74.5,4.8,93.3,2.08,2.0,0,1
479,838183.0,1610.0,200.0,56.9,5.0,9.2,96.7,1.32,2.0,0,1
480,684804.0,1362.0,308.0,63.5,62.0,1.2,91.2,0.96,2.0,0,1
481,1072952.0,3502.0,1027.0,33.7,17.0,13.3,91.8,1.03,2.0,0,1
482,483996.0,848.0,330.0,16.7,54.0,3.9,91.5,1.16,2.0,0,1
483,590997.0,1672.0,584.0,24.0,62.0,3.9,93.4,1.78,1.0,0,1
484,744314.0,1719.0,255.0,47.6,6.0,6.3,89.2,1.46,2.0,0,1
485,1169315.0,2949.0,1130.0,42.9,5.0,0.5,88.1,1.4,2.0,0,1
486,778582.0,2306.0,1310.0,32.4,3.0,23.55,93.1,1.36,2.0,0,1
487,810082.0,2043.0,633.0,31.9,14.0,1.1,96.2,1.73,2.0,0,1
488,759761.0,1206.0,200.0,27.3,9.0,14.6,91.0,1.82,2.0,0,1
489,651894.0,1674.0,378.0,21.2,8.0,5.9,91.0,0.83,2.0,0,1
490,940698.0,1904.0,533.0,21.5,37.0,1.1,86.0,1.45,2.0,0,1
491,846243.0,2090.0,511.0,38.5,5.0,11.5,93.7,1.73,2.0,0,1
492,764137.0,1436.0,200.0,28.7,19.0,8.2,92.6,0.85,2.0,0,1
493,704440.0,1185.0,343.0,30.9,14.0,7.1,90.4,1.29,2.0,0,1
494,741939.0,2555.0,609.0,14.3,56.0,3.8,97.8,1.21,2.0,0,1
495,887095.0,1972.0,503.0,6.3,30.0,1.4,95.0,1.57,2.0,0,1
496,795756.0,2391.0,369.0,11.9,49.0,19.4,93.3,1.84,2.0,0,1
497,623654.0,976.0,227.0,13.3,32.0,3.4,94.7,1.98,2.0,0,1
498,881343.0,2584.0,967.0,17.2,17.0,10.0,95.7,1.47,2.0,0,1
499,760016.0,1222.0,882.0,10.9,28.0,3.5,92.9,1.28,2.0,0,1
500,716200.0,1670.0,683.0,18.2,4.0,23.55,93.4,1.82,2.0,0,1
501,539563.0,1169.0,241.0,27.8,37.0,7.9,86.6,1.28,2.0,0,1
502,741838.0,1463.0,597.0,47.2,0.0,7.3,90.1,1.38,2.0,0,1
503,757238.0,1783.0,927.0,15.0,32.0,8.8,89.6,0.97,2.0,0,1
504,917867.0,1985.0,1073.0,22.3,6.0,1.8,92.8,1.58,2.0,0,1
505,711468.0,1732.0,790.0,33.9,12.0,1.9,94.7,1.25,1.0,0,1
506,682596.0,1581.0,647.0,56.9,33.0,5.1,93.1,1.12,2.0,0,1
507,913151.0,2297.0,480.0,8.8,37.0,8.9,96.5,1.73,2.0,0,1
508,638514.0,1602.0,374.0,38.2,61.0,15.9,90.6,1.0,2.0,0,1
509,909827.0,2145.0,943.0,14.2,5.0,7.2,87.8,1.28,2.0,0,1
510,645150.0,1489.0,515.0,40.1,19.0,3.9,92.4,1.72,2.0,0,1
511,619054.0,1526.0,434.0,22.0,9.0,2.5,85.3,1.26,2.0,0,1
512,770951.0,900.0,884.0,7.9,5.0,5.2,84.6,0.84,2.0,0,1
513,784660.0,1237.0,1025.0,36.8,49.0,3.5,91.1,1.35,2.0,0,1
514,1157299.0,3566.625,1662.0,17.0,71.0,16.3,92.9,1.42,2.0,0,1
515,777047.0,1064.0,200.0,11.6,5.0,11.8,93.5,0.98,2.0,0,1
516,795108.0,1967.0,929.0,41.0,15.0,9.7,92.9,1.73,2.0,0,1
517,641820.0,1863.0,883.0,29.0,4.0,11.6,98.8,1.33,2.0,0,1
518,669552.0,2005.0,311.0,20.3,26.0,6.8,85.7,1.48,2.0,0,1
519,703240.0,968.0,200.0,27.1,12.0,0.5,97.0,1.87,2.0,0,1
520,635596.0,1432.0,612.0,5.0,32.0,18.5,92.2,2.3449999999999998,2.0,0,1
521,939429.0,2912.0,966.0,55.7,54.0,6.4,96.2,0.95,2.0,0,1
522,721585.0,852.0,200.0,3.1,20.0,3.2,90.8,1.0,2.0,0,1
523,834983.0,1707.0,238.0,28.3,4.0,2.8,90.4,0.92,2.0,0,1
524,644564.0,1445.0,364.0,36.1,74.5,10.0,95.9,2.18,2.0,0,1
525,1058031.0,2434.0,1040.0,28.1,16.0,1.8,86.2,1.18,2.0,0,1
526,830038.0,2156.0,692.0,32.2,32.0,0.9,92.2,1.02,2.0,0,1
527,805565.0,1322.0,875.0,10.8,19.0,4.1,89.8,1.48,2.0,0,1
528,825521.0,1387.0,386.0,73.6625,1.0,6.5,87.5,1.32,2.0,0,1
529,738653.0,1352.0,215.0,48.5,23.0,11.7,90.7,1.09,2.0,0,1
530,955530.0,2499.0,847.0,17.1,2.0,2.3,95.9,1.1,2.0,0,1
531,1034780.0,2406.0,1172.0,13.6,19.0,1.1,88.2,1.02,2.0,0,1
532,731690.0,1167.0,866.0,4.7,30.0,16.9,94.7,1.14,2.0,0,1
533,677926.0,1984.0,200.0,43.8,16.0,5.0,92.8,2.14,2.0,0,1
534,939744.0,1937.0,806.0,10.6,9.0,3.0,93.3,1.16,2.0,0,1
535,744747.0,1280.0,649.0,17.2,14.0,2.2,94.3,1.45,2.0,0,1
536,1199565.125,3566.625,1230.0,21.9,10.0,3.9,94.4,1.23,2.0,0,1
537,517007.0,969.0,200.0,47.5,0.0,16.4,91.1,1.67,2.0,0,1
538,631959.0,1411.0,317.0,41.1,2.0,1.5,95.4,1.6,2.0,0,1
539,943543.0,1498.0,446.0,11.8,13.0,1.0,99.0,2.12,2.0,0,1
540,760255.0,1899.0,1041.0,54.9,16.0,1.4,91.0,1.29,2.0,0,1
541,747645.0,1350.0,471.0,20.3,8.0,6.1,92.4,1.35,2.0,0,1
542,618616.0,1430.0,636.0,69.0,31.0,0.5,91.6,1.79,2.0,0,1
543,592578.0,1524.0,240.0,35.2,3.0,5.4,94.2,1.89,1.0,0,1
544,729745.0,2444.0,619.0,32.4,22.0,3.8,92.9,1.78,2.0,0,1
545,657998.0,1468.0,399.0,30.0,21.0,17.4,96.4,1.72,2.0,0,1
546,908621.0,1717.0,760.0,36.5,9.0,9.1,90.4,1.31,2.0,0,1
547,973484.0,2489.0,1014.0,55.6,3.0,2.4,92.5,1.28,1.0,0,1
548,669172.0,1857.0,260.0,7.0,8.0,2.3,94.9,1.01,2.0,0,1
549,952925.0,2743.0,590.0,25.1,6.0,1.1,94.5,0.91,2.0,0,1
550,870904.0,1800.0,941.0,36.2,65.0,5.6,94.8,1.43,2.0,0,1
551,676552.0,1086.0,569.0,52.7,16.0,6.8,95.4,1.98,2.0,0,1
552,868210.0,2018.0,878.0,6.4,74.5,15.1,96.2,1.54,2.0,0,1
553,795886.0,1208.0,480.0,32.2,47.0,1.9,87.8,1.14,2.0,0,1
554,943065.0,1753.0,829.0,3.5,3.0,1.7,94.1,1.47,2.0,0,1
555,615785.0,1313.0,642.0,7.3,3.0,5.6,99.0,1.65,2.0,0,1
556,747628.0,1488.0,223.0,60.4,74.5,3.3,94.7,1.06,2.0,0,1
557,730720.0,1826.0,651.0,31.2,4.0,18.8,90.7,1.23,2.0,0,1
558,736498.0,1662.0,736.0,32.1,34.0,0.5,85.7,1.28,2.0,0,1
559,513717.0,734.0,639.0,44.2,8.0,17.5,92.2,1.48,2.0,0,1
560,702700.0,1814.0,1006.0,21.2,48.0,8.6,90.4,1.48,2.0,0,1
561,675351.0,2180.0,1078.0,20.7,1.0,4.7,83.54999999999998,1.16,1.0,0,1
562,905680.0,2099.0,200.0,35.7,26.0,0.9,96.5,1.47,2.0,0,1
563,986910.0,2214.0,1182.0,36.0,2.0,9.6,95.2,2.04,2.0,0,1
564,793112.0,1736.0,200.0,59.5,18.0,0.5,99.0,1.42,2.0,0,1
565,839330.0,1813.0,206.0,52.4,14.0,6.1,91.0,1.3,2.0,0,1
566,708934.0,1451.0,897.0,46.8,21.0,2.6,93.3,1.63,2.0,0,1
567,939341.0,2819.0,1216.0,38.0,3.0,22.4,92.5,0.96,2.0,0,1
568,643799.0,1262.0,508.0,36.5,11.0,2.5,89.2,1.58,2.0,0,1
569,424732.0,1355.0,200.0,64.5,10.0,6.6,84.7,1.62,2.0,0,1
570,699441.0,2119.0,702.0,40.4,74.5,19.0,91.9,1.37,1.0,0,1
571,780306.0,1609.0,200.0,21.0,30.0,2.2,96.8,1.51,2.0,0,1
572,683468.0,1804.0,694.0,33.9,11.0,3.7,96.2,0.86,2.0,0,1
573,699973.0,1690.0,859.0,35.4,9.0,23.55,91.4,0.98,2.0,0,1
574,891046.0,2910.0,882.0,36.6,31.0,23.55,99.0,1.42,2.0,0,1
575,582306.0,1094.0,734.0,34.3,40.0,6.6,88.7,1.52,2.0,0,1
576,672153.0,1029.0,304.0,9.9,4.0,7.7,87.2,1.7,2.0,0,1
577,785231.0,2116.0,643.0,32.7,2.0,6.2,91.2,1.29,2.0,0,1
578,737666.0,1428.0,797.0,45.6,26.0,1.9,97.3,1.16,2.0,0,1
579,793990.0,2039.0,507.0,57.9,39.0,23.55,92.4,0.68,2.0,0,1
580,720751.0,1759.0,571.0,50.2,74.5,11.2,97.8,1.59,2.0,0,1
581,1154046.0,3566.625,1539.0,39.3,6.0,0.5,94.0,1.29,2.0,0,1
582,623011.0,2336.0,791.0,36.2,74.5,2.9,94.3,1.46,2.0,0,1
583,648541.0,1434.0,803.0,31.5,6.0,21.8,91.3,1.64,1.0,0,1
584,626580.0,937.0,237.0,30.9,50.0,20.3,96.4,1.45,2.0,0,1
585,696182.0,903.0,383.0,31.8,2.0,5.2,94.1,1.85,2.0,0,1
586,638502.0,1178.0,379.0,22.7,9.0,6.6,91.3,1.6,1.0,0,1
587,822328.0,2209.0,1171.0,7.0,4.0,16.8,95.5,1.33,2.0,0,1
588,1169814.0,3170.0,1564.0,20.3,18.0,7.3,93.1,0.56,2.0,0,1
589,594148.0,1867.0,626.0,34.9,21.0,15.7,88.5,1.35,1.0,0,1
590,750311.0,1314.0,535.0,15.7,0.0,0.5,93.9,1.52,2.0,0,1
591,595704.0,1161.0,300.0,11.3,26.0,14.9,93.6,1.7,1.0,0,1
592,944209.0,2455.0,200.0,39.3,13.0,6.2,88.8,1.29,2.0,0,1
593,860230.0,1930.0,303.0,20.8,11.0,2.5,97.8,1.23,2.0,0,1
594,1049932.0,2774.0,954.0,7.8,16.0,4.3,97.5,1.3,1.0,0,1
595,995755.0,2284.0,910.0,30.7,40.0,4.1,96.0,1.63,2.0,0,1
596,624132.0,966.0,436.0,9.4,27.0,10.2,95.1,1.49,2.0,0,1
597,643466.0,2033.0,1366.0,23.8,69.0,23.55,89.5,1.21,2.0,0,1
598,691846.0,1518.0,357.0,56.2,28.0,0.5,90.4,1.11,2.0,0,1
599,964447.0,2283.0,1460.0,39.3,39.0,7.8,96.4,1.66,2.0,0,1
600,529438.0,984.0,1092.0,38.2,20.0,5.1,93.9,1.47,2.0,0,1
601,695625.0,1277.0,326.0,22.4,2.0,5.0,95.5,1.05,2.0,0,1
602,932759.0,2116.0,485.0,24.2,15.0,5.3,88.3,1.53,2.0,0,1
603,809817.0,2368.0,646.0,52.7,46.0,3.9,94.5,1.44,2.0,0,1
604,731489.0,1648.0,200.0,10.8,35.0,6.0,92.6,2.2,2.0,0,1
605,598970.0,1460.0,236.0,73.6625,15.0,9.0,96.5,1.7,2.0,0,1
606,634971.0,1356.0,1117.0,52.8,8.0,23.55,93.3,1.12,2.0,0,1
607,849725.0,2161.0,326.0,35.2,40.0,1.7,90.1,1.8,2.0,0,1
608,819177.0,2260.0,686.0,35.8,16.0,0.5,87.5,1.49,2.0,0,1
609,876516.0,2170.0,588.0,23.3,28.0,5.2,92.2,1.78,2.0,0,1
610,738540.0,2456.0,464.0,22.2,74.5,3.3,97.4,1.58,2.0,0,1
611,944233.0,3374.0,805.0,44.6,18.0,8.1,92.1,0.8,2.0,0,1
612,854594.0,2143.0,292.0,13.6,61.0,0.5,90.9,0.92,2.0,0,1
613,859729.0,2086.0,427.0,22.0,1.0,8.0,93.0,1.86,2.0,0,1
614,664090.0,1450.0,650.0,8.2,47.0,0.9,91.2,0.96,2.0,0,1
615,962709.0,2099.0,868.0,6.2,1.0,3.1,90.7,1.4,2.0,0,1
616,757053.0,2113.0,789.0,12.3,13.0,23.3,92.8,1.37,2.0,0,1
617,748267.0,1572.0,787.0,59.7,1.0,23.55,92.8,1.7,2.0,0,1
618,767178.0,1804.0,1801.5,22.7,12.0,8.1,94.9,1.47,2.0,0,1
619,620446.0,847.0,336.0,33.6,21.0,1.5,89.5,1.22,2.0,0,1
620,883188.0,1331.0,936.0,7.7,9.0,2.2,88.7,1.46,2.0,0,1
621,689091.0,1116.0,870.0,20.8,33.0,23.55,97.0,1.92,2.0,0,1
622,629038.0,1492.0,364.0,21.2,11.0,9.8,93.4,1.53,2.0,0,1
623,643701.0,990.0,948.0,13.5,0.0,0.5,96.5,1.24,2.0,0,1
624,909948.0,2774.0,1410.0,34.8,59.0,1.5,98.1,1.67,2.0,0,1
625,758814.0,1972.0,710.0,28.1,54.0,10.8,93.0,1.5,2.0,0,1
626,883269.0,2030.0,210.0,22.1,26.0,6.4,92.0,0.85,2.0,0,1
627,845410.0,1661.0,879.0,23.0,18.0,0.5,94.3,1.72,2.0,0,1
628,640583.0,1303.0,721.0,26.0,53.0,1.9,97.4,1.47,2.0,0,1
629,563154.0,943.0,200.0,51.2,27.0,2.6,96.5,1.39,2.0,0,1
630,544445.0,1066.0,557.0,70.4,56.0,0.5,90.7,1.32,2.0,0,1
631,815053.0,1748.0,320.0,48.9,2.0,12.1,91.4,1.41,2.0,0,1
632,727691.0,1487.0,297.0,44.8,35.0,6.6,95.8,1.14,2.0,0,1
633,700908.0,1637.0,200.0,22.2,19.0,4.9,88.6,1.31,2.0,0,1
634,1021304.0,3233.0,1265.0,23.7,19.0,18.4,90.9,1.53,2.0,0,1
635,564910.0,1142.0,200.0,26.7,71.0,10.8,98.2,1.26,2.0,0,1
636,976343.0,2391.0,727.0,28.7,25.0,7.7,94.3,0.8,2.0,0,1
637,659931.0,1204.0,957.0,39.0,9.0,16.4,97.2,0.88,2.0,0,1
638,782775.0,1306.0,544.0,10.5,1.0,1.2,91.1,1.69,2.0,0,1
639,724235.0,1661.0,500.0,71.1,6.0,0.6,94.0,1.74,2.0,0,1
640,626369.0,1761.0,410.0,24.7,7.0,9.8,92.2,1.75,2.0,0,1
641,687033.0,1693.0,573.0,23.9,51.0,11.0,92.3,1.11,2.0,0,1
642,731012.0,1948.0,200.0,28.7,9.0,2.0,96.0,1.44,2.0,0,1
643,809249.0,1582.0,200.0,11.3,10.0,22.4,92.2,0.78,2.0,0,1
644,938522.0,2403.0,1288.0,13.7,54.0,4.7,93.4,1.5,2.0,0,1
645,708431.0,1545.0,671.0,38.0,11.0,12.1,86.5,1.53,2.0,0,1
646,899718.0,1509.0,200.0,17.3,17.0,3.8,83.54999999999998,1.04,2.0,0,1
647,923539.0,1658.0,869.0,13.7,1.0,2.7,95.7,1.72,2.0,0,1
648,862322.0,1368.0,815.0,15.8,12.0,9.1,91.7,1.62,2.0,0,1
649,766278.0,2123.0,609.0,66.5,2.0,6.5,93.9,1.11,2.0,0,1
650,817911.0,2131.0,544.0,28.2,37.0,5.0,98.5,1.1,2.0,0,1
651,841742.0,1167.0,200.0,22.3,7.0,8.8,88.2,1.12,2.0,0,1
652,760193.0,2456.0,810.0,41.7,25.0,13.0,97.9,0.68,2.0,0,1
653,734305.0,1378.0,368.0,53.4,3.0,10.7,92.5,1.37,2.0,0,1
654,697519.0,2993.0,1085.0,49.9,22.0,23.55,95.1,1.82,1.0,0,1
655,773839.0,1456.0,515.0,15.9,24.0,9.5,90.0,1.47,2.0,0,1
656,972658.0,3286.0,1268.0,47.2,54.0,1.6,94.0,1.3,2.0,0,1
657,774252.0,1485.0,312.0,27.2,7.0,4.0,92.8,1.41,2.0,0,1
658,752154.0,2432.0,843.0,38.0,25.0,2.5,95.2,1.32,2.0,0,1
659,615661.0,1515.0,610.0,33.9,18.0,1.7,96.1,1.32,2.0,0,1
660,1001644.0,2983.0,1498.0,16.9,39.0,3.2,90.3,0.86,2.0,0,1
661,841885.0,2374.0,747.0,20.9,66.0,8.5,94.8,1.47,2.0,0,1
662,672148.0,2198.0,963.0,64.1,25.0,23.55,91.8,1.39,2.0,0,1
663,950966.0,2181.0,529.0,7.2,14.0,0.5,91.3,1.54,2.0,0,1
664,607005.0,1646.0,200.0,37.8,15.0,4.3,83.54999999999998,1.55,2.0,0,1
665,695189.0,1723.0,589.0,13.4,14.0,13.6,87.7,1.21,2.0,0,1
666,854389.0,2019.0,1243.0,24.3,3.0,3.9,89.7,1.98,2.0,0,1
667,714509.0,1305.0,200.0,26.8,43.0,0.5,91.3,1.09,2.0,0,1
668,966182.0,2482.0,934.0,29.3,26.0,2.6,92.0,1.83,2.0,0,1
669,764331.0,1404.0,267.0,8.7,8.0,2.9,89.8,1.05,2.0,0,1
670,669625.0,1668.0,680.0,42.1,58.0,5.1,89.7,1.35,2.0,0,1
671,1199565.125,3566.625,1538.0,2.8,34.0,3.8,95.7,0.91,2.0,0,1
672,767510.0,1824.0,986.0,20.5,5.0,11.5,92.9,1.6,2.0,0,1
673,733356.0,1084.0,291.0,21.2,18.0,12.3,99.0,1.41,2.0,0,1
674,782938.0,2552.0,1057.0,52.8,35.0,13.1,94.5,1.39,1.0,0,1
675,810117.0,2050.0,672.0,2.6,74.5,3.0,97.8,1.14,2.0,0,1
676,886405.0,2642.0,1119.0,28.1,29.0,0.8,90.9,1.45,2.0,0,1
677,762413.0,1446.0,885.0,10.7,9.0,9.4,91.2,1.52,2.0,0,1
678,800651.0,1837.0,1097.0,69.6,0.0,1.1,99.0,2.0,2.0,0,1
679,818301.0,1187.0,451.0,19.5,7.0,4.4,91.4,1.29,2.0,0,1
680,1199565.125,2812.0,722.0,11.8,10.0,0.5,93.4,1.91,2.0,0,1
681,984270.0,2274.0,807.0,12.4,39.0,9.7,94.9,1.87,2.0,0,1
682,825885.0,2007.0,831.0,6.5,7.0,7.4,90.5,1.29,2.0,0,1
683,1024066.0,3263.0,1484.0,21.4,5.0,3.9,90.3,1.19,2.0,0,1
684,1062410.0,2619.0,980.0,45.9,9.0,0.9,99.0,1.16,2.0,0,1
685,864968.0,2502.0,788.0,51.0,0.0,9.2,93.3,2.31,2.0,0,1
686,460359.0,1254.0,366.0,25.4,56.0,9.1,88.1,1.18,1.0,0,1
687,736882.0,2069.0,937.0,15.1,37.0,8.1,93.6,1.61,2.0,0,1
688,796917.0,1433.0,200.0,32.5,2.0,9.4,97.5,1.43,2.0,0,1
689,802796.0,1810.0,706.0,16.5,11.0,2.4,95.4,2.02,2.0,0,1
690,654387.0,1310.0,980.0,8.6,63.0,11.4,93.0,1.29,2.0,0,1
691,835271.0,2218.0,1318.0,53.4,16.0,12.1,92.5,1.57,2.0,0,1
692,649296.0,1292.0,232.0,18.0,35.0,0.6,93.3,1.46,2.0,0,1
693,601069.0,1115.0,200.0,27.7,43.0,3.1,90.6,0.5,2.0,0,1
694,694417.0,2241.0,200.0,25.3,3.0,4.7,94.8,1.51,2.0,0,1
695,856787.0,2207.0,775.0,20.6,47.0,10.6,95.5,0.98,2.0,0,1
696,705596.0,1265.0,200.0,2.7,2.0,1.9,88.9,1.18,2.0,0,1
697,841001.0,2034.0,718.0,27.1,1.0,0.5,93.2,1.09,2.0,0,1
698,760562.0,1604.0,1245.0,29.0,63.0,0.9,95.1,1.59,2.0,0,1
699,793764.0,2024.0,1122.0,54.9,49.0,1.0,97.3,1.4,2.0,0,1
700,888078.0,2346.0,715.0,33.1,23.0,1.0,94.1,1.25,2.0,0,1
701,1011062.0,2230.0,1238.0,9.7,7.0,3.0,92.1,1.49,2.0,0,1
702,646026.0,1717.0,437.0,13.0,11.0,12.2,92.2,1.08,2.0,0,1
703,1015354.0,2628.0,699.0,20.4,21.0,17.2,91.7,2.04,2.0,0,1
704,828533.0,2238.0,933.0,36.2,50.0,1.3,93.3,1.68,2.0,0,1
705,780426.0,1964.0,867.0,23.3,6.0,7.5,87.6,1.25,2.0,0,1
706,720363.0,2144.0,1150.0,61.8,63.0,2.4,97.2,1.64,2.0,0,1
707,570624.0,1103.0,489.0,28.5,17.0,3.0,91.4,1.59,2.0,0,1
708,957341.0,2454.0,602.0,6.1,15.0,5.1,89.0,0.78,2.0,0,1
709,703271.0,1508.0,200.0,47.2,23.0,10.5,91.7,0.55,2.0,0,1
710,700914.0,1243.0,309.0,9.3,36.0,14.4,89.5,1.66,2.0,0,1
711,1199565.125,3566.625,1754.0,6.3,6.0,5.2,96.7,1.36,2.0,0,1
712,578224.0,1388.0,311.0,51.3,26.0,12.6,99.0,1.15,2.0,0,1
713,828111.0,1495.0,483.0,25.2,6.0,4.4,95.3,1.52,2.0,0,1
714,1114706.0,3101.0,656.0,20.8,27.0,13.4,97.3,1.41,2.0,0,1
715,771033.0,2427.0,897.0,56.7,19.0,18.7,90.3,2.23,2.0,0,1
716,952847.0,2188.0,725.0,3.5,23.0,2.4,97.3,1.36,2.0,0,1
717,395255.0,743.0,566.0,37.6,48.0,4.7,93.6,0.77,2.0,0,1
718,787679.0,2462.0,254.0,24.5,6.0,3.1,91.8,1.16,2.0,0,1
719,864842.0,2399.0,1094.0,32.3,3.0,2.8,93.7,1.2,2.0,0,1
720,859931.0,2111.0,375.0,30.2,18.0,9.7,90.9,1.45,2.0,0,1
721,724509.0,1516.0,987.0,14.2,7.0,9.3,95.9,1.22,2.0,0,1
722,823030.0,1654.0,554.0,20.3,40.0,13.5,89.8,1.03,2.0,0,1
723,923057.0,1762.0,495.0,61.2,7.0,2.1,93.9,1.42,2.0,0,1
724,710439.0,1518.0,200.0,29.5,4.0,1.4,91.5,1.59,1.0,0,1
725,608631.0,1375.0,252.0,19.5,12.0,3.2,93.3,1.68,2.0,0,1
726,752522.0,1534.0,1098.0,26.8,22.0,8.5,90.9,1.7,2.0,0,1
727,787857.0,2217.0,233.0,1.5,29.0,0.5,89.7,1.83,2.0,0,1
728,784337.0,1481.0,1045.0,48.6,13.0,3.7,87.7,1.88,2.0,0,1
729,793828.0,1780.0,1086.0,21.2,34.0,23.55,99.0,1.3,2.0,0,1
730,1199565.125,3566.625,1587.0,22.8,11.0,11.3,95.6,0.76,2.0,0,1
731,949972.0,1750.0,200.0,3.2,31.0,4.0,91.8,1.18,2.0,0,1
732,789600.0,1609.0,1112.0,20.9,3.0,0.8,93.9,1.09,2.0,0,1
733,770482.0,2131.0,1057.0,36.4,74.5,3.7,91.9,1.41,2.0,0,1
734,571180.0,917.0,553.0,15.1,23.0,4.3,86.8,1.53,2.0,0,1
735,796077.0,1767.0,227.0,27.5,24.0,1.9,92.1,1.24,2.0,0,1
736,932069.0,3268.0,1431.0,7.9,8.0,23.55,92.9,1.17,2.0,0,1
737,1063046.0,2785.0,1563.0,30.9,35.0,6.8,92.4,1.33,2.0,0,1
738,967552.0,2511.0,593.0,6.0,51.0,2.5,98.0,0.57,2.0,0,1
739,764947.0,1653.0,200.0,8.7,8.0,3.2,88.4,0.95,2.0,0,1
740,574496.0,1196.0,234.0,52.3,53.0,18.2,97.0,1.19,2.0,0,1
741,582959.0,1490.0,447.0,46.1,21.0,12.8,87.0,1.18,2.0,0,1
742,736986.0,2757.0,768.0,8.1,52.0,22.0,90.2,1.33,2.0,0,1
743,707155.0,1224.0,647.0,10.6,10.0,13.6,90.5,1.85,2.0,0,1
744,875847.0,2077.0,666.0,28.6,25.0,3.6,91.2,0.99,2.0,0,1
745,813934.0,1320.0,200.0,8.6,46.0,3.3,96.0,1.19,2.0,0,1
746,605313.0,867.0,446.0,11.0,58.0,1.8,95.5,1.7,2.0,0,1
747,645058.0,1994.0,803.0,44.3,19.0,14.1,94.7,1.44,1.0,0,1
748,565720.0,822.0,317.0,48.9,1.0,8.6,96.7,0.9,2.0,0,1
749,864337.0,2113.0,768.0,13.0,11.0,2.3,94.4,1.29,1.0,0,1
750,818326.0,1511.0,795.0,11.0,20.0,23.55,92.9,1.19,2.0,0,1
751,962145.0,2926.0,902.0,18.8,32.0,13.9,95.9,1.51,2.0,0,1
752,932735.0,2058.0,470.0,39.2,1.0,4.0,93.1,1.35,2.0,0,1
753,882390.0,2355.0,505.0,13.5,34.0,16.1,92.2,1.63,2.0,0,1
754,737079.0,1990.0,1060.0,53.8,71.0,3.0,94.7,1.09,2.0,0,1
755,1095031.0,3438.0,1294.0,23.6,15.0,2.5,92.5,2.1,2.0,0,1
756,608931.0,1400.0,740.0,33.5,22.0,11.3,92.5,1.19,2.0,0,1
757,833524.0,1966.0,714.0,62.7,1.0,0.5,98.8,1.27,2.0,0,1
758,956912.0,3127.0,881.0,24.3,66.0,2.0,92.3,2.1,2.0,0,1
759,638252.0,1319.0,322.0,34.8,9.0,5.1,88.0,1.73,2.0,0,1
760,640978.0,1014.0,200.0,40.4,58.0,11.4,93.2,1.49,2.0,0,1
761,819083.0,1529.0,812.0,25.6,18.0,3.1,93.7,0.88,2.0,0,1
762,781956.0,1205.0,437.0,26.2,0.0,0.7,86.6,0.91,2.0,0,1
763,700589.0,700.0,200.0,42.3,2.0,11.6,95.5,1.44,2.0,0,1
764,524004.0,1017.0,200.0,44.2,33.0,0.5,89.3,1.25,2.0,0,1
765,621800.0,1349.0,478.0,32.1,8.0,19.7,95.6,1.41,2.0,0,1
766,859110.0,1644.0,592.0,10.9,43.0,1.1,89.8,1.22,2.0,0,1
767,951291.0,1930.0,1458.0,12.7,3.0,3.4,88.6,2.0,2.0,0,1
768,938455.0,2810.0,884.0,62.0,13.0,7.5,93.8,1.17,2.0,0,1
769,724504.0,2326.0,200.0,44.2,27.0,7.5,90.3,1.16,1.0,0,1
770,811055.0,1724.0,630.0,4.0,13.0,4.9,87.5,1.36,2.0,0,1
771,1199565.125,3566.625,1801.5,20.1,8.0,3.0,98.3,1.45,1.0,0,1
772,738360.0,1705.0,266.0,3.1,10.0,16.3,91.8,0.97,2.0,0,1
773,696719.0,1332.0,200.0,13.5,1.0,1.3,95.8,1.87,2.0,0,1
774,666661.0,1128.0,458.0,24.1,2.0,0.5,84.5,1.57,2.0,0,1
775,804094.0,2134.0,961.0,53.9,17.0,8.2,92.7,2.06,2.0,0,1
776,592829.0,1047.0,354.0,73.6625,3.0,1.1,91.3,1.19,2.0,0,1
777,948798.0,2863.0,1278.0,39.3,11.0,1.9,91.4,1.45,1.0,0,1
778,631950.0,1467.0,520.0,46.6,13.0,1.7,86.0,1.48,2.0,0,1
779,875917.0,2589.0,724.0,21.1,3.0,7.9,88.4,1.41,2.0,0,1
780,758336.0,1058.0,587.0,37.6,4.0,23.55,88.9,1.52,2.0,0,1
781,779504.0,2110.0,695.0,26.9,74.5,2.0,98.0,1.37,2.0,0,1
782,915992.0,1838.0,1100.0,16.0,37.0,1.1,94.7,0.59,2.0,0,1
783,911852.0,1902.0,630.0,4.2,8.0,1.5,93.1,1.3,2.0,0,1
784,813831.0,2737.0,796.0,53.8,42.0,18.7,96.1,2.07,2.0,0,1
785,610681.0,1334.0,551.0,20.7,6.0,3.3,86.7,1.68,2.0,0,1
786,889241.0,1933.0,1235.0,7.7,18.0,2.4,89.6,1.57,2.0,0,1
787,729342.0,1496.0,600.0,23.4,4.0,17.2,92.8,1.56,2.0,0,1
788,667399.0,2184.0,918.0,54.1,13.0,23.55,86.3,0.72,2.0,0,1
789,990606.0,2740.0,1400.0,18.9,4.0,12.3,91.3,1.18,1.0,0,1
790,722971.0,1687.0,309.0,32.4,10.0,1.7,94.0,1.11,2.0,0,1
791,940339.0,2006.0,1248.0,10.4,1.0,23.55,83.54999999999998,1.5,2.0,0,1
792,671781.0,1765.0,894.0,37.7,22.0,23.55,93.1,0.79,2.0,0,1
793,739929.0,1893.0,200.0,35.7,23.0,2.3,94.7,1.34,2.0,0,1
794,847761.0,2208.0,562.0,26.6,15.0,3.5,97.1,1.09,1.0,0,1
795,890263.0,2205.0,829.0,15.0,12.0,9.6,95.3,1.23,2.0,0,1
796,663968.0,1405.0,200.0,5.7,33.0,11.2,96.4,1.28,2.0,0,1
797,1199565.125,3206.0,1070.0,14.3,5.0,0.5,90.9,1.36,2.0,0,1
798,821119.0,2199.0,1476.0,25.3,30.0,12.2,95.9,1.42,2.0,0,1
799,778507.0,1620.0,407.0,9.3,19.0,4.2,88.0,0.96,2.0,0,1
800,809754.0,2063.0,607.0,36.3,41.0,1.3,91.0,1.95,2.0,0,1
801,689413.0,1966.0,940.0,57.0,46.0,6.5,90.3,1.42,2.0,0,1
802,856895.0,2598.0,644.0,49.0,35.0,5.7,88.8,1.06,2.0,0,1
803,494583.0,982.0,200.0,24.0,10.0,7.6,94.8,1.77,2.0,0,1
804,951512.0,3037.0,1192.0,17.1,6.0,16.7,91.3,1.03,2.0,0,1
805,760490.0,2102.0,888.0,49.3,16.0,0.8,93.8,1.65,2.0,0,1
806,881284.0,2511.0,864.0,51.0,6.0,5.0,90.6,1.53,2.0,0,1
807,698393.0,1403.0,776.0,5.4,24.0,8.0,92.0,1.12,1.0,0,1
808,583663.0,1315.0,200.0,22.2,37.0,6.4,96.7,1.01,2.0,0,1
809,616477.0,1582.0,462.0,37.3,6.0,5.9,96.9,1.77,2.0,0,1
810,645751.0,700.0,657.0,24.9,1.0,0.5,92.4,0.61,2.0,0,1
811,609512.0,1579.0,200.0,50.4,10.0,4.5,83.54999999999998,1.65,2.0,0,1
812,749582.0,1167.0,446.0,55.1,9.0,2.4,93.2,1.73,2.0,0,1
813,738625.0,1202.0,966.0,23.2,24.0,8.4,91.4,1.12,2.0,0,1
814,657078.0,1902.0,636.0,58.4,14.0,12.6,93.2,1.21,2.0,0,1
815,836657.0,1383.0,369.0,35.1,6.0,4.6,94.0,1.48,2.0,0,1
816,705798.0,1223.0,391.0,44.6,15.0,3.9,88.3,1.54,2.0,0,1
817,896308.0,2868.0,1677.0,20.4,34.0,17.8,98.8,1.14,2.0,0,1
818,975784.0,2310.0,1184.0,17.7,5.0,1.0,93.8,2.16,1.0,0,1
819,389723.0,932.0,503.0,18.0,42.0,23.55,99.0,0.77,2.0,0,1
820,812517.0,2098.0,740.0,38.8,19.0,22.9,94.9,0.91,2.0,0,1
821,542447.0,1290.0,970.0,50.7,52.0,5.5,91.6,1.49,2.0,0,1
822,684093.0,1373.0,772.0,37.9,74.5,6.3,87.4,1.07,2.0,0,1
823,787171.0,2346.0,761.0,49.6,23.0,2.7,88.3,1.96,1.0,0,1
824,1015017.0,2908.0,1348.0,19.6,16.0,8.4,86.4,1.03,2.0,0,1
825,825824.0,1776.0,369.0,29.4,18.0,0.5,98.6,1.18,2.0,0,1
826,1024360.0,2561.0,1702.0,24.2,25.0,1.0,95.3,2.05,2.0,0,1
827,780991.0,1808.0,252.0,42.6,4.0,10.0,91.6,1.43,2.0,0,1
828,1043773.0,2607.0,1235.0,37.9,26.0,2.2,92.5,1.48,2.0,0,1
829,814980.0,2101.0,823.0,9.6,34.0,2.6,97.3,1.04,2.0,0,1
830,772510.0,1998.0,245.0,15.4,6.0,6.2,94.4,1.82,2.0,0,1
831,947890.0,2976.0,1291.0,33.3,9.0,0.5,87.5,1.14,2.0,0,1
832,539754.0,1656.0,200.0,21.2,37.0,23.55,88.9,1.34,2.0,0,1
833,861254.0,1829.0,609.0,2.1,4.0,5.9,83.9,1.59,2.0,0,1
834,911485.0,2714.0,757.0,9.9,10.0,3.5,94.0,0.91,2.0,0,1
835,1024530.0,2317.0,395.0,8.3,5.0,1.6,95.8,1.04,2.0,0,1
836,779272.0,2185.0,343.0,30.4,10.0,1.7,87.2,1.37,2.0,0,1
837,592965.0,1819.0,472.0,63.9,45.0,10.9,94.1,1.82,2.0,0,1
838,593183.0,847.0,526.0,10.1,6.0,8.0,87.4,2.3449999999999998,2.0,0,1
839,764143.0,1604.0,647.0,12.1,39.0,10.5,97.0,1.44,2.0,0,1
840,517944.0,754.0,200.0,49.0,28.0,5.2,92.2,1.26,2.0,0,1
841,721832.0,2026.0,1270.0,48.0,38.0,12.6,91.2,1.14,2.0,0,1
842,1199565.125,3237.0,1012.0,28.1,5.0,1.3,98.6,1.0,2.0,0,1
843,545503.0,1293.0,230.0,27.0,65.0,15.4,94.3,1.32,2.0,0,1
844,480483.0,1202.0,200.0,37.2,35.0,7.7,95.9,1.56,2.0,0,1
845,813665.0,2646.0,633.0,37.7,20.0,11.1,96.5,1.21,2.0,0,1
846,851622.0,2043.0,1080.0,53.4,14.0,4.8,92.6,1.31,2.0,0,1
847,804259.0,1800.0,1294.0,24.6,22.0,13.8,90.1,0.88,2.0,0,1
848,640869.0,1586.0,420.0,41.6,7.0,3.1,91.0,1.4,2.0,0,1
849,817557.0,1766.0,1257.0,26.1,12.0,12.8,95.1,1.05,2.0,0,1
850,844427.0,1465.0,200.0,32.6,17.0,0.8,92.2,1.22,2.0,0,1
851,628540.0,1228.0,302.0,42.5,6.0,18.0,94.1,1.32,2.0,0,1
852,1002543.0,3140.0,1276.0,10.3,6.0,13.6,92.7,1.43,2.0,0,1
853,891086.0,2938.0,204.0,25.7,41.0,15.1,93.1,1.27,2.0,0,1
854,464380.0,1125.0,200.0,29.4,61.0,23.55,90.6,0.8,2.0,0,1
855,705080.0,1709.0,798.0,43.7,12.0,15.5,93.0,1.3,1.0,0,1
856,726108.0,1629.0,643.0,22.3,11.0,0.9,97.2,1.31,2.0,0,1
857,1199565.125,3141.0,1084.0,3.2,1.0,4.2,91.7,0.91,2.0,0,1
858,830428.0,2283.0,569.0,8.4,24.0,13.6,95.4,1.74,2.0,0,1
859,733659.0,1716.0,200.0,33.8,32.0,9.5,94.5,1.42,2.0,0,1
860,664560.0,1849.0,578.0,58.1,6.0,9.0,94.1,1.77,2.0,0,1
861,775983.0,1699.0,793.0,24.8,7.0,8.5,86.6,1.22,2.0,0,1
862,708354.0,1916.0,875.0,73.6625,40.0,2.6,99.0,1.36,2.0,0,1
863,753491.0,2071.0,984.0,28.9,34.0,2.5,85.4,1.86,2.0,0,1
864,1054557.0,3388.0,852.0,53.3,20.0,0.8,90.9,1.22,2.0,0,1
865,1179332.0,3566.625,1317.0,11.3,7.0,11.2,97.8,1.13,2.0,0,1
866,502339.0,1353.0,358.0,53.8,74.5,2.6,90.5,1.62,2.0,0,1
867,823321.0,1850.0,200.0,21.8,11.0,18.0,95.2,1.88,2.0,0,1
868,748481.0,1036.0,793.0,9.1,3.0,2.2,88.9,0.81,2.0,0,1
869,791082.0,2148.0,1376.0,41.2,11.0,6.6,97.0,0.96,2.0,0,1
870,693364.0,742.0,296.0,39.9,11.0,2.3,96.5,1.47,2.0,0,1
871,714441.0,1421.0,1054.0,15.0,36.0,2.5,93.1,1.29,2.0,0,1
872,736785.0,1563.0,295.0,23.6,29.0,8.7,92.9,1.28,2.0,0,1
873,1128582.0,3566.625,1349.0,24.6,10.0,1.0,93.8,1.75,2.0,0,1
874,607818.0,1345.0,682.0,30.4,41.0,7.4,92.1,1.25,2.0,0,1
875,878411.0,2416.0,657.0,16.6,5.0,15.1,89.6,1.31,2.0,0,1
876,613474.0,1752.0,200.0,15.2,31.0,14.9,89.7,1.0,1.0,0,1
877,767292.0,2089.0,304.0,55.6,12.0,1.5,88.1,0.5,2.0,0,1
878,805823.0,2612.0,702.0,40.3,1.0,2.7,92.7,1.43,2.0,0,1
879,777203.0,1739.0,723.0,27.3,74.5,4.2,87.0,1.37,2.0,0,1
880,1177100.0,3566.625,1124.0,34.7,0.0,2.8,93.5,1.98,2.0,0,1
881,511758.0,1452.0,282.0,20.2,19.0,15.5,93.5,1.75,2.0,0,1
882,728957.0,2296.0,505.0,65.2,31.0,18.7,92.0,1.33,2.0,0,1
883,962715.0,1731.0,329.0,11.5,23.0,2.4,97.3,1.36,2.0,0,1
884,676787.0,1358.0,200.0,5.3,3.0,1.6,94.1,0.75,2.0,0,1
885,854688.0,1160.0,899.0,8.5,13.0,0.5,89.1,1.16,2.0,0,1
886,666274.0,700.0,200.0,19.4,62.0,4.0,99.0,1.37,2.0,0,1
887,1037191.0,3497.0,1801.5,27.3,63.0,3.3,87.5,1.58,2.0,0,1
888,747629.0,1914.0,760.0,10.6,6.0,11.3,95.9,1.0,2.0,0,1
889,825849.0,1148.0,883.0,29.0,7.0,1.7,95.8,0.75,2.0,0,1
890,881803.0,2695.0,1130.0,11.2,68.0,11.2,94.6,1.1,2.0,0,1
891,718714.0,2272.0,1269.0,35.3,16.0,2.6,96.9,1.37,2.0,0,1
892,665892.0,1029.0,688.0,45.2,15.0,1.6,89.0,1.6,2.0,0,1
893,719524.0,1605.0,807.0,42.7,14.0,23.55,89.1,1.58,2.0,0,1
894,868498.0,1492.0,200.0,5.7,40.0,14.8,97.0,1.19,2.0,0,1
895,675795.0,1589.0,200.0,35.6,12.0,5.8,93.9,0.58,2.0,0,1
896,1100968.0,2721.0,1131.0,21.7,2.0,8.1,99.0,1.99,2.0,0,1
897,651889.0,1510.0,480.0,35.6,21.0,5.5,89.6,1.54,2.0,0,1
898,502939.0,1113.0,799.0,33.0,74.5,4.6,88.0,1.39,1.0,0,1
899,1000980.0,2015.0,703.0,8.8,14.0,6.2,88.1,1.18,2.0,0,1
900,835921.0,2760.0,693.0,26.2,31.0,7.3,90.7,1.54,2.0,0,1
901,659158.0,976.0,635.0,11.8,15.0,0.5,87.0,1.45,2.0,0,1
902,608997.0,1363.0,647.0,48.8,23.0,4.0,90.7,1.66,2.0,0,1
903,1071249.0,2146.0,752.0,20.4,0.0,4.4,88.2,1.73,2.0,0,1
904,582148.0,1468.0,244.0,69.1,34.0,2.3,99.0,1.25,2.0,0,1
905,628493.0,1355.0,588.0,10.6,2.0,7.5,87.8,1.8,1.0,0,1
906,747387.0,1769.0,227.0,9.4,18.0,13.5,92.4,0.92,2.0,0,1
907,762388.0,1235.0,339.0,19.2,2.0,0.8,89.5,2.19,2.0,0,1
908,615605.0,3007.0,1111.0,59.4,74.5,23.55,91.8,1.12,2.0,0,1
909,701500.0,1220.0,316.0,39.1,8.0,8.1,95.6,1.57,2.0,0,1
910,792025.0,2032.0,895.0,27.0,60.0,4.6,96.6,0.71,2.0,0,1
911,819037.0,1953.0,653.0,39.4,3.0,1.3,91.3,1.04,2.0,0,1
912,746782.0,1947.0,200.0,19.2,15.0,1.4,92.7,1.18,2.0,0,1
913,763686.0,2470.0,699.0,22.5,31.0,23.55,97.3,0.69,2.0,0,1
914,831811.0,1173.0,975.0,6.5,14.0,9.4,91.3,1.49,2.0,0,1
915,629822.0,1145.0,422.0,24.9,18.0,2.2,90.8,1.3,2.0,0,1
916,1027086.0,2797.0,1493.0,3.2,19.0,0.6,89.2,1.48,2.0,0,1
917,625097.0,1399.0,447.0,32.3,19.0,22.7,96.9,1.3,2.0,0,1
918,1199565.125,3566.625,1163.0,27.4,8.0,3.9,94.2,1.09,2.0,0,1
919,857566.0,2367.0,1129.0,20.1,74.5,4.2,99.0,1.54,2.0,0,1
920,633909.0,1365.0,606.0,12.5,74.5,5.6,92.2,1.48,2.0,0,1
921,752490.0,1691.0,200.0,36.2,12.0,0.5,91.7,1.77,2.0,0,1
922,689371.0,2067.0,1268.0,27.7,74.5,7.2,93.8,1.43,2.0,0,1
923,742570.0,1830.0,625.0,21.2,50.0,8.5,90.1,1.64,2.0,0,1
924,1124681.0,3497.0,406.0,32.1,13.0,7.4,94.6,1.73,2.0,0,1
925,1025094.0,2352.0,706.0,25.4,37.0,7.0,87.4,1.17,2.0,0,1
926,850698.0,1657.0,529.0,57.7,9.0,0.5,95.2,1.55,2.0,0,1
927,612571.0,1599.0,922.0,23.8,63.0,5.5,97.4,1.69,2.0,0,1
928,961058.0,2049.0,1016.0,13.0,15.0,0.8,95.9,1.85,2.0,0,1
929,811667.0,1778.0,989.0,34.7,13.0,10.6,92.3,1.65,2.0,0,1
930,902032.0,1939.0,519.0,38.3,27.0,5.0,93.6,1.44,2.0,0,1
931,750365.0,2367.0,200.0,20.0,15.0,21.0,97.2,1.32,2.0,0,1
932,685763.0,1548.0,1027.0,23.1,13.0,11.7,87.0,1.68,2.0,0,1
933,945043.0,2183.0,286.0,11.3,14.0,1.1,93.0,1.25,2.0,0,1
934,827944.0,1897.0,720.0,45.2,2.0,0.5,91.3,1.65,2.0,0,1
935,562480.0,867.0,531.0,52.9,2.0,3.7,92.7,1.56,2.0,0,1
936,1093321.0,3566.625,1582.0,31.9,1.0,10.6,93.8,1.57,2.0,0,1
937,626479.0,1587.0,415.0,22.1,38.0,0.5,91.0,1.88,1.0,0,1
938,653752.0,1395.0,469.0,4.1,26.0,9.3,90.7,1.71,1.0,0,1
939,906763.0,2051.0,402.0,69.3,6.0,1.7,93.6,1.52,2.0,0,1
940,854601.0,2008.0,586.0,30.6,10.0,4.4,95.2,1.49,2.0,0,1
941,1040442.0,2733.0,828.0,3.5,9.0,7.8,86.0,1.6,2.0,0,1
942,950770.0,2213.0,661.0,30.2,21.0,13.2,93.5,1.17,2.0,0,1
943,828217.0,2443.0,901.0,41.1,17.0,9.6,92.4,1.3,2.0,0,1
944,694160.0,1760.0,200.0,7.8,63.0,11.8,94.8,1.1,2.0,0,1
945,813252.0,1748.0,682.0,17.1,17.0,3.1,96.4,1.29,2.0,0,1
946,905643.0,1707.0,565.0,31.3,3.0,13.7,90.7,1.02,2.0,0,1
947,828744.0,2169.0,617.0,24.9,9.0,18.5,94.4,1.4,2.0,0,1
948,953833.0,2757.0,841.0,22.7,5.0,17.9,94.4,1.86,2.0,0,1
949,1066769.0,2613.0,850.0,7.6,9.0,20.1,90.4,0.94,2.0,0,1
950,947720.0,2993.0,1224.0,25.5,24.0,3.6,97.3,1.68,2.0,0,1
951,586437.0,1306.0,200.0,10.6,8.0,22.1,94.6,1.32,2.0,0,1
952,712920.0,1714.0,779.0,10.0,3.0,23.55,92.6,0.86,2.0,0,1
953,974854.0,2889.0,545.0,19.0,13.0,0.9,97.1,1.45,2.0,0,1
954,618534.0,1136.0,702.0,8.6,74.5,7.8,95.9,0.86,2.0,0,1
955,710962.0,1703.0,628.0,36.1,3.0,6.7,96.3,1.49,1.0,0,1
956,1129388.0,3566.625,906.0,33.4,15.0,5.6,94.8,1.3,2.0,0,1
957,753680.0,2550.0,416.0,21.3,48.0,11.4,94.3,1.35,2.0,0,1
958,677211.0,963.0,319.0,31.0,32.0,2.0,95.6,1.27,2.0,0,1
959,765637.0,2207.0,1121.0,27.9,12.0,0.8,89.0,1.13,2.0,0,1
960,670349.0,1702.0,375.0,11.1,47.0,23.55,90.9,1.47,2.0,0,1
961,866120.0,1909.0,570.0,3.8,26.0,7.4,97.9,0.87,2.0,0,1
962,898207.0,1539.0,616.0,13.9,9.0,5.1,99.0,1.21,2.0,0,1
963,764100.0,1983.0,899.0,20.9,2.0,9.8,91.1,1.99,2.0,0,1
964,889935.0,2015.0,1111.0,9.6,5.0,17.4,93.8,1.63,2.0,0,1
965,682429.0,1483.0,559.0,28.3,34.0,8.3,91.6,1.83,2.0,0,1
966,654852.0,1512.0,755.0,18.1,14.0,1.1,96.7,1.9,2.0,0,1
967,707092.0,1369.0,725.0,2.5,19.0,0.5,86.7,1.39,2.0,0,1
968,416534.0,948.0,200.0,24.1,53.0,23.55,93.5,1.05,1.0,0,1
969,899462.0,1747.0,581.0,5.2,8.0,0.5,92.0,1.37,2.0,0,1
970,781735.0,1485.0,851.0,43.3,38.0,8.6,96.2,1.41,2.0,0,1
971,612174.0,1918.0,330.0,18.0,17.0,23.55,86.3,1.62,2.0,0,1
972,746576.0,1558.0,1157.0,38.2,2.0,13.1,93.2,1.62,1.0,0,1
973,695550.0,1107.0,946.0,27.4,3.0,0.5,90.0,1.76,2.0,0,1
974,855115.0,1903.0,700.0,3.6,2.0,1.1,92.8,1.65,2.0,0,1
975,866593.0,1271.0,945.0,36.1,23.0,4.7,94.9,1.24,2.0,0,1
976,722952.0,1334.0,527.0,35.9,30.0,7.7,91.4,2.16,2.0,0,1
977,534308.0,1156.0,599.0,53.8,1.0,5.8,91.9,2.01,2.0,0,1
978,966620.0,2722.0,1113.0,13.6,11.0,4.8,94.0,1.56,2.0,0,1
979,874956.0,1677.0,916.0,17.0,7.0,7.4,89.6,1.64,2.0,0,1
980,844956.0,2405.0,855.0,30.2,33.0,10.9,95.1,1.46,2.0,0,1
981,865461.0,1707.0,200.0,36.9,6.0,2.2,99.0,1.23,1.0,0,1
982,596680.0,1104.0,638.0,44.0,6.0,8.9,92.3,1.22,2.0,0,1
983,669866.0,1397.0,493.0,22.3,28.0,8.0,89.7,0.79,2.0,0,1
984,793671.0,1669.0,200.0,29.1,38.0,4.8,99.0,1.84,2.0,0,1
985,569399.0,1395.0,590.0,20.2,16.0,16.9,98.7,1.78,2.0,0,1
986,789553.0,1890.0,835.0,11.9,29.0,1.5,94.9,0.94,2.0,0,1
987,663311.0,1390.0,200.0,8.4,20.0,22.2,94.7,0.89,2.0,0,1
988,957980.0,2510.0,200.0,13.9,28.0,1.4,98.3,1.43,2.0,0,1
989,769746.0,1914.0,200.0,34.0,40.0,4.4,94.6,1.41,2.0,0,1
990,750432.0,1318.0,521.0,26.6,12.0,5.9,87.4,1.7,2.0,0,1
991,735922.0,2423.0,624.0,34.6,27.0,8.7,92.9,1.4,2.0,0,1
992,848795.0,2207.0,622.0,43.8,44.0,3.0,90.0,0.95,2.0,0,1
993,493280.0,923.0,200.0,56.7,2.0,8.4,89.2,1.36,1.0,0,1
994,822810.0,1569.0,427.0,1.8,5.0,0.8,90.8,1.63,2.0,0,1
995,829236.0,1720.0,567.0,30.8,0.0,1.4,92.6,1.2,2.0,0,1
996,923032.0,2862.0,979.0,16.4,20.0,16.6,88.4,1.28,2.0,0,1
997,789093.0,1391.0,502.0,25.7,1.0,5.2,91.1,1.53,2.0,0,1
998,960469.0,2510.0,587.0,57.8,6.0,8.6,91.9,1.69,2.0,0,1
999,976108.0,1947.0,823.0,5.1,17.0,10.2,98.6,1.01,2.0,0,1
1000,1006584.0,2519.0,1353.0,29.1,32.0,13.3,94.2,1.94,2.0,0,1
1001,798896.0,1838.0,1040.0,24.3,21.0,3.9,89.8,0.86,2.0,0,1
1002,912470.0,2062.0,258.0,49.8,27.0,8.0,93.6,1.68,2.0,0,1
1003,726448.0,2787.0,1313.0,38.0,54.0,12.1,93.2,1.06,2.0,0,1
1004,665340.0,1129.0,647.0,58.8,61.0,4.0,93.0,1.15,2.0,0,1
1005,984689.0,2769.0,1106.0,18.0,35.0,12.1,93.2,1.46,2.0,0,1
1006,561317.0,780.0,719.0,27.1,5.0,1.5,95.8,1.62,2.0,0,1
1007,988492.0,2900.0,567.0,2.7,41.0,8.4,94.1,1.06,2.0,0,1
1008,815609.0,1960.0,971.0,36.0,21.0,7.7,91.5,1.1,2.0,0,1
1009,1166611.0,3529.0,1073.0,7.5,32.0,2.2,88.4,1.47,2.0,0,1
1010,744333.0,874.0,739.0,11.9,12.0,4.4,95.1,1.96,2.0,0,1
1011,1194575.0,3199.0,1660.0,14.7,5.0,0.7,93.4,1.46,2.0,0,1
1012,745515.0,1331.0,470.0,25.5,35.0,3.4,91.6,1.0,2.0,0,1
1013,809318.0,1811.0,200.0,12.3,6.0,11.0,93.6,1.39,2.0,0,1
1014,615752.0,1116.0,339.0,0.7,11.0,2.3,91.3,1.18,2.0,0,1
1015,812476.0,2215.0,465.0,15.6,47.0,4.5,90.9,1.31,2.0,0,1
1016,585104.0,700.0,200.0,17.6,10.0,3.2,97.7,1.16,2.0,0,1
1017,800039.0,1444.0,383.0,25.8,9.0,7.0,94.2,1.19,2.0,0,1
1018,664879.0,1517.0,758.0,70.8,19.0,3.3,93.1,0.98,2.0,0,1
1019,800007.0,1814.0,1012.0,6.8,11.0,15.9,91.1,1.41,2.0,0,1
1020,974366.0,2434.0,1030.0,32.3,15.0,2.5,97.2,1.33,2.0,0,1
1021,605619.0,1203.0,479.0,33.7,8.0,15.4,86.0,1.36,2.0,0,1
1022,847073.0,1786.0,871.0,6.4,43.0,10.6,97.4,1.46,2.0,0,1
1023,844163.0,2495.0,404.0,37.0,13.0,1.2,99.0,1.3,2.0,0,1
1024,679007.0,1390.0,585.0,29.5,7.0,0.5,91.3,1.7,2.0,0,1
1025,853191.0,1927.0,1433.0,19.0,1.0,9.6,90.4,1.21,2.0,0,1
1026,648620.0,1935.0,670.0,37.9,19.0,1.9,96.4,1.56,2.0,0,1
1027,1090819.0,3003.0,920.0,24.9,6.0,2.1,93.4,1.36,2.0,0,1
1028,824684.0,2521.0,829.0,60.0,4.0,5.6,94.3,0.84,2.0,0,1
1029,1041710.0,2012.0,1107.0,7.7,0.0,6.7,91.6,1.44,2.0,0,1
1030,804426.0,1442.0,1092.0,29.1,22.0,4.2,91.7,1.34,2.0,0,1
1031,954071.0,1923.0,1513.0,30.4,1.0,3.2,93.5,1.02,2.0,0,1
1032,680924.0,1187.0,200.0,17.2,10.0,21.7,94.9,1.32,2.0,0,1
1033,704094.0,1873.0,433.0,6.3,68.0,9.6,92.5,1.17,2.0,0,1
1034,684372.0,1585.0,695.0,44.9,15.0,8.5,94.2,1.28,2.0,0,1
1035,674072.0,1571.0,907.0,26.7,37.0,9.8,90.2,1.84,2.0,0,1
1036,940543.0,3239.0,956.0,12.7,74.5,0.5,96.4,0.61,2.0,0,1
1037,881495.0,1664.0,435.0,17.7,8.0,8.4,96.4,0.9,2.0,0,1
1038,751078.0,1851.0,481.0,7.6,15.0,15.0,91.1,1.39,2.0,0,1
1039,763831.0,1225.0,271.0,7.9,1.0,10.0,89.1,1.43,2.0,0,1
1040,998574.0,2773.0,1403.0,15.3,3.0,15.6,93.1,1.09,2.0,0,1
1041,751955.0,1254.0,662.0,54.2,12.0,10.5,96.3,1.42,2.0,0,1
1042,857595.0,1719.0,636.0,3.8,9.0,5.2,98.0,2.07,2.0,0,1
1043,1042106.0,2688.0,1386.0,11.8,29.0,20.6,95.1,0.91,2.0,0,1
1044,782415.0,1653.0,1189.0,29.4,8.0,20.9,92.7,2.04,2.0,0,1
1045,669836.0,2005.0,824.0,53.7,63.0,2.8,91.8,1.57,2.0,0,1
1046,648615.0,1227.0,200.0,46.7,51.0,3.3,95.3,0.68,2.0,0,1
1047,861514.0,1322.0,831.0,30.1,5.0,0.5,93.5,1.67,2.0,0,1
1048,685422.0,1653.0,570.0,23.7,28.0,23.55,91.2,1.07,2.0,0,1
1049,754638.0,1801.0,1056.0,20.5,6.0,7.4,84.5,1.95,2.0,0,1
1050,728390.0,1571.0,719.0,21.6,28.0,8.9,93.8,1.66,2.0,0,1
1051,761533.0,2026.0,411.0,10.1,58.0,5.4,89.2,1.02,2.0,0,1
1052,807849.0,1803.0,580.0,21.3,8.0,1.9,96.3,1.23,2.0,0,1
1053,741476.0,2007.0,708.0,9.3,10.0,1.9,87.5,1.26,2.0,0,1
1054,728390.0,1503.0,323.0,27.2,49.0,0.5,93.4,1.6,2.0,0,1
1055,769720.0,1855.0,332.0,32.7,2.0,7.4,89.9,1.47,2.0,0,1
1056,593476.0,2164.0,315.0,38.8,74.5,11.0,88.1,1.46,1.0,0,1
1057,739186.0,1523.0,1193.0,12.3,18.0,0.5,89.5,1.94,2.0,0,1
1058,519527.0,1434.0,200.0,49.9,58.0,1.6,89.2,1.34,1.0,0,1
1059,864502.0,1854.0,1052.0,46.3,63.0,4.3,98.0,1.02,2.0,0,1
1060,559770.0,1547.0,225.0,47.2,54.0,3.7,95.5,1.82,2.0,0,1
1061,710486.0,1651.0,200.0,38.9,1.0,3.5,92.7,0.93,2.0,0,1
1062,647761.0,1519.0,327.0,30.3,30.0,13.0,88.5,1.22,2.0,0,1
1063,917300.0,2004.0,1398.0,47.1,12.0,3.9,96.0,1.46,2.0,0,1
1064,817472.0,1984.0,780.0,48.3,7.0,4.6,97.5,1.62,2.0,0,1
1065,534745.0,1339.0,369.0,10.3,71.0,23.55,90.3,1.29,2.0,0,1
1066,693136.0,1467.0,570.0,14.9,23.0,16.8,95.3,1.54,2.0,0,1
1067,538471.0,1401.0,903.0,31.4,8.0,2.2,88.1,1.1,1.0,0,1
1068,784656.0,1761.0,611.0,46.9,66.0,1.1,88.1,1.7,2.0,0,1
1069,827897.0,2067.0,421.0,45.6,9.0,2.4,92.2,1.07,2.0,0,1
1070,644129.0,700.0,520.0,28.1,26.0,4.7,93.2,1.07,2.0,0,1
1071,651324.0,1334.0,517.0,25.4,14.0,5.7,92.7,1.56,2.0,0,1
1072,869925.0,2188.0,947.0,66.0,6.0,8.9,92.2,1.02,2.0,0,1
1073,523827.0,1039.0,200.0,22.4,10.0,22.0,92.0,1.39,2.0,0,1
1074,606229.0,1042.0,823.0,4.0,10.0,14.3,88.9,1.56,2.0,0,1
1075,871692.0,2460.0,589.0,34.5,31.0,3.8,88.7,1.6,2.0,0,1
1076,607320.0,1049.0,200.0,59.8,12.0,4.9,89.5,1.96,2.0,0,1
1077,719154.0,1938.0,712.0,14.7,35.0,6.5,88.4,1.92,2.0,0,1
1078,723367.0,1343.0,1119.0,31.2,12.0,4.0,91.4,1.66,2.0,0,1
1079,727595.0,1743.0,778.0,19.3,1.0,6.3,99.0,1.26,2.0,0,1
1080,837271.0,1628.0,541.0,6.7,5.0,1.3,92.1,1.49,2.0,0,1
1081,792178.0,2348.0,710.0,30.0,17.0,4.0,89.9,2.06,2.0,0,1
1082,710078.0,1993.0,613.0,37.3,14.0,13.4,96.6,1.13,2.0,0,1
1083,717301.0,1460.0,403.0,18.6,1.0,11.2,93.1,1.54,2.0,0,1
1084,961849.0,2530.0,551.0,19.6,5.0,6.9,91.1,2.11,2.0,0,1
1085,840497.0,1534.0,951.0,5.6,20.0,0.6,90.0,1.61,2.0,0,1
1086,683622.0,1244.0,634.0,16.3,12.0,6.9,92.4,1.25,2.0,0,1
1087,723066.0,1139.0,200.0,17.6,15.0,9.8,97.6,1.35,2.0,0,1
1088,548258.0,1029.0,200.0,56.7,0.0,5.6,93.4,1.74,2.0,0,1
1089,587121.0,1530.0,200.0,11.2,4.0,0.9,92.7,1.54,2.0,0,1
1090,896773.0,1828.0,434.0,12.1,52.0,7.1,99.0,1.39,2.0,0,1
1091,706566.0,1560.0,785.0,23.7,44.0,5.0,97.4,1.44,2.0,0,1
1092,404528.0,1202.0,200.0,73.6625,26.0,23.55,88.2,1.18,2.0,0,1
1093,756133.0,1930.0,1510.0,23.4,9.0,4.5,92.4,1.23,2.0,0,1
1094,804070.0,2147.0,541.0,62.3,5.0,4.0,98.1,1.46,2.0,0,1
1095,857406.0,1770.0,614.0,18.9,15.0,1.1,93.0,0.75,2.0,0,1
1096,777482.0,1035.0,200.0,9.2,22.0,7.4,91.1,1.49,2.0,0,1
1097,914808.0,2004.0,640.0,23.0,11.0,7.1,96.1,1.22,2.0,0,1
1098,599046.0,1349.0,200.0,32.2,8.0,3.4,95.1,0.81,1.0,0,1
1099,1050744.0,2735.0,654.0,8.6,16.0,1.0,94.5,1.82,2.0,0,1
1100,661337.0,1498.0,403.0,58.5,12.0,3.6,93.5,1.7,2.0,0,1
1101,784108.0,1821.0,200.0,54.4,39.0,1.5,97.6,1.04,2.0,0,1
1102,655995.0,1423.0,432.0,24.4,13.0,7.2,94.0,1.16,2.0,0,1
1103,451497.0,1228.0,506.0,40.4,55.0,1.9,90.9,1.19,1.0,0,1
1104,581289.0,2549.0,883.0,48.4,41.0,23.55,89.9,1.04,1.0,0,1
1105,822933.0,1996.0,1182.0,55.2,17.0,3.0,92.2,1.42,2.0,0,1
1106,726625.0,1372.0,676.0,13.7,6.0,4.2,88.7,1.59,2.0,0,1
1107,594186.0,1902.0,955.0,44.8,74.5,20.3,95.9,1.64,2.0,0,1
1108,814047.0,1914.0,1099.0,40.0,27.0,0.7,93.7,1.94,2.0,0,1
1109,645824.0,1425.0,683.0,22.2,7.0,12.0,92.3,1.43,2.0,0,1
1110,581452.0,1562.0,618.0,38.8,38.0,5.8,94.4,1.58,2.0,0,1
1111,856750.0,1894.0,988.0,44.0,0.0,0.7,97.8,2.05,2.0,0,1
1112,842335.0,2155.0,885.0,34.9,17.0,16.8,84.1,1.27,2.0,0,1
1113,530755.0,1284.0,200.0,34.1,2.0,9.6,84.9,1.95,2.0,0,1
1114,979921.0,2135.0,379.0,22.3,15.0,15.4,96.1,0.95,2.0,0,1
1115,976606.0,2619.0,574.0,51.9,11.0,0.7,93.4,1.82,2.0,0,1
1116,794015.0,1323.0,445.0,11.6,1.0,0.9,92.3,1.3,2.0,0,1
1117,496777.0,1573.0,200.0,53.3,74.5,22.3,90.6,1.78,2.0,0,1
1118,777594.0,2175.0,1480.0,50.3,1.0,18.7,91.6,1.56,1.0,0,1
1119,753488.0,751.0,611.0,15.0,48.0,0.5,92.2,1.79,2.0,0,1
1120,846924.0,2228.0,1122.0,26.4,0.0,1.2,93.2,2.3449999999999998,2.0,0,1
1121,610393.0,828.0,405.0,6.9,26.0,8.7,96.6,1.74,2.0,0,1
1122,1013692.0,2793.0,759.0,25.6,17.0,5.4,91.8,0.97,2.0,0,1
1123,660685.0,965.0,200.0,34.0,23.0,1.4,96.4,1.25,2.0,0,1
1124,857984.0,1636.0,865.0,12.9,27.0,1.2,85.4,2.01,2.0,0,1
1125,642594.0,1119.0,837.0,13.2,11.0,5.3,92.1,1.78,2.0,0,1
1126,831789.0,2184.0,786.0,24.4,2.0,6.6,94.1,1.08,2.0,0,1
1127,643352.0,1379.0,953.0,26.9,49.0,20.3,89.5,1.22,2.0,0,1
1128,555807.0,1046.0,629.0,29.7,16.0,8.9,92.2,1.15,2.0,0,1
1129,775827.0,2821.0,279.0,44.0,4.0,10.3,95.5,1.14,2.0,0,1
1130,579486.0,1105.0,509.0,29.1,2.0,0.6,90.1,1.67,2.0,0,1
1131,838227.0,2185.0,888.0,26.1,27.0,8.5,93.9,1.04,2.0,0,1
1132,728692.0,2086.0,928.0,36.1,15.0,20.4,95.7,1.42,2.0,0,1
1133,729260.0,2450.0,951.0,18.7,27.0,9.3,90.7,1.88,2.0,0,1
1134,566819.0,1533.0,509.0,8.3,66.0,16.5,95.2,1.66,2.0,0,1
1135,780250.0,1358.0,200.0,55.9,30.0,2.9,95.8,1.86,2.0,0,1
1136,647200.0,1121.0,475.0,17.9,35.0,4.1,91.9,0.94,2.0,0,1
1137,826238.0,1670.0,836.0,18.8,4.0,6.7,89.7,1.21,2.0,0,1
1138,889983.0,2607.0,747.0,26.5,2.0,3.3,93.9,1.06,1.0,0,1
1139,748571.0,1297.0,572.0,34.5,3.0,0.5,90.2,1.07,2.0,0,1
1140,852483.0,1555.0,703.0,11.7,27.0,12.2,98.5,1.55,2.0,0,1
1141,887209.0,2033.0,1653.0,33.6,20.0,12.1,85.6,1.43,2.0,0,1
1142,830966.0,1518.0,379.0,4.8,38.0,3.7,91.3,0.89,2.0,0,1
1143,927861.0,2142.0,1197.0,21.2,2.0,1.4,89.5,1.6,2.0,0,1
1144,1018565.0,2687.0,1188.0,18.5,23.0,6.0,91.3,1.36,2.0,0,1
1145,699146.0,1107.0,200.0,10.4,18.0,6.4,92.3,1.11,2.0,0,1
1146,915431.0,2352.0,1042.0,4.7,9.0,0.7,94.2,1.7,2.0,0,1
1147,831743.0,1767.0,1242.0,19.2,11.0,8.7,89.3,1.8,2.0,0,1
1148,958820.0,1909.0,891.0,31.4,17.0,11.7,91.0,1.5,2.0,0,1
1149,853856.0,2506.0,1182.0,48.7,14.0,0.8,98.6,0.99,2.0,0,1
1150,762712.0,1324.0,887.0,6.6,10.0,8.4,83.54999999999998,1.56,2.0,0,1
1151,949298.0,2334.0,971.0,1.3,26.0,1.2,99.0,0.87,2.0,0,1
1152,953469.0,1942.0,370.0,12.1,10.0,0.5,96.2,1.11,2.0,0,1
1153,720840.0,1667.0,232.0,13.5,5.0,15.0,94.1,1.12,2.0,0,1
1154,803414.0,1460.0,900.0,19.0,11.0,5.9,87.9,1.07,2.0,0,1
1155,729330.0,1764.0,981.0,33.7,29.0,4.2,96.7,1.4,2.0,0,1
1156,980395.0,2931.0,1302.0,12.5,52.0,0.5,90.8,0.94,2.0,0,1
1157,759261.0,1751.0,200.0,41.5,2.0,14.0,94.5,1.68,2.0,0,1
1158,528437.0,1491.0,747.0,14.8,33.0,5.6,91.2,1.23,1.0,0,1
1159,991354.0,3285.0,1209.0,15.6,74.5,16.0,89.5,0.96,2.0,0,1
1160,785584.0,1315.0,200.0,18.1,36.0,3.1,91.9,1.22,2.0,0,1
1161,699836.0,1171.0,200.0,24.7,32.0,1.7,92.7,0.81,2.0,0,1
1162,783938.0,1809.0,200.0,9.0,5.0,8.7,89.4,1.73,2.0,0,1
1163,806167.0,1621.0,200.0,16.5,8.0,3.6,91.4,1.45,2.0,0,1
1164,644833.0,1467.0,200.0,26.9,37.0,23.55,88.2,1.44,2.0,0,1
1165,518402.0,1476.0,200.0,73.6625,53.0,4.3,99.0,1.03,2.0,0,1
1166,929320.0,2574.0,688.0,11.3,45.0,12.6,92.8,0.69,2.0,0,1
1167,886274.0,2483.0,1019.0,10.6,14.0,6.3,93.1,1.69,2.0,0,1
1168,564177.0,1533.0,290.0,58.9,51.0,7.0,93.4,1.37,1.0,0,1
1169,877691.0,1633.0,630.0,59.1,11.0,1.1,89.2,0.79,2.0,0,1
1170,919686.0,2828.0,1246.0,9.1,66.0,13.7,92.8,1.27,2.0,0,1
1171,660486.0,1595.0,803.0,55.5,43.0,0.5,90.9,1.07,2.0,0,1
1172,1049268.0,2982.0,674.0,39.0,14.0,3.8,94.3,1.66,2.0,0,1
1173,801467.0,1790.0,200.0,27.1,23.0,2.5,94.9,1.07,2.0,0,1
1174,966237.0,2642.0,1080.0,27.1,28.0,7.2,97.7,0.82,2.0,0,1
1175,787980.0,1048.0,200.0,46.6,22.0,4.6,99.0,1.74,2.0,0,1
1176,938249.0,2413.0,836.0,58.4,7.0,7.4,97.9,0.96,2.0,0,1
1177,624675.0,700.0,377.0,35.9,23.0,3.6,97.6,1.5,2.0,0,1
1178,548250.0,888.0,898.0,17.3,43.0,22.0,97.9,1.67,2.0,0,1
1179,628303.0,1663.0,200.0,17.5,74.5,10.1,94.0,1.28,2.0,0,1
1180,644991.0,1106.0,395.0,28.2,2.0,0.5,96.9,0.86,1.0,0,1
1181,746476.0,1022.0,200.0,27.6,30.0,3.4,94.7,0.82,2.0,0,1
1182,806186.0,1661.0,795.0,37.0,1.0,6.5,88.5,1.45,2.0,0,1
1183,1025549.0,3024.0,1564.0,25.6,29.0,4.6,92.4,1.28,2.0,0,1
1184,839843.0,1526.0,200.0,18.1,6.0,2.0,95.5,1.46,2.0,0,1
1185,1044866.0,2315.0,972.0,41.3,30.0,7.7,99.0,0.82,2.0,0,1
1186,550055.0,1252.0,682.0,23.7,28.0,1.7,90.5,2.05,1.0,0,1
1187,821140.0,2165.0,565.0,28.7,12.0,1.6,90.9,2.03,2.0,0,1
1188,767330.0,1679.0,691.0,13.1,30.0,8.1,91.5,1.59,2.0,0,1
1189,853405.0,2810.0,1303.0,67.7,41.0,6.1,92.8,1.71,2.0,0,1
1190,505010.0,1272.0,205.0,38.6,74.5,23.55,99.0,1.16,2.0,0,1
1191,760976.0,1085.0,200.0,36.2,1.0,4.2,92.8,1.06,2.0,0,1
1192,941486.0,2273.0,470.0,17.5,8.0,2.0,95.7,1.56,2.0,0,1
1193,851228.0,2203.0,954.0,11.9,25.0,2.2,95.0,2.15,2.0,0,1
1194,780358.0,1721.0,1006.0,52.4,46.0,9.6,92.1,1.25,2.0,0,1
1195,794723.0,2515.0,468.0,58.1,9.0,6.4,87.0,1.5,2.0,0,1
1196,746379.0,1852.0,538.0,32.8,46.0,4.8,99.0,0.99,2.0,0,1
1197,1026672.0,2561.0,1320.0,11.7,6.0,0.5,83.54999999999998,1.83,2.0,0,1
1198,764687.0,1817.0,477.0,21.7,1.0,8.4,98.8,2.04,1.0,0,1
1199,531365.0,700.0,505.0,15.6,39.0,2.7,95.2,1.91,2.0,0,1
1200,903672.0,1938.0,875.0,48.5,7.0,6.7,91.3,1.38,2.0,0,1
1201,761442.0,1517.0,668.0,26.4,19.0,3.1,90.3,0.84,2.0,0,1
1202,816156.0,2124.0,284.0,39.4,46.0,1.1,93.7,0.83,2.0,0,1
1203,866753.0,1365.0,722.0,7.8,4.0,6.0,93.4,1.46,2.0,0,1
1204,979587.0,1822.0,1029.0,9.2,28.0,10.6,93.6,0.61,2.0,0,1
1205,757587.0,2301.0,200.0,16.0,37.0,2.2,96.0,1.75,1.0,0,1
1206,926613.0,2158.0,730.0,10.1,36.0,14.3,93.3,1.7,2.0,0,1
1207,897859.0,1801.0,374.0,21.6,15.0,3.7,95.7,1.63,2.0,0,1
1208,804930.0,1629.0,361.0,43.4,12.0,2.8,99.0,1.46,2.0,0,1
1209,747354.0,2649.0,856.0,29.1,74.5,5.2,91.0,1.99,2.0,0,1
1210,831580.0,1561.0,578.0,15.2,16.0,0.6,95.3,1.62,2.0,0,1
1211,508706.0,1154.0,1069.0,33.7,15.0,21.8,89.7,1.57,2.0,0,1
1212,739388.0,2275.0,916.0,18.4,17.0,7.0,91.4,1.25,2.0,0,1
1213,1011834.0,2277.0,671.0,19.1,1.0,2.7,93.9,1.03,2.0,0,1
1214,765584.0,1190.0,200.0,7.1,10.0,2.2,92.5,1.14,2.0,0,1
1215,628943.0,1280.0,200.0,42.6,35.0,1.8,92.2,1.25,2.0,0,1
1216,914090.0,2256.0,742.0,33.7,26.0,9.2,91.7,1.33,2.0,0,1
1217,572501.0,1812.0,831.0,54.8,24.0,14.0,94.4,1.5,2.0,0,1
1218,597281.0,799.0,223.0,15.9,33.0,10.1,91.1,1.06,2.0,0,1
1219,963202.0,2742.0,770.0,21.7,6.0,0.5,91.1,1.75,2.0,0,1
1220,841189.0,1278.0,429.0,25.0,2.0,1.3,94.9,1.2,2.0,0,1
1221,765651.0,1640.0,287.0,18.2,19.0,2.2,90.4,1.39,2.0,0,1
1222,739593.0,1565.0,702.0,43.0,30.0,3.1,93.6,1.04,2.0,0,1
1223,787440.0,2134.0,606.0,21.2,67.0,3.0,96.4,1.86,2.0,0,1
1224,1078815.0,2966.0,1593.0,19.9,8.0,1.7,99.0,1.71,2.0,0,1
1225,727835.0,1359.0,382.0,23.1,22.0,8.1,95.6,1.91,2.0,0,1
1226,790436.0,2004.0,601.0,26.5,6.0,1.2,90.4,1.72,2.0,0,1
1227,676097.0,1325.0,200.0,25.8,53.0,1.2,94.1,0.78,2.0,0,1
1228,626384.0,1632.0,631.0,35.5,30.0,0.5,91.5,1.03,2.0,0,1
1229,863022.0,1703.0,697.0,24.4,33.0,0.9,95.2,2.12,2.0,0,1
1230,649474.0,1246.0,200.0,29.3,8.0,0.5,96.1,1.52,2.0,0,1
1231,1080562.0,2440.0,1029.0,9.2,31.0,0.5,94.6,1.19,2.0,0,1
1232,895403.0,2888.0,959.0,29.9,63.0,3.2,86.8,1.62,2.0,0,1
1233,720534.0,1357.0,1007.0,50.5,22.0,4.7,85.0,1.26,2.0,0,1
1234,853088.0,1713.0,606.0,20.2,3.0,6.7,89.8,1.07,2.0,0,1
1235,883705.0,2168.0,630.0,28.7,8.0,13.9,96.5,1.19,2.0,0,1
1236,1199565.125,3566.625,1466.0,4.9,58.0,6.0,94.2,1.27,2.0,0,1
1237,949327.0,2441.0,508.0,7.4,12.0,1.8,96.4,1.12,2.0,0,1
1238,835946.0,1924.0,925.0,9.4,10.0,11.8,95.1,1.08,2.0,0,1
1239,791803.0,1895.0,897.0,51.3,28.0,3.6,93.3,1.63,2.0,0,1
1240,1199565.125,3566.625,1250.0,32.2,40.0,0.5,98.5,1.88,2.0,0,1
1241,575002.0,1164.0,918.0,25.8,16.0,7.8,93.1,2.05,2.0,0,1
1242,1119309.0,2911.0,711.0,26.7,63.0,0.8,84.1,1.02,2.0,0,1
1243,880086.0,1374.0,780.0,29.2,42.0,7.3,89.5,1.25,2.0,0,1
1244,665676.0,2276.0,804.0,54.1,66.0,15.2,94.2,2.08,2.0,0,1
1245,778602.0,1569.0,531.0,43.7,23.0,14.3,96.5,1.51,2.0,0,1
1246,852933.0,1202.0,270.0,38.4,14.0,3.0,89.2,1.54,2.0,0,1
1247,722660.0,1349.0,935.0,28.2,0.0,1.5,93.5,1.42,2.0,0,1
1248,925087.0,2862.0,1498.0,1.6,17.0,0.5,90.8,1.12,2.0,0,1
1249,986854.0,2404.0,1410.0,15.8,74.5,5.1,89.1,1.32,2.0,0,1
1250,902706.0,1902.0,200.0,17.8,1.0,11.7,95.0,1.66,2.0,0,1
1251,691003.0,1153.0,436.0,14.5,10.0,15.9,90.4,0.81,2.0,0,1
1252,646724.0,1938.0,538.0,29.4,74.5,13.7,88.2,1.55,2.0,0,1
1253,726930.0,1578.0,200.0,15.5,11.0,10.5,90.9,1.16,2.0,0,1
1254,689643.0,1538.0,200.0,73.6625,10.0,7.9,90.2,1.23,2.0,0,1
1255,655911.0,1712.0,583.0,41.9,34.0,2.8,95.4,1.38,2.0,0,1
1256,769687.0,1532.0,609.0,34.9,38.0,4.9,92.4,1.43,2.0,0,1
1257,660780.0,1103.0,472.0,31.2,6.0,3.3,84.7,1.35,2.0,0,1
1258,757744.0,2211.0,988.0,50.3,28.0,9.2,93.6,1.15,2.0,0,1
1259,853174.0,1675.0,272.0,15.8,16.0,1.1,90.9,1.88,2.0,0,1
1260,965419.0,2590.0,1029.0,30.0,10.0,9.8,93.2,1.04,2.0,0,1
1261,532471.0,1128.0,638.0,41.0,3.0,9.4,94.7,1.74,2.0,0,1
1262,916028.0,2373.0,1454.0,52.2,40.0,8.2,97.8,1.47,2.0,0,1
1263,567102.0,1107.0,476.0,63.5,11.0,11.9,97.8,1.58,1.0,0,1
1264,750717.0,1657.0,519.0,39.5,10.0,7.6,93.2,1.13,2.0,0,1
1265,936313.0,2993.0,694.0,28.6,28.0,4.4,94.1,1.14,2.0,0,1
1266,563984.0,1075.0,468.0,21.5,59.0,3.7,99.0,1.37,2.0,0,1
1267,487117.0,1113.0,274.0,44.8,5.0,23.55,89.4,1.52,2.0,0,1
1268,616557.0,2063.0,612.0,17.1,53.0,23.55,89.1,1.79,2.0,0,1
1269,847930.0,2455.0,660.0,32.2,31.0,6.5,93.4,1.52,2.0,0,1
1270,752378.0,1990.0,837.0,21.9,43.0,2.1,94.2,1.06,2.0,0,1
1271,812828.0,1392.0,204.0,38.3,41.0,0.9,96.4,1.53,2.0,0,1
1272,817306.0,1713.0,1265.0,11.2,47.0,3.0,97.3,1.61,2.0,0,1
1273,1091060.0,3149.0,919.0,19.3,28.0,6.4,94.7,1.91,2.0,0,1
1274,624309.0,1849.0,528.0,49.5,74.5,6.9,89.0,1.44,2.0,0,1
1275,909298.0,2069.0,677.0,39.6,44.0,8.8,93.4,1.24,2.0,0,1
1276,607893.0,1392.0,200.0,32.0,29.0,1.1,93.0,1.4,2.0,0,1
1277,639614.0,1254.0,319.0,21.5,10.0,23.55,92.4,1.44,2.0,0,1
1278,927345.0,2792.0,1153.0,54.3,8.0,2.7,92.3,1.88,2.0,0,1
1279,907201.0,2173.0,200.0,32.4,3.0,1.7,92.0,1.56,2.0,0,1
1280,965744.0,2405.0,885.0,14.4,30.0,9.8,91.6,1.75,2.0,0,1
1281,805168.0,1686.0,254.0,25.9,30.0,2.5,91.1,1.81,2.0,0,1
1282,787814.0,1812.0,380.0,21.4,9.0,2.8,91.0,0.77,2.0,0,1
1283,801676.0,2335.0,799.0,23.8,74.5,0.5,91.5,1.03,2.0,0,1
1284,719933.0,1992.0,376.0,32.3,10.0,4.2,93.2,1.32,2.0,0,1
1285,448204.0,1865.0,476.0,18.1,15.0,20.4,90.8,2.04,2.0,0,1
1286,645022.0,2024.0,513.0,15.7,48.0,18.9,96.0,1.79,2.0,0,1
1287,850366.0,2516.0,675.0,19.9,5.0,12.6,92.9,1.31,2.0,0,1
1288,1118705.0,3566.625,1242.0,60.7,7.0,2.9,93.2,1.1,2.0,0,1
1289,1006669.0,1789.0,1107.0,15.4,13.0,1.6,95.2,1.11,2.0,0,1
1290,581474.0,952.0,328.0,11.2,61.0,4.9,96.3,1.13,2.0,0,1
1291,1018951.0,2146.0,604.0,3.1,44.0,0.9,97.1,1.22,2.0,0,1
1292,580574.0,1932.0,1473.0,39.7,66.0,9.6,90.9,1.71,2.0,0,1
1293,789248.0,2159.0,891.0,37.4,46.0,20.6,92.1,1.86,2.0,0,1
1294,788463.0,2396.0,534.0,6.3,10.0,11.0,99.0,1.56,2.0,0,1
1295,556020.0,1110.0,200.0,44.5,30.0,19.9,94.3,1.57,2.0,0,1
1296,684205.0,1757.0,401.0,23.3,30.0,18.4,93.1,0.87,2.0,0,1
1297,948535.0,2418.0,1100.0,18.0,1.0,19.5,96.9,1.81,2.0,0,1
1298,661250.0,2110.0,382.0,33.6,25.0,11.9,90.0,1.33,2.0,0,1
1299,705903.0,1035.0,418.0,39.0,24.0,5.3,94.2,1.7,2.0,0,1
1300,685733.0,1429.0,622.0,18.0,10.0,7.5,90.1,1.25,2.0,0,1
1301,819049.0,1472.0,462.0,18.3,8.0,5.2,94.2,1.45,2.0,0,1
1302,830340.0,2017.0,772.0,16.5,4.0,1.7,95.9,2.04,2.0,0,1
1303,699292.0,2158.0,1164.0,34.3,53.0,2.2,89.2,1.56,2.0,0,1
1304,885493.0,1980.0,1063.0,30.8,6.0,0.8,91.5,1.61,1.0,0,1
1305,773963.0,1810.0,1206.0,38.7,38.0,1.0,83.8,2.14,2.0,0,1
1306,689102.0,1557.0,970.0,12.0,30.0,2.4,89.8,1.01,1.0,0,1
1307,719756.0,941.0,200.0,8.4,58.0,6.0,88.2,1.34,2.0,0,1
1308,678227.0,1723.0,200.0,34.3,13.0,0.6,96.2,1.87,2.0,0,1
1309,956958.0,1678.0,522.0,24.2,0.0,2.1,95.4,1.61,2.0,0,1
1310,567022.0,908.0,482.0,21.1,29.0,8.5,92.8,1.58,2.0,0,1
1311,969561.0,1582.0,708.0,2.3,22.0,1.9,93.6,1.61,2.0,0,1
1312,1065218.0,2489.0,805.0,5.6,15.0,2.0,91.3,1.77,2.0,0,1
1313,724137.0,1603.0,200.0,39.9,6.0,6.9,89.4,1.41,1.0,0,1
1314,672891.0,1506.0,591.0,38.2,14.0,3.7,96.6,1.67,2.0,0,1
1315,800347.0,1808.0,955.0,31.0,14.0,8.8,89.7,1.12,2.0,0,1
1316,842812.0,1664.0,905.0,13.0,7.0,4.4,94.4,1.81,2.0,0,1
1317,687204.0,1236.0,1028.0,28.8,0.0,2.7,92.7,1.72,2.0,0,1
1318,773210.0,1549.0,1174.0,30.2,68.0,7.3,98.8,0.6,2.0,0,1
1319,1017592.0,2082.0,647.0,11.6,14.0,4.5,88.3,1.16,2.0,0,1
1320,809063.0,1244.0,200.0,33.9,0.0,3.3,85.4,1.56,2.0,0,1
1321,800669.0,1645.0,683.0,25.6,9.0,3.3,99.0,0.71,2.0,0,1
1322,813064.0,2005.0,895.0,42.2,14.0,5.2,95.0,2.01,2.0,0,1
1323,749202.0,1529.0,200.0,30.9,36.0,2.9,85.6,1.43,2.0,0,1
1324,547962.0,1370.0,451.0,55.7,3.0,1.2,99.0,1.76,2.0,0,1
1325,830058.0,1980.0,854.0,23.8,9.0,5.5,97.0,0.96,2.0,0,1
1326,678758.0,1486.0,821.0,52.4,27.0,1.3,96.0,1.03,2.0,0,1
1327,710582.0,2319.0,519.0,34.7,23.0,23.55,88.5,1.91,2.0,0,1
1328,511684.0,1076.0,589.0,18.0,34.0,2.1,93.2,1.63,2.0,0,1
1329,800366.0,2220.0,638.0,22.5,33.0,18.4,91.7,1.73,2.0,0,1
1330,664427.0,1066.0,200.0,24.6,14.0,0.8,90.5,1.75,2.0,0,1
1331,929078.0,2348.0,515.0,35.7,40.0,2.8,92.9,1.37,2.0,0,1
1332,826168.0,1673.0,636.0,17.8,22.0,6.9,93.7,0.83,2.0,0,1
1333,585067.0,1278.0,452.0,21.9,11.0,0.5,90.5,2.01,2.0,0,1
1334,983680.0,1430.0,784.0,21.5,6.0,1.0,94.6,0.98,2.0,0,1
1335,959643.0,1937.0,588.0,14.2,23.0,0.5,94.0,1.17,2.0,0,1
1336,614095.0,977.0,200.0,10.1,1.0,8.0,91.9,1.91,2.0,0,1
1337,674892.0,1374.0,200.0,45.9,3.0,4.9,91.2,1.29,2.0,0,1
1338,541065.0,1360.0,293.0,56.2,10.0,0.8,88.3,1.52,1.0,0,1
1339,566785.0,894.0,683.0,13.1,14.0,1.7,92.5,1.27,1.0,0,1
1340,917064.0,2231.0,1199.0,27.7,17.0,6.1,95.6,1.78,2.0,0,1
1341,840808.0,2053.0,1027.0,21.8,31.0,1.3,93.8,1.76,2.0,0,1
1342,624942.0,1490.0,306.0,32.0,45.0,4.8,96.5,1.32,2.0,0,1
1343,678020.0,1017.0,371.0,34.0,21.0,1.9,95.1,1.62,2.0,0,1
1344,709415.0,1771.0,787.0,43.7,1.0,4.9,97.5,1.15,1.0,0,1
1345,681658.0,1301.0,200.0,8.9,34.0,0.6,87.4,1.76,2.0,0,1
1346,792804.0,1066.0,792.0,16.4,25.0,1.8,94.8,0.71,2.0,0,1
1347,937838.0,3139.0,706.0,40.4,1.0,2.8,99.0,1.34,2.0,0,1
1348,608823.0,1214.0,200.0,66.1,11.0,14.9,91.9,1.8,2.0,0,1
1349,823826.0,2094.0,996.0,13.3,72.0,9.2,99.0,0.91,2.0,0,1
1350,1199565.125,3566.625,1347.0,18.8,6.0,8.2,96.9,1.38,2.0,0,1
1351,619472.0,819.0,968.0,43.9,4.0,0.8,95.5,2.17,2.0,0,1
1352,735377.0,1481.0,817.0,15.7,16.0,5.8,91.7,1.26,2.0,0,1
1353,700624.0,1466.0,476.0,8.9,10.0,1.0,89.8,1.65,1.0,0,1
1354,875509.0,2888.0,714.0,32.4,6.0,0.8,87.5,1.9,1.0,0,1
1355,479764.0,840.0,200.0,6.8,74.5,0.9,95.7,2.17,1.0,0,1
1356,852252.0,1188.0,397.0,6.5,6.0,1.3,99.0,1.68,2.0,0,1
1357,731618.0,1566.0,200.0,40.5,5.0,3.3,92.6,1.02,2.0,0,1
1358,776910.0,2692.0,494.0,52.8,7.0,17.7,92.7,2.1,2.0,0,1
1359,791438.0,1474.0,856.0,16.6,14.0,9.0,91.5,1.72,2.0,0,1
1360,996153.0,2489.0,780.0,16.8,6.0,10.7,90.1,1.61,2.0,0,1
1361,665049.0,967.0,704.0,16.9,1.0,0.9,90.8,1.43,2.0,0,1
1362,571188.0,1416.0,200.0,49.6,42.0,3.3,91.6,1.84,2.0,0,1
1363,812590.0,1452.0,1254.0,47.8,45.0,1.7,91.9,1.52,2.0,0,1
1364,792777.0,2724.0,706.0,21.9,74.5,7.1,91.3,1.52,2.0,0,1
1365,804392.0,1458.0,950.0,36.1,28.0,2.9,93.8,1.99,2.0,0,1
1366,711532.0,1337.0,861.0,17.8,70.0,0.5,91.1,1.34,2.0,0,1
1367,804070.0,1489.0,946.0,26.7,43.0,7.5,94.2,0.92,2.0,0,1
1368,884496.0,1787.0,294.0,9.7,17.0,2.1,94.6,1.24,2.0,0,1
1369,695474.0,1520.0,285.0,32.6,7.0,23.55,92.8,1.3,2.0,0,1
1370,921098.0,2644.0,1190.0,20.1,6.0,21.6,95.3,1.36,2.0,0,1
1371,799989.0,1577.0,303.0,13.6,40.0,2.2,95.6,1.69,2.0,0,1
1372,802111.0,2093.0,1026.0,14.6,4.0,17.0,92.2,2.26,2.0,0,1
1373,847958.0,1907.0,946.0,31.9,9.0,4.6,97.0,1.17,2.0,0,1
1374,703618.0,1110.0,640.0,9.1,1.0,6.6,93.0,1.44,2.0,0,1
1375,666450.0,742.0,200.0,46.8,5.0,3.0,89.1,1.97,2.0,0,1
1376,860719.0,2323.0,714.0,21.2,30.0,13.2,93.4,1.3,2.0,0,1
1377,895754.0,2735.0,900.0,13.5,15.0,23.55,94.2,2.11,2.0,0,1
1378,649583.0,1166.0,875.0,46.2,10.0,2.8,90.6,1.63,2.0,0,1
1379,810566.0,2663.0,947.0,66.5,7.0,8.3,90.7,1.25,2.0,0,1
1380,824143.0,1938.0,999.0,33.3,10.0,2.4,93.9,1.54,1.0,0,1
1381,680706.0,1244.0,522.0,45.9,4.0,6.8,91.6,1.44,2.0,0,1
1382,645151.0,1590.0,235.0,15.0,21.0,23.55,97.7,0.94,2.0,0,1
1383,682750.0,1515.0,728.0,29.9,3.0,14.3,94.0,1.39,2.0,0,1
1384,1024636.0,2865.0,834.0,37.3,4.0,20.4,90.7,1.75,2.0,0,1
1385,883220.0,2075.0,775.0,45.3,12.0,10.4,92.6,1.54,2.0,0,1
1386,849886.0,1694.0,1170.0,5.0,46.0,3.8,89.2,1.38,2.0,0,1
1387,787909.0,1447.0,1029.0,29.6,10.0,4.3,93.2,0.99,2.0,0,1
1388,998855.0,2338.0,730.0,16.2,9.0,4.2,96.0,1.41,2.0,0,1
1389,968587.0,2293.0,957.0,3.7,19.0,2.0,93.6,1.82,2.0,0,1
1390,704996.0,1494.0,200.0,16.4,32.0,0.9,92.4,1.4,2.0,0,1
1391,503163.0,907.0,381.0,16.4,42.0,11.4,92.7,1.91,1.0,0,1
1392,728163.0,1425.0,424.0,28.7,74.5,4.9,95.3,0.77,2.0,0,1
1393,750443.0,1926.0,762.0,34.5,3.0,1.5,94.7,1.62,2.0,0,1
1394,666894.0,1810.0,228.0,49.3,2.0,8.4,94.3,0.96,2.0,0,1
1395,988130.0,3500.0,1202.0,23.0,2.0,7.5,93.3,1.09,2.0,0,1
1396,900235.0,2575.0,200.0,22.5,20.0,0.6,94.4,1.47,2.0,0,1
1397,940307.0,3200.0,1207.0,39.8,4.0,0.5,91.2,1.22,2.0,0,1
1398,804279.0,2064.0,617.0,23.7,6.0,23.55,94.3,1.27,2.0,0,1
1399,734571.0,2077.0,784.0,40.8,8.0,4.0,92.5,1.58,2.0,0,1
1400,945473.0,1685.0,1055.0,25.6,10.0,1.3,89.9,1.29,2.0,0,1
1401,688411.0,1670.0,700.0,73.5,7.0,5.9,99.0,1.46,2.0,0,1
1402,863089.0,1944.0,1415.0,6.1,1.0,20.0,98.6,1.53,2.0,0,1
1403,974150.0,1706.0,812.0,5.2,6.0,5.5,91.9,1.47,2.0,0,1
1404,878035.0,1609.0,1203.0,48.3,4.0,2.8,91.1,1.2,2.0,0,1
1405,651648.0,1295.0,392.0,40.0,74.0,8.9,92.2,1.68,2.0,0,1
1406,742790.0,2127.0,461.0,33.7,13.0,12.0,92.5,1.43,2.0,0,1
1407,1163984.0,3282.0,496.0,19.4,1.0,9.9,89.6,1.34,2.0,0,1
1408,793493.0,2436.0,435.0,14.1,48.0,3.2,91.1,0.77,1.0,0,1
1409,747617.0,1952.0,479.0,17.8,74.5,9.5,93.3,1.44,2.0,0,1
1410,916750.0,2988.0,1801.5,59.2,26.0,15.6,92.3,0.81,2.0,0,1
1411,585888.0,1325.0,200.0,13.8,20.0,1.6,89.3,1.73,2.0,0,1
1412,715469.0,1358.0,1215.0,17.0,39.0,1.3,96.3,1.67,1.0,0,1
1413,610075.0,1423.0,564.0,54.9,5.0,5.5,97.9,1.28,2.0,0,1
1414,683604.0,1766.0,835.0,36.4,57.0,7.4,89.8,1.42,2.0,0,1
1415,645592.0,1303.0,879.0,27.7,18.0,0.5,89.7,1.34,2.0,0,1
1416,740992.0,1073.0,200.0,19.5,16.0,10.2,93.2,1.36,2.0,0,1
1417,756890.0,1089.0,662.0,10.3,4.0,8.4,88.9,1.79,2.0,0,1
1418,776697.0,1438.0,677.0,39.1,1.0,3.9,91.5,1.21,2.0,0,1
1419,774314.0,1134.0,257.0,7.2,32.0,7.8,91.2,1.96,2.0,0,1
1420,952559.0,2882.0,729.0,37.3,13.0,13.0,98.0,1.61,2.0,0,1
1421,605870.0,1597.0,761.0,37.6,11.0,3.7,96.7,1.32,2.0,0,1
1422,765919.0,1830.0,1068.0,24.4,10.0,2.1,89.1,1.87,2.0,0,1
1423,786754.0,1668.0,711.0,34.9,34.0,13.2,90.9,1.28,2.0,0,1
1424,774816.0,1457.0,777.0,32.2,5.0,1.2,90.5,1.59,2.0,0,1
1425,699844.0,1856.0,200.0,62.4,74.5,6.8,93.2,1.5,2.0,0,1
1426,1092422.0,2429.0,1406.0,16.9,42.0,6.3,99.0,0.5,2.0,0,1
1427,747989.0,1642.0,474.0,48.2,25.0,0.6,92.9,1.59,2.0,0,1
1428,628629.0,924.0,508.0,10.1,43.0,14.5,89.4,1.33,2.0,0,1
1429,582789.0,1684.0,1038.0,32.9,74.5,4.5,87.4,1.44,2.0,0,1
1430,688294.0,1472.0,532.0,46.6,9.0,3.9,91.4,1.22,2.0,0,1
1431,833666.0,2951.0,752.0,26.2,40.0,14.5,95.0,1.19,2.0,0,1
1432,626258.0,1772.0,1027.0,54.7,68.0,11.6,92.6,1.29,2.0,0,1
1433,738059.0,1603.0,276.0,43.5,74.5,12.3,83.9,1.52,2.0,0,1
1434,795376.0,1501.0,255.0,54.3,17.0,2.0,91.8,1.7,2.0,0,1
1435,631035.0,1869.0,1283.0,40.7,56.0,15.2,91.3,2.29,2.0,0,1
1436,922218.0,1699.0,895.0,28.5,1.0,6.9,94.1,1.6,2.0,0,1
1437,687610.0,2005.0,1051.0,25.2,3.0,11.5,92.3,1.36,2.0,0,1
1438,693124.0,1589.0,200.0,14.8,12.0,5.6,89.1,2.21,2.0,0,1
1439,751084.0,1169.0,779.0,29.8,1.0,23.55,89.4,1.34,2.0,0,1
1440,733987.0,1734.0,670.0,11.6,12.0,3.8,95.3,1.55,2.0,0,1
1441,679665.0,1559.0,200.0,14.2,50.0,2.5,93.3,1.46,2.0,0,1
1442,879899.0,2718.0,1131.0,22.2,26.0,14.3,91.8,1.98,2.0,0,1
1443,608129.0,1586.0,336.0,36.6,1.0,6.3,91.0,1.61,2.0,0,1
1444,662087.0,1341.0,200.0,18.9,25.0,2.0,99.0,1.74,2.0,0,1
1445,793177.0,1914.0,402.0,20.0,2.0,1.0,91.4,1.83,1.0,0,1
1446,797158.0,1640.0,687.0,29.4,32.0,23.55,95.7,1.68,2.0,0,1
1447,676233.0,1218.0,715.0,27.8,8.0,1.1,97.5,1.44,2.0,0,1
1448,667147.0,1733.0,764.0,44.3,33.0,5.1,92.9,1.15,2.0,0,1
1449,665140.0,1904.0,1052.0,18.6,27.0,10.1,93.5,1.15,2.0,0,1
1450,786764.0,1657.0,802.0,7.9,3.0,3.5,93.6,1.75,2.0,0,1
1451,824363.0,1726.0,372.0,27.1,21.0,11.3,90.3,1.2,2.0,0,1
1452,532271.0,1223.0,605.0,41.9,22.0,12.1,93.0,1.57,2.0,0,1
1453,498210.0,1920.0,200.0,50.2,66.0,1.2,85.7,1.13,2.0,0,1
1454,841987.0,1554.0,501.0,15.4,14.0,1.9,96.3,1.12,2.0,0,1
1455,786589.0,1184.0,493.0,20.2,16.0,6.6,97.5,1.94,2.0,0,1
1456,741464.0,1271.0,560.0,28.0,5.0,0.7,94.8,1.64,2.0,0,1
1457,582912.0,1304.0,906.0,47.6,8.0,7.9,94.4,1.69,2.0,0,1
1458,1007741.0,1960.0,200.0,8.0,50.0,1.4,96.4,0.69,2.0,0,1
1459,678283.0,1527.0,200.0,54.3,5.0,1.0,90.5,1.18,2.0,0,1
1460,777056.0,1278.0,248.0,3.9,31.0,2.9,99.0,1.36,2.0,0,1
1461,994991.0,2767.0,838.0,3.6,4.0,4.8,90.7,1.88,2.0,0,1
1462,641003.0,1476.0,839.0,43.4,23.0,18.8,93.5,1.6,2.0,0,1
1463,719210.0,1459.0,465.0,20.6,31.0,12.5,91.3,1.27,2.0,0,1
1464,701770.0,1430.0,859.0,40.8,9.0,3.2,94.1,1.04,2.0,0,1
1465,482079.0,1065.0,496.0,33.9,1.0,15.1,92.1,1.12,2.0,0,1
1466,415616.0,1073.0,585.0,40.8,40.0,7.7,96.7,1.64,2.0,0,1
1467,479101.0,814.0,740.0,40.4,74.5,6.5,96.6,0.86,2.0,0,1
1468,726174.0,2312.0,200.0,46.9,28.0,20.2,91.5,1.31,2.0,0,1
1469,691825.0,1057.0,200.0,9.4,21.0,9.5,96.9,0.5,2.0,0,1
1470,996630.0,2560.0,1102.0,20.0,31.0,8.9,94.1,1.79,2.0,0,1
1471,839981.0,2638.0,618.0,13.1,7.0,23.55,90.9,1.09,1.0,0,1
1472,762572.0,1756.0,423.0,26.7,43.0,0.5,98.5,1.29,2.0,0,1
1473,611715.0,1316.0,200.0,19.5,24.0,12.2,90.4,1.91,2.0,0,1
1474,492415.0,1313.0,200.0,22.1,12.0,17.8,86.7,1.52,2.0,0,1
1475,738365.0,1225.0,200.0,20.4,17.0,8.2,91.4,1.81,2.0,0,1
1476,871958.0,1905.0,200.0,30.8,19.0,4.8,90.7,1.78,2.0,0,1
1477,643028.0,1852.0,936.0,30.3,13.0,19.6,88.6,1.15,2.0,0,1
1478,783711.0,2721.0,371.0,73.6625,4.0,6.7,92.7,1.54,2.0,0,1
1479,849297.0,1866.0,623.0,13.3,64.0,11.6,90.8,1.26,2.0,0,1
1480,943245.0,3233.0,1518.0,4.2,32.0,1.5,92.4,1.77,2.0,0,1
1481,901677.0,2766.0,1040.0,20.1,24.0,8.4,95.4,1.7,2.0,0,1
1482,906251.0,2410.0,1444.0,48.4,6.0,14.1,91.8,1.33,2.0,0,1
1483,859249.0,1816.0,634.0,15.1,4.0,8.7,89.2,1.28,2.0,0,1
1484,800932.0,1401.0,736.0,16.5,29.0,6.8,94.0,1.72,2.0,0,1
1485,886072.0,1881.0,588.0,23.1,10.0,3.1,96.5,1.28,2.0,0,1
1486,676089.0,1463.0,738.0,24.1,42.0,23.2,90.0,0.5,2.0,0,1
1487,915925.0,2533.0,1040.0,59.1,12.0,14.1,95.3,1.33,2.0,0,1
1488,896421.0,1439.0,387.0,11.0,9.0,1.1,97.2,1.16,2.0,0,1
1489,1019893.0,3211.0,788.0,35.1,8.0,10.3,84.2,1.65,2.0,0,1
1490,726054.0,1958.0,299.0,50.6,10.0,5.7,88.7,1.25,2.0,0,1
1491,879903.0,3141.0,520.0,37.1,7.0,16.7,94.5,1.35,2.0,0,1
1492,917964.0,2173.0,1233.0,12.6,20.0,17.5,92.7,1.12,2.0,0,1
1493,844019.0,2158.0,840.0,56.7,21.0,11.1,87.8,1.91,2.0,0,1
1494,887224.0,2695.0,1376.0,1.2,74.5,9.1,90.4,1.54,2.0,0,1
1495,492439.0,1195.0,364.0,34.2,28.0,8.3,98.6,1.4,2.0,0,1
1496,762252.0,1670.0,323.0,36.6,0.0,4.1,93.9,1.66,2.0,0,1
1497,798975.0,2683.0,497.0,60.1,4.0,23.55,88.9,1.07,2.0,0,1
1498,644209.0,2104.0,1281.0,48.6,65.0,5.2,95.1,1.6,1.0,0,1
1499,722255.0,1611.0,739.0,73.6625,24.0,6.3,92.8,1.65,2.0,0,1
1500,573356.0,1062.0,631.0,7.6,45.0,11.8,93.2,0.91,2.0,0,1
1501,804539.0,905.0,242.0,13.8,7.0,5.5,92.8,1.3,2.0,0,1
1502,779180.0,2146.0,946.0,34.6,56.0,1.3,86.2,1.09,2.0,0,1
1503,936722.0,2757.0,505.0,36.7,2.0,1.4,93.9,0.7,2.0,0,1
1504,800122.0,1870.0,722.0,34.9,12.0,9.9,87.1,1.05,2.0,0,1
1505,988577.0,3078.0,1148.0,71.1,13.0,6.8,92.0,1.13,2.0,0,1
1506,1096373.0,2427.0,771.0,13.6,12.0,9.6,92.2,1.23,2.0,0,1
1507,777451.0,2028.0,639.0,17.9,23.0,5.0,98.3,1.55,2.0,0,1
1508,641455.0,1848.0,500.0,34.1,20.0,7.0,97.6,1.72,2.0,0,1
1509,891932.0,2219.0,449.0,22.9,12.0,2.9,90.3,1.51,2.0,0,1
1510,1067284.0,3566.625,1282.0,27.0,67.0,9.7,90.7,1.43,2.0,0,1
1511,775928.0,1917.0,744.0,20.0,7.0,9.6,86.6,1.94,2.0,0,1
1512,912819.0,2438.0,724.0,3.8,27.0,7.7,87.9,1.23,2.0,0,1
1513,596419.0,1512.0,361.0,73.6625,27.0,23.55,95.0,1.56,2.0,0,1
1514,1021329.0,2202.0,213.0,22.8,17.0,3.0,90.0,1.69,2.0,0,1
1515,829568.0,1316.0,825.0,31.3,13.0,0.7,90.2,0.61,2.0,0,1
1516,1161350.0,3095.0,1005.0,19.9,27.0,7.4,91.7,1.72,2.0,0,1
1517,945047.0,2760.0,979.0,31.9,74.5,5.0,91.9,1.7,2.0,0,1
1518,715328.0,1741.0,200.0,17.7,9.0,1.9,92.5,1.7,2.0,0,1
1519,628920.0,1047.0,623.0,46.3,13.0,13.5,92.2,1.46,2.0,0,1
1520,810197.0,1775.0,200.0,20.6,43.0,4.3,96.1,0.86,2.0,0,1
1521,897315.0,1700.0,1012.0,42.4,10.0,7.1,93.8,1.16,2.0,0,1
1522,1004389.0,2611.0,1566.0,32.2,9.0,1.7,97.1,1.21,2.0,0,1
1523,710782.0,1396.0,373.0,45.2,23.0,8.6,96.8,1.44,2.0,0,1
1524,590394.0,1326.0,275.0,41.8,16.0,13.7,92.7,0.88,2.0,0,1
1525,711314.0,1353.0,383.0,8.1,5.0,16.5,90.6,1.61,2.0,0,1
1526,553293.0,1082.0,200.0,18.9,8.0,9.3,89.0,1.94,2.0,0,1
1527,1076493.0,3462.0,978.0,50.9,35.0,10.4,90.5,1.47,2.0,0,1
1528,715660.0,1822.0,649.0,73.6625,37.0,1.9,93.2,1.24,2.0,0,1
1529,1037308.0,2515.0,1334.0,50.0,34.0,1.8,94.1,1.38,2.0,0,1
1530,650567.0,1073.0,903.0,39.1,65.0,3.3,96.1,1.48,2.0,0,1
1531,925255.0,1970.0,546.0,9.4,35.0,2.1,94.5,1.03,2.0,0,1
1532,1152410.0,3491.0,1428.0,26.1,19.0,7.9,94.4,1.48,2.0,0,1
1533,596064.0,1373.0,200.0,25.4,4.0,1.6,95.5,1.61,2.0,0,1
1534,923810.0,1703.0,477.0,18.5,2.0,12.8,92.1,1.22,2.0,0,1
1535,700104.0,1859.0,280.0,17.6,10.0,6.7,94.8,1.79,2.0,0,1
1536,724660.0,1885.0,1279.0,10.9,40.0,14.8,83.54999999999998,1.74,2.0,0,1
1537,589267.0,1134.0,425.0,21.5,8.0,8.7,85.8,1.43,2.0,0,1
1538,600199.0,983.0,207.0,12.0,74.5,3.7,91.5,0.99,2.0,0,1
1539,523745.0,1762.0,518.0,47.3,12.0,15.2,92.8,2.3449999999999998,2.0,0,1
1540,939836.0,2708.0,1191.0,16.8,2.0,2.6,98.0,1.6,2.0,0,1
1541,777233.0,2630.0,550.0,23.8,64.0,3.2,97.7,1.86,2.0,0,1
1542,877183.0,2517.0,1159.0,18.9,18.0,22.2,91.6,1.59,2.0,0,1
1543,711655.0,1708.0,411.0,18.3,7.0,21.5,90.7,1.51,2.0,0,1
1544,650271.0,1226.0,694.0,49.1,50.0,5.4,96.1,1.49,2.0,0,1
1545,1093093.0,3132.0,1308.0,15.7,74.5,6.7,92.3,1.27,2.0,0,1
1546,1042306.0,2540.0,1217.0,17.9,7.0,4.4,94.4,1.78,2.0,0,1
1547,743529.0,1881.0,494.0,35.0,26.0,0.6,96.8,1.42,2.0,0,1
1548,753123.0,1013.0,939.0,29.8,6.0,1.3,88.2,1.3,2.0,0,1
1549,644098.0,1746.0,380.0,28.0,54.0,14.8,94.9,1.8,2.0,0,1
1550,1175529.0,3476.0,817.0,3.9,44.0,0.5,92.5,1.54,2.0,0,1
1551,888645.0,1993.0,708.0,30.6,17.0,1.9,95.5,1.18,2.0,0,1
1552,900752.0,1585.0,448.0,51.2,8.0,0.7,95.5,1.1,2.0,0,1
1553,791369.0,2870.0,1212.0,25.3,11.0,16.6,91.5,1.53,2.0,0,1
1554,984261.0,2492.0,1090.0,27.7,27.0,8.6,92.9,1.47,2.0,0,1
1555,831722.0,2173.0,889.0,3.4,45.0,10.1,99.0,1.22,2.0,0,1
1556,926100.0,2560.0,642.0,14.7,14.0,20.9,93.9,1.76,2.0,0,1
1557,845605.0,1603.0,200.0,17.8,12.0,21.0,84.5,1.77,2.0,0,1
1558,773926.0,2005.0,378.0,19.2,19.0,18.5,96.8,1.54,2.0,0,1
1559,742327.0,1586.0,489.0,8.0,74.5,3.1,91.4,0.53,2.0,0,1
1560,971578.0,1743.0,646.0,31.6,5.0,3.5,90.2,1.5,2.0,0,1
1561,753420.0,1688.0,200.0,45.9,18.0,4.1,98.1,1.57,2.0,0,1
1562,879085.0,2484.0,1105.0,13.6,71.0,0.5,96.9,1.47,1.0,0,1
1563,805941.0,1462.0,200.0,55.5,37.0,6.1,99.0,1.62,2.0,0,1
1564,783836.0,1251.0,438.0,10.7,4.0,0.5,90.5,1.51,2.0,0,1
1565,1199133.0,3008.0,1363.0,13.5,19.0,1.2,93.8,1.48,2.0,0,1
1566,580262.0,1186.0,200.0,28.0,12.0,5.0,96.2,1.45,2.0,0,1
1567,865161.0,1666.0,200.0,52.4,1.0,2.8,92.9,0.96,2.0,0,1
1568,947773.0,2518.0,1064.0,44.6,3.0,9.2,89.4,1.54,2.0,0,1
1569,649369.0,910.0,515.0,61.7,6.0,1.6,89.4,0.99,2.0,0,1
1570,817996.0,2535.0,545.0,21.2,72.0,3.5,99.0,0.5,2.0,0,1
1571,699973.0,1355.0,500.0,39.2,4.0,1.1,89.5,0.87,2.0,0,1
1572,740066.0,2227.0,386.0,15.6,46.0,23.55,94.3,1.95,2.0,0,1
1573,886776.0,1795.0,750.0,12.5,7.0,2.9,91.7,1.13,2.0,0,1
1574,1073303.0,2843.0,1154.0,1.2,21.0,5.2,98.3,1.07,2.0,0,1
1575,1096386.0,2855.0,785.0,14.6,11.0,1.0,93.8,1.31,2.0,0,1
1576,783849.0,1729.0,200.0,37.9,0.0,7.1,95.2,1.45,2.0,0,1
1577,778680.0,1854.0,245.0,21.8,11.0,23.55,93.5,1.1,2.0,0,1
1578,768309.0,1772.0,543.0,11.4,33.0,4.0,96.8,1.83,2.0,0,1
1579,706256.0,1302.0,859.0,54.6,50.0,5.2,95.6,0.93,2.0,0,1
1580,748767.0,1712.0,870.0,26.6,11.0,5.6,95.9,1.51,2.0,0,1
1581,948257.0,2810.0,1307.0,52.2,34.0,17.6,92.4,1.17,1.0,0,1
1582,757865.0,1399.0,200.0,16.6,8.0,3.0,97.8,1.6,2.0,0,1
1583,687201.0,1121.0,212.0,17.2,16.0,3.7,84.5,1.5,2.0,0,1
1584,598057.0,870.0,557.0,57.0,2.0,0.5,83.54999999999998,1.07,2.0,0,1
1585,639049.0,900.0,200.0,7.6,6.0,0.5,92.2,1.54,1.0,0,1
1586,661620.0,1504.0,327.0,25.4,3.0,16.2,94.3,0.76,1.0,0,1
1587,860117.0,1644.0,200.0,23.1,14.0,5.4,87.4,1.16,2.0,0,1
1588,856850.0,2644.0,1051.0,10.6,24.0,6.7,90.1,1.16,2.0,0,1
1589,794402.0,1841.0,1047.0,37.5,11.0,11.6,95.1,1.73,2.0,0,1
1590,1052424.0,3566.625,1404.0,36.2,56.0,8.3,86.8,0.89,1.0,0,1
1591,704471.0,1088.0,614.0,28.3,25.0,7.7,94.0,1.8,2.0,0,1
1592,760267.0,1722.0,210.0,40.2,39.0,2.5,94.3,0.86,2.0,0,1
1593,845512.0,2417.0,879.0,39.0,42.0,13.6,95.3,1.34,2.0,0,1
1594,923440.0,2344.0,1094.0,38.4,15.0,3.5,96.2,1.37,2.0,0,1
1595,705787.0,1312.0,465.0,39.6,11.0,13.5,99.0,1.72,2.0,0,1
1596,623690.0,2389.0,609.0,26.9,37.0,23.55,94.3,0.84,2.0,0,1
1597,789628.0,2004.0,708.0,52.4,7.0,6.4,95.2,1.39,2.0,0,1
1598,844162.0,1918.0,1028.0,14.3,2.0,8.1,95.7,0.67,2.0,0,1
1599,740926.0,1739.0,877.0,12.2,13.0,2.0,99.0,1.96,2.0,0,1
1600,690798.0,1419.0,922.0,44.5,38.0,3.6,97.4,1.3,1.0,0,1
1601,713644.0,1148.0,200.0,9.9,31.0,8.2,98.3,1.23,2.0,0,1
1602,694562.0,1661.0,457.0,31.0,22.0,6.1,92.6,1.21,2.0,0,1
1603,840270.0,1889.0,375.0,27.8,12.0,11.4,97.8,1.62,2.0,0,1
1604,654945.0,1354.0,621.0,30.3,60.0,7.5,93.6,1.44,2.0,0,1
1605,1071234.0,3044.0,1060.0,5.6,5.0,3.6,84.6,1.83,2.0,0,1
1606,573246.0,1444.0,276.0,7.4,20.0,17.1,93.4,1.84,2.0,0,1
1607,454906.0,1072.0,200.0,32.0,61.0,8.7,96.8,1.39,1.0,0,1
1608,556094.0,1606.0,330.0,26.8,29.0,2.7,88.3,1.63,2.0,0,1
1609,898938.0,2148.0,787.0,32.9,10.0,1.7,95.3,1.62,2.0,0,1
1610,760691.0,1315.0,625.0,21.8,5.0,0.5,93.5,1.5,2.0,0,1
1611,601448.0,1225.0,342.0,28.6,32.0,9.3,95.8,1.54,2.0,0,1
1612,672107.0,1062.0,669.0,29.9,16.0,1.9,92.4,2.25,2.0,0,1
1613,611818.0,1575.0,200.0,25.4,26.0,8.5,99.0,0.98,2.0,0,1
1614,648858.0,1154.0,676.0,45.5,59.0,10.8,95.0,1.09,2.0,0,1
1615,775687.0,1697.0,800.0,54.6,4.0,2.7,99.0,1.07,1.0,0,1
1616,675290.0,2389.0,1373.0,60.0,11.0,23.55,94.1,1.21,2.0,0,1
1617,1004549.0,2233.0,717.0,4.0,0.0,0.5,98.9,1.31,2.0,0,1
1618,553990.0,1320.0,200.0,35.8,18.0,8.7,97.4,1.88,1.0,0,1
1619,1066307.0,3566.625,1413.0,14.6,60.0,22.8,92.9,2.01,2.0,0,1
1620,848061.0,2072.0,818.0,48.2,12.0,3.3,94.5,1.63,2.0,0,1
1621,657424.0,1311.0,550.0,24.5,74.5,21.6,91.9,1.0,2.0,0,1
1622,815267.0,2722.0,1081.0,49.1,45.0,4.9,99.0,1.74,2.0,0,1
1623,858115.0,1588.0,501.0,2.8,2.0,0.6,89.1,1.71,2.0,0,1
1624,598032.0,1114.0,845.0,46.1,9.0,5.7,92.7,1.13,2.0,0,1
1625,901200.0,2964.0,1325.0,45.1,15.0,23.55,88.1,1.34,2.0,0,1
1626,1141416.0,3255.0,972.0,28.4,9.0,6.6,95.2,1.01,2.0,0,1
1627,932043.0,1987.0,1080.0,15.3,9.0,6.2,91.4,1.64,2.0,0,1
1628,813629.0,1290.0,844.0,17.7,1.0,1.8,94.0,1.43,2.0,0,1
1629,608263.0,706.0,200.0,52.5,3.0,3.1,84.9,1.37,2.0,0,1
1630,755930.0,1582.0,430.0,16.9,8.0,8.7,98.3,1.13,2.0,0,1
1631,529379.0,1036.0,316.0,41.5,2.0,11.7,89.2,1.02,2.0,0,1
1632,709783.0,1352.0,470.0,29.4,63.0,3.2,96.2,1.97,2.0,0,1
1633,1097272.0,2698.0,1053.0,24.5,5.0,0.5,90.3,1.1,2.0,0,1
1634,942840.0,2069.0,200.0,35.4,10.0,4.4,91.4,1.25,2.0,0,1
1635,843014.0,1632.0,893.0,24.7,13.0,2.6,97.5,1.64,2.0,0,1
1636,566559.0,1102.0,200.0,19.9,74.5,2.4,93.4,1.32,2.0,0,1
1637,873936.0,2288.0,200.0,46.0,16.0,1.5,86.9,0.89,2.0,0,1
1638,1018989.0,2940.0,976.0,13.0,18.0,17.3,97.6,1.2,2.0,0,1
1639,671318.0,1682.0,586.0,54.7,17.0,9.2,94.1,0.94,1.0,0,1
1640,700902.0,1786.0,1299.0,63.8,17.0,5.1,94.6,1.86,2.0,0,1
1641,659194.0,1134.0,1027.0,34.0,24.0,1.3,94.7,1.62,2.0,0,1
1642,700385.0,1627.0,553.0,36.1,11.0,2.3,94.2,1.95,2.0,0,1
1643,842506.0,1961.0,782.0,4.0,10.0,10.2,86.0,1.31,2.0,0,1
1644,1050927.0,3145.0,630.0,11.1,1.0,6.3,93.3,1.37,2.0,0,1
1645,1116703.0,2970.0,932.0,29.7,6.0,0.5,96.4,1.24,2.0,0,1
1646,928880.0,3011.0,821.0,37.4,16.0,14.9,92.1,1.42,2.0,0,1
1647,788519.0,1448.0,960.0,21.2,11.0,10.4,93.8,0.99,2.0,0,1
1648,798336.0,1509.0,670.0,14.0,18.0,1.8,93.5,1.05,2.0,0,1
1649,682475.0,970.0,709.0,16.0,4.0,2.7,87.9,1.04,2.0,0,1
1650,942767.0,2477.0,1617.0,11.0,9.0,13.1,91.6,1.83,2.0,0,1
1651,966576.0,2086.0,1234.0,12.0,24.0,1.3,94.6,1.76,2.0,0,1
1652,819901.0,2355.0,554.0,25.9,3.0,17.0,98.1,1.79,2.0,0,1
1653,652598.0,1799.0,857.0,37.0,5.0,23.55,94.1,1.08,2.0,0,1
1654,649040.0,878.0,1169.0,37.7,16.0,10.5,90.9,1.76,2.0,0,1
1655,767831.0,2112.0,555.0,24.2,48.0,13.4,98.0,1.07,2.0,0,1
1656,841614.0,1568.0,200.0,22.3,6.0,8.8,94.2,1.49,2.0,0,1
1657,608156.0,1566.0,248.0,50.3,74.5,11.4,92.6,1.57,2.0,0,1
1658,644951.0,1225.0,498.0,24.0,16.0,9.7,96.2,0.97,1.0,0,1
1659,659334.0,1335.0,276.0,5.6,46.0,3.1,92.9,1.06,2.0,0,1
1660,727375.0,1424.0,771.0,32.6,6.0,4.3,97.2,1.13,2.0,0,1
1661,1096548.0,3378.0,1197.0,12.4,7.0,3.6,98.4,0.84,2.0,0,1
1662,728867.0,1297.0,285.0,18.0,1.0,3.5,95.1,1.51,1.0,0,1
1663,859804.0,1970.0,699.0,33.9,22.0,1.3,95.2,1.97,2.0,0,1
1664,838379.0,2026.0,844.0,43.0,49.0,7.3,98.4,1.48,2.0,0,1
1665,831145.0,1999.0,442.0,26.7,6.0,10.0,91.6,1.67,2.0,0,1
1666,906471.0,2060.0,1139.0,35.0,12.0,3.7,93.1,1.36,2.0,0,1
1667,870288.0,2302.0,1340.0,13.6,7.0,3.6,94.9,1.14,2.0,0,1
1668,817087.0,1426.0,582.0,28.4,3.0,0.8,91.1,1.01,2.0,0,1
1669,789434.0,2498.0,616.0,22.4,74.5,6.7,95.5,1.48,2.0,0,1
1670,711233.0,1819.0,512.0,46.7,48.0,5.1,90.0,1.69,2.0,0,1
1671,591820.0,1315.0,200.0,33.2,74.5,8.7,96.5,1.12,2.0,0,1
1672,779661.0,1810.0,1027.0,27.9,15.0,7.2,90.9,1.4,2.0,0,1
1673,1105264.0,2124.0,1018.0,10.6,23.0,3.9,86.2,1.75,2.0,0,1
1674,596179.0,1407.0,200.0,9.2,7.0,23.55,95.1,1.49,2.0,0,1
1675,884736.0,2160.0,655.0,45.2,1.0,3.3,98.5,1.79,2.0,0,1
1676,682233.0,1650.0,259.0,42.3,11.0,3.5,92.1,1.24,2.0,0,1
1677,621485.0,1558.0,200.0,37.2,14.0,15.5,93.8,1.47,2.0,0,1
1678,1025378.0,2974.0,1090.0,11.0,10.0,5.9,92.2,1.24,2.0,0,1
1679,854251.0,1989.0,466.0,26.8,25.0,5.7,99.0,1.61,2.0,0,1
1680,621067.0,905.0,634.0,14.4,19.0,8.0,95.7,0.84,1.0,0,1
1681,877469.0,1750.0,307.0,24.0,5.0,3.2,92.3,1.54,2.0,0,1
1682,752645.0,1357.0,955.0,14.2,7.0,6.9,94.5,0.92,2.0,0,1
1683,491226.0,1419.0,507.0,58.2,67.0,8.4,94.6,0.81,2.0,0,1
1684,871014.0,2232.0,1332.0,38.2,10.0,11.9,88.4,1.5,2.0,0,1
1685,735333.0,2022.0,817.0,27.9,9.0,23.55,94.1,0.96,2.0,0,1
1686,790248.0,1040.0,580.0,24.0,22.0,1.6,97.4,1.71,2.0,0,1
1687,939866.0,2158.0,1084.0,9.0,41.0,3.0,96.7,1.66,2.0,0,1
1688,619451.0,912.0,277.0,7.0,5.0,4.5,96.3,1.82,2.0,0,1
1689,672130.0,781.0,200.0,16.8,3.0,0.5,94.5,0.65,2.0,0,1
1690,979568.0,2032.0,682.0,24.1,19.0,5.6,99.0,1.23,2.0,0,1
1691,1179027.0,3566.625,1143.0,22.5,4.0,17.2,98.1,1.82,2.0,0,1
1692,883539.0,1902.0,978.0,15.6,28.0,11.2,92.4,1.69,2.0,0,1
1693,981998.0,3207.0,1092.0,21.9,46.0,5.9,89.5,1.17,2.0,0,1
1694,871622.0,1821.0,561.0,22.7,28.0,3.6,93.9,0.76,2.0,0,1
1695,881290.0,2400.0,411.0,41.7,7.0,14.2,94.5,0.71,2.0,0,1
1696,970557.0,2741.0,803.0,19.0,11.0,14.8,94.6,1.49,2.0,0,1
1697,1136868.0,2287.0,1054.0,27.1,9.0,6.6,94.9,1.86,2.0,0,1
1698,743611.0,1211.0,617.0,11.1,16.0,0.6,89.1,1.31,2.0,0,1
1699,495220.0,1225.0,200.0,37.4,32.0,11.2,91.8,1.6,2.0,0,1
1700,746046.0,1678.0,481.0,29.2,18.0,9.0,94.5,1.78,2.0,0,1
1701,1047890.0,2937.0,952.0,65.3,42.0,10.2,91.5,1.2,2.0,0,1
1702,969418.0,2769.0,1486.0,37.7,5.0,2.8,93.0,1.18,2.0,0,1
1703,631104.0,1309.0,200.0,34.7,6.0,5.3,97.8,1.46,2.0,0,1
1704,518119.0,1578.0,863.0,58.1,43.0,5.7,88.3,1.55,2.0,0,1
1705,615516.0,1140.0,411.0,25.3,9.0,8.6,84.2,1.76,1.0,0,1
1706,546284.0,1072.0,200.0,3.8,16.0,16.1,88.7,1.9,2.0,0,1
1707,1123989.0,3420.0,1473.0,20.8,47.0,5.8,94.8,1.94,2.0,0,1
1708,711527.0,1792.0,536.0,36.1,74.5,13.2,93.3,1.12,2.0,0,1
1709,800714.0,1870.0,242.0,63.3,0.0,3.4,91.8,0.88,2.0,0,1
1710,470797.0,969.0,1015.0,40.0,2.0,8.3,97.9,1.29,1.0,0,1
1711,809187.0,1477.0,218.0,54.6,12.0,5.4,91.3,0.82,2.0,0,1
1712,665398.0,1820.0,249.0,14.2,11.0,21.2,88.5,1.8,2.0,0,1
1713,811572.0,1625.0,1294.0,48.7,74.5,4.1,97.1,1.42,2.0,0,1
1714,929639.0,1348.0,1156.0,13.2,5.0,2.5,95.8,0.84,2.0,0,1
1715,676828.0,1497.0,546.0,5.6,46.0,6.6,93.5,1.64,2.0,0,1
1716,881149.0,2077.0,303.0,35.7,5.0,11.1,94.6,1.68,2.0,0,1
1717,632034.0,1392.0,446.0,22.3,49.0,23.55,98.2,1.95,2.0,0,1
1718,544150.0,1620.0,387.0,52.6,21.0,3.2,96.5,2.01,2.0,0,1
1719,555226.0,1018.0,671.0,21.5,7.0,11.4,94.7,1.54,2.0,0,1
1720,562832.0,1685.0,972.0,60.8,31.0,23.55,90.3,1.11,2.0,0,1
1721,614083.0,1074.0,1067.0,35.1,62.0,0.5,95.5,1.81,2.0,0,1
1722,707080.0,1442.0,894.0,36.5,26.0,7.8,94.9,0.87,2.0,0,1
1723,1103375.0,2564.0,1257.0,7.0,2.0,10.5,89.5,1.1,2.0,0,1
1724,1187456.0,3566.625,1569.0,23.6,35.0,5.0,91.2,1.32,2.0,0,1
1725,683989.0,1491.0,310.0,9.0,48.0,5.1,88.6,1.7,2.0,0,1
1726,751304.0,1588.0,485.0,10.0,26.0,15.3,98.7,1.25,2.0,0,1
1727,707173.0,1318.0,409.0,22.6,57.0,0.9,89.0,1.32,2.0,0,1
1728,579100.0,1230.0,200.0,23.9,30.0,3.5,94.0,1.46,2.0,0,1
1729,804081.0,884.0,723.0,10.3,14.0,2.6,98.1,1.66,2.0,0,1
1730,747730.0,1758.0,563.0,20.7,16.0,6.0,99.0,1.02,2.0,0,1
1731,625964.0,1369.0,200.0,22.2,2.0,9.6,92.1,1.45,1.0,0,1
1732,850750.0,2426.0,835.0,54.4,34.0,4.2,91.5,1.0,2.0,0,1
1733,1033380.0,1963.0,546.0,8.5,2.0,3.0,90.1,0.68,2.0,0,1
1734,663932.0,1142.0,200.0,32.5,5.0,2.9,91.8,1.41,2.0,0,1
1735,674341.0,1549.0,392.0,18.9,15.0,16.0,90.6,1.28,1.0,0,1
1736,957980.0,2523.0,1257.0,7.1,0.0,11.7,90.2,1.2,2.0,0,1
1737,689792.0,1861.0,474.0,45.1,13.0,2.4,92.0,1.62,2.0,0,1
1738,1133583.0,3387.0,1477.0,21.0,22.0,0.6,94.1,0.93,2.0,0,1
1739,1016083.0,2661.0,435.0,7.1,24.0,9.7,95.0,1.21,2.0,0,1
1740,847958.0,2143.0,200.0,14.4,8.0,3.2,92.2,1.69,2.0,0,1
1741,801662.0,1764.0,437.0,55.4,5.0,0.5,99.0,1.98,2.0,0,1
1742,867989.0,1815.0,657.0,4.6,11.0,8.0,95.7,1.12,2.0,0,1
1743,604667.0,909.0,714.0,18.2,1.0,11.9,90.2,1.37,2.0,0,1
1744,638570.0,1482.0,826.0,25.2,9.0,23.55,95.1,1.74,2.0,0,1
1745,875719.0,2211.0,339.0,25.9,8.0,12.8,90.3,0.94,2.0,0,1
1746,891692.0,2521.0,1105.0,7.9,9.0,3.3,93.2,1.75,2.0,0,1
1747,729101.0,1443.0,403.0,40.1,12.0,5.0,94.1,1.59,2.0,0,1
1748,959014.0,2356.0,1241.0,32.2,11.0,0.9,96.8,1.77,2.0,0,1
1749,945375.0,2070.0,922.0,24.0,7.0,2.6,94.5,1.14,2.0,0,1
1750,900861.0,2369.0,1137.0,11.3,1.0,7.3,97.5,1.79,2.0,0,1
1751,742616.0,2312.0,490.0,5.4,2.0,6.9,91.0,1.57,1.0,0,1
1752,785815.0,1659.0,419.0,4.3,1.0,8.4,95.9,1.59,2.0,0,1
1753,953010.0,2884.0,895.0,28.7,1.0,1.5,91.0,1.24,2.0,0,1
1754,996234.0,2983.0,1083.0,73.6625,33.0,3.4,98.6,1.0,2.0,0,1
1755,870897.0,1820.0,905.0,11.8,14.0,2.1,96.0,1.31,2.0,0,1
1756,878422.0,2326.0,614.0,10.2,40.0,1.6,94.5,1.14,1.0,0,1
1757,773152.0,1615.0,1005.0,15.7,9.0,8.8,93.3,1.69,2.0,0,1
1758,680948.0,1117.0,613.0,24.6,2.0,4.6,88.8,0.53,2.0,0,1
1759,470927.0,1494.0,200.0,32.6,27.0,22.7,91.0,1.62,2.0,0,1
1760,929443.0,2145.0,515.0,41.4,54.0,4.0,90.6,1.11,2.0,0,1
1761,502602.0,1039.0,530.0,18.9,10.0,0.5,95.7,1.1,2.0,0,1
1762,622613.0,1299.0,473.0,17.7,9.0,4.1,94.9,1.38,2.0,0,1
1763,712352.0,1057.0,278.0,12.1,24.0,6.9,90.1,1.7,2.0,0,1
1764,649520.0,1202.0,200.0,41.4,4.0,0.7,95.3,1.48,2.0,0,1
1765,845152.0,1637.0,580.0,6.9,54.0,10.6,93.9,1.28,2.0,0,1
1766,754923.0,1783.0,883.0,15.7,8.0,9.4,95.9,1.83,2.0,0,1
1767,1076205.0,3081.0,974.0,22.1,27.0,1.9,88.9,0.8,2.0,0,1
1768,759933.0,1403.0,1081.0,69.5,5.0,0.5,94.5,2.02,2.0,0,1
1769,663603.0,1114.0,200.0,7.3,18.0,4.4,96.9,1.66,2.0,0,1
1770,837790.0,2720.0,1162.0,46.3,53.0,14.8,99.0,1.6,2.0,0,1
1771,931225.0,1704.0,417.0,4.1,0.0,9.1,97.7,1.41,2.0,0,1
1772,656831.0,1433.0,878.0,49.8,74.5,3.9,95.0,1.67,2.0,0,1
1773,378765.0,862.0,750.0,73.6625,74.5,10.7,92.0,1.97,2.0,0,1
1774,707116.0,930.0,410.0,34.3,6.0,7.5,96.2,1.17,2.0,0,1
1775,937748.0,2437.0,220.0,43.7,3.0,0.8,89.4,0.64,2.0,0,1
1776,1180772.0,3237.0,1409.0,15.9,12.0,2.4,88.3,1.93,2.0,0,1
1777,452844.0,1080.0,200.0,62.1,1.0,5.0,93.6,1.44,2.0,0,1
1778,862193.0,1760.0,1483.0,11.8,2.0,23.55,96.1,1.45,2.0,0,1
1779,618662.0,1100.0,570.0,42.6,9.0,0.5,98.6,1.76,2.0,0,1
1780,694538.0,1667.0,470.0,48.6,31.0,4.1,93.8,1.65,2.0,0,1
1781,701900.0,2037.0,720.0,27.4,32.0,4.2,93.1,1.37,2.0,0,1
1782,797964.0,1906.0,946.0,6.7,6.0,2.9,93.9,0.77,2.0,0,1
1783,565550.0,1291.0,413.0,36.4,74.5,18.1,91.9,1.44,2.0,0,1
1784,916251.0,2289.0,517.0,9.3,6.0,0.9,94.8,0.89,1.0,0,1
1785,896772.0,2215.0,407.0,11.0,32.0,8.0,90.5,1.24,2.0,0,1
1786,649360.0,1570.0,200.0,33.3,74.5,23.55,93.8,1.59,2.0,0,1
1787,591769.0,1496.0,696.0,65.1,20.0,23.55,92.4,1.23,2.0,0,1
1788,945745.0,2890.0,905.0,33.6,74.5,1.3,86.5,0.83,2.0,0,1
1789,782731.0,2006.0,1172.0,38.9,27.0,5.7,96.3,1.26,2.0,0,1
1790,1010211.0,2213.0,1394.0,6.4,8.0,3.3,89.3,2.31,2.0,0,1
1791,1008989.0,2904.0,814.0,3.6,37.0,1.4,90.1,0.94,2.0,0,1
1792,898892.0,2289.0,783.0,21.6,61.0,7.0,95.2,1.59,2.0,0,1
1793,711042.0,2333.0,1220.0,42.7,12.0,19.7,92.9,1.45,2.0,0,1
1794,425358.0,872.0,200.0,5.6,47.0,23.55,91.9,1.35,2.0,0,1
1795,697075.0,1335.0,520.0,11.0,62.0,13.6,98.5,1.81,2.0,0,1
1796,689880.0,1563.0,307.0,10.2,74.5,0.5,90.4,1.27,2.0,0,1
1797,681097.0,1980.0,570.0,35.6,34.0,6.9,96.1,1.49,1.0,0,1
1798,598468.0,1388.0,318.0,26.8,11.0,9.5,91.5,1.0,1.0,0,1
1799,653769.0,1651.0,756.0,32.8,20.0,23.55,95.4,1.83,2.0,0,1
1800,809569.0,1697.0,363.0,3.5,44.0,1.0,95.5,1.04,2.0,0,1
1801,888373.0,2223.0,505.0,15.8,32.0,1.2,94.4,0.96,2.0,0,1
1802,985704.0,2727.0,444.0,15.5,9.0,5.0,97.5,0.6,2.0,0,1
1803,690718.0,1397.0,396.0,29.0,1.0,2.4,98.7,1.09,2.0,0,1
1804,933035.0,2009.0,702.0,37.2,3.0,4.1,96.5,2.0,2.0,0,1
1805,755260.0,1827.0,768.0,51.3,11.0,11.4,89.7,1.14,2.0,0,1
1806,829155.0,2289.0,624.0,24.2,69.0,4.6,92.5,1.02,2.0,0,1
1807,550797.0,874.0,240.0,22.6,16.0,5.6,96.3,1.31,2.0,0,1
1808,755724.0,886.0,568.0,56.1,14.0,7.3,99.0,1.09,2.0,0,1
1809,825699.0,1749.0,200.0,9.6,17.0,11.4,94.1,1.72,2.0,0,1
1810,1047703.0,2546.0,762.0,33.0,10.0,9.2,90.9,1.14,2.0,0,1
1811,928604.0,2338.0,1458.0,47.8,6.0,2.5,93.8,1.46,2.0,0,1
1812,622280.0,1146.0,853.0,26.6,2.0,0.5,93.7,1.29,1.0,0,1
1813,862218.0,3102.0,719.0,48.0,38.0,1.3,99.0,1.41,2.0,0,1
1814,1199565.125,3566.625,1782.0,9.5,13.0,3.2,87.9,1.93,1.0,0,1
1815,546976.0,1216.0,809.0,61.6,74.5,0.6,85.7,1.37,2.0,0,1
1816,659816.0,1764.0,1254.0,52.3,34.0,15.8,90.4,1.32,2.0,0,1
1817,572462.0,1251.0,200.0,22.2,21.0,13.8,92.1,1.91,2.0,0,1
1818,941822.0,1961.0,1036.0,18.0,3.0,1.1,98.6,1.16,2.0,0,1
1819,505041.0,1645.0,593.0,43.8,17.0,20.0,94.0,1.36,1.0,0,1
1820,575516.0,1444.0,804.0,28.2,74.5,4.3,93.7,1.11,2.0,0,1
1821,843707.0,920.0,484.0,8.8,0.0,11.2,95.6,1.35,2.0,0,1
1822,775582.0,2315.0,479.0,68.5,74.5,14.6,93.6,1.37,2.0,0,1
1823,811148.0,2259.0,200.0,33.8,26.0,12.6,95.4,1.57,2.0,0,1
1824,658602.0,1467.0,873.0,36.0,16.0,5.5,94.3,1.23,2.0,0,1
1825,1199565.125,3566.625,1485.0,1.4,4.0,2.1,89.9,0.89,2.0,0,1
1826,637110.0,1710.0,797.0,25.0,43.0,23.55,90.1,1.34,2.0,0,1
1827,896431.0,2444.0,968.0,32.2,31.0,6.8,98.5,1.24,2.0,0,1
1828,783694.0,1919.0,568.0,26.2,72.0,15.8,91.3,1.31,2.0,0,1
1829,743828.0,2976.0,1198.0,35.3,17.0,5.5,88.4,1.76,2.0,0,1
1830,823451.0,1749.0,1144.0,7.3,49.0,1.9,99.0,1.22,1.0,0,1
1831,860909.0,2357.0,1267.0,29.7,45.0,7.7,89.5,1.97,2.0,0,1
1832,1199565.125,3566.625,1552.0,4.3,32.0,0.8,87.3,1.41,2.0,0,1
1833,825877.0,1776.0,832.0,24.1,3.0,12.8,89.0,1.69,2.0,0,1
1834,952621.0,2435.0,949.0,72.6,20.0,0.5,91.7,1.35,2.0,0,1
1835,779442.0,1790.0,1223.0,26.9,12.0,3.5,96.5,1.02,2.0,0,1
1836,554878.0,700.0,200.0,25.5,6.0,11.8,84.2,1.82,2.0,0,1
1837,885683.0,1554.0,1053.0,26.2,5.0,17.5,92.2,2.1,2.0,0,1
1838,651152.0,2112.0,569.0,55.7,56.0,18.8,93.8,1.42,2.0,0,1
1839,820185.0,2038.0,381.0,28.7,4.0,0.8,90.0,1.42,2.0,0,1
1840,727576.0,2125.0,623.0,50.2,0.0,11.6,88.2,2.03,2.0,0,1
1841,962300.0,2719.0,1243.0,37.2,21.0,5.3,89.4,1.98,2.0,0,1
1842,946077.0,2076.0,660.0,36.6,19.0,3.1,89.4,0.62,2.0,0,1
1843,554936.0,1112.0,291.0,6.4,9.0,15.2,90.9,1.6,2.0,0,1
1844,1199565.125,3566.625,1801.5,29.8,0.0,16.3,89.8,1.13,2.0,0,1
1845,870541.0,2320.0,837.0,14.1,18.0,0.5,95.4,1.59,1.0,0,1
1846,744014.0,1459.0,459.0,34.9,20.0,0.5,95.7,1.27,2.0,0,1
1847,606092.0,1537.0,256.0,24.3,21.0,16.2,93.5,1.15,2.0,0,1
1848,683568.0,1261.0,707.0,39.9,38.0,23.55,95.0,1.65,2.0,0,1
1849,1022982.0,2848.0,811.0,32.0,20.0,9.1,90.6,1.66,2.0,0,1
1850,1008464.0,2608.0,657.0,7.6,15.0,1.2,96.9,1.51,2.0,0,1
1851,803610.0,2352.0,1150.0,20.4,32.0,4.5,90.6,0.77,2.0,0,1
1852,837677.0,1837.0,697.0,28.5,8.0,5.6,86.7,1.85,2.0,0,1
1853,1092420.0,3566.625,1180.0,32.3,21.0,18.8,93.4,1.43,2.0,0,1
1854,535870.0,1362.0,572.0,15.1,18.0,7.5,91.8,2.06,2.0,0,1
1855,938551.0,2009.0,755.0,39.7,14.0,2.3,88.3,1.98,2.0,0,1
1856,877829.0,2099.0,916.0,18.0,14.0,3.0,94.5,1.66,2.0,0,1
1857,920707.0,2057.0,1038.0,32.5,0.0,4.1,90.6,1.51,2.0,0,1
1858,875971.0,2903.0,1265.0,30.7,42.0,13.7,88.0,2.07,2.0,0,1
1859,755454.0,1444.0,442.0,24.0,6.0,4.3,92.0,1.14,2.0,0,1
1860,984504.0,2201.0,979.0,28.6,48.0,4.8,94.1,1.59,2.0,0,1
1861,613809.0,1374.0,827.0,53.4,54.0,2.0,96.3,1.16,2.0,0,1
1862,1093959.0,2299.0,859.0,5.9,11.0,3.7,95.3,1.46,2.0,0,1
1863,830828.0,2601.0,1384.0,55.9,63.0,3.9,95.7,1.49,2.0,0,1
1864,798234.0,1862.0,618.0,21.4,26.0,2.3,92.8,1.43,2.0,0,1
1865,647203.0,2070.0,200.0,32.0,13.0,13.0,94.9,1.38,2.0,0,1
1866,765080.0,1787.0,200.0,21.0,8.0,2.4,89.0,1.02,2.0,0,1
1867,733302.0,1650.0,521.0,22.6,0.0,2.9,94.9,1.04,2.0,0,1
1868,664753.0,1549.0,554.0,29.8,19.0,5.0,93.8,1.48,2.0,0,1
1869,957852.0,2174.0,1121.0,41.9,19.0,0.5,94.0,1.8,2.0,0,1
1870,899664.0,1995.0,761.0,37.1,2.0,4.7,89.6,1.63,2.0,0,1
1871,780837.0,965.0,200.0,1.5,19.0,6.5,91.1,1.26,2.0,0,1
1872,951078.0,3046.0,463.0,34.0,0.0,20.5,86.3,1.04,2.0,0,1
1873,630704.0,1520.0,503.0,7.3,38.0,2.8,89.6,1.66,2.0,0,1
1874,796711.0,1647.0,957.0,45.2,74.5,5.9,90.3,0.85,2.0,0,1
1875,636301.0,1244.0,369.0,58.3,5.0,12.1,88.3,1.57,2.0,0,1
1876,716073.0,2348.0,308.0,25.9,12.0,23.55,88.2,1.5,2.0,0,1
1877,771266.0,1123.0,956.0,46.7,4.0,0.9,91.7,1.52,2.0,0,1
1878,695588.0,1456.0,426.0,15.7,74.5,13.8,94.1,1.53,2.0,0,1
1879,752112.0,1583.0,200.0,23.5,16.0,0.9,89.1,1.55,2.0,0,1
1880,499097.0,1617.0,707.0,51.8,35.0,13.6,87.8,1.32,2.0,0,1
1881,983255.0,3298.0,1097.0,45.2,6.0,6.0,85.2,1.65,2.0,0,1
1882,1114628.0,3523.0,1624.0,47.0,22.0,1.9,92.8,1.33,2.0,0,1
1883,571403.0,1591.0,894.0,19.8,4.0,12.5,99.0,1.06,2.0,0,1
1884,803494.0,1599.0,296.0,14.6,23.0,17.7,90.1,1.79,2.0,0,1
1885,657762.0,1242.0,508.0,32.1,14.0,6.5,96.9,1.74,2.0,0,1
1886,868218.0,1690.0,950.0,2.2,5.0,7.1,96.4,1.63,2.0,0,1
1887,796458.0,1864.0,323.0,1.5,14.0,8.7,88.2,2.02,2.0,0,1
1888,621857.0,1360.0,585.0,35.1,1.0,1.9,92.1,0.96,2.0,0,1
1889,642255.0,1512.0,577.0,26.1,49.0,2.1,93.4,1.51,1.0,0,1
1890,1055738.0,3315.0,766.0,24.7,11.0,7.3,96.9,1.32,2.0,0,1
1891,1199565.125,3566.625,1027.0,21.4,10.0,6.9,98.1,1.06,2.0,0,1
1892,732583.0,2276.0,1435.0,14.1,60.0,13.1,92.2,1.02,2.0,0,1
1893,968846.0,2108.0,663.0,44.6,4.0,2.0,94.9,0.65,2.0,0,1
1894,793843.0,1365.0,200.0,50.2,26.0,7.6,93.9,0.5,2.0,0,1
1895,482708.0,879.0,200.0,45.7,39.0,12.7,93.7,1.74,2.0,0,1
1896,924651.0,2799.0,1045.0,32.5,13.0,9.7,91.3,1.24,2.0,0,1
1897,743181.0,1543.0,1268.0,49.3,29.0,12.3,94.2,0.92,2.0,0,1
1898,891601.0,2886.0,537.0,27.0,13.0,11.5,92.8,0.9,2.0,0,1
1899,502792.0,1277.0,200.0,34.6,38.0,23.55,94.1,1.68,2.0,0,1
1900,931346.0,3240.0,1488.0,38.7,74.5,4.2,91.1,1.39,2.0,0,1
1901,1154469.0,3026.0,839.0,9.5,2.0,3.1,93.0,1.21,2.0,0,1
1902,561260.0,1103.0,456.0,47.1,5.0,1.1,87.1,1.3,2.0,0,1
1903,648106.0,1781.0,1482.0,58.7,15.0,12.5,96.4,1.64,1.0,0,1
1904,664725.0,1479.0,1027.0,24.3,12.0,23.55,93.3,1.14,2.0,0,1
1905,994713.0,2729.0,977.0,5.9,8.0,1.5,94.3,1.1,1.0,0,1
1906,562970.0,1350.0,200.0,22.5,18.0,14.1,84.2,1.58,2.0,0,1
1907,706682.0,1338.0,200.0,44.6,12.0,0.5,90.1,1.09,2.0,0,1
1908,725400.0,1382.0,817.0,31.4,3.0,1.4,92.5,1.73,2.0,0,1
1909,969028.0,2549.0,858.0,20.8,2.0,11.1,97.5,1.97,2.0,0,1
1910,743651.0,1337.0,393.0,3.9,25.0,11.8,96.5,1.94,2.0,0,1
1911,624251.0,1440.0,708.0,6.7,35.0,1.3,89.5,1.22,1.0,0,1
1912,848190.0,1955.0,1465.0,18.7,37.0,7.8,98.0,1.77,2.0,0,1
1913,552254.0,700.0,200.0,7.6,13.0,7.7,87.8,1.6,2.0,0,1
1914,1015743.0,3048.0,1672.0,39.9,8.0,1.9,93.8,1.54,2.0,0,1
1915,622023.0,1233.0,200.0,21.1,43.0,0.5,93.2,1.19,2.0,0,1
1916,652297.0,1137.0,443.0,27.7,28.0,6.3,91.9,1.79,2.0,0,1
1917,724933.0,1359.0,941.0,16.0,14.0,0.6,99.0,1.13,2.0,0,1
1918,846614.0,2138.0,579.0,52.1,11.0,3.5,87.6,1.64,2.0,0,1
1919,719727.0,2067.0,748.0,44.3,10.0,3.8,98.6,1.14,2.0,0,1
1920,777901.0,2303.0,592.0,34.0,4.0,6.9,92.8,1.18,2.0,0,1
1921,505268.0,1226.0,1123.0,37.0,25.0,23.55,95.1,1.77,2.0,0,1
1922,950500.0,1586.0,275.0,21.0,4.0,0.5,94.4,1.37,2.0,0,1
1923,793950.0,1857.0,764.0,13.7,58.0,1.9,93.5,1.47,2.0,0,1
1924,641943.0,934.0,803.0,60.7,3.0,14.1,95.7,1.29,2.0,0,1
1925,1176999.0,3566.625,1104.0,24.4,35.0,3.8,88.3,1.76,2.0,0,1
1926,517866.0,1242.0,504.0,41.8,11.0,19.4,88.2,1.88,2.0,0,1
1927,603206.0,1573.0,957.0,51.5,0.0,22.9,99.0,1.94,2.0,0,1
1928,679908.0,1761.0,684.0,27.0,16.0,4.9,91.4,1.18,1.0,0,1
1929,947437.0,2630.0,1543.0,17.7,0.0,6.2,95.0,1.73,2.0,0,1
1930,777418.0,852.0,440.0,40.2,47.0,5.5,95.9,1.31,2.0,0,1
1931,830971.0,1422.0,583.0,16.4,1.0,4.3,88.0,1.38,2.0,0,1
1932,546703.0,1255.0,429.0,45.2,53.0,2.9,94.5,0.82,2.0,0,1
1933,652479.0,1519.0,520.0,35.9,13.0,4.5,91.1,1.47,2.0,0,1
1934,885471.0,1797.0,659.0,14.1,14.0,23.55,96.0,1.06,2.0,0,1
1935,885295.0,1670.0,282.0,13.5,39.0,6.1,93.8,1.41,2.0,0,1
1936,748898.0,1669.0,224.0,19.6,13.0,4.3,93.5,2.04,2.0,0,1
1937,821217.0,1681.0,771.0,28.7,33.0,8.8,93.1,1.19,2.0,0,1
1938,834239.0,2235.0,868.0,28.6,2.0,2.5,96.1,1.17,2.0,0,1
1939,855931.0,2996.0,1418.0,45.3,42.0,13.7,90.8,1.3,2.0,0,1
1940,976009.0,2583.0,896.0,20.3,4.0,13.3,92.4,1.55,2.0,0,1
1941,1028704.0,2459.0,1415.0,17.8,1.0,3.0,91.2,1.33,2.0,0,1
1942,635427.0,1396.0,643.0,62.3,15.0,14.4,96.7,0.77,2.0,0,1
1943,832738.0,1324.0,768.0,28.5,3.0,8.7,89.2,1.95,2.0,0,1
1944,630952.0,1129.0,345.0,56.6,18.0,1.1,90.4,1.03,2.0,0,1
1945,539125.0,1402.0,771.0,39.0,19.0,23.55,89.5,0.95,2.0,0,1
1946,1020121.0,2719.0,1177.0,3.3,47.0,8.6,93.6,1.7,2.0,0,1
1947,861108.0,1907.0,539.0,17.9,14.0,7.0,88.0,1.12,2.0,0,1
1948,592139.0,1091.0,381.0,72.3,8.0,1.7,89.9,1.53,2.0,0,1
1949,881567.0,1801.0,337.0,12.7,1.0,8.1,96.6,1.86,2.0,0,1
1950,762023.0,1937.0,1230.0,37.1,57.0,17.0,90.4,0.74,2.0,0,1
1951,876153.0,2307.0,896.0,29.2,74.5,0.7,95.5,1.58,2.0,0,1
1952,611006.0,1834.0,977.0,26.5,15.0,4.1,95.5,1.66,0.0,0,1
1953,725718.0,1100.0,566.0,17.4,14.0,4.2,92.8,1.56,2.0,0,1
1954,841192.0,1781.0,691.0,12.7,5.0,14.3,90.6,1.85,2.0,0,1
1955,1199565.125,3566.625,1204.0,22.9,4.0,9.1,90.9,1.02,2.0,0,1
1956,414202.0,984.0,200.0,12.8,16.0,19.5,92.7,2.01,2.0,0,1
1957,816679.0,2295.0,587.0,25.6,22.0,1.2,94.8,1.5,2.0,0,1
1958,917744.0,2708.0,1244.0,41.3,31.0,1.6,87.7,0.92,2.0,0,1
1959,813684.0,2103.0,221.0,27.6,35.0,6.9,96.9,1.74,2.0,0,1
1960,744209.0,2223.0,784.0,29.9,48.0,3.9,98.2,1.41,1.0,0,1
1961,667845.0,1440.0,930.0,8.3,49.0,23.55,94.8,1.29,2.0,0,1
1962,941423.0,2671.0,655.0,14.7,18.0,8.2,86.5,1.27,2.0,0,1
1963,684439.0,1925.0,440.0,45.6,10.0,23.55,94.1,2.03,2.0,0,1
1964,538376.0,918.0,200.0,26.6,10.0,6.5,94.0,1.38,2.0,0,1
1965,678960.0,1900.0,873.0,26.7,11.0,23.55,90.0,1.29,2.0,0,1
1966,839351.0,1898.0,506.0,30.6,21.0,1.8,92.4,2.05,2.0,0,1
1967,861994.0,1666.0,939.0,18.9,8.0,2.2,92.6,1.83,2.0,0,1
1968,813583.0,1204.0,458.0,12.9,16.0,0.8,96.8,1.3,2.0,0,1
1969,742107.0,1638.0,292.0,13.2,2.0,0.7,91.0,1.24,2.0,0,1
1970,712226.0,1634.0,617.0,19.6,56.0,10.5,95.9,1.08,2.0,0,1
1971,848917.0,1539.0,888.0,27.1,44.0,7.3,88.0,1.09,2.0,0,1
1972,915778.0,1433.0,666.0,9.3,3.0,0.7,95.8,1.26,2.0,0,1
1973,724931.0,1334.0,700.0,33.8,45.0,6.7,90.3,1.24,2.0,0,1
1974,531300.0,1180.0,346.0,55.9,38.0,5.7,87.8,1.48,2.0,0,1
1975,722294.0,1320.0,653.0,41.6,7.0,19.6,90.8,1.57,2.0,0,1
1976,796526.0,1437.0,200.0,4.0,6.0,0.5,94.1,1.42,2.0,0,1
1977,656439.0,1533.0,322.0,37.2,51.0,12.0,97.4,1.71,2.0,0,1
1978,712803.0,1201.0,580.0,22.5,39.0,3.9,94.3,1.26,2.0,0,1
1979,1015421.0,3072.0,734.0,47.7,9.0,2.1,93.8,1.32,2.0,0,1
1980,1054624.0,3503.0,989.0,23.5,33.0,5.4,94.3,1.23,2.0,0,1
1981,710978.0,1590.0,464.0,40.0,11.0,3.1,91.2,2.03,2.0,0,1
1982,823718.0,2018.0,397.0,25.0,13.0,6.3,89.6,1.73,2.0,0,1
1983,999955.0,2126.0,1408.0,42.3,2.0,0.5,92.1,1.58,2.0,0,1
1984,549660.0,1639.0,905.0,40.9,4.0,23.55,87.6,1.25,2.0,0,1
1985,629491.0,1185.0,536.0,19.6,17.0,1.6,89.5,1.09,2.0,0,1
1986,758736.0,1263.0,200.0,9.3,16.0,13.7,88.7,1.23,2.0,0,1
1987,724540.0,1726.0,1047.0,30.4,4.0,17.8,94.9,0.92,2.0,0,1
1988,639793.0,1214.0,348.0,41.0,74.5,11.2,90.3,1.69,2.0,0,1
1989,729889.0,2062.0,719.0,18.2,30.0,10.0,94.6,2.05,2.0,0,1
1990,776650.0,2024.0,312.0,41.1,5.0,9.9,98.8,1.77,2.0,0,1
1991,714472.0,1599.0,646.0,73.6625,20.0,1.3,91.9,1.6,2.0,0,1
1992,811161.0,2120.0,851.0,34.7,59.0,10.3,99.0,1.89,2.0,0,1
1993,700574.0,1610.0,662.0,15.2,47.0,1.6,88.6,1.62,2.0,0,1
1994,872900.0,2009.0,520.0,41.9,31.0,2.9,94.6,1.71,2.0,0,1
1995,644227.0,1684.0,440.0,26.7,35.0,23.55,97.2,1.97,2.0,0,1
1996,1034145.0,3038.0,928.0,57.2,9.0,13.3,97.4,0.86,2.0,0,1
1997,789577.0,1991.0,645.0,23.6,44.0,4.2,86.1,1.68,2.0,0,1
1998,596783.0,1086.0,200.0,14.6,6.0,10.4,93.8,1.33,2.0,0,1
1999,780208.0,2103.0,786.0,40.2,25.0,0.8,97.3,1.45,2.0,0,1
2000,858607.0,2079.0,1104.0,30.0,14.0,11.3,92.4,1.3,2.0,0,1
2001,780916.0,2386.0,715.0,71.8,24.0,2.6,86.7,0.56,2.0,0,1
2002,744468.0,1806.0,651.0,34.7,5.0,1.0,96.4,0.98,2.0,0,1
2003,972879.0,2889.0,1318.0,17.7,40.0,17.6,90.3,1.74,2.0,0,1
2004,719859.0,1858.0,200.0,34.6,23.0,5.9,88.7,1.8,2.0,0,1
2005,797801.0,1444.0,200.0,10.8,12.0,7.5,93.5,1.11,2.0,0,1
2006,734933.0,1532.0,267.0,16.0,10.0,0.5,91.6,1.47,2.0,0,1
2007,944313.0,2582.0,782.0,31.5,17.0,0.5,89.9,0.94,2.0,0,1
2008,684980.0,1576.0,913.0,48.2,28.0,2.0,91.6,1.55,2.0,0,1
2009,626861.0,1431.0,614.0,9.6,59.0,6.9,93.9,1.96,2.0,0,1
2010,765345.0,2014.0,877.0,21.0,1.0,10.8,89.6,1.72,2.0,0,1
2011,1106565.0,3487.0,846.0,17.2,4.0,23.55,93.1,1.46,2.0,0,1
2012,875977.0,1956.0,389.0,9.2,16.0,6.3,90.1,1.47,2.0,0,1
2013,746774.0,1785.0,1070.0,49.0,74.5,4.0,90.4,1.87,2.0,0,1
2014,839499.0,1344.0,1216.0,6.8,8.0,16.7,94.5,1.43,2.0,0,1
2015,1199565.125,3566.625,1407.0,13.4,15.0,0.5,95.2,1.46,2.0,0,1
2016,729560.0,1779.0,504.0,24.9,2.0,1.1,94.6,0.99,2.0,0,1
2017,592105.0,1730.0,600.0,63.8,29.0,1.3,91.7,0.95,2.0,0,1
2018,833339.0,1291.0,702.0,20.1,12.0,9.9,91.4,1.18,2.0,0,1
2019,850336.0,1557.0,574.0,2.0,18.0,9.8,97.7,1.18,2.0,0,1
2020,1022814.0,2950.0,1026.0,40.1,2.0,3.8,92.9,1.75,2.0,0,1
2021,585309.0,1101.0,200.0,40.6,2.0,5.3,92.3,1.51,1.0,0,1
2022,710425.0,1748.0,200.0,12.7,9.0,0.5,97.0,1.81,2.0,0,1
2023,763994.0,2373.0,492.0,48.2,18.0,13.8,93.1,1.36,2.0,0,1
2024,592812.0,1406.0,281.0,25.0,15.0,12.2,93.9,2.06,2.0,0,1
2025,559621.0,1233.0,226.0,42.9,74.5,2.9,94.2,1.42,2.0,0,1
2026,899209.0,2119.0,1420.0,13.2,41.0,2.8,97.0,1.54,2.0,0,1
2027,905305.0,1868.0,962.0,14.4,20.0,9.0,97.6,1.37,2.0,0,1
2028,756862.0,1897.0,862.0,9.8,31.0,14.1,95.0,1.27,2.0,0,1
2029,448453.0,1064.0,200.0,27.3,1.0,16.6,90.8,1.63,2.0,0,1
2030,674730.0,1586.0,200.0,52.2,22.0,3.5,93.5,1.57,2.0,0,1
2031,859417.0,2041.0,611.0,53.5,11.0,3.6,94.8,1.81,2.0,0,1
2032,882827.0,2681.0,902.0,21.1,14.0,9.4,91.4,1.51,2.0,0,1
2033,641519.0,1496.0,344.0,8.3,11.0,10.5,97.5,2.1,2.0,0,1
2034,917209.0,1500.0,200.0,27.6,18.0,3.3,99.0,1.76,2.0,0,1
2035,554505.0,1517.0,308.0,47.5,4.0,23.55,97.4,0.74,2.0,0,1
2036,726057.0,1827.0,691.0,32.8,3.0,13.3,89.1,0.97,2.0,0,1
2037,985029.0,2704.0,1034.0,17.4,9.0,11.2,94.9,1.23,2.0,0,1
2038,904600.0,1908.0,675.0,46.9,36.0,4.6,88.5,1.27,2.0,0,1
2039,818558.0,1521.0,200.0,30.8,11.0,3.8,99.0,1.56,2.0,0,1
2040,622180.0,900.0,200.0,25.2,23.0,6.8,94.3,1.75,2.0,0,1
2041,703751.0,915.0,200.0,5.7,16.0,0.9,98.2,1.31,2.0,0,1
2042,611265.0,1154.0,239.0,54.6,17.0,0.7,96.7,1.68,2.0,0,1
2043,861027.0,2027.0,926.0,5.9,25.0,7.9,99.0,1.59,2.0,0,1
2044,1049729.0,1807.0,825.0,54.2,12.0,4.6,96.2,1.34,2.0,0,1
2045,615942.0,1191.0,217.0,43.8,23.0,15.5,93.4,1.11,2.0,0,1
2046,770348.0,1054.0,375.0,35.3,10.0,4.1,95.8,1.19,2.0,0,1
2047,682621.0,1444.0,858.0,41.3,42.0,12.6,93.5,0.86,2.0,0,1
2048,793366.0,1784.0,748.0,5.6,1.0,8.6,86.7,1.11,2.0,0,1
2049,1038296.0,3223.0,949.0,41.2,8.0,11.1,88.7,1.54,2.0,0,1
2050,691783.0,1488.0,1105.0,30.9,24.0,6.5,96.1,1.47,2.0,0,1
2051,818743.0,1379.0,466.0,20.1,20.0,9.1,95.1,1.53,2.0,0,1
2052,950683.0,2374.0,901.0,37.7,8.0,3.9,93.9,0.87,2.0,0,1
2053,910666.0,3073.0,221.0,25.9,3.0,1.7,88.5,1.33,1.0,0,1
2054,935947.0,2346.0,1245.0,3.8,6.0,6.2,93.2,1.94,2.0,0,1
2055,571357.0,700.0,200.0,46.8,7.0,10.0,90.9,1.73,2.0,0,1
2056,797413.0,1997.0,588.0,35.0,1.0,5.2,89.0,0.94,2.0,0,1
2057,808127.0,1799.0,812.0,41.8,3.0,19.8,97.3,1.46,2.0,0,1
2058,765040.0,1834.0,1271.0,16.2,2.0,1.2,98.7,1.05,2.0,0,1
2059,678984.0,2286.0,260.0,25.4,49.0,23.55,94.7,1.7,2.0,0,1
2060,915418.0,2224.0,941.0,36.6,9.0,4.6,95.9,1.87,2.0,0,1
2061,889321.0,1869.0,302.0,28.4,10.0,7.7,93.3,1.45,2.0,0,1
2062,970411.0,2553.0,907.0,13.9,27.0,0.5,89.0,1.72,2.0,0,1
2063,828107.0,1851.0,658.0,44.5,6.0,3.8,96.3,1.56,2.0,0,1
2064,618276.0,700.0,339.0,23.2,11.0,7.7,93.1,1.51,2.0,0,1
2065,1165039.0,2775.0,975.0,43.0,11.0,0.6,97.0,1.32,2.0,0,1
2066,557381.0,1360.0,485.0,37.8,22.0,13.0,90.8,1.2,2.0,0,1
2067,717276.0,2230.0,1353.0,48.6,50.0,6.8,90.8,1.52,2.0,0,1
2068,728763.0,1043.0,653.0,33.6,2.0,21.1,99.0,0.87,2.0,0,1
2069,560002.0,1129.0,200.0,45.7,38.0,13.1,91.8,1.03,2.0,0,1
2070,600853.0,1010.0,811.0,26.4,23.0,5.7,86.8,0.95,2.0,0,1
2071,904668.0,2525.0,1237.0,23.8,11.0,2.6,93.2,1.07,2.0,0,1
2072,778832.0,2178.0,678.0,15.3,17.0,23.55,91.8,1.86,2.0,0,1
2073,791976.0,2107.0,833.0,44.9,0.0,11.6,89.9,1.36,2.0,0,1
2074,857589.0,1522.0,829.0,7.4,32.0,3.6,84.3,1.3,2.0,0,1
2075,769226.0,1547.0,200.0,5.5,27.0,8.4,99.0,1.46,2.0,0,1
2076,671169.0,2372.0,623.0,36.1,32.0,23.55,99.0,0.72,2.0,0,1
2077,930648.0,2479.0,335.0,20.9,15.0,9.6,89.0,1.2,2.0,0,1
2078,783381.0,3169.0,918.0,26.7,74.5,4.0,90.0,1.73,2.0,0,1
2079,619548.0,1284.0,1076.0,56.1,9.0,19.0,91.4,1.58,2.0,0,1
2080,774139.0,1939.0,782.0,1.2,50.0,6.3,97.0,1.17,2.0,0,1
2081,1199565.125,3566.625,1233.0,35.5,6.0,20.9,96.8,1.33,2.0,0,1
2082,697070.0,2281.0,1158.0,24.7,35.0,23.55,92.0,1.07,2.0,0,1
2083,762508.0,1874.0,405.0,12.9,32.0,5.3,89.8,1.16,2.0,0,1
2084,1070722.0,2376.0,906.0,19.6,24.0,3.8,95.6,1.96,2.0,0,1
2085,824018.0,1330.0,976.0,22.8,4.0,5.3,90.9,1.41,2.0,0,1
2086,781323.0,1611.0,650.0,39.7,13.0,11.7,94.4,1.45,2.0,0,1
2087,962804.0,2912.0,1215.0,28.0,43.0,10.4,89.2,2.14,2.0,0,1
2088,700962.0,1267.0,732.0,14.4,33.0,0.5,91.9,1.07,2.0,0,1
2089,1199565.125,3566.625,1801.5,5.3,5.0,1.3,90.8,1.67,2.0,0,1
2090,1199565.125,3566.625,1801.5,17.0,21.0,8.0,94.6,1.36,2.0,0,1
2091,910818.0,2054.0,519.0,18.1,5.0,12.3,94.1,1.42,2.0,0,1
2092,871286.0,2994.0,422.0,33.1,74.5,2.5,91.4,1.35,2.0,0,1
2093,854136.0,2380.0,1133.0,21.5,16.0,23.55,98.5,1.69,2.0,0,1
2094,838314.0,1641.0,535.0,35.1,13.0,4.3,95.3,1.49,2.0,0,1
2095,1199565.125,3566.625,1801.5,51.7,9.0,5.9,93.1,1.97,2.0,0,1
2096,753223.0,1686.0,413.0,29.8,20.0,0.5,95.0,0.8,2.0,0,1
2097,775124.0,1515.0,200.0,51.1,2.0,3.1,94.2,1.41,2.0,0,1
2098,724114.0,1132.0,880.0,12.1,60.0,3.3,97.7,1.57,2.0,0,1
2099,928675.0,3389.0,1007.0,58.4,24.0,1.4,92.6,1.6,2.0,0,1
2100,938820.0,2310.0,894.0,43.4,0.0,7.4,93.1,1.38,2.0,0,1
2101,705279.0,1282.0,912.0,30.1,7.0,3.4,99.0,1.13,2.0,0,1
2102,618298.0,2022.0,600.0,21.4,25.0,23.55,87.6,1.01,2.0,0,1
2103,948923.0,2011.0,948.0,15.2,5.0,8.6,91.9,1.66,2.0,0,1
2104,638313.0,1062.0,200.0,6.7,17.0,0.9,93.1,1.01,2.0,0,1
2105,1199565.125,3566.625,1801.5,12.2,10.0,9.0,90.1,1.92,2.0,0,1
2106,921467.0,1765.0,200.0,2.0,6.0,6.2,94.4,2.12,2.0,0,1
2107,678440.0,1133.0,558.0,47.0,74.5,1.2,99.0,1.61,2.0,0,1
2108,764689.0,1545.0,673.0,67.1,35.0,8.8,97.4,0.78,2.0,0,1
2109,773884.0,1955.0,200.0,19.7,40.0,4.8,99.0,1.68,2.0,0,1
2110,718017.0,1964.0,777.0,39.4,18.0,6.4,86.1,1.4,2.0,0,1
2111,481909.0,766.0,568.0,5.0,11.0,3.0,95.0,1.46,2.0,0,1
2112,814967.0,1688.0,200.0,29.6,0.0,5.9,92.4,1.06,2.0,0,1
2113,846174.0,1465.0,1115.0,6.4,8.0,1.9,99.0,1.47,2.0,0,1
2114,620561.0,1161.0,904.0,44.2,14.0,15.1,87.0,1.16,2.0,0,1
2115,942549.0,2068.0,386.0,17.7,12.0,4.4,92.8,1.9,2.0,0,1
2116,1008502.0,2281.0,439.0,7.8,34.0,0.6,92.7,1.51,1.0,0,1
2117,704061.0,1445.0,200.0,45.4,23.0,3.1,90.4,1.03,2.0,0,1
2118,787496.0,1470.0,322.0,26.0,5.0,5.1,97.7,1.87,2.0,0,1
2119,762611.0,1485.0,200.0,8.1,11.0,8.2,87.8,1.64,2.0,0,1
2120,835938.0,2231.0,1048.0,27.1,15.0,4.4,88.8,2.04,2.0,0,1
2121,698527.0,1494.0,821.0,4.2,7.0,0.6,92.7,1.67,1.0,0,1
2122,844267.0,1751.0,1192.0,13.8,27.0,1.0,97.5,0.76,2.0,0,1
2123,825703.0,1627.0,230.0,51.0,8.0,6.3,96.3,0.96,2.0,0,1
2124,928044.0,1897.0,569.0,33.2,36.0,1.3,91.2,1.17,2.0,0,1
2125,1199565.125,3566.625,1318.0,45.8,5.0,3.0,92.4,1.18,2.0,0,1
2126,553349.0,1367.0,421.0,47.8,24.0,1.2,91.9,1.83,2.0,0,1
2127,861965.0,2022.0,771.0,25.9,2.0,3.2,94.6,1.9,2.0,0,1
2128,454061.0,974.0,328.0,25.3,23.0,2.6,88.7,2.19,2.0,0,1
2129,609504.0,1224.0,320.0,44.5,50.0,10.3,92.5,1.88,2.0,0,1
2130,408781.0,845.0,200.0,31.7,24.0,2.1,91.8,0.95,2.0,0,1
2131,704149.0,1575.0,200.0,44.4,2.0,12.0,94.1,0.98,2.0,0,1
2132,697924.0,2224.0,685.0,30.3,74.5,3.0,93.7,1.2,2.0,0,1
2133,550256.0,1179.0,200.0,22.6,17.0,23.55,95.3,0.79,2.0,0,1
2134,765550.0,1477.0,822.0,7.7,1.0,8.8,99.0,1.08,2.0,0,1
2135,965385.0,3083.0,1145.0,19.3,23.0,2.4,91.8,1.3,2.0,0,1
2136,647257.0,1430.0,200.0,29.0,13.0,5.8,88.6,1.25,1.0,0,1
2137,755386.0,1046.0,296.0,18.6,24.0,5.7,93.8,1.41,2.0,0,1
2138,675054.0,1608.0,860.0,19.6,31.0,1.9,94.9,1.35,2.0,0,1
2139,752035.0,1780.0,320.0,8.4,26.0,9.5,89.0,1.52,2.0,0,1
2140,821803.0,3516.0,1284.0,67.4,48.0,14.0,87.7,1.21,2.0,0,1
2141,1010294.0,2346.0,584.0,9.9,7.0,1.1,99.0,0.97,2.0,0,1
2142,832347.0,1730.0,739.0,19.7,23.0,4.8,90.7,1.49,2.0,0,1
2143,807816.0,1274.0,255.0,25.3,2.0,8.8,85.3,1.3,2.0,0,1
2144,674863.0,2333.0,989.0,30.1,20.0,23.55,93.4,1.39,2.0,0,1
2145,766024.0,2171.0,557.0,20.6,2.0,9.6,93.7,1.36,2.0,0,1
2146,787581.0,965.0,413.0,19.5,34.0,4.4,93.4,1.36,2.0,0,1
2147,717179.0,1537.0,650.0,1.8,23.0,23.55,93.1,2.12,2.0,0,1
2148,919055.0,1642.0,894.0,33.5,10.0,0.5,94.6,1.53,2.0,0,1
2149,520274.0,1113.0,206.0,59.1,5.0,23.55,94.6,1.21,2.0,0,1
2150,727803.0,1617.0,1019.0,17.9,13.0,5.5,92.3,1.7,2.0,0,1
2151,914332.0,2598.0,1002.0,37.0,0.0,14.5,94.0,1.14,2.0,0,1
2152,791279.0,2216.0,1165.0,44.5,74.5,7.6,97.1,0.89,2.0,0,1
2153,802324.0,1956.0,1065.0,39.7,53.0,14.8,93.1,1.46,2.0,0,1
2154,770089.0,1952.0,620.0,37.2,8.0,3.7,96.3,1.52,2.0,0,1
2155,595014.0,1301.0,480.0,47.6,9.0,18.3,93.3,1.63,2.0,0,1
2156,743195.0,1514.0,229.0,4.2,6.0,0.5,88.6,1.65,2.0,0,1
2157,940840.0,2564.0,1025.0,43.2,16.0,13.1,99.0,1.18,2.0,0,1
2158,873925.0,2257.0,652.0,19.8,34.0,2.8,99.0,1.13,2.0,0,1
2159,769692.0,1417.0,1109.0,12.5,19.0,1.2,99.0,1.64,2.0,0,1
2160,720602.0,1839.0,200.0,37.6,11.0,9.9,97.7,1.22,2.0,0,1
2161,811378.0,2165.0,585.0,9.0,14.0,0.8,93.6,1.33,1.0,0,1
2162,1106206.0,3566.625,1328.0,73.6625,11.0,18.0,93.4,2.06,2.0,0,1
2163,798538.0,1742.0,792.0,57.3,28.0,1.6,96.5,0.97,2.0,0,1
2164,599185.0,1564.0,1127.0,33.1,17.0,10.0,93.3,1.54,2.0,0,1
2165,908517.0,1936.0,1526.0,23.9,31.0,2.1,91.1,1.24,2.0,0,1
2166,811016.0,1711.0,931.0,44.5,5.0,5.5,92.2,1.56,2.0,0,1
2167,711387.0,1274.0,551.0,31.7,49.0,3.3,91.6,1.6,2.0,0,1
2168,841255.0,2093.0,670.0,45.8,12.0,2.3,92.2,1.25,2.0,0,1
2169,817204.0,1913.0,1160.0,26.6,6.0,4.6,94.2,1.3,1.0,0,1
2170,525613.0,1021.0,403.0,2.0,8.0,7.9,93.2,1.62,2.0,0,1
2171,725473.0,1409.0,533.0,16.1,18.0,5.9,99.0,1.0,2.0,0,1
2172,838729.0,1673.0,939.0,17.9,21.0,2.3,99.0,1.76,2.0,0,1
2173,861835.0,2995.0,1434.0,10.8,24.0,23.55,85.7,1.46,2.0,0,1
2174,550161.0,1015.0,344.0,45.1,26.0,2.5,96.7,1.68,1.0,0,1
2175,737863.0,1888.0,776.0,39.4,6.0,7.8,92.5,1.15,2.0,0,1
2176,637731.0,1545.0,329.0,49.2,23.0,1.1,98.3,1.41,2.0,0,1
2177,745190.0,1379.0,408.0,49.8,9.0,2.3,93.4,0.99,2.0,0,1
2178,1144050.0,3566.625,1118.0,28.6,38.0,2.0,87.0,1.36,1.0,0,1
2179,791244.0,2231.0,200.0,57.8,74.5,3.6,88.1,2.09,2.0,0,1
2180,919241.0,3324.0,1248.0,67.2,27.0,12.7,89.6,1.84,2.0,0,1
2181,374768.125,748.0,200.0,45.1,47.0,2.3,98.0,1.59,2.0,0,1
2182,782052.0,1943.0,931.0,22.0,10.0,6.7,92.6,1.51,2.0,0,1
2183,1088342.0,3134.0,1801.5,39.7,15.0,1.0,95.3,1.89,2.0,0,1
2184,699188.0,1630.0,1113.0,37.4,23.0,9.8,87.9,0.8,2.0,0,1
2185,663688.0,1451.0,200.0,30.8,6.0,12.5,98.9,1.44,2.0,0,1
2186,1127614.0,3170.0,1473.0,14.4,71.0,2.3,94.9,1.46,2.0,0,1
2187,1114547.0,2686.0,1103.0,9.5,22.0,4.2,97.6,1.04,2.0,0,1
2188,414669.0,903.0,277.0,17.6,36.0,23.55,91.4,1.73,2.0,0,1
2189,691423.0,1666.0,605.0,40.5,8.0,6.4,97.0,0.89,2.0,0,1
2190,911023.0,1715.0,200.0,10.1,1.0,1.3,95.6,1.35,2.0,0,1
2191,498514.0,1193.0,545.0,55.5,43.0,8.5,88.6,1.44,2.0,0,1
2192,894663.0,1881.0,992.0,7.9,12.0,0.5,91.0,1.56,2.0,0,1
2193,1114853.0,2432.0,1415.0,15.5,7.0,12.9,95.1,1.49,2.0,0,1
2194,691955.0,1415.0,962.0,29.0,17.0,1.3,90.9,1.1,2.0,0,1
2195,744565.0,1758.0,748.0,9.9,9.0,15.5,94.2,0.94,2.0,0,1
2196,814814.0,2104.0,851.0,16.3,16.0,4.7,97.3,1.65,1.0,0,1
2197,900943.0,2408.0,314.0,56.5,3.0,7.7,94.1,1.23,2.0,0,1
2198,750729.0,1895.0,385.0,55.1,29.0,16.1,96.4,1.98,2.0,0,1
2199,763210.0,1726.0,387.0,34.5,15.0,11.1,90.1,1.63,2.0,0,1
2200,800582.0,1778.0,870.0,18.2,26.0,10.1,94.3,1.67,2.0,0,1
2201,872274.0,2471.0,614.0,34.2,2.0,23.55,91.6,1.41,2.0,0,1
2202,516270.0,1103.0,349.0,48.3,26.0,13.5,93.4,1.36,2.0,0,1
2203,1199565.125,3314.0,1587.0,22.0,5.0,3.0,91.5,1.22,2.0,0,1
2204,932356.0,2953.0,1086.0,50.4,30.0,3.8,97.0,1.33,2.0,0,1
2205,814339.0,1360.0,716.0,22.7,7.0,1.8,98.3,1.49,2.0,0,1
2206,801995.0,1615.0,200.0,42.3,30.0,4.8,91.9,1.27,2.0,0,1
2207,861404.0,2472.0,1128.0,33.9,26.0,3.7,89.2,2.0,2.0,0,1
2208,648058.0,2080.0,742.0,49.6,4.0,1.5,93.4,1.61,1.0,0,1
2209,740898.0,1659.0,527.0,28.0,11.0,2.7,91.2,1.59,2.0,0,1
2210,659789.0,1885.0,329.0,34.4,48.0,18.2,99.0,1.65,2.0,0,1
2211,929331.0,2453.0,449.0,35.0,15.0,3.0,89.4,1.82,2.0,0,1
2212,590323.0,908.0,816.0,61.1,33.0,4.4,90.6,1.81,2.0,0,1
2213,731990.0,1431.0,200.0,21.6,4.0,5.9,95.7,1.64,2.0,0,1
2214,563381.0,1922.0,695.0,37.8,22.0,3.9,92.4,0.85,2.0,0,1
2215,775135.0,1366.0,200.0,4.8,15.0,1.2,92.5,1.51,2.0,0,1
2216,796122.0,2265.0,803.0,13.0,11.0,15.9,96.7,0.73,2.0,0,1
2217,692876.0,1695.0,519.0,26.4,21.0,23.55,96.3,1.31,2.0,0,1
2218,686041.0,1634.0,448.0,38.6,68.0,4.0,90.1,1.09,2.0,0,1
2219,741631.0,1200.0,1165.0,44.5,5.0,2.8,87.3,1.08,2.0,0,1
2220,768608.0,1504.0,262.0,25.0,1.0,0.9,94.8,1.56,2.0,0,1
2221,997409.0,2728.0,708.0,25.9,59.0,17.2,87.7,1.32,2.0,0,1
2222,647039.0,1202.0,440.0,31.2,1.0,14.2,86.4,0.99,2.0,0,1
2223,876311.0,2071.0,495.0,33.3,7.0,1.8,93.7,1.34,2.0,0,1
2224,552955.0,1781.0,270.0,32.6,32.0,23.55,89.4,1.39,2.0,0,1
2225,913925.0,2355.0,948.0,13.4,12.0,4.9,94.0,1.51,2.0,0,1
2226,655249.0,1639.0,406.0,33.3,65.0,2.3,89.1,1.11,2.0,0,1
2227,963920.0,2880.0,200.0,26.7,15.0,1.0,88.9,2.0,2.0,0,1
2228,805718.0,1756.0,410.0,24.1,21.0,3.8,88.8,1.51,2.0,0,1
2229,875540.0,2275.0,275.0,55.4,5.0,1.2,91.2,0.85,2.0,0,1
2230,684922.0,1382.0,200.0,5.9,53.0,23.55,95.1,1.56,2.0,0,1
2231,881117.0,1708.0,1158.0,15.4,16.0,4.0,96.1,1.34,2.0,0,1
2232,820795.0,1427.0,1128.0,16.7,13.0,13.5,93.6,1.6,2.0,0,1
2233,817776.0,1936.0,200.0,46.0,7.0,0.5,90.9,1.2,2.0,0,1
2234,623431.0,1027.0,660.0,41.1,14.0,9.8,94.9,1.36,1.0,0,1
2235,826306.0,1996.0,468.0,7.5,10.0,3.2,87.8,1.06,2.0,0,1
2236,880974.0,2123.0,320.0,7.5,46.0,2.5,90.9,1.5,2.0,0,1
2237,614030.0,1338.0,398.0,12.1,27.0,1.3,91.1,1.94,2.0,0,1
2238,760494.0,1828.0,203.0,29.7,1.0,7.5,91.9,0.82,2.0,0,1
2239,756090.0,1852.0,750.0,39.6,18.0,10.6,94.0,0.66,2.0,0,1
2240,824531.0,2117.0,200.0,14.2,7.0,7.9,94.6,1.55,2.0,0,1
2241,667106.0,1602.0,269.0,35.8,34.0,1.6,94.2,1.16,2.0,0,1
2242,501547.0,1435.0,200.0,68.1,0.0,1.7,94.6,1.42,2.0,0,1
2243,827405.0,1581.0,583.0,9.4,3.0,5.2,95.0,1.11,2.0,0,1
2244,759383.0,1572.0,705.0,20.4,74.5,2.6,93.8,1.94,2.0,0,1
2245,982718.0,3307.0,1276.0,48.5,4.0,8.6,91.7,1.37,2.0,0,1
2246,707857.0,1757.0,200.0,8.6,46.0,7.9,94.2,1.23,2.0,0,1
2247,705206.0,1641.0,1115.0,40.9,58.0,0.5,90.7,1.57,2.0,0,1
2248,653816.0,1215.0,200.0,33.8,14.0,2.8,93.5,1.58,2.0,0,1
2249,901106.0,2239.0,678.0,11.5,23.0,5.0,96.7,1.49,2.0,0,1
2250,849246.0,2327.0,987.0,59.3,31.0,6.0,90.8,1.19,2.0,0,1
2251,732224.0,1665.0,502.0,42.5,6.0,2.9,94.2,1.22,2.0,0,1
2252,817522.0,1230.0,773.0,3.3,8.0,3.1,97.9,1.73,2.0,0,1
2253,850961.0,2254.0,724.0,20.9,35.0,10.3,95.5,1.32,2.0,0,1
2254,810019.0,1915.0,637.0,59.1,12.0,9.3,94.8,1.97,2.0,0,1
2255,1040810.0,2127.0,1111.0,46.9,19.0,5.3,94.4,1.25,2.0,0,1
2256,761905.0,2022.0,464.0,47.1,74.5,2.6,99.0,1.36,2.0,0,1
2257,547240.0,1487.0,701.0,27.7,74.5,23.55,90.0,1.04,2.0,0,1
2258,674361.0,1588.0,200.0,41.4,37.0,0.8,95.1,1.53,2.0,0,1
2259,932598.0,2273.0,923.0,18.4,26.0,4.8,90.2,1.24,2.0,0,1
2260,751949.0,1429.0,649.0,28.1,10.0,5.3,92.6,1.41,2.0,0,1
2261,971418.0,2866.0,1525.0,13.5,4.0,13.8,96.4,1.33,2.0,0,1
2262,1199507.0,2907.0,1470.0,23.0,6.0,0.5,95.1,1.72,2.0,0,1
2263,666460.0,1739.0,707.0,45.5,14.0,0.5,95.0,1.17,2.0,0,1
2264,608313.0,1452.0,524.0,27.8,20.0,8.4,90.1,1.07,2.0,0,1
2265,821696.0,1705.0,446.0,55.3,2.0,1.5,97.1,1.87,2.0,0,1
2266,706068.0,1865.0,997.0,9.8,1.0,23.5,94.1,1.05,2.0,0,1
2267,1064759.0,2383.0,1195.0,5.1,17.0,1.2,96.7,1.1,2.0,0,1
2268,775517.0,2176.0,1163.0,26.6,12.0,18.5,96.2,0.98,2.0,0,1
2269,820705.0,1488.0,537.0,9.5,52.0,0.6,96.6,2.07,2.0,0,1
2270,867265.0,2053.0,1094.0,24.4,40.0,4.6,87.7,1.61,2.0,0,1
2271,633846.0,1459.0,614.0,28.4,53.0,1.5,88.3,1.03,2.0,0,1
2272,574510.0,1174.0,549.0,30.1,28.0,22.4,94.0,0.54,2.0,0,1
2273,667557.0,1937.0,690.0,51.8,8.0,7.7,87.9,2.14,2.0,0,1
2274,952637.0,2331.0,892.0,21.9,72.0,1.0,96.6,1.18,2.0,0,1
2275,738854.0,1729.0,746.0,47.8,7.0,3.1,88.9,1.02,2.0,0,1
2276,679726.0,1620.0,200.0,20.3,30.0,7.0,94.5,1.01,2.0,0,1
2277,524812.0,1073.0,270.0,22.2,21.0,2.9,96.2,1.19,2.0,0,1
2278,760029.0,2016.0,853.0,36.9,37.0,3.3,94.6,0.82,2.0,0,1
2279,866057.0,2582.0,293.0,14.7,49.0,8.4,93.3,1.18,2.0,0,1
2280,1012190.0,2494.0,631.0,50.0,20.0,3.4,93.8,1.97,2.0,0,1
2281,773504.0,1687.0,604.0,57.1,2.0,2.9,95.3,0.96,2.0,0,1
2282,901536.0,2043.0,1038.0,44.9,27.0,1.7,95.7,1.41,2.0,0,1
2283,1065592.0,3084.0,897.0,27.8,47.0,4.2,95.8,1.92,2.0,0,1
2284,638497.0,1859.0,278.0,29.8,28.0,13.2,90.4,1.55,2.0,0,1
2285,947742.0,2480.0,1580.0,43.0,22.0,0.9,92.9,0.93,2.0,0,1
2286,1007988.0,2019.0,1404.0,11.9,15.0,12.7,95.6,1.88,2.0,0,1
2287,880242.0,2154.0,552.0,46.8,74.5,0.5,92.1,1.35,2.0,0,1
2288,686010.0,1408.0,200.0,9.6,16.0,1.1,97.7,1.38,2.0,0,1
2289,721130.0,1972.0,260.0,58.6,74.5,0.7,94.2,1.4,2.0,0,1
2290,821538.0,1803.0,669.0,66.1,11.0,15.0,90.5,1.49,2.0,0,1
2291,682999.0,1359.0,958.0,24.8,6.0,1.6,92.4,1.56,2.0,0,1
2292,579242.0,1754.0,761.0,41.9,22.0,20.9,93.6,1.99,1.0,0,1
2293,811250.0,1783.0,813.0,23.8,2.0,22.4,92.0,1.5,2.0,0,1
2294,668939.0,1838.0,1015.0,32.3,5.0,23.55,94.4,2.06,2.0,0,1
2295,659821.0,1683.0,594.0,50.7,19.0,2.7,94.1,1.1,2.0,0,1
2296,928304.0,2374.0,200.0,43.8,19.0,1.8,93.8,1.18,2.0,0,1
2297,517545.0,1102.0,391.0,52.6,49.0,1.1,93.9,1.96,2.0,0,1
2298,1109394.0,3566.625,1379.0,35.1,43.0,2.0,92.8,1.63,2.0,0,1
2299,654534.0,1368.0,411.0,15.9,36.0,0.6,96.1,2.21,2.0,0,1
2300,763604.0,1949.0,682.0,29.7,40.0,0.8,95.0,1.37,2.0,0,1
2301,764177.0,1971.0,540.0,31.1,42.0,9.8,92.9,0.94,2.0,0,1
2302,534506.0,2367.0,232.0,17.1,19.0,14.8,92.5,2.24,1.0,0,1
2303,651880.0,1167.0,322.0,50.8,10.0,6.2,94.6,1.25,2.0,0,1
2304,801105.0,2161.0,576.0,43.2,12.0,5.2,91.0,0.99,2.0,0,1
2305,740992.0,1965.0,918.0,19.7,34.0,4.1,89.6,1.71,2.0,0,1
2306,835253.0,2032.0,792.0,46.1,16.0,21.3,92.8,1.33,2.0,0,1
2307,679967.0,1419.0,845.0,47.5,0.0,10.9,89.8,1.47,2.0,0,1
2308,910483.0,1952.0,885.0,24.7,18.0,2.2,90.1,1.1,2.0,0,1
2309,1199565.125,3458.0,1320.0,19.7,4.0,1.2,98.0,0.88,2.0,0,1
2310,493386.0,1280.0,258.0,54.0,43.0,2.0,83.7,0.83,2.0,0,1
2311,988608.0,2700.0,1180.0,17.4,20.0,5.8,90.7,1.37,2.0,0,1
2312,820206.0,2400.0,401.0,35.2,9.0,0.6,94.4,1.82,2.0,0,1
2313,1030641.0,3496.0,874.0,45.9,11.0,1.3,90.7,1.53,2.0,0,1
2314,618569.0,1652.0,674.0,58.1,2.0,6.3,97.7,1.96,2.0,0,1
2315,839331.0,1383.0,604.0,16.7,21.0,0.5,94.1,1.54,2.0,0,1
2316,736160.0,2028.0,307.0,32.6,4.0,4.0,94.5,0.5,2.0,0,1
2317,829487.0,1808.0,1073.0,29.5,61.0,5.5,93.2,1.14,2.0,0,1
2318,902655.0,2124.0,200.0,3.7,18.0,6.9,89.5,1.12,2.0,0,1
2319,879393.0,1755.0,751.0,43.7,15.0,0.7,98.6,1.41,2.0,0,1
2320,738183.0,1164.0,529.0,40.5,7.0,0.5,92.6,1.13,2.0,0,1
2321,681730.0,2060.0,200.0,60.6,74.5,18.5,88.1,1.92,2.0,0,1
2322,861983.0,1837.0,200.0,27.3,50.0,4.5,92.8,1.95,2.0,0,1
2323,1199565.125,3566.625,1801.5,19.3,25.0,12.5,98.5,1.64,2.0,0,1
2324,628022.0,1373.0,903.0,30.2,54.0,23.55,97.1,1.17,2.0,0,1
2325,1199565.125,3566.625,1517.0,6.6,18.0,9.9,95.5,1.24,1.0,0,1
2326,467664.0,936.0,262.0,36.8,29.0,8.3,89.3,1.51,2.0,0,1
2327,874740.0,2289.0,1130.0,31.1,11.0,11.8,94.0,0.96,2.0,0,1
2328,678400.0,1526.0,200.0,29.9,15.0,1.6,89.0,1.28,2.0,0,1
2329,888117.0,2247.0,327.0,35.5,13.0,1.7,94.4,1.1,2.0,0,1
2330,845467.0,2148.0,747.0,32.8,74.5,2.4,92.9,2.09,2.0,0,1
2331,828851.0,2437.0,466.0,63.2,1.0,4.0,93.6,1.11,2.0,0,1
2332,737524.0,1183.0,309.0,19.0,40.0,5.6,98.1,1.01,2.0,0,1
2333,388384.0,1158.0,200.0,14.3,9.0,23.55,96.1,1.5,2.0,0,1
2334,903070.0,2584.0,444.0,44.0,7.0,4.8,90.4,1.99,1.0,0,1
2335,842205.0,1058.0,447.0,1.4,10.0,6.1,95.8,2.21,2.0,0,1
2336,819696.0,1763.0,1140.0,8.8,52.0,1.6,98.5,1.07,2.0,0,1
2337,683943.0,1648.0,250.0,44.3,12.0,12.9,94.1,1.86,2.0,0,1
2338,709362.0,1163.0,643.0,67.8,42.0,10.1,90.2,0.92,2.0,0,1
2339,786363.0,1543.0,1166.0,6.0,56.0,7.8,98.3,1.08,2.0,0,1
2340,828800.0,1884.0,508.0,35.3,13.0,18.3,99.0,1.49,2.0,0,1
2341,861951.0,1806.0,994.0,20.5,38.0,2.5,91.6,1.33,2.0,0,1
2342,779484.0,1459.0,650.0,33.9,25.0,3.0,95.8,1.27,2.0,0,1
2343,719882.0,1845.0,484.0,21.6,14.0,9.2,99.0,1.4,2.0,0,1
2344,521178.0,909.0,200.0,25.4,74.5,1.6,92.9,1.6,2.0,0,1
2345,604106.0,1707.0,747.0,55.8,66.0,0.6,91.2,1.33,2.0,0,1
2346,864961.0,1986.0,702.0,38.1,54.0,15.1,96.5,1.18,2.0,0,1
2347,984286.0,2423.0,991.0,21.7,8.0,1.4,96.0,1.45,2.0,0,1
2348,806453.0,2244.0,413.0,38.8,6.0,10.4,95.7,1.54,1.0,0,1
2349,736678.0,2229.0,200.0,42.0,25.0,5.2,89.4,1.28,2.0,0,1
2350,832598.0,2180.0,840.0,35.3,14.0,2.0,93.0,1.07,2.0,0,1
2351,844133.0,1677.0,948.0,9.6,47.0,18.7,97.6,0.85,2.0,0,1
2352,842952.0,1668.0,1257.0,11.1,27.0,5.4,93.2,1.24,2.0,0,1
2353,1083798.0,2843.0,950.0,16.8,1.0,7.1,89.7,1.11,1.0,0,1
2354,730635.0,2285.0,700.0,28.3,40.0,5.5,96.6,2.29,2.0,0,1
2355,914846.0,1862.0,495.0,46.7,8.0,0.5,88.6,1.4,2.0,0,1
2356,761306.0,1352.0,507.0,10.6,60.0,4.4,93.2,1.35,2.0,0,1
2357,707666.0,1266.0,200.0,6.6,41.0,0.8,93.4,1.17,2.0,0,1
2358,908571.0,2239.0,862.0,30.1,14.0,4.5,92.3,1.31,2.0,0,1
2359,629826.0,1315.0,352.0,36.8,68.0,0.7,92.0,2.06,1.0,0,1
2360,739619.0,1526.0,545.0,34.2,1.0,5.6,89.2,1.88,2.0,0,1
2361,802377.0,2007.0,816.0,14.4,18.0,19.1,95.1,2.2,2.0,0,1
2362,797419.0,1702.0,655.0,15.7,4.0,0.8,91.5,1.18,2.0,0,1
2363,788874.0,1348.0,580.0,4.3,39.0,0.5,96.6,1.93,2.0,0,1
2364,899674.0,1564.0,200.0,11.4,21.0,1.6,88.6,1.35,2.0,0,1
2365,567451.0,1863.0,993.0,30.5,55.0,2.2,90.5,1.91,2.0,0,1
2366,608811.0,1816.0,200.0,47.6,37.0,6.4,89.1,1.61,2.0,0,1
2367,657955.0,1342.0,469.0,33.7,20.0,7.2,98.8,0.83,2.0,0,1
2368,425263.0,1380.0,230.0,56.3,8.0,23.55,94.7,1.35,2.0,0,1
2369,786658.0,1527.0,780.0,39.9,6.0,14.9,85.9,1.27,2.0,0,1
2370,963708.0,2776.0,1196.0,4.3,16.0,0.5,83.54999999999998,1.42,2.0,0,1
2371,848717.0,1830.0,568.0,16.5,5.0,2.6,94.6,1.49,2.0,0,1
2372,914567.0,2022.0,279.0,32.7,1.0,0.8,99.0,1.17,2.0,0,1
2373,1081148.0,3098.0,1691.0,13.2,3.0,1.4,89.4,1.38,2.0,0,1
2374,926060.0,2720.0,990.0,24.5,11.0,9.2,93.8,1.38,2.0,0,1
2375,1183148.0,3566.625,1398.0,33.2,6.0,6.5,91.4,1.45,2.0,0,1
2376,989944.0,2529.0,925.0,35.3,29.0,4.2,89.6,1.63,2.0,0,1
2377,947619.0,2256.0,1094.0,38.6,1.0,1.3,95.5,1.62,2.0,0,1
2378,573395.0,1284.0,200.0,35.1,1.0,1.1,92.9,1.78,2.0,0,1
2379,579699.0,973.0,1050.0,12.3,56.0,8.6,89.8,1.67,2.0,0,1
2380,761908.0,1638.0,475.0,57.7,35.0,4.0,90.8,0.84,2.0,0,1
2381,855994.0,3045.0,1606.0,28.3,43.0,10.8,92.4,1.51,2.0,0,1
2382,866804.0,1847.0,200.0,4.2,20.0,5.7,89.7,1.85,2.0,0,1
2383,843142.0,1765.0,581.0,10.8,8.0,13.7,95.6,1.04,2.0,0,1
2384,698432.0,1780.0,535.0,27.0,14.0,5.7,88.5,1.56,2.0,0,1
2385,840251.0,2046.0,436.0,24.5,39.0,12.3,92.6,0.85,2.0,0,1
2386,750416.0,1504.0,393.0,26.7,74.5,3.6,91.5,1.08,2.0,0,1
2387,783475.0,1242.0,694.0,24.3,5.0,2.1,90.9,1.78,2.0,0,1
2388,890003.0,2515.0,1026.0,42.9,4.0,6.9,87.6,0.97,2.0,0,1
2389,945810.0,3566.625,1386.0,63.1,34.0,14.0,89.2,1.36,2.0,0,1
2390,737206.0,1409.0,459.0,18.9,3.0,10.4,88.8,1.92,2.0,0,1
2391,923375.0,1940.0,770.0,51.1,18.0,0.5,99.0,1.64,2.0,0,1
2392,934716.0,2346.0,200.0,8.7,52.0,6.7,89.5,1.28,2.0,0,1
2393,808355.0,1495.0,284.0,4.5,33.0,2.2,95.9,1.3,2.0,0,1
2394,760837.0,1471.0,482.0,15.8,74.5,0.5,99.0,1.79,2.0,0,1
2395,1199565.125,3566.625,1617.0,65.4,2.0,0.7,93.8,1.82,2.0,0,1
2396,1075527.0,2663.0,1297.0,18.4,0.0,11.6,98.9,1.53,2.0,0,1
2397,808454.0,1288.0,298.0,21.3,5.0,0.7,95.4,1.68,2.0,0,1
2398,597151.0,1381.0,200.0,26.4,4.0,20.4,94.7,1.59,2.0,0,1
2399,845234.0,2174.0,338.0,23.4,6.0,14.5,97.9,1.61,2.0,0,1
2400,671636.0,1325.0,487.0,60.4,58.0,4.1,94.5,1.45,2.0,0,1
2401,985283.0,2192.0,409.0,16.6,17.0,5.7,94.2,1.47,2.0,0,1
2402,817788.0,1769.0,262.0,29.5,15.0,8.3,94.7,1.64,2.0,0,1
2403,866077.0,2145.0,1398.0,18.8,4.0,6.9,95.5,1.39,2.0,0,1
2404,662975.0,1278.0,864.0,20.5,18.0,9.7,89.7,1.48,2.0,0,1
2405,572026.0,1864.0,582.0,49.3,1.0,15.4,87.3,1.63,1.0,0,1
2406,756105.0,1004.0,712.0,34.4,41.0,5.4,90.6,1.61,2.0,0,1
2407,860565.0,2177.0,1456.0,16.8,8.0,6.6,99.0,0.66,2.0,0,1
2408,918752.0,2198.0,1529.0,13.9,19.0,0.6,98.0,1.21,2.0,0,1
2409,645066.0,957.0,200.0,22.1,46.0,12.5,88.3,1.56,2.0,0,1
2410,691005.0,1830.0,477.0,37.9,20.0,0.5,91.2,1.84,2.0,0,1
2411,870527.0,1573.0,907.0,18.0,3.0,9.0,98.5,1.55,2.0,0,1
2412,750221.0,2560.0,445.0,24.0,3.0,1.1,89.5,1.61,2.0,0,1
2413,651778.0,1471.0,409.0,21.8,8.0,3.2,89.7,1.44,2.0,0,1
2414,1002047.0,2981.0,844.0,20.1,8.0,14.0,95.9,1.56,2.0,0,1
2415,745721.0,1855.0,776.0,32.8,68.0,13.6,90.7,1.51,2.0,0,1
2416,646424.0,1560.0,582.0,36.9,1.0,1.8,93.2,1.58,2.0,0,1
2417,802667.0,1592.0,424.0,11.1,18.0,3.8,86.7,1.86,2.0,0,1
2418,545852.0,830.0,200.0,34.1,1.0,5.9,94.5,1.15,1.0,0,1
2419,892013.0,2246.0,250.0,12.9,5.0,0.5,97.0,1.82,2.0,0,1
2420,683452.0,1963.0,200.0,36.7,8.0,21.1,92.8,1.4,2.0,0,1
2421,700586.0,1533.0,679.0,27.4,6.0,2.7,91.8,2.02,2.0,0,1
2422,638525.0,1523.0,424.0,12.7,17.0,8.2,94.5,1.57,2.0,0,1
2423,872824.0,1278.0,434.0,51.1,40.0,1.9,96.4,1.43,2.0,0,1
2424,687160.0,1373.0,200.0,20.8,15.0,0.6,85.2,1.3,2.0,0,1
2425,775251.0,2263.0,837.0,11.9,71.0,6.6,92.6,0.81,2.0,0,1
2426,746511.0,1765.0,840.0,39.5,7.0,3.7,92.6,1.74,2.0,0,1
2427,840645.0,1985.0,520.0,11.8,67.0,0.5,98.6,1.86,2.0,0,1
2428,715979.0,1214.0,200.0,27.3,0.0,3.7,94.9,1.52,2.0,0,1
2429,1156564.0,3566.625,1325.0,31.0,74.5,5.5,92.0,1.6,2.0,0,1
2430,861806.0,1883.0,801.0,33.6,8.0,1.9,95.2,0.83,2.0,0,1
2431,764404.0,2130.0,1105.0,31.5,12.0,7.1,91.2,1.16,2.0,0,1
2432,741711.0,2123.0,565.0,12.6,23.0,18.4,91.8,1.26,2.0,0,1
2433,1147027.0,3478.0,1281.0,8.4,70.0,5.1,90.4,1.75,2.0,0,1
2434,946671.0,2883.0,1321.0,73.2,39.0,15.6,98.6,0.92,2.0,0,1
2435,649760.0,1505.0,289.0,10.0,57.0,0.8,87.3,1.65,2.0,0,1
2436,813662.0,3074.0,1042.0,10.2,33.0,8.2,91.4,1.58,1.0,0,1
2437,822492.0,1703.0,492.0,12.1,5.0,0.5,88.9,1.04,2.0,0,1
2438,962626.0,3228.0,1261.0,64.2,37.0,8.2,87.9,1.36,2.0,0,1
2439,789275.0,1652.0,502.0,26.8,10.0,3.6,97.5,0.88,2.0,0,1
2440,843109.0,1766.0,608.0,41.1,6.0,4.6,92.2,1.13,2.0,0,1
2441,725704.0,1660.0,691.0,33.0,4.0,6.8,88.9,1.54,2.0,0,1
2442,699566.0,1638.0,641.0,20.6,33.0,15.0,90.4,1.24,2.0,0,1
2443,826959.0,1809.0,846.0,29.0,12.0,1.9,97.3,1.37,2.0,0,1
2444,821656.0,1473.0,497.0,19.8,2.0,4.1,92.9,1.11,2.0,0,1
2445,913831.0,1646.0,536.0,17.7,2.0,3.4,97.6,1.56,2.0,0,1
2446,762265.0,1597.0,200.0,33.1,25.0,2.5,96.1,0.9,2.0,0,1
2447,713697.0,1220.0,200.0,9.5,24.0,22.2,96.8,1.7,2.0,0,1
2448,971784.0,2497.0,973.0,21.9,6.0,2.3,97.2,1.16,2.0,0,1
2449,642902.0,2136.0,476.0,51.7,48.0,23.55,91.7,1.2,2.0,0,1
2450,765223.0,1655.0,200.0,30.3,9.0,7.7,96.4,1.92,2.0,0,1
2451,914142.0,2701.0,840.0,22.9,48.0,3.3,90.2,1.05,2.0,0,1
2452,1068328.0,2233.0,702.0,14.2,8.0,9.6,96.2,2.06,2.0,0,1
2453,737503.0,2487.0,1292.0,47.9,74.5,0.5,97.1,1.37,2.0,0,1
2454,871465.0,1499.0,439.0,38.7,13.0,1.9,95.1,2.16,2.0,0,1
2455,913226.0,1938.0,312.0,23.1,9.0,10.1,92.4,1.36,2.0,0,1
2456,744367.0,1873.0,746.0,54.6,4.0,5.0,89.1,0.5,2.0,0,1
2457,799561.0,2005.0,588.0,22.6,28.0,4.9,91.7,2.03,2.0,0,1
2458,709003.0,2335.0,826.0,14.7,53.0,11.4,92.5,1.49,2.0,0,1
2459,796386.0,1688.0,486.0,35.7,4.0,0.6,93.8,1.2,2.0,0,1
2460,1068895.0,2581.0,1379.0,10.0,4.0,4.9,93.6,1.61,2.0,0,1
2461,812028.0,2567.0,1041.0,48.1,35.0,6.3,91.7,1.24,2.0,0,1
2462,619567.0,945.0,200.0,41.8,21.0,2.2,96.0,1.31,1.0,0,1
2463,1199565.125,3566.625,1801.5,20.2,5.0,7.1,90.1,1.44,2.0,0,1
2464,916876.0,2139.0,1019.0,25.4,19.0,5.8,91.6,1.79,2.0,0,1
2465,927546.0,2300.0,612.0,16.4,40.0,3.8,95.7,1.19,2.0,0,1
2466,1008843.0,2306.0,200.0,10.7,2.0,0.5,95.6,1.63,2.0,0,1
2467,771128.0,1478.0,617.0,48.6,16.0,8.5,94.4,1.02,2.0,0,1
2468,615053.0,1039.0,919.0,31.0,23.0,23.55,87.3,1.85,2.0,0,1
2469,844493.0,1754.0,907.0,7.6,45.0,2.7,93.9,1.27,2.0,0,1
2470,838904.0,1916.0,510.0,23.5,4.0,16.5,98.4,1.53,2.0,0,1
2471,803271.0,2229.0,893.0,27.5,43.0,23.55,89.4,1.7,2.0,0,1
2472,986582.0,2628.0,991.0,49.9,11.0,3.2,95.0,1.36,2.0,0,1
2473,970067.0,2114.0,1327.0,10.6,27.0,2.6,92.8,1.24,2.0,0,1
2474,862787.0,1756.0,200.0,26.8,3.0,0.5,98.1,1.23,2.0,0,1
2475,632105.0,1151.0,200.0,19.8,6.0,1.8,87.3,1.64,2.0,0,1
2476,900349.0,2285.0,931.0,20.3,5.0,5.4,94.2,1.25,2.0,0,1
2477,943670.0,2500.0,1202.0,3.1,34.0,17.8,91.3,1.5,2.0,0,1
2478,814275.0,1543.0,294.0,19.1,16.0,2.0,88.4,1.51,2.0,0,1
2479,842203.0,1853.0,267.0,11.4,8.0,12.2,92.3,1.02,2.0,0,1
2480,1199565.125,3566.625,1126.0,26.3,6.0,8.3,94.1,1.88,2.0,0,1
2481,861043.0,2994.0,511.0,19.2,48.0,17.5,92.3,1.39,2.0,0,1
2482,819652.0,1499.0,314.0,2.9,20.0,6.7,88.8,1.18,2.0,0,1
2483,795088.0,2280.0,1265.0,38.1,6.0,13.8,94.2,1.51,2.0,0,1
2484,792172.0,2139.0,665.0,32.0,38.0,2.0,96.3,0.55,1.0,0,1
2485,1015961.0,1992.0,791.0,6.7,17.0,1.3,86.6,1.12,2.0,0,1
2486,776140.0,1345.0,200.0,39.7,7.0,0.6,90.4,1.04,2.0,0,1
2487,623879.0,1484.0,714.0,31.5,49.0,3.0,95.0,1.86,2.0,0,1
2488,915594.0,1932.0,888.0,26.7,10.0,3.0,94.8,1.46,2.0,0,1
2489,1114064.0,3375.0,806.0,30.2,14.0,2.5,93.0,0.79,2.0,0,1
2490,682060.0,1572.0,540.0,57.2,7.0,2.1,96.0,1.77,2.0,0,1
2491,748749.0,1779.0,734.0,9.5,1.0,7.5,95.3,1.65,2.0,0,1
2492,1199565.125,3566.625,1542.0,22.8,45.0,4.9,93.1,1.5,2.0,0,1
2493,862699.0,2594.0,1065.0,12.9,74.5,2.2,91.9,1.95,2.0,0,1
2494,925891.0,2208.0,724.0,10.2,7.0,2.1,96.1,1.78,2.0,0,1
2495,892097.0,2213.0,864.0,46.6,6.0,8.7,94.6,1.64,2.0,0,1
2496,1008533.0,2615.0,788.0,14.5,29.0,1.4,84.6,1.18,2.0,0,1
2497,817712.0,1698.0,439.0,48.1,71.0,1.7,92.5,1.52,2.0,0,1
2498,671195.0,1352.0,805.0,14.5,36.0,4.7,92.6,1.61,2.0,0,1
2499,562254.0,1118.0,614.0,14.2,26.0,3.2,94.1,1.52,2.0,0,1
2500,950810.0,2256.0,1161.0,32.5,0.0,6.9,88.6,1.37,2.0,0,1
2501,702100.0,1616.0,642.0,10.6,17.0,3.0,89.1,1.19,2.0,0,1
2502,731046.0,1921.0,484.0,31.2,29.0,23.4,87.6,1.33,2.0,0,1
2503,1068561.0,1927.0,708.0,19.6,46.0,2.9,92.1,1.31,2.0,0,1
2504,827282.0,2735.0,974.0,47.3,55.0,17.2,94.0,1.45,2.0,0,1
2505,825263.0,1480.0,226.0,33.9,10.0,0.5,90.5,1.74,2.0,0,1
2506,672565.0,1510.0,572.0,20.4,0.0,0.5,89.3,0.89,2.0,0,1
2507,839298.0,2306.0,1107.0,26.4,74.5,7.1,93.0,1.34,2.0,0,1
2508,649001.0,1150.0,204.0,31.0,13.0,13.8,86.6,2.06,2.0,0,1
2509,865585.0,1739.0,1250.0,24.7,4.0,0.7,95.6,0.78,2.0,0,1
2510,600454.0,1055.0,200.0,13.3,13.0,3.1,95.3,1.23,1.0,0,1
2511,730087.0,1413.0,280.0,12.0,8.0,2.8,92.7,1.3,2.0,0,1
2512,974890.0,2036.0,792.0,8.8,1.0,3.2,93.3,1.34,2.0,0,1
2513,709643.0,1749.0,701.0,50.1,51.0,5.1,94.0,1.62,2.0,0,1
2514,817736.0,2029.0,847.0,14.4,58.0,1.4,96.0,1.47,2.0,0,1
2515,938707.0,3381.0,1180.0,16.5,21.0,2.8,89.9,2.2,2.0,0,1
2516,758206.0,1775.0,643.0,32.5,47.0,1.2,97.3,1.75,1.0,0,1
2517,725230.0,1418.0,742.0,19.8,39.0,2.4,88.2,1.22,2.0,0,1
2518,1060395.0,2416.0,1141.0,23.5,32.0,3.7,88.6,1.16,2.0,0,1
2519,591524.0,1540.0,1069.0,54.0,21.0,12.6,96.8,1.74,1.0,0,1
2520,547562.0,1283.0,633.0,39.1,7.0,7.7,92.3,2.12,2.0,0,1
2521,1009489.0,1770.0,705.0,5.6,22.0,9.2,96.8,1.85,2.0,0,1
2522,710769.0,1200.0,283.0,12.1,3.0,16.3,88.0,1.32,2.0,0,1
2523,731095.0,1936.0,1179.0,28.8,17.0,7.3,93.5,1.16,2.0,0,1
2524,927644.0,2199.0,995.0,64.9,3.0,8.6,93.1,1.64,2.0,0,1
2525,893257.0,2488.0,764.0,27.0,20.0,23.55,95.0,1.54,2.0,0,1
2526,739889.0,1838.0,434.0,16.5,19.0,9.4,98.7,1.94,2.0,0,1
2527,911683.0,2462.0,1212.0,22.6,31.0,3.0,89.7,1.42,2.0,0,1
2528,1078450.0,2599.0,613.0,1.0,40.0,6.0,92.2,0.8,2.0,0,1
2529,895869.0,2854.0,1322.0,5.8,73.0,6.8,88.3,1.72,2.0,0,1
2530,781612.0,1929.0,973.0,35.1,1.0,10.9,96.2,1.33,2.0,0,1
2531,763331.0,1520.0,692.0,14.8,38.0,1.6,91.3,1.35,2.0,0,1
2532,762687.0,1824.0,724.0,35.9,7.0,5.9,97.6,0.5,2.0,0,1
2533,805659.0,2231.0,200.0,16.6,4.0,2.3,92.5,1.14,2.0,0,1
2534,558091.0,1258.0,411.0,36.2,61.0,2.2,96.4,1.1,2.0,0,1
2535,898952.0,1645.0,864.0,23.0,13.0,0.8,99.0,1.45,2.0,0,1
2536,690552.0,1520.0,200.0,8.4,74.5,0.5,89.5,1.81,2.0,0,1
2537,1105535.0,3123.0,920.0,10.4,9.0,12.2,85.6,1.73,2.0,0,1
2538,695580.0,1947.0,898.0,8.3,74.5,6.8,93.4,1.17,2.0,0,1
2539,955522.0,2597.0,1604.0,37.8,36.0,4.2,95.0,0.61,2.0,0,1
2540,784960.0,1533.0,461.0,33.2,52.0,2.6,91.7,1.35,2.0,0,1
2541,693370.0,2032.0,588.0,24.5,19.0,0.5,86.0,1.45,2.0,0,1
2542,821790.0,2127.0,354.0,56.1,21.0,1.9,89.2,1.8,2.0,0,1
2543,804115.0,1514.0,421.0,2.4,52.0,8.6,89.9,1.49,2.0,0,1
2544,720803.0,1044.0,200.0,9.5,3.0,2.6,93.0,0.85,2.0,0,1
2545,631277.0,1550.0,200.0,18.3,74.5,13.7,91.2,1.09,2.0,0,1
2546,763323.0,2424.0,484.0,39.2,7.0,23.55,86.9,1.27,1.0,0,1
2547,701553.0,1593.0,1205.0,39.9,12.0,7.4,86.2,0.98,2.0,0,1
2548,803254.0,1777.0,223.0,73.6625,42.0,3.0,94.3,1.18,2.0,0,1
2549,751772.0,1833.0,298.0,14.2,1.0,4.2,93.7,1.84,1.0,0,1
2550,896529.0,2326.0,774.0,52.1,20.0,1.7,90.5,1.43,2.0,0,1
2551,973795.0,2653.0,628.0,37.2,6.0,0.5,96.9,1.37,1.0,0,1
2552,832024.0,2231.0,978.0,16.8,28.0,23.55,85.6,1.46,2.0,0,1
2553,792508.0,1897.0,566.0,34.1,3.0,0.5,91.0,1.75,2.0,0,1
2554,819965.0,2045.0,759.0,20.4,24.0,7.0,96.6,1.75,2.0,0,1
2555,736089.0,1931.0,412.0,27.3,6.0,1.6,89.9,0.73,2.0,0,1
2556,693935.0,1205.0,377.0,17.0,49.0,7.7,97.1,0.93,2.0,0,1
2557,722329.0,2001.0,866.0,17.0,25.0,4.2,88.1,1.57,1.0,0,1
2558,812651.0,1653.0,210.0,32.4,13.0,1.3,99.0,1.54,2.0,0,1
2559,1105892.0,2729.0,537.0,19.5,3.0,0.5,95.6,1.15,2.0,0,1
2560,894421.0,2219.0,1133.0,19.7,12.0,0.6,93.7,1.04,2.0,0,1
2561,939743.0,2913.0,1283.0,36.2,28.0,23.55,86.8,1.14,2.0,0,1
2562,852559.0,1708.0,383.0,19.9,7.0,4.5,97.7,0.7,2.0,0,1
2563,410878.0,1694.0,672.0,26.8,74.5,23.55,88.5,1.46,2.0,0,1
2564,863812.0,1338.0,331.0,26.6,9.0,5.7,93.1,1.34,2.0,0,1
2565,615687.0,1133.0,200.0,41.3,74.5,3.0,99.0,0.87,2.0,0,1
2566,861864.0,2538.0,1064.0,47.7,3.0,6.3,88.4,1.44,2.0,0,1
2567,586775.0,751.0,200.0,37.6,21.0,9.4,96.2,1.01,2.0,0,1
2568,1152544.0,2575.0,200.0,20.6,11.0,8.4,92.6,1.27,2.0,0,1
2569,1199565.125,2922.0,1554.0,7.9,16.0,0.7,93.2,1.46,2.0,0,1
2570,1048745.0,2217.0,415.0,40.4,10.0,1.2,94.0,1.82,2.0,0,1
2571,877128.0,1739.0,801.0,36.6,47.0,0.7,96.9,1.13,2.0,0,1
2572,747193.0,1788.0,721.0,29.7,5.0,11.7,94.9,1.99,2.0,0,1
2573,745935.0,2184.0,1125.0,16.6,74.5,11.5,96.2,2.08,2.0,0,1
2574,836989.0,2902.0,1123.0,7.2,5.0,21.1,93.4,1.61,1.0,0,1
2575,679662.0,1427.0,200.0,12.7,20.0,11.0,90.9,1.2,2.0,0,1
2576,561193.0,1102.0,389.0,47.7,30.0,13.2,95.7,1.4,2.0,0,1
2577,1083355.0,3321.0,921.0,20.1,5.0,6.4,94.5,1.27,1.0,0,1
2578,516414.0,1412.0,635.0,26.6,18.0,8.1,87.4,1.04,2.0,0,1
2579,840736.0,1623.0,200.0,24.6,11.0,5.0,89.1,0.84,2.0,0,1
2580,590007.0,1985.0,200.0,72.0,27.0,2.0,91.6,1.68,2.0,0,1
2581,473028.0,1188.0,876.0,21.1,2.0,23.55,93.2,1.44,2.0,0,1
2582,740270.0,2247.0,200.0,43.2,55.0,2.9,92.2,0.95,2.0,0,1
2583,863940.0,1687.0,1037.0,19.0,4.0,7.8,91.9,0.69,2.0,0,1
2584,1103598.0,2522.0,696.0,4.6,13.0,4.5,92.8,1.76,2.0,0,1
2585,690208.0,1481.0,853.0,73.6625,25.0,6.2,93.0,1.35,2.0,0,1
2586,574703.0,1483.0,454.0,24.4,53.0,2.6,87.8,1.81,2.0,0,1
2587,716842.0,1676.0,360.0,27.7,7.0,7.6,92.2,1.72,2.0,0,1
2588,571062.0,1468.0,346.0,23.9,14.0,7.2,90.5,0.58,2.0,0,1
2589,797129.0,1434.0,1070.0,9.3,44.0,4.8,96.7,1.62,2.0,0,1
2590,755164.0,1173.0,229.0,25.6,8.0,2.0,87.6,1.4,2.0,0,1
2591,587230.0,1044.0,368.0,61.0,51.0,0.5,90.6,1.03,2.0,0,1
2592,487423.0,896.0,498.0,38.5,7.0,7.0,93.4,1.85,1.0,0,1
2593,624593.0,1391.0,435.0,40.7,11.0,18.0,89.9,0.5,2.0,0,1
2594,639055.0,1228.0,1119.0,27.8,2.0,5.9,89.0,1.38,2.0,0,1
2595,807697.0,1367.0,521.0,8.3,34.0,4.7,91.2,1.73,2.0,0,1
2596,846649.0,2150.0,756.0,42.0,4.0,23.55,91.3,1.02,2.0,0,1
2597,1175109.0,3566.625,1020.0,40.9,5.0,8.4,88.8,1.84,2.0,0,1
2598,716320.0,1852.0,684.0,45.3,29.0,4.5,93.8,1.13,2.0,0,1
2599,783447.0,1382.0,200.0,10.6,54.0,1.3,97.3,1.75,2.0,0,1
2600,615743.0,1240.0,862.0,45.7,9.0,17.5,89.6,1.71,2.0,0,1
2601,822432.0,1686.0,1311.0,6.4,41.0,1.5,94.7,1.49,2.0,0,1
2602,596783.0,902.0,200.0,22.6,10.0,15.8,86.9,1.42,2.0,0,1
2603,764134.0,1670.0,1248.0,36.6,26.0,1.8,92.1,1.39,2.0,0,1
2604,969641.0,1896.0,734.0,7.7,24.0,1.5,87.7,1.22,2.0,0,1
2605,607049.0,1452.0,221.0,54.1,39.0,4.0,97.1,1.2,2.0,0,1
2606,665023.0,1619.0,1135.0,28.5,69.0,23.55,93.9,1.87,2.0,0,1
2607,787294.0,1911.0,274.0,16.3,74.5,3.1,99.0,0.95,2.0,0,1
2608,717852.0,1904.0,509.0,31.4,27.0,23.55,92.2,1.4,2.0,0,1
2609,623916.0,1070.0,200.0,8.2,74.5,2.1,97.6,1.41,2.0,0,1
2610,1029982.0,2496.0,1363.0,15.6,16.0,6.0,93.9,1.29,1.0,0,1
2611,683069.0,1919.0,715.0,51.5,21.0,0.7,96.7,1.56,1.0,0,1
2612,799509.0,1790.0,657.0,45.6,9.0,23.55,94.6,1.38,2.0,0,1
2613,690366.0,1280.0,200.0,28.2,74.5,3.2,87.7,1.58,2.0,0,1
2614,1098883.0,2736.0,627.0,14.9,16.0,4.5,99.0,1.45,2.0,0,1
2615,969254.0,2590.0,1184.0,14.7,9.0,11.1,95.9,1.08,2.0,0,1
2616,749392.0,1517.0,863.0,29.4,37.0,3.7,95.9,1.01,1.0,0,1
2617,693403.0,2114.0,200.0,61.7,15.0,3.4,86.9,1.47,2.0,0,1
2618,1199565.125,3566.625,1656.0,6.9,22.0,12.8,94.1,1.36,2.0,0,1
2619,738781.0,1123.0,228.0,17.6,56.0,2.9,91.0,1.6,2.0,0,1
2620,402869.0,1281.0,973.0,54.1,5.0,10.4,89.0,1.29,1.0,0,1
2621,684837.0,1430.0,200.0,14.0,52.0,5.2,91.7,1.78,2.0,0,1
2622,700913.0,1248.0,415.0,2.2,36.0,8.8,89.4,1.52,2.0,0,1
2623,772369.0,1381.0,849.0,64.7,7.0,0.5,96.3,1.51,2.0,0,1
2624,674182.0,1608.0,967.0,41.6,34.0,0.8,94.3,1.14,2.0,0,1
2625,863808.0,2173.0,1130.0,33.6,1.0,0.8,91.5,1.08,2.0,0,1
2626,805717.0,1584.0,559.0,27.9,29.0,6.3,93.4,1.01,2.0,0,1
2627,769773.0,1342.0,465.0,20.0,14.0,4.5,94.9,1.43,2.0,0,1
2628,798465.0,1666.0,970.0,24.1,19.0,9.7,90.7,1.54,2.0,0,1
2629,967843.0,3159.0,983.0,54.8,13.0,8.8,94.0,0.96,2.0,0,1
2630,765515.0,1433.0,571.0,57.1,13.0,4.6,95.4,1.28,2.0,0,1
2631,1012285.0,2776.0,852.0,23.7,3.0,23.55,91.3,1.09,2.0,0,1
2632,1199565.125,3566.625,1801.5,46.8,65.0,0.5,95.0,1.31,2.0,0,1
2633,877121.0,2343.0,634.0,14.4,39.0,1.7,94.5,1.23,2.0,0,1
2634,479541.0,1337.0,200.0,62.9,34.0,10.5,94.9,1.59,2.0,0,1
2635,781355.0,2212.0,526.0,30.7,24.0,1.9,96.1,1.23,2.0,0,1
2636,949617.0,3229.0,843.0,32.6,8.0,8.2,92.2,1.77,2.0,0,1
2637,831867.0,2067.0,1129.0,25.7,37.0,0.5,98.8,1.01,2.0,0,1
2638,924758.0,2103.0,1068.0,22.5,3.0,10.0,90.0,1.83,2.0,0,1
2639,947318.0,2258.0,380.0,2.3,5.0,10.0,96.0,1.88,2.0,0,1
2640,569828.0,1580.0,467.0,55.5,14.0,9.5,96.3,1.72,2.0,0,1
2641,884654.0,2495.0,898.0,37.4,27.0,6.1,95.1,1.54,2.0,0,1
2642,639541.0,1484.0,200.0,13.7,33.0,23.55,93.7,0.8,2.0,0,1
2643,794459.0,1920.0,433.0,22.3,13.0,9.8,88.1,1.83,2.0,0,1
2644,1024274.0,2215.0,823.0,15.9,19.0,4.6,92.0,1.46,2.0,0,1
2645,878909.0,1798.0,655.0,18.7,25.0,0.6,95.0,1.05,2.0,0,1
2646,755325.0,2515.0,221.0,59.3,2.0,23.3,93.2,1.57,2.0,0,1
2647,970317.0,3019.0,661.0,16.9,41.0,23.55,94.7,1.36,2.0,0,1
2648,1009904.0,3057.0,675.0,20.0,4.0,12.6,91.4,1.79,2.0,0,1
2649,578134.0,1663.0,200.0,23.9,44.0,22.1,87.3,1.83,2.0,0,1
2650,945342.0,2635.0,892.0,11.2,50.0,12.4,90.4,1.08,2.0,0,1
2651,1199565.125,3481.0,1021.0,28.5,2.0,7.4,93.9,1.3,2.0,0,1
2652,800437.0,1891.0,1201.0,32.8,19.0,10.3,97.0,1.52,2.0,0,1
2653,775802.0,1709.0,884.0,15.0,49.0,4.7,97.4,1.69,2.0,0,1
2654,1057377.0,3220.0,1151.0,26.1,9.0,2.4,96.3,1.47,2.0,0,1
2655,869457.0,2121.0,899.0,28.5,50.0,1.2,93.3,0.72,2.0,0,1
2656,736925.0,1386.0,699.0,56.1,9.0,9.0,93.5,0.95,2.0,0,1
2657,619160.0,771.0,283.0,18.7,10.0,10.0,92.6,1.39,2.0,0,1
2658,899036.0,2330.0,1620.0,71.0,3.0,3.3,99.0,1.53,2.0,0,1
2659,762193.0,1843.0,1096.0,64.3,52.0,3.9,90.7,1.51,2.0,0,1
2660,621465.0,1042.0,200.0,59.5,73.0,7.0,88.8,1.72,2.0,0,1
2661,900085.0,2706.0,779.0,66.4,8.0,4.7,96.3,1.0,2.0,0,1
2662,888986.0,1931.0,295.0,8.3,11.0,5.6,91.0,1.25,2.0,0,1
2663,1001341.0,2691.0,1801.5,15.4,22.0,4.1,85.7,1.06,2.0,0,1
2664,786601.0,1839.0,200.0,46.8,67.0,2.1,97.3,1.17,2.0,0,1
2665,483143.0,787.0,393.0,27.6,41.0,0.5,90.7,1.63,2.0,0,1
2666,1163702.0,3566.625,1604.0,45.9,10.0,11.7,89.9,1.95,2.0,0,1
2667,658259.0,1361.0,200.0,20.7,38.0,17.9,92.6,1.37,2.0,0,1
2668,1079146.0,3179.0,1074.0,40.1,19.0,1.1,92.6,1.19,2.0,0,1
2669,629790.0,1648.0,342.0,29.9,4.0,13.0,92.6,1.01,2.0,0,1
2670,733246.0,2452.0,1342.0,34.0,52.0,3.6,98.7,1.51,2.0,0,1
2671,820779.0,1752.0,375.0,23.7,11.0,8.5,88.8,1.24,2.0,0,1
2672,539650.0,1088.0,538.0,44.3,2.0,22.7,87.6,1.25,2.0,0,1
2673,932604.0,2627.0,820.0,21.8,10.0,20.5,98.8,1.07,2.0,0,1
2674,999275.0,2581.0,368.0,11.9,19.0,15.4,95.6,1.61,2.0,0,1
2675,727793.0,1563.0,200.0,28.1,74.5,8.6,99.0,1.56,2.0,0,1
2676,834001.0,2088.0,314.0,26.4,10.0,2.3,93.1,1.19,2.0,0,1
2677,877631.0,2951.0,823.0,47.4,3.0,11.6,90.8,1.4,2.0,0,1
2678,814204.0,2109.0,665.0,9.4,2.0,13.6,87.2,0.9,1.0,0,1
2679,995830.0,1686.0,1277.0,6.7,6.0,2.8,91.8,1.65,2.0,0,1
2680,747219.0,1927.0,539.0,16.7,56.0,0.5,85.1,1.63,2.0,0,1
2681,999549.0,2854.0,1490.0,41.1,15.0,14.4,90.1,1.43,2.0,0,1
2682,469196.0,857.0,632.0,40.1,74.5,7.1,91.8,1.72,2.0,0,1
2683,917585.0,1569.0,244.0,25.5,1.0,0.6,94.0,1.56,2.0,0,1
2684,831450.0,1608.0,384.0,31.1,1.0,4.7,91.9,2.14,2.0,0,1
2685,886591.0,2073.0,434.0,14.3,1.0,0.8,93.3,1.2,2.0,0,1
2686,709009.0,1931.0,585.0,60.6,12.0,9.8,96.5,1.75,2.0,0,1
2687,959420.0,2210.0,595.0,15.2,28.0,6.5,92.4,1.63,2.0,0,1
2688,577903.0,1124.0,362.0,28.7,24.0,7.7,90.1,1.34,2.0,0,1
2689,745359.0,1881.0,898.0,13.1,26.0,18.4,96.8,1.83,2.0,0,1
2690,1029842.0,3548.0,865.0,27.9,15.0,12.5,94.3,1.58,2.0,0,1
2691,562440.0,1268.0,926.0,68.1,18.0,1.7,96.8,1.99,2.0,0,1
2692,716656.0,2136.0,962.0,60.1,18.0,1.1,91.3,1.05,2.0,0,1
2693,984877.0,2078.0,933.0,9.2,4.0,5.8,97.3,1.2,2.0,0,1
2694,1061748.0,3500.0,912.0,18.0,2.0,4.8,88.5,1.6,2.0,0,1
2695,751964.0,1280.0,254.0,16.6,24.0,5.8,94.3,1.86,2.0,0,1
2696,936201.0,2652.0,1339.0,19.6,28.0,5.9,92.7,1.74,2.0,0,1
2697,665645.0,1744.0,200.0,36.1,21.0,7.9,92.2,1.91,2.0,0,1
2698,724645.0,2022.0,724.0,6.0,2.0,8.2,96.5,1.01,2.0,0,1
2699,726955.0,1924.0,936.0,17.7,7.0,7.0,95.3,2.14,1.0,0,1
2700,637992.0,1546.0,612.0,46.6,7.0,0.5,94.9,1.03,2.0,0,1
2701,617715.0,1644.0,200.0,44.7,4.0,4.5,91.1,1.83,2.0,0,1
2702,622339.0,1297.0,678.0,29.9,6.0,3.4,91.5,1.65,2.0,0,1
2703,989783.0,2632.0,673.0,3.2,6.0,19.6,92.6,1.58,2.0,0,1
2704,615930.0,1022.0,200.0,24.0,31.0,0.8,91.7,0.58,2.0,0,1
2705,868079.0,2145.0,421.0,18.4,25.0,14.9,95.5,1.57,2.0,0,1
2706,984716.0,2513.0,837.0,50.6,27.0,1.5,93.3,1.28,2.0,0,1
2707,525757.0,1027.0,920.0,43.6,24.0,23.55,95.7,1.92,2.0,0,1
2708,568284.0,1340.0,796.0,19.1,3.0,23.55,96.7,1.73,2.0,0,1
2709,1199565.125,3566.625,290.0,12.8,25.0,4.7,98.1,1.38,2.0,0,1
2710,1091305.0,3258.0,1693.0,0.5,17.0,16.0,89.0,2.09,2.0,0,1
2711,730031.0,1388.0,1184.0,19.5,45.0,5.7,92.6,1.02,2.0,0,1
2712,948995.0,1777.0,514.0,24.7,21.0,4.5,94.5,1.62,2.0,0,1
2713,569323.0,1413.0,521.0,50.6,0.0,9.3,85.9,0.98,2.0,0,1
2714,784818.0,1853.0,1202.0,24.0,10.0,15.1,95.0,0.5,2.0,0,1
2715,736174.0,1081.0,699.0,22.7,6.0,2.4,97.1,1.34,2.0,0,1
2716,719440.0,1702.0,615.0,14.4,46.0,2.5,99.0,1.76,2.0,0,1
2717,621546.0,2277.0,951.0,28.6,62.0,7.2,90.9,1.51,2.0,0,1
2718,908763.0,1939.0,977.0,41.8,2.0,2.7,93.8,1.23,2.0,0,1
2719,752032.0,1383.0,387.0,10.9,40.0,0.9,90.2,1.19,2.0,0,1
2720,754374.0,1762.0,796.0,2.6,49.0,1.2,97.8,0.96,1.0,0,1
2721,919073.0,2151.0,749.0,17.4,26.0,4.4,94.2,0.97,2.0,0,1
2722,890063.0,2462.0,1040.0,22.6,23.0,10.3,98.9,1.26,2.0,0,1
2723,751065.0,1520.0,282.0,51.7,0.0,8.0,94.7,1.32,2.0,0,1
2724,533920.0,1318.0,343.0,16.9,71.0,2.5,88.6,1.13,2.0,0,1
2725,956089.0,1664.0,200.0,28.6,5.0,5.1,87.3,1.36,2.0,0,1
2726,643178.0,1434.0,632.0,33.2,29.0,2.8,87.6,1.65,2.0,0,1
2727,885775.0,1909.0,278.0,37.5,2.0,5.2,93.8,1.56,2.0,0,1
2728,963812.0,2101.0,638.0,7.1,49.0,4.1,94.0,1.81,2.0,0,1
2729,806284.0,1739.0,415.0,21.2,14.0,9.2,90.2,1.23,2.0,0,1
2730,958048.0,1953.0,783.0,17.9,0.0,1.6,93.5,1.29,2.0,0,1
2731,847253.0,2513.0,683.0,21.0,9.0,6.1,95.8,0.91,2.0,0,1
2732,728239.0,1990.0,609.0,4.9,70.0,0.5,92.4,1.06,2.0,0,1
2733,531162.0,1721.0,200.0,34.2,44.0,23.55,90.3,1.2,2.0,0,1
2734,449771.0,932.0,200.0,20.6,11.0,8.5,91.4,1.36,2.0,0,1
2735,825343.0,1485.0,229.0,29.2,2.0,2.7,93.7,1.87,1.0,0,1
2736,694190.0,1256.0,367.0,32.5,37.0,11.3,90.9,1.29,2.0,0,1
2737,762790.0,1423.0,229.0,31.9,16.0,1.5,96.6,1.24,2.0,0,1
2738,734602.0,1006.0,867.0,37.3,14.0,4.3,89.7,1.25,2.0,0,1
2739,708047.0,1616.0,807.0,29.3,13.0,2.8,95.1,1.65,2.0,0,1
2740,759869.0,1478.0,751.0,62.5,4.0,0.5,97.7,0.8,2.0,0,1
2741,836569.0,2179.0,792.0,35.9,74.5,3.7,96.0,1.62,2.0,0,1
2742,808577.0,1545.0,530.0,20.4,23.0,2.3,86.7,1.17,2.0,0,1
2743,931258.0,1745.0,493.0,18.6,1.0,10.5,95.9,1.59,2.0,0,1
2744,662190.0,2049.0,909.0,26.0,14.0,21.8,97.4,1.57,2.0,0,1
2745,720176.0,1185.0,225.0,47.3,13.0,6.3,95.4,1.44,2.0,0,1
2746,455712.0,1366.0,466.0,68.7,28.0,17.3,90.8,1.38,1.0,0,1
2747,761995.0,1448.0,322.0,30.3,19.0,15.4,92.8,1.49,2.0,0,1
2748,649481.0,1629.0,394.0,15.2,51.0,3.1,94.1,1.6,2.0,0,1
2749,997126.0,3566.625,1177.0,12.8,74.5,0.5,88.8,1.6,2.0,0,1
2750,766622.0,1734.0,643.0,14.4,25.0,6.2,89.4,1.63,2.0,0,1
2751,1002302.0,2632.0,200.0,27.9,0.0,8.6,88.6,1.73,2.0,0,1
2752,801787.0,2054.0,493.0,30.0,9.0,0.5,93.5,2.04,2.0,0,1
2753,537223.0,1311.0,754.0,30.1,2.0,19.6,94.8,1.89,2.0,0,1
2754,1199565.125,3566.625,1654.0,22.9,71.0,2.2,85.2,1.53,2.0,0,1
2755,966683.0,2160.0,494.0,21.8,21.0,0.9,92.0,1.62,2.0,0,1
2756,829224.0,1857.0,590.0,41.8,28.0,10.9,98.3,1.98,2.0,0,1
2757,958068.0,1680.0,810.0,38.7,4.0,2.1,93.3,1.15,2.0,0,1
2758,693571.0,1681.0,802.0,25.7,36.0,6.7,91.3,1.79,2.0,0,1
2759,945263.0,1927.0,847.0,6.2,13.0,14.0,90.9,1.19,2.0,0,1
2760,1100458.0,2513.0,1210.0,26.3,1.0,1.1,99.0,0.95,2.0,0,1
2761,1008578.0,2320.0,1395.0,28.5,8.0,11.8,94.2,1.9,2.0,0,1
2762,739026.0,2382.0,800.0,48.1,11.0,23.55,93.4,0.91,2.0,0,1
2763,919438.0,2306.0,659.0,31.3,11.0,8.4,91.9,1.05,2.0,0,1
2764,956414.0,2036.0,253.0,31.5,13.0,1.2,89.3,0.78,2.0,0,1
2765,903011.0,1421.0,200.0,25.4,4.0,1.0,91.8,1.5,2.0,0,1
2766,590292.0,1364.0,866.0,21.5,74.5,12.8,95.4,1.83,2.0,0,1
2767,829358.0,1616.0,830.0,38.5,12.0,10.4,99.0,1.76,2.0,0,1
2768,747137.0,2267.0,774.0,20.5,1.0,23.55,92.8,1.99,2.0,0,1
2769,570027.0,1025.0,431.0,2.1,74.5,5.4,83.7,1.87,2.0,0,1
2770,793743.0,1375.0,434.0,36.8,0.0,7.8,96.7,1.44,2.0,0,1
2771,878506.0,1682.0,615.0,12.9,6.0,0.6,95.7,0.89,2.0,0,1
2772,657916.0,1920.0,1231.0,21.7,2.0,23.55,97.6,2.12,2.0,1,1
2773,797067.0,1515.0,616.0,37.0,10.0,5.6,92.7,0.9,2.0,1,1
2774,954409.0,2609.0,606.0,6.9,66.0,2.5,93.0,1.72,2.0,1,1
2775,744258.0,2065.0,683.0,58.6,74.5,2.5,92.0,1.62,2.0,1,1
2776,735157.0,1784.0,682.0,55.6,46.0,10.3,88.3,1.62,2.0,1,1
2777,718843.0,2665.0,1234.0,23.1,21.0,23.55,90.6,1.35,2.0,1,1
2778,739144.0,1351.0,212.0,22.0,34.0,2.9,90.1,2.02,2.0,1,1
2779,932324.0,2424.0,435.0,18.4,19.0,7.5,95.8,1.78,2.0,1,1
2780,1032674.0,1716.0,383.0,8.1,2.0,10.2,89.9,1.71,2.0,1,1
2781,782015.0,2064.0,200.0,34.1,5.0,0.7,90.7,1.7,2.0,1,1
2782,728272.0,1736.0,960.0,26.3,67.0,7.9,89.3,1.31,2.0,1,1
2783,813686.0,1975.0,1136.0,22.6,37.0,4.8,90.2,1.82,2.0,1,1
2784,965253.0,2774.0,404.0,25.2,27.0,2.9,94.8,1.23,2.0,1,1
2785,785647.0,1714.0,200.0,50.0,3.0,0.5,96.4,1.64,2.0,1,1
2786,733871.0,1485.0,983.0,18.6,46.0,8.7,96.3,1.63,2.0,1,1
2787,796542.0,1536.0,200.0,45.8,25.0,10.4,90.5,1.03,2.0,1,1
2788,690496.0,2000.0,815.0,69.3,16.0,20.2,92.6,1.38,2.0,1,1
2789,993131.0,2238.0,762.0,26.3,4.0,6.2,91.6,0.88,2.0,1,1
2790,795166.0,2276.0,339.0,22.5,44.0,0.5,88.5,1.2,2.0,1,1
2791,748965.0,1237.0,498.0,63.0,8.0,3.2,90.0,2.11,2.0,1,1
2792,708953.0,1045.0,562.0,11.8,19.0,10.4,99.0,1.54,2.0,1,1
2793,959121.0,2397.0,769.0,23.6,22.0,20.5,93.8,1.74,2.0,1,1
2794,612185.0,1313.0,200.0,39.9,4.0,23.55,90.9,1.6,2.0,1,1
2795,915921.0,3199.0,463.0,16.2,74.5,23.55,94.0,2.0,2.0,1,1
2796,891788.0,2251.0,598.0,20.9,13.0,0.5,90.5,1.41,2.0,1,1
2797,746010.0,1271.0,419.0,27.7,10.0,7.1,94.2,1.3,2.0,1,1
2798,1199565.125,3566.625,1610.0,34.6,23.0,16.8,95.0,1.98,2.0,1,1
2799,866085.0,2369.0,848.0,8.5,41.0,13.3,99.0,1.19,2.0,1,1
2800,820779.0,1191.0,200.0,15.4,1.0,2.7,94.6,0.74,2.0,1,1
2801,869522.0,2659.0,551.0,16.1,18.0,4.3,97.6,1.19,2.0,1,1
2802,954868.0,2312.0,564.0,15.4,11.0,4.7,91.3,1.48,2.0,1,1
2803,826880.0,1665.0,998.0,18.1,37.0,6.0,97.4,0.98,2.0,1,1
2804,809943.0,1347.0,591.0,8.1,31.0,1.4,92.4,1.83,2.0,1,1
2805,853759.0,1693.0,567.0,12.2,11.0,3.3,91.6,0.98,2.0,1,1
2806,800380.0,1951.0,200.0,9.1,27.0,7.3,95.1,1.3,2.0,1,1
2807,619468.0,1158.0,200.0,41.5,12.0,5.1,91.5,1.71,2.0,1,1
2808,877764.0,2188.0,1398.0,54.0,6.0,3.0,90.8,2.1,2.0,1,1
2809,812129.0,2143.0,200.0,18.0,60.0,0.6,89.3,1.25,2.0,1,1
2810,945687.0,2683.0,1765.0,35.4,40.0,4.5,92.2,1.59,2.0,1,1
2811,829076.0,3130.0,1801.5,21.6,45.0,10.8,97.3,1.67,2.0,1,1
2812,686754.0,1159.0,743.0,15.9,30.0,2.6,87.5,1.8,2.0,1,1
2813,970167.0,2543.0,1203.0,6.3,11.0,15.5,98.2,1.81,2.0,1,1
2814,740238.0,1753.0,731.0,27.3,25.0,5.8,95.7,1.41,2.0,1,1
2815,889120.0,1920.0,999.0,20.3,15.0,3.7,91.2,1.44,2.0,1,1
2816,794246.0,1588.0,398.0,25.7,31.0,8.1,94.2,1.9,2.0,1,1
2817,904622.0,3079.0,713.0,17.4,74.5,11.2,92.2,0.74,2.0,1,1
2818,1022652.0,2089.0,200.0,41.6,13.0,4.9,89.3,1.02,2.0,1,1
2819,899826.0,2135.0,732.0,32.1,1.0,18.7,87.4,1.78,2.0,1,1
2820,1070862.0,3385.0,1502.0,35.7,57.0,7.7,91.2,1.0,2.0,1,1
2821,944203.0,3026.0,1217.0,28.8,68.0,8.0,93.7,1.58,2.0,1,1
2822,813064.0,1613.0,735.0,16.9,33.0,0.7,99.0,1.0,2.0,1,1
2823,708099.0,1800.0,1217.0,20.4,11.0,7.0,90.5,1.34,2.0,1,1
2824,724257.0,1162.0,755.0,16.4,10.0,19.8,89.2,1.75,2.0,1,1
2825,915657.0,2451.0,1094.0,13.3,5.0,8.0,91.0,1.79,2.0,1,1
2826,603486.0,1527.0,712.0,33.1,26.0,3.4,84.3,1.21,2.0,1,1
2827,877711.0,1976.0,1081.0,36.6,10.0,7.9,95.8,1.45,2.0,1,1
2828,871865.0,2460.0,811.0,26.1,21.0,23.4,90.6,1.23,2.0,1,1
2829,666612.0,1561.0,604.0,73.6625,18.0,5.0,92.3,1.66,2.0,1,1
2830,897231.0,1868.0,578.0,25.6,7.0,3.6,86.5,0.97,2.0,1,1
2831,627912.0,723.0,200.0,32.3,12.0,10.3,91.9,1.92,2.0,1,1
2832,983043.0,2732.0,1434.0,28.8,17.0,1.0,92.8,1.81,2.0,1,1
2833,732441.0,2013.0,988.0,57.5,2.0,13.9,93.0,1.84,2.0,1,1
2834,588696.0,1421.0,246.0,32.5,24.0,3.2,93.3,1.17,2.0,1,1
2835,664273.0,1420.0,379.0,41.9,40.0,10.3,92.8,1.64,2.0,1,1
2836,917071.0,2734.0,849.0,20.6,74.5,14.8,93.7,1.24,2.0,1,1
2837,1038499.0,2961.0,1718.0,18.3,65.0,10.4,92.0,1.33,2.0,1,1
2838,825000.0,2601.0,987.0,41.1,3.0,13.1,86.3,2.27,2.0,1,1
2839,1199565.125,3566.625,1383.0,36.9,1.0,2.0,93.0,1.64,2.0,1,1
2840,952531.0,2414.0,1162.0,23.3,19.0,0.6,90.8,1.51,2.0,1,1
2841,771496.0,2364.0,1069.0,41.7,74.5,5.4,89.9,1.77,2.0,1,1
2842,712465.0,1228.0,477.0,25.7,14.0,7.2,93.1,0.99,2.0,1,1
2843,930233.0,2296.0,525.0,18.0,2.0,5.2,92.5,1.8,2.0,1,1
2844,573790.0,1058.0,548.0,16.5,3.0,12.7,97.6,1.63,2.0,1,1
2845,809384.0,1832.0,388.0,10.0,55.0,5.6,97.9,1.58,2.0,1,1
2846,778010.0,2138.0,580.0,24.4,56.0,9.8,94.6,1.45,2.0,1,1
2847,999038.0,2643.0,765.0,10.3,30.0,4.2,87.2,1.31,2.0,1,1
2848,860224.0,2294.0,1287.0,34.5,39.0,3.8,93.4,0.5,2.0,1,1
2849,719641.0,1569.0,637.0,34.4,0.0,6.2,89.3,1.13,2.0,1,1
2850,871594.0,2287.0,1344.0,25.2,24.0,12.0,92.1,1.5,2.0,1,1
2851,960661.0,1972.0,1188.0,8.1,3.0,9.3,92.0,1.54,2.0,1,1
2852,642091.0,1582.0,572.0,26.8,29.0,2.4,97.1,1.09,2.0,1,1
2853,836147.0,2077.0,829.0,19.3,57.0,13.0,96.7,0.86,2.0,1,1
2854,1049041.0,2657.0,964.0,11.7,12.0,2.8,91.5,0.81,2.0,1,1
2855,756110.0,1704.0,329.0,73.6625,25.0,1.2,91.0,1.28,1.0,1,1
2856,941173.0,2146.0,662.0,22.1,26.0,4.7,95.7,1.94,2.0,1,1
2857,594100.0,1132.0,738.0,4.8,60.0,23.55,97.2,1.28,2.0,1,1
2858,808957.0,1285.0,617.0,44.1,3.0,2.4,97.1,0.62,2.0,1,1
2859,727798.0,1288.0,441.0,30.7,8.0,5.7,92.5,0.8,2.0,1,1
2860,847423.0,1770.0,200.0,13.9,1.0,3.2,87.5,1.38,2.0,1,1
2861,957318.0,1821.0,566.0,5.3,4.0,5.1,94.2,1.05,2.0,1,1
2862,848202.0,2458.0,1072.0,15.2,0.0,9.6,92.8,2.3,2.0,1,1
2863,662427.0,1300.0,599.0,40.5,11.0,4.2,93.5,1.59,2.0,1,1
2864,618301.0,1084.0,200.0,23.9,0.0,7.5,91.5,0.5,1.0,1,1
2865,756761.0,1304.0,498.0,20.3,14.0,1.8,99.0,1.58,2.0,1,1
2866,709174.0,1398.0,434.0,43.0,23.0,3.3,91.1,1.77,2.0,1,1
2867,897827.0,2878.0,1207.0,18.1,74.5,2.0,92.0,0.94,2.0,1,1
2868,923909.0,2397.0,614.0,22.0,6.0,4.9,90.6,1.43,2.0,1,1
2869,993909.0,3083.0,370.0,21.9,71.0,10.3,99.0,1.25,2.0,1,1
2870,1047026.0,2570.0,912.0,8.0,16.0,9.8,96.0,1.31,2.0,1,1
2871,892861.0,2183.0,752.0,27.9,3.0,6.9,94.7,1.28,2.0,1,1
2872,900942.0,2028.0,531.0,22.7,74.0,1.6,87.3,1.49,2.0,1,1
2873,953705.0,2597.0,973.0,24.5,11.0,0.9,89.0,1.2,2.0,1,1
2874,806344.0,2668.0,905.0,63.9,14.0,0.5,96.4,1.21,2.0,1,1
2875,837847.0,1601.0,758.0,22.1,2.0,0.7,95.7,1.35,2.0,1,1
2876,918480.0,2193.0,674.0,14.6,16.0,0.5,86.4,1.07,2.0,1,1
2877,600419.0,1719.0,536.0,42.2,5.0,5.3,89.0,1.16,2.0,1,1
2878,695070.0,1026.0,365.0,11.0,9.0,10.0,92.4,1.34,2.0,1,1
2879,1117022.0,3321.0,1156.0,13.1,32.0,7.5,98.1,1.52,2.0,1,1
2880,958598.0,2919.0,772.0,14.8,9.0,21.9,89.1,1.56,2.0,1,1
2881,748108.0,2291.0,951.0,20.9,74.5,13.2,91.8,1.4,2.0,1,1
2882,650552.0,1401.0,200.0,22.1,15.0,17.6,94.9,1.21,2.0,1,1
2883,851094.0,2285.0,1654.0,18.8,16.0,9.0,93.0,1.24,1.0,1,1
2884,977557.0,3029.0,1273.0,33.9,16.0,14.1,89.6,1.88,2.0,1,1
2885,957725.0,2620.0,1367.0,55.8,1.0,8.3,93.0,1.66,2.0,1,1
2886,782667.0,1367.0,200.0,12.1,48.0,6.9,93.5,1.06,2.0,1,1
2887,772649.0,1127.0,200.0,2.1,8.0,12.9,93.7,1.41,2.0,1,1
2888,791686.0,1572.0,200.0,42.2,2.0,6.6,95.1,1.66,2.0,1,1
2889,722662.0,1772.0,235.0,47.3,12.0,4.4,84.3,1.77,2.0,1,1
2890,745627.0,1414.0,558.0,29.2,3.0,15.4,90.6,1.33,2.0,1,1
2891,659498.0,1160.0,848.0,53.7,3.0,4.6,92.4,1.75,2.0,1,1
2892,884253.0,2028.0,558.0,29.0,20.0,4.3,93.0,1.16,2.0,1,1
2893,939629.0,2783.0,851.0,26.2,21.0,3.6,96.1,1.4,2.0,1,1
2894,563880.0,1122.0,807.0,39.6,22.0,2.0,91.9,1.93,2.0,1,1
2895,646147.0,1133.0,768.0,13.4,31.0,19.7,86.6,1.93,2.0,1,1
2896,1027397.0,2131.0,1099.0,15.3,3.0,4.5,94.2,1.22,2.0,1,1
2897,672074.0,1336.0,368.0,10.1,12.0,21.0,99.0,1.32,2.0,1,1
2898,961215.0,1914.0,1131.0,16.9,4.0,6.7,97.8,1.6,2.0,1,1
2899,503223.0,1613.0,244.0,28.4,61.0,23.1,88.4,1.63,2.0,1,1
2900,862890.0,2485.0,583.0,54.9,47.0,18.1,87.1,1.11,2.0,1,1
2901,928400.0,2131.0,864.0,55.1,44.0,0.5,91.5,1.78,2.0,1,1
2902,676048.0,2085.0,831.0,14.3,40.0,21.7,87.2,1.27,2.0,1,1
2903,735069.0,2186.0,545.0,55.3,2.0,4.1,87.2,1.46,1.0,1,1
2904,474057.0,1164.0,626.0,33.8,53.0,2.0,92.9,1.49,2.0,1,1
2905,464118.0,1159.0,794.0,65.8,64.0,7.3,91.2,1.45,2.0,1,1
2906,1044234.0,3566.625,977.0,32.8,10.0,9.9,92.9,1.55,2.0,1,1
2907,661751.0,1855.0,249.0,18.6,26.0,12.4,94.2,1.9,2.0,1,1
2908,925208.0,1968.0,1251.0,73.6625,23.0,1.6,96.0,1.63,2.0,1,1
2909,545638.0,1316.0,835.0,24.7,67.0,4.4,89.0,1.62,1.0,1,1
2910,731354.0,1560.0,545.0,27.1,14.0,4.4,95.6,2.1,2.0,1,1
2911,799680.0,1621.0,420.0,32.8,20.0,1.3,90.4,1.79,2.0,1,1
2912,722488.0,1769.0,627.0,38.8,38.0,6.0,91.2,1.04,2.0,1,1
2913,727161.0,1986.0,1121.0,43.1,74.5,0.7,93.0,0.71,2.0,1,1
2914,788341.0,1767.0,466.0,43.4,1.0,2.1,94.3,1.87,2.0,1,1
2915,689856.0,1134.0,200.0,19.4,15.0,1.9,93.1,1.5,2.0,1,1
2916,484135.0,933.0,200.0,48.1,19.0,12.9,89.2,1.32,2.0,1,1
2917,822599.0,2236.0,953.0,23.6,25.0,8.9,95.2,1.49,2.0,1,1
2918,696858.0,1447.0,316.0,8.5,1.0,23.55,89.1,1.6,2.0,1,1
2919,885861.0,1687.0,213.0,16.3,14.0,2.6,92.5,1.88,2.0,1,1
2920,650936.0,2464.0,414.0,20.9,62.0,10.9,95.3,1.97,2.0,1,1
2921,662676.0,1796.0,308.0,55.8,73.0,3.3,88.3,1.97,2.0,1,1
2922,839604.0,2220.0,649.0,6.7,55.0,7.5,89.6,1.4,2.0,1,1
2923,696814.0,1392.0,365.0,12.6,8.0,1.8,90.0,1.57,2.0,1,1
2924,763484.0,1852.0,964.0,30.3,34.0,1.6,91.6,1.3,2.0,1,1
2925,1013502.0,2303.0,696.0,7.9,4.0,4.0,94.2,1.3,2.0,1,1
2926,988911.0,2373.0,1294.0,24.2,19.0,12.9,92.9,1.3,2.0,1,1
2927,906078.0,2078.0,1489.0,30.6,12.0,1.9,94.6,1.94,2.0,1,1
2928,697166.0,1332.0,200.0,7.5,28.0,4.0,85.2,1.51,2.0,1,1
2929,841021.0,2942.0,771.0,46.1,25.0,15.7,93.0,1.59,2.0,1,1
2930,808727.0,2117.0,625.0,2.8,74.5,7.9,96.0,1.15,2.0,1,1
2931,686799.0,1101.0,363.0,18.3,11.0,1.9,88.3,1.5,2.0,1,1
2932,991384.0,2152.0,847.0,29.4,13.0,2.3,93.2,1.51,2.0,1,1
2933,1165331.0,2582.0,1491.0,9.5,35.0,0.9,95.1,0.88,2.0,1,1
2934,773114.0,2428.0,608.0,18.0,74.5,17.9,98.0,1.42,2.0,1,1
2935,846968.0,1228.0,943.0,31.7,7.0,0.9,88.6,1.28,1.0,1,1
2936,711426.0,1316.0,254.0,16.4,39.0,7.6,90.8,1.4,2.0,1,1
2937,686705.0,1972.0,226.0,20.2,44.0,7.4,94.7,1.32,2.0,1,1
2938,836274.0,2283.0,452.0,41.3,4.0,7.4,91.6,1.64,2.0,1,1
2939,762031.0,1261.0,241.0,33.5,10.0,0.8,92.9,1.26,2.0,1,1
2940,974202.0,2866.0,493.0,10.0,26.0,14.5,92.8,1.3,2.0,1,1
2941,886731.0,2061.0,933.0,11.6,41.0,2.6,98.6,0.66,2.0,1,1
2942,1178430.0,3566.625,693.0,22.8,12.0,1.1,93.0,1.55,2.0,1,1
2943,853280.0,2576.0,1444.0,41.6,12.0,7.5,89.4,1.61,2.0,1,1
2944,787666.0,1894.0,397.0,29.2,46.0,10.4,96.5,1.66,2.0,1,1
2945,981593.0,3111.0,1054.0,6.9,43.0,7.0,98.3,1.27,2.0,1,1
2946,1088527.0,3077.0,1092.0,28.9,34.0,11.2,95.9,1.5,2.0,1,1
2947,487297.0,863.0,200.0,14.8,74.5,0.5,99.0,0.92,1.0,1,1
2948,1085372.0,1880.0,1268.0,27.4,17.0,1.1,92.6,1.14,2.0,1,1
2949,1135157.0,3566.625,1174.0,3.2,8.0,5.0,83.54999999999998,1.7,2.0,1,1
2950,1041294.0,3023.0,603.0,8.0,0.0,6.3,97.3,1.08,2.0,1,1
2951,970741.0,2769.0,609.0,14.7,1.0,12.5,93.7,1.09,2.0,1,1
2952,1048932.0,3246.0,1801.5,21.1,11.0,9.7,95.8,1.42,2.0,1,1
2953,1006218.0,2192.0,1095.0,13.8,13.0,1.7,89.5,1.67,2.0,1,1
2954,1199565.125,3566.625,992.0,30.4,13.0,4.7,90.8,0.7,2.0,1,1
2955,689935.0,1601.0,441.0,45.8,15.0,6.3,91.4,1.26,2.0,1,1
2956,830208.0,2117.0,700.0,24.9,62.0,1.2,95.6,1.28,2.0,1,1
2957,797478.0,2061.0,826.0,68.5,2.0,22.5,93.2,1.6,2.0,1,1
2958,734654.0,1676.0,200.0,30.3,20.0,1.4,90.3,1.19,2.0,1,1
2959,1034543.0,3122.0,1609.0,10.1,3.0,5.3,93.0,0.91,2.0,1,1
2960,700636.0,1380.0,1088.0,28.5,12.0,16.7,94.8,1.82,2.0,1,1
2961,501802.0,1212.0,569.0,23.8,14.0,23.55,93.5,1.65,2.0,1,1
2962,832625.0,1967.0,664.0,17.4,74.5,13.5,88.6,1.73,2.0,1,1
2963,836000.0,1680.0,209.0,33.8,2.0,5.2,89.6,1.71,2.0,1,1
2964,565589.0,1675.0,200.0,25.7,40.0,5.0,91.1,1.26,2.0,1,1
2965,733165.0,1629.0,337.0,21.8,21.0,5.3,96.2,1.18,2.0,1,1
2966,758070.0,1646.0,200.0,35.9,7.0,12.5,94.4,1.09,2.0,1,1
2967,758435.0,1250.0,283.0,29.7,13.0,2.4,87.7,1.5,2.0,1,1
2968,738681.0,1591.0,638.0,38.3,54.0,2.7,91.4,1.14,2.0,1,1
2969,629147.0,1558.0,1097.0,55.4,33.0,15.5,88.3,1.38,2.0,1,1
2970,444689.0,963.0,200.0,26.1,74.5,1.7,93.6,1.24,2.0,1,1
2971,637088.0,2000.0,200.0,35.0,55.0,6.1,85.3,1.08,2.0,1,1
2972,949109.0,2034.0,532.0,10.2,74.5,10.4,92.2,1.44,2.0,1,1
2973,631591.0,1267.0,288.0,20.0,52.0,0.5,90.9,1.92,2.0,1,1
2974,730221.0,1741.0,635.0,32.7,40.0,13.0,95.0,1.37,2.0,1,1
2975,693084.0,1345.0,546.0,46.7,7.0,6.2,95.6,1.52,2.0,1,1
2976,723705.0,1485.0,824.0,46.2,74.5,1.3,90.4,1.23,2.0,1,1
2977,1000041.0,3418.0,1422.0,46.4,74.5,1.4,84.1,1.08,2.0,1,1
2978,1005825.0,2393.0,1084.0,29.2,12.0,1.4,92.4,1.49,2.0,1,1
2979,832863.0,1633.0,380.0,6.0,2.0,3.0,89.6,0.98,2.0,1,1
2980,608859.0,1101.0,819.0,39.5,2.0,1.8,94.2,1.94,2.0,1,1
2981,789691.0,1761.0,616.0,50.9,10.0,1.2,92.3,1.54,2.0,1,1
2982,639259.0,1635.0,200.0,28.8,74.5,8.0,88.5,1.58,2.0,1,1
2983,1176428.0,3566.625,1801.5,17.4,11.0,8.4,89.6,1.67,2.0,1,1
2984,522970.0,1226.0,391.0,58.7,30.0,3.4,95.6,1.12,2.0,1,1
2985,828445.0,1465.0,874.0,13.0,3.0,7.5,93.2,0.8,2.0,1,1
2986,873864.0,2410.0,897.0,39.0,14.0,1.6,94.2,1.5,2.0,1,1
2987,729701.0,1223.0,859.0,22.9,57.0,18.0,97.6,1.29,2.0,1,1
2988,819611.0,1944.0,833.0,15.0,1.0,6.5,92.6,1.12,2.0,1,1
2989,886838.0,2720.0,815.0,46.8,6.0,17.2,97.7,2.13,2.0,1,1
2990,772862.0,1927.0,684.0,55.1,15.0,9.0,89.5,0.95,2.0,1,1
2991,749520.0,1495.0,671.0,30.9,25.0,3.7,94.6,1.04,2.0,1,1
2992,694462.0,2285.0,1373.0,73.6625,22.0,7.4,90.4,1.75,2.0,1,1
2993,596475.0,1616.0,200.0,52.7,9.0,4.7,95.3,0.82,1.0,1,1
2994,876784.0,2171.0,878.0,20.6,3.0,0.8,92.0,1.5,2.0,1,1
2995,838369.0,1440.0,1090.0,16.5,2.0,3.9,92.2,1.02,2.0,1,1
2996,851332.0,1686.0,372.0,32.5,5.0,4.2,88.4,1.46,2.0,1,1
2997,697010.0,854.0,1010.0,19.6,54.0,1.8,89.5,0.5,2.0,1,1
2998,886066.0,2150.0,617.0,24.0,4.0,3.6,94.2,1.96,2.0,1,1
2999,1036968.0,3292.0,1250.0,15.0,74.5,3.4,92.9,1.26,2.0,1,1
3000,902449.0,1772.0,842.0,28.9,15.0,1.8,93.2,1.35,2.0,1,1
3001,606600.0,1552.0,200.0,42.6,39.0,13.2,86.0,1.14,2.0,1,1
3002,638176.0,1475.0,200.0,25.6,74.5,13.1,90.3,1.24,2.0,1,1
3003,685010.0,1538.0,297.0,30.1,15.0,23.55,94.7,1.38,2.0,1,1
3004,813308.0,1492.0,611.0,2.3,4.0,7.2,95.3,1.38,2.0,1,1
3005,692738.0,1394.0,441.0,30.9,5.0,9.3,90.9,1.66,2.0,1,1
3006,980974.0,2288.0,414.0,9.8,17.0,3.3,94.4,1.16,2.0,1,1
3007,779436.0,1863.0,853.0,16.1,9.0,9.9,92.9,1.85,2.0,1,1
3008,1035235.0,2833.0,817.0,46.3,1.0,1.3,91.0,1.46,2.0,1,1
3009,970761.0,2336.0,926.0,0.5,17.0,6.4,97.8,1.63,2.0,1,1
3010,831692.0,2515.0,1198.0,11.3,48.0,9.0,92.0,1.33,2.0,1,1
3011,769624.0,1661.0,381.0,64.0,0.0,0.6,89.5,1.68,2.0,1,1
3012,764908.0,2016.0,1412.0,11.4,18.0,23.0,95.2,1.68,2.0,1,1
3013,1102299.0,3318.0,989.0,14.6,8.0,11.6,98.9,1.03,2.0,1,1
3014,830892.0,2494.0,1358.0,18.4,52.0,4.0,94.9,1.8,1.0,1,1
3015,514057.0,1455.0,522.0,37.4,44.0,15.2,91.1,1.3,2.0,1,1
3016,858900.0,1496.0,200.0,4.5,17.0,4.9,95.8,1.35,2.0,1,1
3017,836548.0,2036.0,740.0,46.3,22.0,2.2,93.8,1.22,2.0,1,1
3018,587114.0,1757.0,200.0,20.8,6.0,23.55,98.5,0.91,2.0,1,1
3019,858214.0,2801.0,1052.0,16.8,74.5,10.4,90.0,1.38,2.0,1,1
3020,755895.0,1991.0,592.0,25.5,10.0,10.4,92.9,0.97,2.0,1,1
3021,730860.0,1009.0,578.0,10.1,6.0,8.7,93.7,1.18,2.0,1,1
3022,855651.0,2222.0,270.0,37.4,19.0,4.3,91.7,1.15,2.0,1,1
3023,626556.0,1671.0,253.0,38.8,28.0,2.7,91.2,2.11,2.0,1,1
3024,665117.0,1526.0,391.0,34.7,15.0,12.1,99.0,1.83,2.0,1,1
3025,670088.0,1742.0,396.0,61.7,52.0,5.5,96.7,1.74,2.0,1,1
3026,688690.0,1147.0,200.0,27.8,29.0,8.1,98.8,1.31,2.0,1,1
3027,740657.0,2740.0,750.0,23.3,50.0,23.55,88.8,1.66,2.0,1,1
3028,935182.0,2696.0,1349.0,10.7,33.0,19.2,90.0,1.44,2.0,1,1
3029,642214.0,1822.0,970.0,19.8,74.5,4.4,96.0,1.74,2.0,1,1
3030,756174.0,1276.0,419.0,32.4,8.0,3.8,96.4,1.05,2.0,1,1
3031,710308.0,1911.0,200.0,44.4,25.0,5.3,95.3,1.4,2.0,1,1
3032,703555.0,1947.0,965.0,11.3,28.0,4.6,91.8,1.35,1.0,1,1
3033,636669.0,1114.0,766.0,32.5,41.0,0.5,88.0,1.2,2.0,1,1
3034,769584.0,1368.0,248.0,12.4,6.0,7.0,96.8,1.36,2.0,1,1
3035,634813.0,1182.0,409.0,49.6,16.0,3.4,97.1,1.41,2.0,1,1
3036,834080.0,1567.0,648.0,9.1,17.0,5.8,93.7,1.8,2.0,1,1
3037,791240.0,1602.0,200.0,19.7,31.0,10.8,92.5,1.35,2.0,1,1
3038,670461.0,1742.0,398.0,34.7,5.0,14.4,89.3,1.18,2.0,1,1
3039,1124342.0,3327.0,1286.0,23.2,18.0,0.5,91.4,0.51,2.0,1,1
3040,965592.0,3266.0,1426.0,12.7,13.0,23.55,90.6,1.82,2.0,1,1
3041,689411.0,1393.0,200.0,32.3,49.0,2.7,99.0,1.51,2.0,1,1
3042,1199565.125,3401.0,1350.0,1.4,19.0,2.8,98.1,2.12,2.0,1,1
3043,845286.0,2361.0,823.0,36.6,39.0,7.2,98.5,1.6,2.0,1,1
3044,674419.0,1650.0,832.0,43.0,3.0,22.0,91.2,1.75,2.0,1,1
3045,888409.0,1891.0,695.0,8.2,9.0,12.7,86.5,0.73,2.0,1,1
3046,547723.0,904.0,200.0,41.7,3.0,4.6,94.2,1.23,2.0,1,1
3047,689528.0,909.0,751.0,62.9,5.0,2.8,94.8,0.97,2.0,1,1
3048,845147.0,1741.0,607.0,10.5,19.0,14.8,97.2,0.87,2.0,1,1
3049,1044496.0,2817.0,1066.0,10.4,5.0,14.3,97.2,1.27,2.0,1,1
3050,374768.125,1720.0,850.0,26.5,41.0,23.55,93.3,1.25,1.0,1,1
3051,1054599.0,2618.0,1306.0,26.5,28.0,1.8,91.6,1.21,2.0,1,1
3052,898655.0,2107.0,776.0,7.6,21.0,0.5,94.1,1.48,2.0,1,1
3053,397917.0,936.0,213.0,36.6,10.0,8.6,88.7,1.61,2.0,1,1
3054,830844.0,1682.0,648.0,27.0,11.0,9.1,93.1,1.05,2.0,1,1
3055,665477.0,1520.0,863.0,73.6625,4.0,5.7,92.2,1.13,2.0,1,1
3056,632537.0,1588.0,449.0,32.9,7.0,7.2,93.8,2.3449999999999998,2.0,1,1
3057,891843.0,1714.0,914.0,36.7,17.0,0.5,98.9,1.73,2.0,1,1
3058,495801.0,923.0,276.0,23.5,43.0,1.4,93.2,1.61,1.0,1,1
3059,642580.0,1846.0,1057.0,43.8,61.0,2.4,84.8,1.11,2.0,1,1
3060,759970.0,2124.0,424.0,63.5,20.0,1.7,90.7,1.42,1.0,1,1
3061,841755.0,1739.0,737.0,25.9,14.0,2.9,95.0,1.3,2.0,1,1
3062,750949.0,1458.0,1071.0,28.0,30.0,1.2,96.6,1.8,2.0,1,1
3063,869087.0,2111.0,986.0,24.1,4.0,3.5,97.1,1.17,2.0,1,1
3064,721672.0,1740.0,582.0,53.3,52.0,23.55,89.1,1.41,2.0,1,1
3065,802474.0,1556.0,573.0,27.7,14.0,2.1,98.0,1.57,2.0,1,1
3066,518447.0,1077.0,200.0,11.9,1.0,23.55,91.8,1.61,1.0,1,1
3067,985317.0,2532.0,354.0,32.4,14.0,10.8,96.7,0.93,2.0,1,1
3068,682399.0,2161.0,862.0,25.2,74.5,21.8,97.5,2.04,2.0,1,1
3069,1009237.0,2461.0,712.0,21.0,9.0,0.9,96.6,1.45,2.0,1,1
3070,1002395.0,2460.0,361.0,26.5,0.0,0.5,91.9,1.53,2.0,1,1
3071,1128214.0,3415.0,877.0,16.2,22.0,13.1,93.4,1.32,2.0,1,1
3072,1199565.125,3566.625,1491.0,32.5,39.0,2.9,97.7,1.16,2.0,1,1
3073,751501.0,1052.0,616.0,5.7,35.0,6.0,93.3,1.58,2.0,1,1
3074,549729.0,1580.0,256.0,49.6,50.0,5.7,94.1,1.71,1.0,1,1
3075,615119.0,1420.0,763.0,26.3,13.0,3.5,98.5,1.71,1.0,1,1
3076,922863.0,2108.0,357.0,49.0,12.0,2.6,91.2,1.02,2.0,1,1
3077,838207.0,2724.0,468.0,63.8,39.0,7.4,99.0,1.53,2.0,1,1
3078,735945.0,1008.0,223.0,29.3,5.0,0.6,95.3,1.87,2.0,1,1
3079,841616.0,1274.0,913.0,44.3,34.0,4.3,89.2,1.23,2.0,1,1
3080,818461.0,2364.0,1166.0,32.5,46.0,2.2,89.2,0.86,2.0,1,1
3081,676980.0,1555.0,653.0,29.0,18.0,7.7,91.7,1.31,1.0,1,1
3082,999100.0,3514.0,1205.0,22.7,74.5,3.9,91.7,1.23,2.0,1,1
3083,512358.0,1150.0,348.0,42.3,30.0,13.6,91.1,1.12,2.0,1,1
3084,654775.0,1920.0,1024.0,30.8,46.0,8.3,93.1,1.39,1.0,1,1
3085,1199565.125,3566.625,1611.0,24.2,10.0,0.5,91.0,1.96,2.0,1,1
3086,761362.0,1694.0,1140.0,5.9,62.0,11.4,98.2,1.01,2.0,1,1
3087,728545.0,1393.0,255.0,20.0,18.0,0.8,91.9,1.51,2.0,1,1
3088,594950.0,939.0,235.0,21.8,21.0,0.9,91.3,2.02,2.0,1,1
3089,691829.0,2251.0,1617.0,12.3,74.5,23.55,90.4,1.69,2.0,1,1
3090,871251.0,2607.0,1212.0,26.3,18.0,4.1,97.1,1.45,2.0,1,1
3091,801847.0,2047.0,200.0,21.1,43.0,2.0,94.8,1.67,2.0,1,1
3092,535689.0,1312.0,848.0,49.6,15.0,6.3,92.7,1.44,2.0,1,1
3093,956992.0,1952.0,373.0,5.6,8.0,20.8,99.0,2.08,2.0,1,1
3094,663765.0,1669.0,200.0,24.5,40.0,4.6,97.7,1.76,2.0,1,1
3095,909752.0,2450.0,801.0,22.9,52.0,0.7,92.6,1.08,2.0,1,1
3096,945630.0,2711.0,873.0,38.7,65.0,4.2,90.1,1.13,2.0,1,1
3097,723933.0,1042.0,316.0,16.6,54.0,10.8,91.4,1.37,2.0,1,1
3098,976948.0,3046.0,1278.0,9.3,36.0,0.5,90.1,2.11,2.0,1,1
3099,908238.0,1627.0,355.0,20.0,18.0,2.2,99.0,1.37,2.0,1,1
3100,608237.0,1180.0,755.0,19.0,68.0,18.1,84.2,1.56,2.0,1,1
3101,737373.0,1235.0,877.0,23.6,2.0,10.5,89.9,2.2,2.0,1,1
3102,694529.0,1257.0,582.0,17.1,45.0,5.8,95.3,1.26,2.0,1,1
3103,835366.0,2168.0,997.0,3.6,23.0,8.0,92.6,1.88,2.0,1,1
3104,992732.0,3334.0,1360.0,31.2,3.0,7.5,89.1,1.95,2.0,1,1
3105,663479.0,1190.0,989.0,39.3,14.0,1.6,93.6,1.8,2.0,1,1
3106,679405.0,1262.0,200.0,26.5,4.0,4.7,92.3,2.09,2.0,1,1
3107,608387.0,1276.0,593.0,66.0,3.0,3.2,93.2,1.48,2.0,1,1
3108,809814.0,2126.0,840.0,10.2,14.0,10.2,98.3,1.54,2.0,1,1
3109,611081.0,1048.0,417.0,30.0,2.0,0.5,94.4,1.49,2.0,1,1
3110,633061.0,1116.0,284.0,31.0,27.0,23.55,99.0,1.07,2.0,1,1
3111,858259.0,2146.0,922.0,40.6,3.0,0.5,90.9,0.83,2.0,1,1
3112,921093.0,2305.0,673.0,9.1,14.0,0.6,85.0,1.59,2.0,1,1
3113,726961.0,1257.0,200.0,34.9,9.0,2.6,99.0,1.63,2.0,1,1
3114,704592.0,1284.0,200.0,28.4,12.0,0.5,96.7,0.79,2.0,1,1
3115,1077442.0,3183.0,1412.0,7.7,4.0,11.8,95.2,2.1,2.0,1,1
3116,876739.0,2091.0,200.0,6.6,52.0,0.5,94.5,1.18,2.0,1,1
3117,886842.0,1850.0,474.0,3.2,6.0,2.0,92.6,1.55,2.0,1,1
3118,641923.0,1277.0,499.0,28.5,2.0,2.0,98.0,1.84,2.0,1,1
3119,496939.0,961.0,519.0,17.7,17.0,11.7,93.1,1.91,2.0,1,1
3120,637156.0,1497.0,436.0,41.7,12.0,6.4,93.0,1.69,2.0,1,1
3121,1072382.0,2991.0,1235.0,18.0,3.0,0.6,93.1,1.03,2.0,1,1
3122,1096577.0,3566.625,1013.0,17.1,7.0,9.2,97.2,1.54,2.0,1,1
3123,986824.0,3031.0,1003.0,15.2,26.0,7.3,88.0,1.97,2.0,1,1
3124,703462.0,2138.0,1013.0,50.9,74.5,8.9,97.0,1.24,2.0,1,1
3125,618224.0,1927.0,604.0,16.7,52.0,4.6,90.5,2.04,2.0,1,1
3126,777167.0,1739.0,848.0,34.5,74.5,15.7,90.3,0.96,2.0,1,1
3127,846239.0,2285.0,1101.0,67.7,11.0,1.0,93.8,1.38,2.0,1,1
3128,1023431.0,3566.625,636.0,66.8,14.0,23.55,98.8,0.86,2.0,1,1
3129,610161.0,1485.0,1049.0,35.6,35.0,23.55,97.0,1.45,2.0,1,1
3130,649046.0,1710.0,545.0,73.6625,24.0,2.8,93.0,2.01,2.0,1,1
3131,543476.0,1145.0,850.0,36.3,15.0,7.1,91.3,1.78,2.0,1,1
3132,800513.0,1455.0,200.0,20.4,74.5,9.0,93.4,2.15,2.0,1,1
3133,986728.0,2084.0,1032.0,18.7,22.0,4.8,93.7,1.3,2.0,1,1
3134,622720.0,967.0,226.0,35.9,55.0,3.1,95.7,1.65,2.0,1,1
3135,743298.0,1966.0,438.0,35.5,7.0,15.8,92.3,1.41,2.0,1,1
3136,867832.0,2883.0,1547.0,33.8,74.5,2.1,94.3,1.39,2.0,1,1
3137,912088.0,2161.0,200.0,28.5,14.0,5.9,90.4,1.74,2.0,1,1
3138,835953.0,2457.0,773.0,35.5,10.0,0.5,94.3,1.37,2.0,1,1
3139,966350.0,2200.0,878.0,14.8,8.0,5.9,97.8,1.78,2.0,1,1
3140,460790.0,1152.0,329.0,42.3,4.0,13.6,92.1,1.26,2.0,1,1
3141,610823.0,1147.0,482.0,6.9,74.5,15.3,90.7,1.62,2.0,1,1
3142,761308.0,1994.0,933.0,64.1,74.5,2.1,92.6,1.35,2.0,1,1
3143,945106.0,1894.0,766.0,28.8,4.0,7.3,92.3,1.29,2.0,1,1
3144,827822.0,1891.0,442.0,26.2,3.0,4.2,86.2,1.51,2.0,1,1
3145,768186.0,1721.0,795.0,21.2,13.0,7.2,91.3,1.53,2.0,1,1
3146,689097.0,1479.0,332.0,44.3,27.0,6.6,90.0,1.11,2.0,1,1
3147,765439.0,1812.0,200.0,61.6,13.0,1.0,96.6,1.29,2.0,1,1
3148,1199565.125,3259.0,603.0,30.3,29.0,3.6,95.0,0.89,2.0,1,1
3149,626538.0,2575.0,845.0,72.7,74.5,5.6,96.3,1.22,2.0,1,1
3150,689755.0,1885.0,807.0,30.4,59.0,14.0,93.4,0.72,2.0,1,1
3151,623052.0,1619.0,484.0,19.3,38.0,23.55,93.9,1.68,2.0,1,1
3152,540575.0,724.0,206.0,32.3,42.0,0.6,89.2,2.19,2.0,1,1
3153,701456.0,1586.0,233.0,8.7,2.0,2.0,91.8,1.59,2.0,1,1
3154,1040109.0,3075.0,1179.0,10.2,17.0,1.8,98.0,0.95,2.0,1,1
3155,746056.0,2141.0,368.0,16.0,9.0,23.55,90.5,1.3,2.0,1,1
3156,879618.0,2395.0,1160.0,24.4,61.0,8.9,94.1,1.12,2.0,1,1
3157,740869.0,1445.0,200.0,72.6,36.0,6.3,94.1,1.52,2.0,1,1
3158,828661.0,1833.0,299.0,46.8,35.0,4.7,92.9,1.75,2.0,1,1
3159,818249.0,2144.0,216.0,14.7,32.0,8.0,93.1,1.95,2.0,1,1
3160,600472.0,1324.0,505.0,23.2,25.0,8.2,97.7,1.06,2.0,1,1
3161,890832.0,2817.0,1297.0,32.4,15.0,0.8,89.8,1.77,2.0,1,1
3162,1199565.125,3566.625,1766.0,16.9,8.0,4.8,93.1,1.07,2.0,1,1
3163,726579.0,1167.0,789.0,35.9,1.0,0.8,97.4,1.75,2.0,1,1
3164,1186515.0,3566.625,1066.0,18.8,1.0,2.5,95.1,0.75,2.0,1,1
3165,1014928.0,2991.0,793.0,37.2,36.0,9.7,95.8,1.57,2.0,1,1
3166,390360.0,945.0,200.0,56.8,9.0,21.7,90.9,1.32,1.0,1,1
3167,586145.0,836.0,200.0,25.9,3.0,5.2,93.0,2.32,2.0,1,1
3168,667008.0,1154.0,670.0,8.5,65.0,3.7,96.2,0.84,2.0,1,1
3169,801945.0,1990.0,307.0,6.6,33.0,18.3,94.4,1.49,2.0,1,1
3170,936381.0,1411.0,991.0,31.9,6.0,7.2,89.0,1.76,2.0,1,1
3171,790791.0,1305.0,551.0,16.5,10.0,2.6,90.3,1.4,2.0,1,1
3172,816709.0,1567.0,725.0,2.9,3.0,4.2,92.1,1.28,2.0,1,1
3173,1027476.0,3566.625,1123.0,63.7,0.0,5.9,93.8,1.12,2.0,1,1
3174,874398.0,2689.0,662.0,64.6,3.0,7.3,90.6,1.8,2.0,1,1
3175,908610.0,1822.0,714.0,25.8,27.0,3.3,99.0,1.19,2.0,1,1
3176,791619.0,1275.0,1033.0,33.4,34.0,1.2,89.8,1.53,2.0,1,1
3177,608865.0,1113.0,220.0,36.4,4.0,19.4,92.0,1.66,2.0,1,1
3178,770678.0,1292.0,602.0,16.0,7.0,0.5,96.7,1.3,1.0,1,1
3179,755945.0,1344.0,428.0,10.6,17.0,1.0,93.0,1.17,2.0,1,1
3180,896757.0,2336.0,480.0,61.9,23.0,5.1,99.0,1.43,2.0,1,1
3181,782037.0,1724.0,795.0,7.5,17.0,3.8,98.3,1.26,2.0,1,1
3182,656310.0,2113.0,614.0,10.1,54.0,21.5,93.7,1.83,1.0,1,1
3183,563481.0,1219.0,991.0,27.6,29.0,3.9,97.3,2.3449999999999998,2.0,1,1
3184,880351.0,1971.0,1109.0,20.8,21.0,5.8,91.9,1.5,2.0,1,1
3185,852306.0,1805.0,1102.0,38.6,9.0,9.1,92.3,0.78,2.0,1,1
3186,759095.0,2027.0,200.0,21.5,15.0,4.3,96.7,1.4,2.0,1,1
3187,936107.0,2398.0,779.0,27.8,16.0,17.7,94.5,1.63,2.0,1,1
3188,748450.0,1916.0,911.0,19.6,20.0,10.7,90.3,1.69,2.0,1,1
3189,962252.0,2768.0,417.0,46.0,28.0,1.4,93.7,1.98,2.0,1,1
3190,885922.0,2606.0,923.0,68.7,11.0,1.8,94.4,0.96,2.0,1,1
3191,690226.0,1474.0,1014.0,18.8,33.0,0.5,97.0,1.62,2.0,1,1
3192,857606.0,2005.0,1030.0,29.5,23.0,10.7,90.1,1.7,2.0,1,1
3193,704226.0,1825.0,913.0,10.3,40.0,1.2,95.5,1.84,2.0,1,1
3194,673898.0,1089.0,288.0,32.6,5.0,2.8,94.9,1.65,2.0,1,1
3195,965219.0,2566.0,954.0,14.0,37.0,6.1,92.6,1.57,2.0,1,1
3196,897157.0,1734.0,277.0,16.4,39.0,0.5,87.7,1.5,2.0,1,1
3197,752093.0,1015.0,200.0,32.8,0.0,14.3,95.8,1.5,2.0,1,1
3198,894438.0,2617.0,809.0,22.4,24.0,1.8,92.9,1.97,2.0,1,1
3199,499796.0,1183.0,431.0,39.7,52.0,16.7,93.6,0.69,2.0,1,1
3200,883648.0,2430.0,235.0,28.5,12.0,0.5,91.9,1.48,2.0,1,1
3201,617366.0,888.0,200.0,21.6,0.0,2.8,87.1,2.07,2.0,1,1
3202,892600.0,2376.0,690.0,36.6,26.0,8.0,94.6,1.45,1.0,1,1
3203,766428.0,1581.0,1349.0,11.1,72.0,8.6,94.5,2.03,2.0,1,1
3204,742250.0,1123.0,722.0,15.9,9.0,0.5,94.8,0.82,2.0,1,1
3205,838883.0,2160.0,1282.0,73.2,13.0,5.8,86.5,1.45,2.0,1,1
3206,845334.0,2020.0,1474.0,33.2,36.0,10.5,93.3,1.77,2.0,1,1
3207,787603.0,2791.0,563.0,57.8,18.0,8.9,92.7,1.37,1.0,1,1
3208,666538.0,1866.0,801.0,46.8,45.0,9.1,94.3,1.19,2.0,1,1
3209,699538.0,1786.0,531.0,56.8,63.0,10.8,92.7,2.02,2.0,1,1
3210,930601.0,2401.0,867.0,23.7,30.0,1.3,87.7,1.45,2.0,1,1
3211,814915.0,1948.0,746.0,30.2,19.0,7.3,92.2,1.66,2.0,1,1
3212,814374.0,1171.0,854.0,12.7,33.0,0.5,95.2,1.12,2.0,1,1
3213,686910.0,1699.0,258.0,16.1,63.0,1.5,88.2,0.61,2.0,1,1
3214,744025.0,1028.0,200.0,12.8,5.0,4.7,93.6,1.11,2.0,1,1
3215,779340.0,1176.0,332.0,12.0,5.0,2.3,94.5,1.73,2.0,1,1
3216,670336.0,904.0,204.0,12.2,21.0,4.3,91.3,1.35,2.0,1,1
3217,715560.0,961.0,200.0,32.9,6.0,5.1,87.8,1.17,2.0,1,1
3218,621988.0,1566.0,200.0,52.9,1.0,1.2,98.0,0.98,2.0,1,1
3219,840733.0,1565.0,1049.0,22.5,21.0,4.4,99.0,1.32,2.0,1,1
3220,802866.0,1978.0,439.0,32.4,29.0,8.6,91.6,1.12,2.0,1,1
3221,670639.0,1772.0,688.0,8.3,7.0,20.0,96.4,1.28,2.0,1,1
3222,757531.0,1919.0,896.0,7.7,24.0,23.4,90.1,0.96,2.0,1,1
3223,888246.0,2713.0,1118.0,42.8,20.0,2.4,93.0,1.41,2.0,1,1
3224,765664.0,2135.0,233.0,6.9,7.0,5.8,97.0,1.79,2.0,1,1
3225,598423.0,1496.0,289.0,3.2,70.0,23.55,91.6,1.0,2.0,1,1
3226,650285.0,1094.0,863.0,10.5,25.0,5.0,93.6,1.57,2.0,1,1
3227,809903.0,1615.0,691.0,20.6,27.0,7.7,94.7,1.1,2.0,1,1
3228,886843.0,2139.0,1363.0,13.6,43.0,0.8,91.0,1.19,2.0,1,1
3229,818436.0,2833.0,718.0,18.0,21.0,4.5,88.4,1.39,2.0,1,1
3230,649747.0,1537.0,1112.0,17.5,74.5,11.5,91.2,1.12,2.0,1,1
3231,795376.0,1365.0,302.0,25.8,7.0,3.8,98.3,1.48,2.0,1,1
3232,717243.0,1796.0,815.0,11.9,42.0,6.7,88.7,0.62,2.0,1,1
3233,901965.0,2013.0,819.0,17.1,36.0,3.4,95.8,1.25,2.0,1,1
3234,880349.0,2551.0,497.0,24.7,64.0,3.7,92.4,1.09,2.0,1,1
3235,831861.0,1902.0,706.0,40.6,13.0,8.6,91.9,1.11,2.0,1,1
3236,590524.0,1053.0,658.0,36.4,74.5,6.2,92.3,1.45,2.0,1,1
3237,766273.0,2000.0,807.0,46.0,35.0,3.4,93.8,1.86,2.0,1,1
3238,465299.0,944.0,200.0,45.3,28.0,7.3,97.4,1.08,2.0,1,1
3239,862722.0,2172.0,682.0,26.4,74.5,0.5,93.9,1.45,2.0,1,1
3240,812488.0,1701.0,599.0,9.6,33.0,1.0,89.7,1.41,2.0,1,1
3241,1071255.0,2931.0,1011.0,9.4,1.0,1.3,88.1,1.19,2.0,1,1
3242,839490.0,2308.0,743.0,26.3,1.0,2.3,95.7,1.61,2.0,1,1
3243,901431.0,2056.0,995.0,17.4,21.0,0.9,91.2,1.25,2.0,1,1
3244,771540.0,1608.0,200.0,42.5,15.0,4.5,93.6,1.54,2.0,1,1
3245,508591.0,1100.0,200.0,58.4,4.0,23.55,97.2,1.4,2.0,1,1
3246,847932.0,2210.0,1000.0,16.9,41.0,1.5,84.4,1.52,2.0,1,1
3247,562326.0,1097.0,442.0,34.0,1.0,0.5,93.3,1.19,2.0,1,1
3248,933922.0,2563.0,1507.0,12.3,39.0,7.0,96.4,1.28,2.0,1,1
3249,863786.0,1339.0,1464.0,25.2,11.0,1.8,97.1,0.91,2.0,1,1
3250,522744.0,1065.0,275.0,15.1,26.0,12.8,90.6,1.4,2.0,1,1
3251,914055.0,1743.0,734.0,12.1,2.0,0.5,91.2,0.96,2.0,1,1
3252,632616.0,1763.0,237.0,28.5,31.0,0.7,88.3,1.77,2.0,1,1
3253,550290.0,1024.0,200.0,28.4,34.0,5.7,87.1,1.29,2.0,1,1
3254,635795.0,2277.0,545.0,43.3,5.0,23.55,92.8,1.66,2.0,1,1
3255,696166.0,2055.0,752.0,37.8,16.0,11.8,93.2,1.32,2.0,1,1
3256,704302.0,1558.0,200.0,19.9,5.0,20.3,90.8,1.52,2.0,1,1
3257,1054509.0,2173.0,1048.0,14.0,3.0,10.6,93.4,0.73,2.0,1,1
3258,1008258.0,2091.0,391.0,11.2,7.0,0.5,90.1,1.05,2.0,1,1
3259,684978.0,1632.0,1265.0,47.3,11.0,14.6,94.6,1.29,2.0,1,1
3260,968394.0,2198.0,341.0,25.2,22.0,2.8,96.7,1.21,2.0,1,1
3261,715373.0,1453.0,200.0,27.3,43.0,8.7,92.0,0.93,2.0,1,1
3262,826311.0,1655.0,855.0,4.3,15.0,3.5,91.0,1.39,2.0,1,1
3263,636499.0,1921.0,227.0,22.4,8.0,8.3,90.8,1.71,1.0,1,1
3264,1029390.0,3488.0,1587.0,29.0,15.0,8.7,92.6,2.03,2.0,1,1
3265,802986.0,1831.0,313.0,3.1,74.5,11.6,94.6,1.67,2.0,1,1
3266,833674.0,2356.0,1384.0,21.2,12.0,7.2,87.7,1.71,2.0,1,1
3267,599438.0,1455.0,200.0,36.3,9.0,2.2,93.6,1.34,2.0,1,1
3268,1054755.0,3566.625,1368.0,53.9,19.0,9.6,92.9,1.81,2.0,1,1
3269,624528.0,1224.0,720.0,39.4,9.0,13.8,96.3,1.86,2.0,1,1
3270,817475.0,1855.0,730.0,30.3,27.0,1.8,97.6,2.02,2.0,1,1
3271,734453.0,1925.0,950.0,39.9,10.0,14.0,89.9,1.28,2.0,1,1
3272,803490.0,2196.0,952.0,22.8,74.5,8.2,91.8,1.12,2.0,1,1
3273,649070.0,1247.0,200.0,40.1,6.0,7.4,93.6,0.92,2.0,1,1
3274,694443.0,1215.0,702.0,28.5,3.0,2.1,90.8,1.6,2.0,1,1
3275,628491.0,869.0,200.0,11.9,18.0,0.5,96.3,1.81,2.0,1,1
3276,764420.0,2185.0,475.0,17.1,56.0,8.1,93.1,1.67,2.0,1,1
3277,933021.0,1745.0,522.0,49.1,13.0,0.9,94.1,2.24,2.0,1,1
3278,1100130.0,3566.625,1291.0,30.4,15.0,13.3,94.2,1.81,2.0,1,1
3279,731257.0,1644.0,563.0,43.3,19.0,1.1,93.1,1.32,2.0,1,1
3280,727221.0,700.0,678.0,7.6,11.0,0.5,91.9,0.95,2.0,1,1
3281,849207.0,2516.0,1180.0,33.6,65.0,0.5,94.1,1.92,2.0,1,1
3282,970802.0,2300.0,1224.0,35.8,4.0,2.1,96.3,1.0,2.0,1,1
3283,1199565.125,3566.625,1726.0,30.2,33.0,1.4,97.5,1.8,2.0,1,1
3284,850616.0,1918.0,1224.0,42.7,3.0,0.9,98.9,1.23,2.0,1,1
3285,808059.0,1260.0,200.0,7.0,56.0,6.6,87.0,0.5,2.0,1,1
3286,748914.0,2340.0,1002.0,33.4,2.0,4.8,86.8,1.66,2.0,1,1
3287,708597.0,1407.0,652.0,21.3,29.0,3.5,88.5,1.13,2.0,1,1
3288,701090.0,1617.0,753.0,9.9,53.0,23.55,93.5,1.32,2.0,1,1
3289,406775.0,922.0,200.0,30.1,3.0,2.7,92.6,0.56,1.0,1,1
3290,825197.0,1730.0,763.0,42.2,21.0,8.7,90.5,1.18,2.0,1,1
3291,782919.0,1464.0,275.0,20.1,3.0,3.2,90.0,1.34,2.0,1,1
3292,788528.0,1846.0,660.0,13.4,41.0,16.1,94.4,1.18,2.0,1,1
3293,806781.0,1371.0,200.0,39.3,61.0,0.9,90.3,2.04,2.0,1,1
3294,635489.0,1761.0,742.0,18.2,6.0,19.4,92.2,1.03,2.0,1,1
3295,812298.0,1952.0,337.0,11.7,9.0,11.1,94.1,1.21,2.0,1,1
3296,1001492.0,3184.0,1801.5,17.9,11.0,5.3,92.9,0.5,2.0,1,1
3297,639341.0,929.0,304.0,24.7,47.0,3.9,91.8,1.31,2.0,1,1
3298,660973.0,1455.0,619.0,42.5,46.0,1.3,94.1,1.35,2.0,1,1
3299,660893.0,1716.0,233.0,35.7,6.0,15.9,93.7,1.74,2.0,1,1
3300,954580.0,2517.0,558.0,73.6625,4.0,4.4,90.9,1.39,2.0,1,1
3301,913595.0,2618.0,1070.0,6.0,22.0,15.4,88.5,1.56,2.0,1,1
3302,1199565.125,2809.0,983.0,24.3,10.0,0.6,92.1,0.96,2.0,1,1
3303,872223.0,2057.0,680.0,41.6,14.0,2.7,93.9,1.45,2.0,1,1
3304,870360.0,2671.0,1023.0,28.0,37.0,18.8,89.2,1.97,2.0,1,1
3305,857871.0,2546.0,297.0,19.2,3.0,4.0,86.5,1.51,2.0,1,1
3306,719008.0,2129.0,617.0,56.4,68.0,4.2,93.3,1.77,2.0,1,1
3307,754280.0,2376.0,546.0,30.6,19.0,6.3,91.2,1.79,2.0,1,1
3308,794159.0,1622.0,795.0,3.2,31.0,2.9,93.5,1.71,2.0,1,1
3309,757686.0,1403.0,1555.0,11.2,47.0,5.4,95.1,2.26,2.0,1,1
3310,505608.0,1049.0,200.0,21.4,28.0,10.3,92.8,1.34,2.0,1,1
3311,701317.0,1284.0,628.0,42.8,9.0,4.7,91.7,1.48,2.0,1,1
3312,723871.0,1693.0,822.0,40.5,7.0,5.4,92.4,0.83,2.0,1,1
3313,863416.0,1794.0,558.0,31.6,3.0,2.0,91.1,1.53,2.0,1,1
3314,930824.0,3396.0,982.0,60.8,14.0,7.8,92.6,1.72,2.0,1,1
3315,953033.0,2821.0,806.0,18.2,10.0,13.9,91.3,1.16,2.0,1,1
3316,707529.0,1275.0,232.0,4.3,3.0,0.5,96.3,1.51,2.0,1,1
3317,571125.0,1282.0,486.0,56.3,46.0,2.6,86.2,1.53,2.0,1,1
3318,508101.0,1446.0,200.0,37.8,45.0,17.5,96.8,2.05,2.0,1,1
3319,765754.0,1491.0,535.0,41.9,4.0,6.5,95.6,1.15,2.0,1,1
3320,657064.0,1829.0,445.0,16.0,21.0,23.55,87.0,1.07,2.0,1,1
3321,1118776.0,3447.0,1362.0,14.8,7.0,21.6,91.5,1.31,2.0,1,1
3322,407952.0,957.0,200.0,63.0,14.0,19.2,89.0,1.89,2.0,1,1
3323,916591.0,2159.0,1801.5,4.2,15.0,11.7,95.6,1.78,2.0,1,1
3324,869089.0,2085.0,271.0,18.3,38.0,5.2,97.2,1.4,2.0,1,1
3325,765350.0,1983.0,489.0,16.4,17.0,6.7,94.6,1.99,2.0,1,1
3326,768351.0,1805.0,851.0,43.3,22.0,7.4,94.0,1.35,2.0,1,1
3327,477995.0,1454.0,642.0,27.3,74.0,12.3,90.5,1.65,2.0,1,1
3328,1089549.0,2974.0,284.0,10.1,1.0,1.9,90.8,1.71,2.0,1,1
3329,753366.0,1594.0,880.0,16.3,14.0,20.9,97.0,1.27,2.0,1,1
3330,913517.0,1907.0,1586.0,20.5,37.0,6.2,90.4,1.29,2.0,1,1
3331,919904.0,2139.0,1201.0,11.2,6.0,23.55,93.9,1.56,2.0,1,1
3332,759369.0,2139.0,1143.0,47.8,19.0,2.5,90.4,1.49,2.0,1,1
3333,935317.0,2492.0,884.0,37.4,52.0,5.9,93.5,1.37,2.0,1,1
3334,559421.0,1499.0,461.0,9.4,8.0,6.2,91.7,1.88,2.0,1,1
3335,735442.0,1119.0,861.0,23.7,4.0,5.0,90.8,1.06,2.0,1,1
3336,579324.0,1234.0,464.0,32.1,12.0,5.6,87.8,1.19,2.0,1,1
3337,620430.0,1283.0,365.0,44.5,16.0,9.1,91.0,1.83,2.0,1,1
3338,669497.0,1060.0,399.0,12.8,70.0,14.0,93.4,0.97,2.0,1,1
3339,892542.0,1370.0,340.0,26.0,26.0,0.5,90.5,1.4,1.0,1,1
3340,818282.0,1933.0,704.0,7.2,4.0,12.1,96.7,1.4,2.0,1,1
3341,687305.0,1071.0,566.0,21.0,5.0,2.8,92.2,1.4,2.0,1,1
3342,1026546.0,2746.0,1465.0,17.0,15.0,23.5,95.6,1.64,2.0,1,1
3343,567680.0,1055.0,746.0,44.9,21.0,1.8,93.2,2.17,2.0,1,1
3344,576998.0,1552.0,598.0,49.2,49.0,4.6,90.3,1.4,1.0,1,1
3345,691671.0,1280.0,258.0,26.5,10.0,4.2,87.4,1.01,2.0,1,1
3346,959879.0,2302.0,1095.0,34.9,3.0,0.5,92.6,1.7,2.0,1,1
3347,811639.0,2326.0,241.0,47.0,0.0,7.6,93.7,1.44,2.0,1,1
3348,747568.0,1680.0,1111.0,30.8,6.0,20.2,85.8,2.03,2.0,1,1
3349,885130.0,2059.0,333.0,28.6,21.0,0.5,93.4,1.47,2.0,1,1
3350,681842.0,1213.0,1241.0,43.8,7.0,1.4,92.5,0.94,2.0,1,1
3351,702924.0,1734.0,318.0,3.3,63.0,23.55,92.8,1.38,2.0,1,1
3352,729371.0,1235.0,439.0,21.3,48.0,5.5,98.8,1.5,2.0,1,1
3353,784860.0,1925.0,420.0,39.4,3.0,2.3,86.2,1.77,2.0,1,1
3354,1124854.0,3560.0,1050.0,20.4,12.0,0.5,90.0,1.79,2.0,1,1
3355,735401.0,2577.0,841.0,41.7,74.5,18.4,92.6,1.1,2.0,1,1
3356,576514.0,1432.0,547.0,27.1,74.5,0.7,91.6,1.27,2.0,1,1
3357,496533.0,1295.0,200.0,44.3,27.0,23.55,96.1,1.77,2.0,1,1
3358,861520.0,1479.0,316.0,48.5,8.0,1.2,90.7,1.89,2.0,1,1
3359,605459.0,883.0,200.0,14.8,5.0,4.4,95.2,1.58,2.0,1,1
3360,557461.0,1002.0,679.0,71.9,1.0,9.4,98.2,1.51,2.0,1,1
3361,833886.0,2074.0,991.0,17.1,49.0,0.7,91.5,1.35,2.0,1,1
3362,959972.0,2313.0,763.0,16.6,33.0,2.2,96.5,1.07,2.0,1,1
3363,748821.0,1607.0,301.0,46.0,26.0,19.0,91.2,1.71,2.0,1,1
3364,827693.0,1983.0,405.0,19.2,19.0,4.2,98.3,1.6,2.0,1,1
3365,971497.0,3566.625,1686.0,73.6625,8.0,7.4,96.8,1.93,2.0,1,1
3366,942866.0,1887.0,684.0,30.8,5.0,9.2,91.0,0.94,2.0,1,1
3367,1108508.0,2257.0,934.0,20.5,5.0,0.5,93.0,1.4,2.0,1,1
3368,715471.0,1455.0,200.0,22.2,4.0,13.3,92.8,0.97,2.0,1,1
3369,721776.0,2415.0,971.0,13.7,22.0,23.55,91.3,0.7,2.0,1,1
3370,593154.0,1119.0,312.0,15.0,30.0,10.3,99.0,1.1,2.0,1,1
3371,772476.0,2034.0,442.0,20.4,23.0,8.2,95.6,1.57,2.0,1,1
3372,722321.0,1425.0,237.0,25.4,15.0,18.3,88.2,0.73,2.0,1,1
3373,839865.0,1243.0,634.0,11.8,20.0,9.5,89.9,1.61,2.0,1,1
3374,758412.0,1931.0,631.0,24.0,11.0,1.1,95.0,1.32,1.0,1,1
3375,965616.0,2907.0,698.0,45.0,37.0,3.0,94.9,0.99,2.0,1,1
3376,878825.0,1231.0,522.0,7.1,10.0,12.6,92.5,1.4,2.0,1,1
3377,951386.0,2506.0,780.0,39.5,12.0,1.2,94.8,1.05,2.0,1,1
3378,691408.0,1339.0,200.0,13.5,26.0,2.7,99.0,2.01,2.0,1,1
3379,853050.0,1866.0,509.0,25.2,0.0,5.5,93.7,1.37,2.0,1,1
3380,706351.0,1520.0,523.0,36.9,65.0,13.6,92.2,1.6,2.0,1,1
3381,500455.0,1483.0,200.0,40.0,2.0,19.8,91.5,1.99,2.0,1,1
3382,849600.0,2296.0,1212.0,47.6,15.0,23.3,88.3,1.26,2.0,1,1
3383,794772.0,2714.0,200.0,37.3,30.0,2.1,97.0,1.51,2.0,1,1
3384,884201.0,2130.0,796.0,40.3,17.0,3.3,85.0,1.35,2.0,1,1
3385,988204.0,3039.0,779.0,27.5,32.0,1.7,97.1,1.25,2.0,1,1
3386,726373.0,1512.0,578.0,1.2,5.0,6.1,91.9,1.72,2.0,1,1
3387,971772.0,1997.0,727.0,28.2,7.0,6.2,96.3,1.55,2.0,1,1
3388,819020.0,1991.0,750.0,9.0,45.0,10.6,88.9,1.47,2.0,1,1
3389,988997.0,2704.0,559.0,32.2,9.0,1.3,87.6,1.64,2.0,1,1
3390,803635.0,1469.0,605.0,43.7,25.0,0.5,90.9,1.42,2.0,1,1
3391,812165.0,2061.0,880.0,53.0,4.0,22.7,96.4,1.72,2.0,1,1
3392,957163.0,2832.0,447.0,23.2,74.5,2.7,93.5,0.96,2.0,1,1
3393,887983.0,2420.0,320.0,3.1,27.0,1.2,91.0,1.17,2.0,1,1
3394,597394.0,1532.0,413.0,34.7,54.0,0.5,91.7,1.65,2.0,1,1
3395,929278.0,2346.0,472.0,8.5,18.0,2.0,98.6,1.25,2.0,1,1
3396,591789.0,1185.0,1153.0,28.5,4.0,14.8,88.4,1.51,2.0,1,1
3397,1018966.0,1989.0,477.0,17.0,4.0,3.8,92.3,1.49,2.0,1,1
3398,688872.0,1339.0,973.0,53.1,53.0,14.3,92.7,0.92,2.0,1,1
3399,709591.0,1779.0,391.0,45.8,67.0,5.7,94.9,1.5,2.0,1,1
3400,826397.0,1470.0,527.0,10.8,28.0,0.5,89.9,1.54,2.0,1,1
3401,735377.0,1465.0,434.0,34.7,48.0,4.5,88.8,1.21,2.0,1,1
3402,887360.0,2429.0,948.0,29.9,12.0,14.5,89.5,0.79,2.0,1,1
3403,964024.0,2624.0,1369.0,47.5,1.0,3.9,87.6,0.82,2.0,1,1
3404,485579.0,1185.0,344.0,30.0,54.0,22.9,92.9,1.23,2.0,1,1
3405,1030715.0,2080.0,916.0,31.2,31.0,6.0,97.2,0.93,2.0,1,1
3406,925761.0,2266.0,400.0,29.1,14.0,6.5,99.0,0.83,2.0,1,1
3407,951825.0,2622.0,612.0,40.9,13.0,23.55,87.6,1.58,2.0,1,1
3408,694305.0,1484.0,718.0,37.1,15.0,8.1,93.0,1.26,2.0,1,1
3409,681342.0,1251.0,200.0,18.3,37.0,8.3,95.1,0.93,2.0,1,1
3410,1179766.0,3556.0,1385.0,24.7,3.0,16.4,87.1,1.35,2.0,1,1
3411,652744.0,952.0,200.0,45.0,8.0,9.9,90.3,1.75,2.0,1,1
3412,871865.0,2208.0,1166.0,19.3,33.0,9.5,91.2,1.87,2.0,1,1
3413,669119.0,1284.0,716.0,6.8,42.0,3.1,87.5,1.05,2.0,1,1
3414,825626.0,1238.0,451.0,25.0,34.0,3.6,97.2,1.18,2.0,1,1
3415,766117.0,1474.0,285.0,23.0,22.0,10.1,88.4,1.68,2.0,1,1
3416,680117.0,1461.0,408.0,20.1,3.0,9.0,94.2,0.99,2.0,1,1
3417,846859.0,1385.0,521.0,23.5,22.0,1.8,87.8,1.07,2.0,1,1
3418,735451.0,1937.0,697.0,31.9,65.0,11.2,90.6,1.33,2.0,1,1
3419,661592.0,1275.0,200.0,1.7,41.0,13.3,96.0,1.25,2.0,1,1
3420,888971.0,2368.0,1301.0,31.2,14.0,0.5,86.0,1.63,2.0,1,1
3421,888478.0,1685.0,842.0,8.5,9.0,3.3,93.7,1.23,2.0,1,1
3422,601293.0,1233.0,503.0,42.9,10.0,12.9,89.8,1.95,2.0,1,1
3423,781169.0,1452.0,200.0,5.2,10.0,6.0,96.4,1.66,2.0,1,1
3424,957052.0,2179.0,213.0,28.6,17.0,5.8,91.8,1.36,2.0,1,1
3425,540267.0,842.0,726.0,53.7,17.0,17.0,96.0,1.22,2.0,1,1
3426,1072602.0,2847.0,1106.0,17.9,21.0,3.4,92.4,0.76,2.0,1,1
3427,896432.0,3190.0,1752.0,15.4,30.0,23.55,90.9,1.39,2.0,1,1
3428,1116817.0,2849.0,1469.0,15.6,11.0,1.2,95.1,1.99,2.0,1,1
3429,864625.0,1647.0,855.0,7.8,56.0,3.2,94.5,2.32,2.0,1,1
3430,740433.0,2136.0,1153.0,63.7,1.0,4.0,92.7,0.98,2.0,1,1
3431,579686.0,1504.0,274.0,15.2,22.0,3.5,95.1,1.87,2.0,1,1
3432,961994.0,2688.0,1067.0,14.3,8.0,0.5,87.3,1.61,2.0,1,1
3433,564691.0,700.0,200.0,34.5,9.0,4.7,95.5,1.88,2.0,1,1
3434,1093949.0,3294.0,1270.0,7.0,18.0,4.2,99.0,1.18,1.0,1,1
3435,869419.0,1425.0,277.0,28.0,24.0,1.2,93.9,1.17,2.0,1,1
3436,788507.0,1393.0,980.0,16.0,27.0,23.55,93.0,2.23,2.0,1,1
3437,853621.0,1490.0,200.0,39.3,6.0,3.4,86.4,1.15,2.0,1,1
3438,782936.0,1419.0,200.0,27.5,3.0,23.55,89.9,1.61,2.0,1,1
3439,829606.0,2162.0,569.0,12.6,8.0,17.2,98.7,1.48,1.0,1,1
3440,1010179.0,2927.0,568.0,10.9,2.0,10.2,85.2,1.71,2.0,1,1
3441,791265.0,2250.0,1237.0,34.3,64.0,5.2,92.6,1.28,2.0,1,1
3442,952271.0,3169.0,943.0,4.1,74.5,5.9,92.1,1.39,2.0,1,1
3443,857634.0,1778.0,200.0,43.7,19.0,2.9,92.7,0.95,2.0,1,1
3444,757848.0,1650.0,710.0,2.3,18.0,6.5,89.9,1.5,2.0,1,1
3445,806647.0,1829.0,1110.0,17.7,18.0,10.1,93.7,1.41,2.0,1,1
3446,782678.0,1703.0,416.0,25.9,18.0,15.0,92.0,1.45,2.0,1,1
3447,825139.0,1438.0,1118.0,50.9,17.0,3.8,95.1,0.72,2.0,1,1
3448,810844.0,1334.0,478.0,5.4,19.0,5.9,97.0,1.26,2.0,1,1
3449,676205.0,1285.0,753.0,63.3,1.0,4.8,93.8,1.83,2.0,1,1
3450,785301.0,2651.0,958.0,53.8,33.0,2.0,93.9,0.69,2.0,1,1
3451,597800.0,1471.0,643.0,8.6,26.0,0.5,92.6,1.83,2.0,1,1
3452,695871.0,1409.0,796.0,49.6,22.0,12.4,94.6,0.82,2.0,1,1
3453,676507.0,1291.0,833.0,52.6,7.0,9.4,93.9,1.63,2.0,1,1
3454,835407.0,2511.0,1509.0,14.0,2.0,23.55,98.4,1.21,2.0,1,1
3455,668174.0,1527.0,687.0,1.5,27.0,14.7,88.5,1.18,2.0,1,1
3456,874219.0,2204.0,509.0,34.0,2.0,0.5,91.1,1.17,2.0,1,1
3457,927037.0,1519.0,655.0,40.4,13.0,0.8,96.7,1.41,2.0,1,1
3458,785311.0,2215.0,407.0,30.1,5.0,6.7,96.6,1.13,2.0,1,1
3459,1199565.125,3566.625,1785.0,23.5,17.0,2.9,87.6,1.12,2.0,1,1
3460,890766.0,1872.0,200.0,4.8,15.0,3.6,95.7,1.45,2.0,1,1
3461,766965.0,2158.0,522.0,44.1,62.0,2.7,96.0,0.92,2.0,1,1
3462,789962.0,1619.0,1376.0,14.8,22.0,8.4,94.3,1.84,2.0,1,1
3463,1099534.0,3143.0,1199.0,28.7,2.0,4.3,94.7,1.83,2.0,1,1
3464,777104.0,1769.0,601.0,7.4,2.0,2.6,94.2,0.96,2.0,1,1
3465,825516.0,1248.0,966.0,28.7,5.0,1.2,99.0,1.56,2.0,1,1
3466,792456.0,1993.0,1055.0,12.1,16.0,23.55,86.5,0.97,2.0,1,1
3467,655692.0,1116.0,358.0,56.5,36.0,0.5,97.1,1.78,2.0,1,1
3468,837188.0,2081.0,294.0,11.3,56.0,3.8,89.7,1.4,2.0,1,1
3469,988277.0,1890.0,200.0,14.9,0.0,1.0,88.9,0.65,2.0,1,1
3470,670018.0,1493.0,510.0,17.9,37.0,4.6,89.2,1.6,1.0,1,1
3471,838349.0,1066.0,962.0,31.5,10.0,0.5,96.6,1.34,2.0,1,1
3472,971382.0,2818.0,466.0,7.1,74.5,0.5,97.1,1.31,2.0,1,1
3473,838567.0,2317.0,776.0,17.5,1.0,1.7,91.9,1.82,2.0,1,1
3474,789371.0,1964.0,287.0,21.9,3.0,1.1,92.9,1.88,2.0,1,1
3475,894988.0,2379.0,866.0,14.0,15.0,2.5,92.6,0.78,2.0,1,1
3476,546108.0,700.0,306.0,49.8,30.0,4.3,88.9,1.1,2.0,1,1
3477,816457.0,1985.0,1502.0,24.8,8.0,3.7,93.5,1.02,2.0,1,1
3478,715440.0,1617.0,950.0,35.8,60.0,21.1,89.0,1.04,2.0,1,1
3479,826033.0,1696.0,491.0,17.5,21.0,2.8,90.2,1.27,2.0,1,1
3480,970043.0,2331.0,200.0,35.5,15.0,8.1,91.4,1.47,2.0,1,1
3481,955450.0,2150.0,791.0,32.8,33.0,0.5,94.9,1.14,2.0,1,1
3482,653460.0,1104.0,1241.0,30.2,3.0,4.7,92.8,0.86,2.0,1,1
3483,749181.0,1390.0,205.0,30.8,19.0,10.2,91.7,1.32,2.0,1,1
3484,673446.0,2346.0,1501.0,46.7,56.0,6.3,85.6,1.81,2.0,1,1
3485,782565.0,921.0,342.0,71.5,5.0,0.5,96.2,1.87,2.0,1,1
3486,891011.0,2267.0,894.0,23.5,43.0,8.3,94.3,1.37,2.0,1,1
3487,790286.0,1650.0,213.0,45.5,45.0,3.4,95.0,0.84,2.0,1,1
3488,921870.0,1688.0,1177.0,5.8,17.0,1.0,91.3,1.43,2.0,1,1
3489,814009.0,1959.0,1143.0,17.9,21.0,2.7,96.6,1.14,2.0,1,1
3490,829289.0,2487.0,951.0,40.0,43.0,2.6,91.4,1.66,2.0,1,1
3491,544313.0,922.0,200.0,37.9,16.0,13.8,98.6,1.45,2.0,1,1
3492,546594.0,1528.0,850.0,73.6625,16.0,12.1,95.1,1.93,2.0,1,1
3493,761417.0,1380.0,458.0,35.3,9.0,9.0,96.8,0.91,2.0,1,1
3494,779704.0,2288.0,851.0,25.2,3.0,19.0,96.4,1.81,1.0,1,1
3495,557117.0,718.0,200.0,3.7,30.0,15.9,94.9,1.37,1.0,1,1
3496,791617.0,1896.0,427.0,9.0,42.0,1.2,92.6,1.66,1.0,1,1
3497,1063674.0,3566.625,1521.0,30.1,41.0,21.2,93.3,1.32,2.0,1,1
3498,634984.0,1524.0,982.0,38.0,6.0,14.1,92.7,1.63,2.0,1,1
3499,567645.0,1348.0,1011.0,58.5,30.0,5.4,91.9,1.05,2.0,1,1
3500,776112.0,998.0,880.0,7.1,7.0,2.0,99.0,1.68,2.0,1,1
3501,706996.0,1499.0,760.0,23.7,66.0,3.1,89.7,1.27,2.0,1,1
3502,591394.0,1262.0,357.0,19.6,74.5,14.1,94.3,1.51,2.0,1,1
3503,716016.0,1418.0,602.0,51.6,24.0,1.4,90.9,1.02,2.0,1,1
3504,649931.0,1336.0,735.0,31.2,74.5,8.4,91.8,1.43,2.0,1,1
3505,919130.0,2246.0,1270.0,9.7,17.0,13.3,94.5,1.74,2.0,1,1
3506,735418.0,1475.0,482.0,22.7,31.0,7.2,92.6,2.01,2.0,1,1
3507,862965.0,1794.0,827.0,36.9,18.0,0.8,97.0,1.5,2.0,1,1
3508,683458.0,997.0,761.0,41.8,5.0,9.4,90.5,0.96,2.0,1,1
3509,515345.0,1216.0,200.0,33.9,3.0,13.8,91.1,1.14,2.0,1,1
3510,810342.0,2224.0,405.0,32.7,27.0,8.2,83.54999999999998,1.36,2.0,1,1
3511,652674.0,1580.0,273.0,41.3,3.0,11.5,91.8,1.64,2.0,1,1
3512,759939.0,2491.0,200.0,73.6625,64.0,2.2,88.3,1.43,2.0,1,1
3513,674821.0,1513.0,484.0,59.3,16.0,4.0,92.6,1.44,2.0,1,1
3514,601383.0,1501.0,225.0,27.0,30.0,2.8,91.1,1.47,2.0,1,1
3515,729990.0,2611.0,200.0,35.1,24.0,4.3,93.8,0.5,1.0,1,1
3516,914241.0,2888.0,1282.0,16.9,6.0,2.7,90.6,2.04,2.0,1,1
3517,1002704.0,2953.0,1622.0,25.8,11.0,7.7,94.5,0.87,2.0,1,1
3518,843037.0,2105.0,1489.0,28.2,72.0,1.4,97.2,1.4,2.0,1,1
3519,517345.0,836.0,200.0,39.5,25.0,1.6,92.8,2.3449999999999998,2.0,1,1
3520,966537.0,2666.0,830.0,22.1,49.0,2.2,92.9,1.86,2.0,1,1
3521,985252.0,2768.0,694.0,19.1,7.0,10.1,95.6,1.55,2.0,1,1
3522,621553.0,1395.0,305.0,12.2,6.0,19.7,90.5,1.85,2.0,1,1
3523,745537.0,1958.0,465.0,7.8,11.0,9.9,99.0,1.06,2.0,1,1
3524,829414.0,2527.0,1525.0,25.9,4.0,5.2,91.1,1.65,2.0,1,1
3525,791088.0,2609.0,1202.0,39.4,56.0,17.6,86.5,1.91,2.0,1,1
3526,780990.0,1768.0,1162.0,32.7,7.0,12.7,99.0,1.2,2.0,1,1
3527,751133.0,1255.0,565.0,11.3,3.0,1.0,91.4,1.27,2.0,1,1
3528,585870.0,1750.0,870.0,64.1,4.0,21.2,89.7,2.01,2.0,1,1
3529,675793.0,1184.0,875.0,37.3,4.0,1.5,96.9,0.81,1.0,1,1
3530,786210.0,1710.0,574.0,29.2,20.0,8.1,96.0,1.49,2.0,1,1
3531,890299.0,2193.0,917.0,18.5,5.0,22.2,93.8,1.49,2.0,1,1
3532,744026.0,1666.0,622.0,72.6,12.0,2.6,94.2,1.24,2.0,1,1
3533,1084346.0,1926.0,346.0,16.2,7.0,0.6,92.9,1.82,2.0,1,1
3534,1199565.125,3566.625,990.0,50.6,20.0,2.7,95.0,1.18,2.0,1,1
3535,748646.0,2195.0,276.0,39.7,50.0,11.1,84.6,1.75,2.0,1,1
3536,714333.0,1769.0,836.0,54.8,15.0,3.3,99.0,1.66,1.0,1,1
3537,819178.0,2309.0,954.0,32.9,60.0,2.7,96.3,1.37,2.0,1,1
3538,1199565.125,3566.625,1440.0,40.5,18.0,0.9,94.3,1.29,2.0,1,1
3539,995167.0,2388.0,903.0,37.6,11.0,3.6,91.7,1.41,2.0,1,1
3540,719416.0,1536.0,464.0,23.7,13.0,17.2,87.7,1.4,2.0,1,1
3541,681158.0,1604.0,845.0,41.2,17.0,11.0,90.8,1.72,2.0,1,1
3542,990699.0,2598.0,880.0,34.8,0.0,1.3,99.0,1.83,2.0,1,1
3543,699846.0,2327.0,1486.0,46.9,24.0,23.55,94.1,1.06,2.0,1,1
3544,742818.0,862.0,625.0,29.4,8.0,13.8,94.6,0.95,2.0,1,1
3545,1112001.0,3566.625,1445.0,43.6,0.0,10.7,90.6,1.53,2.0,1,1
3546,912443.0,1687.0,280.0,17.0,1.0,1.8,99.0,1.38,2.0,1,1
3547,908381.0,2825.0,1248.0,73.6625,24.0,4.3,89.6,1.6,2.0,1,1
3548,1114715.0,3566.625,1137.0,38.8,3.0,15.6,93.6,1.56,2.0,1,1
3549,1199565.125,3566.625,1782.0,27.6,5.0,2.9,92.9,1.14,2.0,1,1
3550,1169858.0,3178.0,1408.0,21.2,4.0,19.4,90.8,1.55,2.0,1,1
3551,553640.0,996.0,200.0,14.9,7.0,2.4,97.0,1.55,2.0,1,1
3552,888824.0,2619.0,643.0,13.1,4.0,4.0,93.2,2.0,1.0,1,1
3553,733495.0,2666.0,659.0,39.2,21.0,10.5,89.3,1.75,1.0,1,1
3554,869088.0,2307.0,1335.0,19.4,20.0,12.0,98.4,1.42,2.0,1,1
3555,549189.0,1552.0,200.0,59.4,68.0,2.5,91.3,1.38,2.0,1,1
3556,830065.0,2597.0,656.0,25.3,17.0,1.9,84.8,1.82,2.0,1,1
3557,852494.0,1675.0,789.0,25.0,23.0,0.5,89.4,1.36,2.0,1,1
3558,1062578.0,3160.0,776.0,35.8,25.0,1.6,95.1,1.58,2.0,1,1
3559,887406.0,2228.0,447.0,43.5,27.0,6.0,99.0,1.25,2.0,1,1
3560,878113.0,1931.0,1468.0,13.4,25.0,11.2,89.7,1.82,2.0,1,1
3561,615697.0,1271.0,200.0,61.9,6.0,3.0,86.6,1.25,2.0,1,1
3562,707251.0,1888.0,1302.0,4.1,34.0,23.55,90.0,1.74,2.0,1,1
3563,723579.0,1854.0,770.0,21.3,20.0,7.9,88.6,1.77,2.0,1,1
3564,657954.0,1106.0,200.0,54.8,1.0,3.0,95.3,1.36,2.0,1,1
3565,974720.0,3268.0,1004.0,34.7,34.0,6.9,89.2,1.06,2.0,1,1
3566,703380.0,1595.0,338.0,12.1,7.0,3.9,93.2,1.58,2.0,1,1
3567,751231.0,2457.0,1100.0,43.4,74.0,15.6,92.0,1.24,2.0,1,1
3568,766479.0,1829.0,804.0,47.4,9.0,5.2,97.5,1.28,1.0,1,1
3569,661221.0,1852.0,200.0,25.3,5.0,23.55,89.8,1.69,2.0,1,1
3570,1152359.0,3566.625,1368.0,31.3,1.0,1.6,87.6,1.38,1.0,1,1
3571,605810.0,1775.0,539.0,31.9,29.0,3.6,97.1,1.63,2.0,1,1
3572,896591.0,1717.0,200.0,64.1,26.0,9.6,87.1,1.68,2.0,1,1
3573,503041.0,1545.0,438.0,16.3,14.0,3.3,99.0,1.23,1.0,1,1
3574,829442.0,1897.0,764.0,57.8,21.0,2.2,92.4,0.8,2.0,1,1
3575,687923.0,2065.0,1199.0,22.3,19.0,23.55,95.5,1.47,2.0,1,1
3576,783534.0,1832.0,839.0,44.0,36.0,0.5,92.0,1.52,2.0,1,1
3577,717766.0,2172.0,562.0,52.6,12.0,23.1,96.9,1.13,2.0,1,1
3578,848258.0,2585.0,1172.0,19.0,50.0,0.5,91.4,1.63,2.0,1,1
3579,649512.0,1496.0,352.0,48.4,25.0,5.2,95.6,1.48,2.0,1,1
3580,701793.0,1793.0,506.0,24.9,19.0,6.9,87.4,1.54,2.0,1,1
3581,713247.0,1688.0,1027.0,11.9,17.0,7.4,97.2,1.02,1.0,1,1
3582,824963.0,1743.0,649.0,17.6,57.0,3.1,95.0,1.12,2.0,1,1
3583,958061.0,2377.0,467.0,38.2,21.0,6.3,96.4,1.16,2.0,1,1
3584,595447.0,1509.0,681.0,42.0,7.0,13.8,90.7,0.94,1.0,1,1
3585,713265.0,1213.0,1155.0,16.1,24.0,5.9,87.9,1.52,2.0,1,1
3586,743810.0,1153.0,914.0,6.0,11.0,10.5,93.0,2.06,2.0,1,1
3587,786770.0,1943.0,747.0,10.7,33.0,0.7,96.2,1.53,2.0,1,1
3588,685337.0,1540.0,1096.0,21.4,5.0,23.55,92.9,1.05,2.0,1,1
3589,979597.0,2591.0,1016.0,8.9,27.0,2.7,93.2,0.56,2.0,1,1
3590,707863.0,1441.0,1001.0,50.0,4.0,14.7,88.7,1.77,2.0,1,1
3591,678659.0,1774.0,686.0,20.5,8.0,9.1,89.5,1.18,2.0,1,1
3592,922876.0,2187.0,653.0,10.2,8.0,0.6,97.1,0.99,2.0,1,1
3593,1082876.0,2581.0,952.0,41.4,16.0,1.4,90.4,1.18,2.0,1,1
3594,879011.0,2357.0,883.0,4.8,4.0,6.1,93.0,1.34,2.0,1,1
3595,1199565.125,3566.625,1801.5,15.4,8.0,3.9,86.7,1.83,2.0,1,1
3596,734289.0,2147.0,614.0,62.6,23.0,23.55,92.7,1.42,2.0,1,1
3597,586869.0,1183.0,916.0,15.3,20.0,21.8,86.5,1.45,2.0,1,1
3598,983671.0,3362.0,1456.0,35.4,23.0,9.2,95.1,1.96,2.0,1,1
3599,872364.0,2149.0,681.0,35.3,3.0,5.7,99.0,0.96,2.0,1,1
3600,1053712.0,3566.625,1553.0,32.3,1.0,23.55,93.5,1.03,2.0,1,1
3601,936752.0,2742.0,865.0,29.6,3.0,1.6,89.7,1.17,2.0,1,1
3602,660491.0,1340.0,406.0,25.8,18.0,0.5,95.5,1.32,2.0,1,1
3603,764041.0,2529.0,1126.0,31.8,74.5,4.5,95.3,0.94,2.0,1,1
3604,664977.0,1792.0,746.0,55.9,74.5,1.6,95.5,0.9,2.0,1,1
3605,643122.0,1043.0,273.0,16.4,33.0,1.1,91.5,1.61,2.0,1,1
3606,642772.0,1128.0,528.0,22.5,41.0,7.7,91.4,0.99,2.0,1,1
3607,887387.0,2828.0,926.0,23.7,63.0,14.7,87.5,1.69,1.0,1,1
3608,717717.0,1559.0,1073.0,4.5,5.0,23.55,93.6,1.72,2.0,1,1
3609,817622.0,2368.0,1008.0,29.9,5.0,23.55,93.0,1.39,2.0,1,1
3610,638310.0,1157.0,200.0,54.9,18.0,8.9,88.8,1.28,2.0,1,1
3611,765019.0,2901.0,1107.0,26.3,18.0,4.2,86.6,1.66,2.0,1,1
3612,936584.0,3122.0,608.0,25.7,29.0,5.8,93.2,1.86,2.0,1,1
3613,700609.0,2860.0,1025.0,34.9,35.0,23.55,92.4,1.68,2.0,1,1
3614,994439.0,2629.0,677.0,8.8,1.0,12.5,90.0,1.33,2.0,1,1
3615,824451.0,1636.0,582.0,21.7,6.0,1.3,93.5,1.44,2.0,1,1
3616,963459.0,2772.0,753.0,26.7,13.0,23.55,97.1,1.59,2.0,1,1
3617,751254.0,1183.0,248.0,10.7,4.0,4.5,89.8,1.11,2.0,1,1
3618,886556.0,1502.0,573.0,9.4,16.0,2.2,93.7,1.1,2.0,1,1
3619,748976.0,1491.0,637.0,14.6,20.0,1.4,91.8,1.77,2.0,1,1
3620,880395.0,2091.0,1147.0,30.8,21.0,3.7,90.3,2.03,2.0,1,1
3621,843197.0,1604.0,200.0,18.5,1.0,3.8,93.4,1.6,2.0,1,1
3622,718733.0,1822.0,394.0,34.8,40.0,8.0,93.9,1.35,2.0,1,1
3623,963645.0,1839.0,367.0,9.6,31.0,3.2,98.1,1.12,2.0,1,1
3624,721338.0,1684.0,200.0,12.9,4.0,17.6,98.1,1.41,2.0,1,1
3625,488017.0,1619.0,448.0,57.6,40.0,3.4,89.3,1.66,2.0,1,1
3626,801688.0,1517.0,1039.0,34.0,0.0,5.1,96.8,1.7,2.0,1,1
3627,705100.0,1165.0,200.0,32.6,16.0,9.5,94.0,1.33,2.0,1,1
3628,756831.0,1758.0,1313.0,29.0,5.0,2.2,83.7,1.7,2.0,1,1
3629,844238.0,2332.0,1090.0,44.3,11.0,1.7,95.2,1.27,1.0,1,1
3630,957308.0,2417.0,1354.0,13.6,35.0,3.5,95.9,1.47,2.0,1,1
3631,522647.0,1130.0,432.0,49.1,2.0,8.8,99.0,1.69,2.0,1,1
3632,642589.0,1957.0,1193.0,30.7,66.0,6.4,95.6,0.95,2.0,1,1
3633,872287.0,2170.0,1064.0,16.8,11.0,9.2,89.2,0.88,2.0,1,1
3634,700876.0,1858.0,911.0,15.1,58.0,14.2,98.2,1.17,2.0,1,1
3635,709537.0,1675.0,287.0,25.6,22.0,4.2,93.5,1.78,2.0,1,1
3636,716552.0,1499.0,327.0,4.3,15.0,12.3,88.8,1.35,2.0,1,1
3637,556752.0,1378.0,200.0,23.8,16.0,0.5,89.4,0.66,2.0,1,1
3638,954308.0,2256.0,494.0,8.7,4.0,3.8,99.0,1.2,2.0,1,1
3639,652113.0,1191.0,200.0,51.2,1.0,5.8,97.6,1.84,2.0,1,1
3640,662147.0,1744.0,490.0,17.9,5.0,23.55,93.0,1.95,2.0,1,1
3641,727496.0,1692.0,442.0,19.0,2.0,3.8,99.0,1.15,2.0,1,1
3642,685409.0,1787.0,343.0,12.8,74.5,7.8,95.6,1.1,2.0,1,1
3643,627587.0,1374.0,214.0,13.9,46.0,23.4,96.6,0.78,2.0,1,1
3644,590607.0,1450.0,241.0,2.5,74.5,1.2,95.6,1.88,2.0,1,1
3645,759137.0,1869.0,1161.0,30.0,19.0,14.4,90.3,1.21,2.0,1,1
3646,809722.0,2290.0,869.0,50.7,7.0,5.6,96.7,0.95,2.0,1,1
3647,786294.0,1763.0,220.0,38.2,24.0,9.5,97.7,1.12,2.0,1,1
3648,714210.0,1666.0,252.0,23.4,4.0,20.2,87.1,1.23,2.0,1,1
3649,633649.0,1122.0,375.0,11.6,21.0,8.2,91.4,1.69,2.0,1,1
3650,520794.0,1542.0,481.0,37.0,74.0,0.5,95.0,1.9,2.0,1,1
3651,848071.0,1871.0,707.0,20.7,15.0,3.2,98.6,1.3,2.0,1,1
3652,653253.0,1221.0,708.0,7.4,30.0,8.5,89.9,1.39,2.0,1,1
3653,709409.0,1444.0,670.0,32.4,70.0,14.3,99.0,1.22,2.0,1,1
3654,749253.0,1385.0,441.0,16.9,18.0,8.1,99.0,1.4,2.0,1,1
3655,857947.0,1995.0,1320.0,12.4,38.0,0.5,91.4,1.68,2.0,1,1
3656,1103095.0,3059.0,1406.0,46.0,13.0,0.5,93.7,1.02,1.0,1,1
3657,616523.0,2057.0,592.0,34.9,74.5,4.8,88.9,1.77,2.0,1,1
3658,861055.0,1688.0,861.0,24.7,16.0,3.5,94.5,0.69,2.0,1,1
3659,734507.0,2107.0,359.0,38.2,12.0,23.55,91.4,1.31,2.0,1,1
3660,531243.0,1853.0,236.0,35.4,32.0,23.55,91.0,1.57,2.0,1,1
3661,617656.0,781.0,382.0,32.7,0.0,4.7,92.9,1.33,2.0,1,1
3662,755494.0,2336.0,578.0,25.6,45.0,23.55,96.5,1.35,2.0,1,1
3663,715751.0,2091.0,1266.0,73.6625,30.0,1.9,99.0,1.16,2.0,1,1
3664,736612.0,1573.0,200.0,30.6,16.0,1.8,94.4,1.4,2.0,1,1
3665,729598.0,1713.0,200.0,18.0,32.0,0.5,91.0,1.3,2.0,1,1
3666,946632.0,2250.0,457.0,18.8,4.0,14.4,92.3,1.33,2.0,1,1
3667,789056.0,1428.0,554.0,22.1,7.0,6.9,93.0,1.38,2.0,1,1
3668,876811.0,2343.0,932.0,24.9,17.0,14.0,94.8,1.29,2.0,1,1
3669,853188.0,1452.0,924.0,7.7,28.0,3.6,99.0,0.54,2.0,1,1
3670,572344.0,1334.0,895.0,60.0,9.0,3.4,93.9,1.25,2.0,1,1
3671,703447.0,1808.0,827.0,33.8,14.0,11.1,89.6,1.92,2.0,1,1
3672,624731.0,1702.0,515.0,34.9,44.0,4.4,95.5,2.24,2.0,1,1
3673,998236.0,2121.0,738.0,19.2,2.0,3.9,91.4,1.26,2.0,1,1
3674,926137.0,2598.0,1370.0,20.4,48.0,16.5,93.6,1.18,2.0,1,1
3675,858599.0,2361.0,712.0,19.2,63.0,0.5,90.4,1.29,2.0,1,1
3676,596942.0,1248.0,899.0,13.0,70.0,7.5,90.9,1.38,2.0,1,1
3677,925493.0,2292.0,716.0,36.0,27.0,0.5,99.0,0.6,2.0,1,1
3678,640186.0,1798.0,552.0,41.8,5.0,14.0,94.5,1.51,2.0,1,1
3679,823908.0,1579.0,200.0,5.2,16.0,10.5,93.8,1.12,2.0,1,1
3680,1038043.0,3086.0,1138.0,5.1,5.0,5.0,98.0,1.37,2.0,1,1
3681,623529.0,1483.0,200.0,58.0,14.0,6.7,92.4,1.44,2.0,1,1
3682,689478.0,1383.0,912.0,11.7,45.0,20.1,96.0,1.52,2.0,1,1
3683,777573.0,2058.0,742.0,32.7,5.0,2.7,92.2,1.65,2.0,1,1
3684,775960.0,1634.0,874.0,40.1,34.0,10.8,96.6,1.11,2.0,1,1
3685,660643.0,1873.0,200.0,33.1,2.0,2.0,92.1,1.52,1.0,1,1
3686,663169.0,2528.0,1062.0,34.2,51.0,9.0,98.2,1.88,2.0,1,1
3687,963035.0,2084.0,200.0,30.2,26.0,1.0,93.9,1.05,2.0,1,1
3688,619424.0,1154.0,202.0,29.6,62.0,2.0,88.1,0.84,2.0,1,1
3689,912560.0,1824.0,1167.0,15.0,9.0,1.5,93.2,1.24,2.0,1,1
3690,928080.0,2589.0,1255.0,13.1,52.0,5.5,90.4,1.58,2.0,1,1
3691,876112.0,1697.0,376.0,12.1,9.0,1.5,94.0,1.29,2.0,1,1
3692,773665.0,1355.0,215.0,15.0,51.0,1.8,92.1,1.01,2.0,1,1
3693,769986.0,1480.0,597.0,3.2,40.0,5.3,88.0,1.76,2.0,1,1
3694,605210.0,700.0,200.0,42.9,18.0,3.7,98.0,1.34,2.0,1,1
3695,1008914.0,2896.0,832.0,28.1,3.0,2.5,86.8,1.56,2.0,1,1
3696,975918.0,2672.0,442.0,18.6,10.0,6.4,88.0,1.84,2.0,1,1
3697,875979.0,1518.0,821.0,17.2,21.0,1.7,99.0,1.29,2.0,1,1
3698,756455.0,1813.0,1296.0,28.5,8.0,5.3,89.1,1.74,2.0,1,1
3699,823519.0,2042.0,1124.0,22.3,74.5,2.6,96.0,1.71,2.0,1,1
3700,779488.0,1477.0,255.0,25.9,8.0,17.6,84.8,1.29,2.0,1,1
3701,555522.0,1155.0,825.0,21.7,11.0,8.3,85.2,1.49,2.0,1,1
3702,906189.0,1844.0,743.0,8.7,27.0,8.3,89.3,0.82,2.0,1,1
3703,573464.0,977.0,396.0,11.7,29.0,2.9,93.0,1.27,2.0,1,1
3704,1076438.0,3276.0,1343.0,9.2,53.0,3.2,95.3,0.8,2.0,1,1
3705,774552.0,1565.0,645.0,18.2,32.0,5.3,98.8,1.9,2.0,1,1
3706,885943.0,2231.0,275.0,6.3,4.0,9.6,99.0,1.66,2.0,1,1
3707,658651.0,1784.0,500.0,25.4,1.0,16.0,94.9,1.62,2.0,1,1
3708,781867.0,1837.0,662.0,3.7,18.0,8.5,94.9,1.52,1.0,1,1
3709,942916.0,2531.0,1070.0,8.7,14.0,15.4,86.3,1.26,2.0,1,1
3710,582485.0,1998.0,1175.0,19.3,74.5,23.55,92.3,0.87,1.0,1,1
3711,832284.0,2069.0,1209.0,42.2,44.0,13.1,92.2,1.15,2.0,1,1
3712,711994.0,1539.0,419.0,31.1,10.0,13.2,98.7,1.53,2.0,1,1
3713,788218.0,1888.0,787.0,22.5,13.0,8.1,94.7,1.48,2.0,1,1
3714,985331.0,2575.0,888.0,17.2,6.0,7.4,92.1,0.85,1.0,1,1
3715,788709.0,1863.0,360.0,29.1,39.0,3.9,97.4,1.08,2.0,1,1
3716,788372.0,1078.0,599.0,38.1,31.0,16.2,94.5,1.53,2.0,1,1
3717,471799.0,969.0,505.0,35.0,28.0,14.6,93.2,2.34,2.0,1,1
3718,632924.0,1574.0,795.0,21.6,58.0,10.9,99.0,1.62,2.0,1,1
3719,823533.0,1932.0,200.0,17.8,69.0,4.5,95.2,1.49,2.0,1,1
3720,883724.0,1169.0,358.0,32.3,52.0,0.7,96.1,1.23,2.0,1,1
3721,742683.0,2198.0,964.0,17.5,41.0,20.0,86.9,1.66,2.0,1,1
3722,972861.0,2426.0,927.0,4.7,8.0,14.0,91.2,1.68,2.0,1,1
3723,743499.0,1610.0,717.0,27.6,28.0,12.8,93.1,1.09,2.0,1,1
3724,436649.0,1750.0,1307.0,42.2,74.5,3.0,87.8,1.82,2.0,1,1
3725,715667.0,1934.0,200.0,44.7,31.0,4.2,94.8,1.84,2.0,1,1
3726,568892.0,1343.0,200.0,40.6,40.0,2.0,96.1,1.34,2.0,1,1
3727,637138.0,1141.0,258.0,28.1,34.0,2.9,90.0,1.36,2.0,1,1
3728,852454.0,1818.0,593.0,12.5,18.0,5.8,90.3,1.51,2.0,1,1
3729,835801.0,2298.0,633.0,34.7,59.0,0.5,87.1,1.12,2.0,1,1
3730,803242.0,1417.0,313.0,31.4,4.0,1.5,93.5,2.3,2.0,1,1
3731,1009923.0,3566.625,1491.0,34.3,74.5,4.0,97.4,1.09,2.0,1,1
3732,720686.0,1715.0,791.0,35.6,37.0,4.3,95.9,1.23,2.0,1,1
3733,909208.0,2214.0,1085.0,9.4,38.0,8.2,93.1,0.77,2.0,1,1
3734,842137.0,1734.0,681.0,11.9,19.0,8.7,98.1,1.45,2.0,1,1
3735,628567.0,977.0,220.0,3.4,4.0,5.5,90.3,1.07,1.0,1,1
3736,445688.0,1434.0,376.0,50.3,21.0,23.55,90.8,1.31,2.0,1,1
3737,807711.0,1656.0,840.0,30.9,14.0,14.1,95.7,1.34,2.0,1,1
3738,1199565.125,3566.625,1320.0,39.4,2.0,1.6,91.7,1.45,2.0,1,1
3739,809908.0,1943.0,423.0,17.3,9.0,13.5,99.0,1.68,2.0,1,1
3740,435451.0,768.0,888.0,12.4,49.0,10.4,89.3,1.42,1.0,1,1
3741,1005523.0,2287.0,1137.0,17.4,2.0,3.5,90.8,0.7,2.0,1,1
3742,748596.0,1162.0,492.0,40.0,16.0,9.8,96.8,0.95,2.0,1,1
3743,662875.0,1821.0,200.0,2.8,37.0,0.5,93.5,1.18,2.0,1,1
3744,509878.0,856.0,465.0,16.2,12.0,5.6,91.1,1.45,2.0,1,1
3745,893544.0,2317.0,881.0,64.6,20.0,7.8,92.4,1.37,2.0,1,1
3746,588511.0,1487.0,200.0,35.3,13.0,17.9,93.6,1.52,2.0,1,1
3747,599812.0,827.0,231.0,9.8,10.0,1.9,97.0,1.46,1.0,1,1
3748,586360.0,1620.0,264.0,73.6625,5.0,2.2,96.9,1.21,2.0,1,1
3749,688229.0,1443.0,500.0,20.9,17.0,5.5,93.4,1.34,2.0,1,1
3750,855155.0,1432.0,800.0,9.2,60.0,2.6,93.7,0.62,2.0,1,1
3751,709740.0,1441.0,619.0,32.1,60.0,6.5,94.1,1.08,2.0,1,1
3752,884324.0,2042.0,746.0,20.0,5.0,19.7,95.7,2.14,2.0,1,1
3753,801742.0,2057.0,752.0,17.1,8.0,14.5,92.7,1.38,2.0,1,1
3754,1154636.0,2930.0,1374.0,32.4,1.0,12.9,95.8,1.6,2.0,1,1
3755,612529.0,2278.0,1108.0,24.5,1.0,11.2,88.7,1.76,2.0,1,1
3756,1173999.0,3232.0,1576.0,17.1,39.0,5.6,89.5,1.34,2.0,1,1
3757,789759.0,1344.0,200.0,24.6,4.0,2.0,97.0,0.96,2.0,1,1
3758,802465.0,1592.0,372.0,25.2,47.0,17.6,93.9,1.28,2.0,1,1
3759,787605.0,1662.0,340.0,23.7,26.0,7.2,89.3,1.61,2.0,1,1
3760,639710.0,1103.0,586.0,27.6,12.0,3.5,86.7,1.46,2.0,1,1
3761,876549.0,1707.0,422.0,6.9,7.0,4.4,93.0,1.02,2.0,1,1
3762,1131253.0,2609.0,828.0,18.4,8.0,3.6,94.2,1.82,2.0,1,1
3763,933834.0,1692.0,771.0,12.1,9.0,18.8,92.0,1.51,2.0,1,1
3764,625299.0,700.0,523.0,20.0,14.0,4.0,95.3,1.61,2.0,1,1
3765,901328.0,3231.0,1582.0,14.7,12.0,6.6,95.3,0.81,1.0,1,1
3766,734980.0,2075.0,674.0,31.2,41.0,1.2,93.1,1.78,2.0,1,1
3767,936846.0,2257.0,769.0,51.8,23.0,2.6,97.5,1.12,2.0,1,1
3768,558221.0,975.0,329.0,42.3,50.0,2.1,95.7,1.48,2.0,1,1
3769,789607.0,2278.0,982.0,56.1,46.0,3.6,92.3,1.24,2.0,1,1
3770,703428.0,1283.0,1302.0,63.8,34.0,0.9,96.1,1.25,2.0,1,1
3771,998020.0,2101.0,556.0,51.7,8.0,5.6,86.6,1.43,2.0,1,1
3772,374768.125,1035.0,362.0,23.0,37.0,0.5,90.5,1.65,2.0,1,1
3773,835544.0,2707.0,831.0,22.9,63.0,5.1,94.6,2.01,2.0,1,1
3774,590009.0,1004.0,615.0,9.2,0.0,19.8,90.1,1.54,2.0,1,1
3775,777807.0,2168.0,935.0,14.0,72.0,3.4,93.9,1.98,2.0,1,1
3776,962191.0,2431.0,947.0,36.0,2.0,4.1,93.4,1.58,2.0,1,1
3777,1189607.0,3566.625,1392.0,64.2,0.0,4.6,96.6,1.59,2.0,1,1
3778,1135238.0,2906.0,1052.0,42.7,9.0,2.5,91.4,1.3,2.0,1,1
3779,374768.125,1800.0,538.0,52.7,74.5,23.55,95.1,1.64,1.0,1,1
3780,917831.0,2105.0,1106.0,23.0,26.0,7.3,95.3,1.37,2.0,1,1
3781,785616.0,2065.0,1711.0,48.7,6.0,10.1,90.3,1.24,2.0,1,1
3782,991302.0,1826.0,1002.0,8.4,1.0,0.5,86.9,1.24,2.0,1,1
3783,592061.0,1568.0,438.0,31.6,74.5,2.6,92.5,1.84,2.0,1,1
3784,788187.0,1176.0,871.0,20.7,1.0,6.4,96.5,1.45,2.0,1,1
3785,802199.0,2129.0,1032.0,17.9,6.0,3.6,94.9,1.2,2.0,1,1
3786,1199565.125,3566.625,1110.0,15.9,63.0,3.9,96.5,0.98,2.0,1,1
3787,801148.0,1875.0,219.0,33.8,1.0,12.8,95.0,1.48,2.0,1,1
3788,721507.0,1466.0,706.0,14.7,35.0,3.5,97.9,1.72,2.0,1,1
3789,646206.0,1016.0,200.0,50.3,36.0,21.7,87.8,1.07,2.0,1,1
3790,688532.0,1318.0,1072.0,45.6,15.0,4.4,94.9,1.95,2.0,1,1
3791,721785.0,1092.0,200.0,53.7,6.0,7.6,92.0,2.05,2.0,1,1
3792,948188.0,1844.0,1073.0,19.0,26.0,0.5,90.7,1.16,2.0,1,1
3793,955632.0,2396.0,844.0,18.3,50.0,4.4,90.3,1.32,2.0,1,1
3794,716012.0,1124.0,757.0,12.7,10.0,6.6,93.2,1.83,2.0,1,1
3795,653487.0,1584.0,752.0,23.5,28.0,10.2,94.4,0.67,2.0,1,1
3796,439728.0,1062.0,555.0,52.6,4.0,23.55,93.2,2.3449999999999998,2.0,1,1
3797,860355.0,1920.0,1051.0,18.5,21.0,1.3,96.4,1.17,2.0,1,1
3798,1199469.0,3272.0,1252.0,13.2,21.0,8.0,98.4,1.35,2.0,1,1
3799,819633.0,1151.0,200.0,12.5,2.0,0.5,99.0,1.27,2.0,1,1
3800,785008.0,2013.0,680.0,6.6,28.0,18.9,95.1,0.5,2.0,1,1
3801,732911.0,1615.0,200.0,51.7,25.0,12.0,88.5,1.75,2.0,1,1
3802,483631.0,1974.0,497.0,57.9,25.0,23.55,93.5,1.38,2.0,1,1
3803,870804.0,2337.0,533.0,65.6,25.0,0.5,88.0,1.7,2.0,1,1
3804,663081.0,1206.0,388.0,38.8,4.0,9.7,99.0,1.17,2.0,1,1
3805,555240.0,1332.0,376.0,73.6625,1.0,9.3,89.9,1.47,2.0,1,1
3806,818447.0,1156.0,472.0,31.2,61.0,0.5,98.3,1.22,2.0,1,1
3807,790026.0,1674.0,259.0,51.7,9.0,0.6,94.4,0.76,2.0,1,1
3808,903933.0,2713.0,1108.0,19.0,17.0,10.7,94.3,2.0,2.0,1,1
3809,863784.0,2001.0,537.0,34.8,4.0,3.4,91.3,1.15,2.0,1,1
3810,787720.0,1474.0,787.0,41.6,52.0,7.5,93.0,1.1,2.0,1,1
3811,979659.0,1828.0,747.0,21.6,16.0,6.3,96.1,1.0,2.0,1,1
3812,673737.0,1790.0,200.0,7.0,44.0,12.1,97.0,0.88,2.0,1,1
3813,824314.0,2286.0,909.0,27.3,7.0,8.5,93.2,1.17,1.0,1,1
3814,883547.0,2213.0,590.0,30.5,6.0,4.4,93.2,1.17,2.0,1,1
3815,635356.0,1667.0,240.0,15.8,13.0,23.55,99.0,1.87,2.0,1,1
3816,726004.0,1841.0,201.0,41.8,20.0,0.9,99.0,0.7,2.0,1,1
3817,829855.0,1321.0,427.0,41.9,4.0,0.5,94.7,1.05,1.0,1,1
3818,727412.0,1041.0,501.0,23.7,9.0,0.5,90.4,1.83,2.0,1,1
3819,837433.0,1893.0,369.0,9.9,0.0,3.0,90.8,1.5,2.0,1,1
3820,787384.0,2442.0,676.0,5.9,14.0,13.1,91.2,1.53,2.0,1,1
3821,1080288.0,3129.0,1288.0,18.6,2.0,4.6,92.9,1.38,2.0,1,1
3822,760587.0,1575.0,200.0,39.8,10.0,11.4,89.0,1.26,2.0,1,1
3823,827300.0,1642.0,796.0,30.9,5.0,0.5,93.1,1.67,2.0,1,1
3824,725311.0,1178.0,590.0,18.6,12.0,3.5,88.8,1.54,2.0,1,1
3825,827333.0,2446.0,1311.0,35.5,54.0,4.7,93.9,1.44,2.0,1,1
3826,708213.0,1617.0,200.0,21.0,1.0,23.55,92.5,1.16,2.0,1,1
3827,769814.0,1786.0,717.0,8.7,41.0,18.4,91.6,1.3,2.0,1,1
3828,987549.0,2816.0,985.0,28.3,49.0,1.4,96.0,1.13,1.0,1,1
3829,707853.0,1621.0,1157.0,11.3,22.0,23.55,91.1,1.69,2.0,1,1
3830,700637.0,1588.0,987.0,46.1,43.0,5.7,96.6,1.22,2.0,1,1
3831,806065.0,1484.0,855.0,15.0,0.0,1.6,91.0,1.86,2.0,1,1
3832,505416.0,1883.0,818.0,52.1,74.5,5.7,97.6,1.43,1.0,1,1
3833,757895.0,1429.0,473.0,36.0,52.0,11.4,92.0,1.12,2.0,1,1
3834,622589.0,1184.0,244.0,27.3,34.0,0.5,98.1,1.07,1.0,1,1
3835,539544.0,1640.0,648.0,19.0,11.0,10.9,89.7,1.45,2.0,1,1
3836,707882.0,1605.0,535.0,16.5,36.0,23.2,88.6,1.18,2.0,1,1
3837,957275.0,2527.0,952.0,1.8,12.0,15.3,90.7,1.07,2.0,1,1
3838,750959.0,1833.0,698.0,25.7,3.0,8.7,92.7,1.77,2.0,1,1
3839,866757.0,2042.0,1649.0,10.8,16.0,1.9,89.7,1.58,2.0,1,1
3840,948438.0,1669.0,729.0,35.3,5.0,3.9,90.7,1.68,2.0,1,1
3841,690068.0,1296.0,800.0,10.4,17.0,8.2,93.7,1.21,2.0,1,1
3842,870843.0,2143.0,364.0,29.8,13.0,5.1,92.5,1.55,2.0,1,1
3843,741484.0,2254.0,325.0,23.9,5.0,23.55,87.0,1.36,2.0,1,1
3844,620742.0,995.0,287.0,12.3,25.0,1.3,88.8,1.47,2.0,1,1
3845,820989.0,1588.0,673.0,9.4,6.0,8.2,88.8,1.54,2.0,1,1
3846,1194478.0,3566.625,1743.0,38.6,7.0,16.8,91.0,1.52,2.0,1,1
3847,766857.0,2001.0,801.0,54.2,15.0,4.2,93.6,0.99,2.0,1,1
3848,713749.0,1124.0,767.0,35.1,31.0,5.5,89.7,1.53,2.0,1,1
3849,680238.0,1459.0,618.0,54.3,20.0,9.7,96.0,1.27,2.0,1,1
3850,822443.0,2527.0,1382.0,35.2,46.0,3.7,97.8,1.96,2.0,1,1
3851,672198.0,2140.0,430.0,25.4,10.0,12.3,92.3,2.08,2.0,1,1
3852,730452.0,1233.0,752.0,1.6,20.0,5.0,92.9,1.55,2.0,1,1
3853,937248.0,2475.0,407.0,42.2,14.0,1.9,92.3,1.75,2.0,1,1
3854,933290.0,2571.0,1151.0,2.5,5.0,18.2,91.8,1.57,2.0,1,1
3855,980423.0,2989.0,1641.0,21.7,26.0,5.1,92.9,1.55,2.0,1,1
3856,816073.0,1612.0,761.0,8.7,0.0,8.8,97.0,1.23,2.0,1,1
3857,933809.0,2283.0,835.0,7.3,4.0,12.9,83.54999999999998,1.1,2.0,1,1
3858,780736.0,1466.0,573.0,16.7,24.0,1.9,89.6,1.3,2.0,1,1
3859,1062476.0,2671.0,837.0,22.2,23.0,12.9,90.0,2.19,2.0,1,1
3860,762929.0,1818.0,480.0,25.7,9.0,9.3,98.0,1.43,2.0,1,1
3861,787239.0,2751.0,894.0,21.5,74.5,0.5,94.6,1.1,2.0,1,1
3862,1179022.0,3566.625,1801.5,22.5,8.0,4.3,94.5,1.57,2.0,1,1
3863,792923.0,1496.0,437.0,29.7,37.0,0.5,97.0,1.49,2.0,1,1
3864,1105429.0,2930.0,1039.0,14.1,11.0,6.2,90.6,1.63,2.0,1,1
3865,861968.0,2292.0,263.0,35.7,15.0,6.8,87.7,0.8,2.0,1,1
3866,696727.0,1890.0,535.0,28.5,62.0,5.8,87.5,1.2,2.0,1,1
3867,908966.0,3566.625,1047.0,27.9,34.0,23.55,89.7,1.71,1.0,1,1
3868,1011807.0,3365.0,988.0,50.1,7.0,0.5,95.2,2.12,2.0,1,1
3869,622024.0,1651.0,1212.0,22.3,74.5,0.5,89.3,2.2,2.0,1,1
3870,954110.0,2040.0,1119.0,17.9,8.0,1.1,93.5,1.32,2.0,1,1
3871,885289.0,2472.0,1099.0,38.5,7.0,2.4,84.9,1.28,2.0,1,1
3872,677180.0,1503.0,200.0,22.7,2.0,2.5,96.3,1.2,2.0,1,1
3873,542151.0,912.0,200.0,18.2,7.0,8.5,87.5,1.81,2.0,1,1
3874,592838.0,1426.0,376.0,32.5,18.0,7.8,93.4,1.03,2.0,1,1
3875,617924.0,1090.0,200.0,24.3,72.0,0.5,98.9,1.59,2.0,1,1
3876,777553.0,1354.0,738.0,7.2,4.0,1.0,89.9,1.26,2.0,1,1
3877,690514.0,1544.0,489.0,19.4,20.0,2.2,91.1,1.53,2.0,1,1
3878,772045.0,1350.0,362.0,22.2,20.0,5.7,95.9,1.58,2.0,1,1
3879,888572.0,1529.0,951.0,6.6,21.0,6.8,96.1,1.11,2.0,1,1
3880,862947.0,1631.0,1206.0,29.2,11.0,3.6,97.6,1.8,2.0,1,1
3881,715695.0,1721.0,467.0,0.3,20.0,10.7,93.7,1.72,2.0,1,1
3882,616418.0,818.0,614.0,15.0,32.0,0.7,98.8,1.67,2.0,1,1
3883,729990.0,1636.0,1216.0,39.3,59.0,7.3,98.5,1.89,2.0,1,1
3884,625983.0,1190.0,401.0,4.0,19.0,6.9,95.2,2.0,2.0,1,1
3885,912084.0,2551.0,835.0,6.7,25.0,23.0,95.4,1.5,2.0,1,1
3886,773458.0,1179.0,461.0,39.5,16.0,0.5,87.3,1.46,2.0,1,1
3887,812772.0,2167.0,552.0,43.7,31.0,0.5,92.4,1.7,2.0,1,1
3888,861326.0,1824.0,831.0,4.5,56.0,0.8,97.7,1.23,2.0,1,1
3889,709919.0,1612.0,214.0,56.7,9.0,10.9,92.4,1.29,2.0,1,1
3890,685565.0,949.0,200.0,13.3,3.0,7.9,94.8,1.43,2.0,1,1
3891,1006166.0,2588.0,912.0,17.5,5.0,3.9,91.2,1.01,2.0,1,1
3892,821007.0,1602.0,391.0,8.3,15.0,9.9,95.0,1.08,2.0,1,1
3893,871025.0,1869.0,270.0,16.2,20.0,6.2,92.8,1.67,2.0,1,1
3894,499589.0,1257.0,200.0,40.3,55.0,3.0,97.9,1.24,2.0,1,1
3895,1041739.0,2552.0,1574.0,27.7,4.0,0.8,91.5,1.34,2.0,1,1
3896,1000298.0,2766.0,938.0,24.7,12.0,4.2,96.5,1.41,2.0,1,1
3897,633408.0,1645.0,552.0,12.0,31.0,23.55,97.2,1.85,2.0,1,1
3898,716501.0,1173.0,546.0,30.6,6.0,2.7,91.7,1.85,2.0,1,1
3899,882180.0,2451.0,1448.0,20.3,9.0,4.8,96.5,1.41,1.0,1,1
3900,762938.0,1617.0,200.0,25.0,50.0,3.4,97.6,2.12,2.0,1,1
3901,522193.0,700.0,489.0,7.9,51.0,2.7,90.8,1.46,2.0,1,1
3902,713001.0,1593.0,560.0,11.6,7.0,0.5,94.3,1.51,2.0,1,1
3903,829696.0,2664.0,796.0,23.2,3.0,2.1,92.1,1.69,1.0,1,1
3904,802619.0,2204.0,1247.0,73.6625,17.0,1.6,94.7,0.81,2.0,1,1
3905,869609.0,2793.0,461.0,34.8,4.0,23.55,96.3,1.37,2.0,1,1
3906,780996.0,1985.0,428.0,8.8,17.0,7.0,85.7,1.34,2.0,1,1
3907,714434.0,1853.0,374.0,49.9,16.0,4.4,90.1,1.49,2.0,1,1
3908,686746.0,2064.0,413.0,22.9,46.0,20.7,96.3,1.18,2.0,1,1
3909,698859.0,1790.0,200.0,38.0,71.0,0.5,98.0,1.81,2.0,1,1
3910,807203.0,1718.0,200.0,40.0,7.0,9.0,94.5,1.86,2.0,1,1
3911,714620.0,1527.0,765.0,27.3,21.0,12.6,91.7,1.22,2.0,1,1
3912,731905.0,1265.0,538.0,48.6,1.0,13.7,99.0,0.67,2.0,1,1
3913,707919.0,1866.0,1032.0,35.2,1.0,9.1,89.4,1.26,2.0,1,1
3914,621164.0,945.0,394.0,22.4,42.0,6.9,89.9,1.33,2.0,1,1
3915,786894.0,1837.0,372.0,31.7,14.0,1.5,99.0,0.82,2.0,1,1
3916,753956.0,1356.0,560.0,25.3,13.0,5.3,97.8,1.54,2.0,1,1
3917,838110.0,2521.0,881.0,20.2,4.0,8.0,90.9,1.69,1.0,1,1
3918,1064607.0,2636.0,787.0,10.4,3.0,6.8,98.6,1.6,2.0,1,1
3919,841557.0,1926.0,413.0,7.6,30.0,7.3,95.7,1.27,2.0,1,1
3920,1199565.125,2996.0,1254.0,35.0,14.0,5.0,95.5,1.15,2.0,1,1
3921,873357.0,2058.0,1424.0,7.5,36.0,4.5,92.6,1.79,2.0,1,1
3922,888675.0,1774.0,212.0,19.7,23.0,3.0,91.6,1.47,2.0,1,1
3923,938466.0,2651.0,200.0,25.3,5.0,1.9,99.0,1.36,2.0,1,1
3924,720639.0,1931.0,758.0,32.1,32.0,6.3,94.0,1.0,2.0,1,1
3925,796838.0,1385.0,661.0,23.1,2.0,2.0,97.4,1.59,2.0,1,1
3926,1079140.0,3400.0,1207.0,37.2,22.0,23.55,94.1,1.29,2.0,1,1
3927,1008822.0,2436.0,928.0,10.7,25.0,9.1,86.8,0.74,2.0,1,1
3928,596168.0,700.0,286.0,11.0,2.0,2.5,91.0,1.56,2.0,1,1
3929,394746.0,1303.0,771.0,12.7,6.0,23.55,92.3,0.96,2.0,1,1
3930,649731.0,1880.0,200.0,25.9,15.0,23.55,96.3,1.59,2.0,1,1
3931,726927.0,1503.0,309.0,10.2,67.0,1.2,91.4,1.03,2.0,1,1
3932,708471.0,1302.0,559.0,53.4,7.0,16.6,85.2,1.68,2.0,1,1
3933,590598.0,1411.0,314.0,40.5,26.0,2.9,90.6,1.63,2.0,1,1
3934,792308.0,1349.0,200.0,16.7,6.0,1.2,96.2,1.26,2.0,1,1
3935,595671.0,1198.0,906.0,49.1,0.0,0.6,86.9,1.74,2.0,1,1
3936,716939.0,1821.0,408.0,35.0,11.0,15.7,95.7,1.95,2.0,1,1
3937,985673.0,2968.0,1229.0,27.2,31.0,11.1,94.1,0.83,2.0,1,1
3938,868938.0,2737.0,661.0,70.9,20.0,6.8,94.8,1.5,2.0,1,1
3939,1056654.0,3361.0,998.0,49.8,22.0,12.9,92.3,1.24,2.0,1,1
3940,1057191.0,3242.0,200.0,33.5,0.0,2.6,89.7,1.32,2.0,1,1
3941,404576.0,1256.0,200.0,39.6,4.0,1.3,86.2,1.16,1.0,1,1
3942,611327.0,1068.0,475.0,53.6,48.0,19.2,93.8,1.26,2.0,1,1
3943,851241.0,2046.0,844.0,39.1,4.0,8.2,90.1,1.4,2.0,1,1
3944,890155.0,2138.0,1094.0,59.6,12.0,0.5,95.5,1.29,2.0,1,1
3945,708344.0,1681.0,484.0,43.4,28.0,8.2,99.0,1.11,2.0,1,1
3946,870182.0,1997.0,1185.0,16.2,40.0,1.0,91.8,1.41,2.0,1,1
3947,1105678.0,3226.0,1005.0,47.2,25.0,9.7,94.1,1.1,2.0,1,1
3948,866850.0,2080.0,880.0,6.6,8.0,13.8,94.2,1.27,2.0,1,1
3949,711353.0,1444.0,434.0,20.7,41.0,23.55,96.0,1.67,2.0,1,1
3950,624757.0,1780.0,200.0,66.7,4.0,20.3,91.0,1.86,2.0,1,1
3951,756206.0,1196.0,624.0,6.4,50.0,20.3,90.6,1.23,2.0,1,1
3952,889094.0,2443.0,1454.0,13.1,74.5,2.5,90.7,1.18,1.0,1,1
3953,826527.0,1837.0,501.0,34.3,14.0,1.1,91.0,1.46,2.0,1,1
3954,486004.0,1553.0,443.0,32.4,30.0,7.0,96.1,1.63,1.0,1,1
3955,1169287.0,3121.0,1173.0,27.1,0.0,7.0,93.8,1.95,2.0,1,1
3956,579010.0,1722.0,959.0,7.6,66.0,14.6,84.4,1.7,2.0,1,1
3957,766664.0,2296.0,591.0,14.0,22.0,18.5,93.1,1.37,2.0,1,1
3958,643443.0,861.0,200.0,29.3,8.0,1.2,93.0,1.51,2.0,1,1
3959,761858.0,1094.0,472.0,33.7,21.0,14.6,89.8,1.58,2.0,1,1
3960,747468.0,1694.0,1267.0,14.2,51.0,12.3,97.6,1.13,2.0,1,1
3961,652926.0,1384.0,986.0,21.0,6.0,6.4,97.9,1.29,1.0,1,1
3962,792675.0,2060.0,575.0,30.1,14.0,3.4,90.9,2.33,2.0,1,1
3963,714241.0,1859.0,433.0,9.3,9.0,15.4,98.9,1.6,2.0,1,1
3964,1199565.125,3566.625,1801.5,29.6,3.0,3.9,91.4,1.44,2.0,1,1
3965,1082711.0,3256.0,1253.0,34.8,9.0,7.1,92.4,1.15,2.0,1,1
3966,901390.0,1898.0,466.0,21.1,8.0,11.9,90.0,1.32,2.0,1,1
3967,529401.0,1450.0,1174.0,27.8,55.0,23.55,99.0,1.29,2.0,1,1
3968,959575.0,2465.0,860.0,24.8,8.0,2.1,93.5,0.81,2.0,1,1
3969,846176.0,2582.0,678.0,5.7,43.0,9.3,95.7,1.18,2.0,1,1
3970,688868.0,1358.0,507.0,18.3,2.0,8.7,93.7,1.74,2.0,1,1
3971,1059319.0,2273.0,940.0,30.0,12.0,1.6,92.3,1.36,2.0,1,1
3972,703226.0,1123.0,728.0,18.3,3.0,3.7,91.8,0.99,2.0,1,1
3973,648141.0,1314.0,200.0,26.8,74.5,5.5,91.0,1.98,2.0,1,1
3974,782221.0,1395.0,240.0,41.8,4.0,7.6,93.6,1.32,2.0,1,1
3975,795177.0,1917.0,499.0,4.6,14.0,1.1,89.7,1.68,2.0,1,1
3976,665490.0,1353.0,635.0,20.8,55.0,5.7,94.1,1.85,2.0,1,1
3977,810816.0,1740.0,1194.0,45.4,16.0,14.7,90.2,1.42,2.0,1,1
3978,890173.0,2107.0,287.0,15.9,5.0,2.9,88.7,1.44,2.0,1,1
3979,727762.0,1405.0,219.0,20.5,46.0,11.2,97.1,1.21,2.0,1,1
3980,652076.0,1074.0,200.0,7.9,57.0,1.9,96.7,1.73,2.0,1,1
3981,817316.0,1416.0,200.0,24.6,48.0,4.3,95.1,1.63,2.0,1,1
3982,814794.0,1148.0,581.0,5.5,31.0,11.1,93.7,1.39,2.0,1,1
3983,1199565.125,3322.0,957.0,14.6,21.0,1.6,89.1,1.53,2.0,1,1
3984,686465.0,1780.0,396.0,32.2,7.0,3.9,99.0,1.94,2.0,1,1
3985,724987.0,1443.0,312.0,39.1,7.0,2.2,89.4,1.85,2.0,1,1
3986,768461.0,1400.0,906.0,53.0,6.0,9.1,98.1,1.92,2.0,1,1
3987,736958.0,1133.0,223.0,36.3,15.0,2.2,95.5,1.17,2.0,1,1
3988,745527.0,1813.0,298.0,40.5,65.0,0.5,99.0,1.58,2.0,1,1
3989,944407.0,2130.0,1131.0,28.9,12.0,4.1,99.0,0.86,2.0,1,1
3990,552830.0,961.0,528.0,48.5,19.0,5.7,92.0,1.54,2.0,1,1
3991,952269.0,2465.0,1019.0,11.7,2.0,3.2,90.1,1.61,2.0,1,1
3992,811843.0,2712.0,956.0,26.0,5.0,2.4,92.2,1.04,2.0,1,1
3993,856029.0,1862.0,418.0,43.2,11.0,0.6,93.8,1.44,2.0,1,1
3994,644393.0,1597.0,612.0,23.6,5.0,1.1,89.5,1.52,1.0,1,1
3995,825370.0,1927.0,518.0,33.8,57.0,2.1,99.0,1.06,2.0,1,1
3996,963141.0,2173.0,1187.0,11.6,21.0,2.1,85.0,0.92,2.0,1,1
3997,762991.0,1752.0,1001.0,43.4,7.0,14.4,92.4,1.36,2.0,1,1
3998,1103025.0,2886.0,1033.0,27.8,27.0,4.7,92.1,1.83,2.0,1,1
3999,821856.0,2556.0,909.0,22.3,3.0,23.55,90.2,1.81,2.0,1,1
4000,737006.0,1160.0,200.0,16.2,27.0,4.2,86.6,1.43,2.0,1,1
4001,1136143.0,3566.625,882.0,28.8,15.0,2.8,96.8,1.4,1.0,1,1
4002,974589.0,1786.0,721.0,19.8,24.0,1.5,92.8,1.04,2.0,1,1
4003,750076.0,1497.0,425.0,10.1,6.0,11.9,93.9,1.42,2.0,1,1
4004,918171.0,3160.0,937.0,26.3,4.0,14.0,90.8,1.7,1.0,1,1
4005,1064642.0,2891.0,1294.0,43.0,1.0,4.3,89.8,2.08,2.0,1,1
4006,834913.0,2443.0,421.0,41.5,2.0,2.7,94.3,1.28,2.0,1,1
4007,736592.0,1335.0,200.0,21.6,53.0,3.4,93.4,1.74,2.0,1,1
4008,926355.0,2828.0,1236.0,8.8,45.0,11.7,97.6,1.51,2.0,1,1
4009,784981.0,1019.0,1223.0,28.1,20.0,2.6,97.5,1.59,2.0,1,1
4010,857880.0,1821.0,552.0,16.0,9.0,3.1,93.2,1.23,2.0,1,1
4011,838191.0,2680.0,653.0,42.6,54.0,12.5,92.4,1.53,2.0,1,1
4012,736132.0,2070.0,383.0,25.4,33.0,17.8,95.4,1.15,2.0,1,1
4013,683194.0,2015.0,1218.0,27.7,28.0,20.1,89.8,1.15,2.0,1,1
4014,934722.0,2763.0,1360.0,17.7,20.0,8.6,91.3,1.54,2.0,1,1
4015,576887.0,809.0,200.0,10.9,0.0,19.4,92.1,1.96,2.0,1,1
4016,588381.0,1369.0,446.0,41.5,7.0,17.3,90.4,1.39,2.0,1,1
4017,955787.0,2599.0,368.0,22.4,20.0,0.5,89.2,1.84,2.0,1,1
4018,876135.0,2017.0,538.0,53.0,39.0,3.1,93.2,0.5,2.0,1,1
4019,859335.0,1875.0,200.0,33.6,3.0,0.7,94.1,1.0,2.0,1,1
4020,560888.0,869.0,509.0,45.1,29.0,15.3,98.0,2.09,2.0,1,1
4021,1016939.0,2745.0,631.0,58.7,12.0,0.9,85.7,0.5,2.0,1,1
4022,1020863.0,2326.0,863.0,8.0,7.0,2.4,90.3,1.53,2.0,1,1
4023,736495.0,2792.0,1251.0,56.2,24.0,23.55,89.7,1.15,2.0,1,1
4024,1070904.0,2782.0,635.0,58.7,19.0,7.9,97.4,2.07,2.0,1,1
4025,743262.0,1616.0,280.0,32.0,4.0,15.5,89.3,1.46,2.0,1,1
4026,640843.0,1834.0,200.0,6.4,11.0,7.9,92.8,1.41,2.0,1,1
4027,1116620.0,2731.0,1540.0,28.6,22.0,12.0,93.5,1.08,2.0,1,1
4028,1199565.125,3566.625,1586.0,15.6,16.0,2.5,96.5,1.23,2.0,1,1
4029,556629.0,1324.0,200.0,12.9,17.0,11.0,96.6,1.68,2.0,1,1
4030,712421.0,1721.0,850.0,27.0,7.0,2.4,94.3,0.74,2.0,1,1
4031,753811.0,1622.0,433.0,8.5,34.0,4.9,90.2,1.94,2.0,1,1
4032,907473.0,2247.0,1178.0,5.6,3.0,23.55,91.6,1.05,2.0,1,1
4033,888740.0,1572.0,1328.0,40.7,4.0,2.0,96.2,1.59,2.0,1,1
4034,748598.0,1708.0,873.0,18.4,1.0,9.6,91.5,1.1,2.0,1,1
4035,714144.0,1278.0,385.0,17.5,10.0,9.3,96.6,1.43,2.0,1,1
4036,758461.0,1584.0,374.0,27.1,10.0,13.7,95.0,1.29,2.0,1,1
4037,777586.0,1545.0,873.0,27.9,24.0,8.7,83.54999999999998,1.53,2.0,1,1
4038,888109.0,1926.0,1176.0,16.3,4.0,1.9,93.9,0.88,2.0,1,1
4039,910028.0,2847.0,1508.0,59.1,55.0,11.9,91.0,1.64,2.0,1,1
4040,742875.0,1432.0,305.0,22.0,13.0,23.55,87.0,1.4,2.0,1,1
4041,906461.0,2067.0,705.0,9.8,6.0,0.5,94.6,1.41,2.0,1,1
4042,633079.0,712.0,750.0,51.6,20.0,8.1,85.7,1.29,2.0,1,1
4043,758649.0,2268.0,1112.0,55.4,22.0,23.55,94.3,1.65,2.0,1,1
4044,703315.0,1573.0,974.0,59.3,57.0,6.9,90.5,1.54,2.0,1,1
4045,650465.0,1764.0,593.0,52.8,2.0,13.0,93.9,1.49,1.0,1,1
4046,906090.0,1730.0,346.0,28.3,57.0,0.5,94.4,1.43,2.0,1,1
4047,897349.0,2632.0,1512.0,9.4,29.0,1.2,85.2,0.94,2.0,1,1
4048,374768.125,1520.0,200.0,48.6,74.5,8.0,91.4,2.13,1.0,1,1
4049,879294.0,2912.0,1198.0,55.2,10.0,3.7,93.5,1.63,2.0,1,1
4050,530123.0,1299.0,200.0,30.0,26.0,20.6,93.1,1.25,2.0,1,1
4051,1163333.0,3566.625,1380.0,15.6,20.0,1.1,88.2,1.71,2.0,1,1
4052,916799.0,1630.0,568.0,16.2,25.0,11.0,99.0,1.34,2.0,1,1
4053,996365.0,1902.0,836.0,1.7,25.0,18.6,94.7,1.08,2.0,1,1
4054,784579.0,2107.0,665.0,41.0,38.0,20.7,93.5,1.6,2.0,1,1
4055,1023933.0,3351.0,979.0,38.6,5.0,10.2,99.0,2.14,2.0,1,1
4056,803447.0,1073.0,438.0,23.3,5.0,0.5,94.7,1.66,2.0,1,1
4057,770437.0,1841.0,804.0,25.4,7.0,8.6,92.5,1.54,2.0,1,1
4058,724941.0,978.0,370.0,11.3,25.0,1.0,89.6,2.0,2.0,1,1
4059,788484.0,1986.0,1189.0,26.8,42.0,11.2,87.4,0.95,2.0,1,1
4060,1199565.125,3566.625,1801.5,4.8,29.0,5.3,86.9,2.25,2.0,1,1
4061,933439.0,2193.0,1214.0,10.8,33.0,0.7,91.0,1.99,2.0,1,1
4062,692781.0,812.0,226.0,24.8,36.0,1.5,91.6,1.62,2.0,1,1
4063,679018.0,1792.0,861.0,12.0,20.0,11.1,98.2,1.76,0.0,1,1
4064,775361.0,1768.0,611.0,10.4,45.0,13.6,93.6,1.71,2.0,1,1
4065,961952.0,2270.0,1009.0,33.1,18.0,3.0,97.1,1.72,2.0,1,1
4066,804532.0,1541.0,503.0,6.5,3.0,5.5,96.8,0.98,2.0,1,1
4067,801510.0,1335.0,419.0,47.6,1.0,16.1,92.9,1.91,2.0,1,1
4068,676376.0,1437.0,200.0,39.9,14.0,23.55,95.3,1.16,2.0,1,1
4069,808353.0,1727.0,1152.0,17.6,54.0,10.2,98.9,1.68,2.0,1,1
4070,760213.0,1809.0,343.0,44.3,14.0,2.9,89.5,1.17,2.0,1,1
4071,989168.0,2606.0,999.0,57.2,40.0,2.8,98.0,1.41,2.0,1,1
4072,1031814.0,3403.0,1102.0,34.3,19.0,1.7,92.1,1.22,1.0,1,1
4073,563235.0,1850.0,1034.0,24.8,13.0,23.55,86.8,2.12,2.0,1,1
4074,1008891.0,1955.0,756.0,14.6,3.0,3.0,93.9,2.06,2.0,1,1
4075,607032.0,1663.0,200.0,34.2,15.0,22.7,93.5,1.55,2.0,1,1
4076,944012.0,2622.0,679.0,21.1,1.0,7.8,94.5,1.21,2.0,1,1
4077,1037694.0,2597.0,728.0,13.9,25.0,4.1,92.6,1.32,2.0,1,1
4078,667295.0,1438.0,200.0,23.7,5.0,7.6,97.0,1.27,2.0,1,1
4079,730866.0,1278.0,808.0,43.6,3.0,1.7,90.9,1.35,2.0,1,1
4080,849592.0,1879.0,200.0,13.5,74.5,8.0,93.2,0.78,2.0,1,1
4081,650359.0,1349.0,412.0,36.4,32.0,8.3,91.0,1.32,2.0,1,1
4082,621643.0,1243.0,200.0,46.4,20.0,13.4,97.5,1.88,2.0,1,1
4083,939739.0,2665.0,1180.0,21.7,61.0,10.1,99.0,1.45,2.0,1,1
4084,835082.0,2027.0,598.0,24.3,45.0,4.5,99.0,1.15,2.0,1,1
4085,527085.0,700.0,210.0,39.9,15.0,7.8,91.2,1.67,2.0,1,1
4086,700459.0,1217.0,487.0,38.8,6.0,4.2,93.7,1.48,2.0,1,1
4087,838218.0,1727.0,200.0,21.2,27.0,2.3,90.5,1.43,2.0,1,1
4088,635336.0,1535.0,551.0,18.8,48.0,10.8,85.5,1.91,2.0,1,1
4089,906528.0,2306.0,1077.0,40.7,26.0,0.6,93.9,1.52,2.0,1,1
4090,658678.0,980.0,200.0,31.2,16.0,0.5,96.1,1.43,2.0,1,1
4091,766258.0,1811.0,557.0,19.1,21.0,8.8,89.7,1.5,2.0,1,1
4092,883696.0,2079.0,1215.0,11.9,74.5,0.5,91.4,1.18,2.0,1,1
4093,792722.0,2425.0,693.0,8.1,5.0,23.55,93.1,1.14,1.0,1,1
4094,668890.0,1350.0,473.0,3.0,23.0,23.0,91.8,1.22,2.0,1,1
4095,661642.0,1313.0,462.0,26.1,21.0,18.0,92.2,1.36,2.0,1,1
4096,769516.0,1307.0,200.0,19.2,23.0,1.3,92.3,1.43,2.0,1,1
4097,648480.0,1881.0,200.0,19.2,21.0,8.2,96.2,1.61,2.0,1,1
4098,717394.0,1510.0,674.0,18.1,28.0,5.4,90.9,1.24,2.0,1,1
4099,721259.0,1482.0,200.0,24.5,16.0,4.7,93.3,1.49,2.0,1,1
4100,762671.0,1937.0,968.0,23.7,30.0,16.4,93.1,1.62,2.0,1,1
4101,671253.0,923.0,723.0,32.0,26.0,3.9,96.9,1.78,2.0,1,1
4102,935842.0,2118.0,1313.0,12.1,26.0,4.2,90.1,1.44,2.0,1,1
4103,923266.0,1613.0,251.0,2.1,53.0,0.5,96.1,1.21,2.0,1,1
4104,902384.0,2409.0,608.0,34.4,5.0,14.9,92.9,1.45,2.0,1,1
4105,833477.0,1595.0,562.0,25.3,37.0,4.1,93.2,1.53,2.0,1,1
4106,586955.0,1892.0,1001.0,19.7,13.0,23.55,97.6,1.4,1.0,1,1
4107,651823.0,934.0,417.0,40.8,19.0,3.5,90.5,2.15,2.0,1,1
4108,774491.0,2720.0,1200.0,43.8,37.0,23.55,98.2,1.76,1.0,1,1
4109,1199565.125,3566.625,1550.0,44.9,4.0,0.6,97.4,1.66,2.0,1,1
4110,562136.0,971.0,200.0,44.5,21.0,7.7,95.3,1.1,2.0,1,1
4111,1008627.0,2367.0,200.0,20.6,46.0,0.5,93.8,1.23,2.0,1,1
4112,785967.0,1308.0,387.0,43.2,3.0,6.0,93.5,1.65,2.0,1,1
4113,755731.0,1793.0,1019.0,11.5,1.0,21.0,93.1,0.98,2.0,1,1
4114,925319.0,1606.0,411.0,21.0,16.0,2.5,98.2,1.39,2.0,1,1
4115,780628.0,1932.0,250.0,7.5,65.0,8.3,94.9,1.4,2.0,1,1
4116,458826.0,1044.0,200.0,45.3,74.5,23.55,99.0,1.7,2.0,1,1
4117,973330.0,1825.0,806.0,17.2,35.0,1.4,89.7,1.53,2.0,1,1
4118,512924.0,1094.0,900.0,65.0,9.0,2.8,91.0,1.75,2.0,1,1
4119,782704.0,2115.0,543.0,34.4,39.0,3.6,96.7,1.38,1.0,1,1
4120,765316.0,1537.0,200.0,22.3,6.0,2.3,85.7,1.5,2.0,1,1
4121,633020.0,1060.0,300.0,50.8,4.0,0.7,95.0,1.36,2.0,1,1
4122,1199565.125,3566.625,1801.5,49.4,32.0,6.5,92.3,1.48,2.0,1,1
4123,589143.0,1533.0,803.0,63.7,74.5,6.0,89.4,1.45,2.0,1,1
4124,943546.0,2126.0,1417.0,34.9,9.0,9.3,92.6,1.06,2.0,1,1
4125,675878.0,1241.0,488.0,47.3,1.0,2.0,92.3,0.86,2.0,1,1
4126,815208.0,1780.0,949.0,11.3,1.0,1.9,85.7,0.87,2.0,1,1
4127,1199565.125,3566.625,1036.0,6.7,27.0,0.5,92.0,1.16,2.0,1,1
4128,571412.0,1332.0,200.0,15.4,74.5,1.4,88.8,1.6,2.0,1,1
4129,668687.0,1553.0,449.0,12.9,1.0,1.8,91.6,1.13,2.0,1,1
4130,881023.0,2237.0,871.0,7.3,6.0,11.6,85.9,1.27,2.0,1,1
4131,374768.125,1168.0,628.0,38.0,29.0,14.7,95.6,1.38,2.0,1,1
4132,760495.0,1663.0,200.0,39.6,22.0,4.5,95.3,1.94,2.0,1,1
4133,770500.0,1614.0,680.0,23.7,14.0,1.4,93.3,1.71,2.0,1,1
4134,828503.0,2115.0,706.0,20.9,12.0,2.8,94.7,1.4,2.0,1,1
4135,803855.0,2389.0,1472.0,31.8,10.0,13.9,90.9,1.43,1.0,1,1
4136,620912.0,700.0,433.0,13.0,18.0,14.5,94.4,1.56,2.0,1,1
4137,685711.0,1878.0,984.0,17.8,17.0,20.4,91.8,1.22,2.0,1,1
4138,674851.0,1425.0,685.0,33.0,18.0,0.5,86.8,1.44,2.0,1,1
4139,623416.0,1934.0,848.0,53.5,74.5,15.6,94.4,1.82,2.0,1,1
4140,716585.0,1033.0,1181.0,29.2,7.0,10.2,90.9,1.77,2.0,1,1
4141,898793.0,1915.0,793.0,21.3,2.0,17.5,94.3,1.47,2.0,1,1
4142,805587.0,2569.0,552.0,9.3,7.0,13.8,98.2,0.95,2.0,1,1
4143,612252.0,1563.0,239.0,8.8,9.0,7.0,94.0,1.57,1.0,1,1
4144,601628.0,1070.0,513.0,24.9,23.0,23.55,90.1,1.24,2.0,1,1
4145,673749.0,1548.0,353.0,60.7,21.0,19.3,89.1,1.37,2.0,1,1
4146,467959.0,857.0,628.0,25.7,37.0,17.7,90.6,1.0,2.0,1,1
4147,805976.0,2228.0,742.0,46.1,30.0,0.5,93.5,1.42,2.0,1,1
4148,891024.0,1807.0,415.0,8.4,4.0,1.9,89.0,1.19,2.0,1,1
4149,999383.0,2332.0,1333.0,1.2,0.0,8.9,95.1,1.11,2.0,1,1
4150,804004.0,1055.0,200.0,12.2,3.0,8.2,92.0,1.17,2.0,1,1
4151,835334.0,2428.0,967.0,40.6,23.0,2.7,92.5,1.25,2.0,1,1
4152,645499.0,1974.0,819.0,41.2,4.0,23.55,92.1,1.12,2.0,1,1
4153,694056.0,1670.0,201.0,21.6,3.0,5.9,89.6,1.19,2.0,1,1
4154,858198.0,2530.0,601.0,45.6,2.0,6.9,99.0,1.18,2.0,1,1
4155,693723.0,2044.0,209.0,32.7,46.0,1.3,93.7,1.68,2.0,1,1
4156,731971.0,1231.0,559.0,43.4,31.0,3.9,90.2,1.17,2.0,1,1
4157,843488.0,1819.0,819.0,10.2,0.0,20.0,96.6,1.12,2.0,1,1
4158,796573.0,1439.0,994.0,4.8,29.0,6.3,93.1,1.39,2.0,1,1
4159,497511.0,1251.0,200.0,31.6,48.0,5.1,93.6,1.87,2.0,1,1
4160,701360.0,1737.0,200.0,27.2,37.0,11.3,97.7,1.28,2.0,1,1
4161,583410.0,1245.0,200.0,28.5,29.0,3.3,86.5,1.0,2.0,1,1
4162,684871.0,1721.0,768.0,71.9,16.0,3.8,90.3,1.12,2.0,1,1
4163,820661.0,2133.0,559.0,49.8,1.0,23.55,92.2,1.74,2.0,1,1
4164,748823.0,1393.0,369.0,34.7,0.0,5.0,92.6,1.19,2.0,1,1
4165,932171.0,2524.0,1272.0,45.1,12.0,11.8,89.1,1.19,2.0,1,1
4166,1092432.0,3442.0,1446.0,5.4,26.0,2.5,88.7,1.59,2.0,1,1
4167,436173.0,873.0,333.0,38.8,74.5,8.1,91.9,1.52,2.0,1,1
4168,842674.0,1270.0,590.0,17.9,17.0,2.3,95.1,1.06,2.0,1,1
4169,1028677.0,2649.0,1322.0,3.9,52.0,0.8,99.0,1.99,2.0,1,1
4170,690800.0,1602.0,755.0,51.8,33.0,11.3,95.2,1.17,2.0,1,1
4171,948174.0,2461.0,899.0,4.9,1.0,4.7,99.0,1.5,2.0,1,1
4172,875622.0,2253.0,1011.0,58.3,24.0,13.2,93.5,1.37,2.0,1,1
4173,636939.0,1626.0,482.0,22.3,29.0,10.1,91.5,1.46,2.0,1,1
4174,938122.0,2177.0,943.0,7.3,21.0,5.3,97.0,1.06,2.0,1,1
4175,652553.0,1659.0,707.0,22.4,23.0,11.2,94.5,1.58,2.0,1,1
4176,876992.0,2078.0,572.0,38.5,0.0,13.3,99.0,0.57,2.0,1,1
4177,852141.0,1702.0,486.0,5.8,19.0,2.1,93.6,2.3,2.0,1,1
4178,682278.0,2424.0,1185.0,20.6,17.0,14.0,91.4,1.61,2.0,1,1
4179,743055.0,1219.0,200.0,25.2,47.0,0.5,93.0,1.79,2.0,1,1
4180,669389.0,1379.0,200.0,36.4,14.0,12.5,93.2,1.66,2.0,1,1
4181,727628.0,1621.0,655.0,28.0,8.0,3.7,96.5,1.43,2.0,1,1
4182,672119.0,2023.0,429.0,44.1,51.0,2.6,93.4,1.95,2.0,1,1
4183,876363.0,2836.0,685.0,48.2,51.0,2.0,91.5,2.23,2.0,1,1
4184,836230.0,1621.0,266.0,23.4,39.0,7.8,88.9,1.47,2.0,1,1
4185,751320.0,1695.0,301.0,18.6,74.5,0.5,90.7,1.13,2.0,1,1
4186,833876.0,1960.0,611.0,12.2,25.0,4.7,91.0,1.34,2.0,1,1
4187,570187.0,1003.0,354.0,26.0,74.5,7.8,91.3,1.19,2.0,1,1
4188,773787.0,1714.0,429.0,25.2,15.0,2.8,97.4,0.99,2.0,1,1
4189,607358.0,1443.0,518.0,17.0,46.0,23.55,88.5,1.19,2.0,1,1
4190,910843.0,2324.0,768.0,34.2,29.0,2.1,92.2,1.34,2.0,1,1
4191,1131679.0,2930.0,1040.0,8.0,0.0,4.5,89.3,1.02,2.0,1,1
4192,819917.0,2011.0,1101.0,33.2,10.0,0.6,94.6,1.19,2.0,1,1
4193,1033491.0,1881.0,304.0,18.7,10.0,2.8,95.1,1.35,2.0,1,1
4194,710595.0,1143.0,310.0,11.1,4.0,1.8,92.9,1.16,2.0,1,1
4195,872956.0,2310.0,1320.0,23.4,14.0,1.1,94.6,1.06,2.0,1,1
4196,882012.0,2226.0,635.0,29.2,32.0,0.8,95.4,1.64,2.0,1,1
4197,987715.0,3009.0,1025.0,47.2,3.0,23.0,92.8,2.04,2.0,1,1
4198,767109.0,2459.0,551.0,30.8,72.0,2.3,95.3,1.2,2.0,1,1
4199,1050064.0,2395.0,1315.0,53.5,27.0,0.5,90.2,1.08,2.0,1,1
4200,746137.0,1260.0,629.0,38.1,43.0,7.5,96.2,2.17,2.0,1,1
4201,728690.0,1869.0,1144.0,24.3,3.0,12.3,94.7,1.21,2.0,1,1
4202,679028.0,1926.0,458.0,32.0,47.0,23.55,89.3,1.7,2.0,1,1
4203,777040.0,1838.0,469.0,57.7,3.0,4.3,92.0,1.04,2.0,1,1
4204,737220.0,1873.0,767.0,20.1,24.0,0.5,91.9,0.8,2.0,1,1
4205,946140.0,1847.0,966.0,28.0,11.0,1.4,92.6,1.29,2.0,1,1
4206,767922.0,1345.0,1220.0,39.7,5.0,0.5,95.9,1.69,2.0,1,1
4207,754377.0,1419.0,502.0,34.0,7.0,8.3,94.8,1.34,2.0,1,1
4208,794991.0,1702.0,770.0,58.3,7.0,11.7,94.9,1.56,2.0,1,1
4209,680649.0,1876.0,429.0,58.9,74.5,7.9,92.4,1.45,2.0,1,1
4210,813933.0,1514.0,200.0,19.1,19.0,6.8,91.1,1.44,2.0,1,1
4211,928408.0,1988.0,504.0,21.3,3.0,2.0,91.2,0.72,2.0,1,1
4212,900859.0,2521.0,1411.0,19.4,27.0,4.4,96.9,1.22,2.0,1,1
4213,960623.0,2707.0,1040.0,14.5,18.0,11.9,91.3,1.74,2.0,1,1
4214,491381.0,1763.0,200.0,57.6,24.0,13.7,93.0,0.94,2.0,1,1
4215,674451.0,1349.0,548.0,5.9,16.0,5.5,91.8,1.23,2.0,1,1
4216,856487.0,1752.0,374.0,36.7,18.0,8.7,88.1,2.22,2.0,1,1
4217,820726.0,2266.0,267.0,63.3,7.0,1.8,94.3,0.67,2.0,1,1
4218,603572.0,1567.0,586.0,5.4,3.0,13.5,92.6,1.56,2.0,1,1
4219,1067330.0,3006.0,1166.0,29.0,50.0,2.1,86.9,2.05,2.0,1,1
4220,859599.0,2432.0,1708.0,53.9,12.0,11.5,87.3,1.73,2.0,1,1
4221,863992.0,2320.0,617.0,47.0,4.0,2.2,93.5,2.04,2.0,1,1
4222,1199565.125,3566.625,846.0,51.3,20.0,1.5,94.9,1.26,2.0,1,1
4223,831543.0,1656.0,373.0,33.2,5.0,2.6,96.5,1.42,2.0,1,1
4224,928691.0,2712.0,278.0,5.8,27.0,7.7,91.6,1.46,2.0,1,1
4225,960254.0,2209.0,663.0,38.9,3.0,1.5,96.9,0.84,2.0,1,1
4226,762388.0,1485.0,799.0,18.6,13.0,0.7,85.3,0.93,2.0,1,1
4227,698421.0,1756.0,1186.0,31.6,0.0,5.1,93.6,1.77,2.0,1,1
4228,652205.0,1534.0,587.0,9.4,63.0,1.4,95.3,1.21,2.0,1,1
4229,978347.0,2712.0,1186.0,17.8,18.0,2.1,92.5,1.09,1.0,1,1
4230,812509.0,2221.0,722.0,21.1,20.0,8.7,92.2,1.59,2.0,1,1
4231,637170.0,1071.0,631.0,40.4,18.0,23.55,87.9,1.22,2.0,1,1
4232,997957.0,2883.0,1253.0,4.8,29.0,6.6,97.2,2.16,2.0,1,1
4233,700612.0,1693.0,200.0,57.6,27.0,23.55,92.6,1.76,2.0,1,1
4234,776634.0,1637.0,542.0,18.1,30.0,5.3,89.3,0.8,2.0,1,1
4235,840727.0,1107.0,1010.0,13.2,9.0,0.5,95.5,1.12,2.0,1,1
4236,825748.0,1774.0,1306.0,36.4,1.0,11.9,95.0,2.02,2.0,1,1
4237,1192440.0,3192.0,1275.0,22.7,6.0,6.2,92.3,1.29,2.0,1,1
4238,922225.0,2256.0,723.0,22.3,39.0,1.1,99.0,1.09,2.0,1,1
4239,807318.0,1851.0,200.0,16.6,24.0,9.0,95.6,1.35,2.0,1,1
4240,877575.0,1855.0,489.0,23.9,12.0,5.7,85.3,1.53,2.0,1,1
4241,745285.0,1509.0,613.0,31.5,46.0,11.6,88.5,1.13,2.0,1,1
4242,720835.0,1755.0,200.0,52.7,16.0,5.4,94.6,1.78,2.0,1,1
4243,697062.0,2017.0,796.0,62.5,12.0,15.8,89.8,1.84,2.0,1,1
4244,974944.0,2748.0,1468.0,14.4,12.0,7.4,94.8,1.65,2.0,1,1
4245,945452.0,2473.0,982.0,21.4,21.0,11.5,96.3,1.52,2.0,1,1
4246,871363.0,2018.0,1075.0,59.3,6.0,9.1,94.6,1.19,2.0,1,1
4247,990981.0,3041.0,1151.0,11.5,2.0,12.2,91.0,1.88,2.0,1,1
4248,790739.0,2093.0,685.0,23.8,2.0,17.9,91.5,0.92,2.0,1,1
4249,1131935.0,2882.0,1412.0,16.8,11.0,12.0,95.0,1.41,2.0,1,1
4250,712153.0,1389.0,657.0,9.8,59.0,0.5,97.1,0.93,2.0,1,1
4251,1091630.0,3566.625,1384.0,15.8,0.0,9.8,99.0,1.39,2.0,1,1
4252,653803.0,781.0,578.0,15.1,56.0,3.1,96.3,0.84,2.0,1,1
4253,623828.0,1477.0,534.0,38.1,7.0,23.55,89.7,1.89,2.0,1,1
4254,374768.125,955.0,502.0,55.1,3.0,7.1,91.8,1.63,2.0,1,1
4255,959337.0,3045.0,1204.0,17.2,59.0,12.8,86.2,1.94,2.0,1,1
4256,924202.0,2369.0,268.0,29.4,9.0,4.9,89.4,1.41,2.0,1,1
4257,835181.0,1688.0,651.0,41.8,7.0,2.4,95.0,1.0,1.0,1,1
4258,909835.0,2506.0,875.0,34.3,13.0,2.6,88.8,1.97,2.0,1,1
4259,940339.0,2513.0,722.0,18.5,11.0,8.6,95.9,1.12,2.0,1,1
4260,658465.0,1444.0,671.0,15.8,61.0,12.6,97.9,1.44,2.0,1,1
4261,916372.0,1854.0,793.0,7.9,29.0,0.7,90.3,1.14,2.0,1,1
4262,891827.0,1850.0,924.0,41.2,12.0,5.3,94.4,2.02,2.0,1,1
4263,836509.0,1919.0,648.0,30.7,25.0,1.7,92.3,1.22,2.0,1,1
4264,852583.0,2489.0,946.0,48.6,9.0,13.4,94.4,1.17,2.0,1,1
4265,947049.0,2279.0,812.0,21.0,6.0,1.7,92.1,0.86,2.0,1,1
4266,781398.0,1363.0,342.0,48.5,18.0,2.4,98.1,1.46,2.0,1,1
4267,707241.0,1749.0,868.0,16.0,10.0,9.1,86.5,1.19,2.0,1,1
4268,869689.0,2679.0,1217.0,29.0,14.0,10.4,86.4,2.12,2.0,1,1
4269,983200.0,2871.0,1220.0,24.7,33.0,12.3,90.4,2.16,2.0,1,1
4270,858935.0,2363.0,1297.0,16.3,1.0,23.55,98.3,0.69,1.0,1,1
4271,773991.0,1080.0,200.0,13.1,20.0,2.1,96.1,1.51,2.0,1,1
4272,1149436.0,3566.625,689.0,12.6,5.0,17.1,91.3,1.6,2.0,1,1
4273,899470.0,2695.0,1191.0,9.9,71.0,21.2,91.9,1.21,2.0,1,1
4274,736033.0,2096.0,718.0,15.1,26.0,12.4,90.2,1.59,2.0,1,1
4275,808091.0,778.0,445.0,25.4,21.0,5.7,94.3,1.25,2.0,1,1
4276,607385.0,973.0,241.0,17.5,19.0,14.8,89.8,1.14,2.0,1,1
4277,789089.0,1319.0,490.0,42.8,14.0,0.5,89.4,1.58,2.0,1,1
4278,815999.0,1689.0,539.0,8.3,6.0,0.5,88.8,1.25,2.0,1,1
4279,648342.0,1986.0,200.0,62.2,1.0,14.7,96.5,0.81,1.0,1,1
4280,670954.0,1636.0,419.0,9.2,8.0,12.1,84.6,1.16,2.0,1,1
4281,1100841.0,3418.0,1089.0,17.2,42.0,19.4,89.8,1.58,2.0,1,1
4282,532715.0,1310.0,689.0,62.6,48.0,4.4,94.3,1.62,2.0,1,1
4283,845369.0,2032.0,1298.0,35.6,11.0,3.5,97.1,1.32,2.0,1,1
4284,799384.0,1530.0,1122.0,7.8,33.0,2.1,92.0,0.85,2.0,1,1
4285,821959.0,2631.0,644.0,38.3,15.0,23.55,95.9,1.83,2.0,1,1
4286,962038.0,2242.0,1041.0,13.7,7.0,1.8,91.6,1.42,2.0,1,1
4287,860727.0,2489.0,1222.0,33.8,2.0,23.3,95.2,1.27,2.0,1,1
4288,836438.0,1918.0,530.0,9.3,15.0,1.4,94.5,1.28,2.0,1,1
4289,685707.0,1713.0,1039.0,54.3,23.0,2.1,92.8,1.27,2.0,1,1
4290,531851.0,1786.0,329.0,51.5,42.0,23.55,92.6,1.04,2.0,1,1
4291,597607.0,969.0,200.0,29.5,6.0,4.5,89.6,0.98,2.0,1,1
4292,839416.0,1383.0,1218.0,23.5,0.0,0.9,94.6,0.96,2.0,1,1
4293,776132.0,1973.0,278.0,36.9,6.0,3.8,91.8,1.97,2.0,1,1
4294,810101.0,1890.0,803.0,27.1,74.5,6.9,95.7,0.92,2.0,1,1
4295,837125.0,1756.0,764.0,45.3,30.0,2.7,97.9,1.54,2.0,1,1
4296,988050.0,3566.625,1642.0,42.9,9.0,23.55,89.6,1.05,2.0,1,1
4297,599321.0,1490.0,200.0,56.9,27.0,3.4,89.9,1.42,2.0,1,1
4298,667091.0,1540.0,496.0,5.0,34.0,18.8,92.6,1.23,2.0,1,1
4299,669959.0,1508.0,1397.0,15.8,4.0,7.2,97.9,1.56,1.0,1,1
4300,487477.0,879.0,545.0,35.8,52.0,11.6,88.5,1.14,2.0,1,1
4301,882236.0,2485.0,1304.0,66.0,11.0,23.55,88.5,1.31,2.0,1,1
4302,1199565.125,3566.625,1439.0,9.7,0.0,7.6,99.0,1.31,2.0,1,1
4303,419487.0,943.0,792.0,9.8,74.5,19.2,91.6,1.04,2.0,1,1
4304,636851.0,880.0,200.0,22.6,13.0,4.4,91.7,1.06,2.0,1,1
4305,562180.0,1565.0,522.0,39.7,52.0,0.5,95.1,1.28,2.0,1,1
4306,759520.0,1244.0,387.0,54.9,19.0,0.9,91.3,1.12,2.0,1,1
4307,1049116.0,2966.0,1269.0,50.5,21.0,2.5,95.4,1.35,2.0,1,1
4308,854904.0,1978.0,854.0,19.1,6.0,0.5,90.7,1.39,2.0,1,1
4309,545462.0,1681.0,979.0,43.2,28.0,2.6,94.8,1.52,1.0,1,1
4310,614861.0,1239.0,501.0,18.8,10.0,8.7,91.2,1.08,2.0,1,1
4311,613612.0,1384.0,762.0,4.2,47.0,0.5,91.1,1.52,2.0,1,1
4312,674729.0,1074.0,200.0,37.0,48.0,5.7,97.7,0.87,2.0,1,1
4313,950295.0,2607.0,1018.0,18.7,51.0,10.5,93.0,1.27,2.0,1,1
4314,795696.0,1494.0,613.0,10.5,4.0,2.7,91.8,1.05,2.0,1,1
4315,952903.0,2678.0,856.0,26.9,19.0,5.5,90.9,1.66,2.0,1,1
4316,982001.0,2387.0,1042.0,37.2,17.0,1.8,91.0,2.15,2.0,1,1
4317,641281.0,1686.0,200.0,38.5,34.0,12.9,96.4,1.18,1.0,1,1
4318,771282.0,2584.0,1446.0,46.8,28.0,15.2,94.0,1.0,1.0,1,1
4319,723264.0,1093.0,200.0,38.7,12.0,6.8,92.0,1.63,2.0,1,1
4320,965348.0,3514.0,1678.0,49.5,12.0,14.8,96.2,1.47,2.0,1,1
4321,920475.0,2356.0,930.0,24.6,5.0,1.0,96.4,0.79,2.0,1,1
4322,1005419.0,2416.0,874.0,34.2,18.0,3.9,90.5,1.29,2.0,1,1
4323,534798.0,891.0,211.0,6.4,29.0,2.4,90.0,0.84,2.0,1,1
4324,925226.0,1896.0,953.0,24.7,9.0,2.9,93.8,0.86,2.0,1,1
4325,728498.0,1695.0,1074.0,11.2,27.0,3.3,93.3,1.43,1.0,1,1
4326,1199565.125,3566.625,1314.0,18.5,9.0,3.4,94.1,1.27,2.0,1,1
4327,1011156.0,2208.0,1070.0,28.1,2.0,10.1,95.4,1.06,2.0,1,1
4328,731883.0,1481.0,659.0,9.7,8.0,1.3,92.3,1.31,2.0,1,1
4329,557727.0,1117.0,620.0,22.4,31.0,14.6,96.2,1.45,2.0,1,1
4330,968307.0,2390.0,1138.0,16.3,10.0,3.1,88.1,1.53,2.0,1,1
4331,772172.0,1951.0,644.0,12.5,19.0,14.8,92.9,1.12,2.0,1,1
4332,853936.0,1879.0,200.0,10.5,1.0,2.1,97.5,1.46,2.0,1,1
4333,535024.0,1080.0,200.0,62.0,10.0,7.8,87.2,1.58,2.0,1,1
4334,863453.0,2488.0,884.0,38.9,64.0,0.5,95.1,1.45,2.0,1,1
4335,955182.0,2890.0,906.0,43.5,54.0,7.6,89.4,1.01,2.0,1,1
4336,623820.0,1243.0,200.0,17.4,23.0,14.6,90.9,1.8,2.0,1,1
4337,656305.0,1972.0,325.0,43.2,19.0,18.4,92.7,1.57,2.0,1,1
4338,872568.0,1996.0,528.0,36.7,52.0,2.2,92.3,1.29,2.0,1,1
4339,687589.0,1760.0,848.0,23.6,6.0,23.2,94.4,1.98,2.0,1,1
4340,789079.0,1780.0,200.0,16.4,30.0,1.4,99.0,1.01,2.0,1,1
4341,568510.0,1440.0,1175.0,27.8,74.0,10.9,94.5,1.4,2.0,1,1
4342,938020.0,1927.0,200.0,11.3,31.0,2.9,89.4,1.87,2.0,1,1
4343,728913.0,1785.0,460.0,10.3,4.0,2.0,91.5,1.56,2.0,1,1
4344,760145.0,2272.0,661.0,23.8,14.0,1.7,92.6,1.53,1.0,1,1
4345,616207.0,1446.0,221.0,10.8,49.0,23.55,96.8,1.51,2.0,1,1
4346,1077170.0,2326.0,1130.0,38.8,5.0,9.5,92.8,1.58,2.0,1,1
4347,680474.0,1815.0,200.0,59.3,19.0,17.2,95.3,1.5,2.0,1,1
4348,857178.0,1330.0,545.0,25.8,1.0,2.8,96.9,1.2,2.0,1,1
4349,724337.0,2113.0,473.0,58.3,4.0,19.4,88.1,1.31,2.0,1,1
4350,732646.0,1899.0,200.0,63.1,60.0,0.6,91.3,1.14,2.0,1,1
4351,1158342.0,3566.625,1512.0,40.7,31.0,17.3,96.7,1.34,2.0,1,1
4352,593765.0,1123.0,200.0,38.9,65.0,0.5,92.0,1.26,2.0,1,1
4353,633851.0,1275.0,777.0,47.6,14.0,23.55,83.54999999999998,1.37,2.0,1,1
4354,1163168.0,2748.0,1250.0,10.4,0.0,13.0,92.7,1.12,2.0,1,1
4355,903973.0,2612.0,1067.0,14.7,15.0,0.8,90.1,1.46,2.0,1,1
4356,663638.0,1802.0,790.0,10.4,18.0,23.55,93.2,1.32,2.0,1,1
4357,703965.0,1547.0,200.0,13.6,4.0,4.0,97.0,1.22,2.0,1,1
4358,762372.0,1659.0,623.0,36.6,6.0,0.5,92.2,1.6,2.0,1,1
4359,713561.0,1932.0,928.0,37.0,74.5,0.7,92.2,1.36,2.0,1,1
4360,501565.0,977.0,200.0,27.8,74.5,6.0,94.9,1.09,2.0,1,1
4361,971828.0,1939.0,1030.0,13.0,7.0,2.0,92.1,1.58,2.0,1,1
4362,726777.0,1540.0,660.0,50.4,10.0,2.8,87.6,1.28,2.0,1,1
4363,842318.0,2921.0,1385.0,11.7,8.0,5.4,87.1,1.25,2.0,1,1
4364,743075.0,1546.0,1230.0,12.7,28.0,5.5,92.1,1.74,2.0,1,1
4365,761811.0,1918.0,877.0,55.4,12.0,3.0,92.0,1.24,2.0,1,1
4366,451948.0,790.0,200.0,18.4,13.0,18.6,89.9,0.76,2.0,1,1
4367,844143.0,1812.0,774.0,53.4,2.0,5.9,84.9,1.55,2.0,1,1
4368,941508.0,2769.0,1470.0,5.8,57.0,13.5,88.8,1.99,2.0,1,1
4369,598099.0,2104.0,253.0,58.6,2.0,23.0,94.9,1.72,2.0,1,1
4370,741747.0,1399.0,1211.0,2.9,3.0,5.3,91.5,2.02,2.0,1,1
4371,1028458.0,2754.0,574.0,5.6,30.0,9.0,91.4,1.69,2.0,1,1
4372,506874.0,817.0,200.0,35.6,74.5,9.3,89.5,1.66,2.0,1,1
4373,770789.0,1450.0,657.0,20.3,4.0,23.55,94.2,1.32,2.0,1,1
4374,733095.0,2244.0,861.0,35.2,12.0,23.55,88.5,1.59,2.0,1,1
4375,814683.0,1679.0,200.0,23.1,10.0,0.5,89.4,0.98,2.0,1,1
4376,851991.0,2031.0,973.0,44.0,28.0,1.3,92.8,1.5,2.0,1,1
4377,644545.0,1095.0,405.0,8.8,16.0,23.55,86.1,1.23,2.0,1,1
4378,584909.0,1375.0,560.0,25.2,23.0,4.2,92.6,1.06,2.0,1,1
4379,785426.0,2206.0,488.0,19.1,9.0,3.5,88.3,1.34,2.0,1,1
4380,936841.0,2321.0,1141.0,23.9,20.0,0.5,92.6,0.73,2.0,1,1
4381,949004.0,2520.0,1801.5,40.2,10.0,14.0,95.3,1.17,2.0,1,1
4382,825256.0,1375.0,362.0,47.5,10.0,5.9,90.7,0.95,2.0,1,1
4383,962493.0,1966.0,765.0,42.9,6.0,7.6,91.5,1.23,2.0,1,1
4384,744805.0,833.0,359.0,28.4,3.0,3.6,93.2,1.4,2.0,1,1
4385,1081796.0,2365.0,1364.0,25.7,10.0,0.8,90.1,1.82,2.0,1,1
4386,1014810.0,3204.0,1474.0,55.6,18.0,6.1,90.1,1.64,2.0,1,1
4387,1172642.0,3566.625,1280.0,27.1,6.0,2.8,95.9,1.25,2.0,1,1
4388,721679.0,1103.0,200.0,27.1,10.0,4.9,91.7,1.3,2.0,1,1
4389,924452.0,2379.0,483.0,49.7,5.0,2.5,88.1,0.97,1.0,1,1
4390,674879.0,2060.0,765.0,32.0,7.0,2.3,96.8,2.02,2.0,1,1
4391,520495.0,1597.0,1150.0,60.7,14.0,23.55,88.6,1.59,1.0,1,1
4392,590046.0,1936.0,633.0,39.1,34.0,23.55,93.2,1.32,2.0,1,1
4393,524294.0,1026.0,293.0,32.4,37.0,4.9,89.6,1.85,2.0,1,1
4394,720784.0,1866.0,539.0,35.8,10.0,13.1,85.5,1.08,2.0,1,1
4395,881299.0,2018.0,938.0,19.9,1.0,12.6,93.6,1.72,2.0,1,1
4396,722756.0,1216.0,227.0,60.4,4.0,23.55,92.4,1.43,2.0,1,1
4397,823796.0,2167.0,1165.0,14.2,44.0,18.0,92.0,1.13,2.0,1,1
4398,881660.0,1736.0,375.0,16.2,25.0,0.7,88.9,1.44,2.0,1,1
4399,828540.0,2077.0,297.0,6.9,18.0,19.5,90.7,1.62,2.0,1,1
4400,704926.0,1326.0,673.0,19.1,17.0,3.7,93.2,0.72,2.0,1,1
4401,861517.0,2652.0,814.0,18.5,41.0,0.5,85.7,2.0,1.0,1,1
4402,704883.0,2195.0,919.0,51.2,53.0,4.6,92.2,0.95,2.0,1,1
4403,1199565.125,3566.625,1780.0,6.8,15.0,20.1,92.3,2.18,2.0,1,1
4404,858972.0,1994.0,767.0,15.6,5.0,0.5,92.0,1.49,2.0,1,1
4405,611545.0,1655.0,694.0,49.1,57.0,23.55,99.0,2.04,2.0,1,1
4406,931891.0,3020.0,1014.0,63.2,7.0,13.3,94.9,1.7,2.0,1,1
4407,727517.0,1412.0,200.0,19.5,5.0,20.0,93.1,1.39,2.0,1,1
4408,709475.0,1739.0,1257.0,6.1,74.5,0.5,89.2,1.67,1.0,1,1
4409,1199565.125,2450.0,899.0,15.5,14.0,8.3,96.4,1.65,2.0,1,1
4410,716968.0,2236.0,1444.0,14.3,74.5,17.0,93.6,1.71,2.0,1,1
4411,791861.0,1578.0,800.0,10.6,59.0,1.0,93.8,1.72,2.0,1,1
4412,965273.0,2807.0,381.0,41.4,7.0,10.3,95.6,1.83,2.0,1,1
4413,783951.0,1995.0,698.0,36.7,3.0,4.8,90.8,1.36,2.0,1,1
4414,746136.0,1906.0,200.0,51.5,22.0,0.5,92.2,1.68,2.0,1,1
4415,1157562.0,3002.0,1031.0,12.1,8.0,0.5,96.8,0.83,2.0,1,1
4416,649606.0,1144.0,404.0,28.6,2.0,3.4,91.6,1.14,2.0,1,1
4417,798883.0,1760.0,934.0,36.5,30.0,1.6,95.4,1.6,2.0,1,1
4418,1056138.0,2973.0,616.0,27.9,17.0,5.5,95.7,1.7,2.0,1,1
4419,626346.0,1112.0,691.0,35.4,3.0,0.5,94.2,1.33,2.0,1,1
4420,871341.0,2685.0,880.0,30.4,57.0,23.55,95.1,1.08,2.0,1,1
4421,842190.0,2244.0,885.0,47.7,14.0,0.5,90.5,1.55,2.0,1,1
4422,631073.0,1621.0,680.0,18.9,2.0,4.3,91.6,1.78,2.0,1,1
4423,604349.0,859.0,200.0,23.9,11.0,1.7,94.6,1.1,2.0,1,1
4424,972574.0,2794.0,962.0,28.1,26.0,3.3,99.0,0.94,2.0,1,1
4425,918215.0,2135.0,751.0,40.4,14.0,0.5,95.1,1.43,2.0,1,1
4426,752333.0,1842.0,759.0,20.6,57.0,11.9,96.3,1.49,2.0,1,1
4427,671926.0,2057.0,626.0,50.1,26.0,0.8,87.0,1.06,2.0,1,1
4428,892510.0,1975.0,224.0,10.8,21.0,2.8,91.0,1.88,2.0,1,1
4429,739756.0,2025.0,964.0,15.6,1.0,17.2,90.3,1.5,2.0,1,1
4430,597332.0,1574.0,200.0,34.5,4.0,23.55,96.5,1.14,2.0,1,1
4431,898083.0,2504.0,445.0,17.2,39.0,6.7,91.4,2.3,2.0,1,1
4432,992128.0,2305.0,935.0,28.8,9.0,3.7,98.2,0.96,2.0,1,1
4433,767948.0,1487.0,676.0,17.1,9.0,14.9,97.7,1.17,2.0,1,1
4434,913312.0,2214.0,712.0,32.7,5.0,4.9,96.5,1.86,2.0,1,1
4435,890801.0,2316.0,671.0,36.6,4.0,11.6,91.7,1.52,2.0,1,1
4436,647829.0,1628.0,1038.0,57.6,0.0,1.7,89.3,1.71,2.0,1,1
4437,485152.0,1389.0,793.0,17.8,7.0,20.8,87.6,1.51,1.0,1,1
4438,923564.0,1878.0,395.0,24.1,11.0,15.1,94.6,0.93,2.0,1,1
4439,633575.0,1005.0,274.0,14.6,22.0,2.8,90.4,1.64,2.0,1,1
4440,788450.0,893.0,200.0,16.3,15.0,2.9,91.7,1.41,2.0,1,1
4441,682479.0,1887.0,575.0,31.6,12.0,16.5,89.5,1.88,2.0,1,1
4442,711229.0,1116.0,463.0,39.7,21.0,0.5,88.2,1.41,2.0,1,1
4443,939293.0,2607.0,675.0,16.8,9.0,9.9,92.4,1.09,2.0,1,1
4444,447794.0,969.0,718.0,58.8,9.0,12.5,90.4,1.97,2.0,1,1
4445,601620.0,1634.0,466.0,18.2,12.0,23.4,90.1,1.43,2.0,1,1
4446,780791.0,2195.0,200.0,56.3,35.0,0.8,92.2,1.21,2.0,1,1
4447,906151.0,2092.0,800.0,50.1,5.0,1.6,94.8,0.73,2.0,1,1
4448,801108.0,2027.0,729.0,28.1,7.0,6.3,94.2,1.34,1.0,1,1
4449,718920.0,1721.0,835.0,21.2,44.0,23.55,91.3,0.65,2.0,1,1
4450,739903.0,1619.0,200.0,12.4,18.0,23.55,87.0,1.17,2.0,1,1
4451,1158490.0,3566.625,1279.0,25.5,8.0,1.6,87.8,1.29,2.0,1,1
4452,912943.0,1728.0,389.0,16.5,10.0,0.9,93.6,1.63,2.0,1,1
4453,872371.0,2193.0,1014.0,56.4,0.0,5.0,88.5,1.43,2.0,1,1
4454,763170.0,1323.0,200.0,39.6,19.0,3.1,89.7,0.77,2.0,1,1
4455,915857.0,1987.0,688.0,7.0,3.0,11.2,91.5,1.18,2.0,1,1
4456,683735.0,1706.0,363.0,61.7,54.0,0.9,94.6,1.51,2.0,1,1
4457,741219.0,988.0,375.0,43.1,0.0,7.9,94.9,1.8,2.0,1,1
4458,764281.0,3244.0,482.0,18.2,74.5,5.9,90.0,1.29,1.0,1,1
4459,870227.0,2065.0,733.0,9.2,15.0,1.7,93.8,1.39,2.0,1,1
4460,612541.0,1267.0,1177.0,21.6,4.0,12.2,91.7,1.55,2.0,1,1
4461,595241.0,1583.0,200.0,9.5,29.0,5.8,91.0,1.3,2.0,1,1
4462,885697.0,1711.0,427.0,32.2,5.0,4.0,93.1,1.79,2.0,1,1
4463,835044.0,1710.0,200.0,14.1,19.0,1.6,92.1,1.13,2.0,1,1
4464,851151.0,1956.0,1084.0,36.2,7.0,0.6,92.7,1.42,2.0,1,1
4465,603216.0,1296.0,342.0,9.4,34.0,18.5,96.4,1.33,2.0,1,1
4466,751208.0,1631.0,445.0,20.1,49.0,2.0,96.7,1.09,2.0,1,1
4467,664614.0,1198.0,908.0,17.0,22.0,20.9,93.7,1.37,2.0,1,1
4468,714329.0,1714.0,377.0,28.6,2.0,21.7,91.1,1.81,2.0,1,1
4469,833918.0,1997.0,633.0,28.0,23.0,6.2,94.3,2.09,2.0,1,1
4470,690153.0,2170.0,338.0,57.2,23.0,5.3,94.4,1.79,2.0,1,1
4471,803913.0,1665.0,958.0,15.9,20.0,0.9,92.5,1.37,2.0,1,1
4472,805546.0,1616.0,865.0,39.1,2.0,9.7,96.5,1.56,2.0,1,1
4473,767004.0,1663.0,965.0,48.2,44.0,0.8,98.3,1.35,2.0,1,1
4474,657030.0,1420.0,884.0,46.0,54.0,17.9,93.9,1.08,2.0,1,1
4475,1129081.0,3138.0,1373.0,7.7,1.0,6.7,96.7,0.88,2.0,1,1
4476,781583.0,2258.0,965.0,37.7,37.0,1.0,98.3,1.69,2.0,0,1
4477,663354.0,1658.0,526.0,44.9,3.0,20.8,99.0,0.94,2.0,0,1
4478,699905.0,1658.0,200.0,51.2,46.0,23.55,97.6,0.78,2.0,0,1
4479,611155.0,984.0,270.0,22.1,9.0,12.3,94.3,1.54,2.0,0,1
4480,533214.0,1310.0,390.0,42.9,17.0,23.55,94.2,1.42,2.0,0,1
4481,606779.0,1663.0,1145.0,37.8,4.0,10.3,96.0,1.18,1.0,0,1
4482,714341.0,1203.0,268.0,16.7,2.0,3.1,91.6,1.77,2.0,0,1
4483,730847.0,1625.0,331.0,39.4,41.0,5.5,87.8,2.0,2.0,0,1
4484,697606.0,1792.0,798.0,50.7,12.0,8.8,92.2,1.01,1.0,0,1
4485,927016.0,2401.0,830.0,2.7,15.0,16.7,94.9,0.79,1.0,0,1
4486,738994.0,1928.0,672.0,36.5,32.0,12.8,89.2,1.3,2.0,0,1
4487,750113.0,2230.0,663.0,39.6,23.0,6.1,91.0,1.52,2.0,0,1
4488,824991.0,1342.0,405.0,36.5,9.0,2.8,89.5,1.3,2.0,0,1
4489,765358.0,1615.0,525.0,68.3,45.0,5.2,96.5,1.52,2.0,0,1
4490,801909.0,1522.0,497.0,25.4,21.0,0.5,95.1,1.4,2.0,0,1
4491,668000.0,1184.0,200.0,34.2,10.0,23.55,98.9,1.08,2.0,0,1
4492,990336.0,2392.0,997.0,50.0,1.0,7.1,87.5,0.66,2.0,0,1
4493,796295.0,1755.0,300.0,1.8,21.0,0.5,89.2,1.94,2.0,0,1
4494,730123.0,1436.0,756.0,36.4,17.0,7.8,92.2,1.15,2.0,0,1
4495,778556.0,1856.0,532.0,48.2,12.0,10.1,95.2,1.16,2.0,0,1
4496,658368.0,1621.0,200.0,13.1,8.0,23.55,88.7,1.25,2.0,0,1
4497,607239.0,898.0,200.0,7.3,27.0,2.6,92.6,1.16,2.0,0,1
4498,593473.0,1078.0,432.0,22.4,34.0,0.9,93.1,0.88,2.0,0,1
4499,811938.0,2073.0,605.0,73.6625,1.0,5.8,89.4,0.98,1.0,0,1
4500,1087654.0,3483.0,1485.0,13.3,8.0,10.6,89.8,1.68,2.0,0,1
4501,870313.0,1913.0,826.0,35.7,4.0,0.8,89.0,0.62,2.0,0,1
4502,875996.0,1970.0,1226.0,38.6,2.0,2.8,95.9,0.76,1.0,0,1
4503,694458.0,920.0,969.0,18.0,5.0,4.5,97.4,1.6,2.0,0,1
4504,921438.0,2685.0,911.0,0.6,33.0,12.3,93.3,1.38,2.0,0,1
4505,855389.0,2210.0,985.0,28.0,5.0,2.6,90.6,1.55,2.0,0,1
4506,449750.0,1476.0,232.0,52.2,74.5,11.5,93.7,1.09,2.0,0,1
4507,689045.0,1241.0,520.0,14.2,11.0,2.0,89.6,1.68,1.0,0,1
4508,752752.0,1305.0,200.0,18.2,25.0,1.3,94.3,0.93,2.0,0,1
4509,1023005.0,3096.0,898.0,38.6,4.0,4.2,87.1,1.33,2.0,0,1
4510,609974.0,1170.0,688.0,31.3,5.0,6.8,98.5,1.34,1.0,0,1
4511,813502.0,2844.0,933.0,16.0,5.0,17.7,90.6,0.65,2.0,0,1
4512,476707.0,1025.0,446.0,53.4,0.0,23.55,92.9,1.9,2.0,0,1
4513,780582.0,1920.0,535.0,34.3,2.0,1.8,90.9,1.1,2.0,0,1
4514,502553.0,1134.0,229.0,42.1,26.0,3.1,91.5,1.89,2.0,0,1
4515,1001972.0,1994.0,595.0,6.4,12.0,7.0,94.5,1.76,2.0,0,1
4516,844006.0,2125.0,945.0,24.1,27.0,3.6,89.5,1.61,2.0,0,1
4517,763616.0,1186.0,904.0,16.2,6.0,18.9,96.0,1.44,2.0,0,1
4518,794156.0,2522.0,1211.0,53.4,42.0,3.3,89.4,1.39,2.0,0,1
4519,833815.0,2080.0,706.0,10.7,34.0,8.0,91.1,1.76,2.0,0,1
4520,518882.0,1752.0,834.0,31.0,73.0,9.0,90.8,1.48,2.0,0,1
4521,1048184.0,2994.0,861.0,0.8,9.0,10.3,92.3,1.39,2.0,0,1
4522,807196.0,1641.0,215.0,31.2,3.0,5.6,98.8,1.55,2.0,0,1
4523,1172593.0,3566.625,1415.0,41.2,74.5,7.2,94.8,1.6,2.0,0,1
4524,727560.0,2131.0,863.0,30.7,7.0,12.5,90.3,1.95,1.0,0,1
4525,562731.0,1338.0,437.0,24.4,26.0,3.6,93.8,1.12,2.0,0,1
4526,739269.0,1899.0,1160.0,33.4,3.0,0.5,88.0,1.56,2.0,0,1
4527,726463.0,1207.0,262.0,20.3,34.0,9.8,84.4,1.19,2.0,0,1
4528,739675.0,2190.0,600.0,13.4,25.0,4.9,89.1,1.51,2.0,0,1
4529,915362.0,2630.0,749.0,27.5,6.0,8.9,91.8,1.55,2.0,0,1
4530,675059.0,1111.0,200.0,34.1,7.0,11.2,93.7,1.31,2.0,0,1
4531,729252.0,1296.0,200.0,18.0,23.0,1.3,87.3,1.3,2.0,0,1
4532,806008.0,2155.0,200.0,29.1,5.0,8.5,91.5,1.89,2.0,0,1
4533,930460.0,2261.0,978.0,44.5,4.0,2.0,98.9,1.39,2.0,0,1
4534,637617.0,1612.0,348.0,27.4,9.0,16.0,89.0,1.07,1.0,0,1
4535,800581.0,2348.0,1243.0,16.1,19.0,15.6,94.2,1.38,2.0,0,1
4536,970706.0,1657.0,674.0,37.3,6.0,0.6,90.5,1.44,2.0,0,1
4537,681204.0,1852.0,503.0,65.6,46.0,8.4,94.1,1.16,2.0,0,1
4538,854994.0,2635.0,986.0,49.5,58.0,1.8,90.5,1.44,2.0,0,1
4539,882118.0,1841.0,472.0,61.6,13.0,0.5,92.0,1.48,2.0,0,1
4540,731280.0,1942.0,908.0,72.6,57.0,18.0,97.4,0.98,2.0,0,1
4541,1199565.125,3566.625,1746.0,36.7,21.0,1.2,99.0,1.45,2.0,0,1
4542,610305.0,1601.0,293.0,21.7,30.0,17.9,89.8,1.88,2.0,0,1
4543,721966.0,2102.0,1705.0,62.2,3.0,5.7,83.54999999999998,1.51,2.0,0,1
4544,507044.0,1089.0,829.0,48.7,21.0,7.9,91.1,1.85,2.0,0,1
4545,804285.0,2704.0,596.0,11.0,1.0,11.8,92.6,1.59,2.0,0,1
4546,865774.0,1873.0,1056.0,20.9,14.0,10.7,96.6,1.28,2.0,0,1
4547,522625.0,1167.0,654.0,38.6,6.0,4.3,87.7,1.99,2.0,0,1
4548,715228.0,1448.0,819.0,46.1,29.0,0.5,97.8,1.93,2.0,0,1
4549,575569.0,1674.0,351.0,38.8,43.0,0.5,90.4,1.28,2.0,0,1
4550,909821.0,2040.0,1398.0,41.3,1.0,2.5,96.8,1.39,2.0,0,1
4551,686232.0,1412.0,200.0,44.3,7.0,2.1,93.0,1.68,2.0,0,1
4552,958994.0,2392.0,883.0,11.2,10.0,3.5,94.1,1.83,2.0,0,1
4553,661357.0,1347.0,619.0,17.1,0.0,7.6,88.2,1.65,2.0,0,1
4554,782050.0,1875.0,984.0,15.9,21.0,2.7,89.8,0.76,2.0,0,1
4555,849096.0,2644.0,592.0,36.3,8.0,9.1,85.8,1.35,2.0,0,1
4556,805632.0,2403.0,1218.0,11.2,30.0,1.3,92.3,1.42,2.0,0,1
4557,872909.0,2393.0,807.0,14.2,45.0,2.4,91.7,0.91,2.0,0,1
4558,728390.0,2016.0,543.0,30.0,74.5,8.2,95.9,1.55,1.0,0,1
4559,651714.0,1720.0,218.0,34.1,45.0,5.3,89.3,0.95,2.0,0,1
4560,787156.0,1792.0,1121.0,37.5,19.0,1.2,90.4,1.37,2.0,0,1
4561,832455.0,1848.0,446.0,15.9,4.0,7.1,99.0,1.58,2.0,0,1
4562,934961.0,2532.0,1065.0,47.0,10.0,5.5,91.5,1.22,2.0,0,1
4563,731683.0,1710.0,533.0,31.8,28.0,3.7,88.4,1.26,2.0,0,1
4564,762979.0,1608.0,489.0,56.5,9.0,3.1,93.7,1.33,2.0,0,1
4565,690053.0,1350.0,200.0,12.5,6.0,4.5,93.2,0.99,2.0,0,1
4566,758923.0,1507.0,683.0,22.7,18.0,4.2,88.5,0.89,2.0,0,1
4567,784138.0,1952.0,627.0,17.6,2.0,23.55,94.2,1.06,2.0,0,1
4568,714211.0,1400.0,703.0,6.0,29.0,1.6,90.2,1.19,2.0,0,1
4569,986737.0,3017.0,1224.0,47.5,6.0,3.1,95.3,1.84,2.0,0,1
4570,871821.0,2430.0,498.0,16.3,40.0,23.55,98.0,1.69,2.0,0,1
4571,967698.0,3078.0,1572.0,53.8,8.0,8.6,97.1,0.86,2.0,0,1
4572,864149.0,2292.0,1191.0,23.0,5.0,5.0,91.3,2.3449999999999998,2.0,0,1
4573,1033542.0,2991.0,840.0,35.3,31.0,5.7,95.3,1.42,2.0,0,1
4574,738834.0,1376.0,200.0,9.7,27.0,12.8,94.7,1.66,2.0,0,1
4575,752023.0,1919.0,1099.0,12.5,54.0,0.6,92.6,1.6,2.0,0,1
4576,597907.0,856.0,200.0,31.3,11.0,2.3,90.8,1.68,2.0,0,1
4577,752408.0,2029.0,432.0,43.2,8.0,18.6,93.7,1.57,2.0,0,1
4578,948248.0,2720.0,1011.0,26.6,27.0,6.8,98.8,1.33,2.0,0,1
4579,790072.0,1803.0,200.0,10.1,17.0,0.8,92.9,2.02,2.0,0,1
4580,803242.0,1538.0,757.0,24.8,31.0,3.1,92.2,1.54,2.0,0,1
4581,607019.0,1239.0,200.0,40.0,21.0,8.8,94.3,1.07,1.0,0,1
4582,680522.0,1877.0,521.0,14.8,74.0,23.55,90.0,1.32,2.0,0,1
4583,616108.0,1052.0,564.0,26.9,74.5,0.5,92.8,0.78,2.0,0,1
4584,771340.0,1843.0,558.0,20.7,5.0,8.5,92.9,1.37,2.0,0,1
4585,972786.0,2607.0,220.0,25.1,8.0,13.6,91.5,1.83,2.0,0,1
4586,949834.0,3183.0,1154.0,25.0,10.0,23.55,93.2,0.93,2.0,0,1
4587,574376.0,992.0,637.0,55.7,4.0,4.3,87.2,1.8,2.0,0,1
4588,821508.0,2275.0,200.0,35.2,16.0,12.1,92.0,1.37,2.0,0,1
4589,685802.0,1761.0,556.0,69.5,18.0,3.0,97.3,1.51,2.0,0,1
4590,844729.0,1495.0,795.0,15.7,5.0,4.6,89.7,1.61,2.0,0,1
4591,641236.0,1253.0,457.0,22.2,11.0,17.8,92.7,1.29,1.0,0,1
4592,848628.0,1731.0,794.0,36.6,25.0,2.1,91.1,1.38,2.0,0,1
4593,616672.0,1666.0,200.0,73.6625,74.0,23.55,98.6,1.2,2.0,0,1
4594,747221.0,1059.0,200.0,8.7,10.0,0.5,95.2,1.64,2.0,0,1
4595,815579.0,1650.0,589.0,29.1,1.0,9.9,94.0,1.55,2.0,0,1
4596,557035.0,1026.0,200.0,22.3,7.0,15.1,96.1,1.38,2.0,0,1
4597,727688.0,2451.0,952.0,45.6,45.0,23.55,99.0,2.16,2.0,0,1
4598,505462.0,1332.0,604.0,40.6,24.0,2.5,97.2,1.55,2.0,0,1
4599,637275.0,1252.0,873.0,29.8,5.0,12.3,99.0,0.58,2.0,0,1
4600,830607.0,2489.0,777.0,36.2,19.0,5.4,92.7,1.56,2.0,0,1
4601,1145286.0,3512.0,1692.0,28.3,5.0,1.5,90.2,2.09,2.0,0,1
4602,751148.0,1103.0,448.0,29.2,1.0,4.8,86.5,1.57,2.0,0,1
4603,674170.0,1433.0,1148.0,23.9,23.0,6.1,89.1,1.87,2.0,0,1
4604,566934.0,1463.0,470.0,38.8,38.0,5.8,90.0,1.66,2.0,0,1
4605,754803.0,1330.0,720.0,24.4,7.0,2.1,97.2,1.24,2.0,0,1
4606,847648.0,1831.0,500.0,12.5,63.0,8.7,93.8,1.35,2.0,0,1
4607,758767.0,1979.0,200.0,32.5,19.0,3.1,92.3,1.27,2.0,0,1
4608,619298.0,1310.0,371.0,21.6,8.0,3.3,93.3,1.43,2.0,0,1
4609,693929.0,2345.0,349.0,26.1,34.0,19.4,88.9,1.65,2.0,0,1
4610,954144.0,2341.0,678.0,16.7,5.0,23.55,98.8,1.17,2.0,0,1
4611,794428.0,1378.0,200.0,39.0,12.0,4.4,90.7,0.53,2.0,0,1
4612,632423.0,1312.0,406.0,16.9,41.0,6.0,92.2,1.08,2.0,0,1
4613,940215.0,2251.0,1071.0,5.8,1.0,0.9,87.8,1.34,2.0,0,1
4614,514965.0,1006.0,783.0,57.5,51.0,1.8,90.7,1.85,2.0,0,1
4615,792606.0,1759.0,200.0,21.0,74.5,18.4,92.3,1.54,2.0,0,1
4616,783848.0,1433.0,789.0,35.3,55.0,11.4,94.2,1.56,2.0,0,1
4617,910361.0,2203.0,1006.0,48.4,4.0,15.5,92.2,1.48,2.0,0,1
4618,827445.0,1677.0,848.0,9.9,34.0,6.9,91.9,1.37,2.0,0,1
4619,792097.0,1457.0,200.0,18.8,38.0,4.2,93.6,1.33,2.0,0,1
4620,1090195.0,2709.0,1143.0,14.2,42.0,0.5,95.8,1.67,2.0,0,1
4621,632987.0,1547.0,798.0,24.4,50.0,3.2,97.8,1.21,2.0,0,1
4622,918476.0,1992.0,586.0,2.7,19.0,2.3,99.0,0.91,2.0,0,1
4623,793427.0,2442.0,1055.0,29.0,40.0,13.1,91.6,1.53,2.0,0,1
4624,539278.0,882.0,200.0,18.7,8.0,1.8,89.0,1.83,2.0,0,1
4625,785671.0,1812.0,503.0,26.1,30.0,17.3,96.7,1.14,2.0,0,1
4626,1199565.125,3237.0,937.0,12.9,29.0,2.3,86.9,1.43,2.0,0,1
4627,644957.0,1541.0,739.0,5.6,16.0,10.0,94.4,1.65,2.0,0,1
4628,855082.0,2054.0,605.0,6.4,26.0,6.1,95.4,1.39,2.0,0,1
4629,796451.0,2440.0,921.0,15.6,21.0,12.3,91.9,1.68,2.0,0,1
4630,922397.0,2080.0,1028.0,9.2,18.0,10.5,89.5,1.66,2.0,0,1
4631,826654.0,3472.0,1749.0,45.0,74.5,12.0,94.4,1.21,2.0,0,1
4632,839258.0,1164.0,559.0,40.6,1.0,1.8,94.6,1.37,2.0,0,1
4633,845529.0,2321.0,402.0,17.2,16.0,5.7,95.6,1.43,2.0,0,1
4634,710400.0,1722.0,1443.0,38.7,73.0,5.2,93.2,1.77,2.0,0,1
4635,836321.0,2640.0,1638.0,14.8,34.0,4.4,89.1,1.98,2.0,0,1
4636,530309.0,1550.0,300.0,1.7,55.0,23.55,88.4,1.05,1.0,0,1
4637,991534.0,1847.0,1170.0,7.9,21.0,2.2,94.4,0.76,2.0,0,1
4638,726171.0,1146.0,200.0,25.5,14.0,2.1,92.0,1.32,2.0,0,1
4639,579606.0,1144.0,316.0,25.3,0.0,23.55,99.0,1.37,2.0,0,1
4640,663680.0,1644.0,668.0,6.7,57.0,16.3,88.0,1.95,2.0,0,1
4641,615616.0,1064.0,395.0,27.2,23.0,8.9,93.5,1.36,2.0,0,1
4642,563304.0,700.0,421.0,19.4,44.0,17.9,88.2,1.58,2.0,0,1
4643,1070102.0,2670.0,1171.0,10.6,17.0,4.8,89.5,1.66,2.0,0,1
4644,749790.0,1222.0,959.0,19.0,55.0,2.9,90.6,1.27,2.0,0,1
4645,830135.0,1785.0,200.0,37.9,9.0,8.6,88.9,0.78,2.0,0,1
4646,808254.0,1486.0,619.0,11.0,35.0,3.7,88.3,1.83,2.0,0,1
4647,921741.0,2637.0,1017.0,57.5,74.5,4.0,88.9,1.04,2.0,0,1
4648,627957.0,1371.0,999.0,19.0,14.0,4.8,93.4,1.7,2.0,0,1
4649,1038987.0,3324.0,1720.0,24.3,11.0,19.7,91.7,2.05,2.0,0,1
4650,758182.0,2103.0,839.0,12.3,7.0,21.4,93.2,1.83,2.0,0,1
4651,737670.0,1233.0,1317.0,36.1,30.0,6.1,92.1,0.8,2.0,0,1
4652,1041222.0,3259.0,764.0,30.9,3.0,7.8,93.1,1.43,2.0,0,1
4653,651373.0,1740.0,846.0,28.7,59.0,4.5,91.4,1.29,2.0,0,1
4654,787593.0,1487.0,200.0,3.6,1.0,0.5,93.6,1.72,2.0,0,1
4655,851895.0,2070.0,609.0,35.3,27.0,8.3,99.0,1.75,2.0,0,1
4656,737897.0,1812.0,635.0,35.4,28.0,3.4,91.1,1.2,2.0,0,1
4657,577043.0,1371.0,616.0,15.0,12.0,23.55,97.7,1.72,1.0,0,1
4658,832737.0,2076.0,1171.0,16.6,4.0,6.2,95.0,1.83,1.0,0,1
4659,682089.0,992.0,200.0,37.3,17.0,1.3,94.8,1.06,2.0,0,1
4660,889506.0,2124.0,693.0,26.8,5.0,6.3,96.4,1.52,2.0,0,1
4661,727518.0,1969.0,836.0,39.0,34.0,23.55,93.6,1.25,2.0,0,1
4662,820008.0,2539.0,715.0,26.6,61.0,3.7,97.0,1.28,2.0,0,1
4663,864594.0,1446.0,200.0,7.7,67.0,1.2,92.6,1.34,2.0,0,1
4664,864481.0,2158.0,956.0,11.6,64.0,0.5,96.1,1.53,2.0,0,1
4665,659537.0,1279.0,200.0,19.3,51.0,18.0,93.1,1.4,2.0,0,1
4666,892293.0,2603.0,1029.0,8.5,34.0,1.6,97.6,1.59,2.0,0,1
4667,825901.0,1920.0,499.0,42.0,0.0,14.2,94.8,0.92,2.0,0,1
4668,762350.0,1333.0,422.0,25.8,6.0,2.1,93.3,0.89,2.0,0,1
4669,1199565.125,3566.625,1613.0,62.4,46.0,4.1,95.3,1.55,2.0,0,1
4670,795068.0,1740.0,723.0,13.0,15.0,0.5,93.7,1.93,2.0,0,1
4671,747320.0,1778.0,949.0,9.7,9.0,7.7,99.0,2.01,2.0,0,1
4672,863788.0,2246.0,287.0,39.9,12.0,5.4,91.3,1.19,2.0,0,1
4673,752870.0,2190.0,225.0,22.7,11.0,7.3,93.2,1.94,2.0,0,1
4674,1003179.0,2410.0,911.0,19.3,5.0,2.0,94.1,1.72,2.0,0,1
4675,970763.0,1979.0,756.0,39.5,23.0,3.7,91.0,1.79,2.0,0,1
4676,627513.0,1233.0,225.0,34.9,22.0,6.3,93.3,1.55,2.0,0,1
4677,620406.0,2602.0,1346.0,45.3,59.0,23.55,94.6,1.52,2.0,0,1
4678,741609.0,1775.0,603.0,54.1,39.0,9.5,92.2,1.43,2.0,0,1
4679,807848.0,1503.0,702.0,18.3,44.0,1.8,91.0,1.49,2.0,0,1
4680,717232.0,1862.0,1459.0,33.6,58.0,15.7,87.3,1.64,2.0,0,1
4681,681187.0,1522.0,874.0,44.1,10.0,23.55,91.4,1.7,1.0,0,1
4682,670224.0,1686.0,393.0,62.4,33.0,0.7,90.5,1.62,2.0,0,1
4683,863413.0,2458.0,861.0,24.8,0.0,23.55,95.7,0.98,2.0,0,1
4684,924413.0,2614.0,1303.0,44.7,18.0,2.0,98.4,1.32,2.0,0,1
4685,820859.0,1124.0,200.0,8.8,22.0,3.6,91.2,1.37,2.0,0,1
4686,781961.0,1376.0,358.0,18.5,25.0,3.1,94.8,1.16,2.0,0,1
4687,916417.0,1778.0,1380.0,41.3,2.0,3.8,90.7,1.34,2.0,0,1
4688,880363.0,1954.0,1053.0,7.1,8.0,12.2,96.4,1.01,2.0,0,1
4689,943101.0,3097.0,1443.0,64.6,55.0,11.4,87.7,1.34,2.0,0,1
4690,510055.0,1269.0,853.0,58.1,2.0,12.8,94.2,1.91,2.0,0,1
4691,597428.0,1670.0,200.0,40.8,18.0,12.7,93.0,1.14,2.0,0,1
4692,626319.0,1769.0,232.0,34.1,74.5,4.2,88.5,1.14,2.0,0,1
4693,809558.0,1440.0,214.0,12.4,28.0,0.5,95.6,1.57,2.0,0,1
4694,803770.0,2959.0,836.0,60.3,56.0,18.6,91.2,0.92,2.0,0,1
4695,957416.0,2246.0,1505.0,9.3,5.0,0.5,96.0,1.19,2.0,0,1
4696,559361.0,1059.0,536.0,35.2,42.0,0.5,92.3,1.18,2.0,0,1
4697,670494.0,1692.0,613.0,44.5,2.0,16.7,97.5,1.48,2.0,0,1
4698,610238.0,1790.0,238.0,30.8,74.5,9.7,89.4,1.24,2.0,0,1
4699,633469.0,1495.0,438.0,39.3,24.0,6.5,86.0,1.26,2.0,0,1
4700,768900.0,1587.0,438.0,22.1,1.0,23.55,92.8,0.66,2.0,0,1
4701,839909.0,2399.0,1278.0,36.6,21.0,1.4,94.4,2.02,2.0,0,1
4702,867558.0,2150.0,1073.0,11.1,46.0,6.1,92.3,1.11,2.0,0,1
4703,957151.0,1818.0,245.0,26.4,19.0,2.9,89.4,0.73,2.0,0,1
4704,1098403.0,2816.0,971.0,26.5,3.0,3.9,96.8,1.41,2.0,0,1
4705,919632.0,2337.0,1631.0,25.1,2.0,10.3,93.6,0.89,2.0,0,1
4706,789894.0,1943.0,1019.0,12.8,21.0,2.0,86.0,1.66,2.0,0,1
4707,780493.0,1964.0,436.0,40.6,59.0,4.0,86.5,1.35,2.0,0,1
4708,604938.0,1985.0,796.0,65.8,15.0,11.2,92.2,0.72,2.0,0,1
4709,839465.0,2227.0,1240.0,11.8,17.0,1.7,95.2,1.11,2.0,0,1
4710,991626.0,2621.0,557.0,17.5,19.0,9.2,91.9,2.34,2.0,0,1
4711,858500.0,1886.0,200.0,13.3,36.0,3.8,91.9,1.57,2.0,0,1
4712,871051.0,1409.0,860.0,19.5,2.0,11.0,87.9,1.39,2.0,0,1
4713,659890.0,1759.0,807.0,28.9,10.0,8.9,95.7,0.5,2.0,0,1
4714,815665.0,1482.0,272.0,12.6,6.0,11.4,98.6,1.13,2.0,0,1
4715,911437.0,3477.0,921.0,39.4,5.0,23.55,96.9,2.07,1.0,0,1
4716,1018106.0,2100.0,756.0,20.9,6.0,4.9,90.3,1.76,2.0,0,1
4717,512579.0,1259.0,550.0,36.7,2.0,2.8,96.3,1.31,1.0,0,1
4718,770715.0,1960.0,1141.0,60.1,34.0,13.3,91.1,1.97,2.0,0,1
4719,956606.0,2661.0,1175.0,5.1,26.0,23.55,90.3,1.41,2.0,0,1
4720,486001.0,2112.0,377.0,49.1,3.0,23.55,98.8,0.99,2.0,0,1
4721,942894.0,2866.0,729.0,50.4,74.5,1.9,94.0,1.5,2.0,0,1
4722,696365.0,1421.0,327.0,27.9,47.0,12.5,95.5,1.43,2.0,0,1
4723,751032.0,1091.0,200.0,67.4,26.0,4.4,93.6,0.89,2.0,0,1
4724,442067.0,929.0,200.0,41.6,47.0,4.7,91.3,1.78,2.0,0,1
4725,606345.0,881.0,375.0,7.2,2.0,3.8,86.1,1.15,2.0,0,1
4726,773489.0,1474.0,689.0,13.8,9.0,7.5,94.8,2.33,2.0,0,1
4727,974688.0,2298.0,1223.0,8.0,30.0,1.0,96.5,1.83,2.0,0,1
4728,772922.0,2066.0,453.0,12.3,16.0,0.5,93.2,1.43,2.0,0,1
4729,1090698.0,3305.0,1445.0,41.4,27.0,1.0,96.8,0.88,2.0,0,1
4730,726980.0,1433.0,200.0,13.3,16.0,2.4,98.2,0.92,2.0,0,1
4731,737130.0,1877.0,568.0,56.2,28.0,3.4,93.5,1.31,2.0,0,1
4732,862325.0,1172.0,304.0,19.4,6.0,0.5,94.4,1.29,2.0,0,1
4733,1019663.0,3245.0,1179.0,6.8,74.5,2.7,95.6,1.33,2.0,0,1
4734,882820.0,2626.0,828.0,32.0,29.0,12.8,93.3,0.76,1.0,0,1
4735,732297.0,1776.0,665.0,17.2,5.0,23.55,88.2,1.56,2.0,0,1
4736,689025.0,1694.0,303.0,43.2,53.0,3.4,96.5,2.02,2.0,0,1
4737,885535.0,2262.0,949.0,38.6,15.0,0.5,89.5,1.46,2.0,0,1
4738,1013350.0,2918.0,1173.0,13.6,0.0,12.2,93.5,0.88,2.0,0,1
4739,810476.0,1972.0,307.0,4.8,74.5,12.4,89.1,0.76,2.0,0,1
4740,631603.0,1485.0,200.0,30.2,17.0,5.2,85.9,1.69,2.0,0,1
4741,707332.0,1423.0,650.0,33.7,31.0,2.9,96.0,1.23,2.0,0,1
4742,1130966.0,2714.0,361.0,27.0,10.0,5.6,91.7,1.26,2.0,0,1
4743,576090.0,1581.0,200.0,30.2,56.0,1.6,95.7,1.2,2.0,0,1
4744,706096.0,1586.0,200.0,42.9,25.0,4.6,97.2,1.87,2.0,0,1
4745,734981.0,1144.0,304.0,27.8,15.0,16.7,95.2,1.3,2.0,0,1
4746,928560.0,2702.0,1098.0,61.8,7.0,5.4,89.0,1.4,2.0,0,1
4747,670607.0,1528.0,610.0,28.1,31.0,2.0,97.0,1.49,2.0,0,1
4748,849853.0,2551.0,1214.0,46.1,10.0,2.7,93.1,1.52,2.0,0,1
4749,1128436.0,3044.0,1191.0,23.4,6.0,2.9,93.3,1.1,2.0,0,1
4750,587970.0,1593.0,200.0,36.4,74.0,14.9,94.5,1.43,2.0,0,1
4751,952819.0,1957.0,201.0,3.3,3.0,3.5,97.8,0.9,2.0,0,1
4752,873722.0,1680.0,1115.0,19.7,43.0,7.6,89.6,0.99,2.0,0,1
4753,689652.0,2032.0,507.0,38.7,67.0,3.8,99.0,1.56,2.0,0,1
4754,775211.0,1714.0,364.0,5.1,35.0,5.0,90.9,1.83,2.0,0,1
4755,658178.0,1251.0,247.0,13.9,15.0,20.1,88.9,2.3,2.0,0,1
4756,660023.0,1447.0,480.0,55.6,6.0,7.6,95.9,1.54,2.0,0,1
4757,1189089.0,3517.0,1691.0,19.6,32.0,4.8,99.0,1.58,2.0,0,1
4758,910873.0,1684.0,346.0,33.9,9.0,3.1,85.7,0.88,2.0,0,1
4759,862391.0,2441.0,619.0,43.3,34.0,4.9,91.0,1.07,2.0,0,1
4760,914023.0,2141.0,781.0,17.5,6.0,13.6,95.9,1.38,2.0,0,1
4761,702092.0,1764.0,769.0,12.5,16.0,2.0,87.9,1.59,2.0,0,1
4762,699728.0,1226.0,200.0,30.9,28.0,3.8,95.4,1.32,2.0,0,1
4763,575683.0,847.0,200.0,34.5,8.0,2.5,94.1,1.15,2.0,0,1
4764,843971.0,3198.0,1146.0,37.2,18.0,5.7,96.2,1.79,2.0,0,1
4765,1034169.0,3566.625,1168.0,13.6,6.0,23.55,96.5,1.43,2.0,0,1
4766,1138851.0,3566.625,1345.0,27.2,18.0,0.5,90.9,1.03,2.0,0,1
4767,655977.0,1107.0,487.0,38.7,69.0,10.7,92.8,1.5,2.0,0,1
4768,1199565.125,3566.625,1655.0,34.2,7.0,10.5,90.5,0.92,2.0,0,1
4769,720835.0,2193.0,808.0,41.4,10.0,10.4,91.0,1.08,1.0,0,1
4770,814549.0,2348.0,1441.0,59.6,9.0,22.9,88.2,1.04,2.0,0,1
4771,890936.0,1986.0,1014.0,20.1,0.0,5.6,89.2,1.15,2.0,0,1
4772,676217.0,1761.0,741.0,60.0,67.0,0.7,96.9,1.2,2.0,0,1
4773,936218.0,1632.0,501.0,38.3,18.0,0.5,90.2,1.55,2.0,0,1
4774,652699.0,1039.0,580.0,36.5,41.0,1.1,89.6,1.4,2.0,0,1
4775,1002931.0,2502.0,1801.5,39.5,1.0,4.0,90.9,1.87,2.0,0,1
4776,843662.0,2182.0,845.0,10.6,10.0,0.9,90.7,2.07,2.0,0,1
4777,669964.0,1283.0,1190.0,36.9,9.0,11.1,90.9,1.51,2.0,0,1
4778,669423.0,1128.0,302.0,56.4,5.0,10.1,90.6,1.07,2.0,0,1
4779,836165.0,1458.0,887.0,20.3,23.0,1.8,97.4,1.43,2.0,0,1
4780,781394.0,2100.0,933.0,57.1,30.0,4.8,91.9,1.54,2.0,0,1
4781,822668.0,1947.0,1133.0,27.3,20.0,5.8,89.4,2.01,2.0,0,1
4782,709669.0,1549.0,617.0,11.2,35.0,2.2,93.6,1.94,2.0,0,1
4783,824193.0,1879.0,829.0,52.0,7.0,7.6,94.7,1.75,2.0,0,1
4784,627131.0,1408.0,1023.0,41.5,2.0,3.8,89.1,0.97,2.0,0,1
4785,1011406.0,2786.0,637.0,26.3,37.0,23.55,99.0,1.23,2.0,0,1
4786,671141.0,1422.0,811.0,8.1,74.5,2.8,95.3,1.13,2.0,0,1
4787,689023.0,1344.0,886.0,16.4,6.0,1.9,97.8,1.54,2.0,0,1
4788,727196.0,2006.0,633.0,32.4,21.0,7.5,89.4,1.15,2.0,0,1
4789,751911.0,2081.0,879.0,14.8,13.0,8.1,92.8,1.53,2.0,0,1
4790,859803.0,1745.0,298.0,31.2,7.0,3.4,96.1,0.98,2.0,0,1
4791,693258.0,1576.0,1142.0,43.2,9.0,11.9,96.1,1.14,2.0,0,1
4792,1027395.0,2410.0,1192.0,18.3,50.0,0.9,92.4,1.37,2.0,0,1
4793,795582.0,2052.0,449.0,23.2,29.0,2.2,86.2,1.33,2.0,0,1
4794,706709.0,1731.0,457.0,22.3,5.0,6.3,94.2,1.34,2.0,0,1
4795,1085034.0,2774.0,1148.0,16.1,10.0,12.5,95.6,1.29,2.0,0,1
4796,915032.0,2228.0,643.0,18.4,12.0,7.5,88.2,1.55,2.0,0,1
4797,622341.0,1611.0,893.0,44.8,8.0,5.9,94.2,0.99,2.0,0,1
4798,763223.0,1892.0,862.0,49.1,45.0,5.1,93.8,1.46,2.0,0,1
4799,1173309.0,3566.625,1460.0,37.1,6.0,8.1,95.0,1.0,1.0,0,1
4800,895980.0,1615.0,982.0,12.9,24.0,15.6,99.0,1.34,2.0,0,1
4801,652594.0,1886.0,781.0,14.6,74.5,15.9,90.6,1.67,2.0,0,1
4802,1094202.0,2306.0,1172.0,8.4,28.0,3.4,92.4,1.02,2.0,0,1
4803,562952.0,947.0,299.0,35.9,4.0,3.8,96.4,1.28,2.0,0,1
4804,716459.0,1223.0,223.0,50.6,26.0,0.5,95.8,1.65,2.0,0,1
4805,707985.0,2414.0,784.0,29.1,50.0,9.8,96.0,1.23,2.0,0,1
4806,818094.0,1626.0,1120.0,16.3,12.0,4.5,93.7,1.44,2.0,0,1
4807,743988.0,1977.0,1072.0,23.6,26.0,8.8,95.1,1.61,2.0,0,1
4808,834079.0,1836.0,731.0,22.2,1.0,15.6,91.1,0.88,2.0,0,1
4809,1182043.0,3076.0,805.0,27.5,4.0,2.7,95.0,1.51,2.0,0,1
4810,1018501.0,3033.0,1009.0,47.9,8.0,4.1,85.3,1.09,2.0,0,1
4811,719199.0,1571.0,365.0,45.2,15.0,11.6,93.5,1.17,2.0,0,1
4812,671815.0,1802.0,200.0,31.9,31.0,8.3,86.6,1.68,2.0,0,1
4813,598025.0,1195.0,468.0,25.2,18.0,3.6,93.7,1.95,2.0,0,1
4814,760544.0,2348.0,521.0,1.4,20.0,23.55,91.8,1.49,2.0,0,1
4815,691766.0,1471.0,758.0,47.8,63.0,3.9,95.7,1.51,2.0,0,1
4816,622422.0,727.0,1155.0,9.8,32.0,18.5,94.4,1.71,2.0,0,1
4817,796325.0,2065.0,200.0,3.0,34.0,8.1,95.5,1.53,2.0,0,1
4818,775535.0,1877.0,743.0,61.0,24.0,6.6,86.3,1.61,2.0,0,1
4819,374768.125,1023.0,200.0,47.5,44.0,0.5,86.1,1.22,1.0,0,1
4820,780731.0,1424.0,835.0,19.2,30.0,4.5,93.1,0.98,2.0,0,1
4821,837944.0,2282.0,1621.0,34.7,5.0,2.3,96.5,1.42,2.0,0,1
4822,950738.0,1888.0,535.0,44.1,5.0,1.4,94.4,1.86,2.0,0,1
4823,846821.0,2187.0,828.0,37.4,27.0,4.3,93.3,0.98,2.0,0,1
4824,1199565.125,3566.625,1159.0,13.5,22.0,5.4,93.3,1.42,2.0,0,1
4825,684998.0,1437.0,504.0,43.4,47.0,4.6,95.9,1.38,2.0,0,1
4826,861699.0,1977.0,768.0,45.3,3.0,3.4,90.0,1.35,2.0,0,1
4827,819856.0,3073.0,1375.0,23.2,74.5,8.3,90.0,1.13,2.0,0,1
4828,1199565.125,3566.625,1280.0,13.8,4.0,12.5,95.4,1.07,2.0,0,1
4829,633798.0,1223.0,252.0,21.2,14.0,17.6,91.0,1.7,2.0,0,1
4830,670810.0,2395.0,1198.0,20.7,74.5,2.2,85.9,1.45,2.0,0,1
4831,874405.0,2433.0,962.0,52.7,74.5,3.0,93.0,1.62,2.0,0,1
4832,849769.0,1468.0,497.0,12.6,11.0,1.7,94.0,1.07,2.0,0,1
4833,688451.0,1698.0,682.0,21.4,33.0,12.0,88.5,1.33,2.0,0,1
4834,654970.0,1650.0,200.0,34.3,74.5,7.6,96.0,1.56,2.0,0,1
4835,1031193.0,2328.0,584.0,23.8,12.0,4.7,94.4,1.69,2.0,0,1
4836,829064.0,2070.0,895.0,18.6,74.5,11.8,89.8,1.14,2.0,0,1
4837,858361.0,1813.0,556.0,16.3,38.0,1.6,91.4,1.58,2.0,0,1
4838,936126.0,2005.0,861.0,18.0,13.0,9.0,90.8,2.01,2.0,0,1
4839,1047940.0,3266.0,865.0,23.1,39.0,6.9,95.1,1.99,2.0,0,1
4840,960403.0,1958.0,1006.0,39.2,15.0,1.5,97.4,0.99,2.0,0,1
4841,584733.0,972.0,200.0,68.7,43.0,1.4,88.8,1.51,2.0,0,1
4842,954288.0,2827.0,839.0,21.1,51.0,10.1,87.2,1.48,2.0,0,1
4843,567326.0,1673.0,345.0,48.3,45.0,14.9,97.5,1.22,2.0,0,1
4844,815329.0,1469.0,420.0,16.9,0.0,14.3,97.4,0.82,2.0,0,1
4845,972755.0,2736.0,1141.0,22.7,10.0,0.5,90.7,1.3,1.0,0,1
4846,674564.0,1454.0,541.0,38.3,58.0,6.9,96.7,1.51,2.0,0,1
4847,753264.0,1809.0,300.0,18.6,18.0,3.8,88.8,0.89,2.0,0,1
4848,733241.0,1368.0,606.0,33.8,6.0,0.5,89.8,1.34,2.0,0,1
4849,718066.0,1725.0,256.0,9.1,2.0,21.2,94.8,1.33,2.0,0,1
4850,482129.0,1319.0,1127.0,34.7,5.0,6.9,93.0,1.18,1.0,0,1
4851,942947.0,2318.0,1199.0,7.0,74.5,0.5,90.1,2.17,2.0,0,1
4852,617222.0,1477.0,200.0,68.8,52.0,13.9,88.3,1.05,2.0,0,1
4853,993842.0,3088.0,834.0,9.0,56.0,8.7,88.9,1.33,2.0,0,1
4854,1190235.0,3566.625,1180.0,15.8,41.0,0.9,89.6,1.24,2.0,0,1
4855,1199565.125,3566.625,776.0,30.9,15.0,2.5,95.3,1.48,2.0,0,1
4856,768156.0,1484.0,986.0,44.0,13.0,18.6,93.8,1.6,2.0,0,1
4857,730911.0,1401.0,457.0,64.4,37.0,11.4,95.6,1.59,2.0,0,1
4858,809812.0,937.0,200.0,20.4,13.0,2.8,88.9,1.24,2.0,0,1
4859,956790.0,1749.0,670.0,36.8,3.0,13.1,89.6,0.53,2.0,0,1
4860,1112535.0,3444.0,1801.5,41.9,72.0,6.6,91.3,1.15,2.0,0,1
4861,897292.0,2760.0,822.0,23.0,12.0,22.9,95.9,1.3,2.0,0,1
4862,877369.0,2207.0,823.0,42.5,1.0,2.5,97.1,1.2,2.0,0,1
4863,799964.0,1580.0,633.0,11.5,28.0,10.5,94.2,1.51,2.0,0,1
4864,720812.0,1517.0,927.0,40.2,4.0,1.7,95.6,1.53,1.0,0,1
4865,531372.0,1216.0,436.0,12.2,7.0,16.1,88.1,1.45,2.0,0,1
4866,627993.0,1529.0,200.0,18.4,6.0,1.4,87.6,1.38,2.0,0,1
4867,560205.0,1195.0,200.0,15.9,52.0,5.0,93.2,0.96,2.0,0,1
4868,743049.0,1534.0,200.0,62.9,7.0,0.5,88.7,1.21,2.0,0,1
4869,774793.0,2001.0,1017.0,10.0,64.0,13.0,91.9,1.45,2.0,0,1
4870,880457.0,2354.0,688.0,38.7,49.0,4.6,89.8,1.3,2.0,0,1
4871,1040374.0,2765.0,1217.0,25.6,8.0,1.3,89.1,1.46,2.0,0,1
4872,804037.0,1676.0,200.0,12.6,1.0,2.8,94.5,1.98,2.0,0,1
4873,813136.0,1324.0,200.0,8.0,33.0,12.8,96.7,1.22,2.0,0,1
4874,739399.0,2047.0,200.0,51.2,13.0,4.1,87.6,1.2,2.0,0,1
4875,1015747.0,2478.0,963.0,18.4,13.0,6.5,92.2,0.96,2.0,0,1
4876,849475.0,2453.0,805.0,28.2,6.0,7.9,90.0,1.61,2.0,0,1
4877,819850.0,2156.0,984.0,23.5,51.0,9.6,92.0,0.7,2.0,0,1
4878,833309.0,2377.0,200.0,8.7,58.0,8.2,88.5,1.18,2.0,0,1
4879,780732.0,1160.0,223.0,6.2,11.0,9.3,94.8,1.82,2.0,0,1
4880,844758.0,1995.0,275.0,18.3,26.0,3.7,92.3,1.38,2.0,0,1
4881,808774.0,2119.0,352.0,10.2,5.0,14.8,94.6,0.61,2.0,0,1
4882,668545.0,1392.0,623.0,50.2,12.0,10.3,86.1,1.74,2.0,0,1
4883,695122.0,1356.0,381.0,12.3,15.0,13.5,96.4,1.29,2.0,0,1
4884,456448.0,1261.0,271.0,39.1,4.0,19.8,88.6,1.58,2.0,0,1
4885,736103.0,2091.0,437.0,34.4,45.0,2.4,93.5,1.21,1.0,0,1
4886,907828.0,2294.0,359.0,15.5,1.0,3.6,99.0,1.09,2.0,0,1
4887,374768.125,700.0,200.0,8.0,35.0,23.55,93.5,1.08,2.0,0,1
4888,941802.0,2236.0,957.0,5.0,2.0,1.7,87.4,1.13,2.0,0,1
4889,594602.0,1395.0,614.0,17.0,16.0,23.55,92.7,0.92,2.0,0,1
4890,902783.0,2912.0,786.0,17.6,1.0,9.4,95.0,1.4,2.0,0,1
4891,776256.0,1436.0,203.0,48.3,7.0,2.0,93.1,1.04,2.0,0,1
4892,705528.0,1520.0,596.0,38.1,31.0,8.8,91.9,1.48,1.0,0,1
4893,825491.0,2015.0,1102.0,49.2,7.0,0.8,89.4,1.29,1.0,0,1
4894,659065.0,1625.0,498.0,20.2,5.0,16.1,88.7,1.21,2.0,0,1
4895,702562.0,1690.0,655.0,4.8,26.0,2.9,90.0,1.5,2.0,0,1
4896,988878.0,2691.0,280.0,35.6,5.0,23.55,92.3,1.15,2.0,0,1
4897,1057436.0,3468.0,1633.0,26.5,13.0,13.4,88.3,0.67,2.0,0,1
4898,965446.0,2818.0,736.0,41.6,51.0,9.2,85.4,1.83,2.0,0,1
4899,619230.0,1843.0,971.0,64.7,36.0,1.9,97.3,1.67,1.0,0,1
4900,877736.0,2133.0,1172.0,10.4,5.0,1.3,95.2,1.41,2.0,0,1
4901,759634.0,1437.0,387.0,18.9,2.0,5.0,94.9,1.31,2.0,0,1
4902,669612.0,1601.0,669.0,45.5,25.0,5.0,92.2,1.4,2.0,0,1
4903,867632.0,1909.0,1170.0,12.7,74.5,5.5,95.4,1.19,2.0,0,1
4904,493166.0,1455.0,200.0,46.8,31.0,16.6,93.7,1.15,2.0,0,1
4905,815188.0,2180.0,553.0,39.5,2.0,23.55,95.2,1.22,2.0,0,1
4906,720706.0,1303.0,200.0,14.6,41.0,2.5,92.2,1.55,2.0,0,1
4907,1009622.0,3066.0,1135.0,12.0,8.0,18.4,96.6,1.36,2.0,0,1
4908,1144145.0,2553.0,708.0,7.0,4.0,3.2,94.7,2.13,2.0,0,1
4909,789067.0,2728.0,657.0,29.0,2.0,18.2,92.0,1.62,2.0,0,1
4910,918359.0,2442.0,1229.0,43.0,2.0,4.2,89.8,1.65,2.0,0,1
4911,693419.0,2035.0,517.0,19.1,52.0,5.5,92.7,1.59,2.0,0,1
4912,851176.0,2421.0,200.0,43.1,9.0,2.6,93.0,1.87,2.0,0,1
4913,837153.0,1492.0,436.0,18.0,4.0,6.1,92.0,1.06,2.0,0,1
4914,884347.0,2233.0,807.0,23.9,15.0,13.5,90.6,1.62,2.0,0,1
4915,1071048.0,2388.0,318.0,33.5,2.0,0.5,93.3,1.15,2.0,0,1
4916,916758.0,2382.0,489.0,8.8,5.0,3.9,88.3,0.94,2.0,0,1
4917,1022364.0,3276.0,637.0,21.3,54.0,5.0,86.0,1.65,2.0,0,1
4918,690863.0,1845.0,357.0,46.1,9.0,0.5,83.54999999999998,1.28,2.0,0,1
4919,669078.0,1301.0,1043.0,51.0,57.0,2.6,98.1,1.49,2.0,0,1
4920,986958.0,2532.0,823.0,34.9,7.0,3.6,88.2,1.06,2.0,0,1
4921,753825.0,1923.0,200.0,56.4,7.0,10.1,86.6,0.97,2.0,0,1
4922,833306.0,2282.0,1184.0,27.9,9.0,1.0,92.4,1.25,2.0,0,1
4923,696176.0,948.0,200.0,14.3,19.0,1.6,99.0,1.97,2.0,0,1
4924,1033217.0,2911.0,1018.0,18.9,20.0,7.7,99.0,1.18,1.0,0,1
4925,739546.0,1651.0,1123.0,19.9,31.0,6.8,92.3,2.03,2.0,0,1
4926,844082.0,1693.0,1145.0,47.4,1.0,4.6,91.2,0.91,2.0,0,1
4927,878357.0,1879.0,936.0,20.9,4.0,5.5,92.9,1.59,2.0,0,1
4928,902161.0,2183.0,1466.0,40.7,30.0,9.6,92.2,1.13,2.0,0,1
4929,848075.0,1828.0,1073.0,23.6,28.0,3.7,91.0,1.89,2.0,0,1
4930,987080.0,2878.0,848.0,24.6,41.0,15.2,94.2,1.36,2.0,0,1
4931,687146.0,1813.0,1063.0,20.2,5.0,8.4,94.0,1.28,2.0,0,1
4932,681015.0,1405.0,593.0,51.7,2.0,12.2,90.2,1.21,2.0,0,1
4933,579802.0,1060.0,386.0,22.0,2.0,23.55,96.3,1.0,2.0,0,1
4934,547236.0,958.0,661.0,42.9,36.0,15.2,91.9,1.29,2.0,0,1
4935,882337.0,1976.0,490.0,30.2,15.0,8.7,92.6,1.51,2.0,0,1
4936,707917.0,1035.0,200.0,50.1,3.0,10.5,97.9,1.88,2.0,0,1
4937,820281.0,1895.0,742.0,24.1,9.0,12.7,86.5,1.51,2.0,0,1
4938,1058398.0,3165.0,1073.0,10.3,1.0,4.8,94.1,1.91,2.0,0,1
4939,1041486.0,2464.0,938.0,28.6,8.0,1.0,90.8,1.62,2.0,0,1
4940,855513.0,1639.0,413.0,27.5,1.0,6.6,92.4,1.02,2.0,0,1
4941,820444.0,1870.0,415.0,24.4,9.0,1.0,90.9,1.2,2.0,0,1
4942,664880.0,1779.0,430.0,40.5,31.0,5.8,94.9,1.74,2.0,0,1
4943,1083547.0,2803.0,1426.0,12.8,13.0,9.4,96.8,0.6,2.0,0,1
4944,820969.0,3351.0,1415.0,68.9,20.0,23.55,97.6,1.17,2.0,0,1
4945,954429.0,2483.0,734.0,23.9,21.0,2.9,97.1,1.72,2.0,0,1
4946,740041.0,2930.0,1138.0,28.7,74.5,10.3,92.1,1.25,2.0,0,1
4947,547825.0,1649.0,200.0,25.7,74.0,9.8,94.1,1.21,2.0,0,1
4948,741785.0,1991.0,1045.0,43.2,31.0,1.8,98.0,1.66,2.0,0,1
4949,647673.0,2670.0,656.0,58.4,56.0,16.4,92.8,1.68,2.0,0,1
4950,579039.0,1559.0,754.0,43.7,37.0,9.3,92.4,1.45,2.0,0,1
4951,848485.0,2365.0,1041.0,46.7,33.0,0.5,92.4,0.95,2.0,0,1
4952,1045574.0,2847.0,1493.0,36.4,32.0,5.8,94.6,1.36,2.0,0,1
4953,1050836.0,2934.0,345.0,10.6,29.0,1.3,96.1,1.7,2.0,0,1
4954,846745.0,999.0,200.0,9.5,4.0,10.5,89.8,1.7,2.0,0,1
4955,788414.0,1356.0,200.0,4.6,5.0,2.5,96.4,1.66,2.0,0,1
4956,1061383.0,2088.0,435.0,45.6,2.0,4.6,89.4,1.1,2.0,0,1
4957,844210.0,1525.0,994.0,26.2,5.0,4.7,96.2,1.26,2.0,0,1
4958,1098640.0,3150.0,862.0,15.4,32.0,4.3,84.0,1.6,2.0,0,1
4959,714114.0,2190.0,530.0,6.2,45.0,17.6,93.4,1.32,2.0,0,1
4960,507000.0,1623.0,437.0,33.8,6.0,23.55,96.5,1.93,2.0,0,1
4961,1006942.0,2714.0,420.0,1.5,20.0,5.7,91.4,1.56,2.0,0,1
4962,524239.0,1734.0,578.0,36.8,20.0,14.3,92.3,2.11,1.0,0,1
4963,421907.0,1039.0,200.0,62.3,24.0,7.8,91.0,1.79,2.0,0,1
4964,794068.0,1697.0,236.0,15.3,14.0,7.3,97.7,1.18,2.0,0,1
4965,873967.0,2339.0,342.0,15.6,2.0,4.2,95.1,1.39,2.0,0,1
4966,965694.0,3566.625,1314.0,43.5,74.5,6.3,96.6,2.08,2.0,0,1
4967,820922.0,2646.0,560.0,28.6,37.0,4.5,89.0,1.68,2.0,0,1
4968,579630.0,1171.0,267.0,18.5,55.0,23.55,92.8,1.52,2.0,0,1
4969,761103.0,1529.0,200.0,11.6,26.0,0.5,93.2,1.76,2.0,0,1
4970,840522.0,1978.0,933.0,8.9,7.0,2.6,91.3,0.92,2.0,0,1
4971,698795.0,1582.0,977.0,11.4,17.0,7.9,85.9,1.37,2.0,0,1
4972,890210.0,2670.0,670.0,58.7,36.0,15.6,93.7,1.14,2.0,0,1
4973,942451.0,1768.0,1400.0,17.3,12.0,0.5,94.8,1.3,2.0,0,1
4974,1041825.0,2800.0,1339.0,46.4,18.0,2.6,94.3,1.15,2.0,0,1
4975,850652.0,1461.0,277.0,56.5,2.0,5.9,84.4,2.05,2.0,0,1
4976,1034550.0,2605.0,1034.0,36.5,13.0,13.5,91.6,1.34,2.0,0,1
4977,686063.0,1989.0,253.0,71.7,3.0,8.0,94.5,1.33,2.0,0,1
4978,877217.0,2677.0,1103.0,35.7,8.0,23.55,91.9,0.85,2.0,0,1
4979,756995.0,2216.0,908.0,53.1,48.0,2.0,90.5,1.24,1.0,0,1
4980,433748.0,700.0,200.0,24.2,24.0,23.55,87.5,0.95,2.0,0,1
4981,766681.0,2264.0,1433.0,54.4,20.0,10.0,89.5,1.26,1.0,0,1
4982,974838.0,2668.0,1197.0,5.2,2.0,0.5,97.2,0.88,2.0,0,1
4983,881496.0,2508.0,672.0,24.8,13.0,3.7,94.4,1.2,2.0,0,1
4984,732808.0,1281.0,200.0,28.7,7.0,6.6,96.1,1.4,2.0,0,1
4985,577787.0,1111.0,494.0,23.0,0.0,0.5,95.0,0.82,2.0,0,1
4986,739737.0,1438.0,722.0,29.3,0.0,2.1,88.8,1.83,2.0,0,1
4987,675970.0,1783.0,738.0,45.2,67.0,1.1,96.3,1.96,2.0,0,1
4988,796743.0,1700.0,872.0,22.4,14.0,6.7,96.6,1.64,2.0,0,1
4989,671785.0,1711.0,750.0,43.8,35.0,0.5,96.0,1.09,1.0,0,1
4990,676627.0,1801.0,467.0,19.2,74.5,17.8,86.2,1.2,2.0,0,1
4991,746604.0,1378.0,437.0,20.7,9.0,2.2,90.2,0.8,2.0,0,1
4992,737646.0,1295.0,200.0,53.2,2.0,1.0,94.9,0.86,2.0,0,1
4993,718145.0,2248.0,321.0,37.0,11.0,7.7,93.7,1.22,2.0,0,1
4994,747502.0,1838.0,837.0,25.7,32.0,10.8,97.0,1.01,2.0,0,1
4995,615864.0,1138.0,721.0,44.0,35.0,4.9,90.4,0.93,2.0,0,1
4996,584225.0,700.0,289.0,23.5,1.0,1.0,90.0,1.4,2.0,0,1
4997,713800.0,1506.0,679.0,15.6,16.0,13.7,95.9,1.57,2.0,0,1
4998,589750.0,1560.0,200.0,16.3,14.0,0.6,88.5,1.58,2.0,0,1
4999,888889.0,1800.0,1139.0,12.7,34.0,3.5,93.7,1.09,2.0,0,1
5000,1011628.0,1605.0,496.0,6.5,20.0,0.5,98.4,1.4,2.0,0,1
5001,857060.0,2403.0,1347.0,13.6,54.0,1.6,94.5,1.16,1.0,0,1
5002,663451.0,1329.0,200.0,15.1,60.0,19.5,92.1,0.89,1.0,0,1
5003,722576.0,1618.0,566.0,13.5,5.0,23.55,93.7,1.39,2.0,0,1
5004,696728.0,767.0,200.0,13.1,22.0,3.9,96.8,1.85,2.0,0,1
5005,917827.0,2524.0,639.0,2.8,66.0,3.8,94.4,1.91,2.0,0,1
5006,614005.0,1450.0,278.0,28.7,48.0,14.5,90.1,1.54,2.0,0,1
5007,924626.0,2233.0,588.0,4.0,8.0,17.5,94.9,0.86,2.0,0,1
5008,725532.0,1538.0,1085.0,38.7,13.0,6.6,84.6,1.83,2.0,0,1
5009,973377.0,2222.0,1383.0,10.2,6.0,5.4,88.0,1.52,2.0,0,1
5010,620541.0,806.0,200.0,18.4,0.0,2.7,99.0,1.22,2.0,0,1
5011,846780.0,1174.0,399.0,10.8,24.0,5.6,90.2,1.28,2.0,0,1
5012,846957.0,1507.0,605.0,11.0,10.0,3.3,99.0,1.69,2.0,0,1
5013,1036813.0,2993.0,1609.0,35.5,19.0,4.0,93.3,1.48,2.0,0,1
5014,761975.0,2053.0,848.0,31.9,56.0,8.1,91.6,1.28,2.0,0,1
5015,866630.0,2669.0,1017.0,55.7,23.0,0.5,93.0,1.46,2.0,0,1
5016,998604.0,2223.0,309.0,3.8,20.0,2.2,93.4,1.59,1.0,0,1
5017,891135.0,1700.0,933.0,40.6,2.0,0.5,93.0,1.54,2.0,0,1
5018,551248.0,1267.0,309.0,40.1,24.0,5.8,89.0,1.01,2.0,0,1
5019,928349.0,2333.0,776.0,24.9,25.0,8.9,87.5,1.52,2.0,0,1
5020,719470.0,1684.0,929.0,12.6,5.0,6.0,98.6,2.08,2.0,0,1
5021,898368.0,1812.0,772.0,23.9,5.0,2.6,98.0,1.19,2.0,0,1
5022,738839.0,1167.0,220.0,33.4,13.0,1.9,88.4,1.18,2.0,0,1
5023,929468.0,1907.0,260.0,12.4,74.5,9.5,93.7,1.63,2.0,0,1
5024,781511.0,1960.0,1157.0,65.2,17.0,7.4,99.0,0.9,2.0,0,1
5025,1087212.0,3032.0,1376.0,35.5,8.0,0.5,96.5,1.2,2.0,0,1
5026,698369.0,1028.0,200.0,16.1,5.0,0.6,90.0,1.37,2.0,0,1
5027,783317.0,1013.0,673.0,21.4,29.0,4.1,94.7,1.56,2.0,0,1
5028,1015103.0,3220.0,984.0,31.6,42.0,8.1,91.0,1.18,2.0,0,1
5029,723456.0,1578.0,411.0,7.2,21.0,23.55,91.9,1.81,2.0,0,1
5030,526356.0,1220.0,891.0,4.3,9.0,5.8,91.7,1.15,1.0,0,1
5031,1199565.125,3566.625,1488.0,14.3,14.0,1.8,97.3,1.15,2.0,0,1
5032,500486.0,1025.0,450.0,30.7,37.0,13.2,91.3,1.89,2.0,0,1
5033,1002459.0,3566.625,1153.0,5.4,74.5,23.55,90.6,1.71,2.0,0,1
5034,1003693.0,3566.625,1181.0,73.6625,36.0,6.6,90.3,1.13,2.0,0,1
5035,719102.0,1117.0,200.0,29.8,31.0,17.7,97.5,1.85,2.0,0,1
5036,879273.0,1812.0,1256.0,21.9,58.0,1.9,91.4,1.29,2.0,0,1
5037,500703.0,1145.0,358.0,19.2,66.0,18.5,93.5,2.09,2.0,0,1
5038,707508.0,2124.0,727.0,11.1,46.0,0.5,92.1,1.97,2.0,0,1
5039,827650.0,2224.0,750.0,34.0,57.0,0.5,94.3,1.55,2.0,0,1
5040,796589.0,1651.0,444.0,33.5,10.0,2.9,94.5,1.56,2.0,0,1
5041,841242.0,2858.0,200.0,21.0,54.0,16.6,86.9,0.5,2.0,0,1
5042,1070990.0,2958.0,1801.5,7.6,31.0,5.9,93.5,1.18,2.0,0,1
5043,843508.0,2374.0,625.0,28.1,55.0,0.8,97.7,1.15,2.0,0,1
5044,767290.0,1289.0,465.0,18.8,19.0,1.2,89.4,1.18,2.0,0,1
5045,926012.0,2289.0,846.0,7.8,2.0,23.55,92.1,1.42,2.0,0,1
5046,1199565.125,3566.625,1134.0,31.3,16.0,1.0,97.8,2.05,2.0,0,1
5047,654290.0,1041.0,444.0,5.4,8.0,7.7,92.2,1.0,2.0,0,1
5048,874377.0,2485.0,780.0,19.9,46.0,23.55,92.5,1.22,2.0,0,1
5049,582219.0,1721.0,1052.0,32.0,20.0,1.3,98.4,1.22,2.0,0,1
5050,1199565.125,3055.0,1033.0,12.4,6.0,0.5,97.6,1.33,2.0,0,1
5051,613891.0,1083.0,200.0,26.4,38.0,6.1,84.0,1.33,2.0,0,1
5052,638521.0,1554.0,546.0,48.8,19.0,21.3,95.6,1.82,2.0,0,1
5053,716095.0,1237.0,200.0,31.3,50.0,9.1,92.7,1.98,2.0,0,1
5054,747684.0,1509.0,911.0,28.7,26.0,10.4,89.6,1.63,1.0,0,1
5055,738355.0,1749.0,1045.0,12.9,7.0,2.1,93.7,0.99,2.0,0,1
5056,657622.0,1822.0,912.0,34.5,59.0,2.4,94.6,2.05,2.0,0,1
5057,601223.0,1230.0,678.0,47.4,34.0,0.5,90.4,1.75,2.0,0,1
5058,775188.0,1530.0,310.0,5.5,37.0,12.3,94.2,0.73,2.0,0,1
5059,1199565.125,3308.0,1415.0,20.4,11.0,3.5,86.3,1.51,2.0,0,1
5060,659810.0,1346.0,200.0,18.6,37.0,2.1,95.3,0.95,2.0,0,1
5061,880622.0,2084.0,448.0,40.5,32.0,9.0,98.5,1.84,2.0,0,1
5062,1056162.0,2940.0,865.0,37.3,12.0,4.3,92.6,1.22,2.0,0,1
5063,623540.0,1269.0,457.0,20.9,12.0,12.8,95.9,1.25,2.0,0,1
5064,781005.0,1574.0,298.0,51.8,4.0,5.5,88.2,1.53,2.0,0,1
5065,1079928.0,3566.625,919.0,51.6,58.0,6.9,95.6,1.67,2.0,0,1
5066,926980.0,2226.0,693.0,24.8,20.0,6.0,93.5,1.24,2.0,0,1
5067,876223.0,1688.0,200.0,18.7,14.0,0.5,91.8,1.68,2.0,0,1
5068,901968.0,1796.0,789.0,10.5,4.0,2.9,96.6,2.08,2.0,0,1
5069,805708.0,2423.0,688.0,31.8,14.0,11.9,91.0,1.93,2.0,0,1
5070,799985.0,1624.0,691.0,45.9,40.0,11.7,99.0,1.28,2.0,0,1
5071,885578.0,1755.0,734.0,13.7,4.0,5.5,96.4,0.85,2.0,0,1
5072,873338.0,1589.0,941.0,28.7,16.0,2.4,95.7,1.54,2.0,0,1
5073,816885.0,1429.0,681.0,34.8,1.0,7.8,93.9,1.62,2.0,0,1
5074,903742.0,2086.0,550.0,14.2,13.0,4.0,94.0,1.52,2.0,0,1
5075,686409.0,2234.0,970.0,22.0,74.5,2.1,90.7,1.18,2.0,0,1
5076,622856.0,1255.0,905.0,70.3,7.0,0.5,94.0,0.61,2.0,0,1
5077,581296.0,1056.0,200.0,32.9,6.0,6.0,95.0,2.05,2.0,0,1
5078,685595.0,1218.0,200.0,16.5,4.0,6.7,93.3,1.46,2.0,0,1
5079,922995.0,2661.0,543.0,37.0,6.0,3.6,89.5,1.24,2.0,0,1
5080,1023377.0,2988.0,457.0,36.7,1.0,8.4,94.3,1.18,2.0,0,1
5081,761100.0,1557.0,750.0,2.0,18.0,3.5,93.6,1.42,2.0,0,1
5082,1040508.0,2586.0,807.0,11.0,1.0,11.8,91.1,1.62,2.0,0,1
5083,868486.0,2407.0,1375.0,19.4,4.0,1.4,95.7,1.42,2.0,0,1
5084,725549.0,1215.0,566.0,30.9,2.0,13.7,90.0,1.72,2.0,0,1
5085,734979.0,1979.0,468.0,18.5,19.0,20.2,91.5,0.9,2.0,0,1
5086,862925.0,2711.0,1162.0,56.6,8.0,5.8,86.1,1.41,2.0,0,1
5087,1021378.0,1773.0,501.0,8.8,5.0,2.0,99.0,1.14,2.0,0,1
5088,854387.0,1785.0,200.0,45.8,1.0,0.5,89.7,1.04,2.0,0,1
5089,517110.0,1145.0,210.0,36.6,15.0,4.4,93.5,1.56,2.0,0,1
5090,794646.0,1995.0,562.0,31.1,40.0,2.4,91.4,2.15,2.0,0,1
5091,654873.0,1414.0,200.0,10.4,30.0,1.9,96.0,2.0,2.0,0,1
5092,663023.0,1345.0,200.0,13.6,26.0,2.9,91.4,1.28,2.0,0,1
5093,769440.0,1957.0,975.0,26.5,42.0,0.6,88.0,1.25,2.0,0,1
5094,612139.0,1824.0,678.0,65.1,37.0,10.6,95.4,1.42,2.0,0,1
5095,660670.0,1673.0,629.0,11.2,17.0,2.8,95.7,1.56,2.0,0,1
5096,490214.0,1110.0,332.0,54.8,12.0,12.5,90.7,0.93,2.0,0,1
5097,724715.0,2002.0,538.0,26.6,74.5,4.3,96.8,1.53,2.0,0,1
5098,1199565.125,3566.625,1134.0,51.6,32.0,0.5,90.7,2.08,2.0,0,1
5099,663270.0,1376.0,314.0,23.7,11.0,16.0,91.4,2.18,2.0,0,1
5100,789640.0,1816.0,416.0,4.5,7.0,8.4,92.8,1.51,2.0,0,1
5101,764177.0,1791.0,342.0,28.7,27.0,9.6,91.8,1.26,2.0,0,1
5102,642548.0,1633.0,405.0,28.7,35.0,3.6,88.5,1.51,2.0,0,1
5103,574609.0,1632.0,339.0,52.5,6.0,3.8,93.7,1.68,2.0,0,1
5104,1002426.0,2526.0,1031.0,27.9,11.0,18.0,93.5,0.98,2.0,0,1
5105,906119.0,1603.0,768.0,25.6,37.0,5.8,94.1,1.73,2.0,0,1
5106,742654.0,1453.0,949.0,4.2,23.0,8.3,94.9,2.07,2.0,0,1
5107,808269.0,1231.0,1083.0,19.3,62.0,0.5,98.0,0.99,2.0,0,1
5108,857612.0,2180.0,796.0,49.0,23.0,8.5,98.2,0.75,2.0,0,1
5109,1120789.0,3566.625,557.0,14.2,32.0,18.6,94.2,1.83,2.0,0,1
5110,849360.0,1212.0,200.0,0.3,2.0,0.5,93.2,1.98,2.0,0,1
5111,847618.0,1835.0,1122.0,27.8,27.0,2.4,92.2,1.55,2.0,0,1
5112,811592.0,2095.0,1187.0,1.0,51.0,3.7,88.5,1.27,2.0,0,1
5113,615884.0,1111.0,467.0,20.5,7.0,23.55,98.7,1.45,2.0,0,1
5114,805401.0,1477.0,200.0,13.5,22.0,2.1,97.3,0.94,2.0,0,1
5115,730210.0,1033.0,800.0,12.7,44.0,0.5,89.7,0.5,2.0,0,1
5116,748313.0,1328.0,615.0,49.6,9.0,4.2,92.4,1.6,2.0,0,1
5117,791683.0,2170.0,937.0,20.6,54.0,6.5,94.7,0.5,2.0,0,1
5118,741378.0,2019.0,748.0,43.2,8.0,14.5,93.3,0.91,2.0,0,1
5119,683562.0,1262.0,502.0,19.5,66.0,1.4,95.1,1.43,2.0,0,1
5120,590209.0,1270.0,509.0,7.1,74.5,11.4,99.0,1.77,2.0,0,1
5121,1135876.0,3566.625,1368.0,6.1,9.0,15.6,83.54999999999998,1.27,2.0,0,1
5122,945300.0,3331.0,914.0,31.6,1.0,15.7,98.3,1.21,2.0,0,1
5123,991445.0,2063.0,884.0,25.8,7.0,0.5,94.0,1.95,2.0,0,1
5124,1039747.0,2762.0,1129.0,16.1,15.0,0.8,92.7,1.36,2.0,0,1
5125,629375.0,1760.0,277.0,20.1,56.0,4.9,93.9,1.37,2.0,0,1
5126,856773.0,2776.0,1169.0,41.9,11.0,4.6,94.7,0.87,2.0,0,1
5127,763734.0,1773.0,1437.0,56.0,12.0,4.8,87.2,1.45,2.0,0,1
5128,915180.0,2422.0,852.0,19.6,2.0,17.0,92.7,1.87,2.0,0,1
5129,651064.0,1456.0,200.0,12.7,6.0,0.6,93.3,1.29,2.0,0,1
5130,808223.0,1938.0,1561.0,41.6,27.0,6.0,84.8,1.1,2.0,0,1
5131,953291.0,2740.0,752.0,45.9,15.0,8.3,93.3,1.56,2.0,0,1
5132,673526.0,1515.0,488.0,14.4,2.0,2.6,86.9,1.45,2.0,0,1
5133,705866.0,1441.0,200.0,10.9,20.0,8.4,94.2,1.51,2.0,0,1
5134,696217.0,1457.0,228.0,19.3,27.0,6.9,92.1,1.95,2.0,0,1
5135,638452.0,832.0,370.0,36.0,2.0,3.0,93.8,1.22,2.0,0,1
5136,942033.0,2261.0,1023.0,27.8,11.0,0.5,96.0,1.16,2.0,0,1
5137,705388.0,1209.0,1334.0,5.8,10.0,13.3,95.4,1.79,1.0,0,1
5138,691336.0,1677.0,754.0,17.6,58.0,4.6,94.5,1.4,2.0,0,1
5139,772453.0,2112.0,815.0,36.5,9.0,23.55,97.1,1.12,2.0,0,1
5140,624838.0,1854.0,591.0,51.9,41.0,6.0,96.7,1.57,2.0,0,1
5141,962885.0,1997.0,1222.0,2.8,1.0,1.0,94.1,0.58,2.0,0,1
5142,569233.0,1668.0,573.0,34.7,50.0,5.9,95.3,1.63,2.0,0,1
5143,797617.0,1229.0,609.0,27.1,20.0,8.5,91.2,1.51,2.0,0,1
5144,635852.0,1368.0,730.0,13.5,16.0,7.1,92.0,1.18,2.0,0,1
5145,828922.0,1581.0,955.0,41.2,30.0,1.4,97.3,0.93,2.0,0,1
5146,970494.0,2458.0,1243.0,24.0,6.0,12.8,89.2,0.77,2.0,0,1
5147,666661.0,1193.0,200.0,3.8,19.0,10.7,92.7,1.75,2.0,0,1
5148,749825.0,1169.0,221.0,43.6,6.0,5.6,87.4,1.51,2.0,0,1
5149,976024.0,2184.0,730.0,23.4,51.0,2.7,91.8,1.11,2.0,0,1
5150,769217.0,1410.0,200.0,14.1,37.0,3.7,94.9,1.41,2.0,0,1
5151,666347.0,906.0,200.0,43.5,1.0,3.2,93.3,0.92,2.0,0,1
5152,704382.0,2326.0,841.0,57.0,74.5,13.8,93.9,1.22,1.0,0,1
5153,887413.0,2011.0,881.0,8.5,6.0,8.9,99.0,1.69,2.0,0,1
5154,527226.0,1052.0,200.0,51.9,5.0,18.6,95.5,1.04,2.0,0,1
5155,784772.0,1653.0,1195.0,17.0,20.0,4.2,91.5,1.12,2.0,0,1
5156,778063.0,2023.0,532.0,22.4,10.0,10.3,93.8,1.26,2.0,0,1
5157,799994.0,1137.0,200.0,24.4,12.0,4.8,88.1,1.2,2.0,0,1
5158,996503.0,2637.0,1143.0,37.9,21.0,0.5,95.2,1.66,2.0,0,1
5159,1031721.0,2595.0,1171.0,22.3,45.0,2.4,86.9,1.22,2.0,0,1
5160,715217.0,1815.0,853.0,52.2,3.0,11.9,93.6,1.11,2.0,0,1
5161,738964.0,1592.0,951.0,20.2,44.0,20.3,97.4,1.4,2.0,0,1
5162,661381.0,1352.0,1174.0,22.2,23.0,12.1,93.0,1.07,2.0,0,1
5163,951501.0,2047.0,921.0,28.2,38.0,5.2,94.9,1.44,2.0,0,1
5164,817887.0,2241.0,914.0,16.7,12.0,2.8,85.7,1.34,2.0,0,1
5165,697636.0,1463.0,216.0,32.8,27.0,0.9,93.0,0.78,2.0,0,1
5166,763064.0,1959.0,832.0,28.7,6.0,5.6,91.7,1.37,2.0,0,1
5167,737678.0,1537.0,970.0,25.8,21.0,17.1,89.2,1.75,2.0,0,1
5168,675707.0,1927.0,708.0,21.5,19.0,8.9,89.9,1.49,2.0,0,1
5169,720061.0,2244.0,809.0,71.0,28.0,0.8,92.5,1.35,2.0,0,1
5170,656567.0,1358.0,762.0,41.5,26.0,1.5,98.1,1.8,2.0,0,1
5171,839003.0,1443.0,535.0,3.4,8.0,0.9,98.2,1.59,2.0,0,1
5172,580895.0,1779.0,557.0,38.8,30.0,23.55,98.0,1.55,2.0,0,1
5173,747090.0,1502.0,528.0,16.7,2.0,1.5,90.7,1.06,2.0,0,1
5174,704137.0,1047.0,530.0,39.9,8.0,0.5,98.8,1.17,2.0,0,1
5175,883175.0,2129.0,450.0,46.7,15.0,0.5,97.0,1.29,2.0,0,1
5176,803097.0,1181.0,200.0,7.2,12.0,4.7,91.9,0.9,2.0,0,1
5177,656571.0,1918.0,909.0,50.5,0.0,2.6,91.7,0.5,2.0,0,1
5178,598068.0,1338.0,275.0,16.9,29.0,5.6,90.4,1.29,2.0,0,1
5179,750511.0,1587.0,1161.0,24.3,16.0,9.5,88.9,1.83,2.0,0,1
5180,790875.0,1920.0,672.0,21.3,5.0,7.4,91.4,1.48,2.0,0,1
5181,838669.0,2480.0,1244.0,34.8,28.0,7.6,93.1,1.5,2.0,0,1
5182,818549.0,1728.0,321.0,26.5,11.0,4.3,94.5,1.45,2.0,0,1
5183,679116.0,1441.0,200.0,17.6,17.0,3.3,96.7,1.7,2.0,0,1
5184,1034231.0,3308.0,1058.0,32.5,13.0,3.5,92.0,1.33,2.0,0,1
5185,1023284.0,1769.0,872.0,12.2,3.0,0.5,97.4,0.97,2.0,0,1
5186,706136.0,991.0,200.0,1.8,11.0,1.1,92.2,2.04,2.0,0,1
5187,685943.0,1621.0,574.0,41.0,27.0,6.5,89.4,2.3,2.0,0,1
5188,1124896.0,3505.0,1219.0,36.8,28.0,2.4,89.5,1.68,2.0,0,1
5189,1064032.0,3180.0,1233.0,12.4,15.0,2.9,94.3,1.24,2.0,0,1
5190,646585.0,1996.0,908.0,27.5,74.5,7.7,86.6,1.06,2.0,0,1
5191,584928.0,1059.0,200.0,51.8,18.0,15.3,99.0,2.28,2.0,0,1
5192,970401.0,3018.0,1325.0,30.6,9.0,1.0,92.0,1.45,2.0,0,1
5193,787321.0,1455.0,200.0,69.8,23.0,0.8,96.8,0.76,2.0,0,1
5194,647338.0,1486.0,684.0,18.3,21.0,23.55,90.5,1.62,2.0,0,1
5195,650795.0,1400.0,407.0,36.5,10.0,12.6,93.8,1.4,2.0,0,1
5196,744000.0,2132.0,391.0,55.8,12.0,1.7,89.2,1.42,2.0,0,1
5197,653470.0,1342.0,446.0,1.2,26.0,14.0,89.4,1.72,2.0,0,1
5198,867882.0,2113.0,672.0,30.8,19.0,3.4,95.4,1.38,1.0,0,1
5199,656293.0,1467.0,212.0,19.9,7.0,18.2,90.6,1.44,2.0,0,1
5200,730433.0,1781.0,499.0,8.5,30.0,2.0,99.0,1.0,2.0,0,1
5201,827301.0,1425.0,392.0,24.8,25.0,0.5,92.5,1.44,2.0,0,1
5202,578847.0,857.0,200.0,32.9,15.0,3.7,94.0,1.16,2.0,0,1
5203,870374.0,1456.0,394.0,25.5,5.0,9.5,96.8,1.35,2.0,0,1
5204,682667.0,700.0,259.0,9.5,46.0,0.5,95.1,1.25,2.0,0,1
5205,541107.0,1891.0,536.0,45.5,32.0,13.8,88.5,1.9,1.0,0,1
5206,596743.0,1941.0,582.0,30.2,74.5,5.5,95.6,0.98,2.0,0,1
5207,1199565.125,3566.625,1488.0,12.7,21.0,8.7,93.3,0.71,2.0,0,1
5208,616829.0,868.0,200.0,27.0,2.0,3.3,95.6,1.28,2.0,0,1
5209,756450.0,1628.0,200.0,22.4,6.0,10.6,92.6,0.8,2.0,0,1
5210,943686.0,2020.0,365.0,20.3,7.0,5.5,92.6,1.44,2.0,0,1
5211,893564.0,2341.0,1722.0,22.3,55.0,9.5,92.7,1.83,2.0,0,1
5212,780869.0,1212.0,200.0,49.7,28.0,4.3,95.3,0.91,2.0,0,1
5213,920909.0,2795.0,960.0,46.4,14.0,1.3,91.8,1.61,2.0,0,1
5214,873449.0,2041.0,254.0,40.9,29.0,17.4,94.6,1.55,2.0,0,1
5215,752489.0,2347.0,570.0,50.8,5.0,17.0,91.6,0.85,2.0,0,1
5216,715938.0,1693.0,863.0,23.6,26.0,15.2,92.5,1.22,2.0,0,1
5217,907799.0,1681.0,635.0,33.1,2.0,2.5,89.6,1.57,2.0,0,1
5218,771945.0,1760.0,402.0,48.2,30.0,5.5,93.4,1.25,2.0,0,1
5219,777791.0,1859.0,477.0,57.4,7.0,9.6,89.8,1.38,2.0,0,1
5220,867070.0,2446.0,725.0,24.2,40.0,21.1,98.2,1.19,2.0,0,1
5221,680652.0,1457.0,787.0,69.9,18.0,4.0,90.3,1.74,2.0,0,1
5222,803003.0,1854.0,851.0,11.4,23.0,5.8,93.4,1.6,1.0,0,1
5223,655581.0,2363.0,200.0,24.4,74.5,2.8,92.7,0.94,2.0,0,1
5224,820959.0,1657.0,719.0,37.0,56.0,4.6,92.4,1.75,2.0,0,1
5225,842486.0,1474.0,1056.0,14.6,5.0,1.3,94.8,0.71,2.0,0,1
5226,790321.0,1978.0,200.0,47.0,9.0,13.0,89.9,1.58,2.0,0,1
5227,659362.0,1115.0,200.0,36.0,26.0,2.1,87.1,1.59,2.0,0,1
5228,620714.0,1868.0,200.0,14.8,9.0,14.0,94.8,1.85,1.0,0,1
5229,638931.0,1339.0,200.0,9.5,15.0,1.7,92.8,1.51,1.0,0,1
5230,770033.0,1212.0,1315.0,32.1,31.0,2.8,95.3,1.48,2.0,0,1
5231,1113706.0,3060.0,888.0,25.5,4.0,1.1,96.2,1.35,1.0,0,1
5232,689119.0,1290.0,609.0,36.1,22.0,6.1,91.3,1.48,2.0,0,1
5233,736927.0,1970.0,664.0,10.8,8.0,0.5,88.9,2.05,2.0,0,1
5234,818398.0,2023.0,673.0,27.1,56.0,3.9,91.6,0.51,2.0,0,1
5235,1199565.125,3485.0,1205.0,4.6,59.0,3.4,97.7,1.34,2.0,0,1
5236,600695.0,1104.0,683.0,22.2,6.0,1.4,92.4,1.41,2.0,0,1
5237,652888.0,700.0,200.0,24.4,26.0,17.7,93.4,1.82,2.0,0,1
5238,894049.0,2183.0,839.0,6.7,31.0,6.2,91.7,1.7,2.0,0,1
5239,708606.0,1531.0,721.0,27.5,7.0,6.3,93.1,1.92,2.0,0,1
5240,827332.0,1559.0,737.0,26.1,52.0,4.4,92.6,1.53,2.0,0,1
5241,694968.0,1571.0,722.0,20.2,39.0,0.8,90.4,1.3,2.0,0,1
5242,807164.0,1924.0,279.0,39.6,0.0,8.0,94.8,0.96,2.0,0,1
5243,828432.0,1506.0,200.0,27.2,15.0,3.7,92.9,1.37,2.0,0,1
5244,604534.0,753.0,414.0,25.3,22.0,6.3,97.8,1.03,2.0,0,1
5245,637958.0,1430.0,200.0,6.2,23.0,23.55,93.2,1.68,2.0,0,1
5246,843794.0,1597.0,467.0,14.2,17.0,10.4,96.9,1.42,2.0,0,1
5247,869256.0,2229.0,895.0,9.6,15.0,6.2,92.7,1.76,2.0,0,1
5248,738328.0,1466.0,479.0,20.9,23.0,4.2,90.2,1.18,2.0,0,1
5249,725125.0,2312.0,1394.0,38.9,2.0,23.55,94.8,1.47,2.0,0,1
5250,784994.0,1600.0,675.0,21.4,1.0,17.6,89.7,1.14,2.0,0,1
5251,926228.0,2089.0,1087.0,48.4,3.0,10.6,94.5,0.85,2.0,0,1
5252,649665.0,1404.0,880.0,27.1,74.5,4.9,93.5,1.1,2.0,0,1
5253,697381.0,1627.0,948.0,15.1,50.0,11.0,91.7,1.83,2.0,0,1
5254,758373.0,2014.0,762.0,50.3,17.0,3.4,98.9,1.74,2.0,0,1
5255,947873.0,3187.0,589.0,11.4,47.0,13.6,89.8,0.96,2.0,0,1
5256,700876.0,1217.0,406.0,62.1,0.0,3.9,97.9,1.22,2.0,0,1
5257,935018.0,2758.0,1147.0,30.7,45.0,11.0,92.5,1.67,2.0,0,1
5258,889413.0,2085.0,621.0,42.6,1.0,3.5,90.6,1.47,2.0,0,1
5259,641588.0,1330.0,697.0,35.5,66.0,4.3,92.8,1.1,2.0,0,1
5260,1026835.0,2592.0,1378.0,48.0,21.0,0.8,95.9,1.99,2.0,0,1
5261,884848.0,2428.0,528.0,54.6,37.0,11.3,94.7,1.56,2.0,0,1
5262,709840.0,1394.0,650.0,34.3,14.0,5.4,97.2,1.62,2.0,0,1
5263,493127.0,1145.0,352.0,41.8,74.5,4.2,91.2,2.2,2.0,0,1
5264,855152.0,1199.0,592.0,47.9,8.0,0.5,95.7,1.46,2.0,0,1
5265,609953.0,1179.0,589.0,60.2,20.0,14.7,90.5,1.66,2.0,0,1
5266,824655.0,1382.0,652.0,36.0,18.0,2.1,84.9,1.57,2.0,0,1
5267,937287.0,3213.0,837.0,57.0,51.0,19.4,91.4,1.66,2.0,0,1
5268,635807.0,1453.0,481.0,42.8,34.0,1.4,96.8,1.68,2.0,0,1
5269,959009.0,2138.0,848.0,35.9,63.0,7.9,98.8,0.79,2.0,0,1
5270,1023607.0,2332.0,603.0,14.5,0.0,0.8,87.3,1.74,2.0,0,1
5271,814793.0,1745.0,1297.0,37.7,10.0,3.7,91.5,1.24,2.0,0,1
5272,579184.0,1259.0,467.0,41.9,2.0,13.8,99.0,1.46,2.0,0,1
5273,782999.0,1639.0,920.0,14.9,21.0,0.8,91.9,1.59,2.0,0,1
5274,721487.0,855.0,200.0,20.0,5.0,3.9,94.7,1.89,2.0,0,1
5275,906384.0,2094.0,609.0,7.6,32.0,2.3,92.6,1.34,2.0,0,1
5276,623359.0,1405.0,867.0,27.7,45.0,3.9,88.6,1.13,2.0,0,1
5277,600476.0,1732.0,497.0,14.9,2.0,6.1,92.4,1.71,2.0,0,1
5278,643547.0,1251.0,683.0,41.8,24.0,6.8,91.7,2.12,2.0,0,1
5279,927496.0,1870.0,902.0,9.7,18.0,2.0,95.7,1.59,2.0,0,1
5280,970443.0,2866.0,772.0,37.0,4.0,0.6,91.2,1.28,2.0,0,1
5281,739886.0,2009.0,763.0,14.8,15.0,3.4,93.7,1.25,2.0,0,1
5282,563711.0,1412.0,514.0,47.8,74.5,8.5,93.8,1.61,2.0,0,1
5283,520312.0,975.0,573.0,25.5,32.0,23.55,92.7,1.63,2.0,0,1
5284,796618.0,1570.0,308.0,9.0,6.0,15.6,99.0,1.22,2.0,0,1
5285,589873.0,1293.0,1336.0,47.5,9.0,7.7,97.9,1.33,2.0,0,1
5286,1034587.0,2227.0,909.0,8.7,4.0,17.5,90.2,1.9,2.0,0,1
5287,680837.0,1135.0,200.0,18.6,22.0,7.8,94.9,1.04,2.0,0,1
5288,651903.0,2362.0,637.0,53.9,2.0,23.55,94.2,2.23,2.0,0,1
5289,733137.0,1267.0,200.0,2.5,5.0,0.8,86.5,1.75,2.0,0,1
5290,680312.0,1370.0,659.0,28.1,0.0,0.5,91.7,1.39,2.0,0,1
5291,679750.0,1184.0,558.0,23.2,15.0,10.3,92.9,1.59,2.0,0,1
5292,633058.0,1560.0,705.0,7.2,37.0,13.3,93.9,0.96,2.0,0,1
5293,857674.0,2310.0,578.0,41.2,27.0,5.2,99.0,1.88,2.0,0,1
5294,737491.0,1921.0,788.0,73.6625,45.0,4.1,92.5,1.63,2.0,0,1
5295,815503.0,1946.0,223.0,9.5,5.0,3.2,97.1,1.85,2.0,0,1
5296,1064007.0,2816.0,1154.0,29.6,8.0,15.3,97.9,1.53,2.0,0,1
5297,1053630.0,2467.0,1318.0,26.3,1.0,0.5,94.1,0.99,2.0,0,1
5298,708290.0,1192.0,415.0,3.7,12.0,9.9,93.3,1.36,2.0,0,1
5299,918925.0,3226.0,373.0,15.9,12.0,14.0,88.3,0.85,2.0,0,1
5300,856626.0,3068.0,1505.0,23.4,11.0,20.9,93.2,1.4,1.0,0,1
5301,960764.0,2329.0,1242.0,32.7,10.0,4.2,96.4,1.51,2.0,0,1
5302,865883.0,2317.0,855.0,52.1,8.0,4.8,97.9,1.37,2.0,0,1
5303,582447.0,1246.0,631.0,33.8,38.0,1.9,87.3,1.52,2.0,0,1
5304,767876.0,1988.0,483.0,48.4,9.0,6.5,89.1,1.81,2.0,0,1
5305,985198.0,2788.0,944.0,34.9,20.0,0.6,91.0,1.35,2.0,0,1
5306,705098.0,1237.0,200.0,15.0,9.0,3.3,94.3,0.95,2.0,0,1
5307,785583.0,2499.0,737.0,14.8,72.0,7.3,85.1,1.58,2.0,0,1
5308,608020.0,1004.0,579.0,39.9,72.0,4.5,99.0,1.57,2.0,0,1
5309,854380.0,1950.0,841.0,30.8,26.0,2.3,89.1,0.96,2.0,0,1
5310,776162.0,1403.0,903.0,37.8,10.0,1.7,89.5,1.03,2.0,0,1
5311,972394.0,2727.0,509.0,12.2,31.0,11.5,99.0,1.67,2.0,0,1
5312,876034.0,2272.0,268.0,43.5,3.0,9.4,93.1,0.93,2.0,0,1
5313,621957.0,2257.0,520.0,49.8,74.5,2.8,95.7,1.6,2.0,0,1
5314,874070.0,1326.0,524.0,16.3,7.0,3.5,93.2,1.61,2.0,0,1
5315,559916.0,1306.0,525.0,51.8,4.0,1.7,92.2,1.44,2.0,0,1
5316,718411.0,1887.0,754.0,38.1,15.0,12.2,94.3,1.38,2.0,0,1
5317,748698.0,1331.0,1186.0,30.8,36.0,6.6,95.8,1.41,2.0,0,1
5318,808673.0,1445.0,389.0,22.8,44.0,6.8,92.6,1.6,2.0,0,1
5319,995107.0,2814.0,1379.0,47.7,37.0,8.2,92.9,1.67,2.0,0,1
5320,833139.0,2680.0,1163.0,30.3,13.0,7.5,98.7,1.52,2.0,0,1
5321,914597.0,1942.0,1133.0,12.4,9.0,2.2,91.5,1.61,2.0,0,1
5322,946012.0,2610.0,675.0,18.0,19.0,4.7,91.7,1.33,2.0,0,1
5323,1054510.0,2666.0,1342.0,10.2,4.0,3.5,98.6,1.1,2.0,0,1
5324,720541.0,1928.0,893.0,35.9,30.0,5.5,90.1,1.83,2.0,0,1
5325,731670.0,1312.0,747.0,36.7,28.0,9.7,92.6,1.5,2.0,0,1
5326,717028.0,1047.0,200.0,7.7,0.0,11.8,90.9,1.83,2.0,0,1
5327,835217.0,1970.0,545.0,24.3,2.0,4.0,90.1,1.43,2.0,0,1
5328,650118.0,1798.0,211.0,29.5,9.0,2.8,96.7,1.52,2.0,0,1
5329,1058316.0,2478.0,558.0,21.1,2.0,8.4,96.7,1.29,2.0,0,1
5330,978148.0,2201.0,1005.0,31.8,39.0,6.7,96.8,1.36,2.0,0,1
5331,1034202.0,3375.0,1346.0,46.7,6.0,17.4,94.6,1.06,2.0,0,1
5332,506685.0,854.0,315.0,34.2,52.0,3.5,91.4,1.29,2.0,0,1
5333,844500.0,2113.0,545.0,21.2,1.0,23.55,92.2,1.28,2.0,0,1
5334,681063.0,1884.0,894.0,38.6,53.0,6.2,95.6,1.29,2.0,0,1
5335,803834.0,1185.0,346.0,15.4,2.0,13.3,97.7,0.95,2.0,0,1
5336,637199.0,1258.0,462.0,19.3,1.0,1.0,83.54999999999998,1.3,2.0,0,1
5337,763737.0,1632.0,632.0,3.2,45.0,5.2,88.9,2.11,2.0,0,1
5338,496901.0,1284.0,200.0,44.5,50.0,4.1,92.8,1.3,2.0,0,1
5339,708419.0,1395.0,759.0,39.8,4.0,23.55,98.6,0.78,2.0,0,1
5340,1104236.0,2579.0,776.0,12.7,30.0,4.0,92.9,1.52,2.0,0,1
5341,876355.0,2651.0,790.0,33.9,48.0,5.1,91.9,1.17,2.0,0,1
5342,603321.0,1890.0,627.0,43.8,26.0,6.9,93.7,2.08,2.0,0,1
5343,623365.0,1359.0,1246.0,27.4,22.0,12.8,93.5,1.49,1.0,0,1
5344,672853.0,1754.0,1081.0,29.8,12.0,11.9,95.8,1.52,2.0,0,1
5345,844958.0,1753.0,342.0,39.8,2.0,2.8,96.7,1.07,2.0,0,1
5346,762956.0,1562.0,371.0,28.0,22.0,0.7,92.8,1.16,2.0,0,1
5347,878353.0,2197.0,1010.0,28.5,11.0,5.1,88.9,0.84,1.0,0,1
5348,762896.0,1936.0,738.0,1.6,18.0,23.55,91.4,1.16,2.0,0,1
5349,883132.0,1494.0,463.0,16.9,1.0,3.0,92.4,1.32,2.0,0,1
5350,973971.0,2922.0,1052.0,17.3,74.0,4.4,93.3,1.83,2.0,0,1
5351,903865.0,3139.0,595.0,18.7,3.0,21.5,90.4,1.27,2.0,0,1
5352,687786.0,1572.0,662.0,17.4,44.0,1.7,91.3,1.16,2.0,0,1
5353,595009.0,1557.0,506.0,8.4,50.0,19.1,94.4,1.14,2.0,0,1
5354,1079385.0,3566.625,1117.0,21.9,60.0,8.0,91.2,1.76,2.0,0,1
5355,683578.0,2635.0,1228.0,14.7,38.0,23.55,85.1,1.68,2.0,0,1
5356,715534.0,1535.0,1071.0,29.0,4.0,15.2,93.5,1.1,2.0,0,1
5357,701436.0,1667.0,852.0,25.5,71.0,2.1,89.9,1.24,2.0,0,1
5358,777404.0,1743.0,1128.0,17.4,35.0,3.0,92.2,0.5,2.0,0,1
5359,889278.0,1750.0,246.0,4.2,11.0,13.9,92.9,1.7,2.0,0,1
5360,748342.0,1833.0,753.0,36.9,15.0,0.7,96.4,1.26,2.0,0,1
5361,778039.0,1242.0,489.0,19.6,2.0,3.2,93.9,0.79,2.0,0,1
5362,779704.0,1401.0,613.0,8.8,13.0,4.8,96.4,1.45,2.0,0,1
5363,847651.0,2535.0,810.0,12.5,32.0,1.6,86.7,1.21,2.0,0,1
5364,639336.0,1264.0,200.0,21.2,4.0,6.2,93.4,1.25,2.0,0,1
5365,504078.0,1302.0,452.0,16.3,74.5,4.5,94.5,1.45,1.0,0,1
5366,918330.0,1670.0,628.0,26.3,43.0,0.9,90.0,0.89,2.0,0,1
5367,822544.0,1688.0,526.0,9.5,67.0,3.3,96.5,1.1,1.0,0,1
5368,795671.0,1829.0,375.0,7.6,7.0,5.1,88.8,1.04,2.0,0,1
5369,774089.0,1762.0,462.0,26.2,56.0,17.5,95.0,1.13,2.0,0,1
5370,566239.0,1493.0,716.0,20.4,4.0,10.3,85.9,1.54,2.0,0,1
5371,712806.0,2096.0,679.0,6.8,20.0,23.55,90.4,1.89,2.0,0,1
5372,861467.0,2126.0,723.0,8.2,31.0,0.5,95.5,1.82,2.0,0,1
5373,877361.0,1284.0,200.0,18.4,48.0,2.5,95.0,1.49,2.0,0,1
5374,1102360.0,3184.0,921.0,22.2,67.0,2.4,92.7,1.33,2.0,0,1
5375,622688.0,1194.0,647.0,12.1,4.0,7.7,95.1,1.86,2.0,0,1
5376,568326.0,1680.0,213.0,57.9,22.0,13.5,93.9,1.39,2.0,0,1
5377,738791.0,948.0,595.0,29.9,21.0,3.8,91.4,1.47,2.0,0,1
5378,540475.0,1246.0,443.0,29.9,6.0,23.55,90.1,1.54,2.0,0,1
5379,1060491.0,3040.0,1064.0,23.6,4.0,1.0,90.8,1.33,2.0,0,1
5380,795755.0,1736.0,702.0,13.6,56.0,4.2,91.0,1.78,2.0,0,1
5381,824826.0,2449.0,744.0,41.7,18.0,19.1,85.3,1.48,2.0,0,1
5382,881774.0,2289.0,721.0,13.6,18.0,23.55,90.4,1.54,2.0,0,1
5383,719030.0,1778.0,1028.0,18.5,43.0,1.7,90.8,1.9,2.0,0,1
5384,734319.0,1494.0,701.0,41.4,21.0,1.0,92.0,1.33,2.0,0,1
5385,638818.0,1040.0,200.0,14.3,62.0,23.4,94.0,1.49,2.0,0,1
5386,701025.0,1780.0,200.0,9.2,74.5,0.9,93.6,1.51,2.0,0,1
5387,619632.0,1142.0,200.0,52.8,15.0,3.3,88.9,1.04,2.0,0,1
5388,796181.0,1381.0,402.0,50.7,18.0,7.4,90.7,1.47,2.0,0,1
5389,915392.0,2734.0,928.0,34.3,17.0,0.5,95.0,1.48,2.0,0,1
5390,933224.0,1950.0,869.0,23.1,0.0,2.4,99.0,1.57,2.0,0,1
5391,835563.0,1440.0,487.0,21.7,31.0,2.1,94.5,1.38,2.0,0,1
5392,550067.0,1353.0,200.0,41.2,34.0,8.3,93.9,1.16,2.0,0,1
5393,1150915.0,3566.625,1447.0,11.5,45.0,5.5,91.3,1.3,2.0,0,1
5394,691340.0,1845.0,401.0,19.9,74.5,0.9,88.8,1.17,2.0,0,1
5395,893550.0,2616.0,509.0,34.6,67.0,4.9,93.4,1.39,2.0,0,1
5396,801829.0,2224.0,1271.0,10.1,27.0,9.7,92.8,2.3,2.0,0,1
5397,747372.0,1072.0,1415.0,16.7,42.0,3.9,89.3,1.35,2.0,0,1
5398,501819.0,1280.0,455.0,33.4,15.0,16.2,91.1,2.26,2.0,0,1
5399,814888.0,2561.0,1160.0,17.0,11.0,9.3,92.5,1.79,2.0,0,1
5400,870546.0,2025.0,983.0,28.2,10.0,3.8,97.5,1.07,2.0,0,1
5401,837623.0,1662.0,737.0,22.5,16.0,1.1,92.9,1.64,2.0,0,1
5402,692777.0,1349.0,910.0,39.9,26.0,13.6,90.8,1.76,2.0,0,1
5403,652510.0,1370.0,581.0,36.9,74.5,14.5,98.5,0.84,2.0,0,1
5404,919760.0,2629.0,1198.0,6.8,17.0,0.7,95.2,1.54,2.0,0,1
5405,810352.0,1557.0,653.0,26.1,33.0,1.9,83.54999999999998,1.62,2.0,0,1
5406,828986.0,2328.0,986.0,32.2,11.0,8.9,89.5,1.39,2.0,0,1
5407,712044.0,1630.0,767.0,27.8,24.0,10.6,95.0,1.14,2.0,0,1
5408,845710.0,2735.0,1097.0,4.8,6.0,8.3,84.3,1.81,2.0,0,1
5409,850962.0,2462.0,947.0,62.9,11.0,23.55,95.3,1.57,2.0,0,1
5410,655094.0,2036.0,703.0,68.2,74.5,2.7,95.2,1.28,2.0,0,1
5411,637281.0,901.0,200.0,34.3,18.0,0.5,93.3,1.61,2.0,0,1
5412,542597.0,1049.0,444.0,17.5,60.0,19.4,90.8,1.34,2.0,0,1
5413,975327.0,2218.0,1452.0,3.0,3.0,1.3,95.3,1.45,2.0,0,1
5414,581046.0,1442.0,469.0,46.3,4.0,3.9,90.4,1.67,2.0,0,1
5415,911790.0,1976.0,1177.0,8.2,11.0,12.5,95.9,1.13,2.0,0,1
5416,696283.0,1513.0,200.0,4.5,2.0,2.1,88.2,1.57,2.0,0,1
5417,651881.0,1689.0,521.0,51.0,23.0,3.1,91.8,0.91,2.0,0,1
5418,705287.0,1273.0,363.0,23.0,21.0,11.0,87.6,1.49,2.0,0,1
5419,576054.0,1355.0,583.0,73.6625,14.0,19.5,90.7,1.74,2.0,0,1
5420,689171.0,1348.0,606.0,12.5,51.0,4.5,91.1,1.84,2.0,0,1
5421,792615.0,1904.0,832.0,1.5,19.0,16.2,91.2,1.03,2.0,0,1
5422,583732.0,1159.0,200.0,35.9,64.0,16.5,93.4,1.56,2.0,0,1
5423,804910.0,1207.0,314.0,40.7,2.0,0.5,91.6,1.08,2.0,0,1
5424,901438.0,1847.0,771.0,56.9,13.0,2.3,94.0,1.31,2.0,0,1
5425,778121.0,1847.0,873.0,61.1,30.0,23.55,85.6,1.23,2.0,0,1
5426,440715.0,1708.0,771.0,47.5,74.5,1.6,90.8,1.48,1.0,0,1
5427,688329.0,1216.0,593.0,40.9,8.0,11.5,94.6,1.04,2.0,0,1
5428,736941.0,1337.0,1023.0,47.4,0.0,0.8,98.1,1.2,2.0,0,1
5429,918250.0,2415.0,891.0,23.4,23.0,0.9,86.2,1.6,2.0,0,1
5430,707373.0,1612.0,952.0,19.2,10.0,10.4,91.9,1.9,2.0,0,1
5431,840942.0,2022.0,661.0,63.0,12.0,2.0,90.8,1.51,2.0,0,1
5432,751928.0,1665.0,399.0,10.8,66.0,4.4,84.5,0.88,2.0,0,1
5433,739391.0,1343.0,201.0,13.1,21.0,4.9,96.9,1.72,2.0,0,1
5434,938814.0,2088.0,1801.5,9.7,7.0,7.1,93.4,1.33,2.0,0,1
5435,846842.0,1986.0,652.0,37.1,3.0,10.4,90.5,0.98,2.0,0,1
5436,673989.0,853.0,602.0,29.0,13.0,0.5,94.7,2.12,2.0,0,1
5437,819862.0,1689.0,1269.0,12.1,36.0,10.0,93.7,1.73,2.0,0,1
5438,947241.0,3267.0,1069.0,12.2,9.0,6.9,88.6,0.74,2.0,0,1
5439,632902.0,1448.0,748.0,25.4,5.0,14.3,90.6,0.96,2.0,0,1
5440,857019.0,2142.0,1035.0,12.6,41.0,4.1,92.0,1.48,2.0,0,1
5441,560788.0,800.0,423.0,54.6,26.0,9.8,85.4,1.53,2.0,0,1
5442,846233.0,1894.0,1377.0,3.7,7.0,1.2,92.9,1.39,2.0,0,1
5443,769230.0,1402.0,200.0,14.2,11.0,3.6,92.6,1.89,2.0,0,1
5444,682356.0,1689.0,586.0,10.1,14.0,17.3,96.9,1.92,2.0,0,1
5445,770016.0,1466.0,200.0,32.5,16.0,2.6,94.3,1.47,2.0,0,1
5446,829173.0,1413.0,200.0,9.4,4.0,1.8,92.6,1.54,2.0,0,1
5447,493461.0,904.0,200.0,37.7,18.0,17.6,94.0,1.0,2.0,0,1
5448,1048086.0,3566.625,999.0,35.4,65.0,1.5,92.4,1.55,1.0,0,1
5449,924312.0,1793.0,1104.0,3.5,23.0,2.0,95.2,0.79,2.0,0,1
5450,514935.0,1354.0,269.0,10.2,14.0,23.55,95.9,1.74,2.0,0,1
5451,908114.0,2556.0,1349.0,27.4,24.0,5.5,95.6,1.09,2.0,0,1
5452,580640.0,968.0,285.0,42.8,2.0,23.55,85.1,1.7,2.0,0,1
5453,819883.0,2123.0,855.0,43.9,10.0,11.6,98.5,1.27,2.0,0,1
5454,482217.0,871.0,200.0,43.9,2.0,9.1,92.7,0.94,2.0,0,1
5455,751934.0,1606.0,200.0,49.8,12.0,3.8,95.0,0.98,2.0,0,1
5456,724217.0,1194.0,200.0,19.5,22.0,6.7,93.6,1.79,2.0,0,1
5457,868202.0,2011.0,773.0,9.6,22.0,8.6,99.0,1.05,2.0,0,1
5458,960245.0,1805.0,1508.0,46.2,3.0,14.8,98.0,1.69,2.0,0,1
5459,841484.0,1939.0,457.0,60.4,17.0,0.9,92.8,1.14,2.0,0,1
5460,824878.0,1271.0,200.0,10.7,10.0,0.6,91.7,1.34,2.0,0,1
5461,750580.0,1261.0,1004.0,26.7,1.0,0.5,87.9,0.94,1.0,0,1
5462,778587.0,2154.0,200.0,48.6,9.0,2.1,95.3,1.54,2.0,0,1
5463,856278.0,1822.0,564.0,12.1,20.0,0.5,93.1,1.66,2.0,0,1
5464,900570.0,2391.0,915.0,17.3,2.0,3.1,89.0,0.91,2.0,0,1
5465,820627.0,2085.0,624.0,24.5,27.0,8.8,90.7,1.4,2.0,0,1
5466,697233.0,1863.0,906.0,28.3,66.0,22.2,90.4,1.1,2.0,0,1
5467,682894.0,1189.0,858.0,27.7,13.0,5.4,92.6,1.84,2.0,0,1
5468,688421.0,1424.0,307.0,37.5,12.0,1.5,92.3,1.22,2.0,0,1
5469,746196.0,2130.0,360.0,41.0,20.0,9.9,92.5,0.5,2.0,0,1
5470,921249.0,2587.0,849.0,44.6,32.0,7.0,94.8,1.5,2.0,0,1
5471,709856.0,1566.0,200.0,6.9,7.0,13.2,94.1,1.7,2.0,0,1
5472,857113.0,2776.0,616.0,58.7,0.0,7.6,95.1,1.2,2.0,0,1
5473,816711.0,2056.0,510.0,18.8,26.0,8.3,90.8,1.93,2.0,0,1
5474,764071.0,2536.0,986.0,15.1,22.0,8.6,90.6,1.36,2.0,0,1
5475,819446.0,1114.0,326.0,17.2,24.0,0.5,96.5,1.69,2.0,0,1
5476,862695.0,2637.0,1558.0,37.1,74.5,5.5,97.7,1.88,2.0,0,1
5477,608498.0,1708.0,200.0,69.8,22.0,4.8,97.4,1.2,2.0,0,1
5478,374768.125,1090.0,200.0,14.4,48.0,23.55,85.7,1.27,2.0,0,1
5479,667902.0,1498.0,940.0,26.8,53.0,2.8,94.4,2.06,2.0,0,1
5480,618888.0,1222.0,267.0,48.7,69.0,6.2,89.3,1.05,2.0,0,1
5481,666928.0,1681.0,200.0,41.9,14.0,12.1,87.9,1.39,2.0,0,1
5482,1081853.0,3211.0,1178.0,40.8,48.0,0.8,93.7,1.48,2.0,0,1
5483,593821.0,1107.0,457.0,28.0,24.0,6.6,88.7,0.98,2.0,0,1
5484,946712.0,2732.0,495.0,60.1,9.0,8.4,93.4,1.16,2.0,0,1
5485,859037.0,1960.0,972.0,14.1,40.0,6.9,96.6,1.94,2.0,0,1
5486,800201.0,1680.0,883.0,4.7,17.0,16.4,92.5,1.83,2.0,0,1
5487,599220.0,1760.0,663.0,61.7,31.0,10.2,92.9,1.13,2.0,0,1
5488,581844.0,835.0,421.0,30.7,23.0,6.6,93.7,1.2,2.0,0,1
5489,594610.0,1482.0,291.0,13.5,10.0,23.55,92.8,1.63,2.0,0,1
5490,1066013.0,3228.0,1648.0,9.1,15.0,12.2,98.8,2.06,2.0,0,1
5491,634071.0,1294.0,631.0,18.9,63.0,14.2,94.5,2.08,2.0,0,1
5492,710412.0,1943.0,433.0,20.3,1.0,7.8,88.1,2.09,2.0,0,1
5493,611657.0,1746.0,645.0,41.8,36.0,13.1,89.4,1.38,2.0,0,1
5494,746609.0,1642.0,730.0,16.4,25.0,19.7,96.6,1.21,2.0,0,1
5495,926297.0,1600.0,547.0,14.4,56.0,0.5,93.9,1.3,2.0,0,1
5496,982088.0,2116.0,871.0,46.6,13.0,0.5,88.0,0.94,2.0,0,1
5497,610895.0,1191.0,200.0,15.0,5.0,1.1,89.3,1.18,2.0,0,1
5498,1123007.0,3073.0,857.0,9.4,3.0,1.6,91.6,1.55,2.0,0,1
5499,832239.0,2456.0,1190.0,19.9,1.0,18.2,92.7,1.31,2.0,0,1
5500,669290.0,1374.0,944.0,31.1,25.0,4.5,92.2,0.51,2.0,0,1
5501,734145.0,1461.0,209.0,7.7,32.0,2.1,85.8,1.41,2.0,0,1
5502,880220.0,2478.0,1159.0,48.2,3.0,0.5,94.8,1.39,2.0,0,1
5503,648270.0,1150.0,484.0,8.8,24.0,18.9,88.8,0.8,2.0,0,1
5504,1038169.0,3566.625,1801.5,20.2,7.0,5.2,96.0,1.65,2.0,0,1
5505,824454.0,1742.0,393.0,18.8,12.0,1.9,87.1,1.6,2.0,0,1
5506,961461.0,2661.0,1291.0,16.5,28.0,12.2,91.9,1.94,2.0,0,1
5507,576560.0,1393.0,869.0,38.8,2.0,3.2,94.6,1.28,2.0,0,1
5508,607613.0,2007.0,870.0,73.6625,63.0,13.0,95.1,1.37,2.0,0,1
5509,412001.0,929.0,200.0,17.8,38.0,13.8,94.8,1.32,2.0,0,1
5510,978513.0,2828.0,1074.0,17.7,55.0,0.6,94.6,1.39,2.0,0,1
5511,642027.0,1566.0,483.0,37.0,22.0,7.0,83.54999999999998,1.32,2.0,0,1
5512,715034.0,2039.0,1115.0,57.6,4.0,7.1,88.1,1.36,2.0,0,1
5513,789596.0,1486.0,200.0,13.8,19.0,8.8,98.0,1.94,2.0,0,1
5514,648828.0,1526.0,328.0,45.4,3.0,2.4,93.0,1.51,2.0,0,1
5515,916271.0,1818.0,446.0,38.0,1.0,8.0,92.3,1.44,2.0,0,1
5516,649425.0,870.0,277.0,35.9,7.0,0.5,90.7,1.41,2.0,0,1
5517,769119.0,1609.0,379.0,8.9,0.0,0.6,95.6,1.37,2.0,0,1
5518,811468.0,2042.0,284.0,23.6,12.0,12.0,98.9,1.6,2.0,0,1
5519,665831.0,1780.0,808.0,29.3,74.5,2.1,96.5,1.08,2.0,0,1
5520,677879.0,1101.0,200.0,10.6,6.0,17.3,89.6,1.79,2.0,0,1
5521,749089.0,1275.0,200.0,30.2,30.0,14.1,94.8,1.3,2.0,0,1
5522,774356.0,1751.0,383.0,43.2,44.0,6.7,94.5,1.72,2.0,0,1
5523,709287.0,1470.0,200.0,6.3,53.0,8.3,95.1,1.06,2.0,0,1
5524,616447.0,1094.0,737.0,44.5,13.0,11.4,95.4,1.43,2.0,0,1
5525,546873.0,941.0,267.0,35.2,5.0,13.7,94.9,1.49,2.0,0,1
5526,882617.0,1610.0,935.0,46.9,10.0,2.8,90.7,1.59,2.0,0,1
5527,1165306.0,3150.0,897.0,12.8,16.0,3.9,93.9,1.37,2.0,0,1
5528,731950.0,1666.0,363.0,26.1,41.0,9.8,93.7,1.11,2.0,0,1
5529,629990.0,1934.0,363.0,55.4,59.0,5.1,99.0,1.67,2.0,0,1
5530,911354.0,2353.0,654.0,24.7,74.0,15.7,96.3,1.54,2.0,0,1
5531,590143.0,1022.0,966.0,36.2,7.0,1.5,92.9,1.92,2.0,0,1
5532,786576.0,2066.0,570.0,44.6,3.0,0.6,91.1,1.56,2.0,0,1
5533,887514.0,2115.0,824.0,16.3,41.0,0.5,93.5,0.76,2.0,0,1
5534,846315.0,2106.0,357.0,30.9,4.0,13.3,96.5,0.99,2.0,0,1
5535,775762.0,1657.0,726.0,6.3,8.0,9.6,97.8,1.16,2.0,0,1
5536,889185.0,1985.0,1454.0,56.3,40.0,2.2,95.3,0.86,2.0,0,1
5537,643657.0,1290.0,614.0,47.7,8.0,23.55,93.8,1.6,2.0,0,1
5538,886730.0,2199.0,868.0,9.1,14.0,1.8,96.5,1.18,2.0,0,1
5539,424755.0,1051.0,612.0,53.0,37.0,11.5,88.2,1.52,2.0,0,1
5540,966298.0,2848.0,953.0,53.0,4.0,0.5,95.0,1.3,2.0,0,1
5541,901159.0,2959.0,1089.0,20.9,21.0,15.8,90.2,1.71,2.0,0,1
5542,945099.0,2217.0,1321.0,10.6,7.0,3.8,95.1,1.24,2.0,0,1
5543,957561.0,2888.0,1050.0,19.9,29.0,16.0,85.7,1.44,2.0,0,1
5544,735013.0,1960.0,200.0,18.9,1.0,2.9,94.6,1.48,1.0,0,1
5545,1090273.0,3106.0,1392.0,27.2,57.0,1.6,95.5,1.36,2.0,0,1
5546,833114.0,1535.0,200.0,24.3,4.0,9.7,94.8,1.65,2.0,0,1
5547,575905.0,1251.0,607.0,2.1,12.0,23.55,99.0,1.21,2.0,0,1
5548,587511.0,1392.0,200.0,20.8,74.5,13.4,89.7,1.48,2.0,0,1
5549,902869.0,1732.0,553.0,42.1,24.0,3.9,93.6,1.33,2.0,0,1
5550,668920.0,1765.0,473.0,50.2,32.0,0.9,94.8,1.14,2.0,0,1
5551,1134820.0,2459.0,1074.0,68.4,3.0,4.7,90.9,0.79,2.0,0,1
5552,956474.0,3194.0,1499.0,27.0,14.0,23.55,96.4,1.34,2.0,0,1
5553,609237.0,717.0,402.0,9.6,36.0,8.9,89.9,1.6,2.0,0,1
5554,904630.0,1386.0,942.0,5.8,43.0,0.5,91.0,1.67,2.0,0,1
5555,848026.0,1668.0,858.0,59.6,16.0,0.6,90.4,1.15,2.0,0,1
5556,856291.0,1808.0,604.0,36.5,14.0,5.0,88.0,1.38,2.0,0,1
5557,522886.0,947.0,553.0,41.0,11.0,10.0,92.3,1.15,2.0,0,1
5558,723700.0,2542.0,685.0,47.1,27.0,7.6,91.2,0.77,1.0,0,1
5559,833703.0,1596.0,641.0,35.8,23.0,0.5,89.5,1.26,2.0,0,1
5560,715644.0,1522.0,381.0,40.8,28.0,2.6,98.3,1.1,2.0,0,1
5561,1199565.125,3566.625,1140.0,18.6,7.0,0.5,95.9,0.87,2.0,0,1
5562,768290.0,1974.0,422.0,50.7,9.0,23.1,94.3,1.43,2.0,0,1
5563,612678.0,770.0,200.0,16.4,7.0,12.2,89.3,1.91,2.0,0,1
5564,858938.0,1513.0,200.0,11.9,13.0,11.1,93.6,1.52,2.0,0,1
5565,741752.0,1041.0,581.0,31.8,31.0,5.8,96.1,1.33,2.0,0,1
5566,677013.0,1960.0,744.0,38.2,1.0,14.4,85.8,0.91,2.0,0,1
5567,704944.0,1229.0,941.0,9.8,56.0,5.0,88.3,1.42,2.0,0,1
5568,856279.0,2140.0,1801.5,8.9,56.0,8.3,91.6,1.16,2.0,0,1
5569,632300.0,700.0,255.0,35.7,1.0,6.6,94.5,1.52,2.0,0,1
5570,787773.0,2380.0,879.0,26.8,22.0,22.3,91.0,1.23,2.0,0,1
5571,621291.0,939.0,200.0,39.5,24.0,23.55,88.9,0.86,2.0,0,1
5572,868810.0,2016.0,663.0,24.7,4.0,15.7,91.4,1.29,2.0,0,1
5573,849600.0,2419.0,1349.0,16.6,41.0,14.2,91.9,1.23,2.0,0,1
5574,860606.0,1113.0,755.0,0.9,24.0,3.3,99.0,1.71,2.0,0,1
5575,1184077.0,3462.0,1252.0,44.3,11.0,2.1,98.6,1.46,2.0,0,1
5576,808187.0,2148.0,1289.0,2.7,30.0,7.0,95.0,1.3,2.0,0,1
5577,499887.0,1191.0,719.0,69.3,74.5,2.4,94.2,1.35,2.0,0,1
5578,933554.0,2993.0,1294.0,33.4,74.5,9.5,88.6,1.31,2.0,0,1
5579,908866.0,2299.0,200.0,35.7,16.0,1.0,95.9,1.49,2.0,0,1
5580,1199565.125,3566.625,1300.0,23.9,11.0,8.1,95.6,1.58,2.0,0,1
5581,680496.0,1764.0,200.0,36.0,7.0,8.4,91.5,0.83,2.0,0,1
5582,660763.0,1954.0,608.0,13.9,0.0,1.1,89.5,1.28,1.0,0,1
5583,835220.0,2963.0,1169.0,47.1,6.0,12.8,96.9,1.21,2.0,0,1
5584,446340.0,1319.0,651.0,29.4,66.0,17.1,87.3,0.98,2.0,0,1
5585,831211.0,2552.0,1108.0,9.1,55.0,23.55,93.7,1.28,2.0,0,1
5586,966063.0,1763.0,1022.0,9.6,22.0,2.9,92.0,0.92,2.0,0,1
5587,817174.0,1719.0,436.0,37.6,7.0,4.7,91.6,1.2,2.0,0,1
5588,698676.0,1737.0,200.0,46.3,19.0,18.7,88.2,1.72,2.0,0,1
5589,915998.0,1921.0,762.0,28.5,74.5,6.2,91.9,1.72,2.0,0,1
5590,906632.0,3053.0,837.0,36.3,74.5,2.6,95.9,2.01,2.0,0,1
5591,795251.0,2225.0,918.0,20.2,54.0,19.7,91.3,1.65,2.0,0,1
5592,911544.0,2151.0,1350.0,5.0,11.0,4.8,93.5,2.22,2.0,0,1
5593,853996.0,1673.0,840.0,44.3,67.0,3.9,90.8,1.29,2.0,0,1
5594,827160.0,1881.0,1032.0,48.4,13.0,3.9,93.5,1.52,2.0,0,1
5595,473573.0,1116.0,415.0,12.2,47.0,9.6,94.1,1.5,1.0,0,1
5596,707225.0,1444.0,336.0,29.3,34.0,0.5,89.9,2.0,2.0,0,1
5597,501338.0,977.0,660.0,9.4,74.5,10.4,94.9,1.17,2.0,0,1
5598,764546.0,2140.0,975.0,32.0,4.0,0.6,92.6,1.11,2.0,0,1
5599,955344.0,2587.0,1435.0,37.6,34.0,1.2,96.7,1.23,2.0,0,1
5600,1059565.0,3263.0,1161.0,51.2,1.0,3.1,96.3,1.39,2.0,0,1
5601,858895.0,1564.0,700.0,17.0,37.0,0.6,93.3,1.38,2.0,0,1
5602,402302.0,874.0,200.0,19.6,74.5,22.5,92.2,1.43,2.0,0,1
5603,710934.0,1611.0,393.0,13.0,39.0,4.0,92.5,0.62,2.0,0,1
5604,1122298.0,2502.0,200.0,31.1,3.0,5.5,98.8,1.56,2.0,0,1
5605,658170.0,1817.0,763.0,34.2,16.0,23.55,94.4,1.05,2.0,0,1
5606,715840.0,1830.0,804.0,55.6,42.0,12.1,91.3,1.69,2.0,0,1
5607,701110.0,1650.0,896.0,42.1,11.0,0.5,93.3,1.88,2.0,0,1
5608,730567.0,1461.0,526.0,25.9,1.0,11.0,99.0,1.79,2.0,0,1
5609,1199565.125,3566.625,1117.0,11.9,9.0,0.5,93.1,1.28,2.0,0,1
5610,702639.0,1929.0,1000.0,17.5,7.0,4.0,90.4,1.33,2.0,0,1
5611,711776.0,2398.0,898.0,39.9,74.5,0.7,90.6,1.33,2.0,0,1
5612,827188.0,2016.0,865.0,49.2,32.0,6.5,86.4,1.16,2.0,0,1
5613,469060.0,1313.0,558.0,54.4,63.0,2.6,93.2,0.73,2.0,0,1
5614,984083.0,2504.0,1287.0,36.0,6.0,9.6,96.6,1.28,2.0,0,1
5615,817283.0,2421.0,884.0,25.3,1.0,5.0,85.3,1.43,2.0,0,1
5616,695818.0,1729.0,200.0,13.5,19.0,23.55,90.1,1.3,2.0,0,1
5617,800301.0,2446.0,1017.0,49.6,9.0,19.3,95.8,1.34,2.0,0,1
5618,991527.0,1762.0,763.0,8.1,5.0,13.7,87.3,1.55,2.0,0,1
5619,831518.0,1592.0,615.0,10.5,39.0,20.2,93.9,1.83,2.0,0,1
5620,680761.0,1313.0,818.0,7.9,1.0,17.3,92.9,0.87,2.0,0,1
5621,758669.0,1211.0,742.0,46.8,7.0,3.3,92.5,0.9,2.0,0,1
5622,834991.0,2035.0,363.0,11.2,17.0,9.6,90.8,1.34,2.0,0,1
5623,784107.0,1949.0,804.0,38.2,5.0,0.6,91.4,1.25,2.0,0,1
5624,763458.0,1479.0,660.0,26.2,25.0,6.1,88.6,1.1,2.0,0,1
5625,892886.0,1598.0,886.0,24.5,7.0,10.3,92.9,0.9,2.0,0,1
5626,723256.0,914.0,1435.0,9.6,18.0,5.3,97.7,1.6,2.0,0,1
5627,745004.0,1324.0,709.0,42.0,26.0,7.7,88.1,1.8,2.0,0,1
5628,776173.0,1514.0,818.0,17.5,17.0,2.4,86.7,1.05,2.0,0,1
5629,770188.0,2269.0,776.0,38.3,18.0,0.5,93.4,1.11,1.0,0,1
5630,809795.0,1201.0,881.0,16.5,26.0,1.4,88.5,1.0,2.0,0,1
5631,807701.0,2083.0,749.0,23.9,51.0,10.4,91.9,1.65,2.0,0,1
5632,848161.0,1869.0,878.0,18.7,10.0,6.0,98.3,1.42,2.0,0,1
5633,724254.0,2016.0,969.0,16.1,1.0,7.7,99.0,1.9,1.0,0,1
5634,984246.0,2178.0,1114.0,12.5,9.0,7.1,93.5,1.44,2.0,0,1
5635,1146164.0,3238.0,1226.0,27.2,30.0,22.7,95.9,1.39,2.0,0,1
5636,609605.0,842.0,337.0,55.6,4.0,0.5,94.8,1.6,2.0,0,1
5637,803316.0,2056.0,1192.0,11.7,41.0,1.6,96.0,1.15,2.0,0,1
5638,946971.0,2292.0,1111.0,16.2,11.0,5.5,91.7,1.12,2.0,0,1
5639,730828.0,1975.0,635.0,5.0,74.5,20.0,86.1,1.07,2.0,0,1
5640,920044.0,1757.0,1199.0,33.7,10.0,2.4,99.0,1.12,2.0,0,1
5641,758281.0,1465.0,200.0,11.6,53.0,6.8,98.7,1.52,2.0,0,1
5642,896283.0,2030.0,536.0,4.9,41.0,0.5,93.2,1.16,2.0,0,1
5643,773334.0,1315.0,261.0,18.3,17.0,5.9,99.0,0.66,2.0,0,1
5644,1071297.0,3566.625,1172.0,15.7,25.0,6.2,83.54999999999998,1.23,1.0,0,1
5645,1041182.0,2721.0,699.0,32.2,1.0,3.1,93.5,1.52,2.0,0,1
5646,763232.0,2145.0,1349.0,47.8,12.0,2.8,90.5,0.55,1.0,0,1
5647,743598.0,1619.0,838.0,57.9,58.0,3.3,95.9,1.4,2.0,0,1
5648,915163.0,2354.0,695.0,13.4,4.0,11.9,89.4,1.22,2.0,0,1
5649,850280.0,2049.0,854.0,25.5,8.0,23.55,86.0,1.02,2.0,0,1
5650,823970.0,1738.0,229.0,28.5,6.0,7.4,88.8,1.67,2.0,0,1
5651,845506.0,2078.0,1464.0,9.7,9.0,18.6,94.4,1.2,2.0,0,1
5652,1010952.0,2443.0,671.0,8.9,23.0,0.9,88.7,1.15,2.0,0,1
5653,914227.0,2264.0,969.0,3.7,40.0,5.8,88.1,1.4,2.0,0,1
5654,971156.0,2375.0,593.0,28.3,7.0,2.9,95.1,1.59,2.0,0,1
5655,1057159.0,2426.0,1059.0,8.7,12.0,8.6,98.3,1.79,2.0,0,1
5656,999552.0,3404.0,1365.0,31.6,41.0,10.0,94.2,2.0,2.0,0,1
5657,874901.0,2408.0,400.0,33.8,48.0,1.7,97.0,1.0,2.0,0,1
5658,708182.0,1795.0,642.0,20.7,27.0,2.1,95.2,1.26,2.0,0,1
5659,715470.0,1902.0,494.0,56.3,35.0,2.5,93.8,2.15,2.0,0,1
5660,525187.0,1228.0,748.0,47.7,31.0,17.7,91.4,0.96,2.0,0,1
5661,997444.0,2289.0,641.0,17.5,2.0,5.7,91.6,1.29,2.0,0,1
5662,691705.0,888.0,200.0,15.9,23.0,13.7,97.1,1.29,2.0,0,1
5663,717363.0,1319.0,671.0,40.5,19.0,4.2,98.5,1.57,2.0,0,1
5664,778201.0,2358.0,1084.0,8.9,74.5,17.5,93.5,1.18,2.0,0,1
5665,1097741.0,2799.0,1465.0,23.6,12.0,8.3,90.3,1.55,2.0,0,1
5666,807262.0,1174.0,200.0,6.8,25.0,1.3,93.6,1.48,2.0,0,1
5667,863352.0,2393.0,735.0,35.3,2.0,3.8,87.3,2.11,2.0,0,1
5668,924705.0,1883.0,519.0,17.6,2.0,5.0,94.3,1.0,2.0,0,1
5669,985461.0,2239.0,703.0,48.6,20.0,2.1,91.6,1.61,2.0,0,1
5670,975203.0,2302.0,971.0,33.8,31.0,11.8,92.5,1.88,2.0,0,1
5671,732641.0,1295.0,855.0,58.1,8.0,0.9,91.4,1.38,2.0,0,1
5672,791443.0,1962.0,746.0,38.0,74.5,10.5,99.0,1.81,2.0,0,1
5673,763981.0,1359.0,546.0,57.1,29.0,6.0,92.0,0.88,2.0,0,1
5674,797328.0,1477.0,1062.0,39.5,54.0,0.5,97.1,1.43,2.0,0,1
5675,777492.0,1823.0,1176.0,24.4,3.0,7.8,87.8,1.31,2.0,0,1
5676,933229.0,2129.0,1610.0,12.2,13.0,5.9,94.2,0.9,2.0,0,1
5677,701581.0,1244.0,424.0,20.8,65.0,0.5,92.8,1.82,2.0,0,1
5678,919506.0,2401.0,765.0,9.5,40.0,2.0,91.9,1.75,2.0,0,1
5679,782376.0,2294.0,679.0,58.5,31.0,9.6,94.0,1.89,2.0,0,1
5680,858089.0,1966.0,695.0,4.1,27.0,3.1,92.8,1.66,2.0,0,1
5681,1061327.0,3012.0,810.0,40.7,6.0,17.3,94.4,1.23,2.0,0,1
5682,561633.0,1086.0,200.0,19.5,41.0,13.7,91.2,1.29,2.0,0,1
5683,557905.0,1520.0,813.0,27.9,67.0,10.8,95.1,1.59,2.0,0,1
5684,834216.0,1749.0,1301.0,28.7,18.0,20.0,91.1,1.19,2.0,0,1
5685,656731.0,1776.0,842.0,34.8,21.0,9.5,92.2,1.43,2.0,0,1
5686,897014.0,2724.0,1241.0,26.0,30.0,1.9,88.8,1.57,2.0,0,1
5687,670621.0,1187.0,511.0,22.0,12.0,0.5,90.1,1.62,1.0,0,1
5688,894459.0,2517.0,1169.0,24.6,71.0,3.8,97.9,1.38,2.0,0,1
5689,857134.0,2141.0,402.0,25.2,5.0,15.8,96.5,1.3,2.0,0,1
5690,951398.0,3156.0,938.0,18.4,21.0,11.3,92.5,0.92,2.0,0,1
5691,838740.0,1863.0,864.0,49.8,6.0,0.5,91.6,1.44,2.0,0,1
5692,807092.0,1646.0,557.0,35.2,6.0,10.8,89.8,0.64,2.0,0,1
5693,787007.0,1657.0,433.0,31.0,21.0,5.8,95.0,1.9,2.0,0,1
5694,554900.0,1648.0,200.0,34.6,17.0,8.2,98.4,1.61,2.0,0,1
5695,626413.0,1810.0,739.0,41.6,59.0,1.9,90.0,0.91,1.0,0,1
5696,559718.0,996.0,237.0,47.2,5.0,1.8,88.8,0.88,2.0,0,1
5697,1199565.125,3566.625,1334.0,5.2,62.0,5.7,91.3,0.75,2.0,0,1
5698,931738.0,2325.0,200.0,42.8,4.0,4.0,93.9,1.69,2.0,0,1
5699,548158.0,1433.0,316.0,47.4,42.0,0.5,93.1,1.97,2.0,0,1
5700,746616.0,1708.0,317.0,34.7,12.0,7.1,99.0,1.56,2.0,0,1
5701,844216.0,1764.0,200.0,14.0,9.0,8.7,91.7,1.04,2.0,0,1
5702,872766.0,2262.0,469.0,31.7,28.0,5.3,96.4,1.95,2.0,0,1
5703,995028.0,2857.0,1029.0,17.7,6.0,7.1,95.6,0.65,2.0,0,1
5704,897933.0,1791.0,892.0,23.8,12.0,7.7,91.2,0.92,2.0,0,1
5705,819095.0,1854.0,1053.0,32.2,1.0,13.3,93.5,1.41,2.0,0,1
5706,812644.0,1860.0,1223.0,53.5,35.0,1.4,98.5,1.53,2.0,0,1
5707,667242.0,1432.0,669.0,23.7,4.0,6.3,94.8,1.22,2.0,0,1
5708,850419.0,1848.0,682.0,54.0,5.0,1.1,97.5,1.8,2.0,0,1
5709,858642.0,2707.0,1571.0,44.6,36.0,17.0,92.2,0.54,2.0,0,1
5710,645950.0,840.0,284.0,12.4,21.0,0.7,91.4,1.56,2.0,0,1
5711,788996.0,1479.0,569.0,27.5,51.0,1.3,99.0,1.44,2.0,0,1
5712,566357.0,2129.0,1143.0,12.1,36.0,14.2,96.5,1.11,2.0,0,1
5713,896288.0,2168.0,1278.0,34.6,22.0,0.9,95.1,2.11,2.0,0,1
5714,889670.0,1753.0,850.0,40.9,22.0,3.4,94.2,1.22,2.0,0,1
5715,1025214.0,2897.0,1081.0,41.5,10.0,0.5,89.4,1.28,2.0,0,1
5716,965151.0,2126.0,1434.0,23.8,10.0,4.4,94.5,0.72,2.0,0,1
5717,955506.0,3162.0,875.0,18.8,21.0,10.5,95.6,1.83,2.0,0,1
5718,888115.0,1949.0,478.0,19.4,29.0,0.5,91.9,1.73,2.0,0,1
5719,910817.0,1350.0,720.0,11.3,2.0,11.3,94.8,1.56,2.0,0,1
5720,695959.0,1175.0,747.0,27.0,2.0,5.5,89.8,2.06,2.0,0,1
5721,653453.0,1724.0,575.0,29.8,11.0,18.3,93.9,0.66,2.0,0,1
5722,673185.0,1240.0,596.0,13.0,34.0,1.8,84.7,1.58,2.0,0,1
5723,648367.0,1261.0,362.0,39.3,24.0,9.6,92.7,1.46,2.0,0,1
5724,788997.0,2255.0,269.0,18.3,53.0,1.6,86.1,2.15,2.0,0,1
5725,1063073.0,2830.0,1697.0,8.8,2.0,0.5,92.9,1.74,2.0,0,1
5726,1041839.0,3222.0,1444.0,4.4,64.0,9.0,95.0,1.33,2.0,0,1
5727,904931.0,2003.0,814.0,8.7,13.0,8.4,90.0,1.01,2.0,0,1
5728,743026.0,2211.0,766.0,10.9,72.0,12.9,93.1,1.66,2.0,0,1
5729,605913.0,1510.0,323.0,70.1,41.0,15.3,92.9,1.53,2.0,0,1
5730,877735.0,3080.0,814.0,13.1,2.0,0.8,89.0,1.58,2.0,0,1
5731,708515.0,2177.0,622.0,25.8,21.0,19.0,90.8,2.15,2.0,0,1
5732,854161.0,1802.0,268.0,7.3,30.0,16.4,90.6,1.52,2.0,0,1
5733,907868.0,2539.0,1312.0,47.2,65.0,0.5,90.3,2.15,2.0,0,1
5734,758773.0,1389.0,1636.0,19.5,1.0,1.3,94.2,1.34,2.0,0,1
5735,987011.0,2018.0,505.0,10.5,1.0,9.0,95.1,1.54,2.0,0,1
5736,745704.0,1681.0,200.0,47.6,16.0,23.55,97.9,0.78,2.0,0,1
5737,890810.0,2147.0,765.0,14.1,22.0,9.5,91.3,1.64,2.0,0,1
5738,798942.0,1724.0,750.0,52.5,25.0,1.4,99.0,1.6,2.0,0,1
5739,609524.0,1431.0,563.0,30.6,20.0,13.0,92.5,1.09,2.0,0,1
5740,425707.0,1296.0,802.0,34.6,74.5,4.6,93.6,1.41,2.0,0,1
5741,733458.0,1624.0,224.0,22.6,20.0,3.2,90.4,1.33,2.0,0,1
5742,1034785.0,3074.0,987.0,73.6625,14.0,5.3,88.8,1.8,2.0,0,1
5743,743297.0,1265.0,495.0,7.1,5.0,0.9,93.6,1.23,2.0,0,1
5744,958991.0,1874.0,772.0,13.2,5.0,4.6,88.8,1.54,2.0,0,1
5745,568077.0,827.0,370.0,21.0,3.0,5.8,92.8,1.35,2.0,0,1
5746,1127908.0,3191.0,888.0,43.2,41.0,12.3,97.3,1.12,2.0,0,1
5747,450497.0,863.0,200.0,55.1,10.0,0.8,91.7,1.48,2.0,0,1
5748,718199.0,1729.0,814.0,47.8,33.0,9.9,86.0,1.36,2.0,0,1
5749,874235.0,2135.0,281.0,32.5,7.0,1.7,89.2,1.32,2.0,0,1
5750,688194.0,1656.0,211.0,35.9,34.0,3.8,92.4,1.54,2.0,0,1
5751,725404.0,1901.0,520.0,26.3,10.0,6.7,93.9,1.5,2.0,0,1
5752,1143629.0,3566.625,758.0,36.4,14.0,15.2,87.5,1.91,2.0,0,1
5753,535477.0,1168.0,975.0,32.4,69.0,4.2,88.9,1.25,2.0,0,1
5754,861420.0,1543.0,270.0,11.4,19.0,1.9,94.8,1.31,2.0,0,1
5755,676326.0,1809.0,1153.0,47.3,9.0,3.8,94.1,1.32,2.0,0,1
5756,842925.0,2312.0,627.0,23.9,22.0,5.9,89.0,1.09,1.0,0,1
5757,1041713.0,2058.0,908.0,68.0,4.0,0.6,96.3,1.22,2.0,0,1
5758,668157.0,2144.0,449.0,33.5,40.0,11.3,93.3,1.47,2.0,0,1
5759,898425.0,1696.0,1046.0,9.0,6.0,1.5,99.0,1.74,2.0,0,1
5760,621122.0,871.0,200.0,55.9,1.0,0.5,85.1,1.72,2.0,0,1
5761,454864.0,1786.0,609.0,32.7,74.5,19.1,93.4,1.25,2.0,0,1
5762,610158.0,1176.0,384.0,63.1,10.0,5.8,91.0,0.87,2.0,0,1
5763,723849.0,1715.0,1353.0,6.7,1.0,6.9,96.6,1.52,1.0,0,1
5764,831466.0,1618.0,946.0,19.7,1.0,4.4,83.54999999999998,1.52,2.0,0,1
5765,609189.0,1126.0,200.0,47.1,18.0,4.4,96.4,1.28,2.0,0,1
5766,840876.0,1820.0,871.0,29.1,22.0,5.1,92.1,0.72,2.0,0,1
5767,636316.0,1667.0,510.0,67.6,2.0,23.55,97.4,1.28,2.0,0,1
5768,513797.0,1044.0,460.0,49.7,21.0,12.4,94.6,1.47,2.0,0,1
5769,991000.0,1826.0,487.0,20.1,31.0,1.9,92.4,1.86,2.0,0,1
5770,1000664.0,2588.0,1102.0,44.2,27.0,14.1,86.1,1.43,2.0,0,1
5771,696566.0,1238.0,216.0,28.5,9.0,3.8,96.2,1.43,2.0,0,1
5772,962200.0,2148.0,308.0,34.1,17.0,6.3,99.0,1.25,2.0,0,1
5773,785099.0,1854.0,415.0,21.9,10.0,6.7,90.0,1.42,2.0,0,1
5774,631838.0,1402.0,294.0,26.3,12.0,14.0,92.7,1.07,2.0,0,1
5775,723011.0,1406.0,397.0,24.9,5.0,13.5,88.6,1.22,2.0,0,1
5776,680022.0,1216.0,747.0,35.4,11.0,1.9,89.4,1.39,2.0,0,1
5777,1005869.0,2580.0,200.0,50.9,13.0,0.5,89.5,1.31,2.0,0,1
5778,904757.0,1963.0,1039.0,18.1,15.0,11.0,94.5,1.69,2.0,0,1
5779,716664.0,1255.0,1076.0,9.7,19.0,3.4,90.4,0.98,1.0,0,1
5780,555848.0,1101.0,214.0,6.0,57.0,8.9,98.5,1.85,2.0,0,1
5781,942354.0,3233.0,1322.0,28.5,2.0,17.1,91.0,1.41,2.0,0,1
5782,707259.0,1464.0,1073.0,28.5,33.0,2.7,89.3,1.27,2.0,0,1
5783,849910.0,1645.0,891.0,32.6,32.0,4.7,94.5,1.38,2.0,0,1
5784,926335.0,2291.0,1552.0,16.3,9.0,3.6,90.2,0.99,2.0,0,1
5785,743270.0,2097.0,977.0,33.9,54.0,3.5,86.2,1.98,2.0,0,1
5786,962221.0,2129.0,900.0,16.6,2.0,9.6,85.7,1.53,2.0,0,1
5787,920734.0,2323.0,510.0,25.4,7.0,3.9,87.6,0.81,2.0,0,1
5788,846578.0,2473.0,404.0,43.8,40.0,4.2,88.0,2.3449999999999998,2.0,0,1
5789,816414.0,1879.0,200.0,30.5,11.0,10.0,93.2,1.2,2.0,0,1
5790,810740.0,1723.0,208.0,20.8,28.0,9.0,95.2,1.19,2.0,0,1
5791,835052.0,1672.0,1423.0,48.2,4.0,0.5,90.1,1.7,2.0,0,1
5792,1127357.0,3566.625,1334.0,56.6,46.0,1.5,85.2,1.47,2.0,0,1
5793,930981.0,2531.0,957.0,43.2,8.0,2.1,95.1,1.36,2.0,0,1
5794,682467.0,1708.0,780.0,19.1,45.0,0.5,91.5,1.34,1.0,0,1
5795,838148.0,1377.0,324.0,31.4,11.0,0.8,92.9,1.68,2.0,0,1
5796,789296.0,2006.0,249.0,28.0,54.0,7.1,93.1,1.29,1.0,0,1
5797,1135468.0,3381.0,879.0,41.7,2.0,5.5,91.0,1.55,2.0,0,1
5798,571017.0,1141.0,922.0,21.6,44.0,11.4,99.0,1.74,1.0,0,1
5799,752052.0,1810.0,463.0,34.7,17.0,3.2,91.5,1.41,2.0,0,1
5800,745565.0,2047.0,504.0,33.2,48.0,8.1,92.8,1.07,1.0,0,1
5801,579464.0,1305.0,200.0,14.1,74.5,0.9,93.5,1.47,2.0,0,1
5802,986201.0,3299.0,833.0,35.0,25.0,18.0,89.6,1.59,2.0,0,1
5803,717427.0,1464.0,904.0,36.0,6.0,1.9,92.8,1.33,2.0,0,1
5804,602767.0,943.0,200.0,27.9,50.0,15.7,90.4,1.04,2.0,0,1
5805,855957.0,1897.0,200.0,24.3,4.0,1.2,96.4,1.42,2.0,0,1
5806,976317.0,1508.0,483.0,26.4,3.0,7.8,94.1,1.32,2.0,0,1
5807,671819.0,1257.0,200.0,65.5,16.0,4.6,95.2,1.06,2.0,0,1
5808,628802.0,1693.0,1000.0,36.4,20.0,15.1,93.9,1.29,2.0,0,1
5809,882014.0,2042.0,965.0,10.2,25.0,9.1,98.8,1.07,2.0,0,1
5810,542652.0,1504.0,795.0,31.3,53.0,2.5,91.4,2.19,2.0,0,1
5811,1199565.125,3566.625,1176.0,7.7,25.0,10.0,98.5,1.5,2.0,0,1
5812,717508.0,2221.0,648.0,43.6,49.0,0.5,90.8,1.31,2.0,0,1
5813,1199565.125,3389.0,1379.0,14.8,3.0,1.0,96.4,1.32,2.0,0,1
5814,678749.0,1104.0,509.0,36.6,15.0,4.2,92.5,1.25,2.0,0,1
5815,930860.0,1917.0,1019.0,42.1,19.0,7.6,91.5,1.39,2.0,0,1
5816,914728.0,2413.0,868.0,16.8,24.0,2.2,91.4,1.1,2.0,0,1
5817,936710.0,2341.0,208.0,8.6,4.0,0.5,91.2,0.99,2.0,0,1
5818,904813.0,2263.0,728.0,47.2,23.0,4.5,94.3,1.53,2.0,0,1
5819,846284.0,2398.0,1010.0,5.1,15.0,19.8,96.2,1.34,2.0,0,1
5820,720391.0,1284.0,1269.0,22.7,34.0,0.5,91.8,2.0,2.0,0,1
5821,664399.0,1491.0,573.0,5.9,11.0,23.55,87.2,1.81,2.0,0,1
5822,881802.0,1352.0,1126.0,16.2,5.0,2.7,93.7,2.09,2.0,0,1
5823,730869.0,1558.0,840.0,48.4,1.0,5.3,86.6,1.52,2.0,0,1
5824,727021.0,1390.0,917.0,46.1,11.0,1.1,97.3,1.34,2.0,0,1
5825,1027272.0,2638.0,1118.0,41.4,24.0,14.4,94.4,1.4,2.0,0,1
5826,1199565.125,3566.625,1801.5,6.3,29.0,0.5,92.0,0.87,2.0,0,1
5827,896032.0,1183.0,200.0,14.5,7.0,3.1,95.5,1.48,2.0,0,1
5828,598795.0,1438.0,200.0,59.9,5.0,1.7,96.4,1.47,1.0,0,1
5829,958420.0,2267.0,1292.0,38.0,65.0,0.5,91.0,1.09,2.0,0,1
5830,819183.0,2578.0,958.0,25.5,22.0,4.2,92.5,1.33,2.0,0,1
5831,893405.0,2082.0,200.0,15.8,12.0,1.1,96.9,1.0,2.0,0,1
5832,682461.0,1456.0,442.0,36.7,12.0,12.1,95.9,1.15,2.0,0,1
5833,913025.0,2475.0,1314.0,73.5,3.0,7.6,85.1,1.49,2.0,0,1
5834,819115.0,2112.0,530.0,22.3,23.0,7.2,91.8,1.06,2.0,0,1
5835,777052.0,1697.0,744.0,33.1,11.0,0.7,92.2,1.31,2.0,0,1
5836,874119.0,1851.0,526.0,22.4,1.0,5.9,89.5,1.49,2.0,0,1
5837,822071.0,2297.0,1394.0,47.7,15.0,6.2,91.1,1.4,2.0,0,1
5838,855212.0,1984.0,1538.0,19.2,16.0,6.8,94.0,1.1,2.0,0,1
5839,754891.0,1613.0,300.0,29.6,27.0,15.3,93.7,0.97,2.0,0,1
5840,933643.0,2430.0,1367.0,39.0,23.0,4.0,97.1,1.95,2.0,0,1
5841,716795.0,2185.0,258.0,17.3,8.0,5.8,86.2,2.16,2.0,0,1
5842,772735.0,1645.0,459.0,45.3,5.0,0.5,91.2,2.33,2.0,0,1
5843,590449.0,1061.0,660.0,32.4,48.0,0.5,90.9,1.07,2.0,0,1
5844,804638.0,1946.0,289.0,26.8,27.0,1.2,93.7,0.86,2.0,0,1
5845,657237.0,1943.0,200.0,30.2,49.0,7.4,96.0,1.14,2.0,0,1
5846,925761.0,2126.0,1211.0,13.0,9.0,7.1,97.2,1.06,2.0,0,1
5847,651475.0,1646.0,497.0,61.8,4.0,2.7,94.1,1.37,2.0,0,1
5848,930572.0,1969.0,238.0,42.4,2.0,1.9,96.4,1.32,2.0,0,1
5849,909834.0,2733.0,582.0,29.5,3.0,6.2,91.5,1.7,1.0,0,1
5850,703839.0,1512.0,909.0,28.3,27.0,3.2,96.3,0.7,2.0,0,1
5851,690985.0,1594.0,231.0,21.7,7.0,23.55,93.1,1.28,2.0,0,1
5852,1016817.0,2357.0,1244.0,17.0,0.0,1.0,92.1,1.5,2.0,0,1
5853,715706.0,1245.0,948.0,31.4,4.0,11.9,96.9,1.54,1.0,0,1
5854,733700.0,1479.0,619.0,15.1,33.0,0.6,93.6,1.91,2.0,0,1
5855,1002607.0,3235.0,1046.0,44.5,40.0,3.3,98.6,1.26,2.0,0,1
5856,793336.0,1909.0,863.0,48.3,13.0,1.5,94.4,1.27,2.0,0,1
5857,807257.0,956.0,200.0,16.2,5.0,5.7,99.0,0.61,2.0,0,1
5858,727293.0,1873.0,732.0,73.6625,3.0,1.5,90.7,1.28,2.0,0,1
5859,1102577.0,2901.0,801.0,21.6,54.0,11.3,90.9,1.26,2.0,0,1
5860,702907.0,1226.0,995.0,37.0,2.0,2.7,96.3,1.41,2.0,0,1
5861,624528.0,1449.0,413.0,41.2,11.0,8.4,87.3,1.65,2.0,0,1
5862,1045981.0,3246.0,1325.0,9.0,34.0,2.0,88.6,1.68,2.0,0,1
5863,644793.0,1060.0,200.0,28.7,2.0,23.55,89.9,1.74,2.0,0,1
5864,698119.0,1866.0,462.0,21.0,74.5,7.3,92.2,1.57,2.0,0,1
5865,722647.0,1897.0,712.0,47.2,16.0,2.6,91.5,1.62,2.0,0,1
5866,975356.0,2326.0,423.0,22.1,74.5,2.2,89.8,1.45,2.0,0,1
5867,600129.0,928.0,416.0,32.0,46.0,2.3,83.54999999999998,2.31,2.0,0,1
5868,653732.0,1336.0,231.0,5.0,7.0,3.2,99.0,1.79,2.0,0,1
5869,907761.0,1804.0,879.0,6.3,6.0,2.1,91.0,1.82,2.0,0,1
5870,388042.0,1053.0,500.0,44.6,21.0,14.3,95.4,1.85,1.0,0,1
5871,633320.0,1574.0,200.0,12.3,35.0,11.1,93.9,1.5,2.0,0,1
5872,891627.0,1821.0,685.0,22.1,0.0,2.3,99.0,1.37,2.0,0,1
5873,785540.0,1595.0,644.0,14.0,4.0,17.0,95.5,1.61,2.0,0,1
5874,697977.0,1442.0,706.0,14.2,14.0,4.1,90.1,1.21,1.0,0,1
5875,896140.0,2013.0,762.0,32.1,0.0,2.4,90.9,1.75,2.0,0,1
5876,593938.0,1100.0,781.0,32.0,15.0,18.9,86.5,1.94,2.0,0,1
5877,998399.0,3269.0,1111.0,23.3,28.0,23.0,93.2,1.9,1.0,0,1
5878,1048582.0,2938.0,260.0,18.9,8.0,1.8,89.2,1.3,2.0,0,1
5879,822705.0,1633.0,917.0,58.3,18.0,1.8,89.8,1.73,2.0,0,1
5880,699114.0,1252.0,594.0,17.7,74.5,2.3,93.7,1.26,2.0,0,1
5881,616071.0,1676.0,363.0,38.9,56.0,1.7,91.8,1.58,2.0,0,1
5882,996453.0,1964.0,699.0,34.7,22.0,7.3,90.9,1.0,2.0,0,1
5883,840004.0,1606.0,200.0,15.7,7.0,5.7,88.6,1.49,2.0,0,1
5884,812344.0,1880.0,595.0,19.7,14.0,5.2,91.0,1.51,2.0,0,1
5885,648568.0,1579.0,200.0,19.7,20.0,2.7,96.1,1.64,2.0,0,1
5886,805562.0,1696.0,294.0,12.4,21.0,2.0,88.8,1.12,2.0,0,1
5887,1096814.0,3192.0,1289.0,17.5,21.0,3.2,93.6,1.5,2.0,0,1
5888,778816.0,1788.0,256.0,23.4,10.0,3.0,94.7,1.23,2.0,0,1
5889,861066.0,1887.0,662.0,33.2,13.0,7.5,88.7,1.08,2.0,0,1
5890,583416.0,1403.0,200.0,19.5,36.0,9.4,88.1,1.43,2.0,0,1
5891,776483.0,1152.0,200.0,24.8,7.0,2.8,95.8,1.27,2.0,0,1
5892,887841.0,2302.0,1216.0,69.4,18.0,1.3,94.1,1.13,2.0,0,1
5893,753840.0,1520.0,721.0,46.5,9.0,2.8,88.9,1.27,2.0,0,1
5894,849571.0,2417.0,733.0,5.7,31.0,2.9,94.7,1.28,2.0,0,1
5895,668087.0,1246.0,496.0,58.1,12.0,4.4,96.5,1.74,2.0,0,1
5896,937324.0,1971.0,513.0,16.5,74.5,0.9,91.4,1.23,2.0,0,1
5897,774512.0,2148.0,1084.0,39.0,22.0,2.5,91.8,1.28,2.0,0,1
5898,843404.0,2241.0,622.0,45.2,4.0,4.9,86.4,1.39,2.0,0,1
5899,589669.0,1064.0,701.0,9.4,21.0,1.3,89.2,1.07,2.0,0,1
5900,849351.0,1691.0,1062.0,3.9,14.0,3.2,88.4,1.42,2.0,0,1
5901,1199565.125,3566.625,984.0,19.2,30.0,17.6,93.4,1.25,2.0,0,1
5902,1099123.0,3251.0,1252.0,7.3,14.0,4.3,94.0,0.77,2.0,0,1
5903,960091.0,3229.0,1607.0,42.2,7.0,7.3,92.6,1.07,2.0,0,1
5904,776407.0,2763.0,981.0,46.1,63.0,13.4,87.4,1.18,2.0,0,1
5905,579838.0,1680.0,662.0,16.5,60.0,14.7,89.2,1.56,2.0,0,1
5906,739856.0,1584.0,968.0,36.2,43.0,8.9,88.9,1.17,2.0,0,1
5907,876513.0,2251.0,1089.0,44.5,34.0,1.4,98.2,1.51,2.0,0,1
5908,828028.0,1760.0,438.0,26.9,36.0,7.1,95.7,0.97,2.0,0,1
5909,454329.0,1083.0,200.0,36.8,67.0,1.7,95.2,1.07,2.0,0,1
5910,843505.0,1848.0,200.0,21.0,23.0,4.9,93.5,1.45,2.0,0,1
5911,643895.0,1782.0,289.0,35.4,7.0,0.7,93.3,1.39,1.0,0,1
5912,951491.0,1820.0,235.0,26.9,16.0,0.7,90.6,1.99,2.0,0,1
5913,934100.0,1981.0,467.0,48.3,2.0,4.4,91.5,1.54,2.0,0,1
5914,374768.125,1269.0,200.0,38.6,57.0,23.55,90.2,1.23,2.0,0,1
5915,628436.0,1596.0,630.0,17.3,9.0,5.7,93.3,0.99,2.0,0,1
5916,626253.0,1277.0,276.0,58.5,0.0,9.6,90.3,1.53,2.0,0,1
5917,1002959.0,2709.0,604.0,52.6,15.0,1.3,92.2,1.31,2.0,0,1
5918,611688.0,1397.0,599.0,43.6,16.0,2.8,92.2,1.78,2.0,0,1
5919,853688.0,1437.0,913.0,41.8,8.0,11.7,98.1,1.08,2.0,0,1
5920,578134.0,700.0,200.0,14.0,74.5,4.2,93.4,1.88,2.0,0,1
5921,936838.0,2726.0,623.0,42.2,3.0,1.6,92.1,2.04,2.0,0,1
5922,943847.0,1647.0,345.0,31.7,9.0,4.8,96.1,1.9,2.0,0,1
5923,757284.0,2668.0,276.0,30.0,31.0,8.7,88.6,1.82,1.0,0,1
5924,736322.0,1577.0,225.0,23.7,67.0,1.0,99.0,0.92,2.0,0,1
5925,1052092.0,3340.0,1213.0,58.9,8.0,12.8,91.9,1.81,2.0,0,1
5926,879779.0,1860.0,666.0,31.2,6.0,3.9,94.1,1.8,2.0,0,1
5927,675682.0,1505.0,200.0,38.8,4.0,23.55,97.7,1.66,2.0,0,1
5928,562080.0,736.0,774.0,11.1,10.0,3.7,94.5,1.89,2.0,0,1
5929,907554.0,1606.0,1100.0,9.5,34.0,2.6,86.1,1.77,2.0,0,1
5930,811241.0,2064.0,1177.0,47.3,12.0,2.2,90.1,1.09,2.0,0,1
5931,691121.0,966.0,1119.0,27.1,17.0,5.8,89.3,1.37,2.0,0,1
5932,799713.0,1740.0,1395.0,9.7,8.0,1.8,96.6,1.29,2.0,0,1
5933,908268.0,2512.0,1276.0,50.6,24.0,6.3,94.2,0.88,2.0,0,1
5934,765494.0,2047.0,1255.0,73.6625,74.5,0.7,94.4,1.29,2.0,0,1
5935,704269.0,1369.0,688.0,29.9,11.0,23.55,88.4,0.91,2.0,0,1
5936,999768.0,2305.0,789.0,24.9,3.0,11.4,94.4,0.62,2.0,0,1
5937,711865.0,1265.0,341.0,5.3,8.0,5.7,96.1,0.99,2.0,0,1
5938,653311.0,1598.0,327.0,33.2,32.0,6.6,91.5,1.74,2.0,0,1
5939,831345.0,2349.0,856.0,14.4,7.0,23.4,88.5,1.07,2.0,0,1
5940,522386.0,978.0,988.0,29.2,14.0,3.1,88.6,1.54,2.0,0,1
5941,827661.0,1455.0,869.0,15.5,32.0,0.5,95.4,0.8,2.0,0,1
5942,921874.0,2500.0,864.0,11.5,8.0,7.1,96.2,2.06,2.0,0,1
5943,605484.0,1719.0,200.0,42.5,43.0,13.9,90.9,1.71,2.0,0,1
5944,989512.0,2916.0,1179.0,7.0,74.5,6.5,94.6,1.53,2.0,0,1
5945,691642.0,1805.0,530.0,35.3,3.0,0.5,89.6,1.11,2.0,0,1
5946,704039.0,2313.0,1572.0,8.4,3.0,23.55,93.3,1.18,2.0,0,1
5947,1199565.125,3566.625,1656.0,42.6,45.0,7.7,90.1,1.51,2.0,0,1
5948,839169.0,1829.0,404.0,33.1,24.0,1.0,83.54999999999998,1.08,2.0,0,1
5949,1199565.125,3566.625,1283.0,10.3,14.0,10.6,97.0,1.18,2.0,0,1
5950,635896.0,1290.0,209.0,9.0,47.0,7.6,85.0,1.88,1.0,0,1
5951,619727.0,1067.0,582.0,21.3,5.0,13.6,99.0,1.93,0.0,0,1
5952,969158.0,2793.0,814.0,43.1,26.0,6.8,95.9,1.73,2.0,0,1
5953,957938.0,2162.0,200.0,6.3,11.0,14.2,94.2,0.92,2.0,0,1
5954,1123671.0,3499.0,1221.0,25.9,5.0,11.5,94.4,1.13,2.0,0,1
5955,727655.0,1252.0,241.0,24.4,2.0,0.5,90.4,0.88,2.0,0,1
5956,912931.0,2067.0,507.0,21.1,6.0,2.6,91.2,1.63,2.0,0,1
5957,859318.0,2107.0,663.0,24.3,61.0,2.2,88.8,1.58,2.0,0,1
5958,849670.0,1546.0,848.0,35.4,18.0,4.3,92.0,1.27,2.0,0,1
5959,720241.0,1177.0,1218.0,20.5,3.0,4.4,92.8,1.34,2.0,0,1
5960,701854.0,1711.0,200.0,11.1,10.0,18.3,94.2,1.54,2.0,0,1
5961,765999.0,1827.0,556.0,45.0,13.0,2.0,92.8,1.83,2.0,0,1
5962,868418.0,2205.0,922.0,28.2,8.0,1.2,94.8,1.44,2.0,0,1
5963,705863.0,1272.0,886.0,11.7,11.0,0.7,90.7,0.94,2.0,0,1
5964,789733.0,1813.0,804.0,58.9,6.0,7.8,95.4,1.44,2.0,0,1
5965,857689.0,1681.0,944.0,6.3,3.0,7.5,92.6,1.27,2.0,0,1
5966,694834.0,1250.0,657.0,3.5,12.0,9.5,89.8,2.16,2.0,0,1
5967,868008.0,1819.0,394.0,8.8,37.0,1.0,94.1,1.14,2.0,0,1
5968,464168.0,1277.0,200.0,43.6,25.0,17.1,87.5,1.21,2.0,0,1
5969,746039.0,1101.0,215.0,19.4,16.0,0.9,95.6,1.52,2.0,0,1
5970,875864.0,2241.0,843.0,4.4,0.0,5.6,97.7,0.66,2.0,0,1
5971,1199565.125,3486.0,1080.0,20.4,0.0,1.8,89.9,1.66,2.0,0,1
5972,819979.0,2298.0,1111.0,25.2,74.5,0.7,93.8,1.46,2.0,0,1
5973,752829.0,2109.0,1162.0,69.8,5.0,23.55,87.8,1.3,2.0,0,1
5974,836992.0,1861.0,660.0,24.5,5.0,12.5,87.0,1.97,2.0,0,1
5975,642021.0,1019.0,444.0,22.6,15.0,4.7,90.6,1.54,2.0,0,1
5976,532384.0,749.0,211.0,10.4,74.5,1.5,92.0,1.12,2.0,0,1
5977,979076.0,1998.0,706.0,9.2,23.0,3.0,93.1,1.37,2.0,0,1
5978,738234.0,1890.0,200.0,54.7,50.0,1.9,98.9,2.3,2.0,0,1
5979,871524.0,1644.0,575.0,4.3,2.0,0.6,94.8,1.42,2.0,0,1
5980,812364.0,2152.0,200.0,29.3,8.0,7.4,91.0,1.91,2.0,0,1
5981,722004.0,1996.0,629.0,13.7,30.0,23.55,98.1,1.42,2.0,0,1
5982,1192486.0,3402.0,1205.0,10.8,22.0,0.5,98.4,1.27,2.0,0,1
5983,689745.0,1888.0,429.0,73.6625,8.0,0.5,94.4,1.29,2.0,0,1
5984,551168.0,804.0,308.0,23.7,10.0,1.8,91.4,1.63,2.0,0,1
5985,654264.0,1660.0,438.0,19.2,74.5,14.4,94.9,0.65,2.0,0,1
5986,885379.0,2648.0,678.0,2.1,20.0,12.0,83.54999999999998,1.62,2.0,0,1
5987,979664.0,1977.0,1097.0,14.3,8.0,0.8,91.6,1.55,2.0,0,1
5988,618312.0,1461.0,986.0,23.8,3.0,2.7,92.9,1.59,2.0,0,1
5989,481693.0,1002.0,509.0,29.0,26.0,13.2,93.8,1.79,2.0,0,1
5990,553907.0,924.0,416.0,14.7,74.5,3.5,93.0,1.46,1.0,0,1
5991,949682.0,2984.0,892.0,51.8,6.0,2.8,92.4,0.93,2.0,0,1
5992,902838.0,2041.0,704.0,33.2,2.0,1.7,93.9,1.84,2.0,0,1
5993,656068.0,1067.0,858.0,26.8,25.0,3.7,99.0,1.19,2.0,0,1
5994,1199565.125,3566.625,1801.5,25.2,1.0,1.7,89.0,0.95,2.0,0,1
5995,514748.0,1110.0,541.0,23.7,74.5,23.55,90.0,1.34,2.0,0,1
5996,808260.0,1501.0,492.0,18.5,11.0,7.9,96.7,1.69,2.0,0,1
5997,1054703.0,2781.0,769.0,50.8,20.0,5.3,92.5,1.38,2.0,0,1
5998,641874.0,961.0,257.0,25.3,6.0,2.0,96.0,1.5,2.0,0,1
5999,727312.0,1410.0,1032.0,22.8,36.0,1.6,89.6,1.36,2.0,0,1
6000,827927.0,1572.0,737.0,34.3,18.0,3.2,89.2,1.49,2.0,0,1
6001,883446.0,1936.0,980.0,11.9,25.0,0.5,94.0,1.15,2.0,0,0
6002,478921.0,1022.0,671.0,42.0,0.0,2.4,91.6,1.61,2.0,0,0
6003,830499.0,1352.0,436.0,8.3,1.0,7.6,92.6,1.0,2.0,0,0
6004,828421.0,2014.0,538.0,18.0,57.0,2.1,92.4,1.34,1.0,0,0
6005,548264.0,776.0,330.0,6.8,29.0,16.4,96.9,1.42,2.0,0,0
6006,842889.0,1391.0,434.0,41.4,33.0,3.7,89.6,1.38,2.0,0,0
6007,925011.0,2628.0,692.0,25.9,74.5,2.0,91.4,1.59,2.0,0,0
6008,796919.0,1824.0,591.0,48.2,74.5,1.2,94.8,1.44,2.0,0,0
6009,868264.0,2795.0,1801.5,15.3,13.0,10.1,94.3,0.94,2.0,0,0
6010,845818.0,1658.0,944.0,23.5,22.0,0.5,88.1,1.19,2.0,0,0
6011,573850.0,934.0,977.0,13.4,74.5,11.0,94.2,1.15,2.0,0,0
6012,926563.0,2255.0,776.0,52.7,2.0,3.9,93.0,1.49,2.0,0,0
6013,684870.0,1908.0,879.0,51.9,1.0,8.7,92.2,1.75,2.0,0,0
6014,1192772.0,3566.625,1350.0,5.4,41.0,13.3,85.5,1.61,2.0,0,0
6015,619471.0,1801.0,368.0,19.4,8.0,2.6,89.7,1.68,2.0,0,0
6016,860528.0,2139.0,734.0,9.1,48.0,1.8,94.6,1.4,2.0,0,0
6017,683407.0,1067.0,318.0,28.6,11.0,4.0,88.4,0.68,2.0,0,0
6018,810194.0,1888.0,1315.0,31.6,24.0,2.1,90.0,0.95,2.0,0,0
6019,1004959.0,2390.0,572.0,40.6,9.0,3.3,96.5,1.42,2.0,0,0
6020,799613.0,1724.0,584.0,18.9,50.0,2.8,99.0,1.65,2.0,0,0
6021,804819.0,2223.0,602.0,15.4,23.0,9.9,86.0,0.79,2.0,0,0
6022,854991.0,1822.0,738.0,20.0,15.0,2.7,90.7,1.53,2.0,0,0
6023,879285.0,2425.0,855.0,59.2,16.0,6.3,98.3,1.73,2.0,0,0
6024,837872.0,2763.0,1801.5,48.6,2.0,11.9,91.7,1.85,1.0,0,0
6025,706792.0,2026.0,818.0,14.8,2.0,4.0,90.8,1.78,2.0,0,0
6026,741745.0,2134.0,934.0,29.3,19.0,9.5,94.8,1.47,2.0,0,0
6027,1144654.0,3566.625,764.0,25.2,5.0,4.1,92.6,1.38,2.0,0,0
6028,850834.0,1911.0,350.0,4.7,26.0,4.3,93.6,0.9,2.0,0,0
6029,1067637.0,2120.0,433.0,16.0,29.0,2.6,97.8,1.39,2.0,0,0
6030,961981.0,2413.0,548.0,15.8,13.0,2.9,98.8,2.09,2.0,0,0
6031,705613.0,1609.0,996.0,40.3,41.0,5.8,86.3,1.22,2.0,0,0
6032,844592.0,1763.0,502.0,28.7,27.0,10.1,83.8,1.43,1.0,0,0
6033,958055.0,1930.0,999.0,11.1,49.0,4.0,99.0,1.38,2.0,0,0
6034,1116167.0,2640.0,1326.0,11.3,25.0,0.5,94.6,1.11,2.0,0,0
6035,710498.0,1332.0,797.0,35.4,51.0,15.1,91.6,1.22,2.0,0,0
6036,706992.0,1927.0,605.0,12.8,60.0,5.0,95.1,0.72,2.0,0,0
6037,637268.0,1710.0,252.0,27.3,21.0,2.5,92.6,1.51,2.0,0,0
6038,1063198.0,3566.625,1801.5,48.5,74.5,4.8,97.9,1.13,2.0,0,0
6039,976030.0,2619.0,950.0,16.3,15.0,11.1,94.9,1.57,2.0,0,0
6040,750973.0,2434.0,867.0,44.6,74.0,10.2,99.0,2.09,2.0,0,0
6041,1177364.0,3566.625,769.0,40.4,20.0,0.9,93.1,1.97,2.0,0,0
6042,828618.0,1589.0,260.0,30.2,48.0,2.7,90.1,1.34,2.0,0,0
6043,813788.0,1556.0,542.0,24.2,55.0,7.1,90.9,1.13,2.0,0,0
6044,708794.0,1801.0,455.0,35.3,11.0,5.2,92.1,1.1,2.0,0,0
6045,788668.0,2572.0,1225.0,40.0,16.0,18.2,93.8,1.56,2.0,0,0
6046,985885.0,2577.0,200.0,3.3,0.0,0.5,96.9,1.56,2.0,0,0
6047,1183994.0,3566.625,1801.5,14.5,23.0,17.7,87.4,2.07,2.0,0,0
6048,885815.0,1831.0,1196.0,5.2,16.0,1.2,91.2,1.71,2.0,0,0
6049,685394.0,1636.0,800.0,39.6,13.0,19.8,92.6,1.51,2.0,0,0
6050,786655.0,1344.0,703.0,3.8,6.0,3.4,92.1,1.45,2.0,0,0
6051,872320.0,2643.0,1196.0,59.1,5.0,6.6,91.7,1.14,2.0,0,0
6052,668366.0,1127.0,200.0,44.4,9.0,0.6,91.4,1.69,2.0,0,0
6053,949910.0,1886.0,708.0,5.9,25.0,0.6,93.6,1.42,2.0,0,0
6054,739374.0,1602.0,566.0,40.5,19.0,0.5,96.1,0.95,2.0,0,0
6055,500357.0,1327.0,533.0,23.8,74.5,23.55,89.0,1.61,2.0,0,0
6056,698295.0,1846.0,767.0,37.0,11.0,0.9,95.0,0.98,2.0,0,0
6057,866119.0,1953.0,923.0,38.1,6.0,2.3,97.8,1.31,2.0,0,0
6058,762232.0,1400.0,200.0,9.1,74.5,13.4,98.5,1.03,2.0,0,0
6059,714307.0,1211.0,745.0,34.8,5.0,1.8,99.0,1.38,2.0,0,0
6060,747219.0,2035.0,200.0,33.5,26.0,0.7,99.0,1.34,2.0,0,0
6061,1123323.0,3566.625,1353.0,13.7,13.0,6.0,93.7,1.97,2.0,0,0
6062,889584.0,2170.0,973.0,22.9,21.0,5.4,89.9,1.44,2.0,0,0
6063,769499.0,2130.0,633.0,12.6,2.0,23.55,93.5,1.8,2.0,0,0
6064,654228.0,1255.0,220.0,29.4,7.0,4.8,88.4,1.76,2.0,0,0
6065,959321.0,2400.0,717.0,16.5,10.0,8.1,93.1,0.76,2.0,0,0
6066,532195.0,1596.0,1293.0,7.8,2.0,6.1,96.5,1.97,1.0,0,0
6067,867389.0,1729.0,245.0,17.0,13.0,1.9,95.0,1.69,2.0,0,0
6068,612059.0,1938.0,899.0,44.1,15.0,3.1,95.2,0.51,2.0,0,0
6069,680278.0,1371.0,396.0,43.5,45.0,10.7,93.7,1.59,2.0,0,0
6070,974588.0,3041.0,1158.0,13.9,46.0,2.6,90.5,1.06,2.0,0,0
6071,635917.0,1205.0,1045.0,21.7,0.0,8.5,99.0,1.74,2.0,0,0
6072,654924.0,1519.0,733.0,33.4,6.0,4.2,91.9,1.43,2.0,0,0
6073,766257.0,2106.0,745.0,13.5,42.0,16.7,90.7,1.71,2.0,0,0
6074,667147.0,1305.0,769.0,7.0,9.0,1.6,94.3,1.13,2.0,0,0
6075,626016.0,1162.0,200.0,16.1,49.0,4.9,87.7,1.77,2.0,0,0
6076,673829.0,1453.0,240.0,50.8,26.0,1.8,92.2,1.48,2.0,0,0
6077,859541.0,2679.0,544.0,61.7,37.0,4.0,90.9,1.19,2.0,0,0
6078,669718.0,1701.0,846.0,22.7,59.0,3.4,96.6,1.14,1.0,0,0
6079,676079.0,2099.0,200.0,69.5,29.0,22.1,93.9,1.44,2.0,0,0
6080,699949.0,1704.0,640.0,10.6,53.0,7.6,96.3,1.45,2.0,0,0
6081,1128401.0,3142.0,959.0,8.6,52.0,1.0,95.2,1.2,2.0,0,0
6082,844042.0,2522.0,743.0,21.3,4.0,10.6,92.5,1.91,2.0,0,0
6083,1169106.0,3566.0,910.0,12.0,6.0,6.3,85.7,1.13,2.0,0,0
6084,761788.0,2083.0,1148.0,41.7,73.0,1.2,99.0,1.7,2.0,0,0
6085,697680.0,700.0,207.0,40.3,19.0,4.4,94.6,0.79,2.0,0,0
6086,1169464.0,3566.625,954.0,30.8,15.0,12.2,90.5,1.07,2.0,0,0
6087,616475.0,1198.0,551.0,17.9,7.0,16.0,86.6,1.42,2.0,0,0
6088,628044.0,1761.0,1562.0,34.1,37.0,7.5,89.9,1.4,2.0,0,0
6089,628010.0,1140.0,728.0,21.7,43.0,7.8,91.8,1.56,2.0,0,0
6090,618990.0,1317.0,588.0,21.8,74.5,1.7,91.3,1.55,2.0,0,0
6091,883784.0,1808.0,323.0,32.4,33.0,2.8,89.6,1.5,2.0,0,0
6092,775840.0,1780.0,1073.0,27.7,5.0,9.6,87.9,1.53,2.0,0,0
6093,796357.0,2160.0,864.0,11.4,36.0,2.1,92.1,1.28,2.0,0,0
6094,695436.0,2066.0,714.0,36.3,59.0,22.3,92.6,1.12,2.0,0,0
6095,645935.0,1443.0,479.0,25.6,59.0,2.0,92.1,1.5,2.0,0,0
6096,645860.0,1688.0,520.0,36.9,26.0,18.1,97.2,0.92,2.0,0,0
6097,470495.0,754.0,200.0,39.9,29.0,23.55,90.4,1.85,2.0,0,0
6098,714898.0,1443.0,1295.0,5.4,18.0,15.0,93.6,1.35,2.0,0,0
6099,686967.0,1382.0,291.0,23.9,23.0,14.0,94.9,1.54,2.0,0,0
6100,755006.0,1457.0,697.0,47.9,41.0,14.6,93.9,1.04,2.0,0,0
6101,558686.0,832.0,200.0,17.5,20.0,6.0,93.9,1.46,2.0,0,0
6102,882965.0,2928.0,1347.0,37.6,21.0,0.5,91.8,2.02,2.0,0,0
6103,740919.0,2359.0,1191.0,50.0,1.0,4.9,83.54999999999998,2.24,2.0,0,0
6104,704593.0,1703.0,1021.0,46.1,18.0,23.55,92.6,1.85,2.0,0,0
6105,907898.0,2525.0,1233.0,20.7,10.0,0.8,92.1,1.87,2.0,0,0
6106,751267.0,1836.0,727.0,4.3,32.0,0.6,88.9,1.46,2.0,0,0
6107,1009439.0,1921.0,337.0,27.9,24.0,1.7,91.5,0.93,2.0,0,0
6108,688984.0,1451.0,200.0,54.0,13.0,1.2,90.6,1.24,2.0,0,0
6109,763175.0,1300.0,235.0,23.9,32.0,3.2,96.8,1.94,2.0,0,0
6110,660012.0,1594.0,200.0,29.8,49.0,16.5,92.9,1.32,2.0,0,0
6111,709352.0,1087.0,761.0,11.1,13.0,9.8,93.6,0.91,2.0,0,0
6112,742787.0,1757.0,200.0,45.4,23.0,2.8,95.4,1.28,2.0,0,0
6113,815136.0,1734.0,589.0,26.4,3.0,9.0,95.3,1.51,2.0,0,0
6114,767030.0,1571.0,1477.0,55.4,16.0,0.5,89.4,1.34,2.0,0,0
6115,932639.0,2235.0,257.0,34.7,7.0,3.5,93.6,1.3,2.0,0,0
6116,794773.0,1871.0,929.0,32.3,13.0,11.1,94.7,1.47,2.0,0,0
6117,690124.0,1119.0,200.0,22.6,0.0,12.5,92.9,1.81,2.0,0,0
6118,576090.0,1540.0,674.0,14.1,6.0,1.4,93.3,2.12,1.0,0,0
6119,603815.0,1730.0,364.0,18.2,33.0,1.8,91.8,1.94,1.0,0,0
6120,785047.0,1820.0,478.0,22.9,2.0,10.9,89.2,1.46,2.0,0,0
6121,909521.0,1547.0,457.0,25.1,40.0,0.7,90.7,1.29,2.0,0,0
6122,570591.0,1195.0,200.0,34.8,38.0,7.7,98.5,1.76,2.0,0,0
6123,545843.0,1252.0,200.0,38.8,15.0,8.0,90.7,1.44,2.0,0,0
6124,842909.0,2328.0,738.0,52.5,24.0,19.1,99.0,1.36,2.0,0,0
6125,816731.0,1658.0,438.0,44.9,1.0,0.5,93.2,1.4,2.0,0,0
6126,605887.0,1065.0,200.0,57.2,46.0,10.1,93.0,1.36,2.0,0,0
6127,908245.0,2668.0,958.0,48.5,16.0,9.7,91.9,1.8,2.0,0,0
6128,1010926.0,2928.0,518.0,28.4,32.0,2.2,94.3,1.14,2.0,0,0
6129,701107.0,1550.0,200.0,64.8,5.0,2.8,92.8,1.4,2.0,0,0
6130,926330.0,2663.0,992.0,6.5,14.0,5.5,89.6,1.76,2.0,0,0
6131,689858.0,1695.0,200.0,33.1,74.5,0.5,93.0,1.07,2.0,0,0
6132,608399.0,1846.0,251.0,40.3,73.0,9.0,93.1,1.39,1.0,0,0
6133,1057416.0,2805.0,1288.0,23.8,35.0,0.5,96.2,1.71,2.0,0,0
6134,941588.0,1032.0,657.0,31.9,23.0,0.5,96.6,1.64,2.0,0,0
6135,928755.0,1875.0,1234.0,18.3,21.0,0.5,91.1,0.98,2.0,0,0
6136,382581.0,1148.0,360.0,45.8,50.0,8.6,92.9,1.24,2.0,0,0
6137,761130.0,2020.0,751.0,57.7,34.0,7.6,89.6,1.3,1.0,0,0
6138,686499.0,2021.0,776.0,51.3,2.0,8.4,97.9,2.08,2.0,0,0
6139,791342.0,2138.0,638.0,46.2,5.0,3.7,96.1,1.02,2.0,0,0
6140,775702.0,2152.0,482.0,27.9,71.0,23.55,94.1,1.43,2.0,0,0
6141,585722.0,720.0,457.0,45.6,2.0,5.9,94.1,1.6,2.0,0,0
6142,616507.0,1124.0,365.0,42.6,5.0,9.8,90.8,1.57,2.0,0,0
6143,871067.0,2165.0,1337.0,22.2,74.5,3.7,96.8,0.79,2.0,0,0
6144,666609.0,926.0,401.0,23.0,3.0,15.4,98.5,1.74,2.0,0,0
6145,594322.0,1109.0,927.0,26.6,37.0,3.3,90.2,1.58,2.0,0,0
6146,974910.0,2368.0,604.0,17.6,19.0,0.6,91.8,1.78,2.0,0,0
6147,841711.0,1377.0,380.0,15.6,6.0,1.1,90.2,1.26,2.0,0,0
6148,857216.0,1532.0,200.0,24.9,30.0,1.0,90.0,1.35,2.0,0,0
6149,870178.0,2025.0,1092.0,43.0,20.0,8.7,95.8,0.73,2.0,0,0
6150,746995.0,1410.0,243.0,55.5,1.0,2.1,93.3,2.24,2.0,0,0
6151,867761.0,1880.0,846.0,42.5,29.0,0.5,94.7,1.27,2.0,0,0
6152,812375.0,1520.0,320.0,1.1,4.0,0.6,89.6,1.41,2.0,0,0
6153,734618.0,1883.0,1038.0,20.5,15.0,18.3,94.9,0.79,1.0,0,0
6154,722496.0,1309.0,768.0,30.8,8.0,2.8,95.0,1.38,2.0,0,0
6155,769358.0,1653.0,1142.0,30.8,21.0,2.1,96.3,0.76,2.0,0,0
6156,788456.0,2294.0,692.0,20.7,20.0,1.1,89.9,1.08,2.0,0,0
6157,514945.0,885.0,217.0,70.7,1.0,15.8,93.6,1.94,2.0,0,0
6158,810188.0,1100.0,1391.0,17.8,31.0,5.5,95.1,1.81,2.0,0,0
6159,822815.0,2271.0,200.0,20.4,8.0,3.0,91.7,2.21,2.0,0,0
6160,806341.0,2057.0,998.0,16.6,19.0,13.1,89.9,1.11,2.0,0,0
6161,650374.0,1178.0,794.0,8.1,17.0,5.8,97.1,2.03,1.0,0,0
6162,934460.0,2613.0,541.0,29.4,3.0,23.55,90.6,0.79,2.0,0,0
6163,748403.0,1379.0,367.0,40.7,52.0,0.5,93.1,1.43,2.0,0,0
6164,813324.0,1407.0,1152.0,17.2,44.0,10.9,88.7,0.97,2.0,0,0
6165,864356.0,2027.0,776.0,10.7,28.0,13.5,91.2,1.36,2.0,0,0
6166,503769.0,1753.0,290.0,27.0,1.0,3.2,88.7,1.39,2.0,0,0
6167,661539.0,1598.0,523.0,13.2,14.0,6.2,95.1,1.53,2.0,0,0
6168,792710.0,1774.0,439.0,8.4,6.0,16.6,93.4,1.2,2.0,0,0
6169,931713.0,2114.0,1112.0,13.5,40.0,0.5,92.2,1.53,2.0,0,0
6170,662911.0,1416.0,373.0,26.9,16.0,1.9,90.5,1.43,2.0,0,0
6171,749492.0,2399.0,1521.0,27.3,50.0,21.9,94.6,1.58,2.0,0,0
6172,904891.0,2296.0,265.0,25.3,17.0,21.4,92.2,1.31,2.0,0,0
6173,895803.0,2657.0,1334.0,27.6,3.0,7.4,88.2,1.37,1.0,0,0
6174,818744.0,1619.0,200.0,28.8,13.0,9.1,94.9,1.56,2.0,0,0
6175,938852.0,2306.0,907.0,9.1,57.0,1.5,99.0,1.47,2.0,0,0
6176,988135.0,2826.0,559.0,66.4,23.0,8.0,86.4,1.29,2.0,0,0
6177,643377.0,1903.0,771.0,42.1,41.0,0.5,96.3,1.23,2.0,0,0
6178,438695.0,961.0,200.0,17.1,7.0,10.3,96.8,1.16,2.0,0,0
6179,679788.0,1638.0,612.0,12.5,69.0,2.3,96.6,1.67,2.0,0,0
6180,690808.0,1049.0,200.0,37.4,10.0,1.9,95.6,1.34,2.0,0,0
6181,782347.0,1643.0,780.0,59.3,2.0,0.5,93.2,1.16,2.0,0,0
6182,900590.0,2865.0,1650.0,45.5,0.0,3.1,99.0,1.29,2.0,0,0
6183,895705.0,1455.0,200.0,21.1,12.0,4.3,91.7,1.54,2.0,0,0
6184,1078552.0,3311.0,631.0,0.6,31.0,3.3,93.8,1.96,2.0,0,0
6185,537675.0,1146.0,482.0,18.6,8.0,5.8,92.7,1.65,2.0,0,0
6186,692821.0,1367.0,489.0,29.5,46.0,5.2,91.0,1.62,2.0,0,0
6187,1199565.125,3566.625,1509.0,34.3,54.0,0.5,92.0,1.32,2.0,0,0
6188,715533.0,1088.0,1265.0,24.7,57.0,5.8,98.9,1.1,2.0,0,0
6189,746121.0,2046.0,677.0,34.5,39.0,6.9,90.2,1.87,2.0,0,0
6190,801726.0,1431.0,433.0,15.9,6.0,15.5,92.9,1.02,2.0,0,0
6191,528940.0,1378.0,469.0,61.1,59.0,3.4,93.2,1.4,2.0,0,0
6192,742763.0,1137.0,265.0,28.0,23.0,12.8,96.1,1.47,2.0,0,0
6193,1104661.0,3376.0,1349.0,5.1,4.0,5.5,91.0,0.73,2.0,0,0
6194,1052780.0,2184.0,449.0,5.5,30.0,2.7,91.0,0.9,2.0,0,0
6195,910855.0,1487.0,482.0,10.9,25.0,1.1,90.6,1.43,2.0,0,0
6196,487969.0,1154.0,200.0,44.3,74.5,4.8,95.3,1.98,2.0,0,0
6197,828144.0,1670.0,200.0,52.7,37.0,1.0,99.0,2.28,2.0,0,0
6198,773961.0,1958.0,517.0,30.8,22.0,1.0,96.5,1.4,2.0,0,0
6199,754843.0,1432.0,245.0,1.6,43.0,23.55,94.3,1.0,2.0,0,0
6200,682623.0,1485.0,516.0,41.9,15.0,7.1,91.9,1.63,2.0,0,0
6201,801682.0,1612.0,295.0,24.0,42.0,0.5,96.8,1.15,2.0,0,0
6202,565035.0,974.0,455.0,31.3,14.0,2.9,96.1,1.59,1.0,0,0
6203,827051.0,1656.0,494.0,18.7,0.0,0.7,84.1,1.84,2.0,0,0
6204,882080.0,2552.0,845.0,30.0,7.0,23.55,97.4,1.51,2.0,0,0
6205,784055.0,1212.0,835.0,12.6,7.0,1.1,93.8,1.58,2.0,0,0
6206,907820.0,2731.0,1067.0,43.7,25.0,11.4,89.3,1.32,2.0,0,0
6207,643960.0,828.0,200.0,30.0,18.0,2.4,89.1,1.41,2.0,0,0
6208,961858.0,2598.0,1187.0,26.8,59.0,3.4,90.1,1.53,2.0,0,0
6209,1040397.0,2432.0,1117.0,28.3,13.0,6.4,99.0,0.72,2.0,0,0
6210,929678.0,2196.0,1071.0,13.2,34.0,3.6,91.6,1.48,2.0,0,0
6211,1014913.0,2633.0,1131.0,23.0,6.0,6.2,97.9,1.01,2.0,0,0
6212,716550.0,2023.0,341.0,27.0,50.0,4.2,89.4,1.39,2.0,0,0
6213,649011.0,752.0,200.0,53.9,22.0,14.5,94.4,1.07,2.0,0,0
6214,651713.0,1249.0,200.0,22.2,4.0,4.4,93.6,1.71,2.0,0,0
6215,768669.0,1895.0,882.0,35.0,1.0,18.1,94.3,1.45,2.0,0,0
6216,992766.0,2152.0,1294.0,34.8,21.0,7.6,91.4,1.68,2.0,0,0
6217,812542.0,1268.0,200.0,14.9,6.0,4.2,95.4,1.56,2.0,0,0
6218,557553.0,1289.0,970.0,56.1,41.0,2.3,94.3,1.84,2.0,0,0
6219,655113.0,1508.0,874.0,53.6,33.0,0.5,89.5,1.42,2.0,0,0
6220,694678.0,1690.0,396.0,32.9,4.0,2.4,88.4,1.28,2.0,0,0
6221,703703.0,1641.0,753.0,11.8,11.0,3.9,87.2,1.13,2.0,0,0
6222,844612.0,856.0,828.0,3.1,0.0,13.8,98.7,2.0,2.0,0,0
6223,1199565.125,3566.625,1325.0,4.7,1.0,2.7,97.6,1.74,2.0,0,0
6224,652814.0,1226.0,886.0,25.7,41.0,2.4,86.8,1.89,2.0,0,0
6225,897963.0,2402.0,499.0,64.3,30.0,1.8,96.7,1.37,2.0,0,0
6226,606055.0,1700.0,860.0,11.1,63.0,5.7,91.7,1.46,1.0,0,0
6227,824494.0,1640.0,288.0,48.5,3.0,2.3,93.2,1.2,2.0,0,0
6228,782293.0,2290.0,398.0,26.1,33.0,19.2,90.1,1.39,2.0,0,0
6229,744412.0,1745.0,1028.0,5.4,62.0,5.7,89.5,1.17,2.0,0,0
6230,1083234.0,3085.0,970.0,11.2,6.0,2.4,94.0,1.17,2.0,0,0
6231,759772.0,1631.0,307.0,34.3,8.0,14.8,96.7,1.32,2.0,0,0
6232,873748.0,1310.0,614.0,11.9,17.0,7.7,90.1,0.72,2.0,0,0
6233,767361.0,791.0,502.0,29.6,12.0,4.4,99.0,2.18,2.0,0,0
6234,1192011.0,3233.0,866.0,34.4,2.0,7.8,88.8,1.55,2.0,0,0
6235,556557.0,2101.0,200.0,16.1,40.0,23.55,92.1,1.28,2.0,0,0
6236,625351.0,1090.0,993.0,39.6,10.0,1.3,92.0,2.1,2.0,0,0
6237,684883.0,1343.0,285.0,10.2,21.0,10.7,98.7,1.1,2.0,0,0
6238,918746.0,1916.0,889.0,4.0,6.0,7.3,94.0,1.32,2.0,0,0
6239,374768.125,905.0,1003.0,27.0,41.0,22.3,90.0,1.96,2.0,0,0
6240,610088.0,1799.0,919.0,47.5,62.0,0.6,90.7,1.92,2.0,0,0
6241,662386.0,1488.0,781.0,16.7,25.0,1.2,87.3,1.39,2.0,0,0
6242,1115535.0,3566.625,1217.0,11.7,44.0,7.4,98.3,1.5,2.0,0,0
6243,828430.0,1328.0,792.0,26.2,19.0,1.5,92.7,1.13,2.0,0,0
6244,870741.0,2188.0,282.0,21.9,31.0,1.1,93.3,1.71,2.0,0,0
6245,842887.0,1460.0,200.0,30.4,1.0,0.5,94.5,1.02,2.0,0,0
6246,726517.0,2101.0,724.0,40.6,68.0,0.5,92.3,1.56,2.0,0,0
6247,738870.0,1470.0,773.0,43.1,11.0,0.9,96.5,0.83,2.0,0,0
6248,907418.0,2126.0,1293.0,27.4,28.0,18.5,90.8,1.57,2.0,0,0
6249,607460.0,1382.0,200.0,62.4,26.0,1.9,99.0,1.24,2.0,0,0
6250,764320.0,984.0,200.0,24.3,27.0,0.5,95.1,1.22,2.0,0,0
6251,699075.0,1969.0,200.0,30.0,5.0,4.9,91.5,1.34,2.0,0,0
6252,751671.0,1793.0,551.0,41.7,1.0,9.0,98.1,1.28,1.0,0,0
6253,637212.0,1133.0,580.0,4.0,15.0,9.9,90.0,1.77,2.0,0,0
6254,519130.0,1122.0,239.0,18.6,50.0,0.9,92.2,1.85,2.0,0,0
6255,809736.0,1922.0,421.0,34.4,9.0,6.1,92.5,1.49,2.0,0,0
6256,700023.0,1772.0,426.0,37.3,13.0,2.0,98.2,1.52,2.0,0,0
6257,1070419.0,3386.0,1159.0,50.2,61.0,3.1,91.4,1.03,2.0,0,0
6258,569208.0,1164.0,632.0,41.1,2.0,19.2,95.0,1.42,2.0,0,0
6259,617956.0,1399.0,1274.0,50.6,14.0,18.3,99.0,1.94,2.0,0,0
6260,704805.0,1214.0,200.0,11.6,32.0,12.8,95.9,1.95,2.0,0,0
6261,742443.0,1774.0,331.0,61.4,6.0,18.5,88.7,1.4,2.0,0,0
6262,837853.0,2507.0,1073.0,24.9,27.0,8.8,95.8,1.65,2.0,0,0
6263,712265.0,1529.0,770.0,10.2,1.0,5.6,98.6,1.82,2.0,0,0
6264,765543.0,1198.0,897.0,42.1,5.0,3.1,88.2,1.77,2.0,0,0
6265,480687.0,860.0,200.0,26.7,70.0,23.55,90.7,1.69,2.0,0,0
6266,1199565.125,3566.625,1537.0,30.9,29.0,9.2,89.7,1.25,2.0,0,0
6267,842190.0,2094.0,1217.0,40.1,61.0,16.7,93.1,1.29,2.0,0,0
6268,860460.0,1212.0,453.0,40.8,3.0,3.4,96.2,0.92,2.0,0,0
6269,666018.0,1236.0,220.0,31.5,41.0,2.6,93.6,1.21,2.0,0,0
6270,581839.0,1794.0,869.0,64.8,15.0,22.4,89.8,1.25,2.0,0,0
6271,949954.0,2448.0,1090.0,36.4,4.0,2.4,85.9,1.26,2.0,0,0
6272,936694.0,2986.0,604.0,40.8,1.0,3.9,91.1,1.24,1.0,0,0
6273,994889.0,2837.0,863.0,29.2,63.0,9.1,89.2,0.54,2.0,0,0
6274,970965.0,2519.0,1430.0,21.4,13.0,4.9,94.2,1.78,2.0,0,0
6275,811765.0,1583.0,228.0,4.4,41.0,5.5,96.7,1.1,2.0,0,0
6276,769601.0,1078.0,200.0,52.6,16.0,3.7,93.2,1.39,2.0,0,0
6277,922655.0,1425.0,912.0,19.1,9.0,4.0,87.1,1.38,2.0,0,0
6278,725565.0,974.0,561.0,23.0,45.0,2.0,92.7,1.27,2.0,0,0
6279,529721.0,1470.0,377.0,7.1,74.5,23.55,97.7,1.36,2.0,0,0
6280,775676.0,1239.0,1155.0,10.1,22.0,2.4,99.0,1.46,2.0,0,0
6281,1075803.0,2705.0,1801.5,42.9,2.0,1.1,95.7,1.36,2.0,0,0
6282,1168100.0,3108.0,490.0,22.9,56.0,12.3,95.9,1.25,2.0,0,0
6283,718634.0,1136.0,200.0,37.5,27.0,3.5,93.5,1.32,2.0,0,0
6284,585633.0,1423.0,373.0,57.0,1.0,23.55,98.5,1.35,2.0,0,0
6285,830387.0,1764.0,553.0,43.2,1.0,5.2,96.7,0.61,2.0,0,0
6286,653962.0,966.0,352.0,32.2,6.0,18.6,94.5,1.67,2.0,0,0
6287,760173.0,2074.0,776.0,32.5,14.0,6.9,91.1,1.25,2.0,0,0
6288,787632.0,1778.0,220.0,23.7,15.0,8.4,95.8,1.66,2.0,0,0
6289,1199565.125,3566.625,1297.0,4.0,2.0,6.8,96.0,1.49,2.0,0,0
6290,644119.0,1213.0,253.0,36.5,26.0,1.5,98.3,0.83,2.0,0,0
6291,872509.0,1201.0,1006.0,30.6,5.0,2.6,91.2,0.75,2.0,0,0
6292,516659.0,1276.0,886.0,25.5,22.0,23.55,93.9,1.53,2.0,0,0
6293,1007121.0,3157.0,908.0,21.6,10.0,20.8,90.0,1.62,2.0,0,0
6294,738038.0,2115.0,430.0,26.7,25.0,14.4,99.0,1.46,2.0,0,0
6295,558994.0,1482.0,751.0,55.8,37.0,14.0,98.3,1.37,2.0,0,0
6296,646908.0,1808.0,315.0,35.4,14.0,19.0,88.5,2.03,2.0,0,0
6297,911852.0,1742.0,200.0,11.1,40.0,1.0,91.1,1.38,2.0,0,0
6298,661484.0,1153.0,639.0,40.9,0.0,1.3,91.5,0.96,2.0,0,0
6299,1140387.0,2526.0,1334.0,12.9,12.0,21.9,92.7,1.12,2.0,0,0
6300,819948.0,2070.0,670.0,20.7,16.0,5.2,96.0,1.6,1.0,0,0
6301,922356.0,1955.0,1066.0,16.3,15.0,0.5,93.0,1.42,2.0,0,0
6302,797800.0,1573.0,874.0,32.4,8.0,7.9,90.2,1.41,2.0,0,0
6303,871075.0,1675.0,394.0,11.8,6.0,0.5,83.6,1.06,2.0,0,0
6304,1062719.0,3157.0,486.0,18.4,1.0,2.7,94.3,1.23,2.0,0,0
6305,831848.0,1297.0,200.0,31.9,6.0,2.0,90.4,0.64,2.0,0,0
6306,1008067.0,2280.0,1055.0,12.7,7.0,1.4,94.5,1.5,2.0,0,0
6307,608031.0,987.0,200.0,20.7,12.0,1.1,92.4,1.35,2.0,0,0
6308,679358.0,914.0,343.0,20.2,11.0,7.1,95.4,0.98,2.0,0,0
6309,950557.0,2610.0,1450.0,14.7,58.0,23.55,99.0,1.58,2.0,0,0
6310,681990.0,1341.0,255.0,23.0,0.0,0.5,88.0,1.62,1.0,0,0
6311,785697.0,1341.0,200.0,10.5,2.0,2.8,88.9,1.37,2.0,0,0
6312,536323.0,915.0,326.0,66.5,19.0,9.1,92.4,1.16,2.0,0,0
6313,743981.0,1815.0,1102.0,22.3,33.0,11.7,94.4,1.47,2.0,0,0
6314,785023.0,2240.0,1184.0,50.6,2.0,5.2,95.0,1.76,2.0,0,0
6315,598784.0,1754.0,664.0,60.5,74.5,3.1,91.9,1.16,2.0,0,0
6316,775678.0,1687.0,200.0,42.9,43.0,1.5,90.1,1.49,2.0,0,0
6317,995417.0,1864.0,200.0,58.5,1.0,0.8,93.4,1.16,2.0,0,0
6318,968209.0,2126.0,649.0,46.3,1.0,3.2,99.0,1.56,2.0,0,0
6319,1068877.0,2709.0,712.0,4.8,14.0,0.5,97.1,1.56,2.0,0,0
6320,729492.0,1372.0,730.0,34.3,23.0,10.4,93.8,1.55,2.0,0,0
6321,667209.0,2181.0,216.0,41.3,56.0,6.6,90.6,1.57,2.0,0,0
6322,655872.0,1126.0,662.0,44.8,16.0,0.5,93.6,1.69,2.0,0,0
6323,642036.0,2041.0,350.0,31.7,62.0,14.5,88.7,1.21,1.0,0,0
6324,645460.0,1557.0,748.0,40.0,74.5,6.6,97.8,1.33,2.0,0,0
6325,486509.0,1890.0,1152.0,24.6,74.5,16.5,87.1,0.92,2.0,0,0
6326,782211.0,1577.0,622.0,18.7,31.0,1.5,91.4,1.63,2.0,0,0
6327,539035.0,1219.0,200.0,18.0,31.0,1.7,89.6,1.75,2.0,0,0
6328,994900.0,2652.0,940.0,32.5,45.0,0.9,89.2,1.19,2.0,0,0
6329,849763.0,1676.0,638.0,4.9,12.0,3.4,93.8,1.01,2.0,0,0
6330,934756.0,1904.0,484.0,11.8,6.0,11.6,90.3,1.37,2.0,0,0
6331,990011.0,3249.0,900.0,33.7,1.0,1.6,94.9,1.26,1.0,0,0
6332,953080.0,2321.0,769.0,10.9,6.0,0.5,92.7,0.77,2.0,0,0
6333,1055143.0,2824.0,467.0,29.6,37.0,2.9,91.7,1.68,2.0,0,0
6334,693884.0,1984.0,1094.0,31.4,38.0,2.5,92.0,1.55,2.0,0,0
6335,750507.0,1298.0,849.0,17.2,18.0,19.1,91.7,2.26,2.0,0,0
6336,908549.0,2299.0,648.0,34.7,9.0,3.1,92.9,1.45,2.0,0,0
6337,922767.0,2525.0,1150.0,24.2,48.0,2.4,94.4,1.43,2.0,0,0
6338,624918.0,1748.0,207.0,27.5,74.0,13.2,84.2,1.29,2.0,0,0
6339,1178333.0,3566.625,1801.5,14.2,62.0,2.1,96.5,1.13,2.0,0,0
6340,819860.0,1808.0,933.0,28.8,56.0,5.0,93.1,1.38,2.0,0,0
6341,892876.0,2897.0,985.0,46.3,74.5,6.1,91.4,2.11,2.0,0,0
6342,905198.0,2471.0,444.0,50.5,16.0,17.7,96.5,1.25,2.0,0,0
6343,861664.0,1244.0,377.0,7.6,6.0,4.3,94.2,1.6,2.0,0,0
6344,637390.0,1372.0,200.0,45.9,27.0,6.6,94.0,1.56,2.0,0,0
6345,1044837.0,2906.0,831.0,28.1,2.0,5.0,93.7,1.33,2.0,0,0
6346,1012230.0,2788.0,961.0,11.7,13.0,1.5,93.5,1.93,2.0,0,0
6347,776805.0,1428.0,440.0,32.3,1.0,18.1,94.6,1.77,2.0,0,0
6348,755474.0,1534.0,222.0,6.9,34.0,19.3,93.8,1.59,2.0,0,0
6349,971249.0,2574.0,667.0,16.3,28.0,16.3,91.3,1.39,2.0,0,0
6350,521752.0,1281.0,200.0,31.8,1.0,15.1,91.0,0.75,1.0,0,0
6351,706911.0,1538.0,602.0,26.2,74.5,1.5,89.6,1.64,2.0,0,0
6352,691028.0,1382.0,200.0,34.5,4.0,8.7,95.7,2.04,2.0,0,0
6353,753258.0,1947.0,200.0,11.9,13.0,13.9,90.5,1.54,2.0,0,0
6354,1108771.0,3085.0,1521.0,28.4,3.0,6.7,96.8,1.42,2.0,0,0
6355,620126.0,1301.0,595.0,25.7,57.0,5.9,92.3,1.56,2.0,0,0
6356,1183566.0,2781.0,921.0,39.4,22.0,0.5,88.0,1.04,2.0,0,0
6357,864622.0,2248.0,1112.0,73.6625,5.0,2.4,87.9,1.42,2.0,0,0
6358,1199565.125,3566.625,874.0,26.9,10.0,10.2,99.0,1.5,2.0,0,0
6359,854525.0,1959.0,930.0,45.2,8.0,13.9,91.3,0.93,2.0,0,0
6360,805454.0,1777.0,710.0,30.1,7.0,6.2,94.7,1.53,2.0,0,0
6361,986782.0,2750.0,645.0,32.8,8.0,2.6,89.7,1.41,2.0,0,0
6362,732389.0,1309.0,796.0,42.1,56.0,3.4,95.6,1.35,2.0,0,0
6363,1199565.125,3554.0,1597.0,17.7,2.0,4.6,90.8,1.41,2.0,0,0
6364,676365.0,2271.0,594.0,10.0,24.0,23.55,99.0,1.31,2.0,0,0
6365,1006411.0,2589.0,956.0,9.6,38.0,8.5,90.4,1.46,2.0,0,0
6366,1036211.0,3296.0,1509.0,56.5,13.0,2.7,88.1,1.37,2.0,0,0
6367,865702.0,1527.0,230.0,40.6,6.0,2.7,99.0,1.7,2.0,0,0
6368,884289.0,2122.0,484.0,22.4,27.0,0.9,95.0,1.26,2.0,0,0
6369,662624.0,2228.0,711.0,34.0,74.5,23.55,90.6,1.75,2.0,0,0
6370,738320.0,2068.0,490.0,7.6,14.0,14.5,90.4,1.31,2.0,0,0
6371,792815.0,2009.0,200.0,12.2,20.0,4.7,95.2,1.4,2.0,0,0
6372,746987.0,1611.0,671.0,51.9,6.0,13.7,97.5,1.82,2.0,0,0
6373,692979.0,1139.0,930.0,41.3,6.0,3.8,95.1,0.9,1.0,0,0
6374,944822.0,1828.0,788.0,19.6,4.0,1.5,89.8,1.35,2.0,0,0
6375,868050.0,2927.0,484.0,24.7,34.0,18.2,93.8,1.07,2.0,0,0
6376,671630.0,1732.0,919.0,60.6,7.0,14.2,91.9,1.25,1.0,0,0
6377,706158.0,1578.0,200.0,16.2,27.0,12.4,91.3,1.14,2.0,0,0
6378,933918.0,2581.0,1221.0,25.6,8.0,22.1,97.7,0.89,2.0,0,0
6379,725313.0,961.0,371.0,18.0,41.0,8.6,94.9,1.21,2.0,0,0
6380,1048849.0,3338.0,200.0,36.9,10.0,4.9,93.1,1.34,2.0,0,0
6381,674453.0,2362.0,1014.0,13.8,4.0,5.7,87.2,1.46,2.0,0,0
6382,1057704.0,2775.0,982.0,35.0,3.0,3.5,98.7,1.52,2.0,0,0
6383,939692.0,2574.0,659.0,21.8,34.0,8.6,92.4,2.07,2.0,0,0
6384,563382.0,1309.0,814.0,36.0,10.0,5.3,88.7,1.45,2.0,0,0
6385,782079.0,1451.0,511.0,53.8,23.0,4.2,97.8,1.24,2.0,0,0
6386,623698.0,1191.0,589.0,51.9,74.0,10.0,94.2,0.65,2.0,0,0
6387,705966.0,1203.0,756.0,34.3,9.0,1.6,92.9,1.04,2.0,0,0
6388,683062.0,1608.0,570.0,37.3,7.0,3.8,91.7,1.82,2.0,0,0
6389,922675.0,2812.0,1392.0,48.5,17.0,4.4,95.2,2.07,2.0,0,0
6390,591591.0,820.0,1136.0,12.7,28.0,5.1,99.0,1.49,2.0,0,0
6391,808494.0,1965.0,1102.0,8.6,39.0,2.0,94.7,1.49,2.0,0,0
6392,697502.0,1641.0,1063.0,2.5,22.0,1.9,87.6,1.54,2.0,0,0
6393,639798.0,1373.0,782.0,30.6,15.0,20.6,90.5,1.04,2.0,0,0
6394,616874.0,1801.0,487.0,43.8,11.0,18.2,91.0,1.29,1.0,0,0
6395,984651.0,3293.0,836.0,19.7,16.0,8.0,92.5,1.62,2.0,0,0
6396,705418.0,821.0,713.0,23.3,13.0,0.9,93.2,1.81,2.0,0,0
6397,626288.0,1372.0,487.0,59.1,48.0,0.7,92.7,1.07,2.0,0,0
6398,864432.0,1942.0,652.0,27.6,3.0,2.7,98.2,0.54,2.0,0,0
6399,704556.0,1530.0,563.0,27.6,59.0,1.9,93.1,1.6,2.0,0,0
6400,640775.0,1192.0,421.0,29.8,52.0,11.6,94.6,1.28,2.0,0,0
6401,823387.0,2121.0,979.0,17.7,68.0,21.9,91.0,2.11,2.0,0,0
6402,624162.0,783.0,223.0,33.1,1.0,8.2,92.5,1.39,2.0,0,0
6403,804518.0,1755.0,299.0,13.7,4.0,0.9,94.9,1.69,2.0,0,0
6404,1036388.0,2234.0,1231.0,25.4,1.0,0.5,96.4,1.2,2.0,0,0
6405,767521.0,1496.0,200.0,23.5,10.0,1.8,96.4,1.81,2.0,0,0
6406,874409.0,1235.0,380.0,27.1,0.0,0.5,96.7,1.69,2.0,0,0
6407,951840.0,2377.0,911.0,28.3,37.0,7.8,93.9,1.12,2.0,0,0
6408,867096.0,2122.0,1328.0,64.7,10.0,3.2,90.2,1.07,2.0,0,0
6409,974054.0,2851.0,1515.0,45.6,3.0,4.6,97.4,1.56,2.0,0,0
6410,827691.0,1790.0,200.0,20.5,67.0,2.8,95.1,1.12,2.0,0,0
6411,584653.0,1213.0,258.0,10.5,45.0,10.6,96.2,0.78,2.0,0,0
6412,737270.0,2443.0,642.0,61.9,42.0,1.4,93.1,0.93,2.0,0,0
6413,740309.0,986.0,359.0,13.5,10.0,5.6,95.4,0.87,2.0,0,0
6414,537009.0,1588.0,285.0,35.2,74.5,10.4,93.2,1.71,2.0,0,0
6415,514264.0,1172.0,685.0,43.9,12.0,11.1,88.0,1.67,2.0,0,0
6416,680139.0,847.0,200.0,23.3,18.0,5.1,94.9,1.82,2.0,0,0
6417,801989.0,1782.0,463.0,22.1,6.0,11.3,93.6,1.55,2.0,0,0
6418,843735.0,2068.0,1241.0,21.5,6.0,10.0,91.0,1.34,2.0,0,0
6419,768684.0,1910.0,1304.0,23.2,18.0,9.0,97.2,1.44,2.0,0,0
6420,676228.0,1038.0,625.0,36.4,21.0,11.9,90.8,0.96,2.0,0,0
6421,589307.0,1315.0,200.0,12.8,18.0,11.9,94.5,0.88,1.0,0,0
6422,587216.0,1357.0,343.0,13.2,52.0,2.6,98.3,1.32,2.0,0,0
6423,912892.0,1906.0,764.0,10.9,8.0,5.8,94.9,1.74,2.0,0,0
6424,1043424.0,3038.0,1794.0,6.3,29.0,3.4,85.2,1.44,2.0,0,0
6425,745978.0,1359.0,259.0,39.3,6.0,1.2,92.6,1.75,2.0,0,0
6426,708352.0,1509.0,601.0,47.1,68.0,0.5,92.0,1.66,2.0,0,0
6427,1199565.125,3566.625,1801.5,12.3,37.0,9.8,97.5,1.3,2.0,0,0
6428,657003.0,2419.0,344.0,38.7,67.0,7.0,94.8,1.3,2.0,0,0
6429,876588.0,2647.0,421.0,13.1,74.5,5.5,93.7,1.31,2.0,0,0
6430,817496.0,1026.0,862.0,10.1,1.0,3.0,93.7,1.93,2.0,0,0
6431,744777.0,1335.0,565.0,32.6,46.0,1.5,96.1,1.66,2.0,0,0
6432,847343.0,1555.0,253.0,30.0,27.0,5.6,92.3,1.14,2.0,0,0
6433,884466.0,2975.0,732.0,7.4,43.0,1.8,89.4,1.77,2.0,0,0
6434,804865.0,1542.0,619.0,17.5,74.5,21.4,93.5,0.97,2.0,0,0
6435,957656.0,2506.0,1442.0,47.7,23.0,16.8,97.0,1.23,2.0,0,0
6436,850015.0,1892.0,585.0,45.8,35.0,4.3,97.1,1.72,2.0,0,0
6437,785076.0,2340.0,229.0,25.6,15.0,7.2,92.7,1.14,2.0,0,0
6438,824470.0,2468.0,468.0,17.6,74.5,23.55,97.8,1.44,2.0,0,0
6439,933845.0,1511.0,347.0,20.3,2.0,21.2,99.0,0.86,2.0,0,0
6440,1054530.0,3035.0,1084.0,49.4,15.0,1.3,91.7,1.45,1.0,0,0
6441,897456.0,2103.0,1110.0,16.5,10.0,7.0,99.0,1.33,2.0,0,0
6442,714590.0,1168.0,637.0,21.9,19.0,3.1,90.0,0.96,2.0,0,0
6443,940477.0,1808.0,1026.0,45.8,7.0,1.3,97.5,1.12,2.0,0,0
6444,1125465.0,3193.0,1347.0,16.8,12.0,17.2,93.6,1.62,2.0,0,0
6445,669476.0,1022.0,221.0,45.1,31.0,5.7,91.4,1.7,2.0,0,0
6446,769229.0,2051.0,756.0,25.5,4.0,7.4,92.8,1.97,1.0,0,0
6447,830387.0,1908.0,294.0,34.0,8.0,3.2,99.0,1.46,2.0,0,0
6448,750796.0,1563.0,200.0,24.2,30.0,9.6,94.3,1.9,2.0,0,0
6449,873310.0,1876.0,800.0,34.5,13.0,1.0,93.0,1.41,2.0,0,0
6450,989029.0,2232.0,488.0,23.1,6.0,1.3,92.6,1.81,2.0,0,0
6451,897120.0,2060.0,241.0,16.4,26.0,8.9,93.3,1.29,2.0,0,0
6452,871286.0,1995.0,1315.0,21.0,3.0,2.0,92.7,1.55,2.0,0,0
6453,986648.0,2390.0,620.0,25.5,7.0,0.7,87.9,1.13,2.0,0,0
6454,671602.0,1288.0,832.0,18.4,15.0,3.0,99.0,1.79,1.0,0,0
6455,1099172.0,3566.625,1535.0,59.3,9.0,1.9,89.2,1.5,2.0,0,0
6456,728269.0,1626.0,200.0,29.9,28.0,3.0,87.6,1.72,2.0,0,0
6457,881375.0,2568.0,950.0,37.0,15.0,3.7,92.2,1.6,2.0,0,0
6458,1199565.125,3566.625,1786.0,22.6,11.0,0.6,97.3,0.91,2.0,0,0
6459,455712.0,1302.0,559.0,62.1,68.0,3.3,92.7,1.47,2.0,0,0
6460,811706.0,1538.0,1200.0,15.7,1.0,3.9,90.7,1.43,2.0,0,0
6461,681974.0,1126.0,200.0,29.7,37.0,10.9,99.0,1.43,2.0,0,0
6462,706357.0,1893.0,911.0,23.9,49.0,22.3,93.6,1.39,2.0,0,0
6463,646770.0,1362.0,494.0,59.9,5.0,15.1,94.5,0.63,2.0,0,0
6464,749183.0,1482.0,200.0,46.8,24.0,1.8,90.5,0.96,2.0,0,0
6465,1093842.0,3290.0,1613.0,21.5,18.0,20.1,94.8,0.83,2.0,0,0
6466,1123334.0,3195.0,1463.0,27.3,12.0,1.4,90.6,1.18,2.0,0,0
6467,759466.0,2203.0,843.0,20.9,2.0,6.5,87.8,1.41,2.0,0,0
6468,630734.0,1566.0,200.0,28.0,70.0,0.5,88.7,1.54,2.0,0,0
6469,931584.0,1470.0,303.0,2.8,11.0,6.0,93.6,0.87,2.0,0,0
6470,559974.0,1315.0,995.0,53.3,13.0,12.1,92.4,1.36,2.0,0,0
6471,838214.0,1954.0,913.0,8.5,29.0,4.0,90.9,2.29,2.0,0,0
6472,701674.0,1925.0,1105.0,16.5,34.0,8.7,86.7,1.36,2.0,0,0
6473,779711.0,1943.0,900.0,27.6,34.0,10.5,90.0,1.47,2.0,0,0
6474,1049356.0,3143.0,1217.0,5.0,15.0,5.9,95.1,1.4,2.0,0,0
6475,682950.0,1318.0,362.0,14.6,10.0,7.9,87.2,0.94,2.0,0,0
6476,697508.0,1844.0,740.0,22.6,45.0,23.2,99.0,1.3,2.0,0,0
6477,837073.0,1606.0,819.0,8.7,13.0,0.9,91.5,1.39,2.0,0,0
6478,951624.0,2175.0,444.0,20.6,9.0,3.4,90.2,1.03,2.0,0,0
6479,509763.0,1268.0,596.0,47.4,50.0,5.0,87.2,1.65,2.0,0,0
6480,851712.0,2178.0,997.0,32.2,21.0,23.55,95.4,1.49,2.0,0,0
6481,1072377.0,3566.625,1612.0,57.8,4.0,5.2,95.7,0.87,2.0,0,0
6482,715226.0,2390.0,717.0,33.0,66.0,22.2,92.7,1.29,2.0,0,0
6483,912717.0,2070.0,795.0,12.2,5.0,9.8,93.9,1.03,2.0,0,0
6484,607428.0,1134.0,200.0,17.3,26.0,17.2,94.4,1.53,2.0,0,0
6485,633682.0,1764.0,602.0,19.8,20.0,11.4,88.3,1.54,2.0,0,0
6486,717991.0,1008.0,341.0,8.2,5.0,2.2,92.4,0.83,2.0,0,0
6487,1133844.0,2867.0,1324.0,6.7,18.0,10.6,94.1,1.5,2.0,0,0
6488,758805.0,1519.0,1050.0,28.3,3.0,10.3,91.9,1.34,2.0,0,0
6489,581072.0,1069.0,506.0,36.7,45.0,4.7,95.4,1.11,2.0,0,0
6490,712343.0,1633.0,605.0,19.0,2.0,3.3,99.0,1.39,2.0,0,0
6491,775200.0,1671.0,200.0,33.2,36.0,10.1,94.8,1.14,2.0,0,0
6492,658879.0,2176.0,680.0,8.6,44.0,18.8,88.7,1.82,2.0,0,0
6493,795062.0,1801.0,467.0,31.1,0.0,2.4,94.4,1.41,2.0,0,0
6494,604611.0,1635.0,383.0,19.5,64.0,23.55,90.5,1.81,2.0,0,0
6495,905343.0,2848.0,1387.0,47.9,8.0,9.2,98.3,1.52,2.0,0,0
6496,905264.0,2227.0,901.0,21.2,17.0,5.7,89.7,0.63,2.0,0,0
6497,932350.0,2897.0,1515.0,31.2,8.0,8.5,93.6,1.66,2.0,0,0
6498,883263.0,2423.0,463.0,25.0,48.0,0.9,96.0,1.67,1.0,0,0
6499,1152230.0,3566.625,1801.5,25.9,15.0,3.3,92.8,2.0,2.0,0,0
6500,736751.0,1629.0,456.0,29.8,5.0,15.5,89.2,1.04,2.0,0,0
6501,781587.0,1295.0,563.0,43.0,18.0,0.9,91.4,1.24,2.0,0,0
6502,872675.0,2533.0,694.0,30.1,40.0,6.9,84.5,1.26,2.0,0,0
6503,756810.0,1097.0,850.0,15.6,9.0,2.5,94.5,1.59,2.0,0,0
6504,905650.0,2535.0,835.0,9.2,3.0,4.1,89.6,1.81,2.0,0,0
6505,1128431.0,3566.625,1513.0,17.4,3.0,5.1,85.5,2.3449999999999998,2.0,0,0
6506,771773.0,1576.0,843.0,4.3,30.0,1.9,97.6,1.21,2.0,0,0
6507,716860.0,1370.0,200.0,11.2,4.0,1.4,94.0,1.89,2.0,0,0
6508,949130.0,2328.0,651.0,46.6,7.0,2.2,97.4,1.14,2.0,0,0
6509,718404.0,1480.0,391.0,33.3,5.0,0.6,94.5,1.31,2.0,0,0
6510,632605.0,1562.0,297.0,33.2,50.0,9.1,89.2,1.39,2.0,0,0
6511,1000882.0,2676.0,1127.0,22.2,32.0,3.0,93.0,1.22,2.0,0,0
6512,994131.0,3148.0,764.0,38.4,26.0,3.4,90.9,1.19,2.0,0,0
6513,692988.0,1274.0,839.0,6.8,74.5,7.0,99.0,1.53,2.0,0,0
6514,906684.0,2318.0,784.0,12.4,49.0,2.6,90.0,1.39,2.0,0,0
6515,766948.0,987.0,400.0,8.4,24.0,2.3,90.9,0.98,2.0,0,0
6516,530205.0,1341.0,522.0,0.6,3.0,3.2,92.4,1.49,2.0,0,0
6517,829249.0,1945.0,746.0,14.5,41.0,0.8,94.3,1.14,2.0,0,0
6518,784668.0,1591.0,780.0,24.6,5.0,6.3,98.7,1.43,2.0,0,0
6519,709994.0,2206.0,317.0,37.8,3.0,16.1,87.9,1.08,2.0,0,0
6520,1117864.0,3566.625,1414.0,10.2,11.0,5.2,93.0,2.0,2.0,0,0
6521,568496.0,1509.0,592.0,16.5,12.0,15.3,99.0,1.47,2.0,0,0
6522,714947.0,1695.0,1069.0,73.6625,48.0,14.4,95.5,1.3,2.0,0,0
6523,1049470.0,2815.0,675.0,22.1,14.0,7.0,99.0,1.36,2.0,0,0
6524,630756.0,1865.0,832.0,49.2,9.0,19.4,90.4,1.39,2.0,0,0
6525,840542.0,1613.0,338.0,59.7,36.0,1.9,94.2,1.2,2.0,0,0
6526,700145.0,1627.0,422.0,30.2,4.0,0.9,89.2,1.36,2.0,0,0
6527,607689.0,1765.0,495.0,36.1,0.0,8.7,89.4,1.17,2.0,0,0
6528,647428.0,1577.0,635.0,16.3,22.0,7.5,92.9,1.38,2.0,0,0
6529,553787.0,700.0,200.0,11.0,74.5,6.0,94.0,2.09,2.0,0,0
6530,601881.0,1716.0,705.0,40.5,22.0,11.8,96.6,1.35,2.0,0,0
6531,956984.0,1853.0,813.0,20.8,8.0,4.9,98.7,2.06,2.0,0,0
6532,1021625.0,3566.625,1284.0,24.5,2.0,0.5,93.3,1.44,1.0,0,0
6533,633626.0,1045.0,451.0,34.5,7.0,3.3,91.7,1.77,2.0,0,0
6534,1137358.0,3566.625,1605.0,20.5,1.0,18.4,92.4,1.16,2.0,0,0
6535,655838.0,1517.0,346.0,31.6,7.0,4.0,91.3,1.29,2.0,0,0
6536,704246.0,1627.0,464.0,47.8,37.0,3.3,93.2,1.16,2.0,0,0
6537,649674.0,1272.0,200.0,30.0,3.0,8.4,92.3,1.31,2.0,0,0
6538,748874.0,1822.0,350.0,39.1,8.0,2.1,89.2,1.58,2.0,0,0
6539,882628.0,1450.0,825.0,6.6,7.0,11.9,98.4,1.35,2.0,0,0
6540,513460.0,872.0,222.0,42.2,21.0,4.8,85.3,2.09,2.0,0,0
6541,689928.0,899.0,294.0,46.8,3.0,2.4,86.8,1.39,2.0,0,0
6542,923467.0,2100.0,1130.0,38.1,29.0,1.5,97.2,0.96,2.0,0,0
6543,936828.0,2420.0,1032.0,40.9,19.0,18.7,96.6,1.78,2.0,0,0
6544,634122.0,1419.0,487.0,22.6,18.0,21.6,91.5,1.46,2.0,0,0
6545,792178.0,934.0,1096.0,23.4,6.0,0.5,95.3,1.1,2.0,0,0
6546,1006391.0,2397.0,756.0,39.4,34.0,0.6,95.4,1.21,2.0,0,0
6547,919151.0,2081.0,200.0,11.0,18.0,2.3,99.0,2.0,2.0,0,0
6548,767606.0,1702.0,384.0,21.8,7.0,2.1,91.1,1.76,2.0,0,0
6549,941082.0,2084.0,688.0,18.7,52.0,0.5,90.9,1.12,2.0,0,0
6550,611696.0,1602.0,200.0,47.5,70.0,8.0,90.7,1.04,1.0,0,0
6551,687233.0,1292.0,474.0,25.5,2.0,18.0,95.9,1.18,2.0,0,0
6552,722820.0,2209.0,1399.0,43.7,48.0,18.6,89.4,1.77,2.0,0,0
6553,820250.0,1986.0,700.0,12.9,8.0,3.0,98.1,1.28,2.0,0,0
6554,639350.0,1480.0,837.0,26.5,19.0,0.5,90.3,1.77,2.0,0,0
6555,902265.0,2120.0,493.0,40.6,10.0,6.0,98.0,1.46,2.0,0,0
6556,734861.0,1488.0,229.0,38.1,20.0,3.9,94.0,1.78,2.0,0,0
6557,763257.0,2801.0,1266.0,24.9,2.0,7.2,90.1,2.01,1.0,0,0
6558,778970.0,1527.0,253.0,18.8,15.0,1.4,91.1,1.7,2.0,0,0
6559,932957.0,3151.0,1014.0,34.8,28.0,6.3,96.2,1.75,2.0,0,0
6560,805468.0,1648.0,470.0,7.1,0.0,23.55,95.2,0.81,2.0,0,0
6561,852932.0,2188.0,782.0,18.3,26.0,1.6,87.9,1.25,2.0,0,0
6562,806672.0,1559.0,645.0,15.7,40.0,4.4,89.5,1.14,2.0,0,0
6563,779563.0,1566.0,200.0,9.2,14.0,5.2,93.8,1.9,2.0,0,0
6564,556933.0,1234.0,200.0,17.4,25.0,23.55,92.6,1.89,2.0,0,0
6565,824394.0,2030.0,685.0,13.1,31.0,4.8,92.0,1.41,2.0,0,0
6566,780348.0,1367.0,843.0,67.1,14.0,2.0,94.2,1.46,2.0,0,0
6567,786131.0,1651.0,519.0,34.9,20.0,9.3,88.6,1.03,2.0,0,0
6568,833234.0,1804.0,992.0,29.1,11.0,2.8,95.0,1.4,2.0,0,0
6569,975903.0,2605.0,1302.0,28.0,0.0,1.9,91.2,1.41,2.0,0,0
6570,646152.0,1274.0,632.0,18.9,20.0,12.0,89.1,0.68,2.0,0,0
6571,716302.0,1793.0,684.0,17.5,62.0,9.1,92.0,1.46,2.0,0,0
6572,881734.0,2876.0,1563.0,26.8,1.0,8.0,92.7,1.54,2.0,0,0
6573,641440.0,1406.0,618.0,29.3,39.0,16.9,89.4,1.24,2.0,0,0
6574,541554.0,1122.0,250.0,45.6,68.0,1.6,96.1,2.07,2.0,0,0
6575,766949.0,1560.0,200.0,20.7,30.0,3.5,98.5,0.74,2.0,0,0
6576,765077.0,932.0,540.0,13.3,10.0,8.6,96.5,1.72,2.0,0,0
6577,792646.0,1257.0,560.0,32.0,7.0,0.5,99.0,0.99,2.0,0,0
6578,789553.0,1607.0,791.0,47.5,5.0,0.5,90.9,1.39,2.0,0,0
6579,1188910.0,3284.0,1569.0,26.2,12.0,6.6,95.9,1.15,2.0,0,0
6580,785425.0,1685.0,620.0,21.1,20.0,2.1,93.2,1.65,2.0,0,0
6581,804017.0,1746.0,871.0,34.1,14.0,8.3,92.5,1.47,2.0,0,0
6582,500716.0,829.0,825.0,27.2,21.0,17.2,94.9,1.64,2.0,0,0
6583,662032.0,1571.0,754.0,21.7,40.0,23.55,93.2,1.98,2.0,0,0
6584,722109.0,1215.0,380.0,21.5,58.0,9.2,95.9,1.48,2.0,0,0
6585,803060.0,2055.0,453.0,13.9,14.0,3.7,93.0,1.21,2.0,0,0
6586,780339.0,1898.0,442.0,11.6,13.0,11.6,91.6,1.39,2.0,0,0
6587,834795.0,1258.0,200.0,14.3,24.0,4.1,90.2,1.45,2.0,0,0
6588,1122263.0,3566.625,1278.0,60.2,17.0,0.5,87.8,1.54,2.0,0,0
6589,744362.0,2579.0,1168.0,19.1,30.0,13.8,90.2,2.03,1.0,0,0
6590,701152.0,1522.0,200.0,33.1,3.0,16.4,94.4,0.76,2.0,0,0
6591,694283.0,1398.0,403.0,31.6,10.0,8.5,96.3,1.03,2.0,0,0
6592,820852.0,1890.0,200.0,10.4,17.0,2.7,93.4,1.23,2.0,0,0
6593,703663.0,2408.0,1232.0,57.0,26.0,23.55,90.4,1.58,1.0,0,0
6594,724088.0,1438.0,1011.0,23.0,3.0,2.4,89.2,1.3,2.0,0,0
6595,696553.0,1312.0,301.0,17.9,7.0,1.6,89.8,1.33,2.0,0,0
6596,883844.0,1959.0,938.0,10.3,0.0,5.5,95.8,1.09,2.0,0,0
6597,1066245.0,3197.0,1660.0,7.7,47.0,4.1,93.2,1.42,1.0,0,0
6598,947164.0,3221.0,1104.0,58.6,38.0,2.0,94.7,0.87,2.0,0,0
6599,898795.0,1653.0,478.0,24.4,5.0,1.2,89.1,1.63,2.0,0,0
6600,651984.0,1723.0,1259.0,25.7,61.0,3.1,93.0,1.68,1.0,0,0
6601,605256.0,1669.0,628.0,31.0,21.0,22.1,92.1,1.45,2.0,0,0
6602,1021974.0,2686.0,727.0,45.1,10.0,4.5,98.6,1.3,2.0,0,0
6603,848117.0,1121.0,200.0,20.7,7.0,0.5,94.8,1.39,2.0,0,0
6604,817977.0,1856.0,453.0,29.0,24.0,0.8,94.6,1.97,2.0,0,0
6605,738125.0,1790.0,1219.0,40.5,23.0,7.7,97.2,1.11,2.0,0,0
6606,462282.0,897.0,207.0,46.2,74.5,0.5,90.5,1.54,2.0,0,0
6607,1018275.0,2821.0,965.0,47.1,6.0,1.5,90.9,1.41,2.0,0,0
6608,737910.0,1318.0,206.0,15.5,60.0,0.5,91.5,1.22,2.0,0,0
6609,531589.0,1477.0,766.0,64.5,17.0,15.8,92.6,1.53,2.0,0,0
6610,829709.0,2264.0,449.0,19.4,6.0,3.6,91.3,1.52,2.0,0,0
6611,811262.0,2447.0,1130.0,38.1,39.0,9.4,95.4,1.41,2.0,0,0
6612,977115.0,3180.0,642.0,10.0,0.0,5.7,91.9,1.32,2.0,0,0
6613,903168.0,1675.0,697.0,31.0,25.0,1.8,87.1,1.99,2.0,0,0
6614,827966.0,1865.0,1728.0,22.4,74.5,16.5,94.4,1.89,2.0,0,0
6615,1034722.0,2781.0,835.0,8.4,14.0,11.3,94.3,1.73,2.0,0,0
6616,874210.0,2049.0,1080.0,21.5,18.0,10.8,92.8,1.43,2.0,0,0
6617,783535.0,2463.0,614.0,54.4,2.0,11.0,94.6,1.56,2.0,0,0
6618,711030.0,1909.0,413.0,26.0,28.0,1.2,94.3,1.61,2.0,0,0
6619,803645.0,1776.0,789.0,64.2,30.0,0.9,95.2,1.42,2.0,0,0
6620,988958.0,2706.0,881.0,53.3,3.0,3.3,96.7,2.08,2.0,0,0
6621,573477.0,1710.0,200.0,45.7,74.5,7.5,97.3,1.83,2.0,0,0
6622,944878.0,2560.0,469.0,13.4,11.0,5.4,84.8,1.18,2.0,0,0
6623,810798.0,1860.0,729.0,36.3,23.0,10.6,94.8,1.61,2.0,0,0
6624,714454.0,1506.0,556.0,3.7,47.0,10.9,93.5,1.15,2.0,0,0
6625,717144.0,1990.0,808.0,36.4,47.0,0.6,91.6,1.32,2.0,0,0
6626,967889.0,2504.0,761.0,26.1,4.0,0.6,90.3,1.67,2.0,0,0
6627,695922.0,1460.0,490.0,15.2,74.5,1.3,96.0,1.55,2.0,0,0
6628,812414.0,2407.0,757.0,52.5,13.0,15.4,96.2,1.45,2.0,0,0
6629,643187.0,1311.0,987.0,6.6,20.0,6.9,92.6,1.21,2.0,0,0
6630,872612.0,2333.0,771.0,4.0,3.0,13.0,91.7,1.54,2.0,0,0
6631,935340.0,2152.0,259.0,20.2,10.0,5.1,99.0,1.34,2.0,0,0
6632,711826.0,1137.0,200.0,12.7,24.0,0.5,97.4,1.37,2.0,0,0
6633,778559.0,1922.0,889.0,16.2,4.0,0.7,94.1,1.44,2.0,0,0
6634,554885.0,1320.0,894.0,56.3,23.0,9.7,99.0,1.57,2.0,0,0
6635,796427.0,1384.0,232.0,38.3,5.0,10.8,89.9,1.8,2.0,0,0
6636,690593.0,1223.0,200.0,20.1,9.0,6.1,98.0,1.63,2.0,0,0
6637,971250.0,2940.0,712.0,25.2,13.0,23.55,87.9,1.41,2.0,0,0
6638,712675.0,1462.0,252.0,24.7,24.0,15.3,96.8,1.27,2.0,0,0
6639,783558.0,1471.0,1420.0,36.4,17.0,0.9,94.3,1.52,2.0,0,0
6640,1141257.0,3566.625,1688.0,39.4,23.0,12.3,92.8,1.08,2.0,0,0
6641,776493.0,1397.0,513.0,43.0,19.0,7.4,87.4,1.13,2.0,0,0
6642,879764.0,2804.0,344.0,24.7,2.0,9.9,89.6,1.37,2.0,0,0
6643,601887.0,1281.0,200.0,9.1,15.0,23.55,89.3,1.89,2.0,0,0
6644,1199565.125,3566.625,1801.5,31.9,1.0,1.5,89.3,1.58,2.0,0,0
6645,845856.0,1459.0,608.0,18.5,4.0,0.9,94.7,1.84,2.0,0,0
6646,900792.0,2129.0,928.0,24.5,13.0,2.1,89.5,1.11,1.0,0,0
6647,559756.0,1442.0,728.0,53.0,74.5,4.7,97.2,1.63,2.0,0,0
6648,837077.0,2672.0,995.0,17.5,5.0,13.6,91.9,1.01,2.0,0,0
6649,536851.0,1322.0,657.0,21.1,0.0,22.0,88.2,1.01,2.0,0,0
6650,948180.0,2308.0,806.0,24.3,30.0,0.5,98.1,1.38,2.0,0,0
6651,852304.0,2022.0,869.0,25.8,9.0,0.5,89.9,1.28,2.0,0,0
6652,810447.0,1117.0,200.0,27.1,18.0,4.0,91.6,1.89,2.0,0,0
6653,1038426.0,3532.0,818.0,11.9,38.0,9.0,92.8,1.39,2.0,0,0
6654,727771.0,1614.0,201.0,38.8,47.0,17.7,91.3,1.04,2.0,0,0
6655,538268.0,1130.0,409.0,60.6,48.0,5.1,92.0,1.91,2.0,0,0
6656,907877.0,1805.0,1221.0,14.3,8.0,23.0,97.9,1.62,2.0,0,0
6657,877100.0,2307.0,1481.0,16.3,1.0,4.0,90.4,0.81,2.0,0,0
6658,973366.0,2491.0,888.0,46.3,9.0,0.5,93.4,0.94,2.0,0,0
6659,446291.0,985.0,200.0,29.5,1.0,19.2,88.0,1.56,2.0,0,0
6660,652030.0,2079.0,542.0,50.1,74.5,3.1,94.5,1.41,2.0,0,0
6661,810420.0,2075.0,453.0,10.3,8.0,13.8,92.6,1.45,2.0,0,0
6662,795926.0,1810.0,462.0,14.5,0.0,1.6,91.8,1.32,2.0,0,0
6663,711265.0,1640.0,438.0,27.2,32.0,10.3,91.1,1.05,2.0,0,0
6664,722417.0,851.0,372.0,8.6,13.0,1.2,91.1,2.3449999999999998,2.0,0,0
6665,1140578.0,3544.0,1342.0,5.9,26.0,2.1,91.5,1.11,2.0,0,0
6666,525353.0,1238.0,200.0,29.4,6.0,5.3,91.3,1.76,2.0,0,0
6667,1036418.0,2681.0,881.0,24.4,22.0,0.5,92.8,1.23,2.0,0,0
6668,599515.0,1066.0,439.0,22.1,27.0,5.1,94.1,1.2,2.0,0,0
6669,819611.0,1365.0,227.0,28.9,18.0,5.0,95.1,1.19,2.0,0,0
6670,769327.0,1131.0,200.0,28.5,4.0,3.0,95.6,1.16,2.0,0,0
6671,864923.0,1627.0,1346.0,33.6,4.0,1.4,99.0,2.01,2.0,0,0
6672,986005.0,2689.0,644.0,10.7,53.0,6.2,92.1,1.44,1.0,0,0
6673,559708.0,1220.0,356.0,19.4,53.0,1.7,90.0,1.29,2.0,0,0
6674,574958.0,1196.0,527.0,29.8,33.0,23.55,87.6,1.03,2.0,0,0
6675,836748.0,2812.0,1175.0,39.3,20.0,18.2,93.3,1.16,2.0,0,0
6676,890159.0,1920.0,1170.0,4.6,24.0,1.8,88.6,1.59,2.0,0,0
6677,730853.0,1962.0,1123.0,9.0,20.0,3.2,93.1,1.06,2.0,0,0
6678,639372.0,1214.0,534.0,26.1,17.0,16.8,90.9,1.99,2.0,0,0
6679,654286.0,1230.0,240.0,19.7,33.0,16.0,94.6,1.69,2.0,0,0
6680,923123.0,2191.0,1134.0,29.6,74.5,1.6,89.6,0.98,2.0,0,0
6681,747587.0,1589.0,655.0,16.2,33.0,3.9,92.7,1.11,2.0,0,0
6682,761444.0,1844.0,447.0,12.4,15.0,8.5,89.9,0.83,1.0,0,0
6683,1040458.0,2733.0,1155.0,13.3,18.0,5.6,87.0,1.98,2.0,0,0
6684,810106.0,2468.0,652.0,73.6625,3.0,1.2,92.8,1.73,2.0,0,0
6685,680722.0,2088.0,403.0,24.7,7.0,23.55,87.6,1.19,2.0,0,0
6686,901802.0,2442.0,1248.0,9.5,60.0,4.3,91.1,1.35,2.0,0,0
6687,1151532.0,3566.625,1094.0,50.8,43.0,15.9,91.2,0.84,2.0,0,0
6688,680226.0,1465.0,550.0,38.0,7.0,9.9,96.3,1.35,2.0,0,0
6689,734513.0,2250.0,1115.0,52.5,74.5,0.8,91.6,1.94,2.0,0,0
6690,922788.0,2271.0,1047.0,12.8,3.0,11.8,89.6,1.09,2.0,0,0
6691,678869.0,1934.0,793.0,49.1,10.0,16.8,90.1,1.24,2.0,0,0
6692,620279.0,1731.0,1116.0,14.4,74.5,4.2,89.5,1.69,2.0,0,0
6693,787416.0,1605.0,201.0,10.4,9.0,3.5,92.8,1.73,2.0,0,0
6694,897819.0,1895.0,612.0,25.9,15.0,0.5,94.4,1.56,2.0,0,0
6695,902805.0,2162.0,728.0,5.2,4.0,5.1,91.0,1.21,2.0,0,0
6696,687127.0,1984.0,387.0,28.5,23.0,7.4,91.4,1.38,2.0,0,0
6697,779993.0,1715.0,604.0,47.4,6.0,6.3,94.9,2.13,2.0,0,0
6698,921832.0,1577.0,1146.0,15.1,14.0,8.3,96.9,1.37,2.0,0,0
6699,718601.0,1719.0,200.0,13.8,19.0,8.3,90.3,0.85,2.0,0,0
6700,721424.0,1440.0,722.0,6.8,21.0,18.5,93.6,0.93,2.0,0,0
6701,590910.0,1071.0,200.0,16.3,28.0,1.2,91.3,1.4,1.0,0,0
6702,598494.0,1384.0,1192.0,39.3,31.0,9.8,93.5,1.44,2.0,0,0
6703,684862.0,1512.0,591.0,61.3,19.0,8.1,85.8,1.83,2.0,0,0
6704,947342.0,2204.0,1294.0,31.2,19.0,4.4,91.8,1.17,2.0,0,0
6705,748748.0,1535.0,285.0,37.9,22.0,12.1,91.6,1.55,2.0,0,0
6706,864705.0,2365.0,967.0,28.8,74.5,23.55,93.1,0.99,2.0,0,0
6707,720582.0,1579.0,1202.0,35.9,4.0,6.1,98.3,1.28,2.0,0,0
6708,985653.0,2724.0,468.0,40.3,5.0,1.7,89.8,1.98,2.0,0,0
6709,571060.0,1197.0,817.0,51.5,34.0,2.3,99.0,1.58,2.0,0,0
6710,754392.0,1552.0,682.0,13.4,8.0,14.8,89.2,1.98,2.0,0,0
6711,903325.0,2464.0,1526.0,32.5,27.0,5.2,95.2,1.45,2.0,0,0
6712,861108.0,2248.0,854.0,5.2,3.0,0.7,96.4,1.45,2.0,0,0
6713,591259.0,889.0,200.0,14.5,34.0,0.9,84.4,1.86,2.0,0,0
6714,729583.0,1893.0,961.0,18.1,22.0,3.9,94.5,1.92,1.0,0,0
6715,865922.0,1854.0,507.0,13.0,6.0,3.2,90.9,1.67,2.0,0,0
6716,766023.0,2288.0,976.0,17.5,4.0,18.0,94.4,1.65,2.0,0,0
6717,830805.0,2008.0,875.0,34.3,12.0,0.5,93.4,1.72,2.0,0,0
6718,515113.0,1116.0,631.0,50.7,4.0,10.9,88.9,1.29,1.0,0,0
6719,835009.0,2157.0,1066.0,49.1,13.0,4.5,95.0,1.59,2.0,0,0
6720,769418.0,1164.0,351.0,18.8,5.0,1.5,94.0,1.45,2.0,0,0
6721,565689.0,1456.0,437.0,29.0,28.0,1.6,95.3,1.39,2.0,0,0
6722,544046.0,1788.0,724.0,35.5,23.0,23.55,87.0,2.12,2.0,0,0
6723,856908.0,2096.0,200.0,5.6,33.0,5.3,93.7,1.54,2.0,0,0
6724,859992.0,1596.0,341.0,39.5,21.0,1.5,97.9,0.95,2.0,0,0
6725,1155528.0,3462.0,926.0,11.9,24.0,15.1,97.8,1.1,2.0,0,0
6726,797019.0,1984.0,200.0,29.0,15.0,10.7,93.5,1.75,2.0,0,0
6727,661581.0,1173.0,572.0,25.6,32.0,9.0,94.8,1.43,2.0,0,0
6728,958189.0,2538.0,1020.0,45.8,16.0,10.7,94.6,1.33,2.0,0,0
6729,660119.0,2168.0,381.0,32.9,58.0,1.4,91.1,1.57,1.0,0,0
6730,579125.0,1297.0,375.0,24.6,8.0,10.1,94.7,1.24,2.0,0,0
6731,643486.0,1235.0,668.0,47.1,24.0,6.1,92.7,1.78,2.0,0,0
6732,785618.0,2167.0,1036.0,9.0,36.0,1.6,92.8,1.05,2.0,0,0
6733,886927.0,2002.0,1049.0,5.1,33.0,15.6,93.2,1.12,2.0,0,0
6734,743789.0,1243.0,200.0,15.3,35.0,16.5,95.4,1.5,2.0,0,0
6735,682771.0,1940.0,542.0,52.8,28.0,17.2,95.0,1.55,2.0,0,0
6736,675819.0,1904.0,355.0,45.8,7.0,4.6,94.6,1.12,2.0,0,0
6737,1199565.125,3336.0,1801.5,17.0,36.0,12.9,90.7,1.21,2.0,0,0
6738,582484.0,1621.0,249.0,9.0,31.0,5.6,91.4,1.58,1.0,0,0
6739,655336.0,1814.0,953.0,55.0,74.5,1.5,96.9,1.45,2.0,0,0
6740,702537.0,1274.0,452.0,55.6,21.0,2.6,92.8,1.46,2.0,0,0
6741,483110.0,1274.0,967.0,41.5,57.0,5.4,92.0,1.84,2.0,0,0
6742,1199565.125,3566.625,1577.0,9.7,2.0,12.7,89.2,1.41,2.0,0,0
6743,921904.0,2954.0,1323.0,19.0,32.0,10.7,87.3,2.15,2.0,0,0
6744,691721.0,1274.0,992.0,22.9,0.0,18.0,96.6,2.24,2.0,0,0
6745,705232.0,1920.0,521.0,29.3,30.0,1.0,86.6,1.58,2.0,0,0
6746,1010595.0,2513.0,1159.0,14.6,5.0,4.3,90.0,1.44,2.0,0,0
6747,692585.0,1570.0,590.0,18.7,8.0,0.7,97.3,2.13,2.0,0,0
6748,1006386.0,3021.0,719.0,18.0,19.0,13.0,94.3,1.54,2.0,0,0
6749,774473.0,2404.0,637.0,47.5,13.0,6.0,89.5,1.86,2.0,0,0
6750,1044864.0,3226.0,1526.0,3.6,25.0,23.55,97.7,0.97,2.0,0,0
6751,977020.0,3069.0,823.0,35.9,9.0,0.5,87.9,2.3449999999999998,2.0,0,0
6752,768206.0,1540.0,606.0,33.7,1.0,3.1,90.9,1.35,2.0,0,0
6753,1180167.0,3152.0,1433.0,38.7,6.0,3.7,91.1,1.53,2.0,0,0
6754,1059394.0,2459.0,1219.0,42.5,7.0,5.2,95.8,1.11,2.0,0,0
6755,642501.0,1416.0,200.0,33.0,33.0,8.3,89.0,1.74,2.0,0,0
6756,802923.0,2142.0,1018.0,56.7,2.0,0.5,93.3,1.2,2.0,0,0
6757,778406.0,1715.0,976.0,38.4,14.0,8.0,96.3,2.04,2.0,0,0
6758,1015490.0,3067.0,394.0,35.2,5.0,8.6,87.7,1.69,2.0,0,0
6759,862983.0,1959.0,200.0,12.6,31.0,4.2,96.1,0.65,2.0,0,0
6760,567593.0,921.0,374.0,18.4,61.0,3.3,89.9,1.23,2.0,0,0
6761,628189.0,1478.0,200.0,41.5,23.0,4.2,87.1,1.24,2.0,0,0
6762,821606.0,1843.0,283.0,14.1,3.0,14.2,92.5,1.54,1.0,0,0
6763,762495.0,1458.0,506.0,27.1,1.0,8.7,96.3,1.45,2.0,0,0
6764,597000.0,1243.0,200.0,45.7,33.0,0.6,90.5,1.74,2.0,0,0
6765,753654.0,1532.0,984.0,28.7,50.0,3.7,87.1,1.02,2.0,0,0
6766,872331.0,2606.0,891.0,11.7,38.0,15.8,96.6,1.75,2.0,0,0
6767,673918.0,971.0,654.0,30.7,21.0,1.9,87.7,1.56,2.0,0,0
6768,724018.0,1573.0,200.0,31.2,4.0,15.0,92.9,1.17,2.0,0,0
6769,862283.0,1778.0,200.0,24.5,6.0,6.2,89.7,1.93,2.0,0,0
6770,589560.0,720.0,971.0,39.0,20.0,0.5,96.2,0.81,1.0,0,0
6771,741763.0,1667.0,546.0,19.0,35.0,9.9,99.0,1.55,1.0,0,0
6772,839649.0,1501.0,631.0,10.6,22.0,13.7,92.6,1.52,2.0,0,0
6773,581590.0,1356.0,956.0,41.2,9.0,18.7,87.1,1.18,2.0,0,0
6774,757098.0,1495.0,477.0,17.0,36.0,2.3,87.6,0.88,2.0,0,0
6775,929907.0,1862.0,896.0,9.9,17.0,4.1,94.5,1.66,2.0,0,0
6776,879059.0,1658.0,405.0,48.2,0.0,16.0,96.3,1.42,2.0,0,0
6777,698464.0,1554.0,902.0,39.5,1.0,2.2,90.1,1.9,2.0,0,0
6778,907784.0,1701.0,249.0,62.6,8.0,2.6,93.1,1.24,2.0,0,0
6779,1119813.0,3566.625,1379.0,56.7,51.0,6.0,89.1,1.62,2.0,0,0
6780,715137.0,2000.0,1019.0,28.2,19.0,12.5,89.6,1.17,2.0,0,0
6781,711154.0,1309.0,200.0,26.7,11.0,8.4,90.9,1.39,2.0,0,0
6782,877693.0,1046.0,793.0,25.5,4.0,0.5,97.4,0.99,2.0,0,0
6783,977462.0,1844.0,1350.0,17.3,0.0,1.2,89.1,1.02,2.0,0,0
6784,727078.0,1608.0,930.0,23.9,10.0,11.1,88.3,1.18,1.0,0,0
6785,618741.0,1402.0,329.0,26.5,23.0,9.3,91.7,1.37,1.0,0,0
6786,842469.0,2265.0,1210.0,24.0,74.5,6.7,89.5,1.46,2.0,0,0
6787,871155.0,1983.0,1081.0,28.5,55.0,4.1,95.8,1.34,2.0,0,0
6788,910624.0,2404.0,709.0,52.6,1.0,11.6,96.6,1.31,2.0,0,0
6789,800769.0,2241.0,751.0,28.9,34.0,11.4,94.2,1.44,2.0,0,0
6790,769520.0,1333.0,331.0,14.6,19.0,7.5,91.8,1.42,2.0,0,0
6791,721587.0,1237.0,357.0,45.0,13.0,7.6,91.6,1.98,2.0,0,0
6792,964026.0,2311.0,786.0,54.8,15.0,3.8,94.6,1.8,2.0,0,0
6793,847373.0,2429.0,217.0,13.6,45.0,5.8,90.3,1.42,2.0,0,0
6794,875747.0,2156.0,841.0,5.5,2.0,14.1,93.2,1.42,2.0,0,0
6795,823903.0,2198.0,261.0,34.2,23.0,10.2,91.7,1.61,2.0,0,0
6796,740157.0,1519.0,217.0,57.2,6.0,6.2,89.2,0.83,2.0,0,0
6797,753706.0,1394.0,469.0,16.5,4.0,7.9,94.5,1.6,2.0,0,0
6798,796546.0,1829.0,664.0,7.8,74.5,14.6,86.8,1.49,2.0,0,0
6799,594600.0,886.0,498.0,59.3,24.0,23.55,92.1,1.38,2.0,0,0
6800,791622.0,1921.0,200.0,42.2,11.0,6.4,93.7,1.2,2.0,0,0
6801,695638.0,1428.0,206.0,15.8,43.0,1.6,94.1,1.3,2.0,0,0
6802,1026375.0,2426.0,425.0,25.6,1.0,14.7,99.0,2.01,2.0,0,0
6803,767167.0,1364.0,751.0,21.8,34.0,4.0,88.9,1.47,2.0,0,0
6804,850470.0,1432.0,200.0,13.8,3.0,6.8,87.4,1.07,2.0,0,0
6805,1149947.0,3339.0,1634.0,17.6,11.0,2.0,87.4,1.58,2.0,0,0
6806,881418.0,2482.0,1456.0,21.1,23.0,7.5,93.6,1.58,2.0,0,0
6807,988954.0,2804.0,689.0,18.5,1.0,9.7,90.5,1.68,2.0,0,0
6808,775483.0,2361.0,738.0,45.7,53.0,5.2,95.9,0.94,2.0,0,0
6809,739361.0,1301.0,200.0,25.7,13.0,3.3,91.7,1.52,2.0,0,0
6810,481865.0,700.0,459.0,12.1,33.0,22.4,90.2,1.35,2.0,0,0
6811,749508.0,1258.0,200.0,16.8,38.0,3.0,91.9,1.84,2.0,0,0
6812,839689.0,1930.0,527.0,32.9,10.0,14.2,94.1,1.26,2.0,0,0
6813,695836.0,1573.0,443.0,29.5,13.0,2.9,87.6,1.39,2.0,0,0
6814,1113462.0,2466.0,597.0,28.7,7.0,4.1,95.6,0.99,2.0,0,0
6815,631176.0,1480.0,814.0,32.1,13.0,0.7,86.7,1.86,2.0,0,0
6816,960685.0,2815.0,1276.0,18.8,1.0,10.4,95.1,1.96,2.0,0,0
6817,848935.0,1813.0,200.0,24.7,32.0,3.1,91.9,1.5,2.0,0,0
6818,858745.0,2217.0,634.0,26.6,12.0,8.4,88.6,0.93,2.0,0,0
6819,1151302.0,3566.625,745.0,34.7,45.0,3.3,93.2,2.03,2.0,0,0
6820,779241.0,1177.0,539.0,33.4,74.5,2.0,92.6,1.46,2.0,0,0
6821,1080596.0,2700.0,666.0,7.9,2.0,2.0,89.6,1.07,2.0,0,0
6822,868044.0,2375.0,1207.0,34.2,2.0,21.9,90.7,1.59,2.0,0,0
6823,870927.0,2080.0,739.0,37.9,48.0,4.9,93.8,1.5,1.0,0,0
6824,724264.0,1478.0,525.0,31.3,12.0,10.2,95.8,1.57,2.0,0,0
6825,912696.0,1961.0,1175.0,35.8,5.0,8.7,94.4,1.0,2.0,0,0
6826,764461.0,1670.0,468.0,2.2,57.0,5.3,97.0,1.71,2.0,0,0
6827,1023535.0,2015.0,567.0,32.1,5.0,2.3,93.0,1.32,2.0,0,0
6828,784373.0,2159.0,1254.0,7.9,45.0,1.2,89.8,1.77,2.0,0,0
6829,663853.0,1733.0,596.0,22.2,18.0,23.55,95.8,1.62,2.0,0,0
6830,816950.0,1808.0,1100.0,13.1,1.0,1.0,94.2,1.77,2.0,0,0
6831,713490.0,2143.0,733.0,30.0,14.0,16.5,98.2,1.78,2.0,0,0
6832,1041905.0,2443.0,200.0,24.7,3.0,1.1,86.1,1.46,2.0,0,0
6833,541191.0,1356.0,530.0,18.3,39.0,11.0,92.3,1.33,2.0,0,0
6834,977725.0,2510.0,1238.0,27.0,2.0,1.1,88.4,1.32,2.0,0,0
6835,715129.0,1314.0,418.0,9.8,11.0,23.55,90.5,1.91,2.0,0,0
6836,632874.0,1134.0,321.0,14.5,6.0,15.9,94.1,1.34,2.0,0,0
6837,600507.0,1030.0,611.0,31.5,2.0,2.3,90.8,1.16,2.0,0,0
6838,862859.0,1459.0,373.0,11.8,4.0,2.6,90.2,1.5,2.0,0,0
6839,756980.0,1712.0,450.0,29.6,24.0,4.4,96.5,1.56,2.0,0,0
6840,797114.0,2155.0,1229.0,17.5,68.0,1.3,88.5,0.98,2.0,0,0
6841,625077.0,1385.0,200.0,22.5,10.0,1.2,87.7,1.56,2.0,0,0
6842,1040988.0,3327.0,1263.0,40.8,12.0,2.8,87.0,1.7,2.0,0,0
6843,786830.0,1650.0,680.0,22.1,23.0,7.8,94.8,1.19,2.0,0,0
6844,923301.0,2289.0,587.0,6.3,74.5,1.7,94.5,1.69,2.0,0,0
6845,714555.0,882.0,200.0,54.6,17.0,4.3,97.6,1.65,2.0,0,0
6846,936666.0,2314.0,587.0,19.6,27.0,9.4,89.4,0.73,1.0,0,0
6847,580270.0,1110.0,351.0,15.0,14.0,23.55,92.2,1.51,2.0,0,0
6848,577796.0,873.0,200.0,15.7,31.0,0.5,96.5,0.97,2.0,0,0
6849,786847.0,1745.0,639.0,14.0,9.0,6.8,86.9,1.83,2.0,0,0
6850,782409.0,1295.0,260.0,21.2,13.0,1.4,98.7,1.47,2.0,0,0
6851,740613.0,1275.0,227.0,17.3,8.0,3.6,89.0,1.04,2.0,0,0
6852,702886.0,1364.0,221.0,18.3,3.0,2.7,92.3,1.67,2.0,0,0
6853,810952.0,1483.0,885.0,38.4,31.0,0.5,99.0,1.04,2.0,0,0
6854,565801.0,1184.0,344.0,32.3,16.0,0.5,93.1,1.75,2.0,0,0
6855,909842.0,2232.0,1283.0,26.6,37.0,13.2,92.6,0.65,2.0,0,0
6856,663255.0,804.0,833.0,17.7,26.0,7.6,90.1,1.53,2.0,0,0
6857,923719.0,2202.0,866.0,43.2,7.0,1.3,87.1,1.35,2.0,0,0
6858,743836.0,1721.0,807.0,70.6,17.0,7.0,94.5,1.4,2.0,0,0
6859,616933.0,1933.0,773.0,46.3,74.5,6.3,94.3,0.99,2.0,0,0
6860,492542.0,1094.0,836.0,51.4,1.0,19.9,93.3,1.27,2.0,0,0
6861,687944.0,1435.0,446.0,6.5,44.0,20.3,97.5,1.51,2.0,0,0
6862,821850.0,1109.0,971.0,32.9,4.0,4.3,87.4,1.02,2.0,0,0
6863,675989.0,1518.0,878.0,37.7,16.0,13.7,94.6,1.91,2.0,0,0
6864,754476.0,1427.0,833.0,44.1,8.0,4.3,95.4,1.47,2.0,0,0
6865,594308.0,1018.0,200.0,13.4,15.0,13.1,88.8,1.29,2.0,0,0
6866,838419.0,2412.0,959.0,15.0,20.0,0.5,95.5,1.39,2.0,0,0
6867,374768.125,758.0,758.0,25.3,62.0,23.55,99.0,1.64,2.0,0,0
6868,568648.0,1362.0,433.0,7.2,8.0,14.9,88.1,0.5,2.0,0,0
6869,732406.0,1558.0,1248.0,16.1,38.0,23.55,95.6,2.3449999999999998,2.0,0,0
6870,847000.0,2741.0,1124.0,62.6,2.0,0.5,91.6,0.62,2.0,0,0
6871,583861.0,935.0,1082.0,60.3,25.0,10.4,93.6,2.01,2.0,0,0
6872,810355.0,1667.0,200.0,21.0,29.0,8.2,92.5,1.71,2.0,0,0
6873,706603.0,2406.0,984.0,51.8,49.0,16.8,96.9,1.32,2.0,0,0
6874,705235.0,1955.0,200.0,10.5,45.0,3.7,91.2,1.79,1.0,0,0
6875,822372.0,2357.0,1089.0,21.1,11.0,16.1,92.7,1.41,1.0,0,0
6876,741553.0,1073.0,200.0,49.4,9.0,3.0,98.8,1.05,2.0,0,0
6877,931615.0,2686.0,822.0,39.2,50.0,0.7,95.5,0.5,2.0,0,0
6878,675000.0,1556.0,200.0,20.4,2.0,12.3,95.4,1.46,2.0,0,0
6879,999820.0,3566.625,1489.0,71.7,69.0,7.1,99.0,0.93,2.0,0,0
6880,734142.0,1918.0,1074.0,28.5,13.0,7.2,98.6,1.28,2.0,0,0
6881,852865.0,2407.0,200.0,46.0,74.5,4.6,93.2,1.41,2.0,0,0
6882,852845.0,1334.0,746.0,45.2,4.0,3.5,88.3,1.25,2.0,0,0
6883,695704.0,1846.0,953.0,20.4,7.0,10.7,88.1,1.11,2.0,0,0
6884,559908.0,1303.0,900.0,22.9,3.0,5.2,96.9,1.94,2.0,0,0
6885,883880.0,2893.0,880.0,30.7,5.0,21.3,94.8,0.68,2.0,0,0
6886,962108.0,3039.0,1238.0,28.2,7.0,9.5,94.8,1.62,2.0,0,0
6887,841650.0,1947.0,455.0,25.9,74.5,2.2,91.6,0.99,2.0,0,0
6888,733928.0,1273.0,510.0,31.5,11.0,0.8,85.9,1.39,2.0,0,0
6889,689051.0,995.0,1050.0,9.4,25.0,3.2,99.0,1.8,2.0,0,0
6890,788605.0,2401.0,814.0,38.5,6.0,0.9,94.7,1.31,1.0,0,0
6891,705973.0,1600.0,200.0,49.6,64.0,0.5,91.4,1.33,2.0,0,0
6892,869966.0,2297.0,879.0,19.0,3.0,23.55,90.8,1.41,2.0,0,0
6893,1104060.0,3438.0,1596.0,15.3,3.0,23.55,89.9,1.78,2.0,0,0
6894,1199565.125,3566.625,1698.0,12.5,21.0,3.7,91.3,1.07,2.0,0,0
6895,705886.0,1929.0,1132.0,24.1,1.0,5.7,87.2,1.21,1.0,0,0
6896,706676.0,1711.0,646.0,33.4,33.0,2.1,94.0,1.47,1.0,0,0
6897,569518.0,1779.0,502.0,24.1,31.0,23.55,99.0,1.47,1.0,0,0
6898,748900.0,1403.0,284.0,33.0,1.0,3.9,97.4,1.4,2.0,0,0
6899,421006.0,712.0,200.0,25.7,18.0,23.55,88.2,1.45,2.0,0,0
6900,515597.0,1100.0,604.0,35.4,64.0,23.55,93.4,2.25,2.0,0,0
6901,823874.0,2809.0,981.0,73.6625,40.0,4.1,94.0,1.5,2.0,0,0
6902,959290.0,2310.0,1156.0,48.9,11.0,4.6,91.0,1.29,2.0,0,0
6903,888093.0,2215.0,694.0,5.2,11.0,3.3,87.9,1.75,2.0,0,0
6904,535534.0,1615.0,286.0,63.5,74.5,0.5,90.1,1.55,2.0,0,0
6905,684400.0,2018.0,750.0,17.1,23.0,5.6,94.3,0.98,2.0,0,0
6906,871379.0,1687.0,200.0,9.2,27.0,0.8,96.2,1.4,2.0,0,0
6907,778873.0,1407.0,698.0,18.2,3.0,6.2,89.3,1.76,2.0,0,0
6908,796977.0,1150.0,948.0,6.2,27.0,1.3,89.9,1.27,2.0,0,0
6909,763676.0,1776.0,781.0,49.7,20.0,8.0,94.0,1.26,2.0,0,0
6910,723919.0,1897.0,291.0,6.4,8.0,19.8,90.4,1.58,2.0,0,0
6911,988229.0,1585.0,763.0,12.1,3.0,1.8,92.6,0.8,2.0,0,0
6912,820153.0,1764.0,403.0,22.5,12.0,4.9,94.1,1.76,2.0,0,0
6913,864773.0,1911.0,406.0,4.7,52.0,3.6,90.4,1.99,2.0,0,0
6914,681265.0,1278.0,852.0,50.9,25.0,8.0,97.2,1.78,2.0,0,0
6915,1033442.0,3224.0,1451.0,12.0,15.0,23.55,97.5,0.75,2.0,0,0
6916,699140.0,1396.0,716.0,39.3,7.0,4.7,93.7,1.72,2.0,0,0
6917,791108.0,1922.0,631.0,6.0,9.0,23.55,94.9,1.64,2.0,0,0
6918,730002.0,1382.0,200.0,73.6625,22.0,8.9,96.6,1.42,2.0,0,0
6919,546745.0,1453.0,270.0,59.4,40.0,11.4,91.1,1.99,2.0,0,0
6920,812537.0,1100.0,788.0,27.1,2.0,1.0,91.6,1.98,2.0,0,0
6921,724221.0,1472.0,200.0,27.0,27.0,12.6,92.4,1.13,2.0,0,0
6922,1022343.0,2691.0,994.0,23.5,8.0,11.2,91.0,1.0,2.0,0,0
6923,1150173.0,3394.0,567.0,58.1,25.0,2.1,94.2,0.75,2.0,0,0
6924,645358.0,2530.0,811.0,14.0,65.0,12.2,94.4,1.64,1.0,0,0
6925,840167.0,2238.0,678.0,20.8,0.0,9.5,91.4,1.44,2.0,0,0
6926,818615.0,1396.0,629.0,19.0,13.0,5.7,96.9,0.99,2.0,0,0
6927,842015.0,2237.0,912.0,6.2,16.0,5.2,83.54999999999998,1.61,2.0,0,0
6928,700628.0,1128.0,770.0,27.5,6.0,0.5,91.0,1.55,2.0,0,0
6929,499946.0,2056.0,331.0,42.4,32.0,23.55,88.7,1.87,1.0,0,0
6930,777135.0,1936.0,795.0,6.6,42.0,10.1,94.3,1.1,2.0,0,0
6931,721097.0,1818.0,596.0,52.6,2.0,12.0,92.2,1.98,2.0,0,0
6932,691273.0,1531.0,200.0,14.0,16.0,2.9,94.8,1.78,2.0,0,0
6933,609592.0,1546.0,829.0,43.2,52.0,22.6,88.6,1.3,2.0,0,0
6934,876459.0,1615.0,200.0,29.3,3.0,2.6,99.0,1.42,2.0,0,0
6935,712633.0,1946.0,736.0,19.0,10.0,20.9,86.3,1.15,2.0,0,0
6936,997362.0,2987.0,1180.0,26.2,23.0,4.7,93.3,1.4,2.0,0,0
6937,895172.0,2583.0,857.0,35.7,6.0,5.4,92.9,2.14,2.0,0,0
6938,722498.0,1502.0,629.0,13.5,5.0,2.9,96.3,1.2,2.0,0,0
6939,750187.0,1540.0,477.0,26.0,31.0,2.4,91.1,1.34,2.0,0,0
6940,1018647.0,3129.0,504.0,25.4,20.0,3.2,94.9,1.73,2.0,0,0
6941,735327.0,1554.0,727.0,13.2,74.5,4.1,91.8,1.33,2.0,0,0
6942,893096.0,1631.0,342.0,61.2,3.0,0.6,94.2,0.7,2.0,0,0
6943,374768.125,1267.0,284.0,34.1,74.5,18.1,95.3,1.62,2.0,0,0
6944,749276.0,2540.0,539.0,34.0,8.0,23.55,96.7,1.27,2.0,0,0
6945,931129.0,1908.0,517.0,16.5,0.0,2.9,98.2,1.36,2.0,0,0
6946,664579.0,1440.0,744.0,24.5,22.0,14.7,94.7,1.76,2.0,0,0
6947,1002795.0,2729.0,731.0,38.1,53.0,1.6,97.4,0.62,2.0,0,0
6948,918898.0,2123.0,608.0,37.8,2.0,1.2,89.9,1.23,2.0,0,0
6949,916942.0,3094.0,1269.0,10.5,38.0,2.2,94.2,1.21,2.0,0,0
6950,698806.0,2024.0,749.0,69.4,74.5,9.3,95.8,1.73,2.0,0,0
6951,720799.0,2267.0,926.0,39.0,71.0,15.7,98.3,1.32,2.0,0,0
6952,597928.0,1361.0,200.0,28.2,24.0,3.3,93.7,0.67,2.0,0,0
6953,721954.0,1111.0,277.0,53.8,14.0,1.8,95.2,1.24,2.0,0,0
6954,1028568.0,3373.0,1173.0,8.7,52.0,3.7,85.5,1.16,2.0,0,0
6955,710077.0,1517.0,200.0,34.1,17.0,9.3,94.5,1.0,2.0,0,0
6956,942987.0,2653.0,537.0,57.7,74.5,4.8,93.5,1.46,2.0,0,0
6957,894855.0,2710.0,873.0,33.5,4.0,4.5,95.0,1.21,2.0,0,0
6958,846454.0,2259.0,518.0,24.7,17.0,10.2,95.2,1.36,2.0,0,0
6959,874029.0,1895.0,569.0,12.5,4.0,13.8,98.5,1.03,2.0,0,0
6960,762048.0,1829.0,200.0,66.5,34.0,7.2,99.0,0.96,2.0,0,0
6961,1106322.0,3566.625,1801.5,36.4,40.0,1.3,92.7,2.04,2.0,0,0
6962,1105199.0,3126.0,1373.0,9.3,20.0,5.8,90.4,1.73,2.0,0,0
6963,823273.0,1741.0,838.0,12.2,7.0,5.7,91.5,2.08,2.0,0,0
6964,725968.0,1540.0,474.0,6.4,11.0,3.4,86.6,1.72,2.0,0,0
6965,803688.0,2054.0,637.0,40.7,2.0,14.1,90.4,1.08,2.0,0,0
6966,553101.0,1478.0,200.0,39.3,63.0,9.3,89.9,1.22,2.0,0,0
6967,1116428.0,3435.0,1135.0,18.7,16.0,14.7,93.0,1.55,2.0,0,0
6968,689644.0,1238.0,200.0,35.4,3.0,14.1,95.0,1.94,2.0,0,0
6969,1146008.0,2984.0,708.0,23.7,3.0,1.2,97.1,1.5,2.0,0,0
6970,837643.0,2197.0,997.0,56.2,17.0,13.9,95.3,1.57,2.0,0,0
6971,1113091.0,2980.0,1218.0,61.6,14.0,1.6,96.0,1.38,2.0,0,0
6972,709430.0,1883.0,340.0,46.5,59.0,0.8,95.6,1.15,2.0,0,0
6973,705810.0,1432.0,713.0,16.7,34.0,15.3,88.4,1.23,2.0,0,0
6974,729546.0,1536.0,1124.0,14.0,16.0,10.3,95.6,2.04,2.0,0,0
6975,572823.0,771.0,200.0,30.4,2.0,6.7,99.0,1.61,2.0,0,0
6976,743067.0,2349.0,206.0,21.4,34.0,10.4,93.0,1.78,2.0,0,0
6977,845218.0,2370.0,673.0,33.9,4.0,9.2,90.5,1.28,2.0,0,0
6978,833532.0,2089.0,555.0,25.4,7.0,7.7,96.6,1.15,2.0,0,0
6979,931327.0,1798.0,212.0,31.0,20.0,3.9,93.2,0.83,2.0,0,0
6980,721848.0,1651.0,810.0,13.7,74.5,13.5,85.3,1.87,2.0,0,0
6981,700262.0,1418.0,200.0,28.2,25.0,4.5,96.2,1.27,2.0,0,0
6982,716056.0,1268.0,862.0,18.7,37.0,8.8,97.1,1.65,2.0,0,0
6983,664079.0,1493.0,809.0,36.0,53.0,5.9,88.5,1.39,2.0,0,0
6984,1142987.0,3566.625,842.0,34.1,9.0,23.55,94.8,1.1,2.0,0,0
6985,728417.0,1414.0,332.0,33.6,5.0,16.8,94.7,1.92,2.0,0,0
6986,785618.0,2088.0,1359.0,32.7,23.0,6.4,90.5,1.54,2.0,0,0
6987,825014.0,2161.0,1297.0,37.8,15.0,2.1,90.8,2.23,2.0,0,0
6988,705756.0,1004.0,682.0,53.7,23.0,13.6,93.7,1.75,2.0,0,0
6989,681187.0,1078.0,268.0,50.8,19.0,2.9,94.6,1.6,2.0,0,0
6990,905791.0,2452.0,900.0,29.5,23.0,0.5,95.4,1.6,2.0,0,0
6991,580337.0,1037.0,436.0,48.6,17.0,11.4,91.3,1.85,2.0,0,0
6992,1111170.0,2140.0,514.0,33.3,3.0,17.4,97.0,1.41,2.0,0,0
6993,751658.0,1784.0,546.0,34.1,14.0,5.7,92.2,1.53,2.0,0,0
6994,885269.0,2358.0,874.0,17.8,26.0,8.5,87.1,1.37,2.0,0,0
6995,775186.0,979.0,966.0,35.6,7.0,2.2,94.7,1.24,2.0,0,0
6996,670272.0,1849.0,993.0,7.1,23.0,23.55,91.7,1.23,2.0,0,0
6997,722063.0,1608.0,659.0,15.9,57.0,0.6,90.3,2.07,2.0,0,0
6998,1171641.0,3566.625,1801.5,29.1,34.0,3.4,92.3,1.06,2.0,0,0
6999,730264.0,2057.0,930.0,16.5,40.0,10.7,96.6,1.92,2.0,0,0
7000,855074.0,2322.0,200.0,25.9,5.0,1.9,90.0,1.94,2.0,0,0
7001,714290.0,1750.0,1172.0,30.2,30.0,23.55,86.6,1.49,2.0,0,0
7002,543125.0,700.0,315.0,29.1,5.0,8.1,94.6,1.26,2.0,0,0
7003,1138352.0,3566.625,573.0,30.8,18.0,9.3,86.4,1.89,2.0,0,0
7004,669732.0,1245.0,398.0,43.9,2.0,4.5,87.3,1.53,2.0,0,0
7005,927634.0,3188.0,1018.0,63.8,33.0,16.6,93.8,1.44,2.0,0,0
7006,783924.0,2020.0,305.0,11.1,23.0,1.0,96.9,0.57,2.0,0,0
7007,734116.0,2086.0,367.0,16.3,12.0,23.55,92.6,1.17,2.0,0,0
7008,1028477.0,3166.0,809.0,17.3,0.0,23.55,92.3,1.74,2.0,0,0
7009,768461.0,2522.0,716.0,55.4,57.0,4.4,97.6,1.4,2.0,0,0
7010,559701.0,1171.0,200.0,48.0,1.0,8.5,96.8,1.25,1.0,0,0
7011,712256.0,2301.0,352.0,15.3,74.5,0.5,90.0,1.33,2.0,0,0
7012,642013.0,1622.0,505.0,8.5,74.5,5.3,95.4,1.4,2.0,0,0
7013,618330.0,1881.0,370.0,42.4,16.0,3.5,90.0,1.83,2.0,0,0
7014,766286.0,1810.0,1025.0,41.8,40.0,6.1,90.1,1.6,2.0,0,0
7015,672029.0,1087.0,328.0,38.4,66.0,3.9,97.6,1.66,2.0,0,0
7016,641751.0,1272.0,457.0,13.8,21.0,4.6,86.9,1.14,1.0,0,0
7017,538787.0,1439.0,344.0,41.3,21.0,1.4,94.3,1.75,2.0,0,0
7018,592773.0,1012.0,318.0,27.7,26.0,11.1,87.7,1.21,2.0,0,0
7019,624133.0,1867.0,877.0,19.0,11.0,23.55,98.4,1.66,1.0,0,0
7020,696952.0,1383.0,253.0,14.9,27.0,5.2,86.9,0.76,2.0,0,0
7021,712137.0,1223.0,819.0,13.7,9.0,2.4,93.0,1.89,2.0,0,0
7022,811306.0,1273.0,225.0,4.9,10.0,0.5,89.7,1.6,2.0,0,0
7023,639694.0,1276.0,200.0,43.6,18.0,23.55,95.9,1.27,2.0,0,0
7024,633825.0,1664.0,203.0,43.4,74.5,0.9,93.1,1.63,2.0,0,0
7025,806454.0,1868.0,361.0,50.5,17.0,3.0,94.6,0.87,2.0,0,0
7026,919553.0,2013.0,698.0,6.0,14.0,4.9,89.4,2.28,2.0,0,0
7027,861486.0,1881.0,760.0,35.1,2.0,2.4,95.0,1.27,2.0,0,0
7028,646339.0,1831.0,641.0,19.3,32.0,0.5,90.3,1.4,2.0,0,0
7029,1020401.0,2462.0,822.0,39.7,11.0,2.3,93.3,1.08,2.0,0,0
7030,951134.0,1720.0,926.0,35.9,15.0,7.3,88.7,1.08,2.0,0,0
7031,757659.0,1710.0,629.0,42.8,38.0,8.1,90.1,1.22,2.0,0,0
7032,575270.0,1114.0,200.0,34.4,18.0,23.55,89.6,1.82,2.0,0,0
7033,1199565.125,3566.625,1168.0,13.5,37.0,23.55,96.4,0.79,2.0,0,0
7034,1183389.0,3195.0,1169.0,18.5,11.0,10.5,90.6,1.95,2.0,0,0
7035,909565.0,2197.0,242.0,48.0,9.0,6.8,92.7,1.67,2.0,0,0
7036,1161727.0,3183.0,1408.0,1.1,30.0,7.2,94.2,1.77,2.0,0,0
7037,793911.0,1822.0,200.0,4.9,11.0,1.4,88.2,2.04,2.0,0,0
7038,811373.0,2021.0,512.0,7.5,20.0,1.1,90.0,1.1,2.0,0,0
7039,998709.0,3232.0,1371.0,22.3,12.0,11.5,93.3,2.1,2.0,0,0
7040,946045.0,2084.0,638.0,20.1,10.0,3.2,89.3,0.77,2.0,0,0
7041,656991.0,1765.0,606.0,9.8,25.0,0.8,94.7,1.79,2.0,0,0
7042,775123.0,1910.0,936.0,25.8,18.0,12.1,90.8,1.41,2.0,0,0
7043,787745.0,1097.0,524.0,26.0,1.0,0.5,95.5,1.24,2.0,0,0
7044,767678.0,2637.0,794.0,54.8,1.0,23.55,98.3,1.34,2.0,0,0
7045,886589.0,2752.0,697.0,44.6,3.0,3.9,90.5,1.01,2.0,0,0
7046,748332.0,1925.0,722.0,47.9,47.0,7.2,89.2,1.65,2.0,0,0
7047,906937.0,2516.0,962.0,35.6,11.0,8.2,98.2,0.99,2.0,0,0
7048,794495.0,1130.0,505.0,33.5,22.0,0.7,95.8,1.69,2.0,0,0
7049,967739.0,2062.0,372.0,8.4,20.0,14.7,93.7,1.28,2.0,0,0
7050,771412.0,1739.0,514.0,25.9,17.0,0.8,96.1,1.41,2.0,0,0
7051,830593.0,2483.0,200.0,19.0,17.0,23.55,93.2,1.81,2.0,0,0
7052,642676.0,2015.0,861.0,64.7,5.0,6.1,87.6,1.67,2.0,0,0
7053,620777.0,1425.0,1166.0,3.3,10.0,0.5,93.0,1.91,2.0,0,0
7054,435820.0,1314.0,200.0,54.4,48.0,10.7,90.0,1.26,2.0,0,0
7055,586186.0,1818.0,641.0,49.6,43.0,5.1,93.9,1.58,2.0,0,0
7056,818753.0,2125.0,994.0,12.5,36.0,6.6,93.8,1.63,2.0,0,0
7057,572712.0,1454.0,905.0,48.3,74.5,7.5,96.2,1.57,2.0,0,0
7058,925282.0,2167.0,968.0,2.6,1.0,21.4,89.9,2.08,2.0,0,0
7059,766823.0,2134.0,650.0,22.2,12.0,22.6,90.5,1.54,2.0,0,0
7060,728596.0,1841.0,708.0,59.8,7.0,2.9,95.7,1.51,2.0,0,0
7061,929498.0,1711.0,773.0,8.0,10.0,1.4,86.6,1.93,2.0,0,0
7062,630850.0,1179.0,593.0,46.8,11.0,8.8,91.4,2.11,2.0,0,0
7063,886282.0,2097.0,506.0,44.9,18.0,4.9,91.9,1.66,2.0,0,0
7064,973602.0,2731.0,617.0,12.7,6.0,5.1,90.7,1.3,2.0,0,0
7065,772057.0,1664.0,507.0,43.8,2.0,11.5,96.2,0.89,2.0,0,0
7066,529377.0,1703.0,822.0,44.5,31.0,7.5,93.2,2.19,2.0,0,0
7067,737028.0,1298.0,643.0,10.9,24.0,4.9,94.6,1.26,2.0,0,0
7068,746746.0,1321.0,1080.0,11.3,14.0,7.2,94.6,1.19,1.0,0,0
7069,1123469.0,3012.0,1104.0,16.7,6.0,5.2,89.9,1.32,2.0,0,0
7070,555649.0,1456.0,545.0,68.2,1.0,7.0,86.8,1.4,2.0,0,0
7071,937406.0,2334.0,700.0,8.2,5.0,7.5,96.4,1.46,1.0,0,0
7072,935202.0,2839.0,563.0,43.1,6.0,4.1,91.5,1.28,2.0,0,0
7073,845147.0,1820.0,1271.0,19.2,30.0,3.2,93.0,1.32,2.0,0,0
7074,734722.0,1383.0,687.0,13.5,47.0,6.5,87.0,1.5,2.0,0,0
7075,720676.0,1420.0,923.0,12.2,18.0,4.3,94.5,1.14,2.0,0,0
7076,776523.0,1920.0,371.0,45.2,41.0,5.6,92.5,0.57,2.0,0,0
7077,951253.0,2740.0,864.0,10.4,49.0,6.4,91.3,2.1,2.0,0,0
7078,823936.0,2172.0,733.0,39.2,43.0,13.0,96.5,1.64,2.0,0,0
7079,944986.0,2726.0,1374.0,11.7,15.0,23.55,96.2,2.04,2.0,0,0
7080,645616.0,1094.0,425.0,19.4,1.0,6.0,95.3,1.5,2.0,0,0
7081,1065749.0,2865.0,1004.0,18.3,2.0,11.0,94.7,1.59,2.0,0,0
7082,887640.0,2111.0,364.0,11.0,12.0,8.9,96.0,1.19,2.0,0,0
7083,687404.0,1249.0,200.0,60.7,24.0,1.3,99.0,1.55,2.0,0,0
7084,919469.0,1634.0,200.0,18.6,14.0,0.5,92.3,1.95,2.0,0,0
7085,893850.0,2714.0,760.0,54.4,4.0,8.1,86.4,1.61,2.0,0,0
7086,874924.0,1496.0,794.0,18.2,16.0,8.9,95.1,1.03,2.0,0,0
7087,935723.0,2194.0,422.0,5.8,54.0,12.8,91.4,0.53,2.0,0,0
7088,762128.0,2057.0,1641.0,28.6,27.0,23.55,91.9,1.76,2.0,0,0
7089,950760.0,2278.0,1384.0,24.6,48.0,2.3,92.4,0.83,2.0,0,0
7090,744115.0,1718.0,427.0,4.8,17.0,14.7,92.5,1.71,2.0,0,0
7091,630240.0,2085.0,1133.0,3.1,2.0,10.1,96.5,1.74,1.0,0,0
7092,1062057.0,3294.0,685.0,49.9,13.0,2.1,92.8,1.69,2.0,0,0
7093,650059.0,972.0,677.0,29.5,34.0,12.1,93.9,0.78,2.0,0,0
7094,678564.0,1055.0,200.0,21.9,4.0,8.2,93.8,1.55,2.0,0,0
7095,1086561.0,2748.0,992.0,8.9,30.0,0.5,89.0,1.36,2.0,0,0
7096,943336.0,2576.0,1338.0,20.7,5.0,1.2,93.5,1.58,2.0,0,0
7097,719453.0,1352.0,745.0,37.6,25.0,13.1,94.4,1.07,2.0,0,0
7098,726619.0,1696.0,601.0,47.9,12.0,2.3,93.7,1.32,2.0,0,0
7099,822650.0,2297.0,667.0,14.3,26.0,13.0,98.1,1.48,2.0,0,0
7100,523589.0,1207.0,200.0,36.6,14.0,4.2,93.3,1.08,2.0,0,0
7101,844859.0,1725.0,942.0,54.9,14.0,6.1,85.4,1.26,2.0,0,0
7102,788435.0,1258.0,200.0,15.7,3.0,5.7,92.0,1.1,2.0,0,0
7103,704748.0,1287.0,429.0,40.9,11.0,13.1,93.6,1.4,2.0,0,0
7104,1152027.0,3089.0,750.0,44.7,0.0,2.2,88.1,0.84,2.0,0,0
7105,521345.0,969.0,200.0,52.0,74.5,1.9,86.9,1.9,2.0,0,0
7106,540787.0,700.0,899.0,31.4,47.0,7.1,91.7,1.62,2.0,0,0
7107,765720.0,1783.0,200.0,35.2,2.0,0.5,91.4,1.23,2.0,0,0
7108,986164.0,1458.0,417.0,30.4,15.0,1.1,93.9,0.77,2.0,0,0
7109,815055.0,1738.0,367.0,37.6,10.0,0.8,94.7,1.94,2.0,0,0
7110,883908.0,1663.0,935.0,18.0,9.0,1.4,89.8,1.49,2.0,0,0
7111,1042900.0,3035.0,1026.0,12.1,17.0,7.9,96.0,1.59,2.0,0,0
7112,870735.0,1787.0,472.0,33.4,23.0,0.5,95.2,1.48,2.0,0,0
7113,840149.0,1778.0,774.0,8.7,5.0,1.5,93.6,1.08,2.0,0,0
7114,656074.0,1023.0,293.0,6.7,6.0,18.8,92.0,0.83,2.0,0,0
7115,771511.0,1583.0,667.0,8.8,42.0,22.3,92.6,1.39,2.0,0,0
7116,814901.0,1347.0,611.0,25.7,11.0,2.0,92.3,1.41,2.0,0,0
7117,568739.0,1237.0,335.0,35.0,74.5,2.4,92.3,0.85,2.0,0,0
7118,698402.0,1264.0,617.0,22.2,8.0,1.3,92.4,1.18,2.0,0,0
7119,744222.0,1879.0,819.0,21.1,43.0,23.55,88.1,1.28,2.0,0,0
7120,887223.0,1550.0,991.0,34.2,4.0,5.3,87.1,0.5,2.0,0,0
7121,816845.0,1873.0,508.0,24.0,8.0,14.6,98.4,1.48,2.0,0,0
7122,775843.0,1425.0,972.0,8.8,20.0,3.5,89.6,1.69,2.0,0,0
7123,754161.0,1539.0,994.0,36.6,0.0,23.5,97.9,1.27,2.0,0,0
7124,917260.0,2426.0,1483.0,30.4,33.0,0.5,95.3,1.29,1.0,0,0
7125,763560.0,1289.0,200.0,33.9,18.0,0.5,83.7,1.42,2.0,0,0
7126,1199565.125,3566.625,1136.0,50.3,28.0,4.6,90.2,0.79,2.0,0,0
7127,793702.0,1815.0,731.0,38.4,1.0,1.5,95.6,1.93,2.0,0,0
7128,570871.0,1241.0,200.0,19.4,41.0,0.8,96.8,1.3,2.0,0,0
7129,1062109.0,2727.0,827.0,44.5,9.0,4.1,97.2,2.01,2.0,0,0
7130,1199565.125,3566.625,1025.0,37.7,18.0,8.8,90.2,1.08,2.0,0,0
7131,677107.0,2205.0,695.0,14.4,24.0,21.8,98.2,1.26,2.0,0,0
7132,809098.0,2017.0,788.0,14.1,0.0,0.5,96.9,1.84,2.0,0,0
7133,1009345.0,2855.0,689.0,23.2,36.0,0.5,95.4,1.32,2.0,0,0
7134,970087.0,2682.0,526.0,43.6,50.0,4.4,93.4,1.51,2.0,0,0
7135,757391.0,1727.0,690.0,60.0,29.0,5.2,93.9,1.69,2.0,0,0
7136,1032131.0,2834.0,1229.0,16.5,7.0,3.0,84.9,1.01,2.0,0,0
7137,883389.0,1269.0,742.0,18.9,1.0,15.8,96.3,1.1,2.0,0,0
7138,845575.0,2416.0,869.0,26.5,74.5,3.5,94.4,1.26,2.0,0,0
7139,1096269.0,3168.0,592.0,32.6,11.0,4.1,88.4,1.2,2.0,0,0
7140,953140.0,2756.0,1351.0,19.9,26.0,7.7,94.1,1.0,2.0,0,0
7141,761635.0,1548.0,823.0,38.4,20.0,15.2,92.0,1.44,2.0,0,0
7142,976913.0,2016.0,978.0,2.6,32.0,0.5,91.6,1.09,2.0,0,0
7143,765180.0,1530.0,200.0,64.6,36.0,2.2,93.7,1.3,2.0,0,0
7144,685179.0,1644.0,398.0,24.8,8.0,0.5,86.1,1.37,2.0,0,0
7145,804535.0,1524.0,839.0,24.2,6.0,14.4,92.3,0.8,2.0,0,0
7146,742321.0,1420.0,1249.0,15.4,45.0,10.6,95.8,0.97,2.0,0,0
7147,707393.0,1654.0,332.0,19.0,19.0,16.9,87.7,1.38,2.0,0,0
7148,801163.0,2278.0,809.0,41.5,28.0,18.0,94.1,1.15,2.0,0,0
7149,720126.0,1726.0,1345.0,9.3,4.0,23.55,95.0,0.65,2.0,0,0
7150,654113.0,841.0,200.0,39.9,8.0,8.4,91.5,1.66,2.0,0,0
7151,885278.0,2154.0,686.0,26.5,5.0,3.3,96.5,1.19,2.0,0,0
7152,917030.0,2331.0,825.0,29.9,24.0,0.5,91.7,1.49,2.0,0,0
7153,968984.0,2047.0,200.0,16.8,34.0,5.3,94.6,1.0,2.0,0,0
7154,785442.0,1788.0,444.0,11.4,48.0,4.3,91.2,1.77,2.0,0,0
7155,647877.0,1239.0,200.0,6.4,74.5,5.5,91.7,1.82,2.0,0,0
7156,685772.0,1697.0,644.0,41.0,0.0,16.5,90.3,1.51,2.0,0,0
7157,1016659.0,2555.0,838.0,22.1,12.0,0.8,96.3,1.99,2.0,0,0
7158,546325.0,700.0,359.0,4.7,7.0,7.8,96.5,1.14,2.0,0,0
7159,835944.0,2153.0,550.0,40.0,38.0,1.5,93.2,1.89,1.0,0,0
7160,842367.0,1715.0,549.0,16.0,7.0,6.6,93.9,1.34,2.0,0,0
7161,853964.0,1549.0,679.0,37.8,11.0,5.3,92.4,0.96,2.0,0,0
7162,669839.0,1615.0,935.0,22.4,37.0,1.7,89.5,1.58,2.0,0,0
7163,709488.0,1383.0,456.0,36.0,14.0,3.0,91.8,1.61,2.0,0,0
7164,416978.0,934.0,236.0,31.4,21.0,12.1,96.4,1.43,2.0,0,0
7165,712582.0,1874.0,482.0,39.0,38.0,15.2,98.0,1.57,2.0,0,0
7166,1053435.0,2623.0,933.0,9.7,5.0,8.8,92.7,1.32,2.0,0,0
7167,573435.0,1034.0,200.0,31.2,46.0,11.1,85.9,1.39,2.0,0,0
7168,552524.0,1399.0,560.0,30.4,6.0,0.5,91.3,1.39,2.0,0,0
7169,546669.0,1274.0,1043.0,33.0,57.0,13.2,93.4,1.94,2.0,0,0
7170,873256.0,1849.0,625.0,3.8,28.0,0.5,87.2,0.84,2.0,0,0
7171,417777.0,1229.0,300.0,59.5,44.0,21.5,94.4,1.58,2.0,0,0
7172,653358.0,1812.0,426.0,24.6,7.0,15.2,90.0,1.18,2.0,0,0
7173,605184.0,1453.0,1084.0,52.1,55.0,5.5,99.0,1.95,2.0,0,0
7174,864648.0,1859.0,858.0,34.0,3.0,2.2,94.0,1.52,2.0,0,0
7175,560555.0,1329.0,918.0,35.2,74.5,7.5,99.0,1.45,2.0,0,0
7176,975812.0,2527.0,786.0,55.7,6.0,0.5,92.9,1.16,2.0,0,0
7177,806564.0,1717.0,549.0,30.1,32.0,0.6,86.5,0.7,2.0,0,0
7178,869583.0,2376.0,827.0,23.8,44.0,2.1,90.0,1.3,2.0,0,0
7179,856478.0,2841.0,977.0,55.2,42.0,2.6,93.8,1.61,2.0,0,0
7180,687719.0,1229.0,200.0,44.7,2.0,1.6,92.5,0.94,2.0,0,0
7181,784526.0,1673.0,930.0,11.5,38.0,9.6,90.1,1.1,2.0,0,0
7182,524477.0,1358.0,200.0,17.3,74.5,4.9,88.5,0.68,2.0,0,0
7183,887988.0,2523.0,585.0,46.0,4.0,9.0,91.6,1.14,2.0,0,0
7184,967168.0,3168.0,854.0,32.3,22.0,6.2,95.7,0.69,2.0,0,0
7185,810274.0,1791.0,853.0,8.2,24.0,11.9,98.8,1.34,2.0,0,0
7186,725430.0,1804.0,797.0,43.8,21.0,1.4,91.0,0.76,2.0,0,0
7187,702147.0,1644.0,200.0,36.0,2.0,9.9,98.7,1.68,2.0,0,0
7188,655077.0,2105.0,200.0,28.1,41.0,23.55,94.6,0.87,2.0,0,0
7189,589067.0,1213.0,542.0,39.2,21.0,12.1,89.3,1.44,2.0,0,0
7190,877482.0,1892.0,418.0,16.1,1.0,2.4,91.4,1.27,2.0,0,0
7191,1001427.0,3301.0,1129.0,9.7,4.0,3.5,92.6,1.74,2.0,0,0
7192,1136100.0,3566.625,1496.0,55.2,18.0,18.0,93.0,1.9,2.0,0,0
7193,768132.0,2250.0,285.0,27.3,26.0,0.5,90.8,1.24,2.0,0,0
7194,636781.0,958.0,200.0,37.3,28.0,3.7,92.6,0.5,2.0,0,0
7195,753252.0,1957.0,594.0,45.6,20.0,0.9,90.1,1.52,2.0,0,0
7196,676671.0,1305.0,200.0,43.5,46.0,2.9,94.9,1.55,2.0,0,0
7197,560294.0,742.0,200.0,50.5,3.0,8.6,91.0,1.73,2.0,0,0
7198,764792.0,2142.0,1397.0,27.3,11.0,5.7,91.9,1.97,2.0,0,0
7199,873747.0,2120.0,603.0,23.5,22.0,1.2,88.0,1.24,2.0,0,0
7200,786210.0,1569.0,200.0,31.3,16.0,17.9,95.8,1.44,2.0,0,0
7201,722065.0,1596.0,437.0,2.2,5.0,2.2,92.3,1.57,2.0,0,0
7202,895794.0,2237.0,1104.0,17.4,35.0,16.3,89.2,1.35,2.0,0,0
7203,785164.0,1782.0,901.0,7.7,10.0,3.5,90.9,1.15,2.0,0,0
7204,806062.0,1946.0,728.0,15.7,74.5,0.9,87.1,1.32,2.0,0,0
7205,764124.0,1766.0,200.0,25.7,24.0,5.3,92.6,1.24,2.0,0,0
7206,1073593.0,2256.0,892.0,16.5,1.0,5.9,93.6,1.26,2.0,0,0
7207,871437.0,2186.0,866.0,41.7,14.0,6.9,93.1,1.27,2.0,0,0
7208,732451.0,1788.0,287.0,48.3,74.5,0.8,90.9,1.89,2.0,0,0
7209,713525.0,1571.0,637.0,73.6625,24.0,2.9,96.1,1.85,2.0,0,0
7210,653392.0,1373.0,862.0,13.5,3.0,23.55,93.9,0.86,1.0,0,0
7211,775154.0,2076.0,860.0,28.4,33.0,0.9,92.5,1.43,2.0,0,0
7212,890982.0,2154.0,822.0,16.2,15.0,3.3,88.7,1.34,2.0,0,0
7213,976173.0,2094.0,1015.0,37.2,4.0,0.5,90.7,1.45,2.0,0,0
7214,850219.0,2344.0,1093.0,12.8,13.0,7.2,90.2,1.12,2.0,0,0
7215,859124.0,2729.0,747.0,56.0,17.0,10.2,92.0,1.29,2.0,0,0
7216,925039.0,2618.0,1001.0,13.6,17.0,7.2,91.5,1.21,2.0,0,0
7217,604898.0,928.0,704.0,73.6625,74.5,0.7,91.8,0.95,2.0,0,0
7218,923625.0,1940.0,605.0,17.7,10.0,1.1,91.5,1.63,2.0,0,0
7219,628330.0,1641.0,513.0,23.0,35.0,9.5,94.7,1.41,2.0,0,0
7220,524843.0,893.0,200.0,53.1,54.0,5.5,98.9,1.6,2.0,0,0
7221,825673.0,2898.0,1281.0,34.9,8.0,23.55,95.7,1.36,2.0,0,0
7222,1152855.0,3380.0,1259.0,28.1,3.0,0.5,90.2,1.09,2.0,1,0
7223,953921.0,2777.0,476.0,31.8,10.0,6.4,95.5,1.22,2.0,1,0
7224,887268.0,2388.0,625.0,27.7,3.0,6.5,96.3,1.45,2.0,1,0
7225,1020890.0,2127.0,200.0,2.3,17.0,6.5,92.7,1.1,2.0,1,0
7226,789931.0,2148.0,1098.0,17.5,53.0,11.3,93.9,1.96,2.0,1,0
7227,746740.0,1794.0,422.0,46.5,4.0,23.55,91.4,1.45,2.0,1,0
7228,871468.0,1900.0,1425.0,27.7,7.0,20.9,90.9,1.68,2.0,1,0
7229,561678.0,1124.0,683.0,33.7,74.5,1.8,89.2,1.18,2.0,1,0
7230,965499.0,1973.0,490.0,8.2,24.0,8.8,92.9,1.06,2.0,1,0
7231,493839.0,1926.0,959.0,52.7,22.0,23.55,98.1,1.0,1.0,1,0
7232,978729.0,2962.0,1553.0,25.8,10.0,2.1,93.4,1.48,2.0,1,0
7233,815120.0,1929.0,701.0,26.4,31.0,0.5,89.4,1.43,2.0,1,0
7234,753378.0,1611.0,632.0,32.9,30.0,0.5,85.5,1.15,2.0,1,0
7235,814431.0,1709.0,583.0,48.7,3.0,14.0,92.5,1.17,2.0,1,0
7236,818571.0,2590.0,697.0,11.0,56.0,19.8,95.7,1.08,2.0,1,0
7237,656943.0,1328.0,200.0,4.3,0.0,0.8,97.9,1.41,2.0,1,0
7238,712517.0,1187.0,653.0,6.2,25.0,7.4,94.5,1.84,2.0,1,0
7239,765331.0,1604.0,494.0,41.7,31.0,2.0,88.8,1.11,2.0,1,0
7240,730689.0,1504.0,698.0,19.1,16.0,0.6,94.6,1.04,2.0,1,0
7241,746965.0,1788.0,856.0,32.7,1.0,0.6,93.9,1.13,2.0,1,0
7242,676455.0,1642.0,685.0,27.1,4.0,1.8,87.7,1.51,2.0,1,0
7243,895635.0,2314.0,1152.0,15.8,37.0,19.3,89.5,1.09,2.0,1,0
7244,733304.0,2278.0,924.0,49.1,10.0,6.2,95.3,1.54,2.0,1,0
7245,781351.0,1590.0,620.0,21.8,2.0,8.0,89.2,1.3,2.0,1,0
7246,538700.0,1473.0,200.0,19.3,74.5,22.7,89.3,1.68,2.0,1,0
7247,796675.0,1865.0,317.0,26.6,1.0,12.7,88.9,1.71,2.0,1,0
7248,1153524.0,3095.0,670.0,4.2,5.0,6.5,92.5,1.01,2.0,1,0
7249,461528.0,1077.0,313.0,32.0,22.0,4.8,95.4,1.48,2.0,1,0
7250,810749.0,1832.0,1156.0,16.2,12.0,14.6,93.7,0.79,2.0,1,0
7251,718256.0,1913.0,206.0,9.5,5.0,23.55,99.0,1.49,2.0,1,0
7252,766853.0,1611.0,505.0,32.1,40.0,0.7,92.1,1.25,2.0,1,0
7253,779293.0,1962.0,346.0,42.7,18.0,0.9,95.4,0.94,2.0,1,0
7254,809082.0,1658.0,543.0,17.9,49.0,3.9,92.4,1.21,2.0,1,0
7255,775375.0,1898.0,551.0,11.8,58.0,1.7,93.3,2.3449999999999998,2.0,1,0
7256,530743.0,1344.0,702.0,50.8,33.0,23.55,91.0,1.67,2.0,1,0
7257,698559.0,1684.0,200.0,36.7,2.0,3.5,92.4,1.25,2.0,1,0
7258,541853.0,830.0,200.0,29.0,2.0,9.8,99.0,1.54,2.0,1,0
7259,693161.0,1640.0,766.0,32.3,29.0,11.3,92.4,1.47,2.0,1,0
7260,716645.0,1549.0,831.0,16.0,26.0,15.7,99.0,1.65,2.0,1,0
7261,864822.0,2212.0,200.0,43.9,4.0,5.3,93.5,1.13,2.0,1,0
7262,809616.0,1924.0,552.0,43.9,50.0,3.5,88.8,1.6,2.0,1,0
7263,673030.0,1438.0,673.0,51.8,24.0,5.5,90.4,1.73,2.0,1,0
7264,817021.0,1684.0,200.0,34.5,52.0,15.5,94.9,0.99,2.0,1,0
7265,877352.0,2316.0,578.0,43.5,35.0,1.5,89.3,1.58,2.0,1,0
7266,710280.0,1288.0,929.0,11.1,13.0,7.4,85.2,1.27,2.0,1,0
7267,690555.0,1537.0,740.0,36.4,1.0,5.2,88.5,1.15,2.0,1,0
7268,719922.0,1545.0,927.0,5.8,33.0,0.5,93.6,1.25,2.0,1,0
7269,727689.0,1588.0,233.0,17.7,23.0,5.6,96.5,1.65,2.0,1,0
7270,758007.0,1435.0,408.0,15.4,27.0,3.8,96.3,1.64,2.0,1,0
7271,619164.0,1689.0,200.0,41.2,17.0,14.2,93.5,1.23,2.0,1,0
7272,592495.0,1459.0,1036.0,17.7,24.0,17.2,90.5,0.99,2.0,1,0
7273,1059871.0,2561.0,900.0,22.7,2.0,4.2,93.4,1.33,2.0,1,0
7274,636820.0,1416.0,602.0,35.1,15.0,2.7,93.2,1.82,2.0,1,0
7275,997004.0,2325.0,877.0,9.4,21.0,8.8,86.4,1.54,2.0,1,0
7276,646936.0,1809.0,200.0,12.4,3.0,1.0,99.0,1.56,2.0,1,0
7277,756434.0,1130.0,362.0,19.2,51.0,1.7,91.3,2.3449999999999998,2.0,1,0
7278,840590.0,1685.0,1023.0,29.7,4.0,2.0,91.4,1.4,2.0,1,0
7279,811928.0,1792.0,865.0,26.4,26.0,6.0,90.2,1.63,2.0,1,0
7280,852823.0,2044.0,933.0,2.5,9.0,23.55,87.8,1.82,2.0,1,0
7281,561686.0,2097.0,540.0,45.1,46.0,21.1,88.2,2.2,2.0,1,0
7282,875491.0,2074.0,525.0,14.2,74.5,8.8,95.8,1.4,2.0,1,0
7283,849197.0,1231.0,702.0,17.0,14.0,4.2,88.7,1.28,2.0,1,0
7284,549519.0,1204.0,425.0,24.3,67.0,17.1,94.9,1.57,2.0,1,0
7285,454338.0,2273.0,945.0,50.2,72.0,23.55,89.5,1.3,2.0,1,0
7286,708363.0,2116.0,397.0,47.9,7.0,13.2,87.3,1.49,2.0,1,0
7287,939003.0,2535.0,1211.0,15.8,13.0,6.8,91.5,1.77,2.0,1,0
7288,746695.0,1855.0,1061.0,23.9,35.0,19.3,90.4,1.38,2.0,1,0
7289,702560.0,1064.0,216.0,29.1,20.0,3.4,93.7,1.23,2.0,1,0
7290,887294.0,1965.0,200.0,28.7,8.0,5.1,88.6,1.75,2.0,1,0
7291,813441.0,1609.0,519.0,18.7,15.0,9.0,90.2,0.89,2.0,1,0
7292,680332.0,1951.0,386.0,22.0,3.0,3.8,89.3,1.47,2.0,1,0
7293,989525.0,2272.0,741.0,26.2,12.0,2.3,90.7,1.34,2.0,1,0
7294,667612.0,1481.0,494.0,55.2,22.0,8.3,89.9,0.96,2.0,1,0
7295,695253.0,1225.0,200.0,3.8,23.0,11.3,88.7,1.81,2.0,1,0
7296,1153916.0,3234.0,1693.0,14.2,4.0,23.3,89.4,0.69,2.0,1,0
7297,760509.0,2275.0,1116.0,23.8,28.0,13.3,89.4,1.33,1.0,1,0
7298,893343.0,2458.0,362.0,29.9,19.0,1.0,94.6,1.1,2.0,1,0
7299,814354.0,2201.0,429.0,49.7,18.0,4.4,91.8,1.23,2.0,1,0
7300,801233.0,2145.0,831.0,24.2,17.0,23.0,90.9,1.2,2.0,1,0
7301,957827.0,2299.0,777.0,17.8,0.0,1.1,88.9,0.91,2.0,1,0
7302,665577.0,1497.0,534.0,11.0,31.0,23.55,94.4,2.16,2.0,1,0
7303,775377.0,1522.0,437.0,18.2,5.0,0.8,92.5,1.62,1.0,1,0
7304,873870.0,2608.0,443.0,49.6,9.0,2.1,88.1,1.57,2.0,1,0
7305,1027645.0,2751.0,1220.0,22.5,13.0,3.1,92.0,0.88,2.0,1,0
7306,701888.0,1893.0,882.0,25.8,14.0,21.0,93.1,1.6,2.0,1,0
7307,777836.0,967.0,200.0,2.4,4.0,8.9,92.2,2.3,2.0,1,0
7308,716634.0,1121.0,200.0,27.0,11.0,7.3,94.6,0.77,2.0,1,0
7309,811620.0,1444.0,426.0,37.8,24.0,2.4,95.1,1.19,2.0,1,0
7310,1146501.0,3079.0,1305.0,5.3,6.0,6.9,95.5,1.68,2.0,1,0
7311,637279.0,1486.0,200.0,24.4,18.0,7.8,92.4,1.29,2.0,1,0
7312,825775.0,1904.0,750.0,41.7,18.0,3.0,90.6,1.53,2.0,1,0
7313,771136.0,1587.0,553.0,57.5,13.0,5.1,94.7,1.5,2.0,1,0
7314,796488.0,1380.0,427.0,27.9,3.0,2.6,94.0,1.57,2.0,1,0
7315,627206.0,1434.0,200.0,30.5,19.0,2.2,92.7,1.59,2.0,1,0
7316,883671.0,1267.0,200.0,22.2,13.0,2.4,94.7,1.47,2.0,1,0
7317,830244.0,1935.0,664.0,17.0,16.0,13.6,88.1,1.54,2.0,1,0
7318,967320.0,1844.0,572.0,19.1,14.0,1.9,95.0,1.95,2.0,1,0
7319,819545.0,1915.0,420.0,40.2,58.0,8.7,96.8,1.26,2.0,1,0
7320,803327.0,2064.0,617.0,31.0,2.0,1.1,91.0,1.18,1.0,1,0
7321,665585.0,1131.0,690.0,13.9,32.0,2.4,94.9,1.59,2.0,1,0
7322,677209.0,1053.0,200.0,9.0,19.0,4.6,90.9,1.45,2.0,1,0
7323,827290.0,2155.0,625.0,48.3,1.0,5.1,91.9,1.63,2.0,1,0
7324,1011691.0,2199.0,200.0,10.3,37.0,6.7,94.8,1.49,2.0,1,0
7325,761156.0,1260.0,563.0,15.4,25.0,4.4,88.3,1.17,2.0,1,0
7326,786752.0,1974.0,898.0,42.0,16.0,14.6,89.1,1.47,2.0,1,0
7327,579551.0,1306.0,254.0,17.9,61.0,2.1,99.0,1.38,2.0,1,0
7328,804497.0,1758.0,200.0,39.8,19.0,9.1,95.1,1.02,2.0,1,0
7329,796100.0,1469.0,1185.0,50.5,70.0,6.3,91.3,0.55,2.0,1,0
7330,884562.0,2144.0,491.0,19.5,10.0,0.8,91.3,1.03,2.0,1,0
7331,793738.0,1848.0,853.0,24.5,29.0,3.2,93.5,1.46,2.0,1,0
7332,911663.0,2334.0,970.0,36.5,33.0,2.0,94.1,1.0,2.0,1,0
7333,772527.0,2440.0,1801.5,73.6625,25.0,3.9,90.6,1.58,2.0,1,0
7334,809263.0,2286.0,715.0,16.1,22.0,23.55,91.8,1.79,2.0,1,0
7335,1199565.125,3566.625,1397.0,13.8,15.0,15.5,92.4,1.61,2.0,1,0
7336,1030532.0,2317.0,1309.0,13.6,39.0,7.1,95.0,1.39,2.0,1,0
7337,720899.0,1660.0,991.0,58.6,43.0,0.5,92.2,1.51,2.0,1,0
7338,679992.0,2294.0,374.0,37.2,13.0,16.2,95.8,1.17,2.0,1,0
7339,825305.0,919.0,744.0,37.3,51.0,5.3,93.5,1.13,2.0,1,0
7340,846887.0,2393.0,817.0,23.2,21.0,23.55,88.2,1.91,2.0,1,0
7341,721363.0,1348.0,515.0,16.2,17.0,9.5,91.7,1.56,2.0,1,0
7342,1199565.125,3566.625,1801.5,12.3,23.0,9.8,92.1,2.03,2.0,1,0
7343,742012.0,1855.0,541.0,55.4,0.0,7.4,90.0,1.97,2.0,1,0
7344,673802.0,828.0,565.0,52.4,3.0,1.9,97.2,2.17,2.0,1,0
7345,687853.0,1661.0,877.0,26.8,14.0,4.3,96.4,1.48,2.0,1,0
7346,744593.0,2047.0,288.0,26.8,31.0,18.6,92.7,1.61,2.0,1,0
7347,1097729.0,2226.0,917.0,19.9,53.0,1.2,98.2,1.76,2.0,1,0
7348,1195530.0,3566.625,1503.0,12.2,18.0,0.5,92.1,1.01,2.0,1,0
7349,846763.0,2125.0,317.0,32.2,21.0,3.4,96.1,1.42,2.0,1,0
7350,630084.0,1302.0,594.0,11.4,47.0,7.8,93.9,1.33,2.0,1,0
7351,831885.0,1555.0,884.0,8.3,4.0,5.2,89.3,1.1,2.0,1,0
7352,768592.0,1623.0,1056.0,41.3,1.0,4.7,95.2,0.89,2.0,1,0
7353,857131.0,2533.0,1432.0,5.1,30.0,11.3,93.2,1.51,2.0,1,0
7354,796831.0,1616.0,885.0,16.8,71.0,3.3,94.4,1.6,2.0,1,0
7355,809499.0,2574.0,1409.0,52.4,8.0,13.6,88.7,1.68,2.0,1,0
7356,444572.0,932.0,295.0,37.4,31.0,23.55,90.5,0.97,2.0,1,0
7357,1113799.0,3465.0,1624.0,15.2,65.0,11.3,84.6,1.44,2.0,1,0
7358,795896.0,2063.0,1119.0,56.8,38.0,9.2,84.1,2.18,2.0,1,0
7359,533008.0,716.0,399.0,54.9,2.0,2.3,90.3,1.12,2.0,1,0
7360,707269.0,1802.0,200.0,48.3,2.0,0.5,91.9,1.54,2.0,1,0
7361,885305.0,2488.0,480.0,37.7,41.0,18.1,98.0,1.67,2.0,1,0
7362,507813.0,1302.0,200.0,26.1,66.0,10.8,91.3,1.07,2.0,1,0
7363,765619.0,2261.0,705.0,29.5,6.0,14.5,90.4,1.45,2.0,1,0
7364,1091894.0,2431.0,1050.0,18.5,7.0,0.8,89.9,0.88,2.0,1,0
7365,713650.0,1658.0,344.0,49.4,7.0,6.6,91.4,1.12,2.0,1,0
7366,548456.0,1220.0,542.0,45.5,61.0,3.1,91.5,1.9,2.0,1,0
7367,832478.0,3005.0,864.0,47.0,45.0,4.4,88.1,1.5,2.0,1,0
7368,685802.0,1677.0,257.0,7.2,7.0,21.8,96.6,1.46,2.0,1,0
7369,594043.0,1360.0,368.0,45.7,0.0,5.8,92.5,1.65,2.0,1,0
7370,782591.0,1534.0,200.0,22.7,4.0,9.4,93.4,1.12,2.0,1,0
7371,715444.0,820.0,591.0,16.0,20.0,4.5,94.7,0.78,2.0,1,0
7372,1043805.0,2996.0,1366.0,18.5,12.0,7.1,95.1,1.11,2.0,1,0
7373,965767.0,2949.0,692.0,39.6,28.0,2.2,95.2,1.37,2.0,1,0
7374,747607.0,2298.0,585.0,13.4,19.0,0.5,91.2,1.37,2.0,1,0
7375,506964.0,1541.0,1417.0,25.4,8.0,2.0,90.9,1.97,1.0,1,0
7376,551079.0,1522.0,1165.0,61.5,1.0,17.9,94.4,1.17,2.0,1,0
7377,784166.0,1929.0,1524.0,46.7,51.0,1.9,93.1,1.39,2.0,1,0
7378,725740.0,1924.0,656.0,33.3,21.0,7.0,97.8,1.35,2.0,1,0
7379,1199565.125,3391.0,1315.0,24.1,19.0,5.5,95.9,1.68,2.0,1,0
7380,707619.0,1338.0,997.0,49.3,20.0,8.1,95.4,1.56,2.0,1,0
7381,777682.0,2468.0,1209.0,20.2,71.0,20.2,96.3,1.25,2.0,1,0
7382,1069257.0,3063.0,967.0,20.3,58.0,6.4,93.7,2.14,2.0,1,0
7383,754867.0,1430.0,200.0,37.5,70.0,18.3,84.7,2.22,2.0,1,0
7384,848586.0,1912.0,852.0,38.5,17.0,4.7,89.8,1.46,2.0,1,0
7385,876176.0,2185.0,608.0,39.5,51.0,3.1,93.4,1.62,2.0,1,0
7386,901037.0,2117.0,776.0,14.7,8.0,3.1,91.6,1.39,2.0,1,0
7387,824194.0,2422.0,1143.0,33.9,40.0,3.2,96.5,1.43,1.0,1,0
7388,748674.0,1491.0,1259.0,16.5,7.0,8.5,92.4,1.71,2.0,1,0
7389,718688.0,1041.0,237.0,41.7,18.0,0.9,94.5,1.22,2.0,1,0
7390,868976.0,1861.0,265.0,33.6,6.0,2.5,90.8,1.5,2.0,1,0
7391,760301.0,1641.0,239.0,41.1,51.0,0.5,92.3,1.65,2.0,1,0
7392,546684.0,1619.0,466.0,38.4,28.0,23.55,89.5,1.01,2.0,1,0
7393,791791.0,2121.0,1132.0,37.0,19.0,8.2,92.0,0.99,2.0,1,0
7394,792602.0,1775.0,1141.0,20.4,3.0,19.4,92.1,1.85,2.0,1,0
7395,1036440.0,2971.0,685.0,19.8,22.0,6.1,89.6,1.38,2.0,1,0
7396,756252.0,1802.0,387.0,9.5,74.5,3.9,94.3,2.1,2.0,1,0
7397,844119.0,2565.0,1083.0,28.3,49.0,1.7,98.0,1.73,2.0,1,0
7398,869018.0,2879.0,1482.0,24.4,74.5,1.3,97.2,1.35,2.0,1,0
7399,746941.0,1519.0,718.0,12.3,18.0,5.0,95.1,1.71,2.0,1,0
7400,824755.0,1323.0,396.0,20.5,4.0,5.7,95.1,1.69,2.0,1,0
7401,727492.0,2029.0,1394.0,25.4,22.0,23.55,85.2,1.25,2.0,1,0
7402,1004841.0,2081.0,722.0,12.0,1.0,0.5,89.0,1.38,2.0,1,0
7403,652805.0,1828.0,602.0,49.9,44.0,0.7,94.6,1.04,2.0,1,0
7404,672364.0,1623.0,781.0,37.4,51.0,8.2,93.2,1.76,2.0,1,0
7405,572097.0,1203.0,200.0,8.2,8.0,18.7,92.7,1.28,2.0,1,0
7406,939290.0,3327.0,1391.0,50.0,31.0,15.3,92.1,1.54,2.0,1,0
7407,667518.0,1529.0,211.0,43.2,16.0,4.8,91.0,0.91,2.0,1,0
7408,792476.0,1707.0,506.0,32.6,42.0,12.3,95.0,0.5,2.0,1,0
7409,606781.0,1754.0,404.0,50.2,27.0,0.8,93.8,1.63,2.0,1,0
7410,909577.0,2238.0,868.0,21.1,9.0,5.8,92.4,1.61,2.0,1,0
7411,773234.0,1386.0,740.0,32.6,24.0,5.4,95.9,1.64,2.0,1,0
7412,699698.0,1692.0,795.0,7.0,1.0,6.1,91.0,1.0,2.0,1,0
7413,841075.0,2445.0,828.0,64.1,14.0,9.7,95.9,1.48,2.0,1,0
7414,692647.0,1434.0,288.0,3.5,2.0,23.55,90.5,1.52,2.0,1,0
7415,749120.0,1144.0,789.0,40.9,47.0,4.4,93.3,1.23,2.0,1,0
7416,597180.0,1301.0,462.0,45.5,29.0,5.5,85.9,1.82,2.0,1,0
7417,825015.0,2200.0,200.0,52.8,1.0,2.6,96.3,1.93,2.0,1,0
7418,694324.0,967.0,200.0,12.8,9.0,6.1,98.5,1.71,2.0,1,0
7419,603779.0,2048.0,864.0,27.6,32.0,18.0,90.3,1.85,1.0,1,0
7420,939763.0,2066.0,765.0,20.2,6.0,1.8,96.2,1.64,2.0,1,0
7421,1008622.0,2420.0,352.0,46.6,5.0,12.4,94.6,1.38,2.0,1,0
7422,758276.0,1583.0,597.0,34.3,15.0,1.5,94.5,1.15,2.0,1,0
7423,503158.0,1302.0,240.0,16.1,1.0,12.8,94.7,1.54,2.0,1,0
7424,1035361.0,3111.0,1240.0,13.6,33.0,5.5,99.0,1.51,2.0,1,0
7425,665923.0,1703.0,633.0,59.1,1.0,1.3,91.4,1.77,2.0,1,0
7426,759101.0,1942.0,705.0,45.6,4.0,0.7,92.3,1.85,2.0,1,0
7427,735259.0,1343.0,200.0,44.2,33.0,6.6,95.7,0.93,2.0,1,0
7428,794989.0,1504.0,200.0,55.3,14.0,1.5,93.1,1.3,2.0,1,0
7429,902764.0,1660.0,941.0,11.8,23.0,0.5,92.3,0.78,1.0,1,0
7430,807154.0,2767.0,1127.0,25.7,70.0,19.4,95.3,1.48,2.0,1,0
7431,585495.0,1309.0,200.0,8.5,1.0,8.1,90.8,1.44,2.0,1,0
7432,571100.0,1297.0,386.0,38.0,16.0,17.0,90.6,1.63,2.0,1,0
7433,816898.0,1497.0,482.0,15.1,2.0,0.5,94.2,1.52,2.0,1,0
7434,888384.0,1573.0,487.0,8.9,15.0,1.5,90.9,1.92,2.0,1,0
7435,660761.0,1058.0,285.0,34.2,42.0,6.0,95.8,0.69,2.0,1,0
7436,747571.0,1556.0,735.0,15.6,20.0,5.7,93.9,1.49,2.0,1,0
7437,702380.0,2275.0,1091.0,21.1,18.0,4.0,99.0,1.62,1.0,1,0
7438,724294.0,1728.0,1459.0,16.2,0.0,8.1,97.0,1.03,2.0,1,0
7439,887009.0,1940.0,784.0,63.0,19.0,6.2,95.0,1.43,2.0,1,0
7440,802772.0,2541.0,598.0,34.2,47.0,11.2,91.9,1.71,2.0,1,0
7441,761119.0,2440.0,682.0,51.3,3.0,2.9,91.1,2.07,1.0,1,0
7442,688297.0,1535.0,1299.0,34.5,10.0,2.6,87.9,1.6,2.0,1,0
7443,1045134.0,3014.0,1146.0,4.4,74.5,1.2,88.2,1.19,2.0,1,0
7444,917479.0,1569.0,1130.0,35.9,1.0,4.7,97.0,1.49,2.0,1,0
7445,787841.0,2551.0,1237.0,37.0,45.0,9.8,94.5,1.86,2.0,1,0
7446,705769.0,2252.0,1064.0,16.7,74.5,14.9,95.2,1.43,2.0,1,0
7447,716285.0,1684.0,750.0,34.9,7.0,6.1,91.1,1.98,2.0,1,0
7448,691505.0,1686.0,301.0,50.5,2.0,7.3,90.5,1.79,2.0,1,0
7449,860857.0,2745.0,1407.0,33.8,5.0,23.55,92.6,1.68,2.0,1,0
7450,972136.0,2119.0,601.0,37.0,13.0,2.3,98.2,2.27,2.0,1,0
7451,963636.0,3065.0,200.0,6.4,17.0,5.3,95.4,2.05,2.0,1,0
7452,540947.0,1291.0,200.0,44.9,9.0,6.2,95.7,1.45,2.0,1,0
7453,775351.0,2678.0,646.0,34.9,6.0,6.1,97.0,2.03,1.0,1,0
7454,732834.0,1222.0,801.0,12.0,1.0,4.0,83.54999999999998,1.31,2.0,1,0
7455,681959.0,1244.0,200.0,19.9,39.0,0.5,93.2,0.94,2.0,1,0
7456,827056.0,2762.0,678.0,25.9,45.0,18.5,95.2,1.92,2.0,1,0
7457,649036.0,952.0,468.0,23.4,25.0,1.6,93.2,1.05,2.0,1,0
7458,546347.0,922.0,415.0,30.8,36.0,6.9,92.6,1.13,2.0,1,0
7459,1174672.0,3566.625,979.0,6.2,2.0,5.3,86.0,1.89,2.0,1,0
7460,641149.0,2476.0,634.0,19.8,40.0,23.55,90.7,1.39,2.0,1,0
7461,860843.0,2177.0,887.0,9.9,7.0,11.7,93.7,1.42,2.0,1,0
7462,702633.0,1974.0,226.0,7.7,74.5,6.0,93.3,1.49,2.0,1,0
7463,754791.0,1286.0,702.0,27.9,21.0,0.6,92.8,2.13,2.0,1,0
7464,873063.0,1860.0,962.0,10.1,16.0,8.7,94.1,0.93,2.0,1,0
7465,667989.0,1846.0,504.0,44.6,3.0,23.55,89.3,1.67,2.0,1,0
7466,724582.0,1849.0,234.0,17.5,7.0,10.9,91.4,1.25,2.0,1,0
7467,742626.0,1166.0,701.0,12.3,5.0,18.5,95.5,0.59,2.0,1,0
7468,457894.0,923.0,734.0,58.5,60.0,0.5,90.5,2.26,2.0,1,0
7469,860221.0,1557.0,430.0,25.3,12.0,3.1,95.9,1.38,2.0,1,0
7470,771299.0,2187.0,771.0,31.9,32.0,15.1,93.6,0.9,2.0,1,0
7471,893081.0,2629.0,791.0,25.3,4.0,13.9,91.8,1.3,2.0,1,0
7472,822005.0,1537.0,761.0,26.3,0.0,7.2,84.1,1.79,2.0,1,0
7473,667423.0,936.0,666.0,52.4,43.0,2.1,86.3,0.81,2.0,1,0
7474,880177.0,2106.0,1594.0,19.0,28.0,0.8,97.8,1.28,2.0,1,0
7475,928303.0,2105.0,487.0,35.1,1.0,7.5,99.0,1.36,2.0,1,0
7476,878782.0,1285.0,1057.0,18.1,6.0,2.3,93.6,1.68,2.0,1,0
7477,775091.0,1674.0,211.0,21.9,16.0,7.8,89.9,1.71,1.0,1,0
7478,468664.0,878.0,395.0,31.2,4.0,15.1,95.5,1.44,1.0,1,0
7479,824038.0,2701.0,1175.0,25.8,74.5,10.6,91.6,1.31,2.0,1,0
7480,1069940.0,3304.0,1097.0,23.5,29.0,1.5,99.0,1.46,2.0,1,0
7481,994078.0,1482.0,200.0,3.8,43.0,3.1,98.4,1.73,2.0,1,0
7482,689521.0,2012.0,502.0,48.7,1.0,15.4,93.4,1.36,1.0,1,0
7483,862871.0,1059.0,606.0,6.4,9.0,4.3,91.8,1.27,2.0,1,0
7484,653714.0,1812.0,516.0,58.4,27.0,21.3,95.9,1.06,2.0,1,0
7485,905857.0,1948.0,855.0,9.8,2.0,0.5,91.9,2.0,2.0,1,0
7486,879597.0,2294.0,1322.0,43.9,10.0,10.8,96.9,0.91,2.0,1,0
7487,755877.0,1154.0,651.0,24.5,7.0,3.8,85.4,0.98,2.0,1,0
7488,734087.0,1932.0,779.0,51.9,18.0,4.4,91.3,0.98,1.0,1,0
7489,802116.0,1954.0,1271.0,25.4,74.5,5.8,92.6,1.33,2.0,1,0
7490,550504.0,953.0,539.0,22.7,7.0,23.55,88.2,0.98,2.0,1,0
7491,908715.0,2348.0,363.0,25.5,19.0,0.6,92.0,1.49,2.0,1,0
7492,737546.0,2043.0,306.0,27.7,74.5,3.7,97.3,0.7,2.0,1,0
7493,707323.0,1630.0,838.0,57.4,16.0,0.5,88.0,1.39,2.0,1,0
7494,917045.0,2855.0,1274.0,39.6,46.0,1.2,95.9,1.74,2.0,1,0
7495,787043.0,1559.0,362.0,14.6,33.0,4.8,93.7,1.48,2.0,1,0
7496,722837.0,1776.0,731.0,19.5,5.0,17.7,94.8,0.92,2.0,1,0
7497,632335.0,1826.0,505.0,55.7,3.0,6.0,89.7,1.57,2.0,1,0
7498,959012.0,2421.0,443.0,10.4,18.0,3.2,92.4,1.46,2.0,1,0
7499,783655.0,2122.0,988.0,3.7,23.0,9.2,90.9,1.07,2.0,1,0
7500,986067.0,2417.0,200.0,18.0,12.0,2.3,99.0,1.52,2.0,1,0
7501,580247.0,1017.0,200.0,44.9,48.0,1.6,92.5,1.48,2.0,1,0
7502,601476.0,1456.0,364.0,42.4,8.0,23.55,92.2,1.59,2.0,1,0
7503,740866.0,1533.0,619.0,8.3,17.0,4.9,94.8,1.21,2.0,1,0
7504,686529.0,1510.0,223.0,32.6,2.0,3.8,95.4,0.81,2.0,1,0
7505,990038.0,2156.0,889.0,17.4,0.0,0.5,96.0,1.31,2.0,1,0
7506,945012.0,2535.0,887.0,45.2,16.0,9.5,86.7,1.32,2.0,1,0
7507,804713.0,1603.0,200.0,44.9,42.0,0.5,91.1,1.73,2.0,1,0
7508,568026.0,1450.0,787.0,50.1,51.0,12.1,91.3,1.36,2.0,1,0
7509,695983.0,931.0,387.0,4.6,39.0,9.0,87.8,1.09,2.0,1,0
7510,783878.0,2089.0,1319.0,7.3,39.0,2.1,92.5,0.73,2.0,1,0
7511,942892.0,2407.0,1048.0,50.0,27.0,1.1,92.1,1.17,2.0,1,0
7512,1059916.0,3358.0,1024.0,19.3,5.0,10.8,93.4,1.62,2.0,1,0
7513,766659.0,1498.0,499.0,10.0,40.0,0.5,94.5,1.16,2.0,1,0
7514,690457.0,1392.0,505.0,19.3,24.0,1.1,91.7,1.65,2.0,1,0
7515,761924.0,2296.0,960.0,18.7,24.0,3.6,94.5,1.86,2.0,1,0
7516,806440.0,1338.0,200.0,28.5,7.0,1.5,88.3,1.65,2.0,1,0
7517,522622.0,886.0,500.0,45.9,26.0,12.7,92.2,1.61,2.0,1,0
7518,829191.0,1923.0,480.0,32.8,10.0,2.0,91.8,1.36,2.0,1,0
7519,569583.0,1160.0,200.0,50.6,53.0,5.6,94.9,0.58,2.0,1,0
7520,906572.0,2358.0,1801.5,14.0,7.0,16.5,92.1,1.8,2.0,1,0
7521,1033228.0,2223.0,1102.0,11.6,33.0,3.1,87.8,1.44,2.0,1,0
7522,742199.0,1896.0,415.0,37.3,1.0,1.5,90.8,1.39,2.0,1,0
7523,753778.0,1322.0,748.0,51.5,4.0,1.5,88.3,0.51,2.0,1,0
7524,1059712.0,3551.0,1294.0,27.2,32.0,5.1,98.4,1.48,2.0,1,0
7525,520948.0,1324.0,252.0,32.8,53.0,3.2,92.7,1.79,2.0,1,0
7526,673735.0,1577.0,772.0,37.0,52.0,2.5,95.3,2.02,2.0,1,0
7527,843443.0,2893.0,1372.0,25.8,53.0,9.5,92.1,1.78,2.0,1,0
7528,769616.0,1851.0,744.0,13.0,26.0,9.9,87.0,1.67,1.0,1,0
7529,806581.0,2446.0,1125.0,35.5,30.0,7.3,90.8,0.97,2.0,1,0
7530,733999.0,1671.0,200.0,19.4,7.0,2.5,96.0,1.13,2.0,1,0
7531,1041104.0,2957.0,873.0,16.5,0.0,14.6,88.8,0.95,2.0,1,0
7532,657100.0,2026.0,789.0,55.9,4.0,20.3,88.7,1.57,2.0,1,0
7533,794216.0,1296.0,427.0,21.0,45.0,2.3,99.0,1.35,2.0,1,0
7534,795480.0,2107.0,892.0,57.5,15.0,9.5,86.7,1.82,2.0,1,0
7535,1198736.0,3566.625,1014.0,24.2,23.0,12.4,91.9,1.37,2.0,1,0
7536,886205.0,2082.0,992.0,32.9,8.0,0.5,97.4,1.63,2.0,1,0
7537,1199565.125,3566.625,1333.0,4.6,7.0,3.3,93.7,0.6,2.0,1,0
7538,1047429.0,2649.0,1260.0,37.0,17.0,8.7,94.2,0.81,2.0,1,0
7539,928395.0,2411.0,819.0,30.4,4.0,9.0,91.2,1.57,2.0,1,0
7540,722272.0,1653.0,464.0,45.0,7.0,15.2,94.0,1.18,2.0,1,0
7541,803807.0,2768.0,1238.0,68.8,72.0,7.5,97.3,1.7,1.0,1,0
7542,787090.0,1501.0,299.0,43.6,13.0,0.5,96.7,0.55,2.0,1,0
7543,731915.0,1598.0,444.0,11.0,20.0,4.1,88.8,1.14,2.0,1,0
7544,671609.0,1462.0,835.0,25.7,4.0,23.55,96.9,1.22,2.0,1,0
7545,609979.0,1202.0,960.0,60.4,71.0,6.6,99.0,1.49,2.0,1,0
7546,642495.0,997.0,688.0,6.8,12.0,4.1,98.5,1.16,2.0,1,0
7547,527781.0,1120.0,219.0,45.4,22.0,16.2,89.4,1.99,2.0,1,0
7548,768818.0,1404.0,754.0,21.8,38.0,3.3,95.0,1.64,2.0,1,0
7549,933691.0,3566.0,658.0,18.3,31.0,8.6,99.0,1.65,2.0,1,0
7550,871572.0,1752.0,716.0,50.1,7.0,1.3,95.5,1.3,2.0,1,0
7551,741759.0,999.0,200.0,22.0,8.0,3.4,97.2,1.25,2.0,1,0
7552,864710.0,2149.0,911.0,41.3,11.0,10.2,93.1,1.46,1.0,1,0
7553,1025664.0,2730.0,1787.0,38.2,28.0,1.6,92.7,0.99,2.0,1,0
7554,541211.0,1939.0,440.0,16.2,29.0,21.9,86.9,1.8,2.0,1,0
7555,753437.0,1478.0,491.0,18.1,54.0,4.4,90.0,1.8,2.0,1,0
7556,846594.0,2434.0,661.0,59.2,61.0,3.2,91.7,1.5,2.0,1,0
7557,700760.0,1108.0,332.0,8.7,31.0,9.7,89.9,1.13,2.0,1,0
7558,1104803.0,3566.625,930.0,55.4,60.0,6.8,83.54999999999998,1.4,2.0,1,0
7559,980595.0,2097.0,200.0,23.8,18.0,0.5,99.0,1.34,2.0,1,0
7560,719357.0,1881.0,367.0,32.7,14.0,0.5,89.2,0.9,2.0,1,0
7561,828005.0,1665.0,290.0,21.8,27.0,2.6,90.8,2.02,2.0,1,0
7562,878020.0,2103.0,652.0,3.6,0.0,3.3,92.4,1.03,2.0,1,0
7563,970403.0,2647.0,831.0,8.0,22.0,7.4,90.9,1.24,2.0,1,0
7564,864318.0,2119.0,1214.0,24.5,19.0,2.0,90.7,1.59,1.0,1,0
7565,709416.0,1207.0,1109.0,27.3,50.0,1.9,96.6,1.66,2.0,1,0
7566,747919.0,1523.0,465.0,14.4,21.0,21.4,97.0,2.0,2.0,1,0
7567,825425.0,1578.0,444.0,23.6,11.0,1.5,94.5,1.81,2.0,1,0
7568,628588.0,1194.0,401.0,9.9,32.0,0.5,86.4,1.54,2.0,1,0
7569,729776.0,1901.0,327.0,22.2,39.0,4.5,92.4,1.02,2.0,1,0
7570,581263.0,1127.0,293.0,32.1,64.0,4.0,97.4,1.7,2.0,1,0
7571,643799.0,1558.0,444.0,44.7,74.5,3.2,91.1,1.87,2.0,1,0
7572,797366.0,861.0,200.0,22.5,21.0,4.4,93.4,1.78,2.0,1,0
7573,1051000.0,2924.0,401.0,46.5,24.0,14.7,94.0,1.61,2.0,1,0
7574,628391.0,1760.0,986.0,19.8,43.0,11.3,95.1,1.48,1.0,1,0
7575,836768.0,1503.0,478.0,17.0,6.0,3.2,98.4,0.98,2.0,1,0
7576,954404.0,2153.0,791.0,41.8,7.0,4.4,92.7,1.56,2.0,1,0
7577,1024005.0,3543.0,1050.0,20.1,13.0,10.8,96.9,1.37,2.0,1,0
7578,824175.0,1770.0,881.0,21.4,16.0,1.9,89.5,1.16,2.0,1,0
7579,983184.0,3277.0,1023.0,25.3,74.5,6.9,94.0,1.19,2.0,1,0
7580,904475.0,2088.0,1468.0,6.4,24.0,0.9,92.9,1.48,2.0,1,0
7581,648528.0,829.0,259.0,22.6,37.0,12.6,98.1,1.98,2.0,1,0
7582,496551.0,752.0,200.0,58.4,4.0,12.9,85.8,1.69,2.0,1,0
7583,951234.0,3449.0,1012.0,30.5,5.0,5.3,95.9,1.11,2.0,1,0
7584,948083.0,3145.0,564.0,48.5,5.0,0.5,86.9,1.52,2.0,1,0
7585,846341.0,2283.0,1045.0,21.8,21.0,16.8,93.0,1.57,2.0,1,0
7586,728089.0,1702.0,339.0,66.4,32.0,5.9,94.5,1.22,2.0,1,0
7587,801189.0,2021.0,407.0,53.5,19.0,7.3,89.7,1.76,2.0,1,0
7588,994694.0,2914.0,792.0,5.9,28.0,3.2,96.8,2.01,2.0,1,0
7589,847366.0,2008.0,437.0,38.0,10.0,9.9,94.0,1.15,2.0,1,0
7590,1199565.125,3566.625,1729.0,47.7,31.0,1.7,92.6,1.44,2.0,1,0
7591,796893.0,2252.0,791.0,15.4,45.0,10.5,95.1,1.22,2.0,1,0
7592,827094.0,1879.0,655.0,26.8,74.5,7.9,98.5,1.08,2.0,1,0
7593,610260.0,1730.0,213.0,20.1,74.5,0.7,96.5,1.81,2.0,1,0
7594,842146.0,2517.0,495.0,10.9,20.0,23.55,94.2,1.18,2.0,1,0
7595,880002.0,1833.0,489.0,11.4,22.0,3.4,88.1,1.18,2.0,1,0
7596,902449.0,2622.0,795.0,23.9,49.0,2.0,88.1,1.64,2.0,1,0
7597,887426.0,1622.0,200.0,23.0,3.0,2.8,91.3,1.29,2.0,1,0
7598,918491.0,2849.0,1091.0,48.2,34.0,4.2,88.3,1.96,2.0,1,0
7599,652664.0,2014.0,816.0,39.0,15.0,16.4,93.0,1.18,2.0,1,0
7600,697773.0,1926.0,200.0,17.6,34.0,8.2,94.3,1.34,2.0,1,0
7601,770944.0,1345.0,1016.0,26.0,24.0,11.1,93.3,1.18,2.0,1,0
7602,705780.0,1239.0,200.0,25.9,17.0,20.4,90.4,0.86,2.0,1,0
7603,931945.0,2868.0,867.0,33.2,20.0,10.6,87.2,2.07,2.0,1,0
7604,1103330.0,3525.0,1200.0,24.8,25.0,23.55,91.9,1.83,2.0,1,0
7605,886165.0,2778.0,410.0,17.0,4.0,23.55,93.0,1.29,2.0,1,0
7606,836229.0,1800.0,509.0,14.0,32.0,10.4,90.3,1.54,1.0,1,0
7607,824599.0,1122.0,200.0,38.8,1.0,6.0,87.3,1.81,2.0,1,0
7608,661836.0,1872.0,1239.0,29.3,74.5,8.3,94.4,1.55,2.0,1,0
7609,998173.0,2294.0,829.0,18.3,2.0,2.7,94.1,1.4,2.0,1,0
7610,548811.0,1442.0,200.0,18.8,5.0,19.0,93.7,1.59,2.0,1,0
7611,900049.0,2086.0,738.0,17.7,33.0,11.2,89.5,1.88,2.0,1,0
7612,722974.0,2076.0,1202.0,33.6,18.0,14.2,99.0,1.82,2.0,1,0
7613,996980.0,2103.0,1264.0,12.4,47.0,12.6,92.0,1.38,2.0,1,0
7614,896284.0,2045.0,1281.0,35.4,2.0,0.5,97.8,0.96,2.0,1,0
7615,772670.0,2325.0,862.0,40.9,55.0,4.9,92.2,1.75,2.0,1,0
7616,832263.0,1713.0,775.0,21.9,11.0,12.2,96.7,1.18,2.0,1,0
7617,990149.0,2581.0,864.0,51.8,21.0,5.6,98.1,1.16,2.0,1,0
7618,887498.0,2732.0,1320.0,17.6,20.0,19.6,96.0,1.92,2.0,1,0
7619,905250.0,1568.0,603.0,17.4,7.0,4.9,93.4,1.34,2.0,1,0
7620,1053726.0,2223.0,465.0,26.2,14.0,2.5,94.9,1.0,2.0,1,0
7621,1191823.0,3566.625,642.0,27.7,21.0,16.0,89.2,1.58,2.0,1,0
7622,822488.0,1975.0,642.0,4.9,21.0,2.8,96.1,1.07,2.0,1,0
7623,1199565.125,2813.0,1395.0,7.9,2.0,9.5,97.9,1.43,2.0,1,0
7624,919119.0,2443.0,616.0,32.5,4.0,10.7,90.5,1.66,2.0,1,0
7625,895692.0,2495.0,388.0,6.2,43.0,5.4,94.9,1.35,2.0,1,0
7626,940534.0,1498.0,307.0,4.5,5.0,14.1,96.2,1.14,2.0,1,0
7627,1172949.0,3566.625,1535.0,46.0,9.0,0.7,92.7,1.19,2.0,1,0
7628,722278.0,1347.0,671.0,43.1,1.0,0.5,94.9,1.95,2.0,1,0
7629,700236.0,1725.0,539.0,45.9,31.0,8.7,91.4,1.44,2.0,1,0
7630,760669.0,1533.0,267.0,19.7,11.0,22.8,93.3,0.5,2.0,1,0
7631,917330.0,2015.0,1123.0,11.8,8.0,5.5,89.7,1.18,2.0,1,0
7632,594499.0,1271.0,552.0,19.3,60.0,23.55,84.8,1.73,2.0,1,0
7633,765463.0,840.0,984.0,25.7,5.0,0.9,91.9,1.92,2.0,1,0
7634,787859.0,1916.0,392.0,50.3,5.0,2.5,94.6,1.87,2.0,1,0
7635,901044.0,2968.0,1090.0,21.1,32.0,14.3,93.1,1.11,2.0,1,0
7636,714255.0,1074.0,226.0,50.0,33.0,13.9,93.6,1.09,2.0,1,0
7637,675039.0,1811.0,851.0,25.9,12.0,8.6,89.2,1.15,2.0,1,0
7638,616495.0,1279.0,453.0,22.3,2.0,4.3,89.4,1.57,2.0,1,0
7639,943408.0,2841.0,1061.0,59.9,1.0,5.2,88.0,1.83,2.0,1,0
7640,874479.0,2271.0,710.0,25.0,7.0,17.7,97.9,1.18,2.0,1,0
7641,819483.0,1380.0,736.0,30.4,22.0,1.1,93.9,1.09,2.0,1,0
7642,805222.0,1708.0,997.0,7.0,6.0,12.2,90.7,1.14,2.0,1,0
7643,637576.0,1250.0,577.0,29.8,74.5,0.8,98.2,1.86,2.0,1,0
7644,777313.0,2118.0,612.0,38.2,4.0,2.6,92.2,1.83,2.0,1,0
7645,807094.0,1320.0,200.0,33.3,49.0,9.8,94.6,1.02,2.0,1,0
7646,1051763.0,2840.0,1335.0,47.0,55.0,3.9,89.4,2.21,2.0,1,0
7647,811729.0,2210.0,931.0,14.4,48.0,5.0,87.4,1.95,2.0,1,0
7648,664313.0,1970.0,1278.0,10.0,43.0,6.9,86.8,1.56,1.0,1,0
7649,749920.0,1655.0,459.0,38.9,3.0,0.5,92.7,1.31,2.0,1,0
7650,521115.0,1606.0,571.0,73.6,4.0,0.5,91.9,1.16,2.0,1,0
7651,678475.0,1317.0,200.0,45.2,2.0,8.6,96.0,1.4,2.0,1,0
7652,1069747.0,2264.0,656.0,19.4,8.0,3.0,92.8,2.02,2.0,1,0
7653,764856.0,1574.0,585.0,29.6,21.0,1.9,89.6,1.74,2.0,1,0
7654,741800.0,1724.0,795.0,26.4,0.0,11.3,95.3,1.32,2.0,1,0
7655,578177.0,1193.0,475.0,31.0,28.0,13.4,87.0,1.53,2.0,1,0
7656,623020.0,1282.0,622.0,45.4,33.0,6.3,88.3,1.8,2.0,1,0
7657,591859.0,1283.0,587.0,9.8,74.5,23.55,95.6,1.21,2.0,1,0
7658,686287.0,1452.0,213.0,24.0,5.0,3.8,84.8,1.74,2.0,1,0
7659,632666.0,1404.0,200.0,33.9,49.0,9.4,97.6,1.58,1.0,1,0
7660,930320.0,3161.0,1801.5,28.9,18.0,5.0,87.6,1.31,2.0,1,0
7661,641025.0,1531.0,200.0,44.7,12.0,12.1,87.1,1.52,2.0,1,0
7662,911895.0,1584.0,200.0,28.1,5.0,3.4,92.0,0.73,2.0,1,0
7663,722268.0,2214.0,853.0,22.3,13.0,3.8,93.3,1.42,2.0,1,0
7664,734533.0,1580.0,486.0,12.1,10.0,16.4,91.1,1.47,2.0,1,0
7665,829007.0,1226.0,510.0,10.4,24.0,3.2,92.0,1.02,2.0,1,0
7666,625429.0,1073.0,401.0,24.4,24.0,8.8,90.7,1.96,2.0,1,0
7667,687519.0,1892.0,704.0,45.6,7.0,3.0,96.3,1.01,2.0,1,0
7668,865729.0,2294.0,1147.0,31.5,1.0,1.4,90.3,1.21,2.0,1,0
7669,511522.0,1360.0,200.0,45.3,6.0,9.7,88.6,1.85,1.0,1,0
7670,932020.0,2556.0,1243.0,34.3,16.0,6.9,92.5,1.73,2.0,1,0
7671,863592.0,2092.0,295.0,23.1,18.0,4.9,86.8,1.19,2.0,1,0
7672,945547.0,3168.0,539.0,19.7,17.0,23.55,88.3,1.94,2.0,1,0
7673,901565.0,2181.0,672.0,22.4,10.0,0.5,94.5,1.35,2.0,1,0
7674,1097086.0,3446.0,809.0,25.7,2.0,2.3,99.0,1.17,2.0,1,0
7675,857061.0,1594.0,376.0,41.2,12.0,2.6,99.0,1.45,2.0,1,0
7676,898162.0,1912.0,200.0,25.1,15.0,1.0,90.5,1.05,2.0,1,0
7677,637459.0,2349.0,819.0,39.8,20.0,23.55,91.2,1.51,2.0,1,0
7678,794985.0,1593.0,200.0,20.7,10.0,1.4,95.8,1.63,2.0,1,0
7679,892733.0,2156.0,983.0,9.1,34.0,2.8,93.3,0.78,2.0,1,0
7680,986033.0,1344.0,200.0,5.9,4.0,0.6,91.6,1.86,2.0,1,0
7681,714227.0,1469.0,873.0,26.3,35.0,4.3,92.4,1.56,2.0,1,0
7682,773575.0,2044.0,497.0,21.6,43.0,0.5,91.4,2.0,2.0,1,0
7683,809499.0,2033.0,632.0,31.2,69.0,4.0,96.0,1.31,2.0,1,0
7684,804164.0,2149.0,1027.0,5.7,27.0,0.5,88.9,1.54,2.0,1,0
7685,920182.0,2987.0,643.0,51.4,45.0,7.3,96.2,1.64,2.0,1,0
7686,1034944.0,3196.0,1094.0,16.8,3.0,8.0,95.1,1.54,2.0,1,0
7687,1199565.125,3566.625,1258.0,33.2,29.0,1.1,89.8,1.43,2.0,1,0
7688,694255.0,1373.0,640.0,3.5,50.0,7.3,95.2,1.4,2.0,1,0
7689,596783.0,997.0,264.0,32.4,4.0,6.1,94.6,1.39,2.0,1,0
7690,573417.0,902.0,771.0,14.1,3.0,5.0,90.9,1.06,2.0,1,0
7691,841552.0,2341.0,200.0,23.2,10.0,19.2,91.9,1.27,2.0,1,0
7692,968053.0,2124.0,421.0,5.0,30.0,1.5,95.7,1.29,2.0,1,0
7693,735949.0,2247.0,666.0,26.9,74.5,4.0,88.4,1.66,2.0,1,0
7694,729188.0,1930.0,1350.0,22.8,56.0,16.0,94.1,2.08,2.0,1,0
7695,705494.0,1521.0,200.0,17.4,1.0,6.5,95.0,1.23,2.0,1,0
7696,917474.0,2297.0,1180.0,28.5,2.0,12.3,97.4,1.91,2.0,1,0
7697,638497.0,1502.0,406.0,55.2,39.0,6.4,92.8,1.23,2.0,1,0
7698,811176.0,2368.0,1649.0,20.7,70.0,1.7,93.2,1.85,2.0,1,0
7699,641094.0,1419.0,543.0,49.2,33.0,2.5,89.4,2.14,2.0,1,0
7700,669284.0,1369.0,761.0,22.0,22.0,5.7,92.7,1.42,2.0,1,0
7701,801717.0,2383.0,950.0,35.0,74.5,1.6,92.1,1.45,2.0,1,0
7702,687605.0,1096.0,200.0,12.8,24.0,9.8,93.6,1.36,2.0,1,0
7703,749450.0,1356.0,1199.0,26.6,21.0,6.7,91.8,0.81,1.0,1,0
7704,807763.0,2157.0,1407.0,17.5,74.5,0.7,93.1,1.44,2.0,1,0
7705,819233.0,1414.0,963.0,22.4,3.0,13.5,94.1,1.61,2.0,1,0
7706,868527.0,1999.0,358.0,20.8,18.0,2.3,94.6,0.98,2.0,1,0
7707,595968.0,1557.0,1080.0,48.0,34.0,12.8,87.6,1.12,2.0,1,0
7708,906410.0,1735.0,591.0,22.9,47.0,7.8,90.2,1.62,2.0,1,0
7709,619262.0,1272.0,468.0,21.6,40.0,1.1,94.2,1.37,1.0,1,0
7710,925481.0,1997.0,885.0,31.4,6.0,1.9,89.4,1.38,2.0,1,0
7711,976771.0,2603.0,719.0,13.8,70.0,17.0,95.4,1.48,2.0,1,0
7712,967570.0,1711.0,760.0,26.3,19.0,1.9,89.3,1.19,2.0,1,0
7713,730999.0,1540.0,541.0,32.4,3.0,7.2,98.1,1.63,2.0,1,0
7714,584906.0,892.0,961.0,31.9,5.0,9.8,96.1,1.4,2.0,1,0
7715,721475.0,2247.0,1147.0,20.6,33.0,3.4,89.7,1.79,2.0,1,0
7716,615355.0,1410.0,364.0,38.8,15.0,16.9,87.8,1.1,2.0,1,0
7717,1057789.0,2432.0,1274.0,10.0,4.0,0.8,89.0,0.5,2.0,1,0
7718,860844.0,2682.0,658.0,31.4,23.0,8.3,98.8,1.81,2.0,1,0
7719,689217.0,1572.0,1230.0,47.2,9.0,0.5,94.6,1.24,2.0,1,0
7720,789566.0,1945.0,283.0,55.2,51.0,0.5,93.9,1.84,1.0,1,0
7721,770720.0,1065.0,465.0,33.1,7.0,2.3,99.0,0.83,2.0,1,0
7722,949652.0,2455.0,360.0,25.1,3.0,0.5,94.8,1.26,2.0,1,0
7723,706892.0,1624.0,200.0,23.3,3.0,5.7,92.4,1.98,1.0,1,0
7724,965207.0,2894.0,1299.0,30.6,32.0,1.1,97.3,0.85,2.0,1,0
7725,814916.0,1678.0,396.0,43.0,4.0,18.6,92.3,0.8,2.0,1,0
7726,601656.0,1371.0,595.0,57.3,25.0,9.2,93.7,1.32,2.0,1,0
7727,678858.0,1054.0,311.0,63.5,10.0,2.9,94.5,1.09,2.0,1,0
7728,720510.0,1580.0,341.0,39.8,3.0,7.5,94.4,1.56,2.0,1,0
7729,902008.0,1936.0,669.0,18.8,0.0,10.5,92.5,2.13,2.0,1,0
7730,1083840.0,3378.0,1009.0,23.6,39.0,23.55,98.5,1.04,2.0,1,0
7731,1199565.125,3214.0,1454.0,10.7,9.0,0.8,92.1,1.88,2.0,1,0
7732,997840.0,2235.0,794.0,21.3,5.0,2.9,96.8,1.6,2.0,1,0
7733,535551.0,1058.0,200.0,9.0,74.5,6.1,97.5,1.06,2.0,1,0
7734,972307.0,2062.0,844.0,15.9,2.0,10.3,95.8,1.68,2.0,1,0
7735,729735.0,1741.0,925.0,42.8,13.0,11.2,91.5,1.16,2.0,1,0
7736,902159.0,1960.0,526.0,10.7,5.0,4.0,90.2,1.3,2.0,1,0
7737,762334.0,1762.0,894.0,38.9,16.0,11.9,92.5,1.12,1.0,1,0
7738,970669.0,1638.0,638.0,11.4,2.0,5.0,94.4,1.72,2.0,1,0
7739,660416.0,1702.0,997.0,41.2,74.5,6.6,92.4,1.1,1.0,1,0
7740,882004.0,2138.0,1143.0,40.5,25.0,8.9,97.9,1.59,2.0,1,0
7741,607103.0,1506.0,200.0,47.2,66.0,7.3,93.4,0.89,2.0,1,0
7742,909069.0,2041.0,1569.0,27.7,9.0,5.7,88.7,1.53,2.0,1,0
7743,797430.0,1556.0,844.0,5.7,13.0,11.9,87.0,0.84,2.0,1,0
7744,601335.0,781.0,200.0,9.5,33.0,16.0,94.1,1.76,2.0,1,0
7745,1039299.0,2643.0,1396.0,19.8,16.0,1.0,93.0,2.05,2.0,1,0
7746,859447.0,2198.0,975.0,29.7,13.0,3.0,97.5,1.75,2.0,1,0
7747,793503.0,1871.0,916.0,20.3,35.0,2.1,96.0,1.85,2.0,1,0
7748,591017.0,1214.0,865.0,45.5,1.0,8.4,94.0,1.64,2.0,1,0
7749,760840.0,1646.0,896.0,8.5,10.0,11.2,87.3,1.57,2.0,1,0
7750,750225.0,1521.0,960.0,12.6,9.0,4.1,91.9,1.84,1.0,1,0
7751,585955.0,779.0,643.0,49.2,30.0,18.8,98.4,0.76,2.0,1,0
7752,846538.0,1797.0,943.0,8.9,1.0,4.2,96.3,1.38,2.0,1,0
7753,999119.0,2719.0,894.0,13.5,1.0,1.4,89.8,1.88,2.0,1,0
7754,1035925.0,2893.0,1072.0,45.0,9.0,8.7,94.0,1.16,2.0,1,0
7755,671778.0,1751.0,702.0,37.0,58.0,8.9,87.7,1.58,2.0,1,0
7756,638665.0,945.0,200.0,13.6,15.0,5.0,93.9,1.65,2.0,1,0
7757,836698.0,1464.0,200.0,30.6,12.0,6.5,93.4,1.51,2.0,1,0
7758,668693.0,1816.0,635.0,14.4,26.0,4.9,93.1,1.34,2.0,1,0
7759,857993.0,2623.0,733.0,11.5,59.0,17.2,95.6,1.28,2.0,1,0
7760,691666.0,1937.0,360.0,54.4,57.0,7.9,96.2,1.55,1.0,1,0
7761,621669.0,1228.0,282.0,44.3,67.0,0.6,95.6,2.07,2.0,1,0
7762,929548.0,2586.0,823.0,7.9,5.0,6.9,93.5,1.48,2.0,1,0
7763,550479.0,1625.0,627.0,65.8,74.5,8.7,89.6,1.62,2.0,1,0
7764,520895.0,895.0,582.0,31.0,3.0,23.55,95.7,0.98,2.0,1,0
7765,715434.0,1216.0,357.0,14.2,3.0,11.9,91.9,1.81,2.0,1,0
7766,722346.0,887.0,358.0,16.9,25.0,1.8,94.8,2.02,2.0,1,0
7767,525064.0,1758.0,325.0,24.5,14.0,23.55,98.2,1.36,2.0,1,0
7768,805017.0,2045.0,723.0,37.0,8.0,2.7,95.1,0.93,2.0,1,0
7769,1096365.0,3566.625,1161.0,38.2,26.0,0.7,90.9,1.41,2.0,1,0
7770,688880.0,2701.0,988.0,63.4,30.0,23.55,87.4,1.56,2.0,1,0
7771,705280.0,1548.0,863.0,11.6,31.0,18.3,96.0,1.28,2.0,1,0
7772,744386.0,1275.0,200.0,23.9,12.0,11.9,92.4,1.22,2.0,1,0
7773,767433.0,1364.0,200.0,34.3,16.0,1.1,84.8,1.14,2.0,1,0
7774,815755.0,2560.0,997.0,29.2,11.0,12.5,89.3,1.0,2.0,1,0
7775,1067525.0,2671.0,1076.0,32.9,9.0,14.5,95.4,1.08,2.0,1,0
7776,789626.0,1900.0,616.0,0.9,10.0,8.6,85.4,1.43,2.0,1,0
7777,820835.0,1600.0,260.0,12.5,7.0,3.2,95.3,0.89,2.0,1,0
7778,949483.0,1788.0,365.0,16.3,2.0,5.8,92.2,1.2,2.0,1,0
7779,1058628.0,2759.0,1446.0,31.8,58.0,2.0,92.4,0.77,2.0,1,0
7780,644973.0,1378.0,680.0,24.1,36.0,7.8,92.2,1.56,2.0,1,0
7781,795976.0,1461.0,200.0,11.8,31.0,0.5,91.1,1.04,2.0,1,0
7782,832577.0,2467.0,1311.0,42.8,48.0,0.5,88.2,1.47,2.0,1,0
7783,621186.0,2285.0,510.0,54.7,51.0,13.0,90.4,1.93,2.0,1,0
7784,950063.0,2344.0,991.0,38.5,47.0,0.5,99.0,1.23,2.0,1,0
7785,757845.0,2124.0,1095.0,20.9,11.0,0.5,94.5,1.06,1.0,1,0
7786,804580.0,1436.0,946.0,22.4,24.0,1.2,90.5,0.95,2.0,1,0
7787,808168.0,1006.0,285.0,12.1,4.0,3.1,93.5,1.44,2.0,1,0
7788,747469.0,1949.0,499.0,19.8,32.0,1.4,89.7,1.27,2.0,1,0
7789,1032476.0,2214.0,247.0,16.8,13.0,1.6,92.3,1.51,2.0,1,0
7790,953588.0,2284.0,1147.0,31.0,55.0,0.5,92.4,1.88,2.0,1,0
7791,662320.0,1946.0,626.0,63.1,70.0,12.1,94.5,0.78,2.0,1,0
7792,647736.0,978.0,264.0,12.8,34.0,3.0,92.8,1.71,2.0,1,0
7793,750487.0,1487.0,301.0,9.7,43.0,0.5,92.4,1.0,2.0,1,0
7794,632691.0,785.0,200.0,44.0,20.0,2.9,89.3,1.57,2.0,1,0
7795,682807.0,1416.0,432.0,64.1,16.0,0.5,93.1,0.89,2.0,1,0
7796,539921.0,1090.0,969.0,18.8,56.0,23.4,93.9,2.02,2.0,1,0
7797,801156.0,2209.0,552.0,53.2,17.0,7.3,88.0,0.91,2.0,1,0
7798,712200.0,1494.0,200.0,12.7,19.0,13.9,91.2,1.64,2.0,1,0
7799,889177.0,2627.0,715.0,31.4,2.0,9.8,89.5,1.68,2.0,1,0
7800,440212.0,1723.0,293.0,57.4,46.0,23.55,98.6,1.4,2.0,1,0
7801,674080.0,1973.0,200.0,29.0,24.0,0.5,97.6,0.83,1.0,1,0
7802,635714.0,910.0,200.0,73.6625,53.0,1.0,99.0,0.77,2.0,1,0
7803,654369.0,825.0,653.0,22.4,45.0,23.55,96.0,1.96,2.0,1,0
7804,873799.0,2144.0,599.0,27.5,3.0,0.5,91.9,1.44,2.0,1,0
7805,701938.0,1946.0,659.0,30.7,24.0,12.7,96.1,1.28,2.0,1,0
7806,901912.0,2284.0,918.0,9.3,45.0,1.7,87.2,1.78,2.0,1,0
7807,728806.0,1864.0,333.0,25.7,74.5,10.2,93.6,0.83,2.0,1,0
7808,909614.0,2692.0,549.0,16.4,2.0,2.6,91.1,1.99,2.0,1,0
7809,896781.0,2805.0,684.0,31.5,22.0,9.8,95.8,1.5,2.0,1,0
7810,725533.0,1201.0,200.0,36.7,4.0,1.4,97.5,1.22,2.0,1,0
7811,513667.0,1129.0,405.0,23.9,64.0,11.1,88.4,0.86,1.0,1,0
7812,1197286.0,2729.0,818.0,2.3,1.0,0.5,95.3,0.93,2.0,1,0
7813,1030266.0,3439.0,1275.0,46.8,74.5,8.3,96.8,1.79,2.0,1,0
7814,862804.0,2418.0,1090.0,44.3,2.0,3.9,92.6,1.23,2.0,1,0
7815,853804.0,2424.0,1049.0,25.8,14.0,23.55,93.0,2.01,2.0,1,0
7816,706468.0,2155.0,895.0,15.8,74.5,4.1,91.0,1.86,2.0,1,0
7817,1061978.0,2603.0,981.0,50.2,32.0,3.9,95.4,0.8,2.0,1,0
7818,660328.0,1030.0,640.0,58.3,74.5,2.2,91.2,1.08,2.0,1,0
7819,761746.0,1801.0,421.0,35.5,3.0,7.8,91.0,1.95,2.0,1,0
7820,848376.0,2067.0,434.0,26.2,24.0,4.7,91.9,1.65,2.0,1,0
7821,650983.0,1287.0,716.0,19.2,3.0,2.2,91.0,1.19,2.0,1,0
7822,600517.0,1287.0,601.0,30.3,6.0,3.2,89.3,1.26,2.0,1,0
7823,468653.0,1034.0,630.0,36.5,22.0,19.1,95.0,1.43,1.0,1,0
7824,866374.0,1188.0,333.0,32.0,4.0,0.5,91.2,0.89,2.0,1,0
7825,528344.0,1691.0,644.0,49.0,53.0,7.5,95.8,1.27,1.0,1,0
7826,611497.0,1308.0,200.0,52.7,20.0,5.9,97.4,1.63,2.0,1,0
7827,684697.0,1440.0,820.0,15.8,13.0,9.1,98.1,1.65,2.0,1,0
7828,744531.0,1660.0,848.0,52.7,49.0,2.8,90.4,0.75,2.0,1,0
7829,904545.0,2415.0,905.0,43.0,8.0,1.8,98.8,1.97,2.0,1,0
7830,729510.0,1620.0,421.0,36.2,21.0,8.4,93.4,0.77,2.0,1,0
7831,563580.0,1266.0,200.0,41.2,74.5,1.5,94.7,1.35,2.0,1,0
7832,718123.0,2042.0,468.0,27.1,11.0,12.4,88.1,1.94,2.0,1,0
7833,662559.0,1944.0,550.0,11.7,68.0,0.8,94.9,1.51,2.0,1,0
7834,1168370.0,2992.0,836.0,30.7,4.0,0.9,93.9,1.74,2.0,1,0
7835,908366.0,2389.0,864.0,54.8,5.0,14.8,93.5,1.38,2.0,1,0
7836,771726.0,1666.0,532.0,23.2,12.0,6.9,88.3,1.38,2.0,1,0
7837,872172.0,1192.0,1002.0,22.5,6.0,0.5,94.5,1.25,2.0,1,0
7838,750479.0,1796.0,200.0,22.3,25.0,0.9,93.8,0.99,2.0,1,0
7839,987163.0,2733.0,1139.0,15.8,0.0,7.9,93.0,1.25,2.0,1,0
7840,902778.0,1928.0,1206.0,1.9,1.0,7.6,87.0,1.31,2.0,1,0
7841,845563.0,2086.0,1208.0,7.5,15.0,4.2,95.3,0.97,2.0,1,0
7842,540549.0,1669.0,272.0,11.5,23.0,23.55,91.1,1.46,2.0,1,0
7843,670920.0,2499.0,894.0,46.2,52.0,20.9,93.3,1.32,2.0,1,0
7844,725395.0,1342.0,200.0,36.7,28.0,0.9,92.1,1.61,2.0,1,0
7845,696184.0,1843.0,669.0,9.1,74.5,6.2,93.8,1.26,2.0,1,0
7846,820612.0,1836.0,1512.0,48.9,15.0,3.3,91.0,1.77,2.0,1,0
7847,714166.0,1615.0,613.0,33.9,6.0,20.5,90.1,2.26,2.0,1,0
7848,516396.0,1735.0,321.0,48.2,45.0,17.9,89.5,1.26,1.0,1,0
7849,675342.0,1536.0,1041.0,63.1,1.0,0.8,90.5,1.52,2.0,1,0
7850,827212.0,2039.0,507.0,27.6,43.0,1.9,90.1,1.76,2.0,1,0
7851,968487.0,2089.0,200.0,41.2,60.0,7.9,94.6,1.27,2.0,1,0
7852,923657.0,2061.0,1128.0,2.1,26.0,1.9,92.4,0.86,2.0,1,0
7853,660675.0,700.0,283.0,9.0,4.0,3.5,95.7,0.78,2.0,1,0
7854,752827.0,2241.0,1398.0,45.7,14.0,9.9,94.2,1.48,2.0,1,0
7855,1199565.125,3566.625,1229.0,19.8,3.0,0.5,96.9,0.5,2.0,1,0
7856,528795.0,1612.0,1283.0,31.6,74.5,10.1,89.5,1.92,2.0,1,0
7857,539806.0,1630.0,773.0,40.3,64.0,9.4,91.3,1.3,2.0,1,0
7858,1006940.0,3224.0,1670.0,57.8,0.0,2.4,94.0,1.59,2.0,1,0
7859,907103.0,2262.0,1416.0,8.5,8.0,4.4,88.9,1.28,2.0,1,0
7860,745730.0,1017.0,382.0,34.6,0.0,16.7,87.0,0.56,2.0,1,0
7861,871255.0,2433.0,1345.0,37.3,38.0,23.55,95.3,0.74,2.0,1,0
7862,780734.0,1660.0,200.0,51.5,2.0,6.1,90.8,1.44,2.0,1,0
7863,849197.0,2272.0,1310.0,20.3,3.0,21.7,91.5,1.29,2.0,1,0
7864,785796.0,1362.0,794.0,41.3,16.0,3.0,91.1,1.28,2.0,1,0
7865,646672.0,1960.0,445.0,28.5,20.0,16.0,88.0,1.62,2.0,1,0
7866,777653.0,1684.0,291.0,37.5,4.0,2.9,94.6,1.8,2.0,1,0
7867,937196.0,2152.0,1004.0,34.5,74.5,10.6,91.9,1.64,2.0,1,0
7868,732732.0,1881.0,322.0,8.0,12.0,0.6,95.6,1.17,1.0,1,0
7869,915702.0,2945.0,515.0,43.4,11.0,19.4,93.2,1.63,2.0,1,0
7870,620421.0,1455.0,291.0,25.5,3.0,2.6,89.7,1.5,1.0,1,0
7871,954096.0,2077.0,1007.0,43.1,2.0,10.0,92.5,1.04,2.0,1,0
7872,878330.0,2040.0,509.0,33.0,4.0,14.5,98.2,1.31,2.0,1,0
7873,702094.0,1776.0,200.0,39.6,5.0,11.0,88.4,0.99,2.0,1,0
7874,817156.0,2318.0,813.0,23.1,5.0,1.7,93.8,1.25,2.0,1,0
7875,632621.0,1750.0,366.0,56.4,53.0,0.6,86.0,1.59,1.0,1,0
7876,751656.0,1812.0,766.0,25.9,8.0,10.0,97.0,1.07,2.0,1,0
7877,592185.0,1231.0,676.0,73.6625,23.0,2.4,98.6,1.02,2.0,1,0
7878,639384.0,1328.0,1242.0,39.8,56.0,3.9,96.1,1.12,2.0,1,0
7879,753326.0,1996.0,404.0,47.0,17.0,9.9,89.7,1.17,2.0,1,0
7880,634859.0,1426.0,751.0,63.2,21.0,3.7,94.3,1.91,2.0,1,0
7881,700411.0,2059.0,634.0,60.5,29.0,9.8,92.0,1.03,2.0,1,0
7882,703909.0,1271.0,459.0,29.7,17.0,3.8,89.4,1.85,2.0,1,0
7883,837318.0,2581.0,580.0,11.5,51.0,0.5,90.2,1.92,2.0,1,0
7884,863152.0,2367.0,607.0,13.5,15.0,8.3,94.3,1.69,2.0,1,0
7885,626077.0,1785.0,480.0,47.4,14.0,19.9,96.3,0.92,2.0,1,0
7886,607717.0,1227.0,207.0,6.2,20.0,1.5,91.7,1.64,2.0,1,0
7887,920414.0,1993.0,437.0,14.1,7.0,4.3,93.7,1.56,2.0,1,0
7888,741509.0,866.0,590.0,40.7,13.0,9.8,94.6,1.22,2.0,1,0
7889,839466.0,1729.0,922.0,24.1,23.0,10.3,89.3,1.56,2.0,1,0
7890,833349.0,1974.0,765.0,15.6,8.0,13.7,97.3,1.05,2.0,1,0
7891,686104.0,1156.0,564.0,37.9,11.0,3.1,84.8,1.44,2.0,1,0
7892,822333.0,910.0,579.0,6.8,1.0,1.1,89.3,1.18,2.0,1,0
7893,519955.0,878.0,826.0,17.2,38.0,21.7,95.0,1.28,2.0,1,0
7894,550146.0,1405.0,328.0,37.3,41.0,23.55,86.6,1.07,2.0,1,0
7895,704274.0,1642.0,836.0,29.5,3.0,13.7,99.0,1.22,1.0,1,0
7896,603629.0,1030.0,348.0,9.4,42.0,1.5,88.8,1.44,2.0,1,0
7897,732903.0,1554.0,878.0,36.0,28.0,9.6,99.0,1.56,2.0,1,0
7898,921951.0,2242.0,939.0,27.5,11.0,15.3,97.4,1.25,2.0,1,0
7899,729131.0,1339.0,455.0,46.3,45.0,6.0,94.1,1.33,2.0,1,0
7900,678665.0,1761.0,1334.0,30.5,48.0,4.1,93.6,1.4,2.0,1,0
7901,1029026.0,2380.0,726.0,38.8,15.0,0.6,88.9,0.89,2.0,1,0
7902,707338.0,1188.0,512.0,37.0,15.0,3.5,95.2,1.45,2.0,1,0
7903,879556.0,2211.0,782.0,47.9,9.0,1.7,86.9,1.45,2.0,1,0
7904,833830.0,2236.0,1142.0,24.2,55.0,2.5,89.1,1.79,1.0,1,0
7905,759334.0,1496.0,1036.0,41.0,17.0,1.9,88.6,1.4,2.0,1,0
7906,808598.0,2722.0,900.0,39.0,48.0,13.4,92.4,1.42,2.0,1,0
7907,1012927.0,2509.0,733.0,28.4,41.0,0.5,92.6,1.09,2.0,1,0
7908,900383.0,1884.0,699.0,56.2,19.0,3.2,94.2,1.54,2.0,1,0
7909,882737.0,1713.0,616.0,27.8,10.0,0.5,94.1,1.44,2.0,1,0
7910,702801.0,1415.0,200.0,33.0,9.0,8.2,92.9,1.49,2.0,1,0
7911,644865.0,1122.0,432.0,6.0,8.0,4.2,99.0,1.61,2.0,1,0
7912,835337.0,1777.0,724.0,35.5,30.0,9.5,87.6,1.06,2.0,1,0
7913,721342.0,1953.0,611.0,28.8,21.0,5.8,87.4,1.26,1.0,1,0
7914,755597.0,1455.0,555.0,16.4,13.0,4.6,94.2,1.58,2.0,1,0
7915,784113.0,1126.0,200.0,14.1,1.0,5.6,97.3,1.39,2.0,1,0
7916,842962.0,2094.0,740.0,27.5,26.0,3.9,95.4,1.46,2.0,1,0
7917,772879.0,2526.0,705.0,31.9,67.0,13.7,99.0,1.74,2.0,1,0
7918,795923.0,2549.0,488.0,14.4,58.0,6.9,92.4,0.72,2.0,1,0
7919,660635.0,1525.0,200.0,35.6,5.0,20.1,97.3,1.18,2.0,1,0
7920,836543.0,2249.0,625.0,20.0,2.0,6.6,85.1,1.56,2.0,1,0
7921,708016.0,1256.0,423.0,39.9,11.0,0.7,98.8,1.24,2.0,1,0
7922,790383.0,1977.0,455.0,23.1,6.0,3.1,86.7,1.22,2.0,1,0
7923,810510.0,1957.0,200.0,73.6625,14.0,13.2,90.6,1.18,2.0,1,0
7924,761983.0,1146.0,864.0,29.6,72.0,11.9,99.0,1.36,2.0,1,0
7925,971472.0,2642.0,989.0,26.2,41.0,0.6,93.4,0.65,2.0,1,0
7926,811640.0,1853.0,200.0,28.2,20.0,12.9,94.3,1.54,2.0,1,0
7927,1166213.0,3319.0,858.0,11.8,5.0,3.5,90.3,0.85,2.0,1,0
7928,938521.0,1573.0,1508.0,38.3,11.0,0.5,91.4,0.95,2.0,1,0
7929,825710.0,2096.0,933.0,23.8,23.0,1.3,92.3,1.73,2.0,1,0
7930,1108013.0,2791.0,1099.0,3.7,2.0,10.0,92.6,1.88,2.0,1,0
7931,752953.0,1610.0,330.0,17.1,8.0,6.8,91.3,1.48,2.0,1,0
7932,683848.0,2006.0,731.0,47.0,35.0,13.7,92.2,0.96,2.0,1,0
7933,1020778.0,2663.0,1190.0,14.0,1.0,0.5,95.1,1.62,2.0,1,0
7934,578273.0,867.0,200.0,12.9,73.0,5.9,95.4,1.15,2.0,1,0
7935,847964.0,2916.0,1329.0,51.3,2.0,15.8,96.8,1.17,2.0,1,0
7936,700088.0,1844.0,1033.0,50.9,28.0,2.8,99.0,1.18,2.0,1,0
7937,1011448.0,2286.0,390.0,4.6,7.0,5.5,89.0,0.73,2.0,1,0
7938,764420.0,1430.0,396.0,23.5,52.0,0.5,92.4,1.95,2.0,1,0
7939,568942.0,1338.0,506.0,22.2,36.0,2.8,97.3,1.15,2.0,1,0
7940,681811.0,1552.0,465.0,27.5,8.0,8.1,95.8,1.41,2.0,1,0
7941,584951.0,960.0,1118.0,47.7,40.0,4.9,96.2,1.31,2.0,1,0
7942,880771.0,2326.0,1682.0,33.7,3.0,1.3,93.5,0.99,2.0,1,0
7943,486411.0,1152.0,229.0,39.8,74.5,18.0,89.1,1.64,2.0,1,0
7944,667243.0,1806.0,200.0,69.6,45.0,12.6,90.6,1.34,2.0,1,0
7945,648524.0,1505.0,504.0,35.8,15.0,7.8,94.9,1.82,2.0,1,0
7946,582886.0,1764.0,506.0,38.5,1.0,11.0,90.2,1.91,2.0,1,0
7947,492965.0,1028.0,720.0,53.9,16.0,9.3,91.2,0.65,1.0,1,0
7948,607107.0,1168.0,800.0,5.7,7.0,21.3,91.5,1.3,2.0,1,0
7949,808600.0,2325.0,1194.0,38.9,3.0,5.1,86.9,1.57,2.0,1,0
7950,806112.0,1415.0,361.0,16.4,5.0,13.3,99.0,1.68,2.0,1,0
7951,724081.0,1354.0,202.0,23.2,3.0,7.4,92.4,1.33,2.0,1,0
7952,919335.0,2323.0,913.0,22.7,53.0,5.5,91.3,1.75,2.0,1,0
7953,930418.0,2035.0,417.0,18.3,0.0,0.5,95.8,1.02,2.0,1,0
7954,714695.0,2029.0,426.0,12.8,41.0,3.3,93.1,0.74,2.0,1,0
7955,845487.0,1637.0,244.0,50.6,29.0,5.9,91.4,0.75,2.0,1,0
7956,689305.0,1216.0,756.0,30.0,1.0,1.9,91.4,1.19,2.0,1,0
7957,768685.0,1601.0,256.0,10.7,32.0,8.0,90.2,1.54,2.0,1,0
7958,613828.0,1787.0,279.0,12.1,74.5,7.0,89.7,1.82,2.0,1,0
7959,733684.0,1191.0,378.0,15.1,45.0,8.5,90.0,1.3,2.0,1,0
7960,922269.0,3020.0,1291.0,11.1,61.0,4.0,85.6,1.35,2.0,1,0
7961,667709.0,1729.0,570.0,45.7,10.0,1.9,93.5,1.21,2.0,1,0
7962,734290.0,1376.0,454.0,32.3,14.0,13.3,95.7,1.45,2.0,1,0
7963,650711.0,1843.0,726.0,20.3,23.0,2.7,95.2,1.46,1.0,1,0
7964,738163.0,1850.0,499.0,47.3,12.0,2.4,96.2,0.68,2.0,1,0
7965,701037.0,2071.0,467.0,33.1,21.0,8.5,89.3,1.16,2.0,1,0
7966,804549.0,1236.0,831.0,47.4,10.0,4.1,93.1,2.22,2.0,1,0
7967,687623.0,1521.0,257.0,11.4,25.0,3.1,90.8,1.59,2.0,1,0
7968,728343.0,1035.0,200.0,54.0,35.0,4.9,93.8,0.98,2.0,1,0
7969,837176.0,1417.0,406.0,18.9,1.0,5.2,97.7,1.28,2.0,1,0
7970,605022.0,1636.0,624.0,47.8,38.0,18.8,92.2,1.3,2.0,1,0
7971,787121.0,1791.0,200.0,35.3,9.0,13.0,95.2,1.11,2.0,1,0
7972,894296.0,1863.0,200.0,13.8,25.0,3.1,95.3,1.57,2.0,1,0
7973,594708.0,1413.0,200.0,5.3,26.0,8.0,91.0,1.77,2.0,1,0
7974,697951.0,1561.0,531.0,56.3,6.0,10.0,91.2,1.23,2.0,1,0
7975,898756.0,2338.0,1071.0,34.4,5.0,2.7,94.3,1.59,2.0,1,0
7976,700386.0,1336.0,381.0,31.8,30.0,10.4,95.8,2.13,2.0,1,0
7977,732457.0,1328.0,667.0,21.4,26.0,2.3,98.9,1.18,2.0,1,0
7978,855775.0,1889.0,1340.0,33.7,2.0,10.2,92.2,0.72,2.0,1,0
7979,1199565.125,3566.625,1801.5,32.5,1.0,3.2,93.9,1.45,2.0,1,0
7980,697802.0,1212.0,220.0,7.9,17.0,13.9,89.7,1.02,2.0,1,0
7981,607945.0,871.0,200.0,38.3,22.0,9.9,89.2,1.31,2.0,1,0
7982,641076.0,1271.0,1110.0,42.8,40.0,14.7,98.2,1.5,2.0,1,0
7983,791145.0,2182.0,208.0,58.1,4.0,23.55,87.1,1.71,2.0,1,0
7984,837927.0,1940.0,617.0,2.0,21.0,12.3,92.1,1.88,2.0,1,0
7985,690776.0,1549.0,463.0,38.4,18.0,1.0,96.5,1.8,2.0,1,0
7986,776825.0,1600.0,406.0,17.6,74.5,6.3,86.2,1.33,2.0,1,0
7987,716638.0,1338.0,504.0,55.0,1.0,2.6,93.5,1.88,2.0,1,0
7988,924785.0,2404.0,743.0,45.3,3.0,10.6,91.1,1.58,2.0,1,0
7989,1017131.0,2701.0,535.0,1.7,74.0,0.9,94.5,1.48,2.0,1,0
7990,758316.0,1840.0,852.0,22.2,38.0,4.2,92.1,1.38,2.0,1,0
7991,762486.0,1869.0,602.0,24.1,47.0,2.1,90.7,1.77,2.0,1,0
7992,636198.0,1234.0,1030.0,22.8,74.5,0.5,94.1,1.69,2.0,1,0
7993,673073.0,2070.0,671.0,52.4,9.0,3.2,92.6,1.62,2.0,1,0
7994,674985.0,1993.0,709.0,49.3,22.0,6.7,89.6,1.82,2.0,1,0
7995,699185.0,1507.0,401.0,43.3,11.0,4.0,87.5,1.67,2.0,1,0
7996,760129.0,1300.0,648.0,14.1,6.0,14.9,94.0,1.06,2.0,1,0
7997,906946.0,2517.0,1095.0,22.5,14.0,13.2,92.4,1.58,2.0,1,0
7998,798591.0,1737.0,445.0,15.7,18.0,0.9,89.2,0.74,2.0,1,0
7999,731039.0,1459.0,1043.0,5.2,11.0,12.3,92.8,1.15,2.0,1,0
8000,910140.0,2088.0,1008.0,17.5,4.0,7.1,95.6,2.13,2.0,1,0
8001,649100.0,1071.0,672.0,52.4,12.0,4.8,98.5,1.35,2.0,1,0
8002,661073.0,1210.0,311.0,38.6,48.0,10.4,89.2,1.16,2.0,1,0
8003,604352.0,1019.0,713.0,49.8,28.0,0.9,92.4,1.22,2.0,1,0
8004,1118901.0,3566.625,1323.0,22.6,54.0,10.3,97.2,1.46,2.0,1,0
8005,965632.0,2790.0,732.0,9.9,4.0,2.2,92.0,1.35,1.0,1,0
8006,846874.0,2083.0,1047.0,25.3,7.0,13.0,88.5,1.19,2.0,1,0
8007,974452.0,2731.0,1073.0,19.4,30.0,2.6,98.4,1.23,2.0,1,0
8008,583824.0,1352.0,340.0,23.6,7.0,2.6,88.9,1.62,2.0,1,0
8009,931538.0,2299.0,200.0,5.9,70.0,1.2,94.7,1.42,2.0,1,0
8010,753784.0,1372.0,738.0,6.2,4.0,14.7,99.0,1.07,2.0,1,0
8011,721679.0,1850.0,744.0,15.0,3.0,2.1,95.9,0.92,2.0,1,0
8012,920173.0,3172.0,978.0,33.4,3.0,18.7,93.3,1.36,2.0,1,0
8013,678721.0,1176.0,619.0,37.5,20.0,1.8,94.7,1.14,2.0,1,0
8014,571600.0,1305.0,359.0,32.7,65.0,5.2,85.5,1.77,2.0,1,0
8015,853794.0,1721.0,200.0,25.9,0.0,2.4,93.1,1.16,2.0,1,0
8016,703407.0,1336.0,370.0,48.1,55.0,13.6,96.8,1.55,2.0,1,0
8017,577253.0,1380.0,200.0,48.1,74.5,2.5,98.0,1.18,2.0,1,0
8018,694593.0,1358.0,346.0,60.5,3.0,3.1,87.9,0.87,2.0,1,0
8019,865721.0,1923.0,592.0,29.4,25.0,0.9,85.5,1.71,2.0,1,0
8020,846160.0,1643.0,523.0,8.6,10.0,3.0,95.4,1.76,2.0,1,0
8021,825334.0,1666.0,788.0,46.4,21.0,5.7,96.4,1.02,2.0,1,0
8022,798247.0,1682.0,789.0,73.6625,4.0,1.9,97.7,1.56,2.0,1,0
8023,1016425.0,2175.0,1247.0,5.0,3.0,5.9,93.2,1.36,2.0,1,0
8024,1076154.0,2631.0,1538.0,7.8,5.0,7.3,96.1,1.57,2.0,1,0
8025,636653.0,1929.0,200.0,60.5,60.0,4.1,98.5,1.27,2.0,1,0
8026,871843.0,1794.0,557.0,4.7,19.0,2.9,89.2,1.35,2.0,1,0
8027,860454.0,1504.0,475.0,16.6,22.0,12.3,92.7,1.18,2.0,1,0
8028,517930.0,992.0,520.0,43.5,20.0,16.0,94.4,1.38,2.0,1,0
8029,607100.0,1635.0,333.0,15.8,22.0,23.55,99.0,2.04,2.0,1,0
8030,551289.0,833.0,200.0,21.9,8.0,23.55,95.5,2.15,2.0,1,0
8031,855306.0,2704.0,1161.0,15.5,20.0,23.55,87.8,1.57,2.0,1,0
8032,840083.0,2462.0,1512.0,34.3,17.0,1.1,99.0,0.65,1.0,1,0
8033,755446.0,1311.0,565.0,28.0,14.0,2.5,93.8,1.76,2.0,1,0
8034,441188.0,1635.0,246.0,50.2,74.5,3.3,89.8,1.78,1.0,1,0
8035,865342.0,2227.0,873.0,40.6,22.0,7.7,96.0,1.23,2.0,1,0
8036,719465.0,1310.0,1041.0,36.7,6.0,4.7,95.6,1.45,2.0,1,0
8037,896365.0,1815.0,725.0,9.3,1.0,5.4,93.2,2.0,2.0,1,0
8038,556963.0,1409.0,200.0,19.9,15.0,13.8,86.3,1.44,2.0,1,0
8039,912266.0,1905.0,1087.0,28.9,6.0,3.1,92.6,1.1,2.0,1,0
8040,629959.0,1098.0,488.0,14.5,29.0,10.6,84.7,1.29,2.0,1,0
8041,678834.0,2384.0,629.0,24.5,74.5,10.3,95.1,1.64,2.0,1,0
8042,858427.0,2007.0,789.0,35.5,30.0,3.9,93.1,1.7,2.0,1,0
8043,1026030.0,2663.0,1330.0,12.4,26.0,0.5,92.2,1.21,2.0,1,0
8044,656403.0,1497.0,632.0,49.5,11.0,9.5,89.2,1.25,2.0,1,0
8045,880228.0,2446.0,676.0,37.7,3.0,7.2,92.5,0.95,2.0,1,0
8046,751138.0,1404.0,336.0,16.0,3.0,7.1,95.7,1.45,2.0,1,0
8047,696149.0,901.0,714.0,6.9,37.0,4.5,90.1,1.37,2.0,1,0
8048,485166.0,1187.0,200.0,9.5,74.5,7.5,88.8,1.03,1.0,1,0
8049,945803.0,2264.0,1493.0,11.1,30.0,0.5,96.2,1.24,2.0,1,0
8050,859221.0,2522.0,729.0,35.8,32.0,23.55,92.7,1.08,2.0,1,0
8051,847943.0,1764.0,704.0,8.0,74.5,1.1,91.8,0.5,2.0,1,0
8052,903876.0,2029.0,611.0,41.3,17.0,5.6,96.2,1.31,2.0,1,0
8053,915674.0,2345.0,676.0,16.2,4.0,4.4,85.4,1.22,2.0,1,0
8054,1062802.0,3342.0,864.0,11.5,19.0,4.1,98.1,2.04,2.0,1,0
8055,941066.0,2533.0,653.0,34.1,1.0,6.1,90.9,0.97,2.0,1,0
8056,848473.0,1777.0,225.0,13.8,8.0,1.4,97.0,1.53,2.0,1,0
8057,951687.0,2267.0,967.0,12.0,8.0,23.55,92.7,1.41,2.0,1,0
8058,955020.0,2636.0,972.0,22.5,11.0,7.4,90.7,1.44,2.0,1,0
8059,392993.0,904.0,954.0,27.2,57.0,23.55,90.1,0.99,1.0,1,0
8060,779167.0,1511.0,471.0,16.6,2.0,2.6,93.6,1.1,2.0,1,0
8061,1199565.125,3566.625,950.0,40.7,2.0,6.8,91.1,1.73,2.0,1,0
8062,916313.0,1823.0,761.0,3.3,22.0,3.5,89.7,1.37,2.0,1,0
8063,733006.0,1559.0,705.0,17.3,39.0,3.3,98.2,1.55,2.0,1,0
8064,1070983.0,2574.0,862.0,6.3,24.0,2.1,99.0,0.95,2.0,1,0
8065,1199565.125,3566.625,1534.0,4.0,29.0,0.5,96.3,1.22,2.0,1,0
8066,843001.0,1721.0,374.0,20.5,14.0,0.7,93.1,1.57,2.0,1,0
8067,751379.0,1433.0,1313.0,44.5,12.0,0.7,92.2,1.29,2.0,1,0
8068,703226.0,835.0,496.0,6.0,9.0,6.5,92.5,0.88,2.0,1,0
8069,1109960.0,3151.0,1339.0,5.7,16.0,23.55,93.0,0.9,2.0,1,0
8070,818076.0,2169.0,765.0,40.7,60.0,0.8,87.5,1.08,2.0,1,0
8071,630245.0,1662.0,586.0,64.2,12.0,19.8,95.5,1.87,2.0,1,0
8072,889403.0,1887.0,384.0,39.7,2.0,2.1,93.1,1.26,2.0,1,0
8073,633597.0,1058.0,511.0,48.2,12.0,9.5,88.4,1.74,2.0,1,0
8074,818226.0,1386.0,662.0,16.9,2.0,2.8,90.8,1.77,2.0,1,0
8075,787048.0,1453.0,976.0,25.5,25.0,5.0,87.5,1.64,2.0,1,0
8076,797932.0,1732.0,388.0,9.1,1.0,7.1,97.2,0.96,2.0,1,0
8077,932660.0,2829.0,879.0,20.5,70.0,3.9,94.0,1.03,2.0,1,0
8078,772911.0,1385.0,490.0,42.4,35.0,10.1,94.7,1.09,2.0,1,0
8079,898410.0,2853.0,1313.0,44.5,22.0,1.4,87.8,1.84,2.0,1,0
8080,660546.0,1169.0,200.0,49.0,8.0,0.9,97.0,1.73,2.0,1,0
8081,792969.0,2512.0,437.0,13.0,32.0,4.9,92.5,1.94,2.0,1,0
8082,525883.0,1003.0,200.0,45.6,3.0,8.2,95.8,0.63,2.0,1,0
8083,982727.0,3566.625,1467.0,26.7,35.0,23.55,88.9,1.63,2.0,1,0
8084,648457.0,1281.0,200.0,46.6,29.0,5.4,95.9,1.96,2.0,1,0
8085,764115.0,1784.0,200.0,24.9,12.0,3.2,93.0,1.35,2.0,1,0
8086,755034.0,2634.0,669.0,23.5,18.0,18.3,95.4,1.61,2.0,1,0
8087,671484.0,1123.0,631.0,4.3,5.0,5.0,90.6,1.07,2.0,1,0
8088,554322.0,978.0,200.0,41.9,3.0,1.0,98.2,1.37,2.0,1,0
8089,836487.0,2114.0,897.0,34.1,60.0,7.1,93.0,1.11,2.0,1,0
8090,1078713.0,1736.0,1268.0,19.2,10.0,0.9,88.3,1.74,2.0,1,0
8091,889290.0,2465.0,773.0,18.0,20.0,1.8,88.7,1.67,2.0,1,0
8092,991271.0,2267.0,1566.0,22.3,4.0,0.8,99.0,1.5,2.0,1,0
8093,621944.0,2019.0,553.0,33.2,10.0,1.0,91.7,1.7,2.0,1,0
8094,709454.0,1389.0,241.0,4.7,7.0,6.0,86.9,1.17,2.0,1,0
8095,647894.0,1898.0,591.0,39.1,2.0,11.3,87.7,0.82,2.0,1,0
8096,746945.0,1998.0,513.0,60.3,21.0,3.0,90.8,1.49,2.0,1,0
8097,1190664.0,3566.625,1527.0,39.7,5.0,0.5,95.7,1.67,2.0,1,0
8098,958535.0,2370.0,1545.0,10.6,1.0,5.5,92.3,1.48,2.0,1,0
8099,1026402.0,3116.0,768.0,13.5,7.0,1.5,87.6,1.62,2.0,1,0
8100,847551.0,1692.0,1028.0,8.9,44.0,12.1,91.7,0.84,2.0,1,0
8101,781319.0,1853.0,244.0,22.5,9.0,13.2,88.8,1.15,2.0,1,0
8102,1062082.0,2564.0,972.0,19.9,3.0,6.8,93.1,1.56,2.0,1,0
8103,771678.0,1772.0,297.0,41.6,5.0,3.7,95.9,1.29,2.0,1,0
8104,750707.0,2295.0,839.0,27.8,36.0,6.3,93.8,1.57,2.0,1,0
8105,561829.0,982.0,200.0,38.0,3.0,14.4,90.9,0.5,2.0,1,0
8106,994584.0,2871.0,690.0,21.6,21.0,4.3,90.0,1.39,2.0,1,0
8107,695693.0,1917.0,529.0,46.8,30.0,1.6,85.4,0.79,2.0,1,0
8108,715219.0,1512.0,200.0,36.4,17.0,13.7,94.3,1.45,2.0,1,0
8109,729318.0,1265.0,771.0,15.6,34.0,0.5,93.0,1.41,2.0,1,0
8110,769897.0,1512.0,317.0,13.6,16.0,5.0,92.0,1.55,2.0,1,0
8111,883276.0,1697.0,402.0,18.6,1.0,5.0,90.1,1.63,2.0,1,0
8112,714018.0,2022.0,333.0,10.0,10.0,14.6,94.0,1.86,2.0,1,0
8113,583266.0,1248.0,775.0,42.2,27.0,9.7,94.2,1.04,2.0,1,0
8114,760074.0,1387.0,215.0,30.5,47.0,1.5,94.3,1.41,2.0,1,0
8115,904437.0,1735.0,991.0,26.1,14.0,0.6,95.8,0.87,2.0,1,0
8116,866567.0,1596.0,200.0,49.5,0.0,0.8,90.3,1.22,2.0,1,0
8117,500003.0,867.0,882.0,32.4,14.0,3.4,95.9,1.88,2.0,1,0
8118,826830.0,1373.0,787.0,14.2,4.0,2.2,94.2,1.16,1.0,1,0
8119,849648.0,1551.0,200.0,11.6,11.0,18.2,97.1,1.78,2.0,1,0
8120,869272.0,2187.0,678.0,47.9,46.0,1.4,88.5,1.85,2.0,1,0
8121,919097.0,3289.0,1498.0,41.6,2.0,12.8,93.9,0.63,2.0,1,0
8122,835502.0,1376.0,638.0,29.3,19.0,6.1,96.0,1.59,2.0,1,0
8123,655128.0,1457.0,200.0,29.5,1.0,5.2,89.6,1.17,2.0,1,0
8124,384932.0,831.0,422.0,61.3,14.0,13.0,91.5,1.56,2.0,1,0
8125,944391.0,1660.0,710.0,29.8,2.0,0.8,96.3,0.67,2.0,1,0
8126,729631.0,1767.0,764.0,17.8,1.0,9.7,91.2,1.24,2.0,1,0
8127,782188.0,1631.0,200.0,42.6,24.0,0.9,95.6,1.48,2.0,1,0
8128,914250.0,1445.0,200.0,10.8,29.0,11.1,92.5,1.49,2.0,1,0
8129,957639.0,2026.0,899.0,41.3,4.0,14.1,92.8,1.83,2.0,1,0
8130,689557.0,2047.0,752.0,37.2,74.5,3.7,99.0,0.92,2.0,1,0
8131,812131.0,1789.0,665.0,11.9,22.0,14.7,93.7,1.27,2.0,1,0
8132,664792.0,1279.0,200.0,29.6,4.0,6.1,91.5,1.75,2.0,1,0
8133,1120818.0,2929.0,1036.0,29.6,13.0,7.1,90.0,1.04,2.0,1,0
8134,687589.0,1120.0,200.0,6.8,20.0,6.4,91.5,1.17,2.0,1,0
8135,788251.0,2157.0,907.0,33.2,48.0,7.8,87.7,1.45,2.0,1,0
8136,405111.0,1020.0,200.0,14.3,16.0,23.55,91.5,1.61,2.0,1,0
8137,913207.0,2112.0,724.0,18.0,37.0,6.2,87.8,0.88,2.0,1,0
8138,1163271.0,3552.0,1097.0,15.5,11.0,1.3,88.3,1.68,2.0,1,0
8139,832980.0,1629.0,804.0,10.9,7.0,1.1,92.3,1.33,2.0,1,0
8140,1164584.0,3566.625,1801.5,48.1,33.0,6.2,91.6,1.9,2.0,1,0
8141,1106602.0,2982.0,1283.0,12.6,3.0,11.3,90.3,1.03,2.0,1,0
8142,735641.0,1353.0,200.0,23.4,15.0,8.8,98.5,0.84,2.0,1,0
8143,825289.0,2737.0,1127.0,32.1,74.5,4.5,89.9,1.32,2.0,1,0
8144,723125.0,1822.0,1183.0,33.9,37.0,5.3,96.0,1.46,2.0,1,0
8145,990766.0,2899.0,720.0,16.0,13.0,3.6,93.1,1.68,2.0,1,0
8146,900628.0,2399.0,1006.0,6.6,26.0,0.5,90.3,1.79,2.0,1,0
8147,538791.0,1171.0,520.0,35.4,7.0,8.8,96.0,1.55,2.0,1,0
8148,699664.0,1464.0,794.0,34.4,3.0,14.1,88.7,1.51,2.0,1,0
8149,685178.0,1477.0,533.0,26.5,25.0,4.0,93.5,1.3,2.0,1,0
8150,1018483.0,2230.0,1038.0,40.7,6.0,6.5,90.8,1.24,2.0,1,0
8151,577176.0,959.0,376.0,41.4,11.0,4.2,93.0,0.89,2.0,1,0
8152,684185.0,1601.0,447.0,30.7,6.0,12.7,92.6,1.2,2.0,1,0
8153,790992.0,1309.0,803.0,17.7,7.0,0.8,96.1,1.48,2.0,1,0
8154,994459.0,2809.0,1198.0,8.8,22.0,2.6,92.5,1.28,2.0,1,0
8155,682898.0,1277.0,321.0,30.1,6.0,0.9,94.0,1.33,1.0,1,0
8156,839067.0,2108.0,475.0,18.7,11.0,8.4,94.9,1.5,2.0,1,0
8157,722912.0,1039.0,616.0,16.9,10.0,8.3,90.0,1.16,2.0,1,0
8158,431504.0,745.0,354.0,29.5,3.0,5.0,89.7,1.67,1.0,1,0
8159,689174.0,1571.0,946.0,28.6,63.0,10.9,97.0,1.2,2.0,1,0
8160,599725.0,2149.0,627.0,8.5,21.0,23.55,94.3,0.5,2.0,1,0
8161,575099.0,1746.0,200.0,44.8,28.0,23.55,87.7,1.57,2.0,1,0
8162,596028.0,1317.0,200.0,19.6,8.0,14.0,90.0,1.19,2.0,1,0
8163,968330.0,2380.0,1182.0,0.9,12.0,14.7,99.0,1.44,2.0,1,0
8164,875856.0,2790.0,928.0,35.5,7.0,3.0,92.3,1.57,2.0,1,0
8165,566101.0,1332.0,367.0,41.5,14.0,6.9,94.9,1.38,2.0,1,0
8166,749149.0,2073.0,757.0,12.4,33.0,20.6,92.4,1.5,2.0,1,0
8167,716177.0,1362.0,200.0,61.7,26.0,2.0,99.0,1.73,2.0,1,0
8168,747803.0,801.0,960.0,31.5,19.0,3.7,98.3,1.57,2.0,1,0
8169,984196.0,2783.0,712.0,36.8,30.0,2.8,93.8,0.97,2.0,1,0
8170,771798.0,1134.0,299.0,42.1,13.0,5.9,92.6,1.15,2.0,1,0
8171,1013921.0,2358.0,865.0,61.4,8.0,0.5,98.8,1.52,2.0,1,0
8172,527433.0,1048.0,200.0,60.7,41.0,8.2,93.8,1.62,2.0,1,0
8173,681471.0,1458.0,539.0,52.3,12.0,9.0,95.6,1.91,2.0,1,0
8174,791449.0,1540.0,316.0,14.5,24.0,8.4,92.5,1.41,2.0,1,0
8175,513400.0,1354.0,694.0,48.5,59.0,4.1,92.8,1.34,2.0,1,0
8176,1085158.0,3566.625,1272.0,14.2,47.0,3.6,93.2,1.18,2.0,1,0
8177,671427.0,1112.0,376.0,22.0,17.0,0.7,96.2,1.24,2.0,1,0
8178,795283.0,2288.0,1254.0,32.5,2.0,16.7,94.0,1.33,2.0,1,0
8179,374768.125,847.0,200.0,67.8,69.0,7.7,91.7,1.55,2.0,1,0
8180,758243.0,2239.0,912.0,12.2,74.5,7.3,99.0,1.07,2.0,1,0
8181,584014.0,1269.0,200.0,45.5,74.5,4.7,96.0,0.98,2.0,1,0
8182,1066397.0,3177.0,1000.0,42.8,6.0,5.9,93.7,1.44,2.0,1,0
8183,702392.0,1475.0,520.0,7.8,31.0,14.7,95.3,1.29,2.0,1,0
8184,698100.0,1362.0,877.0,22.3,5.0,12.3,93.7,1.09,2.0,1,0
8185,725934.0,2096.0,1032.0,53.8,32.0,19.4,95.4,1.41,2.0,1,0
8186,803278.0,2004.0,1021.0,8.2,11.0,1.8,93.5,1.17,2.0,1,0
8187,761117.0,1269.0,518.0,44.1,1.0,4.6,92.7,1.29,2.0,1,0
8188,1011301.0,2435.0,746.0,24.7,10.0,8.2,91.5,1.12,2.0,1,0
8189,711418.0,1219.0,376.0,7.5,22.0,1.8,97.9,0.96,2.0,1,0
8190,718567.0,1443.0,494.0,2.9,32.0,9.5,87.8,1.49,2.0,1,0
8191,641760.0,1294.0,475.0,61.5,12.0,0.5,93.2,1.82,2.0,1,0
8192,697221.0,1486.0,852.0,10.4,3.0,6.4,96.2,1.73,2.0,1,0
8193,580620.0,1033.0,200.0,20.6,22.0,8.3,95.4,1.3,2.0,1,0
8194,627279.0,1343.0,300.0,3.7,10.0,14.3,94.1,2.02,2.0,1,0
8195,1015693.0,2522.0,809.0,24.4,51.0,2.6,92.2,1.54,2.0,1,0
8196,862070.0,1964.0,927.0,31.5,39.0,0.5,96.0,1.66,2.0,1,0
8197,911930.0,2070.0,772.0,14.6,24.0,7.6,92.2,1.71,2.0,1,0
8198,683807.0,1635.0,200.0,53.7,7.0,7.5,91.8,2.02,2.0,1,0
8199,730599.0,1551.0,200.0,57.9,25.0,0.5,97.6,1.29,2.0,1,0
8200,560787.0,995.0,200.0,59.1,25.0,6.5,89.6,1.23,2.0,1,0
8201,851472.0,2399.0,444.0,11.9,53.0,5.3,89.3,1.39,2.0,1,0
8202,1025232.0,2514.0,738.0,4.9,0.0,5.9,98.8,1.65,2.0,1,0
8203,823558.0,1332.0,604.0,6.8,15.0,2.9,94.3,1.0,2.0,1,0
8204,825964.0,2915.0,978.0,53.7,15.0,0.8,89.6,1.14,1.0,1,0
8205,932405.0,1585.0,219.0,15.4,8.0,7.3,90.6,1.94,2.0,1,0
8206,780488.0,3043.0,632.0,12.0,0.0,11.3,88.2,1.85,2.0,1,0
8207,866925.0,2318.0,825.0,11.2,42.0,0.7,88.9,1.04,2.0,1,0
8208,860181.0,2109.0,1304.0,20.3,18.0,11.6,91.1,1.34,2.0,1,0
8209,668060.0,1374.0,213.0,26.8,15.0,13.6,89.8,1.9,2.0,1,0
8210,913067.0,2874.0,887.0,12.1,8.0,7.2,95.3,0.74,2.0,1,0
8211,998384.0,1860.0,451.0,20.1,5.0,2.1,96.2,1.46,2.0,1,0
8212,874405.0,2331.0,1229.0,17.4,44.0,1.0,91.3,1.94,2.0,1,0
8213,683349.0,1856.0,914.0,25.7,74.5,8.8,92.3,1.53,2.0,1,0
8214,816380.0,1465.0,1028.0,31.0,1.0,1.1,90.3,1.35,2.0,1,0
8215,804990.0,1951.0,200.0,12.1,21.0,20.8,94.1,1.55,2.0,1,0
8216,773515.0,1316.0,671.0,23.2,57.0,3.3,90.4,1.89,2.0,1,0
8217,1106680.0,2591.0,1543.0,24.4,24.0,3.6,97.8,1.35,2.0,1,0
8218,677456.0,1343.0,299.0,29.6,70.0,1.7,98.7,2.34,2.0,1,0
8219,754011.0,2184.0,534.0,61.8,7.0,6.9,93.4,1.58,2.0,1,0
8220,760479.0,1896.0,715.0,22.4,8.0,1.2,88.1,1.08,2.0,1,0
8221,691314.0,1379.0,690.0,8.0,9.0,11.4,95.5,1.19,2.0,1,0
8222,887756.0,3075.0,1056.0,21.0,42.0,2.2,94.0,1.78,2.0,1,0
8223,674689.0,1486.0,200.0,35.6,63.0,4.5,90.4,1.74,2.0,1,0
8224,524913.0,1359.0,601.0,31.2,29.0,5.1,89.7,1.41,2.0,1,0
8225,1035676.0,2636.0,735.0,19.7,6.0,6.2,89.2,1.39,2.0,1,0
8226,793979.0,1771.0,267.0,26.4,2.0,6.1,94.0,1.46,2.0,1,0
8227,734627.0,1580.0,609.0,26.9,25.0,1.9,93.3,1.24,2.0,1,0
8228,926270.0,1327.0,722.0,17.7,4.0,2.8,89.1,1.61,2.0,1,0
8229,881871.0,2320.0,429.0,25.0,74.5,9.2,91.7,1.24,2.0,1,0
8230,640832.0,1053.0,1101.0,34.1,3.0,1.3,90.0,1.47,2.0,1,0
8231,825025.0,1706.0,424.0,20.1,7.0,5.4,98.1,1.38,2.0,1,0
8232,585974.0,1321.0,413.0,44.5,16.0,6.6,99.0,1.03,1.0,1,0
8233,931428.0,2026.0,1480.0,30.7,8.0,5.5,94.8,1.23,2.0,1,0
8234,726489.0,1385.0,394.0,33.0,3.0,3.3,95.1,1.03,2.0,1,0
8235,813330.0,1235.0,200.0,19.8,15.0,5.0,98.0,1.07,2.0,1,0
8236,713142.0,1422.0,537.0,1.7,21.0,15.0,92.9,1.27,2.0,1,0
8237,675200.0,1091.0,544.0,26.9,22.0,1.4,92.5,1.43,2.0,1,0
8238,775838.0,1523.0,504.0,14.3,8.0,1.4,92.6,0.86,2.0,1,0
8239,996672.0,3460.0,1443.0,4.8,24.0,14.0,94.7,1.24,1.0,1,0
8240,664094.0,1565.0,720.0,42.4,24.0,16.1,93.8,1.29,2.0,1,0
8241,713873.0,1523.0,810.0,51.5,11.0,3.4,93.3,1.62,2.0,1,0
8242,1104161.0,2908.0,1326.0,8.6,4.0,2.4,95.2,1.08,2.0,1,0
8243,996464.0,2739.0,1021.0,12.4,10.0,1.1,88.1,1.25,2.0,1,0
8244,737501.0,1093.0,573.0,13.8,13.0,3.9,95.7,1.48,2.0,1,0
8245,974263.0,2406.0,723.0,23.4,42.0,2.6,94.7,1.26,2.0,1,0
8246,730757.0,1666.0,883.0,23.2,31.0,23.55,92.4,1.68,2.0,1,0
8247,783641.0,1475.0,641.0,54.4,12.0,5.9,94.4,1.41,2.0,1,0
8248,674535.0,1572.0,338.0,44.4,46.0,4.3,96.3,1.05,2.0,1,0
8249,777104.0,1267.0,200.0,35.2,9.0,2.8,87.1,1.6,2.0,1,0
8250,881395.0,2955.0,780.0,30.6,47.0,0.7,90.0,1.23,2.0,1,0
8251,786353.0,1890.0,1304.0,27.5,36.0,7.1,89.9,1.02,2.0,1,0
8252,941178.0,1847.0,792.0,52.9,15.0,2.6,89.3,1.57,2.0,1,0
8253,759313.0,2334.0,829.0,22.5,10.0,8.8,92.9,1.62,2.0,1,0
8254,763297.0,1563.0,690.0,16.1,74.5,6.5,91.1,1.66,2.0,1,0
8255,904110.0,1854.0,200.0,16.7,38.0,12.9,89.7,1.52,2.0,1,0
8256,599866.0,1179.0,474.0,29.9,74.5,1.1,89.7,1.51,2.0,1,0
8257,753832.0,1873.0,755.0,13.0,3.0,7.4,88.0,1.47,2.0,1,0
8258,952996.0,2299.0,1432.0,27.5,46.0,1.0,83.54999999999998,1.52,2.0,1,0
8259,668308.0,1654.0,323.0,40.7,44.0,8.2,91.9,0.54,1.0,1,0
8260,863486.0,2148.0,593.0,21.6,24.0,8.0,93.6,1.31,2.0,1,0
8261,909009.0,2097.0,465.0,14.3,21.0,4.2,88.4,1.2,2.0,1,0
8262,670729.0,1210.0,457.0,24.1,29.0,1.3,92.7,0.87,2.0,1,0
8263,870733.0,2430.0,1129.0,29.8,45.0,6.2,97.0,1.18,2.0,1,0
8264,917423.0,1687.0,583.0,33.9,39.0,0.5,93.7,1.66,2.0,1,0
8265,595468.0,1166.0,918.0,51.5,4.0,4.5,89.1,0.98,2.0,1,0
8266,827317.0,2647.0,709.0,38.6,42.0,17.7,98.1,1.66,2.0,1,0
8267,610006.0,2313.0,200.0,47.3,36.0,23.55,90.6,1.02,2.0,1,0
8268,948298.0,2516.0,727.0,26.2,2.0,2.9,92.3,1.71,2.0,1,0
8269,1042156.0,2772.0,1193.0,16.4,9.0,1.2,91.9,1.74,2.0,1,0
8270,715215.0,1515.0,367.0,51.6,9.0,1.9,94.3,1.19,2.0,1,0
8271,674237.0,1098.0,200.0,37.8,30.0,0.8,90.5,1.37,2.0,1,0
8272,751140.0,1502.0,388.0,73.6625,0.0,4.2,93.6,1.56,2.0,1,0
8273,628114.0,1541.0,1070.0,32.7,69.0,0.5,95.1,1.36,2.0,1,0
8274,840294.0,1627.0,200.0,18.6,36.0,4.7,97.3,1.08,2.0,1,0
8275,796326.0,1699.0,1124.0,39.7,16.0,1.3,89.4,1.39,2.0,1,0
8276,618389.0,1848.0,905.0,51.8,14.0,7.2,93.9,1.19,2.0,1,0
8277,1199565.125,3566.625,1438.0,21.4,3.0,0.5,91.5,1.38,2.0,1,0
8278,405942.0,1048.0,244.0,19.8,26.0,23.55,95.9,0.96,2.0,1,0
8279,885237.0,2465.0,298.0,14.2,11.0,2.0,91.9,1.16,2.0,1,0
8280,840315.0,2286.0,1138.0,14.1,74.5,0.9,91.7,1.09,2.0,1,0
8281,648938.0,804.0,200.0,17.8,12.0,0.5,98.5,1.15,2.0,1,0
8282,959294.0,1351.0,390.0,8.1,14.0,12.9,92.4,1.33,2.0,1,0
8283,489435.0,1685.0,1131.0,31.7,74.5,12.4,92.8,1.59,1.0,1,0
8284,917415.0,2812.0,1031.0,20.4,30.0,4.5,96.1,1.55,2.0,1,0
8285,844898.0,2099.0,1046.0,8.2,43.0,15.9,93.1,1.99,2.0,1,0
8286,903626.0,1785.0,200.0,32.7,5.0,1.6,92.1,1.35,2.0,1,0
8287,597695.0,1094.0,661.0,49.0,8.0,7.5,97.2,1.29,2.0,1,0
8288,830359.0,1798.0,855.0,50.3,26.0,6.5,94.3,0.92,2.0,1,0
8289,880212.0,2449.0,534.0,27.2,44.0,4.3,99.0,1.5,2.0,1,0
8290,751904.0,1584.0,200.0,21.0,11.0,3.8,98.3,1.8,2.0,1,0
8291,860143.0,2147.0,1398.0,37.6,35.0,2.4,92.8,0.97,2.0,1,0
8292,845339.0,2160.0,864.0,4.4,4.0,3.6,93.8,2.06,2.0,1,0
8293,1018627.0,2874.0,1169.0,36.3,28.0,5.4,93.3,1.78,2.0,1,0
8294,787573.0,1749.0,578.0,26.7,10.0,3.6,94.8,1.1,2.0,1,0
8295,713619.0,2099.0,732.0,59.4,30.0,15.4,94.9,1.98,2.0,1,0
8296,573506.0,957.0,200.0,24.4,23.0,5.7,96.1,1.41,2.0,1,0
8297,871689.0,2045.0,434.0,11.1,14.0,6.7,92.3,1.44,2.0,1,0
8298,989768.0,3017.0,942.0,40.1,19.0,0.5,93.8,1.26,2.0,1,0
8299,614251.0,1209.0,676.0,58.5,28.0,0.5,86.8,1.23,2.0,1,0
8300,989269.0,2840.0,1482.0,12.1,35.0,8.5,94.8,1.56,2.0,1,0
8301,861711.0,1485.0,579.0,23.2,13.0,1.0,93.5,1.52,2.0,1,0
8302,1042726.0,2890.0,957.0,29.3,7.0,2.3,93.0,1.63,2.0,1,0
8303,640189.0,1126.0,434.0,14.2,37.0,3.5,93.5,1.36,2.0,1,0
8304,984102.0,1887.0,242.0,5.6,40.0,3.9,94.0,1.09,2.0,1,0
8305,812535.0,2468.0,1017.0,53.4,13.0,19.0,91.1,1.03,2.0,1,0
8306,953984.0,2528.0,1033.0,37.3,12.0,8.3,90.0,1.59,2.0,1,0
8307,838856.0,1449.0,799.0,10.5,32.0,11.3,99.0,1.3,2.0,1,0
8308,691271.0,1267.0,1017.0,41.8,44.0,7.8,91.1,1.19,2.0,1,0
8309,908011.0,2220.0,982.0,6.7,5.0,6.8,90.5,1.33,2.0,1,0
8310,769884.0,1337.0,773.0,29.4,4.0,0.9,97.1,1.8,2.0,1,0
8311,662516.0,1427.0,200.0,51.4,35.0,4.5,98.8,1.42,2.0,1,0
8312,521379.0,782.0,737.0,16.5,4.0,2.4,96.6,2.14,2.0,1,0
8313,719985.0,1996.0,200.0,37.6,24.0,8.3,88.8,1.64,2.0,1,0
8314,763516.0,2302.0,955.0,17.8,37.0,21.9,91.6,1.64,2.0,1,0
8315,588679.0,1662.0,200.0,38.4,27.0,6.4,97.7,2.09,2.0,1,0
8316,952508.0,2858.0,1039.0,45.4,22.0,10.1,93.4,1.29,2.0,1,0
8317,925353.0,2517.0,823.0,24.0,33.0,2.2,97.1,1.9,2.0,1,0
8318,795366.0,1759.0,1002.0,35.5,19.0,4.5,97.3,1.47,2.0,1,0
8319,914179.0,2099.0,1317.0,31.1,8.0,0.5,95.8,1.69,2.0,1,0
8320,1021488.0,2806.0,1079.0,12.1,1.0,6.1,93.1,1.56,2.0,1,0
8321,738026.0,2138.0,657.0,52.5,8.0,5.8,88.9,1.72,1.0,1,0
8322,946912.0,3098.0,1435.0,41.1,39.0,2.6,90.1,1.73,2.0,1,0
8323,899887.0,1894.0,788.0,30.6,13.0,0.6,90.2,1.42,2.0,1,0
8324,909598.0,1893.0,903.0,35.8,7.0,6.8,89.4,1.77,2.0,1,0
8325,766170.0,1582.0,200.0,21.0,35.0,8.6,94.0,1.71,2.0,1,0
8326,709770.0,2388.0,447.0,18.8,9.0,19.1,97.7,1.22,2.0,1,0
8327,724558.0,1812.0,322.0,27.4,2.0,0.5,93.5,1.8,2.0,1,0
8328,756507.0,1359.0,706.0,36.1,10.0,4.4,96.6,1.86,2.0,1,0
8329,1028647.0,3086.0,1292.0,41.4,38.0,1.3,91.2,1.08,1.0,1,0
8330,700794.0,1502.0,506.0,10.5,17.0,8.5,86.6,1.56,2.0,1,0
8331,765450.0,1258.0,567.0,21.4,44.0,1.0,97.8,0.98,2.0,1,0
8332,708821.0,975.0,376.0,26.3,29.0,3.9,95.4,1.14,2.0,1,0
8333,853685.0,1692.0,316.0,12.1,21.0,4.6,95.7,0.81,2.0,1,0
8334,568675.0,2207.0,695.0,64.4,70.0,22.3,94.9,1.18,2.0,1,0
8335,666435.0,1386.0,384.0,19.5,16.0,7.1,91.4,1.02,2.0,1,0
8336,829158.0,1733.0,857.0,46.2,9.0,9.1,90.8,1.43,2.0,1,0
8337,813150.0,2883.0,968.0,36.8,39.0,3.6,98.5,1.57,2.0,1,0
8338,1038236.0,3013.0,200.0,9.3,9.0,1.0,92.7,1.49,2.0,1,0
8339,1009949.0,3016.0,758.0,30.6,49.0,0.5,90.9,1.42,2.0,1,0
8340,750989.0,1682.0,1102.0,14.9,27.0,3.3,93.9,1.33,2.0,1,0
8341,818129.0,1943.0,200.0,10.6,26.0,1.3,89.1,1.9,2.0,1,0
8342,1198969.0,3566.625,1450.0,48.2,23.0,0.5,93.3,1.7,2.0,1,0
8343,911690.0,2698.0,1145.0,24.7,1.0,3.4,92.5,1.51,2.0,1,0
8344,832588.0,1455.0,537.0,35.5,15.0,5.5,94.5,1.91,2.0,1,0
8345,837356.0,1967.0,726.0,33.8,40.0,14.6,95.5,1.1,2.0,1,0
8346,639994.0,1323.0,200.0,13.2,39.0,12.3,92.1,1.52,2.0,1,0
8347,790048.0,1978.0,200.0,18.3,28.0,15.7,93.0,1.04,2.0,1,0
8348,711828.0,1669.0,289.0,37.5,37.0,7.4,88.9,1.8,2.0,1,0
8349,565439.0,1192.0,339.0,38.3,19.0,4.5,94.4,1.87,2.0,1,0
8350,739014.0,1763.0,357.0,33.4,0.0,5.2,91.3,1.5,1.0,1,0
8351,554801.0,992.0,303.0,19.0,27.0,11.0,91.3,1.46,2.0,1,0
8352,726590.0,1922.0,975.0,17.5,31.0,3.6,92.5,1.32,2.0,1,0
8353,809721.0,1933.0,318.0,15.5,18.0,15.1,92.6,0.95,2.0,1,0
8354,665093.0,2285.0,549.0,57.6,51.0,23.55,88.7,0.67,2.0,1,0
8355,585118.0,1172.0,842.0,1.3,1.0,12.6,97.4,1.47,1.0,1,0
8356,1199565.125,3566.625,1753.0,9.4,5.0,11.2,93.3,1.55,2.0,1,0
8357,750919.0,1664.0,457.0,8.3,47.0,2.7,91.4,2.03,2.0,1,0
8358,584632.0,783.0,555.0,34.0,8.0,15.3,99.0,1.2,2.0,1,0
8359,717456.0,1775.0,632.0,28.9,4.0,8.6,84.3,1.43,2.0,1,0
8360,1026770.0,2051.0,611.0,13.6,25.0,1.9,98.6,1.37,2.0,1,0
8361,631480.0,1464.0,200.0,73.5,38.0,23.55,91.9,0.65,2.0,1,0
8362,652111.0,2100.0,886.0,43.2,74.5,6.5,92.8,1.45,2.0,1,0
8363,470730.0,1040.0,764.0,37.3,50.0,22.3,93.8,1.76,2.0,1,0
8364,602637.0,1379.0,489.0,43.4,74.5,2.9,92.9,0.75,2.0,1,0
8365,722063.0,1568.0,802.0,35.1,21.0,8.2,96.7,1.29,2.0,1,0
8366,745178.0,1278.0,610.0,8.3,28.0,18.1,94.7,1.53,2.0,1,0
8367,578643.0,1596.0,625.0,69.8,20.0,13.6,97.9,1.09,2.0,1,0
8368,848863.0,3082.0,874.0,48.0,20.0,13.8,92.6,1.08,2.0,1,0
8369,753939.0,1731.0,624.0,38.8,41.0,11.7,89.5,1.54,2.0,1,0
8370,863248.0,2409.0,1144.0,18.8,10.0,14.1,84.2,0.58,2.0,1,0
8371,603491.0,1444.0,275.0,56.7,27.0,0.8,94.7,1.66,2.0,1,0
8372,769324.0,1399.0,751.0,9.5,1.0,12.3,96.7,1.21,2.0,1,0
8373,642751.0,1161.0,649.0,22.6,19.0,18.5,94.4,1.19,2.0,1,0
8374,983800.0,2048.0,405.0,20.5,5.0,3.9,88.8,1.17,2.0,1,0
8375,904658.0,2362.0,638.0,48.2,10.0,7.8,91.5,1.58,2.0,1,0
8376,864643.0,1977.0,882.0,7.4,1.0,5.4,91.5,1.69,2.0,1,0
8377,734741.0,2312.0,1048.0,35.0,50.0,23.55,85.9,1.64,2.0,1,0
8378,1025982.0,1768.0,1452.0,19.4,17.0,3.9,91.4,1.21,2.0,1,0
8379,581018.0,1893.0,748.0,28.9,33.0,0.9,91.7,1.32,2.0,1,0
8380,720882.0,2119.0,936.0,29.3,4.0,13.7,91.0,1.4,2.0,1,0
8381,525737.0,1234.0,360.0,16.4,2.0,15.1,87.1,1.73,2.0,1,0
8382,885203.0,2671.0,642.0,12.4,32.0,3.4,91.8,1.51,2.0,1,0
8383,912752.0,1710.0,743.0,12.0,21.0,1.3,89.2,1.89,2.0,1,0
8384,636593.0,1103.0,412.0,30.2,26.0,1.8,90.4,1.63,2.0,1,0
8385,921165.0,3003.0,623.0,35.2,37.0,4.3,89.7,1.01,2.0,1,0
8386,626105.0,1626.0,200.0,45.6,2.0,7.6,89.3,2.09,2.0,1,0
8387,1177237.0,2620.0,1474.0,10.6,38.0,8.2,91.5,1.56,2.0,1,0
8388,787626.0,2115.0,452.0,37.2,6.0,9.7,93.5,1.6,2.0,1,0
8389,1140152.0,3315.0,935.0,4.5,4.0,2.5,92.4,1.55,2.0,1,0
8390,826048.0,1511.0,584.0,27.0,5.0,0.6,97.0,1.35,2.0,1,0
8391,649582.0,1665.0,200.0,16.2,6.0,3.9,93.1,1.73,2.0,1,0
8392,545435.0,1321.0,200.0,39.2,74.5,16.4,95.0,1.79,2.0,1,0
8393,966968.0,2391.0,988.0,35.2,17.0,6.0,92.6,2.07,2.0,1,0
8394,1199565.125,3566.625,1598.0,32.6,9.0,2.7,87.6,1.32,2.0,1,0
8395,671590.0,989.0,200.0,9.9,10.0,2.7,96.4,1.65,1.0,1,0
8396,620766.0,1569.0,584.0,49.8,25.0,7.6,91.7,2.02,2.0,1,0
8397,635072.0,1303.0,784.0,21.5,4.0,15.2,93.1,1.41,2.0,1,0
8398,709466.0,2461.0,1238.0,36.5,57.0,5.4,93.0,1.37,2.0,1,0
8399,767261.0,1377.0,533.0,4.5,13.0,23.4,87.9,1.71,2.0,1,0
8400,985166.0,2398.0,1097.0,25.4,10.0,3.8,92.5,1.07,2.0,1,0
8401,800596.0,1987.0,385.0,40.6,11.0,2.4,86.2,1.12,2.0,1,0
8402,602781.0,828.0,200.0,43.1,52.0,12.1,92.4,1.95,2.0,1,0
8403,877705.0,2016.0,661.0,26.2,32.0,3.4,97.0,1.03,2.0,1,0
8404,689102.0,1806.0,603.0,20.7,15.0,6.0,91.9,1.78,2.0,1,0
8405,944028.0,2533.0,384.0,12.4,1.0,6.9,90.2,1.62,2.0,1,0
8406,793679.0,1536.0,200.0,9.8,21.0,10.2,92.3,1.41,2.0,1,0
8407,920807.0,2458.0,200.0,12.3,6.0,19.6,90.0,1.1,2.0,1,0
8408,550428.0,1455.0,727.0,32.9,37.0,8.2,93.0,1.44,2.0,1,0
8409,544131.0,1291.0,200.0,43.7,32.0,18.2,89.2,1.15,2.0,1,0
8410,706996.0,1330.0,200.0,10.2,6.0,4.1,89.3,1.13,2.0,1,0
8411,770650.0,2340.0,1431.0,31.4,20.0,6.6,91.8,1.97,2.0,1,0
8412,532398.0,1066.0,200.0,6.0,32.0,16.6,96.6,0.66,1.0,1,0
8413,948876.0,1545.0,433.0,16.1,1.0,0.5,93.5,1.27,2.0,1,0
8414,619697.0,1203.0,316.0,47.1,1.0,23.55,89.5,1.52,2.0,1,0
8415,713155.0,1192.0,897.0,18.7,9.0,1.2,94.5,1.55,2.0,1,0
8416,1020422.0,2491.0,897.0,30.0,5.0,9.0,92.7,1.5,2.0,1,0
8417,890276.0,1645.0,350.0,25.0,6.0,5.0,92.9,1.22,2.0,1,0
8418,706492.0,1441.0,522.0,52.1,25.0,8.8,98.4,1.03,2.0,1,0
8419,1050770.0,3465.0,979.0,19.6,15.0,9.0,90.0,1.24,2.0,1,0
8420,791903.0,1336.0,1801.5,16.3,36.0,13.6,94.5,1.3,2.0,1,0
8421,1199565.125,3566.625,1801.5,27.7,11.0,9.3,92.1,1.13,2.0,1,0
8422,883944.0,2098.0,1036.0,38.6,5.0,7.7,94.4,1.5,2.0,1,0
8423,702325.0,1271.0,1103.0,14.0,27.0,1.5,89.5,1.11,2.0,1,0
8424,458197.0,1216.0,1067.0,61.3,32.0,13.6,93.9,0.89,1.0,1,0
8425,887163.0,1814.0,305.0,12.7,44.0,20.3,92.3,1.41,2.0,1,0
8426,1199565.125,3435.0,1723.0,10.9,14.0,0.5,92.1,1.7,2.0,1,0
8427,936193.0,3541.0,1082.0,48.5,18.0,22.6,92.2,0.97,2.0,1,0
8428,772502.0,2640.0,996.0,42.7,65.0,16.6,88.9,1.51,2.0,1,0
8429,758734.0,1535.0,607.0,11.5,3.0,0.6,95.3,1.9,2.0,1,0
8430,805833.0,2183.0,666.0,5.9,9.0,7.6,96.7,1.62,2.0,1,0
8431,819560.0,1835.0,692.0,23.1,49.0,10.7,91.0,1.43,2.0,1,0
8432,861390.0,2087.0,1111.0,15.0,12.0,10.9,95.7,1.2,2.0,1,0
8433,682603.0,1583.0,200.0,35.3,74.5,0.5,88.9,1.41,2.0,1,0
8434,754429.0,1991.0,414.0,21.5,36.0,2.4,94.3,1.18,1.0,1,0
8435,543426.0,1332.0,882.0,35.8,73.0,14.7,85.9,1.16,2.0,1,0
8436,1061110.0,2876.0,900.0,10.5,3.0,1.6,98.6,1.34,2.0,1,0
8437,927805.0,2705.0,749.0,7.0,55.0,1.9,90.9,0.79,2.0,1,0
8438,894395.0,2617.0,986.0,17.5,5.0,15.7,94.5,1.13,2.0,1,0
8439,848026.0,1970.0,736.0,32.6,3.0,3.8,98.4,1.14,2.0,1,0
8440,752067.0,1532.0,677.0,14.6,46.0,2.2,98.6,1.63,2.0,1,0
8441,668738.0,1549.0,288.0,10.5,4.0,2.0,92.0,1.07,2.0,1,0
8442,933919.0,2630.0,783.0,22.2,51.0,2.5,99.0,1.08,2.0,1,0
8443,763414.0,946.0,737.0,20.2,21.0,0.6,92.4,1.9,2.0,1,0
8444,911960.0,2302.0,1456.0,17.0,62.0,0.5,92.5,1.81,1.0,1,0
8445,677960.0,1129.0,486.0,24.7,41.0,0.7,96.7,1.21,2.0,1,0
8446,785079.0,1269.0,625.0,7.2,23.0,1.0,90.8,1.44,2.0,1,0
8447,1199565.125,3566.625,1801.5,48.7,0.0,3.2,93.2,1.25,2.0,1,0
8448,572213.0,1952.0,887.0,31.7,74.5,3.9,92.0,1.62,1.0,1,0
8449,957430.0,2404.0,1191.0,32.2,11.0,7.7,98.5,1.28,2.0,1,0
8450,748697.0,1768.0,245.0,11.4,2.0,0.9,89.4,1.35,2.0,1,0
8451,978734.0,3515.0,1332.0,61.1,12.0,9.8,89.1,1.06,2.0,1,0
8452,1011397.0,2014.0,981.0,19.1,74.5,6.5,93.3,1.58,2.0,1,0
8453,947583.0,2847.0,851.0,15.9,74.0,0.5,88.3,2.23,2.0,1,0
8454,698341.0,1634.0,994.0,32.5,31.0,10.6,93.9,1.47,2.0,1,0
8455,567218.0,1102.0,200.0,30.4,33.0,1.2,90.4,1.35,2.0,1,0
8456,963184.0,2506.0,1040.0,36.2,15.0,18.9,91.5,1.28,2.0,1,0
8457,909625.0,2621.0,791.0,41.9,53.0,6.3,94.0,1.2,2.0,1,0
8458,633030.0,1622.0,732.0,42.6,30.0,12.4,99.0,1.64,2.0,1,0
8459,692749.0,1797.0,858.0,13.9,16.0,2.2,98.4,1.63,2.0,1,0
8460,764356.0,2306.0,927.0,45.8,34.0,12.0,91.9,2.02,2.0,1,0
8461,673152.0,2362.0,1463.0,23.2,30.0,2.4,88.2,1.99,2.0,1,0
8462,812293.0,1993.0,1228.0,64.8,14.0,2.3,91.8,1.51,2.0,1,0
8463,780254.0,1835.0,990.0,30.2,10.0,1.1,91.4,1.49,1.0,1,0
8464,714558.0,1481.0,807.0,45.9,8.0,6.0,88.4,1.73,2.0,1,0
8465,858786.0,2007.0,820.0,24.5,12.0,10.9,91.9,0.99,2.0,1,0
8466,965983.0,2354.0,890.0,23.7,56.0,1.7,95.9,1.24,2.0,1,0
8467,731567.0,1557.0,906.0,43.4,5.0,4.1,84.5,1.23,2.0,1,0
8468,907176.0,2380.0,849.0,41.1,6.0,15.0,93.4,1.26,1.0,1,0
8469,853762.0,1892.0,795.0,20.5,58.0,3.5,93.6,1.21,2.0,1,0
8470,810811.0,984.0,200.0,14.9,10.0,13.3,89.8,1.18,2.0,1,0
8471,1093508.0,3566.0,1177.0,30.0,2.0,0.5,95.7,1.48,2.0,1,0
8472,918629.0,2289.0,473.0,10.5,22.0,19.3,91.7,1.13,2.0,1,0
8473,904549.0,2219.0,1272.0,62.9,9.0,7.9,87.6,1.33,2.0,1,0
8474,871168.0,1296.0,541.0,35.6,13.0,6.7,95.2,1.56,2.0,1,0
8475,972140.0,2382.0,1068.0,40.7,62.0,3.5,96.6,1.61,1.0,1,0
8476,1199565.125,3566.625,1148.0,15.2,12.0,3.9,85.4,0.97,2.0,1,0
8477,810792.0,2189.0,741.0,29.9,74.0,1.0,92.9,1.64,2.0,1,0
8478,843797.0,2030.0,637.0,33.6,3.0,2.2,91.8,1.51,2.0,1,0
8479,934535.0,1370.0,616.0,10.9,17.0,2.0,93.1,1.08,2.0,1,0
8480,584781.0,1889.0,701.0,26.1,48.0,1.3,94.1,1.43,2.0,1,0
8481,699149.0,1523.0,583.0,34.0,60.0,5.0,94.7,1.34,2.0,1,0
8482,741235.0,1866.0,1097.0,3.6,72.0,8.1,99.0,1.85,2.0,1,0
8483,531060.0,786.0,200.0,61.0,1.0,14.0,95.9,1.29,2.0,1,0
8484,1138298.0,2851.0,1419.0,21.6,11.0,4.6,90.6,1.42,2.0,1,0
8485,680431.0,1547.0,1077.0,49.1,7.0,10.2,90.4,1.63,2.0,1,0
8486,1171548.0,3325.0,1460.0,37.6,2.0,3.8,92.5,2.15,2.0,1,0
8487,710342.0,1523.0,770.0,13.8,5.0,23.55,94.1,0.91,2.0,1,0
8488,695521.0,1772.0,242.0,73.6625,14.0,4.6,94.1,1.73,2.0,1,0
8489,1070972.0,2879.0,1296.0,39.4,31.0,4.5,94.5,1.1,2.0,1,0
8490,811280.0,2156.0,779.0,11.5,6.0,8.0,94.7,1.78,2.0,1,0
8491,799885.0,1453.0,446.0,26.9,25.0,3.3,99.0,1.06,2.0,1,0
8492,719551.0,700.0,200.0,14.9,22.0,0.5,87.7,1.88,2.0,1,0
8493,705923.0,1822.0,323.0,10.0,21.0,5.0,95.7,1.53,2.0,1,0
8494,816830.0,999.0,255.0,33.3,10.0,0.7,89.6,1.64,2.0,1,0
8495,771045.0,1390.0,200.0,14.2,45.0,11.6,91.4,1.71,2.0,1,0
8496,735447.0,1324.0,292.0,34.0,22.0,3.6,99.0,1.75,2.0,1,0
8497,801063.0,1728.0,200.0,4.5,9.0,0.5,93.8,1.63,2.0,1,0
8498,1021060.0,3497.0,1216.0,23.2,41.0,13.6,89.9,2.1,2.0,1,0
8499,621928.0,1824.0,433.0,48.6,2.0,2.6,92.5,1.67,2.0,1,0
8500,665606.0,1284.0,1053.0,43.0,74.5,3.1,89.0,1.11,2.0,1,0
8501,790673.0,1587.0,733.0,27.3,7.0,3.2,94.2,1.68,2.0,1,0
8502,851287.0,2324.0,1154.0,33.9,12.0,13.0,92.9,1.23,2.0,1,0
8503,900294.0,1821.0,200.0,7.4,2.0,1.8,96.1,2.0,2.0,1,0
8504,758323.0,1998.0,401.0,9.3,1.0,8.8,94.2,1.52,2.0,1,0
8505,664647.0,1735.0,420.0,32.9,3.0,20.1,99.0,0.86,2.0,1,0
8506,765947.0,2393.0,556.0,31.3,5.0,3.0,94.0,0.88,1.0,1,0
8507,591642.0,1340.0,1433.0,21.6,74.5,1.7,95.5,1.31,2.0,1,0
8508,812592.0,1902.0,464.0,30.1,29.0,0.5,99.0,1.04,2.0,1,0
8509,1122072.0,3032.0,897.0,39.0,20.0,2.2,91.7,1.32,2.0,1,0
8510,618345.0,1154.0,986.0,30.8,20.0,0.5,94.6,1.53,2.0,1,0
8511,899155.0,2696.0,639.0,36.3,74.5,4.1,85.8,1.41,2.0,1,0
8512,679974.0,1561.0,1212.0,39.4,3.0,1.7,92.1,1.47,2.0,1,0
8513,702248.0,1809.0,237.0,39.2,18.0,9.1,88.4,1.84,2.0,1,0
8514,777996.0,1463.0,200.0,48.1,35.0,6.5,93.2,1.09,2.0,1,0
8515,762586.0,979.0,519.0,27.3,3.0,4.0,92.4,1.26,2.0,1,0
8516,593283.0,1445.0,200.0,9.7,54.0,22.4,87.4,1.21,2.0,1,0
8517,548841.0,1270.0,483.0,17.4,64.0,18.7,93.1,1.93,2.0,1,0
8518,794012.0,2290.0,1505.0,26.2,8.0,20.6,96.6,1.47,2.0,1,0
8519,811889.0,1076.0,743.0,20.7,2.0,0.6,91.4,1.26,2.0,1,0
8520,839863.0,2025.0,713.0,35.3,6.0,5.9,95.4,1.67,2.0,1,0
8521,708300.0,1391.0,200.0,6.5,12.0,1.0,96.6,1.51,2.0,1,0
8522,881511.0,2061.0,597.0,27.0,53.0,0.5,96.4,1.31,2.0,1,0
8523,868983.0,1430.0,839.0,31.8,0.0,1.3,91.2,1.62,2.0,1,0
8524,691886.0,1344.0,200.0,10.1,38.0,15.2,93.1,1.11,2.0,1,0
8525,487540.0,987.0,323.0,51.5,41.0,13.8,94.3,1.38,2.0,1,0
8526,695186.0,1407.0,350.0,17.4,40.0,3.5,96.6,1.0,2.0,1,0
8527,767515.0,1758.0,489.0,60.8,5.0,3.3,92.2,1.51,2.0,1,0
8528,786842.0,1244.0,200.0,19.6,46.0,1.0,93.7,1.64,2.0,1,0
8529,774255.0,1446.0,468.0,9.8,46.0,3.6,89.7,1.27,2.0,1,0
8530,781793.0,1401.0,200.0,48.4,12.0,5.9,97.6,1.42,2.0,1,0
8531,690536.0,1503.0,586.0,16.2,36.0,11.9,91.9,1.03,2.0,1,0
8532,1067905.0,2976.0,505.0,14.7,21.0,0.5,92.7,0.86,2.0,1,0
8533,729573.0,1246.0,1391.0,21.9,22.0,8.6,91.7,1.04,2.0,1,0
8534,568730.0,911.0,353.0,41.1,30.0,2.7,90.7,1.23,2.0,1,0
8535,705082.0,956.0,859.0,31.6,52.0,0.8,96.3,1.27,2.0,1,0
8536,908914.0,1961.0,737.0,32.6,24.0,6.8,87.0,1.33,2.0,1,0
8537,805767.0,1525.0,1058.0,5.7,25.0,9.8,98.3,1.74,2.0,1,0
8538,981935.0,2933.0,1147.0,5.3,1.0,6.2,95.9,1.84,2.0,1,0
8539,864631.0,2000.0,200.0,28.3,45.0,5.7,91.7,1.21,2.0,1,0
8540,675573.0,1147.0,525.0,26.3,9.0,17.1,98.0,1.07,2.0,1,0
8541,1016106.0,2958.0,1260.0,24.5,14.0,2.7,94.5,1.6,2.0,1,0
8542,954732.0,2719.0,236.0,31.0,32.0,0.8,94.0,1.64,2.0,1,0
8543,888288.0,2436.0,834.0,20.0,42.0,6.6,91.5,1.66,2.0,1,0
8544,734001.0,2004.0,412.0,2.8,29.0,15.9,95.9,0.9,2.0,1,0
8545,804214.0,1660.0,339.0,28.9,7.0,7.5,92.1,1.39,2.0,1,0
8546,639332.0,1186.0,510.0,7.7,70.0,6.8,92.9,1.1,2.0,1,0
8547,653599.0,1380.0,200.0,23.4,25.0,5.0,90.9,1.69,2.0,1,0
8548,851545.0,1148.0,200.0,15.9,2.0,2.1,89.8,1.34,2.0,1,0
8549,662310.0,1508.0,535.0,32.7,32.0,3.4,89.3,1.39,2.0,1,0
8550,491874.0,1568.0,650.0,43.5,74.5,2.2,92.7,1.64,2.0,1,0
8551,957223.0,2199.0,326.0,21.0,40.0,3.4,91.0,1.14,2.0,1,0
8552,1011685.0,2494.0,545.0,41.9,5.0,2.4,88.9,1.77,2.0,1,0
8553,930845.0,2067.0,848.0,23.8,35.0,0.6,91.3,1.52,2.0,1,0
8554,747787.0,1650.0,320.0,36.2,64.0,3.0,94.1,1.05,2.0,1,0
8555,874876.0,2820.0,714.0,39.8,29.0,5.4,99.0,1.73,2.0,1,0
8556,722875.0,1850.0,788.0,50.6,46.0,14.1,94.4,1.27,2.0,1,0
8557,578285.0,947.0,219.0,14.6,10.0,19.8,91.3,1.37,2.0,1,0
8558,893611.0,1688.0,1158.0,26.0,7.0,1.6,94.7,0.52,2.0,1,0
8559,1079736.0,3224.0,1151.0,55.0,11.0,3.0,90.8,2.02,2.0,1,0
8560,829506.0,1663.0,1317.0,57.9,12.0,7.8,94.4,1.89,1.0,1,0
8561,491427.0,1210.0,200.0,61.1,22.0,9.9,92.0,1.37,2.0,1,0
8562,495655.0,1195.0,200.0,9.2,7.0,18.9,91.8,0.94,1.0,1,0
8563,638949.0,1302.0,676.0,44.7,32.0,3.2,91.3,1.26,2.0,1,0
8564,785302.0,1374.0,715.0,17.2,5.0,8.2,88.6,1.34,2.0,1,0
8565,646974.0,1764.0,200.0,52.3,50.0,3.0,88.6,1.63,2.0,1,0
8566,1019625.0,2245.0,1036.0,8.3,39.0,9.9,94.9,1.07,2.0,1,0
8567,707655.0,1858.0,774.0,25.1,57.0,4.9,95.6,1.39,2.0,1,0
8568,732154.0,2372.0,1081.0,45.7,39.0,17.7,95.1,1.1,2.0,1,0
8569,690237.0,1246.0,582.0,7.1,33.0,9.0,93.3,1.03,2.0,1,0
8570,924628.0,2508.0,1502.0,16.0,4.0,11.8,87.6,0.95,2.0,1,0
8571,721035.0,1741.0,272.0,23.6,0.0,16.2,89.9,1.2,2.0,1,0
8572,719175.0,1927.0,647.0,24.0,0.0,10.1,91.6,0.98,1.0,1,0
8573,1007122.0,1996.0,807.0,28.1,39.0,1.1,94.9,1.55,2.0,1,0
8574,718990.0,1480.0,569.0,6.1,52.0,1.0,95.2,1.01,2.0,1,0
8575,543636.0,1445.0,200.0,16.4,19.0,23.55,95.5,1.87,2.0,1,0
8576,1027136.0,2767.0,802.0,48.0,19.0,3.5,89.3,1.56,2.0,1,0
8577,608725.0,1458.0,200.0,52.8,11.0,8.8,92.1,1.77,2.0,1,0
8578,796575.0,1511.0,307.0,26.5,13.0,9.4,99.0,1.27,2.0,1,0
8579,619922.0,1503.0,728.0,18.7,31.0,7.7,90.2,1.63,2.0,1,0
8580,1109996.0,3566.625,1577.0,29.2,21.0,14.2,96.8,1.88,2.0,1,0
8581,645852.0,2343.0,577.0,14.7,31.0,21.3,91.8,0.98,2.0,1,0
8582,1199565.125,3360.0,1101.0,12.2,37.0,0.5,94.0,1.62,2.0,1,0
8583,929711.0,1651.0,775.0,14.2,3.0,1.1,96.4,1.5,2.0,1,0
8584,998282.0,2541.0,918.0,7.4,20.0,12.5,99.0,1.87,2.0,1,0
8585,787721.0,1856.0,619.0,28.3,26.0,0.9,94.1,1.02,2.0,1,0
8586,840250.0,1391.0,200.0,21.0,6.0,2.0,99.0,1.19,2.0,1,0
8587,849893.0,1614.0,200.0,48.9,18.0,12.1,92.2,0.87,2.0,1,0
8588,741655.0,1775.0,1164.0,29.1,22.0,2.7,93.0,1.69,2.0,1,0
8589,909427.0,2607.0,493.0,39.1,51.0,0.5,96.4,1.29,2.0,1,0
8590,811513.0,2029.0,1156.0,21.8,2.0,0.6,89.1,1.43,2.0,1,0
8591,1083922.0,3521.0,900.0,71.5,39.0,7.3,93.3,1.46,2.0,1,0
8592,482197.0,1202.0,467.0,43.9,8.0,13.6,91.1,1.47,2.0,1,0
8593,572799.0,1328.0,766.0,38.0,32.0,3.4,98.1,1.7,2.0,1,0
8594,455037.0,1053.0,668.0,57.7,18.0,22.1,92.7,1.34,1.0,1,0
8595,986420.0,2717.0,1175.0,10.4,58.0,2.0,92.7,1.1,2.0,1,0
8596,746209.0,1467.0,1104.0,10.4,57.0,0.8,87.6,1.05,2.0,1,0
8597,835493.0,1392.0,200.0,25.3,1.0,3.1,92.2,1.41,2.0,1,0
8598,688359.0,1092.0,1140.0,28.0,19.0,5.6,91.9,1.58,2.0,1,0
8599,1030851.0,2274.0,989.0,21.0,9.0,9.2,99.0,1.04,2.0,1,0
8600,889982.0,2902.0,1325.0,36.9,15.0,0.6,88.8,1.79,2.0,1,0
8601,881600.0,2270.0,369.0,56.9,31.0,15.2,95.6,1.63,2.0,1,0
8602,730911.0,2397.0,330.0,41.6,17.0,6.6,87.8,1.52,1.0,1,0
8603,890554.0,2227.0,1232.0,21.9,17.0,1.0,90.8,1.35,2.0,1,0
8604,1041326.0,2987.0,909.0,60.9,11.0,4.6,94.2,1.66,2.0,1,0
8605,735568.0,1428.0,297.0,25.7,0.0,6.3,93.7,2.13,2.0,1,0
8606,675367.0,1968.0,449.0,55.4,12.0,4.7,92.6,2.19,1.0,1,0
8607,571196.0,1506.0,451.0,35.0,17.0,3.2,90.1,1.26,1.0,1,0
8608,1028600.0,2003.0,1414.0,21.8,2.0,0.5,91.4,1.52,2.0,1,0
8609,655515.0,1394.0,342.0,11.9,11.0,23.55,92.0,1.45,2.0,1,0
8610,578006.0,1578.0,502.0,58.6,11.0,0.6,89.5,1.16,1.0,1,0
8611,651938.0,1769.0,200.0,10.1,43.0,2.9,88.0,1.36,2.0,1,0
8612,779036.0,1569.0,605.0,35.4,74.5,4.7,95.5,1.03,2.0,1,0
8613,606213.0,2066.0,291.0,39.4,39.0,23.4,97.1,1.79,2.0,1,0
8614,931790.0,2620.0,1018.0,16.0,54.0,7.6,99.0,1.64,2.0,1,0
8615,700953.0,949.0,525.0,19.0,1.0,4.8,93.3,2.09,2.0,1,0
8616,736663.0,1805.0,250.0,37.3,23.0,8.2,87.6,1.61,2.0,1,0
8617,853716.0,1483.0,832.0,10.3,12.0,3.2,99.0,1.0,2.0,1,0
8618,673860.0,2131.0,215.0,37.4,26.0,23.55,89.1,1.69,2.0,1,0
8619,945604.0,3064.0,859.0,41.9,5.0,0.5,94.1,1.7,2.0,1,0
8620,818901.0,2348.0,293.0,24.3,36.0,10.7,92.5,1.63,2.0,1,0
8621,609698.0,1342.0,839.0,53.3,4.0,12.2,88.3,1.72,2.0,1,0
8622,1006572.0,2910.0,504.0,29.7,21.0,1.4,96.0,0.96,2.0,1,0
8623,941076.0,2270.0,1158.0,7.0,20.0,0.9,94.9,1.47,1.0,1,0
8624,765791.0,1774.0,555.0,18.4,74.5,0.5,93.6,2.08,2.0,1,0
8625,704806.0,889.0,200.0,41.6,8.0,10.9,93.0,2.05,2.0,1,0
8626,676894.0,2023.0,794.0,38.6,74.5,11.4,90.5,1.71,2.0,1,0
8627,674592.0,1342.0,415.0,25.9,22.0,10.4,95.4,1.21,2.0,1,0
8628,655385.0,1388.0,373.0,56.1,27.0,0.5,91.5,1.48,1.0,1,0
8629,532010.0,700.0,200.0,7.6,1.0,12.2,90.4,1.33,2.0,1,0
8630,685929.0,1408.0,385.0,52.5,6.0,0.8,89.6,1.18,2.0,1,0
8631,696893.0,1325.0,466.0,18.1,1.0,0.5,91.9,1.3,2.0,1,0
8632,736228.0,2169.0,897.0,48.8,9.0,13.5,95.1,1.79,2.0,1,0
8633,597914.0,1358.0,412.0,34.1,36.0,10.0,86.4,1.23,2.0,1,0
8634,1006751.0,3088.0,591.0,34.4,30.0,22.6,93.7,2.06,2.0,1,0
8635,1001185.0,2549.0,1801.0,24.3,9.0,11.6,92.1,1.41,2.0,1,0
8636,728814.0,1461.0,595.0,30.6,8.0,12.4,92.7,1.27,1.0,1,0
8637,652120.0,1099.0,379.0,14.1,21.0,5.5,96.4,1.73,2.0,1,0
8638,802277.0,1430.0,817.0,22.4,8.0,5.3,84.9,1.7,2.0,1,0
8639,888682.0,2549.0,1103.0,18.7,9.0,19.6,89.2,1.83,2.0,1,0
8640,1035749.0,3125.0,1462.0,35.5,22.0,0.5,92.4,1.87,2.0,1,0
8641,677207.0,1770.0,329.0,52.3,50.0,8.1,89.3,0.84,2.0,1,0
8642,868089.0,2022.0,333.0,32.9,52.0,4.4,85.6,1.69,2.0,1,0
8643,491993.0,1651.0,683.0,40.5,74.5,19.3,92.9,1.66,2.0,1,0
8644,943441.0,2274.0,749.0,26.8,3.0,13.5,94.6,1.25,2.0,1,0
8645,1099911.0,2978.0,479.0,10.6,63.0,1.7,91.7,1.47,2.0,1,0
8646,669790.0,1148.0,256.0,11.3,26.0,5.9,95.4,1.43,2.0,1,0
8647,684146.0,3089.0,959.0,51.8,68.0,16.5,95.1,0.5,2.0,1,0
8648,1199565.125,3566.625,1467.0,16.9,39.0,6.4,92.0,1.2,2.0,1,0
8649,732139.0,2159.0,437.0,32.3,38.0,18.3,97.7,1.54,2.0,1,0
8650,980920.0,2220.0,937.0,2.8,9.0,0.5,93.5,0.98,2.0,1,0
8651,703136.0,1356.0,472.0,30.7,2.0,7.5,93.9,1.31,2.0,1,0
8652,899421.0,2958.0,1452.0,19.0,74.5,8.3,94.9,1.35,2.0,1,0
8653,811166.0,1814.0,1409.0,32.7,18.0,0.8,88.9,1.39,2.0,1,0
8654,647744.0,1397.0,272.0,36.1,31.0,6.8,93.7,1.31,2.0,1,0
8655,984547.0,2851.0,777.0,20.1,65.0,9.6,98.0,0.89,2.0,1,0
8656,582823.0,1257.0,354.0,42.8,16.0,23.55,92.2,1.67,2.0,1,0
8657,741835.0,1676.0,200.0,65.3,2.0,2.2,91.2,0.95,2.0,1,0
8658,1112270.0,2590.0,1082.0,34.7,18.0,2.3,96.3,1.77,2.0,1,0
8659,576061.0,1662.0,601.0,57.6,2.0,23.55,93.3,1.88,2.0,1,0
8660,768615.0,1295.0,427.0,14.3,25.0,5.8,95.2,1.42,2.0,1,0
8661,656615.0,1572.0,916.0,31.6,71.0,4.4,88.3,2.04,2.0,1,0
8662,774424.0,1868.0,399.0,23.9,19.0,3.0,94.0,1.21,1.0,1,0
8663,663831.0,1764.0,476.0,21.2,39.0,22.0,94.1,1.65,2.0,1,0
8664,600272.0,1364.0,443.0,23.5,8.0,11.0,93.0,1.4,1.0,1,0
8665,935769.0,2733.0,966.0,49.5,13.0,5.9,97.1,1.12,2.0,1,0
8666,805071.0,1609.0,388.0,12.3,16.0,2.6,89.3,1.16,2.0,1,0
8667,656659.0,947.0,200.0,41.3,8.0,1.7,94.1,0.6,2.0,1,0
8668,822665.0,2091.0,1490.0,26.6,0.0,23.55,94.6,1.2,2.0,1,0
8669,733397.0,1691.0,1015.0,32.1,32.0,4.7,89.8,1.16,2.0,1,0
8670,895142.0,1538.0,200.0,21.4,8.0,2.3,98.3,1.84,2.0,1,0
8671,862780.0,2220.0,325.0,27.0,19.0,23.55,89.1,1.07,2.0,1,0
8672,856341.0,2427.0,513.0,12.6,14.0,11.5,87.2,1.51,2.0,1,0
8673,1000613.0,1682.0,1301.0,22.7,3.0,0.5,90.6,1.68,2.0,1,0
8674,998677.0,2336.0,1105.0,6.1,28.0,6.4,95.3,1.9,2.0,1,0
8675,921718.0,2253.0,1027.0,52.6,3.0,2.0,91.0,2.3449999999999998,2.0,1,0
8676,877040.0,2303.0,988.0,32.6,1.0,12.7,95.1,1.58,2.0,1,0
8677,885420.0,1586.0,269.0,8.0,2.0,2.9,96.3,1.13,2.0,1,0
8678,728860.0,1761.0,200.0,27.3,11.0,2.4,91.3,1.38,1.0,1,0
8679,1092132.0,3566.625,1801.5,19.2,17.0,14.9,87.5,1.14,2.0,1,0
8680,818100.0,1616.0,648.0,4.8,13.0,0.9,89.1,1.69,2.0,1,0
8681,792692.0,2042.0,737.0,48.1,55.0,0.5,95.0,1.4,2.0,1,0
8682,508234.0,700.0,200.0,67.2,11.0,11.7,90.1,1.12,2.0,1,0
8683,814333.0,1896.0,978.0,40.8,14.0,0.7,89.9,0.77,2.0,1,0
8684,571450.0,1096.0,425.0,27.6,0.0,23.55,92.3,1.58,2.0,1,0
8685,686320.0,1261.0,650.0,32.0,0.0,0.5,91.6,0.61,2.0,1,0
8686,374768.125,1313.0,933.0,66.9,40.0,8.9,87.9,1.02,1.0,1,0
8687,1199565.125,3566.625,794.0,11.0,5.0,3.7,90.4,1.42,2.0,1,0
8688,718663.0,1463.0,200.0,22.6,35.0,4.9,93.9,0.72,2.0,1,0
8689,838645.0,1468.0,996.0,11.7,27.0,1.2,89.1,1.39,2.0,1,0
8690,948784.0,2823.0,720.0,6.8,36.0,1.6,95.2,1.26,2.0,1,0
8691,755011.0,1891.0,722.0,45.5,14.0,1.6,95.7,1.44,2.0,1,0
8692,872248.0,1908.0,792.0,29.3,5.0,2.8,90.4,1.19,2.0,1,0
8693,973107.0,2608.0,1119.0,10.3,29.0,18.7,91.4,1.45,1.0,1,0
8694,631952.0,914.0,744.0,45.8,16.0,5.6,90.8,1.6,2.0,1,0
8695,832079.0,1126.0,540.0,18.8,8.0,1.4,94.1,1.27,2.0,1,0
8696,718511.0,1194.0,410.0,31.3,1.0,0.5,93.5,0.5,2.0,1,0
8697,881312.0,2657.0,748.0,38.7,16.0,1.6,86.6,1.76,2.0,1,0
8698,615423.0,1855.0,753.0,69.0,8.0,21.7,93.4,1.4,1.0,1,0
8699,873319.0,2359.0,962.0,39.4,14.0,7.9,90.8,1.23,2.0,1,0
8700,992159.0,2368.0,1801.5,4.8,14.0,0.5,93.1,1.42,2.0,1,0
8701,976459.0,2193.0,472.0,4.9,44.0,7.4,94.2,1.15,2.0,1,0
8702,620448.0,1414.0,319.0,19.9,20.0,10.2,97.1,1.65,2.0,1,0
8703,703514.0,1159.0,714.0,51.1,29.0,1.9,91.9,0.99,2.0,1,0
8704,946130.0,2826.0,1369.0,19.7,17.0,8.8,92.4,1.2,2.0,1,0
8705,668997.0,1311.0,200.0,32.4,5.0,5.4,91.0,1.39,2.0,1,0
8706,929531.0,1892.0,525.0,32.4,44.0,3.9,87.3,1.47,2.0,1,0
8707,636025.0,828.0,200.0,45.8,7.0,15.0,98.3,1.23,2.0,1,0
8708,678786.0,903.0,249.0,21.2,2.0,2.5,93.9,1.49,2.0,1,0
8709,915807.0,2665.0,544.0,23.3,19.0,19.7,93.6,1.4,2.0,1,0
8710,977502.0,3566.625,1514.0,36.6,32.0,0.5,88.8,1.3,2.0,1,0
8711,751986.0,1505.0,200.0,29.9,7.0,3.4,90.4,1.3,2.0,1,0
8712,471701.0,1300.0,474.0,35.3,20.0,18.7,97.6,1.58,1.0,1,0
8713,912587.0,3194.0,678.0,37.3,66.0,8.4,96.0,1.97,2.0,1,0
8714,647294.0,1405.0,283.0,7.7,25.0,4.2,96.5,1.34,2.0,1,0
8715,1199565.125,3210.0,1386.0,36.5,2.0,12.5,91.3,1.46,2.0,1,0
8716,876274.0,2312.0,794.0,42.2,12.0,3.9,91.3,1.25,2.0,1,0
8717,849613.0,2198.0,202.0,35.9,19.0,18.9,87.2,1.35,2.0,1,0
8718,851938.0,2582.0,1263.0,48.7,7.0,10.5,90.5,1.32,2.0,1,0
8719,709818.0,1393.0,200.0,49.6,18.0,6.4,92.0,0.87,2.0,1,0
8720,1005156.0,2535.0,941.0,14.1,25.0,3.9,95.1,0.93,2.0,1,0
8721,374768.125,1207.0,335.0,28.6,73.0,11.2,90.5,1.54,1.0,1,0
8722,773762.0,1838.0,597.0,11.3,8.0,8.6,95.8,1.45,2.0,1,0
8723,566713.0,1019.0,244.0,31.9,32.0,23.55,94.7,1.59,2.0,1,0
8724,677853.0,1606.0,573.0,14.5,11.0,23.55,92.9,1.62,2.0,1,0
8725,726991.0,1677.0,491.0,42.7,1.0,2.7,90.9,1.19,2.0,1,0
8726,423712.0,1087.0,282.0,58.4,12.0,13.7,91.8,1.08,1.0,1,0
8727,890079.0,1145.0,458.0,15.3,3.0,0.7,94.1,1.68,2.0,1,0
8728,657411.0,1192.0,200.0,35.5,5.0,0.5,98.7,0.91,2.0,1,0
8729,778383.0,1552.0,1392.0,12.5,5.0,5.6,98.0,1.79,2.0,1,0
8730,663570.0,1491.0,740.0,31.6,1.0,6.5,94.7,0.86,2.0,1,0
8731,969421.0,2550.0,528.0,44.3,14.0,9.8,93.3,1.52,2.0,1,0
8732,525419.0,1322.0,200.0,40.5,42.0,9.3,89.9,1.61,1.0,1,0
8733,629282.0,1858.0,996.0,54.5,74.5,0.5,93.0,1.44,2.0,1,0
8734,1031269.0,2706.0,989.0,13.5,30.0,0.9,92.3,1.62,2.0,1,0
8735,939547.0,2508.0,1215.0,18.3,68.0,1.3,91.7,2.1,2.0,1,0
8736,589330.0,1900.0,915.0,39.0,69.0,1.3,92.4,1.75,2.0,1,0
8737,842757.0,1410.0,882.0,19.2,11.0,2.2,97.1,1.84,2.0,1,0
8738,849094.0,1954.0,904.0,29.7,13.0,0.8,90.2,1.2,2.0,1,0
8739,570066.0,1639.0,200.0,44.2,23.0,1.0,92.3,1.41,1.0,1,0
8740,738965.0,1246.0,200.0,20.2,7.0,4.3,89.8,1.33,2.0,1,0
8741,898070.0,1736.0,792.0,43.3,8.0,1.7,94.0,1.06,2.0,1,0
8742,449176.0,1200.0,840.0,36.5,57.0,11.5,92.3,1.56,1.0,1,0
8743,809449.0,1776.0,501.0,26.0,4.0,13.5,92.1,1.51,2.0,1,0
8744,784999.0,2652.0,1306.0,44.6,3.0,7.8,93.2,1.48,2.0,1,0
8745,788949.0,1285.0,275.0,32.8,2.0,18.7,95.3,1.21,2.0,1,0
8746,542257.0,1262.0,200.0,40.6,2.0,3.2,94.2,1.55,1.0,1,0
8747,791468.0,1659.0,740.0,32.0,4.0,1.1,92.3,1.47,2.0,1,0
8748,885616.0,2683.0,877.0,63.0,33.0,1.8,88.2,1.19,2.0,1,0
8749,719854.0,1791.0,802.0,8.0,29.0,3.5,94.1,1.05,1.0,1,0
8750,830836.0,2454.0,997.0,52.2,6.0,19.5,97.2,2.04,2.0,1,0
8751,835249.0,2448.0,965.0,7.6,1.0,16.2,98.3,1.75,1.0,1,0
8752,736032.0,1724.0,728.0,28.4,14.0,8.0,93.1,1.27,2.0,1,0
8753,943223.0,2224.0,698.0,37.9,17.0,4.5,90.8,1.49,2.0,1,0
8754,638121.0,1022.0,506.0,13.1,3.0,6.3,95.1,0.98,2.0,1,0
8755,764700.0,1392.0,1306.0,25.6,2.0,8.0,88.9,2.12,2.0,1,0
8756,538127.0,1085.0,200.0,29.1,34.0,9.4,95.7,1.44,2.0,1,0
8757,871221.0,1974.0,722.0,26.8,36.0,1.5,90.1,1.42,2.0,1,0
8758,796541.0,1509.0,200.0,36.0,3.0,1.7,97.1,1.19,2.0,1,0
8759,581184.0,1057.0,1049.0,6.8,74.5,3.4,99.0,0.81,2.0,1,0
8760,853344.0,1573.0,519.0,22.4,43.0,2.7,99.0,1.11,2.0,1,0
8761,690122.0,1253.0,261.0,29.4,55.0,23.55,96.8,1.64,2.0,1,0
8762,1052637.0,2097.0,686.0,22.0,6.0,2.9,90.6,1.08,2.0,1,0
8763,947362.0,2447.0,1545.0,28.5,16.0,6.4,90.2,1.2,2.0,1,0
8764,1199565.125,3566.625,1511.0,21.1,8.0,7.0,94.8,1.61,2.0,1,0
8765,1077720.0,3316.0,800.0,7.7,13.0,23.2,88.2,1.7,2.0,1,0
8766,629171.0,2318.0,399.0,36.3,44.0,23.55,92.2,0.85,2.0,1,0
8767,725444.0,1730.0,711.0,24.7,56.0,14.4,96.0,1.83,2.0,1,0
8768,570078.0,1368.0,200.0,41.1,2.0,4.1,90.8,1.28,2.0,1,0
8769,935897.0,2665.0,1512.0,35.5,0.0,6.8,92.7,1.53,2.0,1,0
8770,603251.0,1132.0,200.0,23.4,39.0,6.3,97.2,1.01,2.0,1,0
8771,819036.0,2246.0,541.0,41.4,9.0,11.7,91.8,1.65,2.0,1,0
8772,865574.0,2507.0,1187.0,47.9,16.0,3.6,93.8,1.38,2.0,1,0
8773,772198.0,1858.0,410.0,11.8,2.0,12.6,90.7,1.64,1.0,1,0
8774,979385.0,2255.0,1196.0,40.2,7.0,14.6,93.5,0.86,2.0,1,0
8775,1199565.125,3566.625,1801.5,23.7,24.0,1.7,92.9,1.15,2.0,1,0
8776,897449.0,2239.0,492.0,16.1,14.0,6.7,99.0,1.29,2.0,1,0
8777,827096.0,2253.0,767.0,48.7,1.0,14.4,90.8,1.65,2.0,1,0
8778,602282.0,1278.0,676.0,57.0,52.0,15.8,95.4,1.48,2.0,1,0
8779,903390.0,1958.0,1103.0,28.2,11.0,10.3,92.9,1.29,2.0,1,0
8780,933811.0,3027.0,1131.0,30.2,34.0,0.7,92.1,1.37,2.0,1,0
8781,748901.0,1666.0,512.0,44.4,61.0,3.0,90.3,1.94,2.0,1,0
8782,971945.0,2328.0,1204.0,50.0,0.0,0.5,86.1,1.36,2.0,1,0
8783,594637.0,1470.0,240.0,30.5,56.0,23.55,92.8,1.32,2.0,1,0
8784,850113.0,1694.0,464.0,42.5,9.0,0.8,90.7,1.07,2.0,1,0
8785,702849.0,1813.0,357.0,35.0,16.0,10.7,91.0,1.3,2.0,1,0
8786,1029877.0,2665.0,623.0,31.6,50.0,5.1,88.6,1.95,2.0,1,0
8787,719331.0,1950.0,675.0,48.9,43.0,0.5,94.9,1.92,1.0,1,0
8788,660704.0,1501.0,289.0,39.3,72.0,7.7,93.3,0.5,2.0,1,0
8789,845746.0,2412.0,1236.0,21.3,11.0,14.3,97.7,1.44,2.0,1,0
8790,1199565.125,3566.625,1720.0,24.7,18.0,0.8,91.3,1.34,2.0,1,0
8791,828464.0,2366.0,368.0,55.0,12.0,1.6,92.8,1.84,2.0,1,0
8792,527634.0,700.0,200.0,32.2,74.5,7.2,89.3,1.83,2.0,1,0
8793,840861.0,2505.0,983.0,41.6,7.0,4.1,90.7,1.09,2.0,1,0
8794,753586.0,1442.0,388.0,61.4,4.0,14.4,84.3,1.45,2.0,1,0
8795,565001.0,924.0,200.0,30.1,18.0,23.55,98.2,1.46,2.0,1,0
8796,659097.0,1745.0,1214.0,8.6,51.0,7.5,94.8,1.82,2.0,1,0
8797,807277.0,2386.0,993.0,19.2,2.0,3.8,94.1,1.24,1.0,1,0
8798,675177.0,2451.0,789.0,47.6,55.0,7.4,87.9,2.1,2.0,1,0
8799,889079.0,1336.0,557.0,15.9,1.0,1.9,96.2,1.42,2.0,1,0
8800,925217.0,2436.0,1330.0,23.0,8.0,8.9,95.0,1.94,2.0,1,0
8801,589119.0,1348.0,835.0,33.2,48.0,4.2,91.7,2.05,2.0,1,0
8802,679395.0,1842.0,1140.0,20.3,21.0,18.8,90.6,1.03,2.0,1,0
8803,706726.0,1702.0,397.0,32.8,2.0,9.2,90.1,1.3,2.0,1,0
8804,760678.0,1836.0,1575.0,25.8,2.0,3.5,90.4,1.49,2.0,1,0
8805,931751.0,1897.0,705.0,22.0,19.0,9.4,95.9,1.8,2.0,1,0
8806,1019952.0,2583.0,469.0,45.8,30.0,1.2,93.9,1.18,2.0,1,0
8807,710618.0,2062.0,750.0,44.7,8.0,22.4,96.7,0.63,2.0,1,0
8808,765506.0,1130.0,550.0,44.4,35.0,7.9,97.5,1.69,2.0,1,0
8809,836819.0,1578.0,336.0,24.9,19.0,1.5,95.2,1.41,2.0,1,0
8810,789558.0,2091.0,880.0,43.0,74.5,2.3,96.2,0.96,2.0,1,0
8811,901748.0,2357.0,749.0,16.2,24.0,1.5,91.3,0.98,2.0,1,0
8812,958689.0,2515.0,333.0,15.2,33.0,4.4,91.5,1.29,2.0,1,0
8813,628982.0,1463.0,200.0,44.3,18.0,1.5,91.1,1.71,1.0,1,0
8814,957749.0,1969.0,1022.0,22.9,0.0,0.6,98.4,1.17,2.0,1,0
8815,795316.0,2036.0,564.0,14.5,10.0,9.0,94.0,1.67,2.0,1,0
8816,807808.0,2196.0,636.0,31.1,23.0,6.4,90.0,1.29,2.0,1,0
8817,766461.0,2058.0,1004.0,33.0,12.0,23.55,90.9,0.69,2.0,1,0
8818,699348.0,1573.0,399.0,46.2,0.0,2.3,90.3,0.77,2.0,1,0
8819,757560.0,1306.0,783.0,13.1,19.0,0.8,94.0,1.44,2.0,1,0
8820,586754.0,1301.0,200.0,27.8,0.0,23.55,94.4,1.57,2.0,1,0
8821,789366.0,2004.0,200.0,7.0,20.0,23.55,93.2,0.5,2.0,1,0
8822,800252.0,1859.0,1130.0,56.1,44.0,3.4,96.1,1.45,1.0,1,0
8823,1133328.0,3185.0,1212.0,24.7,14.0,9.8,99.0,1.2,2.0,1,0
8824,708320.0,1728.0,1000.0,31.2,4.0,2.0,99.0,2.0,2.0,1,0
8825,887848.0,3123.0,1230.0,54.4,32.0,6.3,91.4,1.42,2.0,1,0
8826,626053.0,1595.0,329.0,15.0,10.0,15.9,84.2,1.23,1.0,1,0
8827,704323.0,1343.0,396.0,33.0,9.0,23.55,93.2,1.41,2.0,1,0
8828,735944.0,1954.0,904.0,32.8,4.0,3.9,85.0,0.88,1.0,1,0
8829,867301.0,2240.0,1263.0,31.0,73.0,1.0,94.8,1.08,2.0,1,0
8830,872536.0,1696.0,502.0,31.3,0.0,17.1,91.0,1.33,2.0,1,0
8831,608645.0,787.0,507.0,16.4,62.0,12.7,96.6,1.49,2.0,1,0
8832,909071.0,3566.625,1246.0,29.8,20.0,3.7,91.5,2.07,1.0,1,0
8833,614414.0,991.0,377.0,42.8,12.0,4.2,99.0,1.44,2.0,1,0
8834,821836.0,1774.0,627.0,9.0,20.0,4.6,95.1,1.7,2.0,1,0
8835,773364.0,1328.0,531.0,10.0,4.0,1.3,97.8,1.59,2.0,1,0
8836,532003.0,966.0,834.0,51.0,74.5,3.7,99.0,1.23,2.0,1,0
8837,729991.0,1377.0,670.0,56.1,36.0,7.2,91.9,0.54,2.0,1,0
8838,821584.0,1902.0,1750.0,16.2,43.0,12.4,93.8,1.3,2.0,1,0
8839,711803.0,1362.0,520.0,8.4,6.0,20.5,91.4,1.25,2.0,1,0
8840,1008255.0,2938.0,607.0,23.1,36.0,2.8,94.7,1.61,2.0,1,0
8841,485240.0,1657.0,542.0,46.1,56.0,18.9,90.8,1.07,2.0,1,0
8842,654849.0,1336.0,895.0,34.8,51.0,9.6,88.0,1.34,2.0,1,0
8843,781539.0,2110.0,1007.0,32.0,74.5,10.7,90.2,1.97,2.0,1,0
8844,798104.0,2561.0,399.0,15.9,28.0,9.5,90.3,0.69,1.0,1,0
8845,1044231.0,3140.0,1273.0,33.9,5.0,2.9,93.0,0.96,2.0,1,0
8846,988206.0,2544.0,1133.0,17.4,3.0,2.9,89.3,1.33,2.0,1,0
8847,911532.0,1753.0,432.0,20.8,4.0,1.0,93.6,1.38,2.0,1,0
8848,875443.0,2128.0,1009.0,28.3,9.0,1.6,88.2,1.99,2.0,1,0
8849,666927.0,1132.0,213.0,7.8,30.0,13.2,87.7,1.11,2.0,1,0
8850,814060.0,2083.0,606.0,43.7,1.0,4.0,88.7,1.38,2.0,1,0
8851,827638.0,2198.0,409.0,18.4,43.0,23.55,90.0,1.52,2.0,1,0
8852,780815.0,1482.0,200.0,29.1,7.0,1.2,96.6,0.98,2.0,1,0
8853,1140900.0,3494.0,1761.0,49.7,0.0,5.4,94.8,1.61,2.0,1,0
8854,690481.0,1342.0,332.0,3.4,74.5,6.4,99.0,1.31,2.0,1,0
8855,1029356.0,2209.0,1411.0,18.2,2.0,0.5,95.5,1.12,2.0,1,0
8856,1039045.0,2826.0,1233.0,48.5,23.0,5.6,92.6,1.67,2.0,1,0
8857,536589.0,1261.0,1035.0,20.3,7.0,9.3,90.1,0.92,1.0,1,0
8858,544941.0,1244.0,945.0,42.5,27.0,16.7,89.0,1.15,2.0,1,0
8859,685493.0,1607.0,547.0,12.9,9.0,5.5,96.8,2.13,2.0,1,0
8860,645155.0,1086.0,663.0,19.2,2.0,2.3,87.7,1.2,2.0,1,0
8861,933530.0,2129.0,630.0,17.7,19.0,1.5,95.9,1.43,2.0,1,0
8862,1024857.0,2804.0,602.0,12.8,71.0,0.5,98.8,1.47,2.0,1,0
8863,847242.0,2251.0,1080.0,26.7,74.5,5.5,92.6,1.23,2.0,1,0
8864,1023455.0,3261.0,1490.0,52.8,41.0,1.9,94.0,0.7,2.0,1,0
8865,584590.0,1609.0,877.0,31.6,16.0,5.2,94.2,1.34,2.0,1,0
8866,551865.0,1794.0,598.0,52.3,29.0,6.9,88.5,1.2,1.0,1,0
8867,883501.0,1852.0,663.0,9.8,5.0,4.0,99.0,1.21,2.0,1,0
8868,937627.0,2719.0,1001.0,55.0,11.0,1.2,93.9,1.79,2.0,1,0
8869,844023.0,1388.0,200.0,25.4,10.0,1.7,93.6,1.68,2.0,1,0
8870,876346.0,2504.0,479.0,23.8,24.0,10.9,94.2,1.27,2.0,1,0
8871,643230.0,1591.0,694.0,32.6,66.0,2.8,97.2,1.09,2.0,1,0
8872,1005123.0,2704.0,540.0,36.2,27.0,6.1,99.0,1.19,2.0,1,0
8873,781950.0,2165.0,597.0,50.1,22.0,6.5,95.4,2.3449999999999998,2.0,1,0
8874,849483.0,2078.0,662.0,17.4,8.0,7.4,90.1,2.05,2.0,1,0
8875,750605.0,2187.0,1464.0,30.7,31.0,10.3,93.4,1.76,2.0,1,0
8876,1055900.0,3456.0,925.0,29.8,18.0,7.2,95.1,1.44,2.0,1,0
8877,661254.0,1741.0,200.0,52.9,16.0,5.7,94.2,1.3,2.0,1,0
8878,807438.0,2598.0,713.0,12.3,17.0,13.3,91.5,1.3,2.0,1,0
8879,719165.0,1574.0,552.0,29.4,0.0,5.0,87.3,1.4,2.0,1,0
8880,710499.0,2084.0,714.0,29.5,36.0,23.55,98.5,1.61,2.0,1,0
8881,711357.0,1533.0,200.0,11.8,34.0,15.9,99.0,1.28,2.0,1,0
8882,842846.0,1698.0,1299.0,33.7,2.0,6.1,88.5,1.43,2.0,1,0
8883,957227.0,1792.0,645.0,18.1,8.0,4.1,91.3,1.74,2.0,1,0
8884,645894.0,1278.0,200.0,17.3,17.0,8.2,91.6,1.88,2.0,1,0
8885,763707.0,2295.0,1021.0,34.8,32.0,13.5,91.3,1.49,2.0,1,0
8886,949385.0,2294.0,891.0,9.8,16.0,6.9,98.1,1.5,2.0,1,0
8887,960159.0,2730.0,1476.0,57.9,10.0,4.2,89.2,1.49,2.0,1,0
8888,779204.0,2574.0,218.0,9.4,24.0,10.6,99.0,1.53,2.0,1,0
8889,980154.0,1938.0,677.0,6.2,13.0,1.1,99.0,1.33,2.0,1,0
8890,684769.0,1598.0,1079.0,46.2,23.0,8.5,95.5,2.3449999999999998,2.0,1,0
8891,865584.0,2257.0,1036.0,27.8,4.0,17.6,92.7,1.02,2.0,1,0
8892,716759.0,1417.0,367.0,20.0,5.0,6.9,94.4,1.79,2.0,1,0
8893,927627.0,3059.0,1326.0,46.0,24.0,3.4,95.1,1.31,1.0,1,0
8894,654316.0,1210.0,200.0,28.8,16.0,0.5,96.6,1.15,2.0,1,0
8895,824541.0,2151.0,538.0,34.9,3.0,6.6,97.8,1.5,2.0,1,0
8896,873169.0,2192.0,1198.0,49.9,7.0,18.4,93.9,1.68,2.0,1,0
8897,1058109.0,3223.0,1327.0,36.9,2.0,0.5,94.1,1.43,2.0,1,0
8898,579083.0,1607.0,232.0,20.0,55.0,0.7,94.8,1.3,2.0,1,0
8899,624276.0,1276.0,863.0,45.6,3.0,19.4,93.8,1.23,2.0,1,0
8900,765655.0,2380.0,923.0,49.4,13.0,8.5,87.6,1.84,1.0,1,0
8901,766951.0,2665.0,515.0,34.7,74.5,23.55,88.6,1.39,2.0,1,0
8902,1199565.125,3118.0,1440.0,32.2,5.0,2.8,93.4,1.66,2.0,1,0
8903,799076.0,1215.0,598.0,9.5,12.0,6.0,88.3,1.55,2.0,1,0
8904,590841.0,997.0,807.0,29.3,35.0,10.3,90.8,0.84,2.0,1,0
8905,992119.0,2918.0,698.0,8.9,7.0,0.5,88.9,0.64,2.0,1,0
8906,990930.0,3566.625,557.0,44.8,28.0,7.1,90.1,1.63,2.0,1,0
8907,708982.0,2152.0,1120.0,22.9,74.5,8.5,95.6,1.81,2.0,1,0
8908,841862.0,1932.0,657.0,16.5,20.0,12.9,95.2,1.2,2.0,1,0
8909,668460.0,1191.0,200.0,42.3,6.0,2.2,97.1,1.09,2.0,1,0
8910,1199565.125,3142.0,1036.0,11.3,13.0,6.5,93.9,1.85,2.0,1,0
8911,728272.0,1086.0,824.0,25.8,30.0,2.9,91.7,1.3,2.0,1,0
8912,774011.0,1536.0,778.0,14.1,34.0,3.8,93.5,1.96,2.0,1,0
8913,775998.0,1196.0,853.0,14.1,5.0,8.8,92.4,1.23,2.0,1,0
8914,790506.0,2255.0,1196.0,30.4,19.0,2.0,96.3,1.04,2.0,1,0
8915,960990.0,1925.0,1236.0,11.4,1.0,2.6,94.0,1.59,2.0,1,0
8916,642686.0,2013.0,200.0,40.8,6.0,23.55,88.3,1.81,2.0,1,0
8917,709677.0,1537.0,200.0,29.4,4.0,4.1,94.2,1.49,2.0,1,0
8918,534896.0,932.0,786.0,46.4,53.0,15.4,96.7,1.71,2.0,1,0
8919,670676.0,1039.0,484.0,45.4,1.0,0.6,91.9,1.26,2.0,1,0
8920,799942.0,1935.0,1232.0,24.1,31.0,23.55,93.4,1.7,2.0,1,0
8921,1107226.0,3064.0,1257.0,19.3,21.0,1.8,90.7,1.3,2.0,1,0
8922,1199565.125,3566.625,1730.0,37.0,31.0,3.2,91.5,1.6,2.0,1,0
8923,747931.0,1636.0,200.0,11.2,24.0,1.7,94.8,1.43,2.0,1,0
8924,725856.0,1615.0,736.0,5.7,9.0,9.7,90.4,0.96,2.0,1,0
8925,709482.0,2175.0,700.0,32.7,5.0,8.9,90.9,1.15,2.0,1,0
8926,871507.0,2529.0,684.0,64.1,26.0,1.0,89.6,1.39,2.0,1,0
8927,850328.0,1188.0,670.0,25.2,4.0,1.0,93.1,1.14,2.0,1,0
8928,836508.0,2568.0,1028.0,10.1,9.0,16.4,90.2,1.28,2.0,1,0
8929,907497.0,1833.0,200.0,21.4,8.0,5.7,99.0,1.64,2.0,1,0
8930,945351.0,3117.0,1102.0,30.9,24.0,23.55,94.4,1.01,2.0,1,0
8931,779377.0,1596.0,742.0,13.0,14.0,23.55,94.0,1.63,2.0,1,0
8932,908694.0,2699.0,829.0,20.1,4.0,3.9,93.0,1.82,2.0,1,0
8933,824988.0,1392.0,490.0,28.7,38.0,1.2,90.6,0.73,2.0,1,0
8934,837255.0,2515.0,610.0,28.2,43.0,9.1,91.9,0.69,2.0,1,0
8935,721878.0,1181.0,278.0,51.3,36.0,12.1,86.1,1.71,2.0,1,0
8936,795182.0,1948.0,740.0,5.3,20.0,3.8,92.4,1.36,2.0,1,0
8937,861266.0,2283.0,388.0,27.4,0.0,2.1,86.3,1.44,2.0,1,0
8938,630838.0,1404.0,200.0,47.0,22.0,9.2,90.5,1.73,2.0,1,0
8939,836610.0,1840.0,389.0,23.7,3.0,2.5,97.8,1.97,2.0,1,0
8940,509625.0,953.0,200.0,30.8,27.0,8.3,98.6,2.06,1.0,1,0
8941,727781.0,1353.0,883.0,28.2,22.0,0.6,97.4,1.74,2.0,1,0
8942,880271.0,2142.0,628.0,30.4,74.5,1.5,88.5,1.55,2.0,1,0
8943,620942.0,1329.0,425.0,39.2,30.0,5.9,90.5,1.12,2.0,1,0
8944,928828.0,2021.0,1102.0,59.1,8.0,3.3,89.0,1.14,2.0,1,0
8945,783788.0,1852.0,288.0,8.6,56.0,3.9,88.2,1.73,2.0,1,0
8946,909161.0,2133.0,922.0,15.6,6.0,4.4,93.7,1.3,2.0,1,0
8947,788765.0,1977.0,200.0,39.0,23.0,2.9,98.0,1.83,2.0,1,0
8948,646993.0,1434.0,200.0,63.9,3.0,13.8,92.4,1.26,2.0,1,0
8949,869677.0,2452.0,1242.0,29.3,57.0,1.2,96.1,1.21,2.0,1,0
8950,725149.0,1233.0,238.0,17.3,45.0,2.7,91.7,1.43,2.0,1,0
8951,620962.0,1518.0,497.0,30.0,55.0,6.7,96.6,1.35,2.0,1,0
8952,723423.0,1122.0,490.0,26.0,2.0,14.2,89.6,1.01,2.0,1,0
8953,855745.0,2959.0,1291.0,30.3,3.0,23.55,96.9,1.31,2.0,1,0
8954,716870.0,1406.0,563.0,32.5,27.0,0.8,91.2,1.81,2.0,1,0
8955,827385.0,1511.0,620.0,9.5,19.0,4.3,93.2,1.34,2.0,1,0
8956,873925.0,1886.0,851.0,17.9,12.0,2.0,95.4,0.96,2.0,1,0
8957,567201.0,954.0,524.0,49.5,29.0,4.2,93.4,1.28,2.0,1,0
8958,702711.0,1551.0,281.0,25.9,24.0,19.9,93.8,1.51,2.0,1,0
8959,547498.0,1008.0,206.0,55.2,39.0,23.55,86.7,0.96,2.0,1,0
8960,1022848.0,2809.0,943.0,34.1,23.0,19.5,92.2,1.29,2.0,1,0
8961,840475.0,1620.0,1123.0,9.3,5.0,1.5,91.6,1.37,2.0,1,0
8962,467038.0,846.0,342.0,9.0,70.0,8.7,85.5,2.3449999999999998,2.0,1,0
8963,530806.0,1279.0,200.0,27.4,6.0,5.3,87.8,1.71,2.0,1,0
8964,671117.0,1552.0,695.0,52.8,74.5,4.2,93.7,1.4,2.0,1,0
8965,923060.0,1377.0,528.0,6.4,20.0,3.6,95.2,1.52,2.0,1,0
8966,553443.0,1051.0,443.0,44.1,15.0,7.4,93.8,0.72,2.0,1,0
8967,687095.0,2287.0,1108.0,69.7,18.0,18.2,90.8,1.18,2.0,1,0
8968,807538.0,1351.0,200.0,18.0,3.0,6.9,86.1,1.06,2.0,1,0
8969,834061.0,2095.0,1052.0,42.7,1.0,1.7,91.6,1.37,2.0,1,0
8970,679728.0,1507.0,593.0,29.3,14.0,1.6,91.2,1.73,2.0,1,0
8971,602932.0,2403.0,1138.0,62.0,15.0,23.55,95.9,1.71,2.0,1,0
8972,550284.0,1724.0,378.0,19.0,63.0,13.9,93.7,1.58,2.0,1,0
8973,792571.0,1217.0,200.0,63.3,2.0,3.5,92.2,1.15,2.0,1,0
8974,682296.0,1122.0,371.0,43.4,7.0,12.0,93.5,1.46,2.0,1,0
8975,762252.0,1882.0,491.0,73.6625,1.0,3.0,90.7,1.06,2.0,1,0
8976,872769.0,2242.0,955.0,39.0,1.0,8.4,95.9,1.51,2.0,1,0
8977,757992.0,1770.0,314.0,21.7,4.0,8.5,94.7,1.18,2.0,1,0
8978,702376.0,1706.0,725.0,5.5,0.0,17.1,95.5,1.41,2.0,1,0
8979,1158090.0,3430.0,895.0,1.9,4.0,3.0,91.2,0.5,2.0,1,0
8980,711025.0,2033.0,1183.0,12.8,8.0,8.8,95.6,1.07,1.0,1,0
8981,608149.0,1679.0,675.0,32.5,74.5,5.8,88.2,1.44,2.0,1,0
8982,1021387.0,2190.0,866.0,18.7,3.0,9.3,93.5,1.58,2.0,1,0
8983,706034.0,1178.0,570.0,34.4,11.0,8.7,90.2,1.2,2.0,1,0
8984,889217.0,2600.0,1054.0,15.8,22.0,11.1,96.8,1.62,2.0,1,0
8985,667723.0,1621.0,200.0,10.3,43.0,20.1,93.0,1.12,2.0,1,0
8986,734999.0,2115.0,1170.0,63.6,34.0,1.8,88.1,1.06,2.0,1,0
8987,628547.0,1969.0,263.0,73.6625,1.0,6.0,86.9,1.73,2.0,1,0
8988,730379.0,1662.0,825.0,30.6,4.0,0.8,86.0,1.56,2.0,1,0
8989,583750.0,1048.0,200.0,15.9,74.5,3.2,89.0,1.3,2.0,1,0
8990,763182.0,1585.0,200.0,20.6,3.0,2.7,93.0,2.03,2.0,1,0
8991,1033632.0,3035.0,691.0,39.9,5.0,5.3,91.9,1.78,2.0,1,0
8992,862227.0,2396.0,787.0,31.3,14.0,13.9,93.6,1.52,2.0,1,0
8993,731666.0,1307.0,503.0,9.8,2.0,3.1,94.1,1.22,2.0,1,0
8994,735491.0,2004.0,1408.0,55.9,22.0,0.5,87.2,1.26,2.0,1,0
8995,598049.0,1768.0,203.0,36.9,4.0,19.4,90.7,1.1,2.0,1,0
8996,859116.0,2241.0,1201.0,37.4,33.0,11.4,94.0,1.8,2.0,1,0
8997,644284.0,954.0,444.0,18.4,19.0,6.9,89.1,1.3,2.0,1,0
8998,739144.0,1788.0,200.0,20.4,25.0,4.6,91.2,1.02,2.0,1,0
8999,965264.0,2708.0,674.0,43.0,11.0,22.0,92.7,1.92,2.0,1,0
