ID,Price,SquareFootage,NumBathrooms,NumBedrooms,BackyardSpace,CrimeRate,SchoolRating,AgeOfHome,DistanceToCityCenter,EmploymentRate,PropertyTaxRate,RenovationQualityRate,LocalAmenities,TransportAccess,Fireplace,HouseColor,Garage,Floors,Windows,PreviousSalePrice,IsLuxury
7,1159515,3128,2,1,1024,59.9,9,7,2.2,98.3,1.12,1,10,6,No,white,Yes,3,49,1158.4205,0
8,875266,2355,5,6,1167,18.3,7.4,3,13.3,92.1,1.11,3,1,3,No,white,Yes,2,11,83.0205,1
9,837353,1527,2,1,641,32.6,9.4,59,3.5,91.9,1.29,7,7,1,No,red,Yes,2,52,125.7705,1
11,731908,1530,4,1,655,7.3,9.6,14,12.4,88.9,1.73,1,6,10,No,red,Yes,2,50,969.3705,0
12,655974,1529,6,1,200,14.7,5.4,86,0.6,96,1.48,2,7,6,No,blue,Yes,3,47,832.5705,1
17,752062,1263,6,5,200,12,8.1,16,9.2,97,0.99,8,3,10,No,red,Yes,2,59,1065.3205,1
18,894405,2009,4,2,446,33.3,9.1,100,7.4,94.1,1.02,5,4,5,No,green,Yes,2,55,1353.1705,0
20,489144,1098,1,2,617,38,6.1,29,22.2,95.3,0.91,10,9,6,No,red,Yes,2,-2,1106.1705,1
21,939106,3006,1,6,1118,65,7.5,6,4.5,89,1.35,7,9,2,No,blue,Yes,2,35,236.9205,0
24,676530,1093,3,2,691,32.1,7.8,21,18.3,89.9,1.54,6,10,9,No,white,Yes,1,-6,1406.3705,0
26,811811,1871,3,4,898,21.2,8.6,52,2.9,89.9,1.28,5,10,7,No,white,Yes,3,7,1388.3205,1
32,1063306,3442,2,6,1121,36.6,7.8,31,5.5,89.4,1.96,4,7,1,No,blue,Yes,3,55,1131.8205,1
38,571257,907,4,7,789,40.1,8.9,4,17.1,95.8,1.73,6,9,5,No,white,Yes,2,13,742.3205,1
39,706742,1131,5,3,667,15.9,9.6,64,1.1,95,1.88,5,6,1,No,red,Yes,2,58,429.7705,1
42,713724,1911,5,1,772,11.7,5.8,41,4.2,91.2,1.63,2,4,2,No,red,Yes,3,24,249.2705,0
46,628561,1399,2,5,200,49.6,7.2,8,8.1,96.1,1.73,4,4,1,No,red,Yes,2,34,361.3705,1
49,747989,2030,1,2,643,8.6,6.8,3,8,99,1.55,6,4,3,No,red,Yes,2,6,1379.7705,1
53,709337,1420,2,6,472,5.9,8.8,100,3.9,95,1.32,1,7,3,No,green,Yes,1,27,108.6705,1
59,939381,2021,6,3,200,13.7,9,15,1.9,90.8,1.42,7,9,10,No,green,Yes,3,44,1297.1205,1
60,873632,2533,5,6,1290,51.4,9.9,22,2.7,95.1,1.65,7,4,10,No,red,Yes,2,63,1238.2205,0
63,567004,1222,4,5,568,40.6,5.5,10,3.1,89.8,1.27,4,5,2,No,blue,Yes,2,50,328.1205,0
66,1098366,2894,2,7,884,18.1,8.7,3,12.4,89,1.81,1,10,4,No,yellow,Yes,2,20,871.5205,1
68,1087644,2557,2,4,1096,14.1,8.7,10,0.9,98.5,1.32,2,4,1,No,blue,Yes,1,58,232.1705,1
69,807668,2043,6,1,1237,37,9.1,17,13.5,96.4,1.33,2,3,3,No,green,Yes,2,54,514.3205,1
74,924643,3112,6,6,1611,11.9,7.6,11,14.8,88.8,1.44,8,1,2,No,yellow,Yes,2,8,1185.0205,0
76,765083,2400,5,1,1380,5.3,6.2,34,7.3,90.6,1.77,5,8,3,No,red,Yes,2,6,10.8205,0
82,760604,2040,1,6,1276,43.7,9.1,17,11.5,91.2,1.33,4,9,7,No,yellow,Yes,3,43,105.8205,0
83,989445,3019,2,6,1007,31.9,9.3,2,10.5,94.1,1.15,4,2,6,No,red,Yes,2,43,165.6705,1
86,630105,1510,4,4,387,65.9,8.8,100,0.8,93,1.39,2,6,6,No,red,Yes,1,28,892.4205,0
92,909666,2526,1,1,762,6,7,10,13.7,95.5,1.79,1,2,7,No,red,Yes,1,39,226.4705,1
94,802797,1605,3,2,1010,35.4,8.5,30,8.9,95,1.22,8,10,9,No,red,Yes,1,26,1121.3705,1
95,734581,1569,5,2,975,4.7,7.4,28,0.5,90.3,1.45,5,3,5,No,white,Yes,2,30,1503.2705,0
97,968084,1997,1,7,257,1.4,8,24,3.5,90.5,0.6,5,2,6,No,white,Yes,2,37,1174.5705,0
101,641078,1097,4,5,265,58.3,9.5,4,11.3,90.9,1.48,1,8,3,No,blue,Yes,2,-1,1444.3705,0
103,829803,1597,1,3,816,25.8,9,4,5.9,92.9,1.41,2,6,4,No,red,Yes,2,29,791.7205,1
117,713338,1778,3,6,1187,23.2,8.3,8,1.4,93.9,1.91,7,8,8,No,white,Yes,3,0,501.9705,0
118,643512,1196,3,4,674,51.1,6.9,18,2.3,94,1.35,6,9,5,No,green,Yes,2,15,952.2705,0
120,1030986,2342,2,5,1302,25.4,8.3,23,4.5,89.5,0.91,10,3,5,No,blue,Yes,1,-4,630.2205,0
123,921570,2941,4,5,1268,30.8,8.2,25,10.6,96.7,1.84,2,2,7,No,red,Yes,2,14,290.1205,1
127,774707,1273,2,5,645,51.3,8.6,17,3.8,97.5,1.28,3,2,2,No,yellow,Yes,3,38,281.5705,0
129,730762,1864,5,4,852,28.5,6.4,8,10,94.6,1.32,5,7,2,No,blue,Yes,3,17,1356.0205,0
130,699679,1509,1,2,876,23.3,5.6,3,8.7,87.8,1.62,1,8,5,No,green,Yes,2,9,930.4205,0
134,907689,2125,4,1,840,7.7,7.7,10,2.5,93.4,0.73,7,2,2,No,green,Yes,3,45,513.3705,0
139,852351,2393,1,5,624,19.2,7.8,52,12.4,89.9,1.49,4,3,6,No,blue,Yes,2,22,782.2205,0
150,746113,1997,4,3,845,53.8,6.3,43,5.7,94.1,1.74,5,8,10,No,green,Yes,2,15,1027.3205,1
162,698625,2371,3,5,794,27.3,5.6,5,1,96.3,2.08,10,7,6,No,blue,Yes,2,6,920.9205,0
164,845003,1351,5,3,847,11.7,8.3,15,6.3,94.8,1.42,2,7,6,No,blue,Yes,2,7,1280.9705,1
171,426241,1318,5,2,200,50.7,8.9,36,17,90.8,1.3,8,2,8,No,yellow,Yes,2,61,902.8705,0
172,660796,1353,6,6,489,43.8,8.6,14,1.2,92.4,1.19,2,2,5,No,blue,Yes,2,42,507.6705,0
185,726904,1665,2,7,523,1.3,6.5,23,23.8,94.9,1.24,3,6,8,No,yellow,Yes,2,53,238.8205,1
190,696679,1059,4,2,934,25.6,8.1,64,4.2,96.3,1.6,8,4,6,No,white,Yes,1,55,700.5205,1
191,647672,1540,6,6,210,29.5,8.1,76,14.4,87.4,1.13,5,2,9,No,blue,Yes,2,20,775.5705,1
193,794798,1940,5,4,895,19.5,7.8,8,10.5,93.2,1.47,4,7,2,No,red,Yes,2,54,991.2205,1
195,732701,1912,2,4,316,33.2,8,22,5,89.5,1.58,6,1,1,No,green,Yes,3,-2,492.4705,0
197,697547,1321,5,5,1000,25,9.4,20,2,93.8,1.49,9,7,6,No,red,Yes,3,35,1546.9705,1
201,1024985,2040,3,6,1296,37.2,5.7,7,4.8,95.9,1.67,5,4,10,No,red,Yes,1,12,816.4205,0
204,938766,2603,1,2,812,12.6,8.6,14,2.3,91.1,1.49,4,7,2,No,yellow,Yes,2,46,564.6705,0
207,1018102,2156,5,7,1123,50.4,9.5,9,4,90.6,1.64,9,4,9,No,green,Yes,2,30,524.7705,1
212,973771,2678,5,6,614,48.2,7.2,5,3.6,93.5,1.65,9,2,5,No,yellow,Yes,2,44,581.7705,0
213,1009054,2514,5,5,1305,18.5,8.5,0,1,89.6,1.17,7,6,4,No,green,Yes,3,47,1043.4705,0
224,531479,1024,2,3,200,31.3,9.5,46,3.6,88.5,1.46,8,8,5,No,green,Yes,1,12,1065.3205,1
228,533967,1234,2,4,212,37.9,6.6,41,3.5,82.5,1.64,5,9,2,No,blue,Yes,2,42,13.6705,1
229,756476,1401,4,5,200,23.9,7.3,1,0.8,91.8,1.72,8,3,8,No,white,Yes,2,54,623.5705,1
230,777411,2283,4,7,806,64.2,7.2,29,3.1,94.3,1.12,2,1,6,No,red,Yes,1,50,324.3205,0
234,791544,1433,2,7,455,0.9,6.6,10,2.3,91.8,1.47,3,10,2,No,blue,Yes,2,44,788.8705,1
242,704515,1729,2,3,582,5.2,8.2,0,18.4,89.8,1.72,6,7,1,No,green,Yes,1,43,727.1205,1
247,571393,1524,3,5,668,36.6,5.7,49,16.2,87.7,0.96,3,9,10,No,yellow,Yes,3,5,1023.5205,1
250,720999,2074,2,5,200,61.1,7.9,2,4.1,88.3,1.18,6,10,7,No,yellow,Yes,1,-1,1521.3205,0
253,1192506,3783,2,7,1172,12.4,9.4,88,12.2,96.1,0.74,10,1,7,No,red,Yes,1,14,61.1705,0
256,769180,1519,4,4,365,20.7,8.7,13,4.5,89,1.36,9,1,2,No,white,Yes,2,-1,1014.9705,0
258,670905,1405,2,4,200,17.2,9.8,29,15.3,95.7,2.26,2,1,3,No,white,Yes,1,44,628.3205,1
267,952063,3187,6,6,1029,14.1,7.2,21,12.5,94.7,1.6,2,10,2,No,blue,Yes,2,56,1390.2205,1
268,553488,1091,4,4,200,10.5,5.9,5,22.1,94.3,1.3,5,3,7,No,blue,Yes,2,11,1062.4705,0
271,1018358,2981,3,3,1567,9.9,7.3,57,1.5,97.9,1.59,1,8,8,No,yellow,Yes,2,37,1184.0705,0
275,522089,1277,3,5,219,13.9,5.2,1,10.8,93.2,1.34,6,3,5,No,red,Yes,1,17,1236.3205,0
276,809039,2116,4,5,200,10.7,8.5,3,12.1,92.3,1.9,7,10,6,No,white,Yes,1,-4,329.0705,0
282,915554,2269,6,5,831,14.4,7.9,3,5,98.6,1.83,5,4,6,No,red,Yes,2,4,838.2705,1
283,1144689,3136,5,5,802,19.3,9.2,30,7.3,91.9,1.51,3,10,2,No,green,Yes,2,9,310.0705,1
285,1127604,3798,2,6,1398,5.3,5.7,14,1.4,90.3,1.96,2,2,4,No,red,Yes,2,26,1054.8705,1
288,776804,2212,6,6,911,23.2,7.3,37,7.7,89.2,0.92,9,6,5,No,green,Yes,1,10,437.3705,0
292,697301,1515,3,2,648,28,5.9,7,4.9,92.7,1.14,2,7,5,No,blue,Yes,1,63,1505.1705,1
293,723083,1464,2,3,200,12,9.3,15,10.7,94.2,1.81,9,5,7,No,blue,Yes,1,34,377.5205,1
298,868054,2004,2,4,453,7.8,7.6,29,2,89,1.27,4,10,5,No,red,Yes,2,4,1498.5205,0
303,1034527,2338,2,5,1005,10,8.7,37,8.1,99,1.76,10,4,1,No,yellow,Yes,2,25,1507.0705,0
305,635841,1787,6,5,974,15.4,8.3,57,21.8,95.8,1.44,2,7,6,No,green,Yes,2,12,472.5205,1
308,836551,1463,5,2,643,20.6,8.6,14,10.5,89.4,1.56,7,3,7,No,yellow,Yes,2,0,869.6205,0
318,667540,1615,5,2,216,40.4,5.8,11,3.7,99,1.52,6,1,4,No,blue,Yes,2,-2,1368.3705,1
330,923056,2243,3,6,997,9.2,8.7,61,0.5,97.6,0.82,10,4,10,No,green,Yes,1,57,304.3705,1
334,767153,1420,1,7,802,7,8.7,33,1.7,94.8,1.48,9,7,2,No,red,Yes,1,48,26.0205,1
337,652153,1348,3,4,959,39.6,5.6,14,13,97.5,1.94,4,3,7,No,white,Yes,1,16,323.3705,1
342,833562,1960,2,2,713,15.6,7.3,4,12.6,91.1,0.58,1,3,10,No,white,Yes,2,46,722.3705,0
347,621220,1084,6,3,495,17.6,8.4,15,8.7,99,1.19,3,9,1,No,yellow,Yes,3,19,1110.9205,0
348,582771,1100,2,6,647,66.6,8.6,30,18.8,96.2,1.58,1,9,8,No,green,Yes,2,24,1051.0705,0
355,616808,1788,4,6,200,42,7.1,28,18.6,91.4,1.32,6,4,4,No,blue,Yes,1,10,964.6205,0
356,592201,1267,6,5,612,49.3,6.2,30,4.7,94.6,1.44,8,7,6,No,blue,Yes,2,23,1431.0705,1
357,808386,1788,6,2,857,41.2,5.9,5,0.6,94.3,1.84,9,9,10,No,blue,Yes,2,-3,753.7205,0
358,737935,1627,4,6,831,20.5,9,1,16.9,94.1,1.42,5,4,5,No,white,Yes,2,37,177.0705,0
364,828239,2072,4,2,774,31.5,8.5,1,0.9,87.8,1.23,7,6,4,No,green,Yes,2,43,87.7705,1
367,830397,1947,4,4,568,36.8,8.9,7,10.9,91.7,1.52,5,5,10,No,yellow,Yes,2,46,1157.4705,0
370,732457,1373,1,6,610,40.4,8,7,1.7,93.2,1.62,7,8,2,No,yellow,Yes,3,7,940.8705,1
374,863259,2518,4,4,997,22.3,7.5,11,0.5,90.7,1.37,6,1,1,No,red,Yes,3,12,1020.6705,0
375,1134400,3824,3,2,1055,14.9,9,23,6.6,95.1,1.69,8,5,8,No,yellow,Yes,3,60,1545.0705,0
379,1295966,3874,4,7,1216,34.1,7.5,11,1.7,94.4,1.86,1,8,6,No,green,Yes,2,55,1080.5205,0
382,599907,1459,3,3,200,3.1,6.6,5,6.2,96.1,1.25,7,6,4,No,white,Yes,3,55,853.4705,0
384,585765,1497,1,5,200,38.9,6.9,2,3.2,86.6,1.35,4,7,2,No,yellow,Yes,3,47,637.8205,0
386,760186,1897,3,4,792,9.2,5.9,6,2.2,85.7,1.19,7,9,1,No,red,Yes,1,37,1524.1705,1
388,931801,3471,3,3,1826,58.6,6.8,41,7,92.5,1.66,10,9,4,No,red,Yes,2,22,1049.1705,0
390,678281,1471,4,4,798,37.9,9.1,25,5,86.8,1.61,4,5,4,No,white,Yes,2,58,1348.4205,0
392,920723,2138,3,3,1278,14.5,7.9,17,4.3,89.7,1.14,7,4,2,No,red,Yes,3,46,1090.0205,0
394,1014240,3417,1,2,1185,7,9.6,77,2.4,87.9,1.44,3,3,4,No,yellow,Yes,3,-4,1254.3705,1
397,657858,988,1,1,569,17.6,6,17,20.3,95.4,1.6,9,9,10,No,blue,Yes,2,9,658.7205,0
398,931400,2891,2,2,846,18,8.2,4,5.3,94.7,1.37,8,6,8,No,white,Yes,2,30,1318.9705,1
399,746005,1729,1,1,419,2,5.6,60,8.2,96.3,1.8,4,2,10,No,yellow,Yes,2,38,8.9205,1
406,688078,2238,4,6,1415,21.4,5.3,14,27.7,91.5,1.89,8,4,5,No,blue,Yes,2,34,763.2205,0
411,1047301,2309,6,3,796,15.2,7.1,12,5.2,99,1.4,2,8,6,No,red,Yes,2,3,1162.2205,0
412,683272,1214,1,7,200,10.8,8.6,57,8.3,98.1,1.48,3,5,1,No,white,Yes,1,46,995.0205,1
414,1026624,2815,5,2,844,11.4,10,53,10.1,97.5,0.68,9,4,6,No,white,Yes,3,60,1119.4705,1
418,831927,1874,6,6,790,9.4,8.2,29,21.1,94.4,1.98,1,3,5,No,white,Yes,1,58,1274.3205,0
426,1023344,2906,2,7,1025,9,8.2,99,9.4,92.3,1.21,5,9,6,No,green,Yes,1,9,671.0705,1
431,526374,1190,2,4,718,26.2,8.2,53,8,93.2,1.91,8,7,3,No,yellow,Yes,1,11,143.8205,1
441,646288,2059,5,6,200,40.9,8.3,86,6.3,89.3,1.34,5,3,10,No,green,Yes,1,-3,822.1205,1
445,606491,1140,5,5,901,15.1,8.1,32,18.5,88.4,1.45,7,2,1,No,red,Yes,2,37,830.6705,0
454,790844,2147,3,5,832,12.4,6.1,18,6.6,95.5,1.38,9,9,1,No,white,Yes,3,52,129.5705,0
457,777216,1734,3,4,880,50,9.2,47,0.8,96.1,0.86,3,2,1,No,white,Yes,2,60,1027.3205,1
462,732309,1822,1,3,623,37.2,8.4,8,40,96.1,1.15,4,2,1,No,blue,Yes,1,49,526.6705,0
471,756663,1635,2,2,717,45.1,9.8,34,0.5,96.6,0.96,2,4,7,No,white,Yes,1,60,469.6705,0
474,840137,2904,3,2,839,15.1,7.1,7,40,82.9,1.27,9,3,9,No,green,Yes,2,46,1486.1705,0
475,970586,3201,5,2,376,31.7,6.7,8,1.6,97.5,1.39,6,7,7,No,green,Yes,1,53,333.8205,0
478,819376,2007,2,4,1259,27.6,8.1,8,6.2,93.6,2.12,7,8,1,No,white,Yes,2,1,179.9205,0
488,710175,1233,1,7,850,36.3,7.4,8,0.6,85.1,1.27,7,7,10,No,red,Yes,2,31,865.8205,0
489,1003040,3249,2,2,969,24.7,8.4,18,1,93.2,1.07,10,5,2,No,blue,Yes,3,33,412.6705,0
491,776173,1795,5,6,702,21.1,8,18,5.3,92.8,1.09,1,6,3,No,green,Yes,2,24,1273.3705,1
492,801947,3022,6,4,1042,23,7.9,56,2.2,89.3,1.56,5,8,4,No,white,Yes,2,42,1470.9705,0
493,649972,1849,3,3,496,35,8.7,27,11.7,90.5,1.77,1,8,9,No,yellow,Yes,2,3,68.7705,0
495,1073425,3068,5,5,750,3.6,7.9,35,10.4,95.6,1.84,4,7,3,No,blue,Yes,3,-1,153.3205,0
498,776072,1684,5,6,844,30.3,7.4,46,2.6,94.4,0.94,6,2,9,No,white,Yes,3,59,1057.7205,1
10,557310,1346,5,3,761,57.5,8.2,21,12.8,95.9,1.17,6,4,8,No,red,Yes,3,35,1224.9205,1
13,795397,1656,4,2,922,22.7,8.3,6,1.3,92.8,1.6,8,10,6,No,white,Yes,2,29,1509.9205,0
15,709703,1471,2,6,587,42.6,6.8,20,19.2,94.8,1.54,8,7,1,No,white,Yes,2,35,969.3705,0
28,664994,1831,3,6,795,26.9,6.9,48,17.8,96.9,0.92,2,10,6,No,green,Yes,2,42,1383.5705,1
29,970823,1971,5,4,751,57,6.6,0,0.5,91.8,1.62,2,2,5,No,white,Yes,3,20,677.7205,0
34,601988,1178,6,2,203,15.2,7.9,54,5.5,92.9,1.05,9,6,10,No,yellow,Yes,3,47,71.6205,0
37,645983,1332,5,6,200,39.5,9.9,73,4.3,90.4,1.47,1,6,8,No,blue,Yes,2,24,1243.9205,1
42,595193,1212,3,4,223,28.5,6.5,5,8.4,85.7,1.54,2,2,10,No,yellow,Yes,3,17,1407.3205,1
43,806772,2167,4,5,1033,38.9,9.6,53,28.3,90.5,1.53,6,9,9,No,red,Yes,3,4,986.4705,0
49,848199,2050,4,3,498,25.4,9.3,1,5.8,90.9,1.96,4,6,10,No,blue,Yes,3,-5,899.0705,0
52,761236,1705,4,3,622,35.6,9.2,7,1.6,91.4,1.15,9,4,2,No,blue,Yes,2,15,1061.5205,1
54,612665,1968,4,4,610,1.7,9.1,63,23.6,89.8,1.1,7,8,3,No,yellow,Yes,2,27,236.9205,1
55,834131,2026,2,2,558,22.1,5.1,10,0.5,94.2,1.38,5,10,9,No,green,Yes,1,5,1216.3705,1
57,791044,1518,6,3,200,12.1,9.2,3,10.4,89.1,1.24,10,10,10,No,blue,Yes,2,49,256.8705,0
59,832774,2066,6,1,522,46.1,9.2,16,9.6,96.3,1.05,8,4,1,No,white,Yes,3,23,678.6705,0
60,755486,1553,2,6,426,5.9,8.6,7,13.6,88,1.28,1,2,10,No,white,Yes,1,47,441.1705,1
62,1052628,3722,5,4,1021,61.7,9.2,7,11.8,99,1.06,7,7,7,No,green,Yes,1,-6,596.0205,0
64,717391,1606,5,3,1049,73,7.1,10,2.3,92.1,1.74,7,6,8,No,yellow,Yes,3,10,236.9205,1
68,597086,1265,5,1,624,19.2,6.5,19,0.5,91.9,1.07,3,5,2,No,green,Yes,2,19,557.0705,0
73,788839,2018,2,5,535,54.8,9.1,21,4.8,92.8,1.75,2,4,9,No,red,Yes,2,25,1442.4705,0
81,947239,2026,1,7,1222,14.6,9.1,23,4.7,98.4,1.18,10,3,8,No,white,Yes,2,40,1250.5705,0
88,794962,1337,2,5,671,7.4,9.5,20,2.6,87.4,0.81,8,1,1,No,red,Yes,2,54,937.0705,0
93,815934,2129,2,7,1183,7.1,7.2,6,11.4,92.6,1.82,5,1,3,No,blue,Yes,1,11,993.1205,0
94,785281,2023,1,2,1106,16.6,7.6,100,13.7,87,0.93,4,2,1,No,blue,Yes,3,56,831.6205,1
95,788951,2588,6,4,942,38,5.5,13,20.5,95.8,1.06,7,7,2,No,white,Yes,1,60,242.6205,0
96,772433,1506,3,6,369,28,9.3,15,4.5,95.9,0.81,9,1,3,No,blue,Yes,2,-4,83.0205,0
97,744780,1638,2,4,233,12.1,9,6,33.4,91.4,1.35,7,2,8,No,yellow,Yes,2,53,125.7705,0
101,794721,2346,5,3,200,23.7,6.9,5,13.6,93.8,1.41,10,2,5,No,white,Yes,2,20,889.5705,1
109,509999,966,1,2,200,18,6.1,25,29.3,98.7,1.12,3,5,5,No,yellow,Yes,3,54,1168.8705,0
117,764414,1870,3,2,1010,37.1,8.8,38,1.5,93,0.97,1,9,6,No,green,Yes,3,61,920.9205,0
121,551329,1365,1,6,605,12.9,7.6,71,7.1,90.8,1.8,7,4,2,No,white,Yes,2,61,1531.7705,0
125,1050797,3144,3,1,671,52.7,9.8,11,21,96.8,1.02,3,10,4,No,red,Yes,2,19,1184.0705,0
129,765370,1835,1,4,340,8.3,9.1,18,7.1,90,1.47,5,8,8,No,red,Yes,2,55,1033.0205,1
135,642937,1263,5,4,418,32.1,6.5,43,2.1,99,0.8,10,8,4,No,green,Yes,1,39,1318.9705,0
136,630908,1009,3,6,200,31.4,7.3,25,19.9,91.6,1.65,2,2,3,No,green,Yes,3,-5,422.1705,0
146,760306,1636,3,1,470,16.2,6.5,14,25.4,93.6,1.31,10,9,8,No,white,Yes,1,59,163.7705,1
156,1064547,1838,6,2,1100,7,8.4,17,1.4,90.9,1.44,3,6,2,No,white,Yes,2,-5,1022.5705,0
164,327756,1488,3,3,600,21.9,5.9,100,15.4,93.6,1.08,4,6,3,No,yellow,Yes,2,6,1249.6205,0
166,658044,1868,2,5,1100,23.7,7.1,7,19.6,93.1,1.42,5,1,1,No,green,Yes,2,16,1317.0705,1
168,937794,3047,3,1,933,21.1,8.1,68,8.8,99,1.23,4,6,7,No,blue,Yes,2,41,1336.0705,0
171,850145,2784,4,3,1040,48.4,7.6,4,9.1,91.8,1.05,5,10,2,No,white,Yes,3,28,978.8705,0
172,652913,871,2,6,441,73.2,9.4,10,2.8,93.1,1.48,2,3,3,No,white,Yes,1,5,1146.0705,1
174,634066,1581,2,4,200,63.9,6.3,8,6.8,93.7,1.29,10,5,7,No,yellow,Yes,2,40,1145.1205,1
181,928613,2317,6,6,672,7.4,7.9,39,8.2,92.9,1.77,10,10,5,No,green,Yes,2,48,368.0205,1
182,775694,1212,5,1,200,17.9,9.7,42,5.8,88.9,0.8,8,10,6,No,yellow,Yes,3,12,977.9205,0
183,717018,1498,4,3,870,35.3,8.9,10,0.8,94.2,1.43,8,7,4,No,green,Yes,2,27,2.2705,1
185,444676,1174,2,2,200,52.9,9,10,11.2,93.2,1.57,6,3,5,No,yellow,Yes,2,55,1036.8205,1
188,877832,1579,2,4,200,6.7,9,14,0.7,97.2,1.15,6,7,9,No,red,Yes,3,8,603.6205,0
189,737229,2309,1,5,802,10.7,5.9,1,5.5,90.5,1.75,2,4,3,No,blue,Yes,2,55,1210.6705,0
191,650217,1586,5,4,725,39,9.7,7,18.2,89.6,1.34,6,4,3,No,blue,Yes,3,49,795.5205,0
198,519702,1162,4,2,622,81.5,9,30,7.4,88.6,1.91,10,7,6,No,green,Yes,1,19,1268.6205,1
202,1133909,2599,2,5,1066,4.9,9.6,12,3.4,93.2,1.5,2,3,8,No,yellow,Yes,1,38,1283.8205,0
204,796444,1099,4,5,387,63.4,8.4,3,2.8,88.6,0.91,9,9,2,No,yellow,Yes,1,7,1422.5205,0
205,689207,1044,5,3,555,43.7,8.7,12,2.6,89.3,1.35,1,10,5,No,blue,Yes,2,49,200.8205,1
206,867005,2225,5,2,496,24.6,9.8,14,16.3,94.6,1.24,8,7,1,No,white,Yes,1,16,1459.5705,0
208,926903,3327,5,7,1512,27.3,8.1,15,5.5,93.2,1.43,9,4,10,No,green,Yes,2,62,1221.1205,1
209,413593,869,2,3,200,22.3,8,32,24.4,86.3,1.55,6,2,5,No,yellow,Yes,2,34,1055.8205,1
216,895024,2648,2,6,904,35.6,7.5,2,0.9,91.1,2.2,3,7,4,No,yellow,Yes,2,1,1513.7205,1
222,618315,989,1,4,429,30,8.9,33,13.3,89.4,1.61,4,2,10,No,red,Yes,1,54,682.4705,0
223,611807,1123,5,1,429,5.1,7.5,11,13.9,87.8,2.06,5,4,1,No,yellow,Yes,2,61,67.8205,1
228,764224,2033,5,3,230,16.7,7.4,8,9.1,88.5,1.44,1,4,2,No,yellow,Yes,1,34,1493.7705,0
229,594700,1490,3,3,360,14.3,9.5,23,9.7,89.5,2.17,8,1,9,No,white,Yes,2,11,671.0705,0
231,883388,1928,5,3,228,34.2,8.2,21,4.8,96.7,0.72,6,1,4,No,blue,Yes,3,58,1369.3205,0
242,621417,1150,5,5,200,15.5,7.3,52,1.7,91.2,1.31,2,8,7,No,red,Yes,3,46,891.4705,0
244,752988,1817,3,6,702,55.4,8.5,45,4.8,90.3,2.08,3,4,10,No,blue,Yes,2,47,940.8705,0
251,816462,1303,3,4,286,11.9,8.9,10,5.1,94.3,1.73,5,8,1,No,green,Yes,1,-1,1314.2205,0
252,767876,1122,1,4,443,11.3,8.3,10,2.7,92.1,1.49,1,2,4,No,red,Yes,3,38,483.9205,0
255,742314,1291,4,4,292,36.3,8,26,4.9,89.3,0.82,8,9,9,No,yellow,Yes,2,16,591.2705,0
262,788181,1879,4,3,358,11.9,8,20,6,94,1.66,10,8,6,No,yellow,Yes,2,-5,938.9705,0
266,565807,1407,4,2,387,13.1,8.3,46,28.7,98.5,1.44,6,8,7,No,white,Yes,2,62,482.0205,1
268,1111550,3345,2,5,1193,23.4,8.7,48,15.5,97.2,1.96,5,3,10,No,red,Yes,3,45,877.2205,1
269,852359,1445,5,6,752,16.9,8.3,27,5.8,90.3,0.85,9,8,8,No,blue,Yes,2,6,922.8205,0
278,555792,1651,6,4,636,40.9,6.5,41,4.5,97.4,1.47,3,4,9,No,red,Yes,2,3,1204.0205,0
290,657736,1006,2,4,200,43.4,9.1,30,5.2,92.9,1.04,10,5,9,No,white,Yes,1,24,503.8705,1
291,736291,2092,5,5,1020,26.1,9.1,23,0.5,92.2,2.24,2,1,10,No,yellow,Yes,3,42,1485.2205,0
300,616334,1819,6,2,223,27.8,7.5,80,10.7,91.2,1.08,9,5,4,No,white,Yes,1,47,1113.7705,0
309,1061386,2794,1,7,253,22.6,9.1,1,1.3,99,1.76,2,1,3,No,red,Yes,1,21,1181.2205,1
310,635293,1316,3,4,389,23.4,9.4,5,29.4,92.1,1.25,3,4,10,No,yellow,Yes,1,29,1248.6705,1
314,652563,1928,2,5,1067,14.1,8.1,24,40,89.3,1.83,5,5,1,No,green,Yes,2,28,836.3705,1
316,608155,1070,5,4,446,19.8,8.4,65,6.4,96.5,0.96,10,1,10,No,yellow,Yes,1,7,1530.8205,1
317,776713,1976,3,7,732,21.8,8.3,4,9.5,91.5,1.51,6,9,8,No,yellow,Yes,3,53,1107.1205,1
322,917892,2948,1,5,1170,61.9,9.7,37,0.8,98.2,0.83,9,6,10,No,white,Yes,3,56,1056.7705,0
324,756194,1585,5,1,394,16.1,8.5,77,1.6,98.2,1.42,3,5,9,No,blue,Yes,2,12,218.8705,1
332,757215,1305,4,3,200,38,7.8,2,4.2,98.7,0.78,4,10,7,No,blue,Yes,2,13,1256.2705,1
343,686838,1215,4,5,234,22.3,9.7,39,5.7,87.3,2.03,6,2,4,No,green,Yes,3,46,305.3205,1
344,788636,2058,2,1,282,17.7,5.7,10,2.6,87.9,1.2,7,3,3,No,blue,Yes,2,41,166.6205,0
348,1451552,4251,1,4,1576,12.9,6.5,16,1.6,89,1.39,10,10,6,No,red,Yes,1,22,618.8205,0
350,795072,1495,2,7,763,18.8,7.9,26,17.5,97,0.9,5,10,9,No,white,Yes,1,-2,1204.9705,0
351,625476,1447,5,3,283,10.5,6.5,27,21.4,93.6,1.93,7,5,7,No,white,Yes,2,9,1070.0705,0
352,685602,1482,2,4,464,53.4,8.1,10,7.1,91.3,1.16,3,8,8,No,blue,Yes,2,0,140.9705,1
356,882466,1474,1,2,723,0.9,9.1,13,5.6,96.7,2.09,2,1,8,No,white,Yes,1,12,473.4705,1
365,673448,1453,6,6,549,12.4,6.9,30,40,93.5,1.34,3,1,6,No,yellow,Yes,1,-3,1404.4705,0
367,761824,1989,5,2,809,7.5,8.9,66,2.2,89.7,1.65,9,1,9,No,green,Yes,2,-2,353.7705,0
370,938966,3638,2,6,1164,29.4,7.2,24,3.9,90.1,1.75,8,3,10,No,green,Yes,3,31,1257.2205,1
374,687623,1394,3,6,975,47.9,7.4,13,3.2,88.4,0.6,7,5,10,No,red,Yes,2,58,1405.4205,0
377,699749,1502,1,4,1189,6.8,8.4,49,8.9,88.9,1.29,9,1,4,No,green,Yes,2,16,97.2705,0
378,815345,1947,4,3,205,16.6,9.5,10,2.2,87.8,2.17,7,4,1,No,white,Yes,2,57,816.4205,1
380,1097487,2728,5,5,1554,28.7,7.8,4,3.4,91.1,1.53,5,6,2,No,green,Yes,3,42,601.7205,0
385,746257,2285,4,3,990,33.4,6.8,22,14.5,96,1.85,8,4,7,No,yellow,Yes,1,38,699.5705,1
386,936600,3435,3,7,819,81.6,8.4,45,10.2,95,1.42,4,10,9,No,yellow,Yes,1,1,520.0205,1
395,1111468,2920,2,2,974,12.9,9.8,3,4.2,94.2,1.44,4,2,4,No,blue,Yes,2,47,780.3205,1
399,1113464,2746,3,5,1526,10.6,7.6,17,3.2,92.6,1.14,4,6,7,No,yellow,Yes,1,28,968.4205,1
401,761037,2048,2,5,1044,16.1,6.4,2,11.8,93.6,1.84,5,4,8,No,blue,Yes,2,46,534.2705,1
402,669960,1568,5,6,678,31.2,6.9,13,7.9,95.2,1.7,6,7,9,No,green,Yes,2,58,1335.1205,0
405,827049,1925,3,3,1013,43.8,7.9,27,2.9,94.5,1.66,1,4,3,No,blue,Yes,1,43,1183.1205,0
422,633581,1257,5,7,519,14.2,7.1,20,13.1,93,0.93,2,5,7,No,white,Yes,2,9,586.5205,0
426,690379,1056,2,2,200,27.7,8.3,5,11.6,99,1.55,6,3,10,No,yellow,Yes,1,41,939.9205,0
429,974079,3113,4,3,1330,6.9,5.3,16,11.9,88.3,0.89,9,1,6,No,white,Yes,1,62,1064.3705,1
433,757652,1084,2,7,609,22.4,9.7,4,4.5,93.1,1,5,7,5,No,yellow,Yes,1,61,1328.4705,0
434,564312,834,4,2,200,31.4,7.3,2,0.6,93.2,1.27,5,7,7,No,white,Yes,3,6,125.7705,1
439,832244,1960,3,2,244,47.9,9.3,13,3,86.5,0.99,2,3,10,No,red,Yes,2,44,266.3705,1
442,862624,2443,1,4,1486,25.3,8.4,38,4.4,89.6,1.73,10,1,7,No,yellow,Yes,1,8,1476.6705,0
443,886498,2260,4,5,1499,22.7,9.1,30,18.4,98.1,1.66,4,10,6,No,white,Yes,1,35,1467.1705,1
449,714722,1772,3,1,551,44.5,5.9,24,2.9,96.8,0.57,8,1,7,No,yellow,Yes,2,5,1464.3205,0
451,626091,1654,4,2,883,24.7,9.3,61,14.3,93.5,1.84,9,2,1,No,red,Yes,2,40,1384.5205,1
453,583195,1162,4,3,200,46.6,7,34,7.2,93.1,1.46,2,7,10,No,white,Yes,3,22,1101.4205,0
460,707046,2105,5,7,886,44.4,8.6,17,28.7,96.5,1.87,2,4,10,No,white,Yes,2,-5,1022.5705,0
461,806123,2254,2,4,414,33.8,7,34,1.6,87.5,1.24,9,8,7,No,yellow,Yes,2,20,973.1705,0
463,862152,1928,3,6,916,66.3,7.7,0,0.5,91.8,1.35,10,10,6,No,yellow,Yes,2,28,599.8205,1
464,1039547,2307,1,5,725,39.2,8.1,26,10.3,89.1,1.12,5,8,6,No,red,Yes,1,43,836.3705,0
465,714407,1744,1,3,1167,34.8,8.8,1,8.3,89.2,1.65,1,6,8,No,yellow,Yes,2,29,738.5205,1
479,800074,1034,5,5,200,8.5,9.3,35,3.3,87.5,1.81,1,8,6,No,red,Yes,2,10,772.7205,1
487,1188044,3046,6,1,936,8.5,7.2,14,1.4,91.6,2,10,6,10,No,red,Yes,3,18,1427.2705,0
488,811388,2447,3,7,235,15.1,8.9,1,17.2,94.8,1.83,6,2,4,No,red,Yes,2,8,649.2205,0
489,789390,1666,6,6,240,38.3,7,4,3.4,93,1.24,3,3,3,No,blue,Yes,3,51,1280.9705,1
490,584127,1817,2,4,366,51.4,7.4,2,1.1,89.6,1.57,7,8,4,No,yellow,Yes,2,20,204.6205,0
496,787855,1631,4,2,1026,30.9,8.6,13,2.9,98.4,1.96,1,2,6,No,green,Yes,2,19,1157.4705,0
497,1042495,3377,3,3,483,4.5,8.6,75,1.9,97.6,1.56,1,4,9,No,green,Yes,1,38,116.2705,0
498,819528,2253,2,6,542,20,8.1,37,3.9,90.7,1.33,10,7,2,No,red,Yes,3,7,817.3705,1
1,831211,2938,5,5,791,62.5,7.5,15,6.9,94.5,0.98,5,9,2,No,red,Yes,2,29,170.4205,0
4,482169,1435,2,3,541,24.2,6.5,70,21.4,93.8,1.53,5,2,7,No,red,Yes,2,41,536.1705,1
8,916349,2248,4,6,513,23.2,8.2,11,1.2,92,1.26,2,1,8,No,red,Yes,2,2,1364.5705,1
16,840015,1929,6,6,690,45.3,6.6,7,3.3,95.8,1.27,2,6,1,No,yellow,Yes,1,61,457.3205,0
19,829524,1609,2,4,313,8.4,9.1,48,6.3,96.5,1.4,8,9,10,No,blue,Yes,2,50,176.1205,1
22,806492,1473,4,6,727,40.7,9,2,10,88.1,0.93,9,1,7,No,red,Yes,3,7,985.5205,1
23,849794,1785,1,3,1101,10.9,9.6,33,10.6,94.9,0.98,8,5,10,No,green,Yes,2,26,1440.5705,1
24,1227186,3810,1,3,1356,45.2,7.3,31,0.5,95.9,1.08,7,8,7,No,yellow,Yes,2,24,698.6205,0
25,1127160,3295,3,4,1421,18.8,7,7,4,92.1,1.81,10,3,6,No,blue,Yes,2,38,605.5205,0
26,621589,2097,4,6,1251,36.2,7.8,33,17.7,89.6,1.17,7,4,1,No,white,Yes,3,30,1329.4205,0
33,1067193,2070,3,1,901,10.1,9,6,0.7,95.1,1.87,6,7,6,No,red,Yes,3,-3,956.0705,1
34,771461,2258,3,3,601,56.4,6.2,48,2.8,96.3,0.75,9,10,10,No,red,Yes,2,11,599.8205,1
49,934078,3018,3,4,1216,20.8,9.1,83,6.4,92.8,2.02,7,5,3,No,blue,Yes,2,39,771.7705,0
51,629820,1446,3,6,200,25.2,5.5,35,9.6,90.5,1.03,1,6,7,No,blue,Yes,2,16,358.5205,1
52,480128,2067,4,6,946,52,6.3,36,19,94.1,1.29,8,2,9,No,yellow,Yes,3,9,151.4205,1
59,830457,2177,3,4,929,20.2,9.1,21,7.5,89.3,2,2,9,3,No,white,Yes,3,24,994.0705,1
62,550070,700,1,4,328,38.7,8.1,26,4.9,93.6,1.59,8,9,6,No,green,Yes,3,56,1085.2705,0
63,920174,2691,4,5,1252,37.4,8,10,7.7,99,1.33,3,10,6,No,red,Yes,1,2,1437.7205,0
66,679394,1216,1,7,407,45.8,8.9,4,1.9,96.3,1.31,7,2,3,No,white,Yes,2,24,1207.8205,0
71,882668,1771,6,2,466,25.1,8.2,3,9,93.2,0.79,4,4,9,No,white,Yes,3,0,1500.4205,0
74,802966,1149,4,3,563,14.7,9.3,9,6.1,87.3,1.81,6,9,8,No,red,Yes,2,2,855.3705,1
86,1065813,2092,6,5,794,4.9,9.8,18,8.5,88.5,1.1,5,2,8,No,white,Yes,2,62,573.2205,0
87,856920,2582,6,7,565,46.8,6.2,59,1.7,93.9,0.73,5,10,4,No,blue,Yes,2,54,439.2705,1
89,658937,1644,4,5,845,62.5,8.1,20,2.4,98.6,1.15,9,5,7,No,yellow,Yes,3,35,1410.1705,1
91,786332,1755,5,7,461,3.1,7.9,21,3.4,93.8,1.51,7,5,8,No,yellow,Yes,3,49,919.0205,1
97,883982,1850,6,4,883,36.7,7.1,20,1.3,92.7,1.02,3,4,5,No,green,Yes,2,-1,33.6205,0
98,456742,894,3,7,420,34.8,5.7,11,19.6,95,1.37,9,1,2,No,red,Yes,2,31,1143.2205,1
99,889479,2481,5,4,728,28.8,8.4,32,4.5,91.6,1.25,10,8,5,No,white,Yes,1,58,207.4705,0
101,886350,2553,2,5,1386,35.2,7.2,21,2.1,89.5,1.65,7,3,8,No,red,Yes,1,8,944.6705,0
112,895638,1942,3,5,1332,21.7,6.1,2,0.6,95.8,1.37,5,10,10,No,green,Yes,3,49,1052.9705,1
117,1144684,4174,3,7,1617,68.8,7.9,60,17,92.1,1.52,4,3,7,No,blue,Yes,2,50,596.9705,1
120,775173,2600,6,6,517,43.4,8.5,22,11.8,90.3,1.27,5,2,5,No,blue,Yes,2,61,1238.2205,0
121,915996,2650,2,1,1804,25.9,8.9,25,2.4,89.4,1.03,1,6,3,No,red,Yes,2,0,59.2705,0
122,860023,2727,6,6,785,35.8,7.7,69,1.7,95.2,0.87,8,7,10,No,white,Yes,3,48,1079.5705,0
123,774830,2251,5,1,1033,39.6,8.3,86,3.8,90.3,1.31,10,9,1,No,blue,Yes,1,14,147.6205,1
124,700736,1207,6,6,200,37.8,8.2,10,4,92.8,1.73,8,5,8,No,blue,Yes,2,-1,1498.5205,1
128,625886,1382,3,4,200,58.8,8.6,48,6.1,90.9,1.67,6,10,4,No,yellow,Yes,1,26,158.0705,0
129,619321,1760,3,5,674,53.3,8.2,18,24.6,92.7,2.06,1,6,9,No,blue,Yes,3,45,190.3705,1
131,738523,2014,3,5,818,12,5.6,3,1.9,91,1.19,1,6,7,No,yellow,Yes,2,59,282.5205,1
134,914254,2110,3,5,643,28.6,8.2,34,1.6,92,0.94,6,7,7,No,blue,Yes,2,37,257.8205,1
149,990352,3145,4,5,494,22.3,6.4,30,1.7,98.1,0.73,7,4,7,No,white,Yes,2,28,1288.5705,0
156,1006999,2563,4,7,1267,8.5,7.6,18,0.5,88.1,1.12,10,2,2,No,green,Yes,2,47,1116.6205,1
157,656994,1415,6,6,200,14.5,5.6,8,1.3,87.7,1.25,9,5,6,No,blue,Yes,1,53,1063.4205,0
160,763367,1607,2,4,987,48.3,9.6,27,0.5,98.6,1.64,3,1,7,No,blue,Yes,2,9,134.3205,0
170,993481,2427,2,5,670,47.3,7.6,29,3.3,96.6,0.92,9,8,10,No,red,Yes,2,37,411.7205,0
177,521193,995,4,4,321,43.8,7.3,15,8,99,1.51,10,2,8,No,red,Yes,2,54,37.4205,0
179,741662,1274,2,5,974,22.2,8.1,3,1.5,91.7,1.65,3,3,10,No,white,Yes,1,20,1343.6705,0
181,704051,1917,5,2,200,6.1,6.7,21,11.1,89,1.15,1,6,6,No,green,Yes,3,17,78.2705,0
182,901528,2930,6,2,1104,40.9,8.4,27,1.4,96.4,1.28,10,3,10,No,blue,Yes,2,47,505.7705,0
183,921248,2482,4,2,1127,55.9,9.4,10,15,93.6,1.24,5,4,1,No,blue,Yes,2,45,407.9205,1
195,508534,1031,1,5,244,17.8,6.8,13,2.5,90.7,1.41,1,7,7,No,blue,Yes,2,61,21.2705,1
204,882672,2177,3,6,781,8.9,9.1,34,7.8,95.2,0.99,8,3,4,No,blue,Yes,1,-2,1293.3205,1
206,529229,1826,5,1,1058,34,9.1,100,7.5,89.3,1.35,6,4,1,No,red,Yes,2,52,1058.6705,1
211,785059,1165,2,6,299,5.9,9.2,38,0.5,89.2,1.61,1,7,1,No,yellow,Yes,2,37,586.5205,0
213,661132,1400,2,6,724,18.2,8.4,12,11.1,89.7,1.24,7,9,3,No,white,Yes,3,37,1475.7205,1
220,1200187,3814,5,5,1517,32.7,9.7,3,6.5,90.4,1.51,9,1,10,No,blue,Yes,1,33,461.1205,1
227,828259,1828,6,3,408,38.3,8.8,39,1.4,91.3,1.64,5,3,3,No,white,Yes,1,0,934.2205,0
230,1311629,3902,4,4,1079,32.4,7.1,16,0.5,92.9,1.84,7,4,6,No,green,Yes,2,40,1051.0705,1
235,638234,1359,6,4,200,24.1,7,14,0.8,98.1,1.3,10,5,6,No,white,Yes,3,23,1331.3205,1
237,1079051,3238,3,5,1540,24.7,7.7,8,1,95.2,1.29,8,9,4,No,blue,Yes,2,10,1470.9705,0
244,650140,1262,4,1,622,35.9,8.9,71,19.5,91.3,1.53,7,9,3,No,red,Yes,1,58,261.6205,1
248,636107,1375,5,6,702,35.3,6,23,4.1,88.6,1.93,1,4,6,No,green,Yes,2,37,130.5205,0
249,934323,1953,4,6,963,10.6,7.8,14,10,97.6,1.57,8,2,3,No,yellow,Yes,2,56,755.6205,0
255,942239,2766,2,2,985,28.4,8.3,13,1.5,88.4,1.01,9,10,6,No,yellow,Yes,2,18,1432.0205,1
256,575879,1179,6,3,200,28.2,8.2,3,7.2,90.6,1.74,2,7,2,No,blue,Yes,1,48,498.1705,0
259,890708,1406,3,1,340,33.8,7.7,10,6.9,93.2,1.19,2,9,1,No,white,Yes,2,27,538.0705,0
261,759867,2188,1,6,780,18.3,7.6,13,21.9,84.8,1.48,8,8,8,No,red,Yes,2,13,157.1205,1
262,779999,1849,3,6,960,30.1,8,3,3.3,90.1,1.85,10,2,4,No,red,Yes,2,44,934.2205,0
263,861648,2174,4,5,968,15.1,9.8,6,40,91.9,1.14,6,7,10,No,white,Yes,2,48,643.5205,1
264,576770,1304,5,4,402,29,8.1,18,30.8,91.4,1.11,8,1,5,No,white,Yes,2,38,1185.9705,0
268,819310,1312,3,5,416,17.5,9.3,27,0.7,93.9,1.29,8,6,9,No,green,Yes,2,14,398.4205,0
278,900178,2066,6,1,860,30.5,9.2,3,21.6,93.2,0.6,1,2,7,No,blue,Yes,1,16,1310.4205,1
282,890691,1706,3,7,575,1.7,9.7,25,5.9,97.6,1.47,7,7,8,No,red,Yes,2,11,1245.8205,1
290,590353,847,3,3,200,20.7,8.4,8,9.5,92,0.81,8,6,2,No,green,Yes,1,32,1289.5205,0
293,677656,1796,2,5,321,71.1,5,14,6.7,90.2,1.37,6,2,4,No,blue,Yes,2,12,550.4205,1
302,972030,2547,4,3,549,4.1,7.7,28,24.4,93.1,1.09,4,7,7,No,red,Yes,2,48,415.5205,0
303,641787,1693,1,6,1253,57.3,7.5,32,12.6,93.1,1.72,9,3,3,No,blue,Yes,2,36,373.7205,0
305,608438,2172,4,6,844,44.5,8.5,9,32,88.7,0.82,2,7,2,No,white,Yes,2,52,682.4705,1
308,789313,1794,3,6,763,25.1,7.7,0,7.6,93.2,1.38,2,6,8,No,red,Yes,2,20,560.8705,0
309,917290,2632,2,7,867,45.6,6.5,28,0.9,97.5,1.6,7,9,9,No,yellow,Yes,3,63,213.1705,1
311,811608,1784,1,3,659,22.3,9,0,0.6,97.4,1.37,6,1,2,No,blue,Yes,2,40,274.9205,1
312,880098,2396,6,4,656,45.3,7.9,17,6.3,92.7,1.18,2,9,5,No,red,Yes,3,39,340.4705,1
313,793279,2928,2,4,826,61.3,6.5,76,6.4,88.8,1.31,10,10,5,No,red,Yes,1,22,984.5705,1
314,806621,2188,2,5,1050,24.1,8.6,77,16.6,91.9,0.97,1,5,4,No,yellow,Yes,1,21,1549.8205,0
315,612973,1807,3,2,404,35.4,7.4,34,10.3,94.5,0.9,9,7,4,No,yellow,Yes,2,33,254.0205,0
316,669741,1137,4,5,718,17.2,8.1,45,2.3,92.2,1.62,5,5,2,No,white,Yes,1,1,358.5205,1
318,723855,1618,4,3,200,19.8,5.7,15,6.8,95.1,0.98,3,3,8,No,green,Yes,2,28,1157.4705,0
323,813148,1756,6,5,978,46.2,9.7,22,11.9,95.2,1.31,9,10,6,No,white,Yes,2,9,705.2705,0
327,655353,1296,6,4,502,25.9,9.7,80,5.4,91.8,1.58,5,2,7,No,green,Yes,2,46,349.0205,1
330,805459,2221,3,1,1150,20.3,7.3,15,9.2,96.8,1.48,9,3,9,No,red,Yes,3,23,241.6705,0
332,1098188,2758,4,1,779,22.4,9.2,12,0.5,92.8,2.1,10,9,4,No,yellow,Yes,1,59,393.6705,0
336,830352,1600,2,6,537,13.7,7.8,7,1.7,93.9,1.36,5,9,7,No,red,Yes,1,30,66.8705,1
345,797970,2510,5,6,1095,13.3,9.5,70,4.2,98.1,1.37,2,10,9,No,blue,Yes,3,51,558.0205,1
347,640315,736,5,4,568,34.7,9.4,46,3.9,93,1.02,10,4,3,No,white,Yes,2,1,526.6705,1
349,631373,1116,3,1,664,14.5,7.6,5,6,95.2,1.01,3,3,3,No,yellow,Yes,2,35,1260.0705,1
352,562386,958,2,4,200,27.6,7.8,9,10.1,94.1,1.19,1,6,7,No,blue,Yes,3,62,561.8205,0
353,681579,2176,6,3,715,9.9,8.5,49,6.9,93.7,1.46,6,8,5,No,green,Yes,3,59,57.3705,1
357,914647,1487,2,2,695,4.2,9.1,15,13.7,90.5,1.11,4,8,5,No,white,Yes,2,45,1473.8205,1
359,583192,1073,6,4,249,19.8,8.2,86,8.5,92.7,1.52,9,4,6,No,blue,Yes,3,39,785.0705,1
362,891766,2205,3,3,516,12.1,6.9,12,0.9,93,1.51,5,9,8,No,yellow,Yes,1,50,265.4205,0
367,740450,1783,3,5,269,30.7,9.5,5,19.2,95.2,0.99,1,5,10,No,green,Yes,2,-2,862.0205,0
369,521575,1541,4,4,200,16,7.5,33,35.2,99,1.42,9,3,5,No,white,Yes,2,52,1293.3205,1
371,757701,1694,3,1,322,31.7,9.1,25,1.4,94,1.21,3,8,8,No,white,Yes,3,16,553.2705,0
372,1183935,3277,2,7,1069,9.9,9.1,6,1.7,96.6,0.93,7,7,10,No,red,Yes,2,44,1231.5705,0
373,690794,1114,3,5,506,45.5,7.4,15,10.1,93.2,1.1,8,9,4,No,red,Yes,3,3,626.4205,0
376,651226,1673,4,3,787,32.5,7.1,2,1.3,98.1,1.41,1,3,10,No,yellow,Yes,3,39,997.8705,0
379,628107,1456,2,5,449,36.5,8,17,4.9,87,1.41,2,6,9,No,blue,Yes,3,17,820.2205,1
380,1140743,3411,4,4,1143,20.1,7.4,56,1.4,96.6,1.5,6,2,3,No,green,Yes,2,4,614.0705,0
383,1233321,3830,5,2,1018,4.7,8.3,18,0.6,96,1.27,2,4,3,No,yellow,Yes,1,23,231.2205,0
386,745087,1999,1,1,652,45.4,7,17,0.5,83.5,1.57,3,1,9,No,green,Yes,3,11,44.0705,0
388,1038156,3109,3,6,944,15,5.9,11,4.3,90.9,1.33,10,5,6,No,blue,Yes,1,22,291.0705,0
395,750064,1584,2,3,805,28,6.8,23,7.7,90,1.62,1,4,1,No,green,Yes,1,-2,1183.1205,0
404,862771,2315,4,4,815,15.5,9.4,89,7.9,97.9,1.5,4,6,6,No,blue,Yes,3,47,363.2705,0
405,868590,2551,6,2,745,53.2,8.9,32,16.6,94.3,0.88,4,8,1,No,green,Yes,1,56,487.7205,0
408,1118844,3044,4,4,803,6.1,8,5,1.9,93.2,1.52,2,3,4,No,red,Yes,1,43,1023.5205,1
410,759198,1649,2,1,645,37.5,7,50,6.1,95.2,1.62,8,4,8,No,blue,Yes,2,1,1521.3205,1
416,979745,2491,6,4,804,3.7,7.5,14,2.7,89.4,0.92,6,9,2,No,white,Yes,2,13,1099.5205,0
417,803989,1836,2,5,1088,33.5,4.9,5,3.9,97.6,1.43,6,10,6,No,red,Yes,1,39,418.3705,1
420,1020144,2150,5,2,756,20.1,9.1,36,1,98.1,1.27,2,9,5,No,red,Yes,2,26,1296.1705,0
422,920058,2620,1,6,1056,14.2,9,5,8.6,93.1,1.44,6,10,10,No,green,Yes,2,5,194.1705,0
426,630229,904,3,6,494,25.9,8.8,21,4.2,92,1.04,8,7,2,No,green,Yes,3,16,1309.4705,1
431,860762,2004,2,6,554,19.9,9.2,16,8.9,93.8,1.44,7,9,8,No,red,Yes,3,27,373.7205,1
436,834270,1987,3,2,758,15.4,8,7,8.4,91.5,1.69,4,5,2,No,green,Yes,3,10,0.3705,0
439,878951,2137,5,4,1314,44.3,6.9,22,2.2,89.8,1.28,3,9,2,No,yellow,Yes,1,9,725.2205,0
441,762759,2270,4,4,683,29.9,7.7,4,8,98.7,1.52,6,6,3,No,blue,Yes,1,10,767.0205,0
443,838959,1918,3,3,641,39.9,9.6,70,12.6,97,0.6,2,8,7,No,yellow,Yes,1,61,1475.7205,1
444,643634,1143,5,5,200,29.1,6.8,20,2.7,95,1.69,6,1,5,No,red,Yes,1,7,449.7205,1
448,987415,2210,4,3,406,5.4,9.2,6,4.9,94.5,1.19,9,7,3,No,blue,Yes,1,17,1461.4705,0
461,709590,1715,6,3,200,16.4,8.3,6,7.2,90.2,1.2,5,1,3,No,blue,Yes,3,5,723.3205,1
462,503590,1173,3,5,200,68,7,30,6.1,91.4,1.55,3,7,2,No,blue,Yes,3,53,436.4205,1
469,759145,1184,3,5,843,15,9.5,34,0.6,91.6,1.33,7,5,6,No,red,Yes,3,28,531.4205,0
480,831720,1544,1,1,678,31.4,9.3,0,2.1,93.4,1.36,7,3,2,No,white,Yes,2,0,574.1705,0
484,768981,1565,3,6,762,24.3,6.3,22,15.6,88.7,1.61,7,4,8,No,blue,Yes,3,56,667.2705,0
485,815338,1947,4,4,881,3.8,5.9,48,5,87.7,1.35,2,5,3,No,green,Yes,1,61,797.4205,0
487,599894,1096,6,3,299,38.8,6.8,6,11.2,90.3,1.25,2,3,1,No,yellow,Yes,3,18,638.7705,1
490,736889,2800,2,2,709,14.5,7.3,49,22.3,93.1,2.34,10,4,3,No,green,Yes,2,12,1502.3205,0
492,1187705,4407,4,5,1572,26.9,9.7,69,23.5,94.7,0.91,7,8,9,No,white,Yes,3,39,8.9205,1
1,899551,2364,5,2,1367,17.5,8,1,1.3,92.3,0.52,5,9,3,No,blue,Yes,3,17,273.9705,0
6,550566,1536,2,6,805,26.6,5.6,2,13.7,90,0.76,2,3,3,No,green,Yes,3,59,958.9205,1
9,626211,1857,4,3,822,22.2,5.2,7,40,99,1.78,9,4,3,No,blue,Yes,3,56,1435.8205,1
12,739537,1682,2,6,589,22.7,9.2,100,2.3,92.1,1,4,7,5,No,red,Yes,1,48,552.3205,1
18,899196,2245,2,4,1231,35.8,8.4,29,2.6,90.7,1.86,5,2,7,No,green,Yes,3,20,1356.0205,0
33,778847,2016,5,2,553,36.1,8,20,7.6,94.5,1.24,10,1,6,No,white,Yes,3,2,74.4705,0
36,691769,1030,4,6,200,3.5,7,56,6.1,92.5,1.75,10,1,10,No,red,Yes,3,-5,161.8705,0
37,886376,2154,4,6,1138,31.4,7.5,31,2.6,99,1.23,9,2,10,No,blue,Yes,3,53,117.2205,0
38,824768,1494,2,5,200,31.1,9.1,75,0.8,89.6,1.08,5,3,6,No,green,Yes,2,50,208.4205,1
42,1056620,3347,6,7,1236,23.4,7.2,28,4.1,84.3,0.84,9,3,2,No,blue,Yes,3,22,552.3205,0
47,758343,1269,4,2,568,49.1,8.4,2,1.6,94.3,1.61,6,2,2,No,green,Yes,2,15,406.0205,1
54,638166,1348,6,4,200,61.6,6.1,5,3.6,90,1.85,10,9,10,No,white,Yes,3,4,1416.8205,1
58,700537,1359,5,5,383,30.1,7.8,40,0.5,94.9,1.42,5,6,10,No,white,Yes,2,62,1385.4705,0
60,775564,1637,3,6,1050,27.2,6.2,1,4,93,0.84,8,2,6,No,white,Yes,2,48,1221.1205,1
66,669927,1631,1,1,200,26.1,8.4,7,6,87.4,1.25,3,6,5,No,green,Yes,3,26,1442.4705,0
70,755947,1496,4,5,1094,16.7,6.9,1,0.7,89.6,1.77,2,6,1,No,yellow,Yes,2,15,345.2205,0
74,559857,1120,2,5,536,39.8,7.3,24,16.7,99,1.77,5,10,5,No,green,Yes,1,60,588.4205,1
87,951675,1915,3,4,959,21.5,8.4,15,15.7,90.3,2,8,9,9,No,white,Yes,2,50,369.9205,0
90,740243,1855,6,6,520,25.6,8.6,14,16,87.2,1.54,3,6,1,No,yellow,Yes,2,23,447.8205,1
93,1009027,2097,3,2,706,5,9.4,8,7.3,91.9,1.39,6,9,10,No,red,Yes,1,23,1393.0705,1
94,935565,2470,6,4,1157,15.4,9,21,0.5,98.2,1.91,5,1,1,No,red,Yes,2,54,942.7705,1
99,732183,1813,1,2,735,34.2,7.5,54,2,86.2,1.03,1,7,8,No,yellow,Yes,2,32,202.7205,0
101,634004,1688,5,3,1007,39.3,6,23,8.1,94.3,1.41,7,8,2,No,blue,Yes,2,30,539.9705,1
106,615265,1289,3,7,200,34,7.3,3,16,92.2,1.51,4,1,4,No,green,Yes,1,-1,1391.1705,0
112,632685,1042,4,4,757,51.4,9.3,14,7,96.1,1.44,9,2,4,No,blue,Yes,2,48,1297.1205,1
116,1151548,4500,4,4,1678,16.6,5,4,2.2,90.5,1.49,6,2,1,No,green,Yes,2,11,1352.2205,1
117,849402,1998,1,6,830,16.6,9,2,5.4,92.5,2.12,2,2,10,No,red,Yes,2,36,634.0205,1
118,716526,1384,3,6,392,27.8,8.1,13,1.9,96.6,1.81,5,6,6,No,white,Yes,2,4,554.2205,1
123,747952,2483,1,6,1029,27.8,7.3,40,13.1,97.5,2.31,3,5,6,No,red,Yes,3,59,458.2705,1
132,777692,1339,5,6,506,12.2,9,1,26.9,90.2,1.44,5,4,6,No,red,Yes,3,54,1435.8205,1
140,571892,1239,2,4,424,33.7,8.7,26,8,96.6,1.86,7,5,10,No,blue,Yes,2,26,624.5205,0
143,782505,1751,5,2,987,40.5,7.8,29,3.6,93.9,1.35,4,7,5,No,blue,Yes,1,7,960.8205,0
146,809745,2091,2,6,811,9.2,8.7,60,9.1,86.6,1.7,8,8,5,No,white,Yes,3,36,1162.2205,1
148,912006,2542,5,3,1007,44.5,8,18,12.7,90,0.91,6,6,6,No,red,Yes,2,26,1105.2205,1
154,580831,1591,5,6,200,63.1,7.3,12,11.8,99,1.29,7,8,5,No,green,Yes,1,26,239.7705,1
155,859753,2026,3,5,411,5.3,7.6,5,8.3,88,1.07,3,8,2,No,green,Yes,2,19,1021.6205,0
156,870992,1623,1,3,1077,6.8,6.8,1,2.8,92.2,1.98,6,6,10,No,blue,Yes,3,50,1525.1205,0
159,626966,1266,1,2,679,37.9,7.3,15,1.7,94.3,1.27,2,4,3,No,white,Yes,2,59,1410.1705,0
166,799222,1786,3,7,622,10.9,8.7,68,9.7,99,1.74,4,4,1,No,white,Yes,2,60,613.1205,0
168,621395,1508,2,6,848,63,8.2,63,1.8,93,1.38,9,6,1,No,yellow,Yes,3,55,6.0705,0
171,763137,1656,6,5,852,38.6,9.3,1,32.7,94.7,1.54,3,7,5,No,white,Yes,2,-2,64.9705,0
172,718565,1583,4,4,533,36.9,5.8,46,2,95.3,1.42,5,4,4,No,blue,Yes,2,2,1254.3705,0
182,737935,1785,5,7,658,16.4,5.5,12,0.5,89.3,1.73,5,7,10,No,yellow,Yes,2,34,1419.6705,0
183,682037,1312,1,3,396,51.3,9.1,24,5.6,94.8,1.93,4,9,10,No,green,Yes,2,36,881.9705,0
185,565376,1191,5,1,200,5.4,4.8,18,4,88.9,1.68,3,8,6,No,yellow,Yes,2,47,649.2205,0
189,807240,1988,4,6,1120,5,7.8,5,2.9,92.9,1.57,4,8,2,No,white,Yes,2,37,823.0705,1
199,815548,2155,5,5,937,22.8,8.4,10,5.6,92.7,1.44,4,6,7,No,yellow,Yes,2,14,1145.1205,0
200,689512,1917,2,6,200,28.4,8.8,50,11,94.3,1.2,5,8,6,No,green,Yes,2,-4,724.2705,0
203,831550,2248,2,5,639,32.3,8.5,0,6.8,88,1.17,6,1,8,No,white,Yes,2,57,1022.5705,0
204,785163,2654,5,5,1374,21.8,7,64,5.4,91.5,1.63,9,5,8,No,yellow,Yes,3,8,79.2205,0
209,758457,1718,3,5,537,9.8,8.6,35,4.9,90.6,1.44,1,8,1,No,blue,Yes,3,30,261.6205,1
219,875277,2307,3,4,1330,55.7,7.7,36,1.6,88.3,2.03,6,10,10,No,green,Yes,2,18,101.0705,0
227,492040,1492,6,2,370,41.9,8.7,100,1.3,94.5,1.07,4,9,4,No,yellow,Yes,2,28,600.7705,1
230,1047381,3425,5,4,811,36.1,6.1,62,1.7,95,1.09,9,9,1,No,yellow,Yes,2,34,976.0205,1
231,797553,1665,2,6,200,16.5,8.9,15,22.2,93.9,1.77,4,10,3,No,blue,Yes,2,24,399.3705,1
232,797172,1593,4,6,675,38.7,7.3,16,0.5,99,1.92,3,8,1,No,green,Yes,2,46,1511.8205,0
234,781963,1619,1,4,378,21.7,6.5,0,20.9,98.5,1.34,1,3,5,No,white,Yes,3,16,919.0205,0
237,478908,1245,2,1,964,47.6,6.1,18,2.9,93.1,1.59,3,1,7,No,blue,Yes,3,2,939.9205,0
239,968166,2510,5,7,734,40.4,7.7,6,1.6,96.2,2,6,9,4,No,yellow,Yes,3,20,335.7205,0
241,590003,1735,2,6,947,19.5,8.8,100,14.5,90.7,1.5,3,1,2,No,yellow,Yes,3,24,466.8205,1
244,936199,2703,6,6,809,12.5,9.2,99,1.4,88.2,1.73,5,8,1,No,red,Yes,3,10,133.3705,0
246,757166,1957,2,6,659,38.5,7.7,3,7.2,91.2,1.81,5,3,3,No,yellow,Yes,1,53,87.7705,1
253,761398,1432,3,3,200,46.7,8.4,10,2.4,93.8,2.14,9,8,3,No,green,Yes,1,27,995.9705,1
259,961722,3165,1,7,1251,36.9,7.6,45,37,84.8,1.32,10,6,10,No,white,Yes,3,30,1300.9205,1
260,941371,2852,1,7,682,27.5,7.1,26,4.4,91.9,2.23,9,9,3,No,red,Yes,1,12,83.0205,0
261,1030509,3196,2,4,1446,18.4,8.8,40,0.8,93.1,0.75,5,6,1,No,red,Yes,2,-2,319.5705,1
262,868450,2334,6,5,969,30.6,5.6,15,1,99,1.59,10,5,8,No,red,Yes,2,17,1368.3705,1
263,727827,1848,3,6,535,68.4,8.3,65,7,95.4,1.7,4,10,9,No,red,Yes,1,46,436.4205,0
273,844823,1448,4,6,814,5.9,8.2,27,0.5,97.5,1.71,8,3,5,No,white,Yes,2,20,1033.9705,1
274,787426,1927,4,4,1146,12.7,6.9,43,4.6,95,1.83,4,9,4,No,red,Yes,2,59,1091.9205,0
276,550456,1134,2,1,473,59.2,9.3,55,7.5,88.3,1.1,1,4,8,No,white,Yes,1,56,162.8205,1
277,748131,1453,2,5,200,31.4,8.8,55,2.6,96.3,0.95,3,10,3,No,blue,Yes,2,39,165.6705,0
281,533525,1100,3,5,200,41.3,7,67,11.9,86.9,1.39,4,3,1,No,white,Yes,1,54,1154.6205,0
282,720220,1748,2,6,200,19.9,7.2,5,10.7,89.8,1.33,2,6,7,No,white,Yes,2,21,736.6205,0
283,631045,1063,2,7,200,10.2,8.2,45,3.3,88.9,1.45,10,5,4,No,red,Yes,2,53,911.4205,1
284,750730,2349,5,2,1105,23.4,6.5,7,40,95.5,1.69,10,4,4,No,yellow,Yes,3,0,249.2705,0
289,772607,2013,4,4,200,15.4,8.4,82,4.8,93.3,2.08,6,2,10,No,yellow,Yes,2,16,1523.2205,0
297,838183,1610,3,3,200,56.9,7.9,5,9.2,96.7,1.32,4,3,4,No,green,Yes,2,25,1499.4705,0
298,684804,1362,1,5,308,63.5,9.3,62,1.2,91.2,0.96,1,8,6,No,yellow,Yes,3,32,1470.0205,0
301,1072952,3502,3,5,1027,33.7,6.3,17,13.3,91.8,1.03,1,1,2,No,red,Yes,3,-5,1416.8205,1
317,483996,848,3,5,330,16.7,7.8,54,3.9,91.5,1.16,10,4,5,No,green,Yes,2,38,1339.8705,0
319,590997,1672,3,1,584,24,5.9,62,3.9,93.4,1.78,2,3,4,No,green,Yes,3,27,1393.0705,0
321,744314,1719,4,4,255,47.6,9,6,6.3,89.2,1.46,3,8,7,No,red,Yes,3,-3,743.2705,0
328,1169315,2949,3,6,1130,42.9,6.8,5,0.5,88.1,1.4,8,6,2,No,green,Yes,1,48,669.1705,1
331,778582,2306,3,6,1310,32.4,7.5,3,25.6,93.1,1.36,7,5,1,No,blue,Yes,3,41,614.0705,0
336,810082,2043,1,2,633,31.9,8.7,14,1.1,96.2,1.73,7,7,3,No,white,Yes,1,39,421.2205,0
337,759761,1206,6,6,200,27.3,8,9,14.6,91,1.82,1,6,4,No,green,Yes,2,14,1208.7705,1
340,651894,1674,4,3,378,21.2,7.3,8,5.9,91,0.83,9,7,7,No,blue,Yes,2,4,352.8205,0
345,940698,1904,6,2,533,21.5,9.3,37,1.1,86,1.45,10,6,8,No,blue,Yes,3,31,275.8705,0
350,846243,2090,3,2,511,38.5,6.2,5,11.5,93.7,1.73,7,10,6,No,red,Yes,2,56,955.1205,0
351,764137,1436,5,2,200,28.7,9.2,19,8.2,92.6,0.85,5,4,6,No,green,Yes,2,2,1094.7705,1
353,704440,1185,1,7,343,30.9,8.9,14,7.1,90.4,1.29,4,5,5,No,blue,Yes,2,8,520.9705,1
355,741939,2555,3,5,609,14.3,7.2,56,3.8,97.8,1.21,9,6,8,No,red,Yes,2,8,1382.6205,0
360,887095,1972,4,2,503,6.3,9.3,30,1.4,95,1.57,6,4,2,No,white,Yes,2,42,1402.5705,0
362,795756,2391,5,5,369,11.9,6.3,49,19.4,93.3,1.84,2,1,7,No,yellow,Yes,2,8,229.3205,1
364,623654,976,3,3,227,13.3,7.1,32,3.4,94.7,1.98,8,10,3,No,yellow,Yes,2,36,384.1705,1
367,881343,2584,4,1,967,17.2,8.3,17,10,95.7,1.47,4,6,7,No,green,Yes,2,43,629.2705,0
371,760016,1222,1,2,882,10.9,9.3,28,3.5,92.9,1.28,3,1,4,No,green,Yes,2,20,359.4705,1
372,716200,1670,5,6,683,18.2,7.2,4,31.5,93.4,1.82,6,5,2,No,white,Yes,3,18,934.2205,0
383,539563,1169,2,4,241,27.8,8.8,37,7.9,86.6,1.28,10,4,5,No,blue,Yes,2,38,1178.3705,1
384,741838,1463,5,2,597,47.2,7.1,0,7.3,90.1,1.38,8,1,1,No,green,Yes,3,61,1484.2705,0
385,757238,1783,3,3,927,15,9.1,32,8.8,89.6,0.97,6,6,3,No,white,Yes,3,52,43.1205,1
386,917867,1985,3,5,1073,22.3,8.7,6,1.8,92.8,1.58,4,10,7,No,yellow,Yes,2,35,75.4205,1
394,711468,1732,3,2,790,33.9,6,12,1.9,94.7,1.25,4,10,1,No,red,Yes,1,17,244.5205,0
396,682596,1581,6,5,647,56.9,7.9,33,5.1,93.1,1.12,7,8,6,No,yellow,Yes,3,52,795.5205,1
401,913151,2297,5,1,480,8.8,8.7,37,8.9,96.5,1.73,3,6,5,No,green,Yes,2,58,920.9205,0
402,638514,1602,3,7,374,38.2,9,61,15.9,90.6,1,10,7,5,No,red,Yes,3,-4,1122.3205,0
414,909827,2145,2,7,943,14.2,7.5,5,7.2,87.8,1.28,1,7,8,No,blue,Yes,1,14,998.8205,1
416,645150,1489,5,5,515,40.1,9.6,19,3.9,92.4,1.72,7,10,10,No,blue,Yes,3,45,895.2705,1
420,619054,1526,2,4,434,22,7.3,9,2.5,85.3,1.26,5,3,5,No,blue,Yes,2,13,395.5705,0
421,770951,900,4,3,884,7.9,8.6,5,5.2,84.6,0.84,5,4,10,No,white,Yes,2,26,520.0205,1
423,784660,1237,2,3,1025,36.8,8.9,49,3.5,91.1,1.35,9,8,4,No,blue,Yes,2,43,70.6705,1
435,1157299,4500,3,3,1662,17,8.4,71,16.3,92.9,1.42,8,7,5,No,yellow,Yes,1,50,166.6205,0
436,777047,1064,4,6,200,11.6,9.8,5,11.8,93.5,0.98,6,9,3,No,white,Yes,3,39,630.2205,1
437,795108,1967,4,6,929,41,8.7,15,9.7,92.9,1.73,4,10,4,No,blue,Yes,2,46,1273.3705,0
440,641820,1863,3,3,883,29,7.2,4,11.6,98.8,1.33,7,6,3,No,green,Yes,2,13,1267.6705,0
441,669552,2005,3,1,311,20.3,7,26,6.8,85.7,1.48,10,10,8,No,white,Yes,2,27,64.0205,0
451,703240,968,2,6,200,27.1,8.6,12,0.5,97,1.87,5,8,7,No,yellow,Yes,2,31,273.0205,1
454,635596,1432,5,7,612,5,8.2,32,18.5,92.2,2.4,10,6,1,No,red,Yes,2,12,1504.2205,0
456,939429,2912,2,1,966,55.7,7.1,54,6.4,96.2,0.95,4,5,9,No,blue,Yes,2,31,469.6705,1
457,721585,852,3,2,200,3.1,7.8,20,3.2,90.8,1,10,6,9,No,yellow,Yes,2,41,1067.2205,0
468,834983,1707,3,5,238,28.3,8.3,4,2.8,90.4,0.92,3,2,2,No,red,Yes,2,61,205.5705,1
483,644564,1445,2,3,364,36.1,8.6,100,10,95.9,2.18,6,2,3,No,red,Yes,3,31,625.4705,1
484,1058031,2434,3,3,1040,28.1,9.4,16,1.8,86.2,1.18,5,5,2,No,blue,Yes,2,59,60.2205,1
488,830038,2156,3,7,692,32.2,8.1,32,0.9,92.2,1.02,1,8,1,No,green,Yes,1,42,1260.0705,1
498,805565,1322,3,5,875,10.8,9.5,19,4.1,89.8,1.48,5,3,7,No,red,Yes,1,31,771.7705,1
500,825521,1387,5,4,386,75.3,8.2,1,6.5,87.5,1.32,9,9,7,No,yellow,Yes,2,-3,682.4705,0
8,738653,1352,1,3,215,48.5,9.3,23,11.7,90.7,1.09,3,5,4,No,red,Yes,1,54,1007.3705,0
10,955530,2499,6,3,847,17.1,8.5,2,2.3,95.9,1.1,3,7,4,No,blue,Yes,2,52,974.1205,1
15,1034780,2406,3,4,1172,13.6,8.3,19,1.1,88.2,1.02,5,9,3,No,blue,Yes,3,42,1444.3705,0
20,731690,1167,6,6,866,4.7,9,30,16.9,94.7,1.14,10,10,2,No,blue,Yes,1,42,562.7705,1
22,677926,1984,6,5,200,43.8,9.1,16,5,92.8,2.14,5,8,3,No,green,Yes,2,41,710.9705,1
29,939744,1937,1,3,806,10.6,9.4,9,3,93.3,1.16,4,1,4,No,yellow,Yes,1,19,1129.9205,0
32,744747,1280,4,3,649,17.2,7.9,14,2.2,94.3,1.45,5,10,8,No,white,Yes,2,1,735.6705,1
36,1454614,4500,2,3,1230,21.9,6.8,10,3.9,94.4,1.23,5,9,10,No,yellow,Yes,1,47,381.3205,1
40,517007,969,1,7,200,47.5,7.5,0,16.4,91.1,1.67,9,5,1,No,blue,Yes,2,63,622.6205,0
41,631959,1411,4,6,317,41.1,7.4,2,1.5,95.4,1.6,4,10,7,No,green,Yes,2,4,1125.1705,0
43,943543,1498,3,1,446,11.8,8.4,13,1,99,2.12,1,3,3,No,yellow,Yes,3,25,1066.2705,0
44,760255,1899,4,6,1041,54.9,9,16,1.4,91,1.29,9,3,7,No,red,Yes,2,25,1166.9705,1
45,747645,1350,3,2,471,20.3,9.3,8,6.1,92.4,1.35,7,6,9,No,green,Yes,1,62,538.0705,1
53,618616,1430,2,3,636,69,8,31,0.5,91.6,1.79,10,7,6,No,red,Yes,1,24,197.0205,1
57,592578,1524,1,1,240,35.2,5.2,3,5.4,94.2,1.89,6,7,7,No,white,Yes,1,54,1501.3705,1
58,729745,2444,2,4,619,32.4,8.8,22,3.8,92.9,1.78,4,6,5,No,green,Yes,1,6,1360.7705,0
66,657998,1468,5,7,399,30,7.7,21,17.4,96.4,1.72,7,1,5,No,blue,Yes,3,48,464.9205,1
68,908621,1717,6,2,760,36.5,9.3,9,9.1,90.4,1.31,10,2,4,No,red,Yes,2,20,380.3705,0
70,973484,2489,2,2,1014,55.6,5.9,3,2.4,92.5,1.28,10,2,1,No,blue,Yes,1,56,1299.0205,1
73,669172,1857,5,4,260,7,7.1,8,2.3,94.9,1.01,1,3,9,No,white,Yes,2,54,1238.2205,0
78,952925,2743,4,2,590,25.1,8,6,1.1,94.5,0.91,5,9,5,No,green,Yes,2,32,976.9705,0
81,870904,1800,3,7,941,36.2,9.1,65,5.6,94.8,1.43,8,3,5,No,yellow,Yes,1,-5,398.4205,0
83,676552,1086,4,2,569,52.7,9.5,16,6.8,95.4,1.98,5,1,1,No,green,Yes,3,27,181.8205,1
91,868210,2018,4,1,878,6.4,8.4,100,15.1,96.2,1.54,7,4,10,No,yellow,Yes,2,40,1393.0705,1
94,795886,1208,2,5,480,32.2,8.7,47,1.9,87.8,1.14,5,8,2,No,green,Yes,3,22,1136.5705,0
96,943065,1753,4,5,829,3.5,9.3,3,1.7,94.1,1.47,4,4,4,No,white,Yes,3,44,756.5705,0
107,615785,1313,2,5,642,7.3,6.3,3,5.6,99,1.65,1,6,4,No,yellow,Yes,2,56,1096.6705,1
111,747628,1488,3,6,223,60.4,8.8,77,3.3,94.7,1.06,9,5,2,No,white,Yes,1,35,1305.6705,0
113,730720,1826,4,5,651,31.2,8.6,4,18.8,90.7,1.23,1,5,4,No,green,Yes,1,-6,239.7705,0
117,736498,1662,6,2,736,32.1,8.4,34,0.5,85.7,1.28,4,10,4,No,green,Yes,1,23,1203.0705,1
119,513717,734,2,4,639,44.2,6.9,8,17.5,92.2,1.48,10,5,1,No,blue,Yes,2,1,1244.8705,1
125,702700,1814,2,7,1006,21.2,7.8,48,8.6,90.4,1.48,7,8,2,No,blue,Yes,2,30,604.5705,1
126,675351,2180,4,6,1078,20.7,4.7,1,4.7,81,1.16,3,10,5,No,blue,Yes,1,-6,1377.8705,0
131,905680,2099,5,5,200,35.7,9.4,26,0.9,96.5,1.47,10,2,4,No,green,Yes,1,19,1185.9705,1
134,986910,2214,5,7,1182,36,9.5,2,9.6,95.2,2.04,10,3,4,No,red,Yes,2,3,605.5205,0
149,793112,1736,3,2,200,59.5,6.8,18,0.5,99,1.42,10,3,2,No,yellow,Yes,2,34,381.3205,0
153,839330,1813,3,4,206,52.4,8.9,14,6.1,91,1.3,4,8,1,No,white,Yes,2,0,1307.5705,0
156,708934,1451,5,3,897,46.8,7,21,2.6,93.3,1.63,4,9,4,No,blue,Yes,2,22,1154.6205,0
159,939341,2819,6,5,1216,38,7.4,3,22.4,92.5,0.96,10,6,5,No,yellow,Yes,1,15,1208.7705,1
166,643799,1262,2,6,508,36.5,9.5,11,2.5,89.2,1.58,7,2,5,No,red,Yes,3,34,353.7705,1
167,424732,1355,2,6,200,64.5,8.1,10,6.6,84.7,1.62,5,4,3,No,blue,Yes,1,28,941.8205,1
170,699441,2119,6,4,702,40.4,5.1,80,19,91.9,1.37,9,3,2,No,green,Yes,3,24,1017.8205,1
173,780306,1609,1,3,200,21,7.5,30,2.2,96.8,1.51,9,6,3,No,blue,Yes,2,49,839.2205,0
180,683468,1804,4,4,694,33.9,6.8,11,3.7,96.2,0.86,8,1,10,No,red,Yes,2,13,943.7205,1
183,699973,1690,5,6,859,35.4,8.4,9,26.1,91.4,0.98,3,1,5,No,white,Yes,1,51,1051.0705,1
184,891046,2910,2,5,882,36.6,7.7,31,29.9,99,1.42,4,6,10,No,green,Yes,2,32,1391.1705,0
187,582306,1094,6,5,734,34.3,8.8,40,6.6,88.7,1.52,8,8,5,No,blue,Yes,2,38,1515.6205,1
191,672153,1029,5,3,304,9.9,9.3,4,7.7,87.2,1.7,5,1,9,No,yellow,Yes,1,54,354.7205,1
192,785231,2116,1,5,643,32.7,7.2,2,6.2,91.2,1.29,8,5,4,No,yellow,Yes,3,34,86.8205,0
196,737666,1428,6,1,797,45.6,8.4,26,1.9,97.3,1.16,1,1,5,No,yellow,Yes,3,32,939.9205,0
208,793990,2039,6,3,507,57.9,8,39,24.2,92.4,0.68,1,2,5,No,red,Yes,2,51,882.9205,1
218,720751,1759,3,3,571,50.2,7.9,100,11.2,97.8,1.59,3,3,7,No,yellow,Yes,2,40,1323.7205,0
219,1154046,3754,4,3,1539,39.3,8.4,6,0.5,94,1.29,1,6,9,No,yellow,Yes,2,18,698.6205,1
223,623011,2336,3,4,791,36.2,7.3,100,2.9,94.3,1.46,10,3,3,No,red,Yes,1,21,1433.9205,1
225,648541,1434,4,5,803,31.5,6,6,21.8,91.3,1.64,9,1,5,No,white,Yes,2,27,301.5205,0
229,626580,937,4,2,237,30.9,8.3,50,20.3,96.4,1.45,4,5,10,No,green,Yes,2,20,522.8705,1
233,696182,903,1,4,383,31.8,8.9,2,5.2,94.1,1.85,10,6,5,No,red,Yes,2,62,1505.1705,0
235,638502,1178,2,2,379,22.7,5.5,9,6.6,91.3,1.6,3,8,6,No,green,Yes,1,7,1244.8705,0
242,822328,2209,5,1,1171,7,6.2,4,16.8,95.5,1.33,9,10,6,No,red,Yes,3,47,1300.9205,0
245,1169814,3170,1,2,1564,20.3,8.6,18,7.3,93.1,0.56,2,2,6,No,red,Yes,3,47,859.1705,1
246,594148,1867,6,5,626,34.9,6,21,15.7,88.5,1.35,4,7,8,No,red,Yes,2,62,1294.2705,1
247,750311,1314,2,2,535,15.7,6.7,0,0.5,93.9,1.52,7,7,8,No,yellow,Yes,1,-5,869.6205,0
255,595704,1161,6,6,300,11.3,5.8,26,14.9,93.6,1.7,10,7,2,No,red,Yes,2,50,200.8205,1
257,944209,2455,1,6,200,39.3,8.5,13,6.2,88.8,1.29,5,8,9,No,blue,Yes,3,40,1090.0205,0
260,860230,1930,2,3,303,20.8,8,11,2.5,97.8,1.23,5,3,6,No,yellow,Yes,3,18,919.9705,1
263,1049932,2774,1,4,954,7.8,5.6,16,4.3,97.5,1.3,4,8,6,No,white,Yes,2,28,885.7705,0
265,995755,2284,2,5,910,30.7,7.5,40,4.1,96,1.63,9,9,8,No,red,Yes,2,-5,751.8205,0
267,624132,966,4,2,436,9.4,6.5,27,10.2,95.1,1.49,10,9,8,No,green,Yes,2,53,914.2705,1
271,643466,2033,1,4,1366,23.8,9.5,69,25.1,89.5,1.21,2,9,7,No,blue,Yes,2,1,873.4205,0
272,691846,1518,5,3,357,56.2,8.2,28,0.5,90.4,1.11,6,9,7,No,red,Yes,2,42,1258.1705,1
277,964447,2283,5,5,1460,39.3,9.5,39,7.8,96.4,1.66,4,8,1,No,red,Yes,2,56,1145.1205,1
281,529438,984,3,6,1092,38.2,7.9,20,5.1,93.9,1.47,7,5,4,No,red,Yes,2,-1,976.0205,1
284,695625,1277,6,6,326,22.4,8.5,2,5,95.5,1.05,8,10,4,No,blue,Yes,3,24,582.7205,0
286,932759,2116,4,7,485,24.2,6.8,15,5.3,88.3,1.53,4,2,7,No,blue,Yes,2,11,388.9205,0
287,809817,2368,4,3,646,52.7,9.1,46,3.9,94.5,1.44,7,4,1,No,yellow,Yes,3,3,768.9205,1
288,731489,1648,5,4,200,10.8,8.3,35,6,92.6,2.2,2,10,5,No,white,Yes,3,18,615.0205,1
289,598970,1460,2,3,236,76.5,9,15,9,96.5,1.7,2,1,9,No,green,Yes,3,8,873.4205,1
294,634971,1356,3,3,1117,52.8,8.1,8,29.9,93.3,1.12,2,8,3,No,green,Yes,2,48,656.8205,0
296,849725,2161,6,4,326,35.2,8.4,40,1.7,90.1,1.8,5,3,10,No,yellow,Yes,1,35,1492.8205,0
299,819177,2260,3,6,686,35.8,9.1,16,0.5,87.5,1.49,10,1,10,No,blue,Yes,2,21,1069.1205,0
309,876516,2170,2,6,588,23.3,9.2,28,5.2,92.2,1.78,10,8,4,No,red,Yes,3,52,122.9205,1
310,738540,2456,2,5,464,22.2,7.7,82,3.3,97.4,1.58,4,4,3,No,yellow,Yes,3,19,1032.0705,1
312,944233,3374,6,7,805,44.6,9.2,18,8.1,92.1,0.8,10,7,6,No,green,Yes,1,16,122.9205,0
314,854594,2143,6,5,292,13.6,8.2,61,0.5,90.9,0.92,6,2,5,No,yellow,Yes,2,33,997.8705,1
316,859729,2086,6,5,427,22,7.2,1,8,93,1.86,6,9,4,No,blue,Yes,2,62,1189.7705,0
318,664090,1450,6,4,650,8.2,7.4,47,0.9,91.2,0.96,1,2,7,No,white,Yes,2,46,1392.1205,1
321,962709,2099,3,3,868,6.2,9.2,1,3.1,90.7,1.4,10,4,4,No,blue,Yes,2,59,203.6705,1
323,757053,2113,2,6,789,12.3,8.5,13,23.3,92.8,1.37,2,1,1,No,white,Yes,2,62,410.7705,1
328,748267,1572,4,6,787,59.7,8.4,1,29.7,92.8,1.7,2,10,10,No,yellow,Yes,2,33,624.5205,0
339,767178,1804,4,7,1814,22.7,7.8,12,8.1,94.9,1.47,1,6,3,No,red,Yes,2,8,1269.5705,0
345,620446,847,2,2,336,33.6,7.8,21,1.5,89.5,1.22,10,1,6,No,blue,Yes,2,47,889.5705,1
348,883188,1331,3,4,936,7.7,8.7,9,2.2,88.7,1.46,7,7,8,No,yellow,Yes,2,31,276.8205,0
354,689091,1116,6,2,870,20.8,9.2,33,26.3,97,1.92,9,10,5,No,blue,Yes,2,61,997.8705,1
367,629038,1492,5,5,364,21.2,6.2,11,9.8,93.4,1.53,5,5,10,No,blue,Yes,2,13,172.3205,0
368,643701,990,1,4,948,13.5,8.3,0,0.5,96.5,1.24,9,10,4,No,red,Yes,3,19,828.7705,1
370,909948,2774,5,6,1410,34.8,7.7,59,1.5,98.1,1.67,4,2,1,No,yellow,Yes,2,31,1206.8705,0
380,758814,1972,2,2,710,28.1,9.6,54,10.8,93,1.5,7,8,2,No,green,Yes,1,13,247.3705,0
383,883269,2030,1,5,210,22.1,8.4,26,6.4,92,0.85,8,1,8,No,green,Yes,1,-1,935.1705,1
387,845410,1661,3,1,879,23,9.1,18,0.5,94.3,1.72,10,1,8,No,red,Yes,1,34,178.9705,0
388,640583,1303,6,4,721,26,7.4,53,1.9,97.4,1.47,6,2,1,No,white,Yes,2,-1,932.3205,0
391,563154,943,5,2,200,51.2,7.1,27,2.6,96.5,1.39,5,10,5,No,blue,Yes,2,11,991.2205,0
393,544445,1066,1,4,557,70.4,9.1,56,0.5,90.7,1.32,8,9,10,No,white,Yes,3,27,1016.8705,0
395,815053,1748,2,3,320,48.9,9.4,2,12.1,91.4,1.41,2,1,8,No,green,Yes,3,23,1418.7205,1
403,727691,1487,1,3,297,44.8,8.7,35,6.6,95.8,1.14,5,5,6,No,green,Yes,2,-6,28.8705,0
404,700908,1637,2,2,200,22.2,9.4,19,4.9,88.6,1.31,1,4,9,No,red,Yes,3,60,1529.8705,0
405,1021304,3233,1,2,1265,23.7,6.3,19,18.4,90.9,1.53,6,7,10,No,white,Yes,2,15,374.6705,1
407,564910,1142,5,3,200,26.7,8.5,71,10.8,98.2,1.26,1,1,5,No,white,Yes,2,51,1302.8205,1
409,976343,2391,2,2,727,28.7,9.1,25,7.7,94.3,0.8,6,6,8,No,green,Yes,1,10,446.8705,0
410,659931,1204,5,6,957,39,6.9,9,16.4,97.2,0.88,6,4,7,No,blue,Yes,1,6,754.6705,0
414,782775,1306,2,5,544,10.5,6.8,1,1.2,91.1,1.69,4,3,7,No,yellow,Yes,2,27,895.2705,1
423,724235,1661,2,1,500,71.1,8.2,6,0.6,94,1.74,3,4,6,No,yellow,Yes,2,59,1394.0205,1
428,626369,1761,2,2,410,24.7,8,7,9.8,92.2,1.75,4,2,5,No,green,Yes,2,52,1307.5705,0
434,687033,1693,6,6,573,23.9,6.5,51,11,92.3,1.11,5,9,6,No,white,Yes,1,49,1362.6705,1
435,731012,1948,4,1,200,28.7,8.9,9,2,96,1.44,2,3,10,No,yellow,Yes,2,62,340.4705,1
436,809249,1582,5,6,200,11.3,9,10,22.4,92.2,0.78,7,1,10,No,red,Yes,2,-4,782.2205,1
438,938522,2403,4,4,1288,13.7,9,54,4.7,93.4,1.5,8,8,1,No,white,Yes,2,11,714.7705,1
439,708431,1545,1,5,671,38,6.6,11,12.1,86.5,1.53,2,9,4,No,yellow,Yes,1,61,679.6205,0
445,899718,1509,1,4,200,17.3,9,17,3.8,83,1.04,3,10,9,No,yellow,Yes,2,59,704.3205,0
448,923539,1658,2,6,869,13.7,7.6,1,2.7,95.7,1.72,4,1,4,No,white,Yes,1,22,1549.8205,0
449,862322,1368,5,7,815,15.8,8.3,12,9.1,91.7,1.62,2,8,5,No,red,Yes,2,5,219.8205,0
460,766278,2123,4,3,609,66.5,7.5,2,6.5,93.9,1.11,4,7,10,No,yellow,Yes,3,48,1378.8205,0
463,817911,2131,5,1,544,28.2,9,37,5,98.5,1.1,2,10,10,No,green,Yes,3,17,121.0205,1
464,841742,1167,6,2,200,22.3,7.2,7,8.8,88.2,1.12,3,2,2,No,red,Yes,2,31,366.1205,1
466,760193,2456,2,6,810,41.7,8.7,25,13,97.9,0.68,2,10,6,No,red,Yes,2,12,1388.3205,0
467,734305,1378,6,2,368,53.4,9.1,3,10.7,92.5,1.37,3,4,6,No,white,Yes,1,21,935.1705,1
478,697519,2993,6,3,1085,49.9,4.4,22,34,95.1,1.82,10,8,5,No,blue,Yes,1,-3,81.1205,1
481,773839,1456,5,2,515,15.9,9.8,24,9.5,90,1.47,1,9,8,No,white,Yes,2,48,604.5705,1
482,972658,3286,2,6,1268,47.2,9,54,1.6,94,1.3,1,5,2,No,white,Yes,2,41,1122.3205,1
485,774252,1485,5,1,312,27.2,6.7,7,4,92.8,1.41,6,3,10,No,blue,Yes,3,10,254.0205,1
486,752154,2432,4,6,843,38,6.4,25,2.5,95.2,1.32,4,2,10,No,green,Yes,1,29,948.4705,1
493,615661,1515,6,2,610,33.9,8.6,18,1.7,96.1,1.32,5,7,8,No,white,Yes,2,62,1472.8705,0
494,1001644,2983,5,5,1498,16.9,9.4,39,3.2,90.3,0.86,3,9,8,No,green,Yes,3,-4,1180.2705,0
499,841885,2374,5,3,747,20.9,8.6,66,8.5,94.8,1.47,2,6,4,No,red,Yes,2,42,1065.3205,1
1,672148,2198,4,5,963,64.1,8.7,25,24.2,91.8,1.39,7,5,3,No,yellow,Yes,3,55,1105.2205,0
13,950966,2181,3,3,529,7.2,7.9,14,0.5,91.3,1.54,7,4,9,No,green,Yes,2,8,1443.4205,1
14,607005,1646,3,2,200,37.8,9.1,15,4.3,82.7,1.55,9,10,2,No,blue,Yes,2,54,945.6205,0
15,695189,1723,3,7,589,13.4,7,14,13.6,87.7,1.21,3,4,8,No,green,Yes,2,11,533.3205,1
16,854389,2019,5,5,1243,24.3,7.8,3,3.9,89.7,1.98,7,7,5,No,green,Yes,1,31,1261.9705,0
34,714509,1305,2,4,200,26.8,8.6,43,0.5,91.3,1.09,7,7,7,No,blue,Yes,3,19,57.3705,0
38,966182,2482,4,4,934,29.3,7.7,26,2.6,92,1.83,3,5,6,No,blue,Yes,2,22,657.7705,0
41,764331,1404,1,1,267,8.7,9.2,8,2.9,89.8,1.05,1,8,10,No,green,Yes,2,57,406.9705,0
43,669625,1668,3,7,680,42.1,7.2,58,5.1,89.7,1.35,1,5,4,No,green,Yes,2,5,1181.2205,1
45,1331664,4209,5,2,1538,2.8,9.7,34,3.8,95.7,0.91,4,9,2,No,white,Yes,1,29,1415.8705,1
71,767510,1824,2,5,986,20.5,7.4,5,11.5,92.9,1.6,4,10,10,No,green,Yes,3,4,140.0205,1
72,733356,1084,2,5,291,21.2,7.9,18,12.3,99,1.41,8,10,10,No,green,Yes,3,45,1144.1705,0
78,782938,2552,3,2,1057,52.8,5,35,13.1,94.5,1.39,10,6,9,No,yellow,Yes,3,43,1363.6205,1
81,810117,2050,1,2,672,2.6,9.8,100,3,97.8,1.14,1,8,2,No,green,Yes,2,62,421.2205,0
85,886405,2642,4,5,1119,28.1,6.3,29,0.8,90.9,1.45,6,7,8,No,white,Yes,2,0,1484.2705,0
86,762413,1446,2,2,885,10.7,8.9,9,9.4,91.2,1.52,3,5,3,No,green,Yes,1,25,1400.6705,0
94,800651,1837,4,5,1097,69.6,7.5,0,1.1,99,2,5,5,10,No,red,Yes,2,14,378.4705,1
104,818301,1187,1,5,451,19.5,8.4,7,4.4,91.4,1.29,2,8,5,No,yellow,Yes,2,44,406.0205,1
110,1253089,2812,4,4,722,11.8,9.9,10,0.5,93.4,1.91,8,5,2,No,blue,Yes,3,18,698.6205,0
116,984270,2274,1,1,807,12.4,8,39,9.7,94.9,1.87,3,4,10,No,blue,Yes,1,5,751.8205,1
134,825885,2007,5,3,831,6.5,6.5,7,7.4,90.5,1.29,9,5,3,No,blue,Yes,1,30,1470.0205,0
135,1024066,3263,1,3,1484,21.4,7.7,5,3.9,90.3,1.19,8,7,6,No,white,Yes,2,34,142.8705,1
136,1062410,2619,6,4,980,45.9,8.9,9,0.9,99,1.16,1,4,4,No,red,Yes,1,10,252.1205,1
138,864968,2502,4,2,788,51,7.2,0,9.2,93.3,2.31,7,3,8,No,white,Yes,1,52,371.8205,0
139,460359,1254,2,5,366,25.4,5.4,56,9.1,88.1,1.18,6,8,10,No,yellow,Yes,2,19,1282.8705,0
140,736882,2069,4,2,937,15.1,9.6,37,8.1,93.6,1.61,4,8,4,No,green,Yes,3,15,1475.7205,1
144,796917,1433,4,4,200,32.5,9.6,2,9.4,97.5,1.43,7,2,6,No,blue,Yes,2,28,172.3205,1
149,802796,1810,2,6,706,16.5,8.6,11,2.4,95.4,2.02,7,1,6,No,blue,Yes,2,3,1437.7205,0
151,654387,1310,3,6,980,8.6,9.2,63,11.4,93,1.29,5,5,7,No,white,Yes,3,22,1352.2205,1
163,835271,2218,2,6,1318,53.4,8.1,16,12.1,92.5,1.57,6,10,7,No,green,Yes,3,39,978.8705,1
164,649296,1292,6,6,232,18,7.4,35,0.6,93.3,1.46,8,5,8,No,red,Yes,3,0,1444.3705,0
166,601069,1115,5,2,200,27.7,8.4,43,3.1,90.6,0.5,5,2,4,No,green,Yes,1,59,7.0205,1
170,694417,2241,4,2,200,25.3,6.6,3,4.7,94.8,1.51,6,1,3,No,white,Yes,2,33,118.1705,0
172,856787,2207,2,6,775,20.6,8.4,47,10.6,95.5,0.98,5,4,5,No,red,Yes,3,50,1219.2205,0
175,705596,1265,2,2,200,2.7,7,2,1.9,88.9,1.18,8,2,7,No,red,Yes,1,41,1342.7205,1
177,841001,2034,2,4,718,27.1,8,1,0.5,93.2,1.09,8,9,10,No,green,Yes,1,53,1209.7205,0
183,760562,1604,2,6,1245,29,8.7,63,0.9,95.1,1.59,9,1,10,No,red,Yes,2,39,1326.5705,1
185,793764,2024,4,6,1122,54.9,8.3,49,1,97.3,1.4,7,3,8,No,red,Yes,3,26,1351.2705,0
189,888078,2346,3,5,715,33.1,9.1,23,1,94.1,1.25,7,10,10,No,yellow,Yes,2,46,813.5705,1
190,1011062,2230,2,2,1238,9.7,6.9,7,3,92.1,1.49,3,5,2,No,green,Yes,1,18,501.9705,1
194,646026,1717,2,1,437,13,6.8,11,12.2,92.2,1.08,10,7,10,No,yellow,Yes,1,34,172.3205,1
197,1015354,2628,5,6,699,20.4,9.1,21,17.2,91.7,2.04,3,10,1,No,yellow,Yes,3,5,1502.3205,0
199,828533,2238,1,7,933,36.2,8.9,50,1.3,93.3,1.68,6,10,6,No,red,Yes,2,28,1114.7205,0
205,780426,1964,4,4,867,23.3,7.8,6,7.5,87.6,1.25,5,9,5,No,blue,Yes,1,19,1390.2205,1
213,720363,2144,3,2,1150,61.8,8.3,63,2.4,97.2,1.64,2,4,7,No,white,Yes,2,-3,164.7205,1
214,570624,1103,4,6,489,28.5,6.6,17,3,91.4,1.59,9,2,1,No,white,Yes,1,52,1070.0705,0
218,957341,2454,3,7,602,6.1,6.2,15,5.1,89,0.78,10,6,6,No,green,Yes,2,33,1236.3205,0
222,703271,1508,3,6,200,47.2,9.1,23,10.5,91.7,0.55,2,7,5,No,blue,Yes,1,-2,109.6205,0
223,700914,1243,3,2,309,9.3,8.3,36,14.4,89.5,1.66,2,3,3,No,yellow,Yes,1,33,764.1705,1
225,1204116,3578,5,2,1754,6.3,7.6,6,5.2,96.7,1.36,3,5,8,No,yellow,Yes,3,44,832.5705,0
229,578224,1388,5,6,311,51.3,6.7,26,12.6,99,1.15,10,2,4,No,white,Yes,3,-5,851.5705,1
236,828111,1495,6,4,483,25.2,8.5,6,4.4,95.3,1.52,5,8,7,No,yellow,Yes,2,15,781.2705,0
239,1114706,3101,2,4,656,20.8,9.1,27,13.4,97.3,1.41,9,8,8,No,red,Yes,2,29,1436.7705,1
240,771033,2427,6,4,897,56.7,9.1,19,18.7,90.3,2.23,5,4,7,No,white,Yes,2,12,344.2705,1
244,952847,2188,4,4,725,3.5,9,23,2.4,97.3,1.36,7,7,7,No,green,Yes,2,5,274.9205,1
245,395255,743,3,2,566,37.6,8.1,48,4.7,93.6,0.77,1,6,3,No,yellow,Yes,1,39,168.5205,0
263,787679,2462,5,6,254,24.5,7.3,6,3.1,91.8,1.16,7,5,5,No,yellow,Yes,3,54,1448.1705,0
266,864842,2399,6,3,1094,32.3,6.7,3,2.8,93.7,1.2,6,10,10,No,yellow,Yes,2,25,356.6205,1
268,859931,2111,4,1,375,30.2,9.3,18,9.7,90.9,1.45,5,2,9,No,blue,Yes,1,18,998.8205,1
275,724509,1516,2,5,987,14.2,8.5,7,9.3,95.9,1.22,3,8,3,No,white,Yes,2,50,1401.6205,0
278,823030,1654,6,3,554,20.3,8.8,40,13.5,89.8,1.03,10,6,10,No,yellow,Yes,2,61,1147.9705,1
279,923057,1762,2,3,495,61.2,9.4,7,2.1,93.9,1.42,2,5,5,No,green,Yes,2,1,1092.8705,0
285,710439,1518,5,2,200,29.5,5,4,1.4,91.5,1.59,7,8,7,No,white,Yes,3,13,821.1705,0
287,608631,1375,5,4,252,19.5,8.6,12,3.2,93.3,1.68,8,1,10,No,blue,Yes,2,14,36.4705,0
289,752522,1534,3,6,1098,26.8,8.4,22,8.5,90.9,1.7,6,6,2,No,yellow,Yes,1,15,1008.3205,0
291,787857,2217,3,3,233,1.5,6.8,29,0.5,89.7,1.83,5,9,2,No,blue,Yes,3,62,862.9705,0
292,784337,1481,2,6,1045,48.6,8.8,13,3.7,87.7,1.88,9,2,9,No,red,Yes,3,61,920.9205,0
295,793828,1780,6,6,1086,21.2,7.9,34,26.8,99,1.3,7,2,2,No,green,Yes,3,47,1338.9205,1
302,1255965,4500,4,3,1587,22.8,9,11,11.3,95.6,0.76,5,4,10,No,green,Yes,1,44,1428.2205,1
307,949972,1750,2,6,200,3.2,9.4,31,4,91.8,1.18,9,7,2,No,yellow,Yes,2,14,1540.3205,1
314,789600,1609,6,6,1112,20.9,7.1,3,0.8,93.9,1.09,8,5,9,No,red,Yes,3,55,235.0205,0
317,770482,2131,6,6,1057,36.4,7.3,81,3.7,91.9,1.41,10,2,6,No,green,Yes,1,37,70.6705,0
320,571180,917,5,6,553,15.1,9.8,23,4.3,86.8,1.53,3,4,2,No,green,Yes,3,10,166.6205,0
325,796077,1767,1,2,227,27.5,9.5,24,1.9,92.1,1.24,7,2,8,No,blue,Yes,2,23,893.3705,1
326,932069,3268,5,5,1431,7.9,9.1,8,39.7,92.9,1.17,2,7,2,No,red,Yes,1,31,1068.1705,0
327,1063046,2785,1,6,1563,30.9,8.8,35,6.8,92.4,1.33,4,4,6,No,blue,Yes,2,0,1351.2705,0
329,967552,2511,5,1,593,6,6.6,51,2.5,98,0.57,6,3,7,No,green,Yes,2,32,1030.1705,0
335,764947,1653,3,3,200,8.7,8.6,8,3.2,88.4,0.95,3,8,2,No,red,Yes,1,34,40.2705,0
344,574496,1196,5,2,234,52.3,8.4,53,18.2,97,1.19,5,8,2,No,white,Yes,2,60,982.6705,0
350,582959,1490,5,5,447,46.1,6.8,21,12.8,87,1.18,9,5,2,No,green,Yes,1,14,1083.3705,0
355,736986,2757,3,2,768,8.1,6.9,52,22,90.2,1.33,8,10,9,No,red,Yes,2,43,629.2705,1
363,707155,1224,2,6,647,10.6,6.6,10,13.6,90.5,1.85,10,2,1,No,green,Yes,1,5,682.4705,0
365,875847,2077,4,3,666,28.6,7.7,25,3.6,91.2,0.99,7,5,2,No,yellow,Yes,3,33,1140.3705,1
368,813934,1320,4,6,200,8.6,9.4,46,3.3,96,1.19,4,3,10,No,green,Yes,1,39,1457.6705,0
373,605313,867,6,2,446,11,8.9,58,1.8,95.5,1.7,8,5,8,No,red,Yes,3,53,1285.7205,1
379,645058,1994,6,6,803,44.3,5.8,19,14.1,94.7,1.44,5,9,6,No,white,Yes,3,62,1150.8205,1
381,565720,822,6,2,317,48.9,8.3,1,8.6,96.7,0.9,9,8,4,No,white,Yes,2,21,95.3705,1
384,864337,2113,4,5,768,13,5.7,11,2.3,94.4,1.29,7,7,2,No,green,Yes,2,58,841.1205,0
386,818326,1511,2,1,795,11,9.5,20,23.6,92.9,1.19,7,8,8,No,green,Yes,2,2,1336.0705,1
388,962145,2926,4,4,902,18.8,8,32,13.9,95.9,1.51,9,1,10,No,green,Yes,2,58,1231.5705,0
390,932735,2058,3,2,470,39.2,8,1,4,93.1,1.35,8,10,2,No,white,Yes,2,34,1374.0705,0
393,882390,2355,6,4,505,13.5,7.6,34,16.1,92.2,1.63,9,4,7,No,yellow,Yes,1,10,819.2705,0
400,737079,1990,1,5,1060,53.8,7.7,71,3,94.7,1.09,8,5,9,No,blue,Yes,2,11,545.6705,0
416,1095031,3438,4,4,1294,23.6,8.7,15,2.5,92.5,2.1,1,8,5,No,red,Yes,2,48,27.9205,0
421,608931,1400,4,1,740,33.5,8.6,22,11.3,92.5,1.19,10,10,1,No,yellow,Yes,1,1,1380.7205,1
426,833524,1966,2,1,714,62.7,7.4,1,0.5,98.8,1.27,3,7,1,No,blue,Yes,3,47,744.2205,0
429,956912,3127,3,6,881,24.3,7.3,66,2,92.3,2.1,2,5,8,No,red,Yes,2,46,890.5205,0
433,638252,1319,3,2,322,34.8,8.7,9,5.1,88,1.73,4,10,5,No,blue,Yes,1,53,1087.1705,1
439,640978,1014,6,2,200,40.4,8.6,58,11.4,93.2,1.49,6,4,10,No,red,Yes,2,31,1105.2205,1
442,819083,1529,1,7,812,25.6,8.6,18,3.1,93.7,0.88,2,3,3,No,white,Yes,2,60,450.6705,1
446,781956,1205,2,6,437,26.2,8.2,0,0.7,86.6,0.91,5,6,4,No,red,Yes,3,47,1354.1205,0
448,700589,700,4,6,200,42.3,9.2,2,11.6,95.5,1.44,2,6,4,No,green,Yes,3,34,1007.3705,1
450,524004,1017,4,7,200,44.2,8,33,0.5,89.3,1.25,7,5,3,No,green,Yes,2,43,420.2705,0
461,621800,1349,6,4,478,32.1,8,8,19.7,95.6,1.41,9,4,6,No,blue,Yes,1,52,125.7705,0
466,859110,1644,5,5,592,10.9,9.2,43,1.1,89.8,1.22,5,9,9,No,red,Yes,3,54,341.4205,0
480,951291,1930,5,3,1458,12.7,8.9,3,3.4,88.6,2,4,8,8,No,red,Yes,2,8,166.6205,0
482,938455,2810,4,1,884,62,7.8,13,7.5,93.8,1.17,5,9,6,No,yellow,Yes,2,24,800.2705,1
483,724504,2326,2,6,200,44.2,5.1,27,7.5,90.3,1.16,9,2,3,No,blue,Yes,3,16,424.0705,1
487,811055,1724,4,4,630,4,8.9,13,4.9,87.5,1.36,7,8,2,No,green,Yes,2,-3,94.4205,0
490,1265421,4187,5,4,2065,20.1,5.9,8,3,98.3,1.45,9,9,1,No,blue,Yes,2,21,889.5705,1
500,738360,1705,5,6,266,3.1,8.5,10,16.3,91.8,0.97,3,10,6,No,blue,Yes,2,22,1374.0705,0
2,696719,1332,6,6,200,13.5,9.6,1,1.3,95.8,1.87,1,9,6,No,red,Yes,1,39,469.6705,0
6,666661,1128,4,3,458,24.1,8.3,2,0.5,84.5,1.57,10,2,2,No,white,Yes,2,35,136.2205,0
7,804094,2134,3,5,961,53.9,7.1,17,8.2,92.7,2.06,8,4,4,No,red,Yes,1,12,817.3705,0
8,592829,1047,4,4,354,75.8,7.8,3,1.1,91.3,1.19,4,6,1,No,red,Yes,3,16,400.3205,1
12,948798,2863,2,7,1278,39.3,6,11,1.9,91.4,1.45,1,10,5,No,white,Yes,2,17,368.0205,1
15,631950,1467,2,3,520,46.6,7.5,13,1.7,86,1.48,9,2,4,No,white,Yes,3,38,792.6705,1
16,875917,2589,4,5,724,21.1,9.1,3,7.9,88.4,1.41,8,10,9,No,blue,Yes,2,47,1299.0205,1
17,758336,1058,3,3,587,37.6,9.4,4,37.9,88.9,1.52,1,2,6,No,blue,Yes,3,31,1444.3705,1
33,779504,2110,6,3,695,26.9,6.2,100,2,98,1.37,2,8,5,No,blue,Yes,1,36,702.4205,1
35,915992,1838,5,1,1100,16,8.9,37,1.1,94.7,0.59,2,6,8,No,white,Yes,2,22,97.2705,1
42,911852,1902,2,1,630,4.2,9.3,8,1.5,93.1,1.3,10,8,9,No,green,Yes,1,34,997.8705,0
50,813831,2737,3,4,796,53.8,9.8,42,18.7,96.1,2.07,5,4,1,No,green,Yes,2,18,1301.8705,1
56,610681,1334,5,6,551,20.7,6.4,6,3.3,86.7,1.68,10,10,4,No,green,Yes,3,56,545.6705,1
58,889241,1933,4,6,1235,7.7,9.7,18,2.4,89.6,1.57,4,9,3,No,blue,Yes,3,18,1244.8705,1
64,729342,1496,5,4,600,23.4,8.6,4,17.2,92.8,1.56,7,9,10,No,white,Yes,2,52,1493.7705,1
78,667399,2184,3,2,918,54.1,7.5,13,40,86.3,0.72,5,1,7,No,red,Yes,1,24,1232.5205,0
81,990606,2740,6,5,1400,18.9,4.2,4,12.3,91.3,1.18,7,7,4,No,red,Yes,3,51,1486.1705,0
85,722971,1687,1,6,309,32.4,8.8,10,1.7,94,1.11,9,3,4,No,white,Yes,2,20,465.8705,1
86,940339,2006,5,1,1248,10.4,9.5,1,26.6,81.2,1.5,7,3,9,No,white,Yes,1,42,351.8705,1
87,671781,1765,3,2,894,37.7,7.4,22,25.6,93.1,0.79,9,7,10,No,blue,Yes,2,52,536.1705,1
90,739929,1893,1,4,200,35.7,6.4,23,2.3,94.7,1.34,8,8,7,No,green,Yes,3,28,1173.6205,1
98,847761,2208,2,1,562,26.6,5.7,15,3.5,97.1,1.09,9,3,9,No,green,Yes,3,62,132.4205,1
100,890263,2205,5,1,829,15,8.6,12,9.6,95.3,1.23,1,3,4,No,red,Yes,1,12,818.3205,0
101,663968,1405,5,7,200,5.7,9.2,33,11.2,96.4,1.28,1,1,6,No,green,Yes,2,8,1124.2205,0
103,1217534,3206,6,2,1070,14.3,8.2,5,0.5,90.9,1.36,8,3,9,No,red,Yes,1,2,1071.0205,1
108,821119,2199,4,2,1476,25.3,7.4,30,12.2,95.9,1.42,3,9,9,No,yellow,Yes,3,6,659.6705,0
113,778507,1620,4,1,407,9.3,6.6,19,4.2,88,0.96,6,3,8,No,white,Yes,1,29,957.0205,1
115,809754,2063,3,4,607,36.3,7,41,1.3,91,1.95,7,3,8,No,white,Yes,3,19,144.7705,1
116,689413,1966,4,1,940,57,8.7,46,6.5,90.3,1.42,9,2,10,No,blue,Yes,2,12,940.8705,0
119,856895,2598,5,3,644,49,8.2,35,5.7,88.8,1.06,10,2,4,No,green,Yes,1,12,307.2205,1
133,494583,982,6,5,200,24,7.6,10,7.6,94.8,1.77,5,8,1,No,yellow,Yes,2,1,850.6205,1
134,951512,3037,4,7,1192,17.1,7.2,6,16.7,91.3,1.03,10,2,7,No,red,Yes,1,30,1248.6705,1
136,760490,2102,5,5,888,49.3,8.9,16,0.8,93.8,1.65,7,8,7,No,green,Yes,3,-5,1402.5705,0
137,881284,2511,2,7,864,51,8.3,6,5,90.6,1.53,3,6,10,No,red,Yes,2,26,1491.8705,1
148,698393,1403,4,3,776,5.4,4.7,24,8,92,1.12,4,6,7,No,green,Yes,2,61,715.7205,1
150,583663,1315,4,5,200,22.2,6.3,37,6.4,96.7,1.01,7,4,1,No,white,Yes,3,39,369.9205,0
152,616477,1582,3,2,462,37.3,7.7,6,5.9,96.9,1.77,6,4,2,No,red,Yes,1,32,899.0705,1
153,645751,700,1,6,657,24.9,6.4,1,0.5,92.4,0.61,9,6,10,No,green,Yes,1,-3,605.5205,1
154,609512,1579,5,2,200,50.4,9,10,4.5,82.5,1.65,5,5,2,No,white,Yes,2,43,1275.2705,0
157,749582,1167,1,5,446,55.1,9.2,9,2.4,93.2,1.73,3,3,4,No,yellow,Yes,3,11,764.1705,0
165,738625,1202,3,2,966,23.2,8.6,24,8.4,91.4,1.12,6,3,3,No,red,Yes,1,11,1413.9705,0
168,657078,1902,5,7,636,58.4,8.8,14,12.6,93.2,1.21,10,9,9,No,blue,Yes,1,18,1183.1205,1
176,836657,1383,6,3,369,35.1,9.7,6,4.6,94,1.48,10,5,8,No,red,Yes,1,13,779.3705,1
183,705798,1223,3,3,391,44.6,8.9,15,3.9,88.3,1.54,8,4,6,No,yellow,Yes,3,19,118.1705,0
186,896308,2868,4,2,1677,20.4,8.1,34,17.8,98.8,1.14,10,8,3,No,red,Yes,2,15,1280.9705,0
192,975784,2310,3,1,1184,17.7,5.8,5,1,93.8,2.16,6,1,4,No,green,Yes,2,37,70.6705,1
196,389723,932,4,3,503,18,8,42,25.1,99,0.77,8,7,3,No,red,Yes,2,-4,1299.0205,1
200,812517,2098,2,6,740,38.8,8.5,19,22.9,94.9,0.91,3,8,3,No,yellow,Yes,2,17,400.3205,0
205,542447,1290,3,5,970,50.7,7.7,52,5.5,91.6,1.49,10,7,1,No,green,Yes,1,39,1208.7705,1
207,684093,1373,5,3,772,37.9,8.2,100,6.3,87.4,1.07,1,9,8,No,green,Yes,1,37,445.9205,1
222,787171,2346,6,5,761,49.6,5.9,23,2.7,88.3,1.96,9,7,5,No,green,Yes,2,20,432.6205,0
223,1015017,2908,3,2,1348,19.6,8.9,16,8.4,86.4,1.03,7,3,8,No,green,Yes,2,49,13.6705,1
230,825824,1776,3,1,369,29.4,8.3,18,0.5,98.6,1.18,2,3,9,No,white,Yes,3,38,1120.4205,1
237,1024360,2561,1,5,1702,24.2,9.1,25,1,95.3,2.05,5,3,1,No,green,Yes,2,23,643.5205,1
241,780991,1808,4,3,252,42.6,8.4,4,10,91.6,1.43,3,5,9,No,red,Yes,3,45,1358.8705,1
244,1043773,2607,4,5,1235,37.9,9.2,26,2.2,92.5,1.48,7,5,2,No,green,Yes,2,47,1450.0705,0
247,814980,2101,5,7,823,9.6,6.1,34,2.6,97.3,1.04,1,3,9,No,red,Yes,1,-1,939.9205,1
252,772510,1998,4,5,245,15.4,8.9,6,6.2,94.4,1.82,5,9,4,No,blue,Yes,2,-3,1454.8205,0
260,947890,2976,4,6,1291,33.3,9.4,9,0.5,87.5,1.14,3,10,5,No,blue,Yes,3,-2,1357.9205,0
261,539754,1656,2,5,200,21.2,8.4,37,40,88.9,1.34,8,7,10,No,yellow,Yes,1,54,756.5705,0
262,861254,1829,2,4,609,2.1,7,4,5.9,83.9,1.59,3,3,6,No,blue,Yes,1,33,1053.9205,0
264,911485,2714,2,3,757,9.9,6.6,10,3.5,94,0.91,4,1,6,No,white,Yes,2,46,1075.7705,0
274,1024530,2317,2,3,395,8.3,9.3,5,1.6,95.8,1.04,5,4,10,No,green,Yes,1,55,614.0705,1
280,779272,2185,5,4,343,30.4,8.1,10,1.7,87.2,1.37,1,9,8,No,yellow,Yes,2,4,306.2705,1
282,592965,1819,5,6,472,63.9,6.6,45,10.9,94.1,1.82,1,2,1,No,red,Yes,1,53,118.1705,1
283,593183,847,4,1,526,10.1,8.6,6,8,87.4,2.5,4,8,7,No,red,Yes,2,51,917.1205,0
287,764143,1604,3,6,647,12.1,6.5,39,10.5,97,1.44,2,1,3,No,green,Yes,2,16,400.3205,0
292,517944,754,1,3,200,49,8.8,28,5.2,92.2,1.26,10,7,4,No,yellow,Yes,2,24,740.4205,1
294,721832,2026,3,4,1270,48,8.6,38,12.6,91.2,1.14,3,10,9,No,green,Yes,2,48,481.0705,0
297,1230805,3237,5,4,1012,28.1,9.4,5,1.3,98.6,1,3,1,10,No,red,Yes,2,57,144.7705,0
298,545503,1293,5,5,230,27,6.4,65,15.4,94.3,1.32,1,4,2,No,blue,Yes,3,58,355.6705,1
299,480483,1202,2,3,200,37.2,6.6,35,7.7,95.9,1.56,5,3,2,No,blue,Yes,1,2,22.2205,1
305,813665,2646,5,7,633,37.7,7.9,20,11.1,96.5,1.21,7,2,7,No,yellow,Yes,2,-3,799.3205,1
308,851622,2043,2,3,1080,53.4,9.8,14,4.8,92.6,1.31,1,4,3,No,yellow,Yes,1,-5,643.5205,1
310,804259,1800,4,2,1294,24.6,8.3,22,13.8,90.1,0.88,8,8,10,No,yellow,Yes,3,22,1099.5205,0
315,640869,1586,4,5,420,41.6,8.8,7,3.1,91,1.4,4,7,5,No,blue,Yes,2,52,1177.4205,1
317,817557,1766,4,1,1257,26.1,8.8,12,12.8,95.1,1.05,2,5,10,No,green,Yes,2,40,1474.7705,0
328,844427,1465,3,3,200,32.6,9.1,17,0.8,92.2,1.22,7,7,8,No,white,Yes,2,9,620.7205,1
329,628540,1228,5,3,302,42.5,8.3,6,18,94.1,1.32,5,1,6,No,blue,Yes,3,43,1423.4705,0
333,1002543,3140,2,5,1276,10.3,8.5,6,13.6,92.7,1.43,1,1,6,No,yellow,Yes,1,41,566.5705,1
335,891086,2938,3,6,204,25.7,8.4,41,15.1,93.1,1.27,4,6,6,No,white,Yes,2,40,902.8705,0
336,464380,1125,2,6,200,29.4,9,61,29.4,90.6,0.8,4,5,1,No,green,Yes,1,10,354.7205,0
338,705080,1709,2,2,798,43.7,5.8,12,15.5,93,1.3,1,8,5,No,red,Yes,2,27,1315.1705,0
347,726108,1629,2,3,643,22.3,7.9,11,0.9,97.2,1.31,5,5,6,No,yellow,Yes,2,41,1356.9705,1
348,1199797,3141,4,2,1084,3.2,8.2,1,4.2,91.7,0.91,4,5,5,No,white,Yes,1,0,26.0205,1
349,830428,2283,3,6,569,8.4,7.8,24,13.6,95.4,1.74,9,4,10,No,blue,Yes,2,-2,1283.8205,1
350,733659,1716,6,4,200,33.8,8.1,32,9.5,94.5,1.42,8,4,8,No,blue,Yes,2,10,697.6705,0
354,664560,1849,6,5,578,58.1,8.5,6,9,94.1,1.77,3,3,4,No,blue,Yes,2,45,893.3705,1
356,775983,1699,1,6,793,24.8,8.6,7,8.5,86.6,1.22,3,1,2,No,blue,Yes,2,13,293.9205,0
368,708354,1916,3,4,875,82.2,7,40,2.6,99,1.36,6,8,4,No,white,Yes,3,61,178.9705,0
369,753491,2071,6,2,984,28.9,7,34,2.5,85.4,1.86,2,8,3,No,yellow,Yes,2,46,723.3205,0
374,1054557,3388,5,2,852,53.3,7.2,20,0.8,90.9,1.22,9,9,5,No,yellow,Yes,3,12,1034.9205,0
381,1179332,3840,4,6,1317,11.3,8.3,7,11.2,97.8,1.13,10,2,1,No,red,Yes,3,16,414.5705,1
387,502339,1353,2,6,358,53.8,8.9,100,2.6,90.5,1.62,3,7,10,No,green,Yes,2,0,698.6205,0
388,823321,1850,4,4,200,21.8,6.5,11,18,95.2,1.88,1,6,5,No,yellow,Yes,2,20,1348.4205,0
391,748481,1036,3,2,793,9.1,7.9,3,2.2,88.9,0.81,8,10,10,No,yellow,Yes,1,13,1537.4705,0
397,791082,2148,2,2,1376,41.2,7,11,6.6,97,0.96,4,10,4,No,blue,Yes,3,38,1093.8205,1
406,693364,742,1,3,296,39.9,9,11,2.3,96.5,1.47,1,5,2,No,white,Yes,3,20,433.5705,1
411,714441,1421,4,2,1054,15,7.9,36,2.5,93.1,1.29,2,5,2,No,white,Yes,2,-1,797.4205,0
412,736785,1563,1,7,295,23.6,8.9,29,8.7,92.9,1.28,5,1,9,No,yellow,Yes,2,25,236.9205,0
413,1128582,3614,4,3,1349,24.6,7.2,10,1,93.8,1.75,10,7,8,No,blue,Yes,2,18,584.6205,1
414,607818,1345,2,6,682,30.4,8.2,41,7.4,92.1,1.25,9,9,8,No,white,Yes,2,32,1044.4205,1
417,878411,2416,6,5,657,16.6,6.7,5,15.1,89.6,1.31,5,7,9,No,red,Yes,3,18,330.0205,0
422,613474,1752,3,5,200,15.2,5.9,31,14.9,89.7,1,1,6,2,No,blue,Yes,2,7,1291.4205,0
423,767292,2089,3,6,304,55.6,6.6,12,1.5,88.1,0.5,3,2,5,No,white,Yes,1,47,404.1205,1
426,805823,2612,2,5,702,40.3,7.8,1,2.7,92.7,1.43,3,10,2,No,white,Yes,2,2,503.8705,1
434,777203,1739,6,3,723,27.3,8.5,93,4.2,87,1.37,9,6,7,No,blue,Yes,2,22,1.3205,0
435,1177100,3987,4,6,1124,34.7,7.8,0,2.8,93.5,1.98,10,4,8,No,white,Yes,2,56,1155.5705,0
442,511758,1452,3,5,282,20.2,8.8,19,15.5,93.5,1.75,3,8,4,No,red,Yes,1,54,1032.0705,0
445,728957,2296,5,1,505,65.2,7.5,31,18.7,92,1.33,6,5,8,No,red,Yes,1,-2,333.8205,0
447,962715,1731,2,1,329,11.5,8,23,2.4,97.3,1.36,10,10,8,No,red,Yes,2,14,79.2205,0
448,676787,1358,2,2,200,5.3,7.1,3,1.6,94.1,0.75,6,2,8,No,blue,Yes,2,51,930.4205,1
452,854688,1160,4,4,899,8.5,7.5,13,0.5,89.1,1.16,8,6,9,No,green,Yes,2,63,1400.6705,1
455,666274,700,5,2,200,19.4,7.9,62,4,99,1.37,10,10,10,No,blue,Yes,3,-5,815.4705,1
462,1037191,3497,2,5,1988,27.3,9.3,63,3.3,87.5,1.58,1,7,5,No,red,Yes,1,16,265.4205,0
465,747629,1914,6,6,760,10.6,7.4,6,11.3,95.9,1,1,5,1,No,yellow,Yes,2,22,1021.6205,1
476,825849,1148,1,3,883,29,8.7,7,1.7,95.8,0.75,7,6,7,No,blue,Yes,2,39,581.7705,1
479,881803,2695,4,5,1130,11.2,9.6,68,11.2,94.6,1.1,5,8,1,No,yellow,Yes,3,51,364.2205,0
488,718714,2272,2,3,1269,35.3,7.3,16,2.6,96.9,1.37,9,9,1,No,blue,Yes,1,17,777.4705,1
490,665892,1029,3,2,688,45.2,8.5,15,1.6,89,1.6,7,4,3,No,green,Yes,3,12,152.3705,1
491,719524,1605,1,5,807,42.7,8.4,14,26.6,89.1,1.58,7,2,4,No,red,Yes,2,-4,970.3205,1
494,868498,1492,2,1,200,5.7,9.5,40,14.8,97,1.19,4,7,7,No,green,Yes,1,31,1491.8705,1
500,675795,1589,3,4,200,35.6,7.2,12,5.8,93.9,0.58,2,8,3,No,red,Yes,3,16,958.9205,0
1,1100968,2721,4,3,1131,21.7,8.8,2,8.1,99,1.99,2,3,4,No,blue,Yes,1,50,102.9705,0
5,651889,1510,6,2,480,35.6,8.6,21,5.5,89.6,1.54,1,4,6,No,red,Yes,2,43,1121.3705,0
6,502939,1113,5,2,799,33,5.2,92,4.6,88,1.39,2,4,2,No,red,Yes,1,27,1337.0205,0
7,1000980,2015,6,5,703,8.8,8.8,14,6.2,88.1,1.18,2,5,3,No,blue,Yes,1,20,922.8205,1
11,835921,2760,5,4,693,26.2,8.6,31,7.3,90.7,1.54,10,4,8,No,blue,Yes,2,26,1212.5705,1
14,659158,976,2,1,635,11.8,8.1,15,0.5,87,1.45,8,7,4,No,red,Yes,2,12,63.0705,1
17,608997,1363,3,7,647,48.8,8,23,4,90.7,1.66,8,4,5,No,green,Yes,2,56,376.5705,1
21,1071249,2146,3,4,752,20.4,7.6,0,4.4,88.2,1.73,9,4,10,No,white,Yes,2,30,293.9205,0
25,582148,1468,3,3,244,69.1,7.7,34,2.3,99,1.25,7,3,1,No,green,Yes,3,24,1234.4205,1
38,628493,1355,3,5,588,10.6,5.6,2,7.5,87.8,1.8,1,5,6,No,yellow,Yes,1,-5,140.0205,0
39,747387,1769,1,6,227,9.4,8.1,18,13.5,92.4,0.92,7,9,9,No,yellow,Yes,1,33,1280.0205,0
44,762388,1235,2,5,339,19.2,7.8,2,0.8,89.5,2.19,3,2,2,No,blue,Yes,3,45,1085.2705,0
48,615605,3007,5,4,1111,59.4,8.5,100,31.6,91.8,1.12,10,6,4,No,green,Yes,3,38,996.9205,0
49,701500,1220,5,4,316,39.1,8.8,8,8.1,95.6,1.57,2,2,9,No,yellow,Yes,2,36,756.5705,0
53,792025,2032,4,3,895,27,7.5,60,4.6,96.6,0.71,3,8,1,No,green,Yes,3,63,774.6205,0
61,819037,1953,1,4,653,39.4,6.1,3,1.3,91.3,1.04,5,2,10,No,red,Yes,3,52,1289.5205,1
69,746782,1947,3,6,200,19.2,8.6,15,1.4,92.7,1.18,10,3,7,No,red,Yes,1,50,277.7705,1
70,763686,2470,3,6,699,22.5,8.2,31,40,97.3,0.69,3,2,2,No,yellow,Yes,2,7,1217.3205,1
84,831811,1173,6,4,975,6.5,7.7,14,9.4,91.3,1.49,4,1,7,No,green,Yes,2,52,943.7205,1
86,629822,1145,3,1,422,24.9,7.6,18,2.2,90.8,1.3,9,1,6,No,blue,Yes,2,1,260.6705,1
95,1027086,2797,1,3,1493,3.2,9,19,0.6,89.2,1.48,4,6,1,No,green,Yes,2,-4,79.2205,0
102,625097,1399,6,2,447,32.3,8.4,19,22.7,96.9,1.3,3,10,7,No,yellow,Yes,3,-3,435.4705,0
103,1207024,3689,2,5,1163,27.4,7,8,3.9,94.2,1.09,1,4,3,No,yellow,Yes,2,52,822.1205,1
105,857566,2367,3,2,1129,20.1,9.2,100,4.2,99,1.54,8,3,4,No,red,Yes,2,14,881.0205,1
106,633909,1365,3,1,606,12.5,9,85,5.6,92.2,1.48,4,9,4,No,yellow,Yes,2,31,457.3205,0
113,752490,1691,3,7,200,36.2,7.7,12,0.5,91.7,1.77,5,3,6,No,blue,Yes,1,21,1051.0705,0
114,689371,2067,3,5,1268,27.7,7.5,100,7.2,93.8,1.43,2,3,2,No,green,Yes,1,60,105.8205,0
124,742570,1830,1,1,625,21.2,7,50,8.5,90.1,1.64,10,9,7,No,green,Yes,2,22,1112.8205,0
125,1124681,3497,3,2,406,32.1,7.7,13,7.4,94.6,1.73,10,1,9,No,blue,Yes,1,-1,420.2705,0
128,1025094,2352,4,3,706,25.4,8,37,7,87.4,1.17,1,9,5,No,white,Yes,1,49,178.0205,0
133,850698,1657,5,3,529,57.7,9.3,9,0.5,95.2,1.55,6,8,5,No,red,Yes,2,55,293.9205,1
137,612571,1599,4,5,922,23.8,7.7,63,5.5,97.4,1.69,9,5,3,No,white,Yes,1,1,811.6705,0
138,961058,2049,4,2,1016,13,7.9,15,0.8,95.9,1.85,5,1,2,No,blue,Yes,3,-5,185.6205,1
144,811667,1778,3,6,989,34.7,9.4,13,10.6,92.3,1.65,8,7,2,No,white,Yes,1,51,1271.4705,1
148,902032,1939,6,6,519,38.3,7.2,27,5,93.6,1.44,1,4,7,No,white,Yes,3,21,1514.6705,0
149,750365,2367,6,4,200,20,7.2,15,21,97.2,1.32,2,4,8,No,blue,Yes,1,56,36.4705,1
150,685763,1548,5,3,1027,23.1,7.5,13,11.7,87,1.68,4,5,7,No,yellow,Yes,2,44,1111.8705,0
152,945043,2183,3,1,286,11.3,8.1,14,1.1,93,1.25,10,4,5,No,yellow,Yes,3,-3,803.1205,1
155,827944,1897,1,4,720,45.2,7.1,2,0.5,91.3,1.65,8,5,2,No,red,Yes,2,27,1300.9205,1
158,562480,867,2,2,531,52.9,9.1,2,3.7,92.7,1.56,4,4,7,No,white,Yes,2,48,236.9205,0
160,1093321,3905,1,3,1582,31.9,7.5,1,10.6,93.8,1.57,9,10,10,No,yellow,Yes,3,4,962.7205,0
161,626479,1587,3,3,415,22.1,6,38,0.5,91,1.88,3,2,3,No,blue,Yes,1,19,1413.0205,0
162,653752,1395,5,2,469,4.1,5.8,26,9.3,90.7,1.71,6,1,5,No,yellow,Yes,2,19,1264.8205,0
163,906763,2051,2,3,402,69.3,9.8,6,1.7,93.6,1.52,10,2,7,No,green,Yes,2,9,649.2205,0
164,854601,2008,5,3,586,30.6,9.7,10,4.4,95.2,1.49,5,5,8,No,blue,Yes,3,9,896.2205,0
165,1040442,2733,3,2,828,3.5,9.3,9,7.8,86,1.6,2,3,8,No,yellow,Yes,2,8,343.3205,1
168,950770,2213,2,3,661,30.2,9.2,21,13.2,93.5,1.17,6,7,3,No,red,Yes,1,10,1319.9205,0
172,828217,2443,6,7,901,41.1,8.7,17,9.6,92.4,1.3,6,6,9,No,blue,Yes,2,20,1290.4705,0
175,694160,1760,2,1,200,7.8,8.4,63,11.8,94.8,1.1,2,6,8,No,blue,Yes,3,25,187.5205,0
180,813252,1748,2,2,682,17.1,8,17,3.1,96.4,1.29,2,9,5,No,green,Yes,3,15,1141.3205,1
190,905643,1707,3,3,565,31.3,9.5,3,13.7,90.7,1.02,5,7,6,No,blue,Yes,2,5,1365.5205,0
191,828744,2169,4,6,617,24.9,8.3,9,18.5,94.4,1.4,10,6,2,No,red,Yes,2,14,954.1705,1
193,953833,2757,1,1,841,22.7,7.8,5,17.9,94.4,1.86,7,5,5,No,red,Yes,2,20,587.4705,1
201,1066769,2613,6,3,850,7.6,9.1,9,20.1,90.4,0.94,7,3,6,No,red,Yes,1,26,1492.8205,1
202,947720,2993,4,2,1224,25.5,8.2,24,3.6,97.3,1.68,7,9,6,No,green,Yes,3,20,906.6705,0
203,586437,1306,2,4,200,10.6,8.6,8,22.1,94.6,1.32,6,2,7,No,blue,Yes,3,27,841.1205,1
205,712920,1714,4,6,779,10,7,3,26.7,92.6,0.86,1,6,2,No,green,Yes,3,49,407.9205,1
208,974854,2889,4,7,545,19,9.5,13,0.9,97.1,1.45,1,4,5,No,green,Yes,1,49,1491.8705,0
212,618534,1136,5,2,702,8.6,8.9,83,7.8,95.9,0.86,4,7,5,No,green,Yes,3,-6,1.3205,1
216,710962,1703,5,2,628,36.1,6,3,6.7,96.3,1.49,2,3,2,No,yellow,Yes,2,4,1149.8705,1
218,1129388,4037,5,3,906,33.4,8.8,15,5.6,94.8,1.3,6,1,6,No,red,Yes,2,30,1039.6705,0
221,753680,2550,4,6,416,21.3,8.2,48,11.4,94.3,1.35,7,7,7,No,white,Yes,2,43,1155.5705,1
224,677211,963,6,1,319,31,8.9,32,2,95.6,1.27,10,8,8,No,red,Yes,3,9,604.5705,0
226,765637,2207,6,3,1121,27.9,6.6,12,0.8,89,1.13,6,7,9,No,white,Yes,2,-3,522.8705,0
238,670349,1702,5,2,375,11.1,9.4,47,24.3,90.9,1.47,5,7,3,No,green,Yes,1,26,599.8205,0
244,866120,1909,5,3,570,3.8,7.7,26,7.4,97.9,0.87,4,6,6,No,red,Yes,2,5,843.0205,1
254,898207,1539,5,2,616,13.9,9.6,9,5.1,99,1.21,8,9,10,No,green,Yes,2,45,619.7705,1
259,764100,1983,4,5,899,20.9,8.6,2,9.8,91.1,1.99,8,3,3,No,green,Yes,2,43,104.8705,0
261,889935,2015,5,6,1111,9.6,9.6,5,17.4,93.8,1.63,1,7,4,No,blue,Yes,2,54,961.7705,0
270,682429,1483,4,2,559,28.3,8.3,34,8.3,91.6,1.83,5,6,9,No,white,Yes,1,17,512.4205,0
272,654852,1512,6,5,755,18.1,8.4,14,1.1,96.7,1.9,2,3,5,No,red,Yes,2,9,916.1705,1
273,707092,1369,2,5,725,2.5,7.6,19,0.5,86.7,1.39,8,8,3,No,red,Yes,3,10,280.6205,1
277,416534,948,3,4,200,24.1,6,53,27.3,93.5,1.05,3,8,1,No,red,Yes,1,7,1226.8205,1
280,899462,1747,1,6,581,5.2,8.6,8,0.5,92,1.37,1,8,10,No,yellow,Yes,2,57,1375.9705,0
286,781735,1485,3,5,851,43.3,7.6,38,8.6,96.2,1.41,10,5,7,No,white,Yes,3,30,414.5705,0
289,612174,1918,3,6,330,18,8,17,39.1,86.3,1.62,7,3,7,No,white,Yes,1,25,600.7705,0
292,746576,1558,4,5,1157,38.2,5.9,2,13.1,93.2,1.62,10,5,9,No,yellow,Yes,2,2,887.6705,1
301,695550,1107,4,4,946,27.4,7.9,3,0.5,90,1.76,9,3,1,No,blue,Yes,2,15,1126.1205,0
304,855115,1903,6,2,700,3.6,8.1,2,1.1,92.8,1.65,8,10,10,No,blue,Yes,1,15,1021.6205,1
311,866593,1271,3,3,945,36.1,8.7,23,4.7,94.9,1.24,9,5,1,No,white,Yes,3,52,882.9205,0
313,722952,1334,2,4,527,35.9,8.9,30,7.7,91.4,2.16,9,7,4,No,white,Yes,1,30,611.2205,0
315,534308,1156,6,4,599,53.8,6.9,1,5.8,91.9,2.01,7,5,1,No,blue,Yes,2,15,753.7205,1
329,966620,2722,3,2,1113,13.6,8.6,11,4.8,94,1.56,4,6,1,No,yellow,Yes,3,47,56.4205,0
331,874956,1677,3,1,916,17,9,7,7.4,89.6,1.64,4,4,2,No,green,Yes,3,47,169.4705,1
346,844956,2405,3,1,855,30.2,8,33,10.9,95.1,1.46,5,1,5,No,white,Yes,2,59,1080.5205,1
356,865461,1707,5,3,200,36.9,5.5,6,2.2,99,1.23,2,3,1,No,yellow,Yes,3,19,1239.1705,0
357,596680,1104,1,2,638,44,9.4,6,8.9,92.3,1.22,1,10,9,No,red,Yes,1,7,463.9705,1
359,669866,1397,4,2,493,22.3,9.3,28,8,89.7,0.79,4,6,1,No,green,Yes,1,29,25.0705,0
364,793671,1669,3,4,200,29.1,8.6,38,4.8,99,1.84,1,2,1,No,yellow,Yes,2,61,1497.5705,0
366,569399,1395,1,3,590,20.2,8.4,16,16.9,98.7,1.78,6,7,3,No,red,Yes,3,54,1238.2205,0
369,789553,1890,4,6,835,11.9,8,29,1.5,94.9,0.94,3,2,9,No,white,Yes,3,49,1409.2205,1
375,663311,1390,3,7,200,8.4,8.8,20,22.2,94.7,0.89,8,5,2,No,blue,Yes,1,14,1266.7205,0
377,957980,2510,4,3,200,13.9,8.8,28,1.4,98.3,1.43,3,7,2,No,blue,Yes,2,30,1290.4705,0
382,769746,1914,4,4,200,34,8.6,40,4.4,94.6,1.41,4,6,8,No,yellow,Yes,1,7,126.7205,0
384,750432,1318,2,5,521,26.6,9.7,12,5.9,87.4,1.7,6,2,8,No,yellow,Yes,2,9,342.3705,0
390,735922,2423,3,7,624,34.6,9.7,27,8.7,92.9,1.4,2,2,10,No,red,Yes,1,52,64.0205,0
392,848795,2207,1,1,622,43.8,7,44,3,90,0.95,6,4,1,No,green,Yes,2,22,136.2205,0
394,493280,923,2,6,200,56.7,4.9,2,8.4,89.2,1.36,10,2,3,No,red,Yes,2,5,697.6705,1
395,822810,1569,5,2,427,1.8,8.6,5,0.8,90.8,1.63,10,7,9,No,blue,Yes,3,36,1379.7705,0
402,829236,1720,1,5,567,30.8,9.7,0,1.4,92.6,1.2,3,8,6,No,white,Yes,2,53,678.6705,1
407,923032,2862,6,2,979,16.4,9.9,20,16.6,88.4,1.28,5,2,9,No,red,Yes,2,45,1242.9705,1
410,789093,1391,4,6,502,25.7,8.7,1,5.2,91.1,1.53,1,10,4,No,green,Yes,2,10,1052.9705,0
419,960469,2510,6,4,587,57.8,9.5,6,8.6,91.9,1.69,5,3,6,No,red,Yes,2,57,1071.9705,1
422,976108,1947,4,4,823,5.1,9.5,17,10.2,98.6,1.01,3,9,3,No,red,Yes,1,26,977.9205,1
427,1006584,2519,4,2,1353,29.1,8.3,32,13.3,94.2,1.94,7,4,3,No,blue,Yes,2,32,428.8205,0
435,798896,1838,2,4,1040,24.3,8.7,21,3.9,89.8,0.86,3,9,2,No,green,Yes,1,31,1479.5205,0
436,912470,2062,1,3,258,49.8,9.7,27,8,93.6,1.68,8,8,1,No,blue,Yes,2,34,1099.5205,0
437,726448,2787,1,7,1313,38,7.3,54,12.1,93.2,1.06,6,9,8,No,green,Yes,2,36,199.8705,1
438,665340,1129,3,5,647,58.8,9,61,4,93,1.15,2,6,7,No,yellow,Yes,3,42,544.7205,1
442,984689,2769,3,4,1106,18,9.2,35,12.1,93.2,1.46,4,6,7,No,yellow,Yes,2,50,1528.9205,0
444,561317,780,4,4,719,27.1,8.3,5,1.5,95.8,1.62,10,4,2,No,blue,Yes,2,47,242.6205,1
481,988492,2900,4,4,567,2.7,6.9,41,8.4,94.1,1.06,6,7,1,No,green,Yes,1,21,334.7705,1
485,815609,1960,5,2,971,36,9,21,7.7,91.5,1.1,8,8,10,No,green,Yes,3,63,1462.4205,1
489,1166611,3529,5,3,1073,7.5,9.7,32,2.2,88.4,1.47,1,7,6,No,green,Yes,2,20,1301.8705,0
495,744333,874,3,4,739,11.9,9.3,12,4.4,95.1,1.96,4,1,6,No,white,Yes,2,28,1279.0705,1
499,1194575,3199,6,6,1660,14.7,8.4,5,0.7,93.4,1.46,2,9,1,No,red,Yes,1,21,405.0705,0
1,745515,1331,5,6,470,25.5,8.8,35,3.4,91.6,1,3,6,2,No,blue,Yes,1,46,957.9705,1
3,809318,1811,4,6,200,12.3,6.2,6,11,93.6,1.39,5,6,9,No,white,Yes,1,24,1151.7705,0
5,615752,1116,4,4,339,0.7,8,11,2.3,91.3,1.18,8,5,5,No,blue,Yes,1,6,1033.9705,1
6,812476,2215,4,5,465,15.6,7.6,47,4.5,90.9,1.31,10,9,5,No,red,Yes,2,34,1134.6705,1
7,585104,700,5,4,200,17.6,8.7,10,3.2,97.7,1.16,10,6,4,No,blue,Yes,2,2,1102.3705,1
8,800039,1444,4,5,383,25.8,7.7,9,7,94.2,1.19,5,2,10,No,red,Yes,2,26,816.4205,0
9,664879,1517,5,2,758,70.8,7.4,19,3.3,93.1,0.98,10,4,7,No,blue,Yes,1,21,606.4705,1
11,800007,1814,6,4,1012,6.8,8.4,11,15.9,91.1,1.41,10,9,9,No,white,Yes,2,37,196.0705,1
31,974366,2434,2,3,1030,32.3,8.4,15,2.5,97.2,1.33,5,2,10,No,blue,Yes,3,14,267.3205,0
33,605619,1203,3,6,479,33.7,8.8,8,15.4,86,1.36,7,4,1,No,green,Yes,2,16,836.3705,0
39,847073,1786,3,2,871,6.4,8.3,43,10.6,97.4,1.46,1,7,7,No,yellow,Yes,3,9,1077.6705,1
45,844163,2495,2,4,404,37,6.9,13,1.2,99,1.3,5,8,1,No,red,Yes,1,44,647.3205,1
51,679007,1390,4,2,585,29.5,9.2,7,0.5,91.3,1.7,3,2,3,No,red,Yes,2,50,623.5705,0
54,853191,1927,5,5,1433,19,9.4,1,9.6,90.4,1.21,7,6,10,No,blue,Yes,2,16,492.4705,1
56,648620,1935,5,2,670,37.9,8.1,19,1.9,96.4,1.56,3,7,2,No,red,Yes,3,51,420.2705,0
57,1090819,3003,2,3,920,24.9,8.9,6,2.1,93.4,1.36,5,6,1,No,blue,Yes,3,-1,254.9705,0
59,824684,2521,3,5,829,60,8.3,4,5.6,94.3,0.84,7,3,5,No,white,Yes,2,-2,810.7205,1
64,1041710,2012,3,6,1107,7.7,8.2,0,6.7,91.6,1.44,6,9,9,No,white,Yes,1,21,638.7705,1
66,804426,1442,2,5,1092,29.1,9.5,22,4.2,91.7,1.34,5,10,5,No,blue,Yes,3,0,330.0205,0
67,954071,1923,2,5,1513,30.4,9.1,1,3.2,93.5,1.02,5,8,3,No,blue,Yes,3,40,1165.0705,0
69,680924,1187,3,4,200,17.2,9.1,10,21.7,94.9,1.32,2,4,7,No,yellow,Yes,2,-4,504.8205,0
76,704094,1873,3,6,433,6.3,8.8,68,9.6,92.5,1.17,5,2,1,No,green,Yes,3,15,796.4705,0
77,684372,1585,1,5,695,44.9,8.4,15,8.5,94.2,1.28,10,5,9,No,blue,Yes,2,10,1245.8205,1
79,674072,1571,2,6,907,26.7,8,37,9.8,90.2,1.84,2,7,5,No,blue,Yes,2,20,803.1205,1
83,940543,3239,5,4,956,12.7,6.9,100,0.5,96.4,0.61,10,2,6,No,blue,Yes,2,17,1306.6205,0
86,881495,1664,4,2,435,17.7,9.3,8,8.4,96.4,0.9,2,10,2,No,white,Yes,1,43,401.2705,1
88,751078,1851,1,4,481,7.6,8.8,15,15,91.1,1.39,2,6,9,No,white,Yes,2,57,773.6705,0
91,763831,1225,2,4,271,7.9,7.9,1,10,89.1,1.43,10,3,10,No,yellow,Yes,1,12,1166.0205,0
95,998574,2773,3,6,1403,15.3,7.9,3,15.6,93.1,1.09,3,3,7,No,yellow,Yes,3,16,1192.6205,1
96,751955,1254,5,1,662,54.2,9.8,12,10.5,96.3,1.42,1,7,3,No,green,Yes,1,45,10.8205,1
99,857595,1719,2,4,636,3.8,7.9,9,5.2,98,2.07,1,1,8,No,red,Yes,2,5,1223.9705,1
111,1042106,2688,4,2,1386,11.8,8.8,29,20.6,95.1,0.91,5,10,5,No,yellow,Yes,2,-2,571.3205,1
117,782415,1653,3,6,1189,29.4,6.5,8,20.9,92.7,2.04,5,4,4,No,yellow,Yes,2,19,499.1205,0
125,669836,2005,1,6,824,53.7,7.9,63,2.8,91.8,1.57,3,6,10,No,blue,Yes,2,58,211.2705,1
126,648615,1227,5,1,200,46.7,8.2,51,3.3,95.3,0.68,1,7,10,No,blue,Yes,3,1,117.2205,1
127,861514,1322,6,7,831,30.1,9.1,5,0.5,93.5,1.67,1,9,4,No,green,Yes,3,33,1224.9205,0
131,685422,1653,2,4,570,23.7,9.2,28,40,91.2,1.07,4,3,4,No,green,Yes,2,13,183.7205,1
132,754638,1801,2,6,1056,20.5,9.7,6,7.4,84.5,1.95,2,9,9,No,white,Yes,2,32,773.6705,0
136,728390,1571,2,2,719,21.6,8.1,28,8.9,93.8,1.66,7,2,5,No,yellow,Yes,3,41,1511.8205,0
138,761533,2026,3,7,411,10.1,9.2,58,5.4,89.2,1.02,4,10,10,No,green,Yes,2,57,1349.3705,1
140,807849,1803,3,2,580,21.3,6.9,8,1.9,96.3,1.23,5,4,4,No,blue,Yes,3,54,239.7705,1
144,741476,2007,3,5,708,9.3,6.4,10,1.9,87.5,1.26,7,3,3,No,white,Yes,2,17,1030.1705,0
149,728390,1503,5,4,323,27.2,8.7,49,0.5,93.4,1.6,1,3,8,No,yellow,Yes,2,26,1379.7705,1
153,769720,1855,4,6,332,32.7,9.4,2,7.4,89.9,1.47,7,2,10,No,yellow,Yes,2,25,1375.0205,0
157,593476,2164,4,6,315,38.8,6,79,11,88.1,1.46,8,9,1,No,white,Yes,2,62,1267.6705,0
158,739186,1523,3,5,1193,12.3,7.4,18,0.5,89.5,1.94,9,3,8,No,white,Yes,3,7,1482.3705,1
159,519527,1434,3,5,200,49.9,5.7,58,1.6,89.2,1.34,7,2,1,No,yellow,Yes,2,9,998.8205,0
160,864502,1854,5,5,1052,46.3,9.2,63,4.3,98,1.02,4,7,10,No,red,Yes,2,20,1318.9705,0
165,559770,1547,2,4,225,47.2,8.8,54,3.7,95.5,1.82,8,4,6,No,green,Yes,2,18,27.9205,0
168,710486,1651,4,1,200,38.9,7.6,1,3.5,92.7,0.93,4,2,9,No,white,Yes,2,60,0.3705,1
173,647761,1519,6,6,327,30.3,8,30,13,88.5,1.22,10,5,3,No,blue,Yes,2,61,1245.8205,0
178,917300,2004,2,2,1398,47.1,9,12,3.9,96,1.46,7,9,5,No,red,Yes,2,25,1394.9705,0
181,817472,1984,4,1,780,48.3,7.5,7,4.6,97.5,1.62,4,8,9,No,yellow,Yes,3,14,805.0205,1
183,534745,1339,1,4,369,10.3,8.5,71,27.4,90.3,1.29,9,10,2,No,red,Yes,2,25,815.4705,0
184,693136,1467,6,5,570,14.9,7.4,23,16.8,95.3,1.54,9,7,10,No,white,Yes,3,58,881.0205,1
188,538471,1401,5,6,903,31.4,5.9,8,2.2,88.1,1.1,7,3,1,No,yellow,Yes,1,27,1105.2205,0
190,784656,1761,5,7,611,46.9,8.3,66,1.1,88.1,1.7,5,3,7,No,red,Yes,3,6,776.5205,1
191,827897,2067,5,3,421,45.6,8.3,9,2.4,92.2,1.07,3,3,3,No,green,Yes,2,31,696.7205,0
199,644129,700,4,7,520,28.1,9.4,26,4.7,93.2,1.07,3,8,4,No,red,Yes,2,25,417.4205,0
209,651324,1334,3,1,517,25.4,6.8,14,5.7,92.7,1.56,4,4,8,No,yellow,Yes,3,42,904.7705,0
216,869925,2188,3,5,947,66,8.3,6,8.9,92.2,1.02,3,3,5,No,green,Yes,3,25,1312.3205,1
231,523827,1039,2,3,200,22.4,7.9,10,22,92,1.39,6,5,10,No,green,Yes,2,59,581.7705,0
235,606229,1042,4,1,823,4,6.2,10,14.3,88.9,1.56,3,2,3,No,green,Yes,2,41,1064.3705,0
242,871692,2460,5,1,589,34.5,6.7,31,3.8,88.7,1.6,6,8,5,No,yellow,Yes,2,-4,142.8705,1
246,607320,1049,2,3,200,59.8,8.9,12,4.9,89.5,1.96,10,7,1,No,green,Yes,3,9,591.2705,0
252,719154,1938,3,4,712,14.7,7.8,35,6.5,88.4,1.92,1,6,10,No,white,Yes,2,32,1072.9205,1
257,723367,1343,2,3,1119,31.2,8.3,12,4,91.4,1.66,7,2,7,No,blue,Yes,1,46,88.7205,0
259,727595,1743,5,5,778,19.3,7.5,1,6.3,99,1.26,7,8,1,No,white,Yes,1,15,931.3705,1
262,837271,1628,2,4,541,6.7,7.5,5,1.3,92.1,1.49,2,9,4,No,green,Yes,2,8,672.0205,1
263,792178,2348,4,4,710,30,7.6,17,4,89.9,2.06,8,10,1,No,yellow,Yes,1,54,123.8705,1
267,710078,1993,5,6,613,37.3,9,14,13.4,96.6,1.13,5,9,5,No,white,Yes,3,39,40.2705,0
277,717301,1460,1,2,403,18.6,8.3,1,11.2,93.1,1.54,4,9,4,No,yellow,Yes,2,43,159.0205,0
284,961849,2530,4,7,551,19.6,9.6,5,6.9,91.1,2.11,5,10,2,No,red,Yes,2,46,1338.9205,1
287,840497,1534,2,6,951,5.6,7.8,20,0.6,90,1.61,8,1,4,No,white,Yes,2,32,1243.9205,0
297,683622,1244,4,1,634,16.3,7.7,12,6.9,92.4,1.25,8,7,9,No,blue,Yes,2,11,1431.0705,1
305,723066,1139,1,6,200,17.6,8.4,15,9.8,97.6,1.35,7,1,4,No,white,Yes,2,5,443.0705,0
306,548258,1029,2,6,200,56.7,7.4,0,5.6,93.4,1.74,3,6,3,No,red,Yes,2,42,465.8705,1
310,587121,1530,5,7,200,11.2,6.6,4,0.9,92.7,1.54,3,10,7,No,yellow,Yes,2,26,1254.3705,1
311,896773,1828,6,3,434,12.1,9.5,52,7.1,99,1.39,5,9,8,No,yellow,Yes,1,12,108.6705,0
315,706566,1560,5,6,785,23.7,7.2,44,5,97.4,1.44,10,9,6,No,blue,Yes,2,0,1461.4705,0
332,404528,1202,2,6,200,74.2,8.6,26,40,88.2,1.18,7,10,5,No,red,Yes,1,34,915.2205,1
334,756133,1930,4,4,1510,23.4,8.2,9,4.5,92.4,1.23,4,10,5,No,red,Yes,1,20,520.0205,1
338,804070,2147,5,2,541,62.3,9.5,5,4,98.1,1.46,10,4,5,No,green,Yes,2,-5,1242.0205,0
347,857406,1770,5,3,614,18.9,7.4,15,1.1,93,0.75,5,4,8,No,white,Yes,3,13,1007.3705,1
348,777482,1035,2,3,200,9.2,8.7,22,7.4,91.1,1.49,10,2,7,No,white,Yes,1,22,1147.9705,1
361,914808,2004,4,4,640,23,8.3,11,7.1,96.1,1.22,3,5,1,No,yellow,Yes,2,50,1184.0705,1
362,599046,1349,1,2,200,32.2,4.8,8,3.4,95.1,0.81,7,6,6,No,white,Yes,3,43,533.3205,0
364,1050744,2735,3,2,654,8.6,6.1,16,1,94.5,1.82,4,7,1,No,white,Yes,3,22,1109.9705,0
367,661337,1498,3,6,403,58.5,6.5,12,3.6,93.5,1.7,4,3,2,No,red,Yes,2,45,1256.2705,0
368,784108,1821,4,6,200,54.4,9.3,39,1.5,97.6,1.04,1,3,2,No,yellow,Yes,2,5,803.1205,0
369,655995,1423,4,5,432,24.4,9.2,13,7.2,94,1.16,7,3,1,No,blue,Yes,3,0,1086.2205,0
373,451497,1228,6,6,506,40.4,6,55,1.9,90.9,1.19,2,5,4,No,blue,Yes,3,23,972.2205,1
375,581289,2549,5,4,883,48.4,5.3,41,36.1,89.9,1.04,4,2,8,No,yellow,Yes,1,17,1365.5205,0
379,822933,1996,2,6,1182,55.2,8.4,17,3,92.2,1.42,7,7,3,No,red,Yes,2,10,250.2205,0
380,726625,1372,3,6,676,13.7,6.5,6,4.2,88.7,1.59,4,4,10,No,red,Yes,2,-3,628.3205,1
381,594186,1902,5,6,955,44.8,7,81,20.3,95.9,1.64,1,9,9,No,green,Yes,2,57,461.1205,1
382,814047,1914,5,4,1099,40,7.7,27,0.7,93.7,1.94,9,1,10,No,red,Yes,3,56,602.6705,0
383,645824,1425,2,6,683,22.2,8,7,12,92.3,1.43,9,1,8,No,yellow,Yes,2,37,1406.3705,0
386,581452,1562,3,1,618,38.8,8.2,38,5.8,94.4,1.58,3,9,4,No,red,Yes,2,56,941.8205,1
389,856750,1894,5,1,988,44,9.1,0,0.7,97.8,2.05,9,7,5,No,blue,Yes,2,30,733.7705,0
391,842335,2155,2,3,885,34.9,7.5,17,16.8,84.1,1.27,8,8,9,No,red,Yes,1,26,391.7705,1
398,530755,1284,1,2,200,34.1,7.6,2,9.6,84.9,1.95,6,9,3,No,red,Yes,2,41,838.2705,0
401,979921,2135,6,6,379,22.3,8.4,15,15.4,96.1,0.95,1,5,1,No,yellow,Yes,1,27,929.4705,1
402,976606,2619,2,4,574,51.9,9.2,11,0.7,93.4,1.82,3,5,7,No,yellow,Yes,2,33,709.0705,0
403,794015,1323,3,2,445,11.6,9.3,1,0.9,92.3,1.3,3,1,6,No,red,Yes,3,52,1312.3205,1
408,496777,1573,6,1,200,53.3,6.1,100,22.3,90.6,1.78,10,3,3,No,blue,Yes,2,41,618.8205,1
409,777594,2175,3,6,1480,50.3,5.5,1,18.7,91.6,1.56,9,4,3,No,white,Yes,3,5,783.1705,0
414,753488,751,5,5,611,15,8.7,48,0.5,92.2,1.79,1,4,3,No,blue,Yes,2,-1,841.1205,1
416,846924,2228,6,4,1122,26.4,8.9,0,1.2,93.2,2.39,4,10,7,No,blue,Yes,2,4,54.5205,0
420,610393,828,6,7,405,6.9,8,26,8.7,96.6,1.74,6,8,10,No,blue,Yes,2,46,382.2705,0
423,1013692,2793,3,5,759,25.6,7.9,17,5.4,91.8,0.97,8,8,5,No,yellow,Yes,3,29,468.7205,1
431,660685,965,4,6,200,34,7.5,23,1.4,96.4,1.25,3,8,7,No,green,Yes,2,39,712.8705,0
438,857984,1636,1,4,865,12.9,7.9,27,1.2,85.4,2.01,3,3,3,No,yellow,Yes,2,29,847.7705,1
441,642594,1119,2,7,837,13.2,9.1,11,5.3,92.1,1.78,10,8,2,No,green,Yes,2,38,1354.1205,1
443,831789,2184,1,2,786,24.4,9.3,2,6.6,94.1,1.08,2,10,5,No,blue,Yes,2,24,1515.6205,0
446,643352,1379,4,2,953,26.9,9.7,49,20.3,89.5,1.22,9,8,5,No,yellow,Yes,1,39,100.1205,1
459,555807,1046,2,6,629,29.7,7.6,16,8.9,92.2,1.15,2,4,10,No,blue,Yes,3,18,832.5705,0
472,775827,2821,6,6,279,44,6.3,4,10.3,95.5,1.14,10,3,10,No,blue,Yes,2,11,397.4705,0
479,579486,1105,1,6,509,29.1,6.8,2,0.6,90.1,1.67,8,9,7,No,yellow,Yes,3,63,293.9205,0
484,838227,2185,3,7,888,26.1,8.2,27,8.5,93.9,1.04,1,5,7,No,blue,Yes,2,30,547.5705,1
487,728692,2086,3,5,928,36.1,8.7,15,20.4,95.7,1.42,6,3,6,No,yellow,Yes,2,31,957.0205,0
489,729260,2450,3,5,951,18.7,8.4,27,9.3,90.7,1.88,8,9,2,No,green,Yes,2,-6,1493.7705,1
494,566819,1533,6,6,509,8.3,8.3,66,16.5,95.2,1.66,6,7,5,No,green,Yes,3,17,106.7705,1
497,780250,1358,1,5,200,55.9,9.6,30,2.9,95.8,1.86,2,4,1,No,white,Yes,1,9,133.3705,1
2,647200,1121,5,4,475,17.9,8.1,35,4.1,91.9,0.94,8,4,6,No,white,Yes,2,46,1546.0205,0
5,826238,1670,1,2,836,18.8,9.7,4,6.7,89.7,1.21,2,5,2,No,red,Yes,2,57,225.5205,1
12,889983,2607,6,2,747,26.5,5.4,2,3.3,93.9,1.06,8,3,2,No,yellow,Yes,2,30,184.6705,0
14,748571,1297,4,5,572,34.5,9.8,3,0.5,90.2,1.07,5,10,9,No,blue,Yes,1,37,1204.9705,0
17,852483,1555,4,6,703,11.7,7.9,27,12.2,98.5,1.55,10,3,8,No,red,Yes,2,43,1092.8705,1
19,887209,2033,6,2,1653,33.6,8.3,20,12.1,85.6,1.43,3,2,6,No,red,Yes,3,61,127.6705,0
21,830966,1518,5,3,379,4.8,8.4,38,3.7,91.3,0.89,2,6,3,No,green,Yes,1,36,347.1205,0
23,927861,2142,1,5,1197,21.2,8.6,2,1.4,89.5,1.6,2,3,1,No,white,Yes,2,15,1016.8705,0
26,1018565,2687,1,1,1188,18.5,9.2,23,6,91.3,1.36,4,2,2,No,blue,Yes,2,3,294.8705,1
27,699146,1107,5,6,200,10.4,7.4,18,6.4,92.3,1.11,1,7,9,No,blue,Yes,2,21,313.8705,0
28,915431,2352,6,7,1042,4.7,6.8,9,0.7,94.2,1.7,6,3,6,No,blue,Yes,2,59,222.6705,1
29,831743,1767,1,5,1242,19.2,8.1,11,8.7,89.3,1.8,3,5,8,No,red,Yes,2,32,1260.0705,1
31,958820,1909,4,4,891,31.4,9.9,17,11.7,91,1.5,4,4,3,No,blue,Yes,1,9,702.4205,0
32,853856,2506,4,3,1182,48.7,8,14,0.8,98.6,0.99,8,8,1,No,blue,Yes,2,61,328.1205,0
34,762712,1324,2,4,887,6.6,7.2,10,8.4,82.8,1.56,6,5,2,No,yellow,Yes,2,20,536.1705,0
35,949298,2334,1,3,971,1.3,8.7,26,1.2,99,0.87,5,3,3,No,white,Yes,3,56,577.0205,1
37,953469,1942,4,5,370,12.1,8.7,10,0.5,96.2,1.11,5,4,9,No,yellow,Yes,2,19,83.9705,1
39,720840,1667,4,6,232,13.5,6.8,5,15,94.1,1.12,3,4,6,No,red,Yes,3,42,709.0705,0
44,803414,1460,6,6,900,19,8.5,11,5.9,87.9,1.07,5,1,5,No,yellow,Yes,1,60,517.1705,0
48,729330,1764,5,6,981,33.7,7.5,29,4.2,96.7,1.4,7,1,5,No,yellow,Yes,2,6,1344.6205,0
51,980395,2931,1,5,1302,12.5,7.1,52,0.5,90.8,0.94,9,5,1,No,yellow,Yes,1,56,155.2205,1
55,759261,1751,1,6,200,41.5,9.6,2,14,94.5,1.68,3,2,2,No,red,Yes,1,36,1212.5705,0
59,528437,1491,5,4,747,14.8,5.9,33,5.6,91.2,1.23,9,7,6,No,yellow,Yes,1,10,363.2705,1
62,991354,3285,4,7,1209,15.6,8.5,75,16,89.5,0.96,7,4,5,No,green,Yes,3,6,1063.4205,1
63,785584,1315,4,5,200,18.1,7.8,36,3.1,91.9,1.22,2,8,8,No,green,Yes,2,7,815.4705,1
68,699836,1171,5,7,200,24.7,9.1,32,1.7,92.7,0.81,9,4,2,No,red,Yes,2,27,952.2705,0
70,783938,1809,4,3,200,9,8.5,5,8.7,89.4,1.73,4,3,6,No,green,Yes,1,8,49.7705,1
72,806167,1621,5,7,200,16.5,7.9,8,3.6,91.4,1.45,2,5,2,No,green,Yes,3,26,564.6705,0
74,644833,1467,4,2,200,26.9,9.1,37,30.6,88.2,1.44,6,2,10,No,blue,Yes,3,60,1283.8205,0
79,518402,1476,4,4,200,83.2,7.4,53,4.3,99,1.03,2,5,3,No,white,Yes,1,26,56.4205,1
87,929320,2574,4,7,688,11.3,8.8,45,12.6,92.8,0.69,1,3,3,No,red,Yes,2,53,1422.5205,0
88,886274,2483,5,4,1019,10.6,7.3,14,6.3,93.1,1.69,2,1,6,No,green,Yes,2,10,397.4705,1
89,564177,1533,2,2,290,58.9,5.9,51,7,93.4,1.37,9,9,4,No,yellow,Yes,3,11,141.9205,0
97,877691,1633,1,1,630,59.1,9.1,11,1.1,89.2,0.79,6,2,3,No,green,Yes,2,-5,445.9205,0
98,919686,2828,4,7,1246,9.1,6.5,66,13.7,92.8,1.27,9,8,8,No,white,Yes,3,9,1469.0705,0
107,660486,1595,5,3,803,55.5,8,43,0.5,90.9,1.07,2,2,2,No,blue,Yes,2,38,214.1205,0
113,1049268,2982,6,6,674,39,8.7,14,3.8,94.3,1.66,7,2,10,No,blue,Yes,1,41,1081.4705,0
119,801467,1790,5,5,200,27.1,8.8,23,2.5,94.9,1.07,1,1,9,No,red,Yes,2,38,1101.4205,1
129,966237,2642,3,5,1080,27.1,7.7,28,7.2,97.7,0.82,7,4,1,No,green,Yes,2,51,697.6705,0
131,787980,1048,2,2,200,46.6,7.6,22,4.6,99,1.74,5,3,5,No,yellow,Yes,2,55,1432.9705,0
134,938249,2413,5,2,836,58.4,7.2,7,7.4,97.9,0.96,9,10,2,No,green,Yes,3,-2,1471.9205,0
136,624675,700,3,6,377,35.9,8.8,23,3.6,97.6,1.5,10,4,8,No,blue,Yes,1,21,627.3705,0
139,548250,888,2,4,898,17.3,9.1,43,22,97.9,1.67,7,4,7,No,red,Yes,2,62,1205.9205,1
143,628303,1663,4,3,200,17.5,9.4,86,10.1,94,1.28,9,9,9,No,yellow,Yes,2,24,259.7205,1
147,644991,1106,3,6,395,28.2,6,2,0.5,96.9,0.86,4,2,5,No,blue,Yes,3,27,1338.9205,0
149,746476,1022,3,4,200,27.6,9.8,30,3.4,94.7,0.82,5,4,7,No,green,Yes,3,14,156.1705,1
150,806186,1661,5,3,795,37,8.6,1,6.5,88.5,1.45,7,9,7,No,blue,Yes,3,-3,404.1205,0
161,1025549,3024,5,5,1564,25.6,9,29,4.6,92.4,1.28,1,3,10,No,blue,Yes,2,60,1244.8705,1
164,839843,1526,2,5,200,18.1,8.7,6,2,95.5,1.46,1,5,4,No,yellow,Yes,3,54,1406.3705,0
165,1044866,2315,2,2,972,41.3,8.5,30,7.7,99,0.82,10,3,9,No,blue,Yes,1,15,1189.7705,1
185,550055,1252,4,5,682,23.7,4.3,28,1.7,90.5,2.05,9,10,1,No,white,Yes,2,2,44.0705,0
194,821140,2165,2,6,565,28.7,9.2,12,1.6,90.9,2.03,8,4,6,No,blue,Yes,1,10,291.0705,0
196,767330,1679,2,1,691,13.1,9.7,30,8.1,91.5,1.59,3,8,10,No,red,Yes,2,40,1303.7705,0
198,853405,2810,2,3,1303,67.7,7.8,41,6.1,92.8,1.71,5,1,5,No,yellow,Yes,1,56,257.8205,1
201,505010,1272,2,3,205,38.6,8.3,100,25.9,99,1.16,7,3,3,No,yellow,Yes,1,11,1046.3205,0
202,760976,1085,3,1,200,36.2,9.5,1,4.2,92.8,1.06,9,9,5,No,green,Yes,3,3,594.1205,0
203,941486,2273,3,5,470,17.5,6.5,8,2,95.7,1.56,3,5,3,No,yellow,Yes,3,23,207.4705,0
205,851228,2203,3,7,954,11.9,8.5,25,2.2,95,2.15,9,5,8,No,green,Yes,3,32,932.3205,0
206,780358,1721,3,6,1006,52.4,8.5,46,9.6,92.1,1.25,1,3,4,No,blue,Yes,2,20,1093.8205,1
209,794723,2515,5,6,468,58.1,8.1,9,6.4,87,1.5,1,8,5,No,yellow,Yes,2,38,227.4205,0
215,746379,1852,1,1,538,32.8,8.1,46,4.8,99,0.99,9,4,10,No,green,Yes,2,11,336.6705,1
221,1026672,2561,3,2,1320,11.7,7.2,6,0.5,81.7,1.83,10,6,9,No,green,Yes,1,49,61.1705,0
223,764687,1817,5,4,477,21.7,6,1,8.4,98.8,2.04,4,3,6,No,blue,Yes,3,8,590.3205,0
226,531365,700,5,3,505,15.6,7,39,2.7,95.2,1.91,3,8,1,No,green,Yes,2,22,1453.8705,0
227,903672,1938,2,1,875,48.5,9,7,6.7,91.3,1.38,7,8,1,No,green,Yes,2,-4,288.2205,1
228,761442,1517,4,2,668,26.4,7.1,19,3.1,90.3,0.84,4,10,7,No,blue,Yes,1,29,676.7705,0
234,816156,2124,6,7,284,39.4,9.6,46,1.1,93.7,0.83,3,9,7,No,blue,Yes,2,18,738.5205,0
237,866753,1365,5,6,722,7.8,9.7,4,6,93.4,1.46,6,5,10,No,red,Yes,1,34,817.3705,0
238,979587,1822,6,4,1029,9.2,9.3,28,10.6,93.6,0.61,6,8,1,No,yellow,Yes,2,30,311.0205,0
240,757587,2301,3,5,200,16,5.7,37,2.2,96,1.75,4,10,2,No,blue,Yes,1,6,396.5205,0
241,926613,2158,3,1,730,10.1,9.5,36,14.3,93.3,1.7,8,10,1,No,red,Yes,3,15,1005.4705,1
243,897859,1801,2,4,374,21.6,9.7,15,3.7,95.7,1.63,4,5,9,No,blue,Yes,1,14,577.9705,1
246,804930,1629,2,5,361,43.4,8.2,12,2.8,99,1.46,3,3,2,No,blue,Yes,2,12,748.0205,0
251,747354,2649,1,1,856,29.1,6.6,100,5.2,91,1.99,8,10,2,No,red,Yes,3,12,1421.5705,1
254,831580,1561,1,7,578,15.2,7.9,16,0.6,95.3,1.62,4,6,2,No,yellow,Yes,3,45,767.0205,1
261,508706,1154,4,4,1069,33.7,7.3,15,21.8,89.7,1.57,5,10,4,No,green,Yes,2,55,1062.4705,0
262,739388,2275,1,2,916,18.4,7.7,17,7,91.4,1.25,3,8,2,No,red,Yes,3,50,763.2205,1
263,1011834,2277,3,3,671,19.1,9,1,2.7,93.9,1.03,3,3,5,No,yellow,Yes,1,9,544.7205,0
267,765584,1190,2,4,200,7.1,7.9,10,2.2,92.5,1.14,2,2,6,No,blue,Yes,1,11,87.7705,1
272,628943,1280,1,4,200,42.6,8.4,35,1.8,92.2,1.25,1,10,5,No,white,Yes,2,40,1188.8205,0
273,914090,2256,4,5,742,33.7,8.8,26,9.2,91.7,1.33,1,5,6,No,white,Yes,3,29,920.9205,1
274,572501,1812,3,4,831,54.8,7.3,24,14,94.4,1.5,2,3,10,No,blue,Yes,2,39,78.2705,1
275,597281,799,5,6,223,15.9,8.9,33,10.1,91.1,1.06,2,3,7,No,yellow,Yes,1,15,986.4705,1
278,963202,2742,6,1,770,21.7,8.1,6,0.5,91.1,1.75,2,10,3,No,white,Yes,3,10,205.5705,0
284,841189,1278,6,5,429,25,9.8,2,1.3,94.9,1.2,10,8,9,No,green,Yes,1,18,439.2705,1
291,765651,1640,5,6,287,18.2,6.5,19,2.2,90.4,1.39,6,5,1,No,red,Yes,3,47,5.1205,1
292,739593,1565,5,4,702,43,9,30,3.1,93.6,1.04,6,7,10,No,blue,Yes,3,26,1427.2705,0
297,787440,2134,2,3,606,21.2,8.5,67,3,96.4,1.86,6,3,7,No,red,Yes,3,27,850.6205,0
309,1078815,2966,1,7,1593,19.9,8.5,8,1.7,99,1.71,8,8,9,No,green,Yes,2,40,1549.8205,1
314,727835,1359,3,5,382,23.1,9.2,22,8.1,95.6,1.91,9,2,6,No,yellow,Yes,2,30,91.5705,1
315,790436,2004,2,5,601,26.5,7.2,6,1.2,90.4,1.72,2,1,3,No,yellow,Yes,1,13,597.9205,0
318,676097,1325,2,4,200,25.8,7.8,53,1.2,94.1,0.78,5,8,2,No,blue,Yes,3,10,788.8705,0
320,626384,1632,3,2,631,35.5,6.7,30,0.5,91.5,1.03,6,2,9,No,white,Yes,3,28,834.4705,0
321,863022,1703,5,4,697,24.4,9.2,33,0.9,95.2,2.12,9,1,8,No,green,Yes,3,40,983.6205,1
330,649474,1246,4,1,200,29.3,7.9,8,0.5,96.1,1.52,6,4,5,No,red,Yes,2,13,885.7705,1
331,1080562,2440,4,3,1029,9.2,9.7,31,0.5,94.6,1.19,5,1,9,No,red,Yes,1,26,1034.9205,1
339,895403,2888,2,3,959,29.9,6.6,63,3.2,86.8,1.62,7,5,2,No,white,Yes,3,29,1181.2205,1
341,720534,1357,2,6,1007,50.5,6.8,22,4.7,85,1.26,10,2,4,No,green,Yes,3,29,764.1705,1
344,853088,1713,2,2,606,20.2,8.8,3,6.7,89.8,1.07,6,1,6,No,red,Yes,1,57,213.1705,1
346,883705,2168,3,1,630,28.7,7.4,8,13.9,96.5,1.19,3,5,5,No,white,Yes,2,-4,888.6205,1
352,1320507,4393,5,3,1466,4.9,8.3,58,6,94.2,1.27,8,2,7,No,yellow,Yes,3,48,950.3705,1
357,949327,2441,4,1,508,7.4,7,12,1.8,96.4,1.12,4,5,9,No,red,Yes,2,18,160.9205,1
367,835946,1924,3,6,925,9.4,6.1,10,11.8,95.1,1.08,4,1,4,No,red,Yes,2,28,67.8205,0
369,791803,1895,1,6,897,51.3,8.2,28,3.6,93.3,1.63,8,2,5,No,red,Yes,3,30,13.6705,1
371,1303063,4500,5,3,1250,32.2,9.6,40,0.5,98.5,1.88,10,3,8,No,yellow,Yes,1,48,878.1705,1
373,575002,1164,5,1,918,25.8,6.5,16,7.8,93.1,2.05,1,7,8,No,white,Yes,3,53,325.2705,1
382,1119309,2911,5,1,711,26.7,9.7,63,0.8,84.1,1.02,2,4,3,No,green,Yes,1,52,1337.9705,1
387,880086,1374,3,4,780,29.2,9.1,42,7.3,89.5,1.25,5,1,2,No,yellow,Yes,2,59,728.0705,1
399,665676,2276,2,5,804,54.1,8.4,66,15.2,94.2,2.08,4,7,8,No,yellow,Yes,2,-3,975.0705,1
401,778602,1569,2,3,531,43.7,9,23,14.3,96.5,1.51,3,4,6,No,green,Yes,1,4,756.5705,0
408,852933,1202,2,4,270,38.4,9.6,14,3,89.2,1.54,2,2,7,No,blue,Yes,2,2,541.8705,0
410,722660,1349,1,2,935,28.2,8.8,0,1.5,93.5,1.42,7,8,2,No,white,Yes,3,49,1080.5205,0
412,925087,2862,4,6,1498,1.6,8.5,17,0.5,90.8,1.12,7,4,8,No,yellow,Yes,1,31,85.8705,0
413,986854,2404,4,2,1410,15.8,7.7,75,5.1,89.1,1.32,5,10,9,No,white,Yes,3,17,856.3205,1
414,902706,1902,2,6,200,17.8,9.1,1,11.7,95,1.66,7,6,5,No,yellow,Yes,1,2,1282.8705,0
415,691003,1153,4,7,436,14.5,8.9,10,15.9,90.4,0.81,1,4,2,No,yellow,Yes,1,30,562.7705,0
416,646724,1938,2,7,538,29.4,7.8,100,13.7,88.2,1.55,4,1,5,No,green,Yes,2,61,685.3205,0
418,726930,1578,5,7,200,15.5,8.4,11,10.5,90.9,1.16,4,5,9,No,white,Yes,3,18,1350.3205,1
427,689643,1538,2,4,200,78.9,8.1,10,7.9,90.2,1.23,1,4,1,No,yellow,Yes,2,47,626.4205,1
430,655911,1712,3,3,583,41.9,7.5,34,2.8,95.4,1.38,7,6,8,No,red,Yes,2,34,919.0205,1
435,769687,1532,5,3,609,34.9,8,38,4.9,92.4,1.43,5,4,9,No,white,Yes,2,9,1098.5705,0
440,660780,1103,3,5,472,31.2,7.8,6,3.3,84.7,1.35,2,1,10,No,blue,Yes,1,16,140.9705,0
441,757744,2211,3,3,988,50.3,7.1,28,9.2,93.6,1.15,2,10,8,No,red,Yes,1,-2,1353.1705,1
442,853174,1675,4,5,272,15.8,8.1,16,1.1,90.9,1.88,2,10,7,No,yellow,Yes,3,38,1113.7705,1
446,965419,2590,1,4,1029,30,9.2,10,9.8,93.2,1.04,1,7,8,No,yellow,Yes,3,25,895.2705,0
448,532471,1128,3,6,638,41,7,3,9.4,94.7,1.74,9,10,5,No,blue,Yes,1,63,214.1205,0
453,916028,2373,6,3,1454,52.2,9.1,40,8.2,97.8,1.47,1,3,2,No,red,Yes,2,30,1466.2205,0
456,567102,1107,5,6,476,63.5,5.8,11,11.9,97.8,1.58,8,6,1,No,white,Yes,2,29,81.1205,1
466,750717,1657,3,5,519,39.5,8.7,10,7.6,93.2,1.13,8,5,9,No,white,Yes,3,6,315.7705,0
470,936313,2993,5,2,694,28.6,8.4,28,4.4,94.1,1.14,10,2,6,No,red,Yes,2,60,331.9205,0
475,563984,1075,2,4,468,21.5,7.4,59,3.7,99,1.37,7,8,3,No,green,Yes,2,30,569.4205,0
476,487117,1113,1,2,274,44.8,7,5,36.9,89.4,1.52,3,4,9,No,green,Yes,2,37,214.1205,1
479,616557,2063,3,3,612,17.1,9.1,53,40,89.1,1.79,4,4,7,No,green,Yes,1,2,744.2205,1
482,847930,2455,5,3,660,32.2,7.1,31,6.5,93.4,1.52,10,3,1,No,blue,Yes,2,-2,1020.6705,0
483,752378,1990,5,6,837,21.9,9.6,43,2.1,94.2,1.06,7,7,5,No,white,Yes,3,30,1386.4205,0
9,812828,1392,6,5,204,38.3,8.4,41,0.9,96.4,1.53,5,6,3,No,blue,Yes,2,60,1200.2205,0
10,817306,1713,5,5,1265,11.2,6.1,47,3,97.3,1.61,9,7,10,No,white,Yes,2,1,548.5205,0
11,1091060,3149,5,6,919,19.3,8.4,28,6.4,94.7,1.91,3,8,7,No,green,Yes,1,6,1394.0205,0
15,624309,1849,6,4,528,49.5,8.8,98,6.9,89,1.44,4,3,7,No,blue,Yes,2,34,621.6705,1
20,909298,2069,3,6,677,39.6,7.2,44,8.8,93.4,1.24,4,7,8,No,yellow,Yes,1,47,1054.8705,0
22,607893,1392,5,5,200,32,6.6,29,1.1,93,1.4,6,5,8,No,red,Yes,2,2,380.3705,1
27,639614,1254,3,6,319,21.5,9.9,10,31.3,92.4,1.44,3,2,3,No,white,Yes,1,0,156.1705,0
32,927345,2792,4,5,1153,54.3,8.8,8,2.7,92.3,1.88,9,8,4,No,blue,Yes,1,-3,195.1205,0
34,907201,2173,2,4,200,32.4,7.6,3,1.7,92,1.56,6,9,4,No,yellow,Yes,3,42,61.1705,1
45,965744,2405,1,4,885,14.4,9.3,30,9.8,91.6,1.75,4,9,9,No,red,Yes,2,40,1237.2705,1
50,805168,1686,4,4,254,25.9,9.1,30,2.5,91.1,1.81,1,4,8,No,white,Yes,2,57,161.8705,1
58,787814,1812,2,6,380,21.4,8.5,9,2.8,91,0.77,3,9,5,No,white,Yes,3,24,1087.1705,1
65,801676,2335,3,2,799,23.8,8.4,100,0.5,91.5,1.03,3,6,4,No,red,Yes,3,21,1207.8205,0
70,719933,1992,5,7,376,32.3,7.7,10,4.2,93.2,1.32,7,2,3,No,green,Yes,2,0,118.1705,0
76,448204,1865,1,3,476,18.1,6.3,15,20.4,90.8,2.04,7,5,4,No,red,Yes,2,12,1092.8705,0
79,645022,2024,1,3,513,15.7,8.6,48,18.9,96,1.79,9,8,10,No,green,Yes,1,39,954.1705,0
85,850366,2516,2,6,675,19.9,8.1,5,12.6,92.9,1.31,2,4,7,No,green,Yes,1,35,1346.5205,1
86,1118705,4061,4,5,1242,60.7,9.4,7,2.9,93.2,1.1,9,4,1,No,blue,Yes,2,20,639.7205,1
87,1006669,1789,3,5,1107,15.4,8.9,13,1.6,95.2,1.11,1,10,2,No,yellow,Yes,3,50,1404.4705,0
91,581474,952,1,5,328,11.2,7.6,61,4.9,96.3,1.13,2,8,6,No,white,Yes,2,52,736.6205,1
102,1018951,2146,5,2,604,3.1,8.3,44,0.9,97.1,1.22,7,10,2,No,white,Yes,1,1,38.3705,1
106,580574,1932,4,3,1473,39.7,7,66,9.6,90.9,1.71,8,2,6,No,white,Yes,1,13,19.3705,0
116,789248,2159,2,5,891,37.4,8.8,46,20.6,92.1,1.86,4,1,6,No,blue,Yes,2,56,1299.0205,1
120,788463,2396,4,5,534,6.3,7.4,10,11,99,1.56,7,4,7,No,white,Yes,2,59,1462.4205,0
121,556020,1110,1,4,200,44.5,7,30,19.9,94.3,1.57,6,10,9,No,blue,Yes,2,3,548.5205,1
124,684205,1757,3,7,401,23.3,7.1,30,18.4,93.1,0.87,8,9,9,No,yellow,Yes,2,52,1122.3205,1
132,948535,2418,5,3,1100,18,8.9,1,19.5,96.9,1.81,9,1,2,No,green,Yes,1,9,422.1705,0
134,661250,2110,3,6,382,33.6,7.8,25,11.9,90,1.33,8,10,1,No,red,Yes,3,19,564.6705,1
135,705903,1035,5,2,418,39,7.6,24,5.3,94.2,1.7,10,7,6,No,yellow,Yes,3,32,779.3705,1
140,685733,1429,4,6,622,18,7.4,10,7.5,90.1,1.25,7,4,10,No,green,Yes,2,9,1321.8205,1
141,819049,1472,3,4,462,18.3,9.2,8,5.2,94.2,1.45,4,9,10,No,red,Yes,2,7,840.1705,0
150,830340,2017,3,6,772,16.5,9.3,4,1.7,95.9,2.04,10,4,2,No,red,Yes,1,1,129.5705,1
153,699292,2158,6,2,1164,34.3,6.7,53,2.2,89.2,1.56,3,7,7,No,red,Yes,3,23,1526.0705,0
161,885493,1980,1,7,1063,30.8,5.6,6,0.8,91.5,1.61,5,4,10,No,green,Yes,2,17,1507.0705,0
164,773963,1810,4,2,1206,38.7,8,38,1,83.8,2.14,5,10,6,No,yellow,Yes,1,60,159.9705,1
173,689102,1557,5,4,970,12,6,30,2.4,89.8,1.01,7,4,1,No,blue,Yes,3,35,171.3705,1
178,719756,941,2,4,200,8.4,9,58,6,88.2,1.34,9,7,10,No,white,Yes,2,27,1100.4705,1
179,678227,1723,3,6,200,34.3,8.1,13,0.6,96.2,1.87,9,10,2,No,red,Yes,3,14,902.8705,0
183,956958,1678,2,6,522,24.2,9.1,0,2.1,95.4,1.61,4,4,5,No,blue,Yes,2,56,194.1705,1
186,567022,908,2,5,482,21.1,9.5,29,8.5,92.8,1.58,6,6,3,No,red,Yes,3,45,368.9705,0
187,969561,1582,2,6,708,2.3,8.2,22,1.9,93.6,1.61,8,3,7,No,white,Yes,2,46,1166.9705,1
200,1065218,2489,1,1,805,5.6,9,15,2,91.3,1.77,5,7,9,No,green,Yes,3,-2,672.9705,0
201,724137,1603,3,7,200,39.9,5.2,6,6.9,89.4,1.41,10,9,2,No,red,Yes,2,7,659.6705,1
202,672891,1506,6,1,591,38.2,8,14,3.7,96.6,1.67,2,6,9,No,green,Yes,1,23,1103.3205,0
222,800347,1808,2,3,955,31,8,14,8.8,89.7,1.12,8,2,10,No,yellow,Yes,3,-1,1255.3205,0
223,842812,1664,3,2,905,13,8.8,7,4.4,94.4,1.81,5,7,9,No,yellow,Yes,1,52,141.9205,0
226,687204,1236,2,4,1028,28.8,8.9,0,2.7,92.7,1.72,5,5,8,No,green,Yes,3,59,199.8705,0
227,773210,1549,6,6,1174,30.2,8.1,68,7.3,98.8,0.6,9,10,8,No,yellow,Yes,3,62,228.3705,0
228,1017592,2082,3,2,647,11.6,8.8,14,4.5,88.3,1.16,5,2,4,No,blue,Yes,2,34,1412.0705,1
233,809063,1244,2,2,200,33.9,7.7,0,3.3,85.4,1.56,4,5,8,No,green,Yes,3,18,283.4705,1
234,800669,1645,1,5,683,25.6,6.8,9,3.3,99,0.71,4,3,4,No,yellow,Yes,1,18,1351.2705,1
235,813064,2005,6,3,895,42.2,9.1,14,5.2,95,2.01,1,5,4,No,yellow,Yes,3,29,690.0705,1
253,749202,1529,2,2,200,30.9,9.3,36,2.9,85.6,1.43,9,9,8,No,white,Yes,3,53,1394.0205,0
262,547962,1370,3,2,451,55.7,7,3,1.2,99,1.76,2,6,7,No,white,Yes,1,23,1449.1205,0
263,830058,1980,5,2,854,23.8,8.4,9,5.5,97,0.96,1,6,2,No,blue,Yes,1,3,463.0205,1
268,678758,1486,1,7,821,52.4,8.2,27,1.3,96,1.03,5,8,2,No,yellow,Yes,2,3,1144.1705,0
270,710582,2319,5,3,519,34.7,7.4,23,24.8,88.5,1.91,8,1,9,No,white,Yes,1,-1,779.3705,1
277,511684,1076,3,1,589,18,6.8,34,2.1,93.2,1.63,9,5,4,No,yellow,Yes,2,40,639.7205,0
284,800366,2220,4,5,638,22.5,8.4,33,18.4,91.7,1.73,7,6,9,No,yellow,Yes,2,55,951.3205,0
293,664427,1066,6,2,200,24.6,6.4,14,0.8,90.5,1.75,10,1,1,No,green,Yes,2,33,1003.5705,0
298,929078,2348,2,5,515,35.7,8.6,40,2.8,92.9,1.37,4,7,2,No,white,Yes,1,51,326.2205,0
301,826168,1673,1,6,636,17.8,7.5,22,6.9,93.7,0.83,10,4,2,No,red,Yes,1,45,220.7705,1
310,585067,1278,4,2,452,21.9,9.3,11,0.5,90.5,2.01,10,10,8,No,red,Yes,3,55,585.5705,0
315,983680,1430,6,6,784,21.5,8.8,6,1,94.6,0.98,2,8,8,No,blue,Yes,3,9,636.8705,1
324,959643,1937,1,7,588,14.2,8.8,23,0.5,94,1.17,6,10,4,No,white,Yes,2,55,153.3205,0
330,614095,977,2,5,200,10.1,6.8,1,8,91.9,1.91,1,4,2,No,blue,Yes,1,3,234.0705,1
335,674892,1374,6,5,200,45.9,9.7,3,4.9,91.2,1.29,9,5,3,No,white,Yes,1,-5,715.7205,1
338,541065,1360,3,6,293,56.2,6,10,0.8,88.3,1.52,4,10,10,No,red,Yes,1,45,844.9205,1
349,566785,894,4,3,683,13.1,5.3,14,1.7,92.5,1.27,6,9,5,No,white,Yes,1,-4,1196.4205,0
351,917064,2231,4,2,1199,27.7,8.6,17,6.1,95.6,1.78,4,8,7,No,blue,Yes,2,60,25.0705,0
352,840808,2053,4,1,1027,21.8,6.4,31,1.3,93.8,1.76,3,8,6,No,red,Yes,3,32,985.5205,0
355,624942,1490,6,2,306,32,7.8,45,4.8,96.5,1.32,3,2,6,No,blue,Yes,2,60,967.4705,1
357,678020,1017,6,2,371,34,7.2,21,1.9,95.1,1.62,3,2,7,No,white,Yes,3,30,384.1705,0
361,709415,1771,4,6,787,43.7,5.8,1,4.9,97.5,1.15,5,6,2,No,red,Yes,2,29,582.7205,0
364,681658,1301,3,6,200,8.9,9,34,0.6,87.4,1.76,4,6,8,No,white,Yes,2,23,1470.9705,0
366,792804,1066,6,4,792,16.4,7.6,25,1.8,94.8,0.71,7,10,3,No,blue,Yes,3,40,1454.8205,1
370,937838,3139,1,7,706,40.4,6.4,1,2.8,99,1.34,7,9,4,No,blue,Yes,1,10,241.6705,0
372,608823,1214,5,6,200,66.1,7.5,11,14.9,91.9,1.8,8,1,9,No,green,Yes,2,21,470.6205,1
375,823826,2094,4,2,996,13.3,9.2,72,9.2,99,0.91,3,2,9,No,white,Yes,2,22,1293.3205,0
377,1217260,4428,2,3,1347,18.8,8.2,6,8.2,96.9,1.38,10,5,10,No,green,Yes,2,32,667.2705,0
378,619472,819,3,7,968,43.9,9.4,4,0.8,95.5,2.17,8,6,4,No,white,Yes,3,-4,1140.3705,1
380,735377,1481,3,6,817,15.7,8.2,16,5.8,91.7,1.26,5,9,9,No,blue,Yes,3,11,391.7705,1
381,700624,1466,4,6,476,8.9,5.2,10,1,89.8,1.65,4,3,1,No,green,Yes,2,24,1033.9705,0
387,875509,2888,4,4,714,32.4,5.8,6,0.8,87.5,1.9,10,10,7,No,green,Yes,2,39,542.8205,1
390,479764,840,2,3,200,6.8,6,79,0.9,95.7,2.17,3,8,9,No,blue,Yes,3,33,327.1705,1
401,852252,1188,4,7,397,6.5,8.7,6,1.3,99,1.68,5,2,8,No,green,Yes,2,15,272.0705,1
402,731618,1566,5,2,200,40.5,7.5,5,3.3,92.6,1.02,9,8,3,No,blue,Yes,1,25,861.0705,0
408,776910,2692,2,5,494,52.8,8,7,17.7,92.7,2.1,3,9,2,No,yellow,Yes,3,27,897.1705,0
419,791438,1474,3,2,856,16.6,9.3,14,9,91.5,1.72,3,7,2,No,green,Yes,3,13,176.1205,0
423,996153,2489,3,2,780,16.8,8.4,6,10.7,90.1,1.61,3,7,5,No,blue,Yes,2,61,1380.7205,1
430,665049,967,2,6,704,16.9,7.2,1,0.9,90.8,1.43,5,3,8,No,white,Yes,1,41,1317.0705,0
431,571188,1416,5,6,200,49.6,8.1,42,3.3,91.6,1.84,2,5,3,No,blue,Yes,2,35,137.1705,0
436,812590,1452,2,6,1254,47.8,7.9,45,1.7,91.9,1.52,3,9,10,No,blue,Yes,3,7,1114.7205,1
438,792777,2724,5,3,706,21.9,7.5,78,7.1,91.3,1.52,4,7,6,No,green,Yes,2,44,1209.7205,0
441,804392,1458,5,2,950,36.1,6.4,28,2.9,93.8,1.99,3,7,2,No,yellow,Yes,1,43,283.4705,0
443,711532,1337,6,4,861,17.8,9.2,70,0.5,91.1,1.34,6,3,10,No,blue,Yes,2,43,907.6205,0
444,804070,1489,6,5,946,26.7,9.5,43,7.5,94.2,0.92,4,5,10,No,white,Yes,1,37,716.6705,0
466,884496,1787,3,1,294,9.7,7.1,17,2.1,94.6,1.24,7,5,2,No,blue,Yes,2,-5,1364.5705,0
479,695474,1520,2,1,285,32.6,8.8,7,30.8,92.8,1.3,5,5,2,No,yellow,Yes,2,16,36.4705,1
480,921098,2644,4,6,1190,20.1,7.7,6,21.6,95.3,1.36,9,3,9,No,yellow,Yes,3,53,1276.2205,0
493,799989,1577,3,3,303,13.6,8.5,40,2.2,95.6,1.69,10,6,2,No,yellow,Yes,2,46,1266.7205,1
495,802111,2093,6,2,1026,14.6,7.6,4,17,92.2,2.26,5,5,9,No,green,Yes,2,8,1171.7205,1
3,847958,1907,6,7,946,31.9,8.9,9,4.6,97,1.17,1,10,4,No,blue,Yes,3,47,125.7705,0
4,703618,1110,3,2,640,9.1,7.8,1,6.6,93,1.44,5,6,4,No,white,Yes,1,36,768.9205,1
8,666450,742,6,2,200,46.8,6.5,5,3,89.1,1.97,3,6,9,No,yellow,Yes,3,52,911.4205,1
12,860719,2323,1,3,714,21.2,8.4,30,13.2,93.4,1.3,10,3,10,No,green,Yes,1,0,565.6205,0
15,895754,2735,5,4,900,13.5,9,15,29.1,94.2,2.11,3,4,8,No,green,Yes,3,26,805.0205,0
19,649583,1166,4,4,875,46.2,7.8,10,2.8,90.6,1.63,9,4,5,No,green,Yes,1,9,357.5705,1
27,810566,2663,4,5,947,66.5,8.8,7,8.3,90.7,1.25,10,7,6,No,red,Yes,3,51,356.6205,1
34,824143,1938,3,3,999,33.3,5.4,10,2.4,93.9,1.54,10,4,9,No,white,Yes,1,30,1137.5205,0
37,680706,1244,3,2,522,45.9,9.1,4,6.8,91.6,1.44,9,1,8,No,green,Yes,1,53,653.9705,1
38,645151,1590,5,1,235,15,7.7,21,26.9,97.7,0.94,10,4,10,No,green,Yes,2,2,1095.7205,1
49,682750,1515,5,6,728,29.9,7,3,14.3,94,1.39,2,3,9,No,white,Yes,3,-6,1045.3705,1
50,1024636,2865,3,4,834,37.3,9.7,4,20.4,90.7,1.75,6,6,8,No,blue,Yes,3,9,702.4205,0
52,883220,2075,4,6,775,45.3,9.3,12,10.4,92.6,1.54,8,1,3,No,green,Yes,1,19,497.2205,1
53,849886,1694,6,6,1170,5,9,46,3.8,89.2,1.38,5,5,9,No,green,Yes,3,45,683.4205,1
63,787909,1447,3,7,1029,29.6,8.5,10,4.3,93.2,0.99,9,3,5,No,white,Yes,1,19,183.7205,0
64,998855,2338,4,5,730,16.2,8.7,9,4.2,96,1.41,1,1,3,No,red,Yes,1,62,716.6705,0
68,968587,2293,5,3,957,3.7,7.6,19,2,93.6,1.82,6,8,4,No,white,Yes,1,21,1180.2705,1
72,704996,1494,1,1,200,16.4,9,32,0.9,92.4,1.4,1,7,8,No,green,Yes,2,28,584.6205,1
76,503163,907,3,2,381,16.4,5.6,42,11.4,92.7,1.91,3,7,5,No,blue,Yes,2,10,237.8705,0
77,728163,1425,5,1,424,28.7,8.1,81,4.9,95.3,0.77,9,3,4,No,red,Yes,2,39,993.1205,0
78,750443,1926,3,2,762,34.5,7.9,3,1.5,94.7,1.62,7,10,8,No,yellow,Yes,3,-3,643.5205,1
80,666894,1810,3,1,228,49.3,6.7,2,8.4,94.3,0.96,6,6,1,No,yellow,Yes,1,31,494.3705,0
81,988130,3500,4,3,1202,23,8.6,2,7.5,93.3,1.09,4,6,6,No,green,Yes,2,35,1197.3705,0
82,900235,2575,4,1,200,22.5,7.7,20,0.6,94.4,1.47,9,7,9,No,yellow,Yes,2,10,189.4205,1
83,940307,3200,4,1,1207,39.8,8,4,0.5,91.2,1.22,1,8,6,No,blue,Yes,1,30,26.0205,0
84,804279,2064,2,6,617,23.7,8.7,6,26.9,94.3,1.27,10,8,7,No,green,Yes,2,37,336.6705,1
97,734571,2077,5,6,784,40.8,8.7,8,4,92.5,1.58,6,4,10,No,green,Yes,3,3,328.1205,0
101,945473,1685,6,6,1055,25.6,9.3,10,1.3,89.9,1.29,9,9,1,No,white,Yes,2,22,1337.9705,1
103,688411,1670,1,4,700,73.5,6.9,7,5.9,99,1.46,8,7,8,No,yellow,Yes,2,11,798.3705,1
106,863089,1944,5,1,1415,6.1,8.6,1,20,98.6,1.53,5,3,5,No,white,Yes,2,44,1187.8705,0
120,974150,1706,2,6,812,5.2,8,6,5.5,91.9,1.47,10,3,6,No,red,Yes,2,53,140.9705,0
121,878035,1609,3,3,1203,48.3,8.3,4,2.8,91.1,1.2,9,4,4,No,yellow,Yes,2,35,743.2705,1
123,651648,1295,1,5,392,40,6.4,74,8.9,92.2,1.68,4,2,6,No,red,Yes,2,-4,730.9205,0
124,742790,2127,1,3,461,33.7,7.7,13,12,92.5,1.43,8,9,9,No,yellow,Yes,1,59,1099.5205,1
125,1163984,3282,5,2,496,19.4,6.4,1,9.9,89.6,1.34,3,9,10,No,yellow,Yes,2,53,654.9205,0
132,793493,2436,5,2,435,14.1,5,48,3.2,91.1,0.77,6,5,3,No,blue,Yes,1,34,80.1705,1
140,747617,1952,1,4,479,17.8,8.6,100,9.5,93.3,1.44,1,3,5,No,red,Yes,2,10,982.6705,1
149,916750,2988,2,2,1892,59.2,9.8,26,15.6,92.3,0.81,4,3,5,No,green,Yes,2,48,1178.3705,1
155,585888,1325,4,3,200,13.8,6.4,20,1.6,89.3,1.73,9,5,6,No,green,Yes,2,15,1498.5205,1
156,715469,1358,2,5,1215,17,5.5,39,1.3,96.3,1.67,4,2,8,No,blue,Yes,2,59,776.5205,1
160,610075,1423,4,4,564,54.9,8.1,5,5.5,97.9,1.28,6,9,8,No,green,Yes,2,-4,1088.1205,1
161,683604,1766,4,4,835,36.4,9.3,57,7.4,89.8,1.42,3,5,8,No,blue,Yes,1,31,1443.4205,1
162,645592,1303,5,5,879,27.7,6.8,18,0.5,89.7,1.34,7,9,7,No,white,Yes,3,45,246.4205,0
164,740992,1073,2,5,200,19.5,8.4,16,10.2,93.2,1.36,3,9,3,No,yellow,Yes,2,22,1429.1705,0
166,756890,1089,4,4,662,10.3,9.4,4,8.4,88.9,1.79,4,5,6,No,red,Yes,2,51,503.8705,0
173,776697,1438,5,4,677,39.1,8.5,1,3.9,91.5,1.21,5,3,2,No,blue,Yes,3,12,327.1705,1
175,774314,1134,2,7,257,7.2,8.8,32,7.8,91.2,1.96,10,8,2,No,green,Yes,3,15,1440.5705,0
178,952559,2882,5,6,729,37.3,9.1,13,13,98,1.61,5,9,4,No,red,Yes,1,28,482.0205,1
182,605870,1597,3,6,761,37.6,9.1,11,3.7,96.7,1.32,4,2,7,No,blue,Yes,3,23,1280.0205,0
184,765919,1830,4,2,1068,24.4,7.9,10,2.1,89.1,1.87,7,2,2,No,green,Yes,2,42,1038.7205,0
202,786754,1668,6,5,711,34.9,8.8,34,13.2,90.9,1.28,2,4,7,No,red,Yes,2,21,805.9705,1
204,774816,1457,2,3,777,32.2,6.6,5,1.2,90.5,1.59,4,2,1,No,yellow,Yes,2,27,1346.5205,0
211,699844,1856,5,6,200,62.4,9.8,77,6.8,93.2,1.5,3,5,3,No,blue,Yes,2,55,1496.6205,1
213,1092422,2429,3,2,1406,16.9,7.9,42,6.3,99,0.5,9,10,9,No,yellow,Yes,2,8,1048.2205,1
218,747989,1642,4,6,474,48.2,7.9,25,0.6,92.9,1.59,7,8,7,No,blue,Yes,2,44,229.3205,0
220,628629,924,5,6,508,10.1,8.6,43,14.5,89.4,1.33,9,9,10,No,yellow,Yes,2,19,738.5205,1
234,582789,1684,5,3,1038,32.9,7.6,80,4.5,87.4,1.44,9,7,3,No,white,Yes,1,45,408.8705,0
235,688294,1472,6,6,532,46.6,8.1,9,3.9,91.4,1.22,9,5,10,No,red,Yes,2,6,72.5705,1
238,833666,2951,5,2,752,26.2,7,40,14.5,95,1.19,8,9,2,No,yellow,Yes,3,59,12.7205,0
251,626258,1772,3,5,1027,54.7,7,68,11.6,92.6,1.29,8,10,2,No,green,Yes,2,6,966.5205,1
258,738059,1603,2,7,276,43.5,9.4,94,12.3,83.9,1.52,7,10,1,No,blue,Yes,2,51,899.0705,1
259,795376,1501,5,4,255,54.3,8.2,17,2,91.8,1.7,5,6,5,No,blue,Yes,2,10,368.9705,1
265,631035,1869,4,7,1283,40.7,7.5,56,15.2,91.3,2.29,9,2,9,No,blue,Yes,1,13,129.5705,1
272,922218,1699,4,6,895,28.5,6.1,1,6.9,94.1,1.6,3,9,6,No,blue,Yes,2,34,777.4705,0
275,687610,2005,3,6,1051,25.2,6.1,3,11.5,92.3,1.36,3,4,3,No,white,Yes,3,38,973.1705,0
278,693124,1589,5,3,200,14.8,8.9,12,5.6,89.1,2.21,7,4,4,No,white,Yes,1,7,743.2705,0
281,751084,1169,3,1,779,29.8,9.4,1,25.1,89.4,1.34,8,10,10,No,white,Yes,2,33,635.9205,0
296,733987,1734,6,2,670,11.6,8.3,12,3.8,95.3,1.55,8,3,5,No,green,Yes,3,39,422.1705,0
303,679665,1559,3,5,200,14.2,6.3,50,2.5,93.3,1.46,8,8,3,No,yellow,Yes,3,63,341.4205,0
305,879899,2718,4,2,1131,22.2,8.6,26,14.3,91.8,1.98,10,8,4,No,green,Yes,1,16,616.9205,1
308,608129,1586,4,2,336,36.6,8,1,6.3,91,1.61,7,3,6,No,green,Yes,2,5,679.6205,1
314,662087,1341,2,4,200,18.9,7.7,25,2,99,1.74,9,9,5,No,green,Yes,2,-4,1387.3705,0
318,793177,1914,4,4,402,20,5.8,2,1,91.4,1.83,2,1,3,No,red,Yes,3,59,60.2205,1
320,797158,1640,3,5,687,29.4,7.6,32,28.6,95.7,1.68,3,2,3,No,green,Yes,1,-1,897.1705,1
323,676233,1218,5,1,715,27.8,9.5,8,1.1,97.5,1.44,5,9,1,No,yellow,Yes,2,51,161.8705,1
327,667147,1733,5,3,764,44.3,8.6,33,5.1,92.9,1.15,4,8,10,No,blue,Yes,1,38,1086.2205,1
329,665140,1904,4,5,1052,18.6,8.4,27,10.1,93.5,1.15,2,7,2,No,red,Yes,2,14,253.0705,1
331,786764,1657,3,4,802,7.9,8.7,3,3.5,93.6,1.75,4,10,1,No,blue,Yes,3,59,1049.1705,1
332,824363,1726,2,2,372,27.1,9.3,21,11.3,90.3,1.2,7,4,8,No,blue,Yes,2,3,519.0705,1
333,532271,1223,4,5,605,41.9,7.7,22,12.1,93,1.57,10,7,9,No,white,Yes,2,32,1090.0205,1
335,498210,1920,4,2,200,50.2,8.1,66,1.2,85.7,1.13,9,4,2,No,red,Yes,2,6,1244.8705,0
336,841987,1554,4,2,501,15.4,9.1,14,1.9,96.3,1.12,7,9,1,No,yellow,Yes,2,29,1207.8205,1
342,786589,1184,4,3,493,20.2,9.2,16,6.6,97.5,1.94,4,5,8,No,blue,Yes,1,-1,1394.9705,0
348,741464,1271,5,5,560,28,9.5,5,0.7,94.8,1.64,7,5,3,No,green,Yes,2,19,929.4705,0
349,582912,1304,1,3,906,47.6,8.6,8,7.9,94.4,1.69,8,3,4,No,red,Yes,3,6,284.4205,0
351,1007741,1960,5,4,200,8,9.6,50,1.4,96.4,0.69,5,10,5,No,yellow,Yes,2,31,1451.0205,0
352,678283,1527,1,5,200,54.3,8.8,5,1,90.5,1.18,3,4,1,No,yellow,Yes,2,40,567.5205,0
354,777056,1278,5,5,248,3.9,7.9,31,2.9,99,1.36,5,7,3,No,red,Yes,3,12,737.5705,0
362,994991,2767,3,4,838,3.6,8.8,4,4.8,90.7,1.88,3,3,10,No,green,Yes,3,-1,1134.6705,0
365,641003,1476,4,6,839,43.4,6.4,23,18.8,93.5,1.6,3,8,9,No,white,Yes,3,44,2.2705,0
366,719210,1459,5,5,465,20.6,9.2,31,12.5,91.3,1.27,3,5,5,No,red,Yes,1,51,1192.6205,0
367,701770,1430,2,7,859,40.8,8.6,9,3.2,94.1,1.04,4,1,2,No,white,Yes,2,62,1488.0705,0
384,482079,1065,6,7,496,33.9,9.3,1,15.1,92.1,1.12,7,5,10,No,yellow,Yes,1,1,398.4205,1
385,415616,1073,6,1,585,40.8,6.3,40,7.7,96.7,1.64,3,2,9,No,green,Yes,3,48,963.6705,0
389,479101,814,4,1,740,40.4,7,100,6.5,96.6,0.86,9,4,2,No,white,Yes,2,30,952.2705,1
392,726174,2312,3,5,200,46.9,8,28,20.2,91.5,1.31,8,8,3,No,green,Yes,2,19,402.2205,1
394,691825,1057,5,3,200,9.4,7.3,21,9.5,96.9,0.5,2,8,1,No,green,Yes,2,28,85.8705,0
396,996630,2560,5,7,1102,20,9.7,31,8.9,94.1,1.79,3,3,1,No,yellow,Yes,2,1,1441.5205,0
400,839981,2638,5,2,618,13.1,5.4,7,30.8,90.9,1.09,2,3,4,No,white,Yes,2,56,1463.3705,1
401,762572,1756,5,5,423,26.7,7,43,0.5,98.5,1.29,2,7,4,No,yellow,Yes,1,3,1071.9705,0
405,611715,1316,4,5,200,19.5,7.5,24,12.2,90.4,1.91,5,2,2,No,white,Yes,2,15,1318.9705,0
410,492415,1313,5,6,200,22.1,7.3,12,17.8,86.7,1.52,9,1,2,No,blue,Yes,3,-4,1444.3705,0
420,738365,1225,5,6,200,20.4,8.9,17,8.2,91.4,1.81,3,1,1,No,yellow,Yes,2,48,1008.3205,1
422,871958,1905,4,3,200,30.8,8.4,19,4.8,90.7,1.78,8,3,3,No,blue,Yes,3,22,100.1205,0
424,643028,1852,1,5,936,30.3,8.1,13,19.6,88.6,1.15,5,9,4,No,red,Yes,2,9,1455.7705,0
429,783711,2721,3,5,371,81,8.8,4,6.7,92.7,1.54,10,7,2,No,blue,Yes,2,-2,299.6205,0
433,849297,1866,3,6,623,13.3,9.5,64,11.6,90.8,1.26,6,6,5,No,yellow,Yes,2,6,94.4205,0
435,943245,3233,3,5,1518,4.2,8.9,32,1.5,92.4,1.77,10,1,7,No,red,Yes,2,52,1262.9205,0
437,901677,2766,6,7,1040,20.1,9.4,24,8.4,95.4,1.7,1,9,3,No,red,Yes,1,12,972.2205,1
446,906251,2410,1,4,1444,48.4,8,6,14.1,91.8,1.33,2,1,3,No,blue,Yes,2,10,673.9205,0
452,859249,1816,3,1,634,15.1,9.2,4,8.7,89.2,1.28,6,4,10,No,green,Yes,2,43,794.5705,0
453,800932,1401,3,2,736,16.5,9,29,6.8,94,1.72,3,1,7,No,yellow,Yes,2,19,345.2205,1
466,886072,1881,1,3,588,23.1,8.7,10,3.1,96.5,1.28,5,6,2,No,yellow,Yes,2,59,1000.7205,1
470,676089,1463,3,7,738,24.1,8.9,42,23.2,90,0.5,7,2,6,No,blue,Yes,3,54,408.8705,1
471,915925,2533,5,6,1040,59.1,8.5,12,14.1,95.3,1.33,1,7,10,No,red,Yes,2,11,704.3205,1
476,896421,1439,6,5,387,11,9.6,9,1.1,97.2,1.16,3,8,4,No,blue,Yes,3,43,383.2205,1
477,1019893,3211,5,3,788,35.1,8.2,8,10.3,84.2,1.65,10,3,7,No,yellow,Yes,2,22,769.8705,1
479,726054,1958,4,1,299,50.6,7,10,5.7,88.7,1.25,6,7,10,No,white,Yes,3,17,312.9205,0
485,879903,3141,2,7,520,37.1,6.8,7,16.7,94.5,1.35,9,3,10,No,blue,Yes,3,49,627.3705,0
491,917964,2173,2,7,1233,12.6,8.9,20,17.5,92.7,1.12,5,7,9,No,yellow,Yes,2,24,637.8205,1
494,844019,2158,3,7,840,56.7,8.5,21,11.1,87.8,1.91,1,8,7,No,white,Yes,1,15,726.1705,1
497,887224,2695,4,5,1376,1.2,7.9,78,9.1,90.4,1.54,2,9,7,No,blue,Yes,2,45,883.8705,1
500,492439,1195,3,3,364,34.2,8.1,28,8.3,98.6,1.4,3,4,4,No,yellow,Yes,2,21,1281.9205,0
5,762252,1670,2,6,323,36.6,7.9,0,4.1,93.9,1.66,10,7,4,No,red,Yes,1,7,435.4705,1
9,798975,2683,1,4,497,60.1,8.8,4,26.9,88.9,1.07,3,2,8,No,green,Yes,1,35,456.3705,0
12,644209,2104,3,1,1281,48.6,6,65,5.2,95.1,1.6,5,3,2,No,white,Yes,3,58,1078.6205,0
25,722255,1611,5,4,739,87,9.2,24,6.3,92.8,1.65,5,6,3,No,white,Yes,3,28,1333.2205,0
28,573356,1062,1,4,631,7.6,9,45,11.8,93.2,0.91,6,9,9,No,green,Yes,3,-1,768.9205,0
29,804539,905,2,4,242,13.8,8.1,7,5.5,92.8,1.3,6,7,7,No,white,Yes,3,3,699.5705,0
33,779180,2146,4,6,946,34.6,8.2,56,1.3,86.2,1.09,2,3,10,No,yellow,Yes,2,17,762.2705,1
42,936722,2757,5,6,505,36.7,9.2,2,1.4,93.9,0.7,7,5,5,No,yellow,Yes,2,15,1272.4205,1
45,800122,1870,1,2,722,34.9,7,12,9.9,87.1,1.05,5,1,3,No,green,Yes,2,62,1168.8705,1
48,988577,3078,4,4,1148,71.1,6.3,13,6.8,92,1.13,5,5,2,No,white,Yes,1,32,906.6705,1
54,1096373,2427,3,3,771,13.6,8.3,12,9.6,92.2,1.23,8,10,7,No,yellow,Yes,1,25,1350.3205,1
55,777451,2028,6,3,639,17.9,6.6,23,5,98.3,1.55,3,5,2,No,green,Yes,3,46,1177.4205,1
57,641455,1848,5,6,500,34.1,7.3,20,7,97.6,1.72,3,8,8,No,green,Yes,1,55,937.0705,1
60,891932,2219,1,3,449,22.9,9.1,12,2.9,90.3,1.51,5,1,5,No,yellow,Yes,2,62,1252.4705,1
64,1067284,4152,3,2,1282,27,7.3,67,9.7,90.7,1.43,1,6,4,No,yellow,Yes,2,12,52.6205,1
65,775928,1917,1,7,744,20,9,7,9.6,86.6,1.94,8,9,5,No,blue,Yes,3,35,1267.6705,0
69,912819,2438,6,6,724,3.8,8.2,27,7.7,87.9,1.23,3,10,5,No,white,Yes,1,-4,739.4705,1
70,596419,1512,3,4,361,75.3,8.5,27,31.1,95,1.56,6,7,7,No,red,Yes,2,16,115.3205,0
71,1021329,2202,5,6,213,22.8,7.3,17,3,90,1.69,1,8,8,No,red,Yes,2,60,1351.2705,0
78,829568,1316,4,3,825,31.3,7,13,0.7,90.2,0.61,2,3,9,No,white,Yes,3,46,543.7705,1
81,1161350,3095,3,4,1005,19.9,8.1,27,7.4,91.7,1.72,8,2,2,No,red,Yes,1,26,824.9705,1
83,945047,2760,5,2,979,31.9,7.6,91,5,91.9,1.7,4,7,9,No,red,Yes,2,42,1542.2205,0
85,715328,1741,2,7,200,17.7,8.8,9,1.9,92.5,1.7,4,8,5,No,blue,Yes,2,-5,1164.1205,1
88,628920,1047,2,2,623,46.3,8.4,13,13.5,92.2,1.46,2,3,7,No,yellow,Yes,3,53,1320.8705,0
90,810197,1775,5,2,200,20.6,6.4,43,4.3,96.1,0.86,2,9,4,No,green,Yes,1,15,1280.9705,0
93,897315,1700,3,5,1012,42.4,9.5,10,7.1,93.8,1.16,10,8,1,No,white,Yes,3,-5,922.8205,1
106,1004389,2611,4,6,1566,32.2,8.8,9,1.7,97.1,1.21,3,2,10,No,yellow,Yes,2,61,1064.3705,0
110,710782,1396,3,5,373,45.2,8.1,23,8.6,96.8,1.44,9,3,3,No,green,Yes,2,51,186.5705,1
114,590394,1326,3,3,275,41.8,8.3,16,13.7,92.7,0.88,6,9,5,No,red,Yes,2,60,1012.1205,0
129,711314,1353,2,6,383,8.1,9.1,5,16.5,90.6,1.61,2,2,5,No,white,Yes,2,6,512.4205,1
130,553293,1082,4,5,200,18.9,8.5,8,9.3,89,1.94,10,2,7,No,green,Yes,3,12,200.8205,1
133,1076493,3462,3,4,978,50.9,9,35,10.4,90.5,1.47,8,1,1,No,red,Yes,3,9,786.0205,0
134,715660,1822,4,6,649,74.5,7.5,37,1.9,93.2,1.24,6,6,10,No,red,Yes,3,55,82.0705,1
140,1037308,2515,3,3,1334,50,9.2,34,1.8,94.1,1.38,9,9,6,No,yellow,Yes,2,49,218.8705,1
149,650567,1073,3,6,903,39.1,8.4,65,3.3,96.1,1.48,7,6,4,No,red,Yes,3,21,150.4705,0
150,925255,1970,5,5,546,9.4,7.7,35,2.1,94.5,1.03,6,2,9,No,blue,Yes,1,61,742.3205,1
151,1152410,3491,3,3,1428,26.1,9,19,7.9,94.4,1.48,2,1,3,No,green,Yes,1,22,554.2205,1
153,596064,1373,5,2,200,25.4,7.6,4,1.6,95.5,1.61,8,8,7,No,yellow,Yes,2,38,392.7205,0
157,923810,1703,6,3,477,18.5,7.2,2,12.8,92.1,1.22,7,10,9,No,white,Yes,2,31,1297.1205,0
159,700104,1859,4,2,280,17.6,8,10,6.7,94.8,1.79,3,6,4,No,white,Yes,2,22,1130.8705,1
172,724660,1885,3,2,1279,10.9,8.2,40,14.8,82.4,1.74,9,2,9,No,white,Yes,2,30,1099.5205,1
174,589267,1134,2,4,425,21.5,7.9,8,8.7,85.8,1.43,8,6,5,No,blue,Yes,2,-3,910.4705,1
183,600199,983,5,5,207,12,7.1,86,3.7,91.5,0.99,10,2,3,No,green,Yes,2,41,235.0205,0
185,523745,1762,4,6,518,47.3,7,12,15.2,92.8,2.5,2,8,10,No,blue,Yes,2,38,325.2705,0
188,939836,2708,5,3,1191,16.8,8.2,2,2.6,98,1.6,3,2,8,No,red,Yes,2,47,60.2205,1
191,777233,2630,3,3,550,23.8,6.5,64,3.2,97.7,1.86,9,7,10,No,white,Yes,2,-4,268.2705,0
194,877183,2517,5,7,1159,18.9,9.5,18,22.2,91.6,1.59,3,1,10,No,white,Yes,2,34,1468.1205,0
196,711655,1708,2,3,411,18.3,8.4,7,21.5,90.7,1.51,7,10,9,No,white,Yes,1,19,719.5205,1
202,650271,1226,4,4,694,49.1,9.5,50,5.4,96.1,1.49,4,8,5,No,green,Yes,1,28,1134.6705,1
206,1093093,3132,4,2,1308,15.7,9.3,100,6.7,92.3,1.27,1,1,8,No,yellow,Yes,2,60,1140.3705,0
211,1042306,2540,2,2,1217,17.9,8.3,7,4.4,94.4,1.78,1,3,8,No,red,Yes,2,-2,1531.7705,0
212,743529,1881,4,6,494,35,7.8,26,0.6,96.8,1.42,4,8,5,No,green,Yes,3,33,1005.4705,1
216,753123,1013,4,5,939,29.8,6.5,6,1.3,88.2,1.3,8,3,6,No,blue,Yes,3,29,1230.6205,1
223,644098,1746,4,3,380,28,9,54,14.8,94.9,1.8,5,6,8,No,green,Yes,2,49,593.1705,1
224,1175529,3476,4,7,817,3.9,6.8,44,0.5,92.5,1.54,7,7,6,No,white,Yes,1,60,701.4705,1
231,888645,1993,3,6,708,30.6,9.1,17,1.9,95.5,1.18,4,1,9,No,red,Yes,2,31,15.5705,1
232,900752,1585,5,7,448,51.2,8.5,8,0.7,95.5,1.1,5,5,6,No,red,Yes,1,53,933.2705,0
243,791369,2870,6,1,1212,25.3,7.2,11,16.6,91.5,1.53,3,5,6,No,white,Yes,2,6,789.8205,1
244,984261,2492,5,2,1090,27.7,9.9,27,8.6,92.9,1.47,9,2,7,No,white,Yes,2,44,975.0705,1
247,831722,2173,3,3,889,3.4,8.3,45,10.1,99,1.22,5,7,2,No,red,Yes,3,27,425.9705,1
250,926100,2560,5,5,642,14.7,6.7,14,20.9,93.9,1.76,9,6,6,No,blue,Yes,1,15,1062.4705,1
260,845605,1603,4,2,200,17.8,8.8,12,21,84.5,1.77,3,7,2,No,yellow,Yes,1,44,189.4205,1
264,773926,2005,1,5,378,19.2,6.3,19,18.5,96.8,1.54,6,2,3,No,white,Yes,2,4,24.1205,0
271,742327,1586,5,5,489,8,9.1,83,3.1,91.4,0.53,6,2,3,No,red,Yes,2,-1,1416.8205,1
273,971578,1743,2,7,646,31.6,8.5,5,3.5,90.2,1.5,9,3,8,No,red,Yes,2,62,35.5205,0
278,753420,1688,3,1,200,45.9,8.5,18,4.1,98.1,1.57,1,3,2,No,green,Yes,1,37,879.1205,0
283,879085,2484,2,4,1105,13.6,5.2,71,0.5,96.9,1.47,8,8,7,No,red,Yes,2,-5,1170.7705,1
285,805941,1462,5,2,200,55.5,8,37,6.1,99,1.62,7,6,10,No,blue,Yes,2,60,121.9705,1
287,783836,1251,4,4,438,10.7,6.2,4,0.5,90.5,1.51,8,2,4,No,green,Yes,2,59,479.1705,0
292,1199133,3008,5,2,1363,13.5,7.7,19,1.2,93.8,1.48,9,2,5,No,green,Yes,1,11,1107.1205,1
295,580262,1186,5,7,200,28,6.8,12,5,96.2,1.45,9,1,4,No,blue,Yes,2,36,1215.4205,1
301,865161,1666,4,5,200,52.4,9.3,1,2.8,92.9,0.96,5,9,2,No,red,Yes,2,37,1497.5705,1
303,947773,2518,4,5,1064,44.6,8.3,3,9.2,89.4,1.54,1,8,1,No,blue,Yes,2,45,857.2705,1
305,649369,910,2,6,515,61.7,7,6,1.6,89.4,0.99,1,8,10,No,blue,Yes,3,35,727.1205,1
306,817996,2535,2,3,545,21.2,7.8,72,3.5,99,0.5,4,7,9,No,green,Yes,2,60,831.6205,1
307,699973,1355,4,5,500,39.2,7.3,4,1.1,89.5,0.87,4,3,9,No,green,Yes,1,19,1052.9705,1
314,740066,2227,3,5,386,15.6,8.1,46,25.4,94.3,1.95,9,3,6,No,blue,Yes,2,52,804.0705,1
322,886776,1795,2,6,750,12.5,8.7,7,2.9,91.7,1.13,1,3,4,No,green,Yes,2,19,787.9205,0
324,1073303,2843,4,3,1154,1.2,7.2,21,5.2,98.3,1.07,3,8,1,No,red,Yes,2,13,217.9205,1
331,1096386,2855,4,5,785,14.6,8.4,11,1,93.8,1.31,2,6,10,No,white,Yes,2,28,692.9205,1
335,783849,1729,5,6,200,37.9,7.7,0,7.1,95.2,1.45,7,2,6,No,blue,Yes,3,10,43.1205,1
336,778680,1854,4,5,245,21.8,9.5,11,25.2,93.5,1.1,5,9,1,No,red,Yes,2,51,584.6205,1
340,768309,1772,3,4,543,11.4,7.9,33,4,96.8,1.83,7,5,4,No,blue,Yes,3,42,600.7705,1
341,706256,1302,3,1,859,54.6,8.2,50,5.2,95.6,0.93,5,7,10,No,blue,Yes,1,31,928.5205,1
343,748767,1712,5,1,870,26.6,8,11,5.6,95.9,1.51,5,5,9,No,white,Yes,1,6,1293.3205,1
348,948257,2810,4,5,1307,52.2,6,34,17.6,92.4,1.17,2,4,6,No,red,Yes,1,43,438.3205,0
350,757865,1399,1,5,200,16.6,7.6,8,3,97.8,1.6,1,5,6,No,red,Yes,3,37,1436.7705,1
353,687201,1121,4,6,212,17.2,8.3,16,3.7,84.5,1.5,10,3,7,No,green,Yes,1,38,963.6705,1
355,598057,870,2,5,557,57,7.4,2,0.5,82.7,1.07,1,7,9,No,red,Yes,2,58,432.6205,0
359,639049,900,5,7,200,7.6,5.7,6,0.5,92.2,1.54,7,3,8,No,white,Yes,3,48,964.6205,1
363,661620,1504,6,6,327,25.4,5,3,16.2,94.3,0.76,1,8,3,No,white,Yes,1,40,445.9205,1
371,860117,1644,4,3,200,23.1,8.4,14,5.4,87.4,1.16,9,8,5,No,red,Yes,1,55,71.6205,0
376,856850,2644,1,3,1051,10.6,7.8,24,6.7,90.1,1.16,8,10,6,No,green,Yes,1,37,1002.6205,1
378,794402,1841,2,5,1047,37.5,7.1,11,11.6,95.1,1.73,3,7,7,No,green,Yes,2,56,879.1205,0
381,1052424,3699,2,5,1404,36.2,4.6,56,8.3,86.8,0.89,8,1,3,No,white,Yes,2,61,1193.5705,1
382,704471,1088,3,6,614,28.3,9.4,25,7.7,94,1.8,6,1,9,No,green,Yes,2,26,212.2205,1
384,760267,1722,5,4,210,40.2,9.6,39,2.5,94.3,0.86,2,4,3,No,red,Yes,1,28,46.9205,1
389,845512,2417,4,4,879,39,8.7,42,13.6,95.3,1.34,6,6,3,No,yellow,Yes,3,-2,218.8705,0
390,923440,2344,1,6,1094,38.4,9,15,3.5,96.2,1.37,7,7,8,No,red,Yes,3,51,91.5705,0
395,705787,1312,5,4,465,39.6,9,11,13.5,99,1.72,10,5,4,No,green,Yes,1,27,1539.3705,0
396,623690,2389,4,7,609,26.9,8,37,39.1,94.3,0.84,6,2,9,No,green,Yes,3,28,1334.1705,0
408,789628,2004,4,7,708,52.4,9.7,7,6.4,95.2,1.39,7,7,3,No,yellow,Yes,2,14,1480.4705,0
410,844162,1918,3,5,1028,14.3,7.7,2,8.1,95.7,0.67,9,7,4,No,blue,Yes,3,30,1209.7205,0
412,740926,1739,2,6,877,12.2,8.4,13,2,99,1.96,6,7,4,No,white,Yes,2,20,761.3205,0
416,690798,1419,5,2,922,44.5,5.8,38,3.6,97.4,1.3,3,10,4,No,green,Yes,1,55,212.2205,1
417,713644,1148,6,3,200,9.9,6.7,31,8.2,98.3,1.23,5,3,5,No,blue,Yes,2,63,1406.3705,0
420,694562,1661,5,6,457,31,9.2,22,6.1,92.6,1.21,9,5,8,No,red,Yes,1,11,1428.2205,0
424,840270,1889,4,3,375,27.8,8.8,12,11.4,97.8,1.62,8,3,4,No,yellow,Yes,2,23,420.2705,0
427,654945,1354,5,2,621,30.3,7.2,60,7.5,93.6,1.44,8,1,2,No,blue,Yes,1,2,2.2705,0
428,1071234,3044,5,7,1060,5.6,9,5,3.6,84.6,1.83,7,9,6,No,yellow,Yes,2,7,930.4205,0
431,573246,1444,4,7,276,7.4,7.1,20,17.1,93.4,1.84,4,10,7,No,white,Yes,3,-4,1432.0205,0
433,454906,1072,4,2,200,32,5.7,61,8.7,96.8,1.39,10,6,6,No,blue,Yes,1,2,1354.1205,0
436,556094,1606,1,6,330,26.8,8.8,29,2.7,88.3,1.63,2,3,5,No,white,Yes,1,57,289.1705,0
439,898938,2148,4,3,787,32.9,7.1,10,1.7,95.3,1.62,3,4,10,No,white,Yes,3,59,818.3205,0
446,760691,1315,5,3,625,21.8,7.8,5,0.5,93.5,1.5,9,9,10,No,red,Yes,1,28,1433.9205,1
453,601448,1225,3,7,342,28.6,6.6,32,9.3,95.8,1.54,10,9,7,No,blue,Yes,2,20,45.0205,1
455,672107,1062,3,6,669,29.9,6.9,16,1.9,92.4,2.25,3,3,4,No,red,Yes,1,14,28.8705,0
461,611818,1575,3,2,200,25.4,8.2,26,8.5,99,0.98,2,7,9,No,green,Yes,2,19,807.8705,1
462,648858,1154,2,2,676,45.5,8.7,59,10.8,95,1.09,5,1,6,No,yellow,Yes,3,39,304.3705,0
463,775687,1697,6,5,800,54.6,6,4,2.7,99,1.07,4,9,7,No,white,Yes,2,19,1399.7205,1
466,675290,2389,3,2,1373,60,7.2,11,25.8,94.1,1.21,7,6,7,No,yellow,Yes,1,61,1394.9705,0
476,1004549,2233,5,4,717,4,9.5,0,0.5,98.9,1.31,4,10,8,No,green,Yes,3,20,1434.8705,0
483,553990,1320,1,7,200,35.8,6,18,8.7,97.4,1.88,2,5,9,No,blue,Yes,2,57,671.0705,0
486,1066307,4316,5,4,1413,14.6,8.2,60,22.8,92.9,2.01,10,6,2,No,red,Yes,2,17,890.5205,1
489,848061,2072,6,1,818,48.2,7.4,12,3.3,94.5,1.63,8,5,4,No,red,Yes,2,0,577.0205,1
492,657424,1311,2,3,550,24.5,9.7,90,21.6,91.9,1,4,7,3,No,white,Yes,3,-2,861.0705,1
498,815267,2722,6,5,1081,49.1,8.2,45,4.9,99,1.74,2,3,2,No,white,Yes,2,41,938.9705,0
500,858115,1588,6,3,501,2.8,9.2,2,0.6,89.1,1.71,3,9,5,No,blue,Yes,3,63,1028.2705,0
4,598032,1114,2,5,845,46.1,8,9,5.7,92.7,1.13,6,7,2,No,red,Yes,2,0,1014.0205,1
10,901200,2964,3,5,1325,45.1,8.6,15,40,88.1,1.34,6,2,5,No,yellow,Yes,3,11,16.5205,1
17,1141416,3255,5,5,972,28.4,7,9,6.6,95.2,1.01,7,5,3,No,yellow,Yes,1,26,1325.6205,0
26,932043,1987,2,4,1080,15.3,9.2,9,6.2,91.4,1.64,7,9,5,No,yellow,Yes,1,54,96.3205,0
37,813629,1290,3,3,844,17.7,7.1,1,1.8,94,1.43,6,3,3,No,white,Yes,2,19,793.6205,0
42,608263,706,3,4,200,52.5,9.6,3,3.1,84.9,1.37,2,8,4,No,white,Yes,3,-5,630.2205,1
46,755930,1582,2,6,430,16.9,8.5,8,8.7,98.3,1.13,6,1,9,No,yellow,Yes,3,45,1332.2705,0
47,529379,1036,3,4,316,41.5,6.2,2,11.7,89.2,1.02,4,3,6,No,green,Yes,2,31,1452.9205,0
48,709783,1352,5,2,470,29.4,8.5,63,3.2,96.2,1.97,5,2,2,No,yellow,Yes,1,-2,444.0205,0
52,1097272,2698,2,2,1053,24.5,8.7,5,0.5,90.3,1.1,4,3,5,No,blue,Yes,2,44,1234.4205,0
53,942840,2069,5,4,200,35.4,8.6,10,4.4,91.4,1.25,3,9,3,No,red,Yes,2,16,1232.5205,0
55,843014,1632,1,5,893,24.7,9.6,13,2.6,97.5,1.64,4,4,10,No,green,Yes,2,7,95.3705,1
56,566559,1102,3,3,200,19.9,7.9,83,2.4,93.4,1.32,2,6,7,No,yellow,Yes,1,48,900.0205,1
59,873936,2288,1,5,200,46,6.9,16,1.5,86.9,0.89,8,1,1,No,yellow,Yes,3,57,785.0705,0
60,1018989,2940,1,3,976,13,6.7,18,17.3,97.6,1.2,5,8,9,No,blue,Yes,3,58,1155.5705,1
63,671318,1682,1,4,586,54.7,4.6,17,9.2,94.1,0.94,9,6,9,No,yellow,Yes,1,26,1106.1705,1
65,700902,1786,6,2,1299,63.8,9.3,17,5.1,94.6,1.86,4,7,6,No,white,Yes,2,30,1204.9705,0
72,659194,1134,4,7,1027,34,7,24,1.3,94.7,1.62,1,1,9,No,red,Yes,2,47,1045.3705,1
81,700385,1627,5,7,553,36.1,7.1,11,2.3,94.2,1.95,8,9,8,No,green,Yes,2,19,711.9205,0
82,842506,1961,1,5,782,4,7.2,10,10.2,86,1.31,9,3,3,No,red,Yes,2,60,1071.0205,0
85,1050927,3145,2,6,630,11.1,8.7,1,6.3,93.3,1.37,10,8,4,No,green,Yes,3,1,1073.8705,1
87,1116703,2970,2,4,932,29.7,9.6,6,0.5,96.4,1.24,5,9,9,No,yellow,Yes,2,48,452.5705,0
93,928880,3011,4,4,821,37.4,8.1,16,14.9,92.1,1.42,3,5,2,No,white,Yes,1,19,1214.4705,0
94,788519,1448,6,2,960,21.2,9.8,11,10.4,93.8,0.99,7,10,9,No,yellow,Yes,1,-1,941.8205,1
97,798336,1509,3,3,670,14,9,18,1.8,93.5,1.05,9,8,9,No,yellow,Yes,2,20,650.1705,0
99,682475,970,3,6,709,16,8.5,4,2.7,87.9,1.04,1,10,1,No,red,Yes,3,16,1107.1205,0
103,942767,2477,4,6,1617,11,7.3,9,13.1,91.6,1.83,2,2,2,No,red,Yes,1,34,64.0205,0
104,966576,2086,1,4,1234,12,8.8,24,1.3,94.6,1.76,4,7,10,No,red,Yes,3,56,799.3205,0
115,819901,2355,1,1,554,25.9,7.9,3,17,98.1,1.79,7,10,10,No,white,Yes,2,37,1187.8705,0
116,652598,1799,3,1,857,37,9.2,5,24.6,94.1,1.08,1,6,2,No,yellow,Yes,3,19,1012.1205,0
126,649040,878,2,6,1169,37.7,7.1,16,10.5,90.9,1.76,2,8,4,No,green,Yes,2,7,322.4205,0
132,767831,2112,4,3,555,24.2,9,48,13.4,98,1.07,8,7,6,No,yellow,Yes,2,-3,1381.6705,0
133,841614,1568,5,5,200,22.3,9.8,6,8.8,94.2,1.49,1,6,3,No,red,Yes,3,1,1486.1705,1
139,608156,1566,3,2,248,50.3,8.8,100,11.4,92.6,1.57,3,7,3,No,green,Yes,1,30,1371.2205,1
141,644951,1225,6,7,498,24,5.4,16,9.7,96.2,0.97,3,1,6,No,white,Yes,2,-3,1036.8205,1
143,659334,1335,6,5,276,5.6,9.5,46,3.1,92.9,1.06,8,10,5,No,red,Yes,2,-3,994.0705,1
144,727375,1424,5,6,771,32.6,7.4,6,4.3,97.2,1.13,1,5,6,No,white,Yes,3,29,935.1705,0
146,1096548,3378,4,1,1197,12.4,8.5,7,3.6,98.4,0.84,9,5,10,No,white,Yes,2,48,462.0705,0
148,728867,1297,3,5,285,18,5.8,1,3.5,95.1,1.51,8,8,6,No,blue,Yes,2,43,1336.0705,1
151,859804,1970,1,6,699,33.9,9.4,22,1.3,95.2,1.97,5,5,7,No,red,Yes,2,61,1472.8705,1
154,838379,2026,2,5,844,43,8.8,49,7.3,98.4,1.48,8,7,2,No,green,Yes,2,39,100.1205,1
160,831145,1999,4,1,442,26.7,8.8,6,10,91.6,1.67,3,5,5,No,blue,Yes,2,-3,1370.2705,1
169,906471,2060,4,2,1139,35,6.6,12,3.7,93.1,1.36,4,2,9,No,red,Yes,2,10,1481.4205,1
170,870288,2302,5,6,1340,13.6,8.6,7,3.6,94.9,1.14,7,6,7,No,blue,Yes,3,35,539.0205,0
172,817087,1426,3,3,582,28.4,7.9,3,0.8,91.1,1.01,7,9,1,No,white,Yes,1,-3,356.6205,1
175,789434,2498,4,6,616,22.4,8.1,85,6.7,95.5,1.48,7,7,8,No,yellow,Yes,2,8,422.1705,1
177,711233,1819,2,2,512,46.7,7.6,48,5.1,90,1.69,9,8,5,No,white,Yes,2,3,959.8705,0
178,591820,1315,6,2,200,33.2,9,94,8.7,96.5,1.12,2,6,5,No,red,Yes,2,10,135.2705,1
185,779661,1810,6,6,1027,27.9,9.3,15,7.2,90.9,1.4,5,6,6,No,blue,Yes,2,51,1470.0205,1
191,1105264,2124,5,7,1018,10.6,6.4,23,3.9,86.2,1.75,2,9,6,No,red,Yes,3,19,576.0705,1
192,596179,1407,5,1,200,9.2,7.7,7,27.2,95.1,1.49,2,9,1,No,red,Yes,1,37,1394.0205,1
195,884736,2160,5,6,655,45.2,8.6,1,3.3,98.5,1.79,9,10,6,No,yellow,Yes,1,10,913.3205,1
205,682233,1650,5,1,259,42.3,9.2,11,3.5,92.1,1.24,4,6,6,No,yellow,Yes,1,62,1405.4205,1
207,621485,1558,5,2,200,37.2,6.5,14,15.5,93.8,1.47,7,5,1,No,green,Yes,2,20,1242.0205,1
213,1025378,2974,4,7,1090,11,7.1,10,5.9,92.2,1.24,1,3,5,No,red,Yes,2,46,1030.1705,0
214,854251,1989,4,4,466,26.8,6.6,25,5.7,99,1.61,7,2,10,No,green,Yes,1,15,29.8205,1
215,621067,905,4,2,634,14.4,5.7,19,8,95.7,0.84,2,1,6,No,blue,Yes,3,51,18.4205,0
218,877469,1750,2,7,307,24,7.4,5,3.2,92.3,1.54,6,10,1,No,blue,Yes,2,38,1293.3205,1
227,752645,1357,6,4,955,14.2,9.7,7,6.9,94.5,0.92,5,6,5,No,yellow,Yes,2,38,273.9705,1
234,491226,1419,5,4,507,58.2,9.7,67,8.4,94.6,0.81,6,1,7,No,yellow,Yes,1,21,983.6205,1
235,871014,2232,6,5,1332,38.2,6.8,10,11.9,88.4,1.5,8,7,5,No,green,Yes,3,24,825.9205,1
238,735333,2022,1,5,817,27.9,6.5,9,27.2,94.1,0.96,1,4,2,No,red,Yes,2,5,1388.3205,0
243,790248,1040,5,4,580,24,8.6,22,1.6,97.4,1.71,2,7,9,No,yellow,Yes,1,14,142.8705,1
248,939866,2158,2,3,1084,9,8,41,3,96.7,1.66,1,7,9,No,blue,Yes,2,63,188.4705,0
255,619451,912,5,3,277,7,6.9,5,4.5,96.3,1.82,7,8,10,No,red,Yes,2,7,573.2205,1
256,672130,781,2,3,200,16.8,9,3,0.5,94.5,0.65,8,6,5,No,red,Yes,2,31,349.0205,0
257,979568,2032,4,6,682,24.1,9,19,5.6,99,1.23,6,2,3,No,blue,Yes,1,60,1515.6205,0
259,1179027,3707,1,6,1143,22.5,8.6,4,17.2,98.1,1.82,10,3,9,No,blue,Yes,2,28,148.5705,1
260,883539,1902,3,5,978,15.6,9,28,11.2,92.4,1.69,8,9,4,No,yellow,Yes,3,20,1373.1205,0
269,981998,3207,6,4,1092,21.9,6.7,46,5.9,89.5,1.17,7,7,5,No,yellow,Yes,2,19,443.0705,1
272,871622,1821,5,6,561,22.7,7.4,28,3.6,93.9,0.76,4,1,10,No,blue,Yes,2,61,923.7705,0
276,881290,2400,2,2,411,41.7,7.6,7,14.2,94.5,0.71,5,3,10,No,green,Yes,2,39,1542.2205,0
281,970557,2741,3,5,803,19,9.8,11,14.8,94.6,1.49,8,5,9,No,blue,Yes,1,38,1268.6205,1
285,1136868,2287,2,7,1054,27.1,9,9,6.6,94.9,1.86,10,1,6,No,white,Yes,3,33,8.9205,0
288,743611,1211,2,6,617,11.1,8.9,16,0.6,89.1,1.31,2,9,10,No,red,Yes,1,2,1458.6205,1
289,495220,1225,4,4,200,37.4,9.2,32,11.2,91.8,1.6,2,7,5,No,blue,Yes,2,33,959.8705,0
295,746046,1678,2,6,481,29.2,7.6,18,9,94.5,1.78,2,4,10,No,white,Yes,2,-3,522.8705,0
296,1047890,2937,4,2,952,65.3,6.7,42,10.2,91.5,1.2,3,2,1,No,yellow,Yes,3,37,1309.4705,1
300,969418,2769,6,1,1486,37.7,7.3,5,2.8,93,1.18,4,1,9,No,red,Yes,2,43,595.0705,0
307,631104,1309,3,6,200,34.7,9.5,6,5.3,97.8,1.46,10,9,6,No,white,Yes,3,55,537.1205,1
309,518119,1578,3,3,863,58.1,7.7,43,5.7,88.3,1.55,5,8,2,No,red,Yes,1,54,229.3205,1
310,615516,1140,6,3,411,25.3,5.8,9,8.6,84.2,1.76,6,3,5,No,white,Yes,1,50,1246.7705,0
318,546284,1072,4,3,200,3.8,6.2,16,16.1,88.7,1.9,6,3,1,No,yellow,Yes,1,3,1027.3205,0
322,1123989,3420,3,1,1473,20.8,8.4,47,5.8,94.8,1.94,5,1,1,No,red,Yes,2,-2,188.4705,0
328,711527,1792,3,6,536,36.1,8.3,100,13.2,93.3,1.12,6,4,5,No,blue,Yes,1,58,164.7205,1
334,800714,1870,2,1,242,63.3,9,0,3.4,91.8,0.88,3,1,6,No,yellow,Yes,2,-5,221.7205,1
338,470797,969,2,1,1015,40,5.7,2,8.3,97.9,1.29,5,4,5,No,red,Yes,3,13,287.2705,1
342,809187,1477,5,5,218,54.6,8.1,12,5.4,91.3,0.82,2,7,8,No,red,Yes,2,28,1451.0205,0
353,665398,1820,6,7,249,14.2,8.2,11,21.2,88.5,1.8,5,5,6,No,red,Yes,3,54,1200.2205,1
358,811572,1625,4,3,1294,48.7,9.3,79,4.1,97.1,1.42,6,10,3,No,blue,Yes,3,63,1259.1205,0
361,929639,1348,3,6,1156,13.2,9.6,5,2.5,95.8,0.84,6,9,9,No,blue,Yes,1,32,817.3705,0
369,676828,1497,6,4,546,5.6,7.7,46,6.6,93.5,1.64,2,8,1,No,yellow,Yes,2,12,1467.1705,1
371,881149,2077,6,2,303,35.7,9.1,5,11.1,94.6,1.68,2,6,3,No,green,Yes,2,56,918.0705,1
378,632034,1392,3,5,446,22.3,8.1,49,25.4,98.2,1.95,7,4,3,No,red,Yes,1,46,221.7205,1
379,544150,1620,4,5,387,52.6,7.6,21,3.2,96.5,2.01,7,4,7,No,white,Yes,2,42,223.6205,1
380,555226,1018,2,7,671,21.5,7.7,7,11.4,94.7,1.54,8,1,7,No,green,Yes,1,8,839.2205,0
384,562832,1685,5,2,972,60.8,7.2,31,27.3,90.3,1.11,1,6,4,No,white,Yes,1,-1,472.5205,1
387,614083,1074,5,2,1067,35.1,6.3,62,0.5,95.5,1.81,8,3,10,No,yellow,Yes,3,0,208.4205,1
389,707080,1442,4,6,894,36.5,6.2,26,7.8,94.9,0.87,4,7,7,No,red,Yes,1,-3,617.8705,0
391,1103375,2564,5,6,1257,7,8.3,2,10.5,89.5,1.1,6,6,4,No,yellow,Yes,2,-6,165.6705,1
392,1187456,4500,1,4,1569,23.6,8.6,35,5,91.2,1.32,5,5,4,No,blue,Yes,1,-4,649.2205,1
396,683989,1491,2,3,310,9,8.2,48,5.1,88.6,1.7,6,3,5,No,green,Yes,2,61,1478.5705,0
408,751304,1588,2,2,485,10,8.9,26,15.3,98.7,1.25,8,9,8,No,yellow,Yes,2,8,651.1205,1
410,707173,1318,6,3,409,22.6,8.2,57,0.9,89,1.32,7,10,7,No,yellow,Yes,2,3,1470.0205,0
417,579100,1230,4,2,200,23.9,8.1,30,3.5,94,1.46,9,7,10,No,red,Yes,3,-5,933.2705,0
425,804081,884,2,4,723,10.3,8.8,14,2.6,98.1,1.66,6,1,9,No,red,Yes,2,31,715.7205,0
429,747730,1758,5,3,563,20.7,8,16,6,99,1.02,7,2,10,No,green,Yes,1,8,784.1205,1
431,625964,1369,3,6,200,22.2,5.5,2,9.6,92.1,1.45,1,5,8,No,green,Yes,2,42,1355.0705,0
432,850750,2426,4,3,835,54.4,7.7,34,4.2,91.5,1,7,8,6,No,white,Yes,2,28,23.1705,0
433,1033380,1963,4,4,546,8.5,8.6,2,3,90.1,0.68,9,3,2,No,red,Yes,1,14,1174.5705,1
440,663932,1142,6,1,200,32.5,7.5,5,2.9,91.8,1.41,1,7,2,No,blue,Yes,1,57,472.5205,0
441,674341,1549,1,1,392,18.9,5.8,15,16,90.6,1.28,7,5,7,No,red,Yes,3,44,329.0705,0
442,957980,2523,2,5,1257,7.1,8.2,0,11.7,90.2,1.2,7,2,4,No,white,Yes,2,57,1031.1205,0
457,689792,1861,3,1,474,45.1,6.2,13,2.4,92,1.62,1,4,5,No,white,Yes,2,20,743.2705,1
458,1133583,3387,2,4,1477,21,6.8,22,0.6,94.1,0.93,5,4,4,No,white,Yes,2,57,851.5705,0
461,1016083,2661,5,6,435,7.1,9,24,9.7,95,1.21,4,5,1,No,white,Yes,3,25,1343.6705,1
463,847958,2143,1,2,200,14.4,9.2,8,3.2,92.2,1.69,3,10,7,No,white,Yes,2,-6,952.2705,0
469,801662,1764,1,6,437,55.4,8.4,5,0.5,99,1.98,5,6,1,No,yellow,Yes,2,22,619.7705,0
476,867989,1815,4,4,657,4.6,9.2,11,8,95.7,1.12,4,7,3,No,white,Yes,2,49,212.2205,1
480,604667,909,1,1,714,18.2,7.1,1,11.9,90.2,1.37,9,4,4,No,green,Yes,3,19,326.2205,0
486,638570,1482,2,6,826,25.2,8.6,9,33.9,95.1,1.74,7,6,9,No,white,Yes,1,59,805.9705,1
491,875719,2211,6,4,339,25.9,8.4,8,12.8,90.3,0.94,7,3,8,No,blue,Yes,2,57,1176.4705,0
492,891692,2521,6,6,1105,7.9,9.1,9,3.3,93.2,1.75,10,6,6,No,white,Yes,2,5,720.4705,0
495,729101,1443,5,3,403,40.1,6.1,12,5,94.1,1.59,1,8,7,No,white,Yes,2,49,348.0705,0
497,959014,2356,4,4,1241,32.2,8.4,11,0.9,96.8,1.77,4,1,6,No,green,Yes,1,54,961.7705,0
500,945375,2070,6,6,922,24,9.9,7,2.6,94.5,1.14,5,8,10,No,green,Yes,1,7,1435.8205,1
1,900861,2369,2,5,1137,11.3,6.3,1,7.3,97.5,1.79,6,10,6,No,blue,Yes,2,61,210.3205,0
3,742616,2312,1,2,490,5.4,5.3,2,6.9,91,1.57,2,5,3,No,green,Yes,2,13,1043.4705,0
4,785815,1659,2,3,419,4.3,7.6,1,8.4,95.9,1.59,7,5,9,No,white,Yes,2,40,690.0705,0
9,953010,2884,1,6,895,28.7,7.3,1,1.5,91,1.24,2,10,4,No,yellow,Yes,2,57,148.5705,0
10,996234,2983,5,1,1083,76,9.4,33,3.4,98.6,1,9,1,6,No,white,Yes,3,32,645.4205,1
12,870897,1820,2,2,905,11.8,8,14,2.1,96,1.31,2,1,10,No,white,Yes,2,18,995.9705,1
14,878422,2326,1,2,614,10.2,5.8,40,1.6,94.5,1.14,6,1,10,No,blue,Yes,2,61,1331.3205,1
15,773152,1615,2,4,1005,15.7,7.8,9,8.8,93.3,1.69,2,3,8,No,white,Yes,2,62,1350.3205,1
31,680948,1117,2,1,613,24.6,9.7,2,4.6,88.8,0.53,5,8,9,No,red,Yes,2,60,37.4205,1
32,470927,1494,5,2,200,32.6,6.6,27,22.7,91,1.62,1,4,5,No,yellow,Yes,3,35,967.4705,0
33,929443,2145,3,7,515,41.4,8.9,54,4,90.6,1.11,5,6,7,No,red,Yes,2,34,415.5205,1
37,502602,1039,4,5,530,18.9,7,10,0.5,95.7,1.1,2,6,4,No,white,Yes,3,11,1473.8205,1
38,622613,1299,3,1,473,17.7,7.7,9,4.1,94.9,1.38,9,3,2,No,white,Yes,2,47,224.5705,1
44,712352,1057,4,3,278,12.1,8.1,24,6.9,90.1,1.7,6,1,2,No,blue,Yes,2,37,1402.5705,1
50,649520,1202,3,2,200,41.4,7.8,4,0.7,95.3,1.48,3,2,3,No,red,Yes,3,-2,1083.3705,1
57,845152,1637,2,2,580,6.9,8.6,54,10.6,93.9,1.28,6,2,4,No,red,Yes,2,12,1230.6205,1
58,754923,1783,1,5,883,15.7,8.6,8,9.4,95.9,1.83,10,8,8,No,blue,Yes,3,4,1463.3705,0
61,1076205,3081,6,6,974,22.1,6.3,27,1.9,88.9,0.8,6,4,5,No,blue,Yes,1,12,881.0205,0
63,759933,1403,4,5,1081,69.5,8.5,5,0.5,94.5,2.02,7,7,5,No,white,Yes,3,15,83.9705,0
73,663603,1114,6,5,200,7.3,7.7,18,4.4,96.9,1.66,3,8,8,No,green,Yes,3,54,1012.1205,1
74,837790,2720,4,1,1162,46.3,8.3,53,14.8,99,1.6,8,10,2,No,yellow,Yes,3,59,199.8705,0
80,931225,1704,6,2,417,4.1,7.5,0,9.1,97.7,1.41,1,10,2,No,red,Yes,2,46,1498.5205,0
84,656831,1433,6,6,878,49.8,9.4,100,3.9,95,1.67,10,2,6,No,yellow,Yes,1,46,1361.7205,1
86,378765,862,5,7,750,75.3,8.4,100,10.7,92,1.97,3,4,2,No,green,Yes,3,43,662.5205,1
88,707116,930,4,3,410,34.3,8.4,6,7.5,96.2,1.17,10,10,4,No,yellow,Yes,3,37,1184.0705,0
90,937748,2437,1,2,220,43.7,8.3,3,0.8,89.4,0.64,2,8,3,No,red,Yes,3,23,957.9705,0
92,1180772,3237,5,2,1409,15.9,9.2,12,2.4,88.3,1.93,6,3,8,No,red,Yes,2,36,1252.4705,0
93,452844,1080,5,4,200,62.1,7.4,1,5,93.6,1.44,8,1,7,No,red,Yes,1,15,1514.6705,0
98,862193,1760,3,4,1483,11.8,8.7,2,24.3,96.1,1.45,2,7,3,No,blue,Yes,2,-1,235.9705,1
100,618662,1100,6,4,570,42.6,6.5,9,0.5,98.6,1.76,9,7,9,No,yellow,Yes,2,60,945.6205,1
101,694538,1667,3,3,470,48.6,8.7,31,4.1,93.8,1.65,8,6,5,No,blue,Yes,2,18,988.3705,0
110,701900,2037,4,4,720,27.4,8,32,4.2,93.1,1.37,10,10,6,No,red,Yes,1,63,1301.8705,0
112,797964,1906,6,2,946,6.7,6.9,6,2.9,93.9,0.77,9,10,9,No,blue,Yes,2,36,720.4705,1
114,565550,1291,2,3,413,36.4,8.4,100,18.1,91.9,1.44,10,6,2,No,red,Yes,3,55,1180.2705,0
120,916251,2289,3,2,517,9.3,5.1,6,0.9,94.8,0.89,9,10,2,No,green,Yes,2,15,1163.1705,0
133,896772,2215,4,3,407,11,7.6,32,8,90.5,1.24,4,5,3,No,green,Yes,2,36,797.4205,1
135,649360,1570,5,5,200,33.3,9.1,100,28.4,93.8,1.59,6,6,4,No,white,Yes,2,42,1493.7705,1
139,591769,1496,3,7,696,65.1,9.1,20,28.4,92.4,1.23,8,1,10,No,blue,Yes,3,37,189.4205,0
140,945745,2890,6,6,905,33.6,7.5,100,1.3,86.5,0.83,7,5,10,No,red,Yes,2,48,1371.2205,0
145,782731,2006,2,3,1172,38.9,9.7,27,5.7,96.3,1.26,2,10,9,No,green,Yes,1,13,142.8705,1
147,1010211,2213,4,4,1394,6.4,8.7,8,3.3,89.3,2.31,8,4,2,No,blue,Yes,2,54,833.5205,1
149,1008989,2904,2,5,814,3.6,9.5,37,1.4,90.1,0.94,8,3,6,No,red,Yes,2,42,206.5205,0
151,898892,2289,3,5,783,21.6,8.5,61,7,95.2,1.59,1,9,9,No,green,Yes,2,42,1155.5705,0
152,711042,2333,1,7,1220,42.7,6.8,12,19.7,92.9,1.45,5,9,10,No,white,Yes,1,39,1511.8205,1
156,425358,872,2,3,200,5.6,6.2,47,29,91.9,1.35,7,1,1,No,blue,Yes,3,26,1368.3705,0
159,697075,1335,3,3,520,11,8.3,62,13.6,98.5,1.81,3,3,3,No,white,Yes,2,16,1264.8205,1
160,689880,1563,5,2,307,10.2,8.5,100,0.5,90.4,1.27,9,9,3,No,white,Yes,3,46,1057.7205,1
161,681097,1980,1,5,570,35.6,5.1,34,6.9,96.1,1.49,9,7,8,No,red,Yes,1,-4,392.7205,1
165,598468,1388,4,3,318,26.8,5.8,11,9.5,91.5,1,6,2,10,No,yellow,Yes,2,-1,79.2205,1
172,653769,1651,3,5,756,32.8,9.4,20,30,95.4,1.83,6,5,8,No,yellow,Yes,3,3,1060.5705,0
173,809569,1697,5,4,363,3.5,8.1,44,1,95.5,1.04,6,6,3,No,green,Yes,3,27,1482.3705,1
174,888373,2223,4,6,505,15.8,6.3,32,1.2,94.4,0.96,5,9,4,No,white,Yes,2,12,532.3705,1
177,985704,2727,2,4,444,15.5,9.3,9,5,97.5,0.6,3,7,9,No,red,Yes,3,19,39.3205,1
180,690718,1397,3,5,396,29,6.4,1,2.4,98.7,1.09,7,2,2,No,green,Yes,2,11,144.7705,1
181,933035,2009,2,1,702,37.2,9.1,3,4.1,96.5,2,5,9,5,No,red,Yes,2,30,186.5705,1
185,755260,1827,5,2,768,51.3,9.5,11,11.4,89.7,1.14,4,3,3,No,green,Yes,2,32,271.1205,0
186,829155,2289,3,5,624,24.2,9.4,69,4.6,92.5,1.02,5,3,6,No,yellow,Yes,2,18,769.8705,0
187,550797,874,3,3,240,22.6,7.6,16,5.6,96.3,1.31,1,4,3,No,yellow,Yes,2,46,32.6705,1
190,755724,886,6,5,568,56.1,9.3,14,7.3,99,1.09,9,6,10,No,red,Yes,3,47,276.8205,1
193,825699,1749,3,2,200,9.6,8.4,17,11.4,94.1,1.72,7,9,6,No,green,Yes,2,8,761.3205,0
194,1047703,2546,1,5,762,33,8.9,10,9.2,90.9,1.14,5,6,10,No,white,Yes,2,42,686.2705,0
195,928604,2338,5,1,1458,47.8,7.8,6,2.5,93.8,1.46,8,10,4,No,red,Yes,2,59,292.0205,0
213,622280,1146,5,6,853,26.6,5.3,2,0.5,93.7,1.29,7,2,6,No,blue,Yes,1,14,1490.9205,1
218,862218,3102,4,6,719,48,8.6,38,1.3,99,1.41,5,2,8,No,red,Yes,2,36,104.8705,1
224,1206141,4500,4,5,1782,9.5,6,13,3.2,87.9,1.93,4,7,5,No,white,Yes,2,21,1158.4205,1
226,546976,1216,1,2,809,61.6,7.1,100,0.6,85.7,1.37,6,1,6,No,red,Yes,1,60,216.0205,0
227,659816,1764,1,2,1254,52.3,7.4,34,15.8,90.4,1.32,1,2,6,No,green,Yes,2,7,1117.5705,0
231,572462,1251,2,1,200,22.2,8,21,13.8,92.1,1.91,7,7,7,No,blue,Yes,2,30,26.0205,0
233,941822,1961,5,4,1036,18,8.8,3,1.1,98.6,1.16,2,5,8,No,white,Yes,2,49,1278.1205,1
237,505041,1645,2,7,593,43.8,5.5,17,20,94,1.36,3,1,7,No,red,Yes,1,21,1223.0205,0
246,575516,1444,4,4,804,28.2,6.6,86,4.3,93.7,1.11,10,8,8,No,blue,Yes,2,18,485.8205,1
249,843707,920,2,2,484,8.8,7.6,0,11.2,95.6,1.35,1,7,2,No,green,Yes,3,54,508.6205,1
255,775582,2315,5,3,479,68.5,8,100,14.6,93.6,1.37,7,9,7,No,red,Yes,2,43,949.4205,1
258,811148,2259,5,1,200,33.8,7.5,26,12.6,95.4,1.57,5,9,10,No,blue,Yes,3,16,1343.6705,1
259,658602,1467,4,6,873,36,7.8,16,5.5,94.3,1.23,10,5,9,No,yellow,Yes,1,59,441.1705,1
260,1244212,4247,5,1,1485,1.4,7.4,4,2.1,89.9,0.89,2,9,9,No,red,Yes,1,-1,1138.4705,0
265,637110,1710,2,5,797,25,8.8,43,24.4,90.1,1.34,10,3,2,No,white,Yes,3,37,1091.9205,0
267,896431,2444,5,3,968,32.2,7.8,31,6.8,98.5,1.24,2,6,3,No,white,Yes,3,56,790.7705,1
269,783694,1919,2,3,568,26.2,8.3,72,15.8,91.3,1.31,1,9,2,No,red,Yes,3,40,1033.0205,1
275,743828,2976,3,5,1198,35.3,8.2,17,5.5,88.4,1.76,2,8,7,No,white,Yes,2,20,764.1705,1
279,823451,1749,2,2,1144,7.3,5.9,49,1.9,99,1.22,3,2,1,No,red,Yes,2,46,56.4205,1
280,860909,2357,4,4,1267,29.7,8.7,45,7.7,89.5,1.97,5,8,7,No,blue,Yes,2,5,1403.5205,0
283,1311633,3583,6,5,1552,4.3,8.6,32,0.8,87.3,1.41,3,3,8,No,blue,Yes,2,29,1053.9205,0
284,825877,1776,3,4,832,24.1,9.4,3,12.8,89,1.69,4,2,9,No,white,Yes,2,43,1512.7705,1
289,952621,2435,3,4,949,72.6,9,20,0.5,91.7,1.35,1,9,3,No,red,Yes,1,57,234.0705,0
290,779442,1790,5,5,1223,26.9,8.2,12,3.5,96.5,1.02,8,10,9,No,white,Yes,3,27,301.5205,0
291,554878,700,3,4,200,25.5,8.9,6,11.8,84.2,1.82,10,8,5,No,yellow,Yes,2,6,616.9205,0
296,885683,1554,6,4,1053,26.2,7.3,5,17.5,92.2,2.1,9,8,5,No,green,Yes,2,18,1329.4205,0
305,651152,2112,3,1,569,55.7,6.1,56,18.8,93.8,1.42,4,10,2,No,green,Yes,2,55,694.8205,1
319,820185,2038,4,2,381,28.7,8,4,0.8,90,1.42,5,1,7,No,red,Yes,3,32,183.7205,0
325,727576,2125,1,4,623,50.2,6.1,0,11.6,88.2,2.03,8,5,10,No,red,Yes,3,42,625.4705,1
327,962300,2719,5,5,1243,37.2,7.8,21,5.3,89.4,1.98,9,7,4,No,red,Yes,2,12,81.1205,0
328,946077,2076,4,6,660,36.6,7.1,19,3.1,89.4,0.62,1,9,1,No,red,Yes,2,16,24.1205,0
329,554936,1112,2,4,291,6.4,8.4,9,15.2,90.9,1.6,3,8,3,No,blue,Yes,3,20,683.4205,1
331,1324862,4500,5,2,1901,29.8,8.6,0,16.3,89.8,1.13,9,1,2,No,white,Yes,3,-4,502.9205,1
332,870541,2320,4,6,837,14.1,5.5,18,0.5,95.4,1.59,2,9,8,No,red,Yes,2,33,1333.2205,1
341,744014,1459,1,5,459,34.9,7.1,20,0.5,95.7,1.27,1,1,10,No,blue,Yes,3,28,717.6205,1
345,606092,1537,3,4,256,24.3,6.7,21,16.2,93.5,1.15,7,8,6,No,green,Yes,2,56,1179.3205,1
346,683568,1261,5,6,707,39.9,8.6,38,25.7,95,1.65,9,8,8,No,blue,Yes,2,44,1044.4205,1
355,1022982,2848,2,1,811,32,8.3,20,9.1,90.6,1.66,2,4,4,No,green,Yes,3,9,215.0705,1
363,1008464,2608,5,5,657,7.6,6.1,15,1.2,96.9,1.51,1,1,6,No,red,Yes,2,0,325.2705,0
366,803610,2352,4,4,1150,20.4,6.5,32,4.5,90.6,0.77,7,4,10,No,white,Yes,2,-6,57.3705,1
372,837677,1837,3,4,697,28.5,8.9,8,5.6,86.7,1.85,1,8,8,No,yellow,Yes,3,61,1276.2205,0
376,1092420,3590,5,7,1180,32.3,6.7,21,18.8,93.4,1.43,9,3,6,No,yellow,Yes,2,1,834.4705,0
384,535870,1362,3,4,572,15.1,6.2,18,7.5,91.8,2.06,6,5,10,No,white,Yes,2,47,1204.9705,1
388,938551,2009,3,3,755,39.7,7.7,14,2.3,88.3,1.98,7,10,6,No,white,Yes,2,8,1454.8205,0
389,877829,2099,4,5,916,18,7.8,14,3,94.5,1.66,6,6,1,No,blue,Yes,3,41,1144.1705,1
399,920707,2057,5,6,1038,32.5,9.5,0,4.1,90.6,1.51,4,3,8,No,red,Yes,1,-1,809.7705,1
400,875971,2903,5,2,1265,30.7,8.3,42,13.7,88,2.07,6,7,7,No,yellow,Yes,2,36,859.1705,0
401,755454,1444,2,6,442,24,9.2,6,4.3,92,1.14,10,10,3,No,blue,Yes,3,2,228.3705,0
402,984504,2201,6,5,979,28.6,9,48,4.8,94.1,1.59,4,1,4,No,white,Yes,1,42,1166.0205,0
405,613809,1374,6,3,827,53.4,7.2,54,2,96.3,1.16,4,8,5,No,green,Yes,1,58,795.5205,0
408,1093959,2299,5,6,859,5.9,9.7,11,3.7,95.3,1.46,3,2,9,No,yellow,Yes,2,44,80.1705,0
411,830828,2601,3,5,1384,55.9,7.9,63,3.9,95.7,1.49,2,10,2,No,white,Yes,2,35,496.2705,0
412,798234,1862,6,4,618,21.4,8.8,26,2.3,92.8,1.43,5,4,8,No,yellow,Yes,1,15,512.4205,1
414,647203,2070,5,3,200,32,8.6,13,13,94.9,1.38,6,6,10,No,blue,Yes,3,2,780.3205,0
419,765080,1787,3,3,200,21,6.8,8,2.4,89,1.02,8,10,10,No,green,Yes,1,36,133.3705,0
420,733302,1650,3,2,521,22.6,8.2,0,2.9,94.9,1.04,3,5,6,No,white,Yes,2,30,862.9705,0
421,664753,1549,5,3,554,29.8,7.6,19,5,93.8,1.48,10,2,8,No,green,Yes,2,34,887.6705,1
426,957852,2174,6,4,1121,41.9,6.5,19,0.5,94,1.8,4,4,10,No,yellow,Yes,2,34,1361.7205,0
436,899664,1995,3,4,761,37.1,9,2,4.7,89.6,1.63,4,6,10,No,yellow,Yes,2,-3,1010.2205,1
445,780837,965,4,4,200,1.5,9.1,19,6.5,91.1,1.26,8,6,3,No,green,Yes,3,-5,358.5205,1
446,951078,3046,4,7,463,34,7.7,0,20.5,86.3,1.04,8,1,6,No,blue,Yes,2,49,29.8205,1
448,630704,1520,3,7,503,7.3,6.8,38,2.8,89.6,1.66,2,7,7,No,green,Yes,2,34,1260.0705,1
450,796711,1647,2,2,957,45.2,8.8,90,5.9,90.3,0.85,7,9,8,No,blue,Yes,2,25,902.8705,0
455,636301,1244,4,3,369,58.3,9.8,5,12.1,88.3,1.57,1,2,7,No,red,Yes,3,22,1280.9705,1
458,716073,2348,4,6,308,25.9,8.7,12,38.3,88.2,1.5,6,10,2,No,blue,Yes,3,47,1463.3705,1
460,771266,1123,2,2,956,46.7,8.1,4,0.9,91.7,1.52,3,7,4,No,green,Yes,2,15,815.4705,0
461,695588,1456,5,5,426,15.7,6.8,87,13.8,94.1,1.53,4,5,4,No,yellow,Yes,2,19,872.4705,1
468,752112,1583,5,2,200,23.5,8,16,0.9,89.1,1.55,9,9,1,No,red,Yes,1,15,1523.2205,0
472,499097,1617,3,6,707,51.8,7.4,35,13.6,87.8,1.32,1,5,9,No,white,Yes,1,13,599.8205,1
476,983255,3298,2,6,1097,45.2,9.3,6,6,85.2,1.65,2,6,1,No,red,Yes,2,7,336.6705,1
479,1114628,3523,4,3,1624,47,8.9,22,1.9,92.8,1.33,6,2,5,No,blue,Yes,2,22,769.8705,1
480,571403,1591,4,5,894,19.8,8.1,4,12.5,99,1.06,6,4,5,No,red,Yes,2,43,409.8205,1
485,803494,1599,2,4,296,14.6,8.6,23,17.7,90.1,1.79,10,7,4,No,red,Yes,2,14,805.0205,0
495,657762,1242,2,7,508,32.1,8.2,14,6.5,96.9,1.74,3,4,7,No,yellow,Yes,2,10,1383.5705,0
500,868218,1690,3,6,950,2.2,9.1,5,7.1,96.4,1.63,10,3,1,No,red,Yes,3,-6,1160.3205,1
4,796458,1864,2,5,323,1.5,7.9,14,8.7,88.2,2.02,9,4,7,No,green,Yes,2,7,259.7205,0
9,621857,1360,6,1,585,35.1,6.2,1,1.9,92.1,0.96,5,8,3,No,white,Yes,2,15,228.3705,1
10,642255,1512,2,4,577,26.1,4.8,49,2.1,93.4,1.51,6,4,8,No,red,Yes,2,0,273.0205,0
11,1055738,3315,1,1,766,24.7,7.1,11,7.3,96.9,1.32,6,8,4,No,red,Yes,1,-4,1414.9205,1
12,1288009,4177,1,4,1027,21.4,7.9,10,6.9,98.1,1.06,1,1,2,No,green,Yes,1,12,306.2705,0
20,732583,2276,4,3,1435,14.1,7.4,60,13.1,92.2,1.02,9,10,3,No,yellow,Yes,1,16,611.2205,1
24,968846,2108,5,6,663,44.6,8.9,4,2,94.9,0.65,4,5,8,No,red,Yes,2,11,572.2705,1
26,793843,1365,4,3,200,50.2,9.5,26,7.6,93.9,0.5,9,4,4,No,red,Yes,1,27,386.0705,0
30,482708,879,5,6,200,45.7,9.2,39,12.7,93.7,1.74,9,1,3,No,yellow,Yes,2,18,642.5705,0
31,924651,2799,5,2,1045,32.5,7.2,13,9.7,91.3,1.24,4,8,1,No,red,Yes,2,16,177.0705,1
34,743181,1543,1,4,1268,49.3,6.6,29,12.3,94.2,0.92,3,2,10,No,blue,Yes,3,44,450.6705,1
44,891601,2886,5,1,537,27,7.5,13,11.5,92.8,0.9,4,2,5,No,blue,Yes,1,57,295.8205,1
48,502792,1277,2,6,200,34.6,9.5,38,40,94.1,1.68,5,1,9,No,green,Yes,1,62,940.8705,1
50,931346,3240,5,6,1488,38.7,9.1,75,4.2,91.1,1.39,5,10,8,No,green,Yes,2,51,1066.2705,0
74,1154469,3026,4,2,839,9.5,9.5,2,3.1,93,1.21,2,1,4,No,yellow,Yes,2,27,86.8205,1
76,561260,1103,4,5,456,47.1,9.4,5,1.1,87.1,1.3,7,3,2,No,yellow,Yes,3,4,1314.2205,0
78,648106,1781,6,6,1482,58.7,5.7,15,12.5,96.4,1.64,2,7,1,No,blue,Yes,2,47,1031.1205,0
79,664725,1479,2,7,1027,24.3,8.1,12,27.7,93.3,1.14,7,1,4,No,red,Yes,2,7,1044.4205,1
81,994713,2729,6,2,977,5.9,6,8,1.5,94.3,1.1,10,2,8,No,blue,Yes,2,45,341.4205,1
86,562970,1350,4,6,200,22.5,7,18,14.1,84.2,1.58,6,4,3,No,green,Yes,2,61,1546.9705,0
91,706682,1338,6,7,200,44.6,9.7,12,0.5,90.1,1.09,2,4,2,No,red,Yes,2,32,1240.1205,0
93,725400,1382,2,6,817,31.4,8.1,3,1.4,92.5,1.73,9,2,1,No,white,Yes,3,41,132.4205,1
99,969028,2549,3,3,858,20.8,7.9,2,11.1,97.5,1.97,1,1,6,No,red,Yes,2,55,66.8705,0
104,743651,1337,3,1,393,3.9,8,25,11.8,96.5,1.94,8,4,6,No,green,Yes,1,32,888.6205,0
108,624251,1440,5,2,708,6.7,4.4,35,1.3,89.5,1.22,4,1,10,No,blue,Yes,2,19,345.2205,0
111,848190,1955,3,4,1465,18.7,8.2,37,7.8,98,1.77,4,10,5,No,yellow,Yes,1,43,499.1205,0
112,552254,700,4,2,200,7.6,7.3,13,7.7,87.8,1.6,6,7,7,No,blue,Yes,1,39,773.6705,1
115,1015743,3048,5,6,1672,39.9,6.2,8,1.9,93.8,1.54,8,2,9,No,white,Yes,1,45,883.8705,1
116,622023,1233,4,4,200,21.1,9.7,43,0.5,93.2,1.19,5,9,8,No,red,Yes,2,13,811.6705,1
119,652297,1137,6,2,443,27.7,9.1,28,6.3,91.9,1.79,10,8,2,No,blue,Yes,2,33,1478.5705,1
123,724933,1359,4,1,941,16,6.7,14,0.6,99,1.13,10,3,3,No,white,Yes,2,62,114.3705,1
128,846614,2138,4,2,579,52.1,9.8,11,3.5,87.6,1.64,1,9,4,No,red,Yes,2,-4,266.3705,0
130,719727,2067,5,3,748,44.3,7.2,10,3.8,98.6,1.14,4,2,10,No,blue,Yes,2,27,1138.4705,0
134,777901,2303,4,4,592,34,7.9,4,6.9,92.8,1.18,2,9,7,No,white,Yes,3,62,21.2705,1
137,505268,1226,4,4,1123,37,7.1,25,26.3,95.1,1.77,3,8,7,No,red,Yes,2,34,1408.2705,0
138,950500,1586,2,6,275,21,9.3,4,0.5,94.4,1.37,9,2,10,No,yellow,Yes,1,4,838.2705,1
142,793950,1857,2,3,764,13.7,8.9,58,1.9,93.5,1.47,9,1,7,No,yellow,Yes,1,47,425.9705,1
147,641943,934,5,5,803,60.7,8.1,3,14.1,95.7,1.29,4,5,10,No,yellow,Yes,3,15,1430.1205,1
148,1176999,3682,4,6,1104,24.4,8.9,35,3.8,88.3,1.76,3,4,9,No,yellow,Yes,1,58,1132.7705,0
150,517866,1242,4,2,504,41.8,7.6,11,19.4,88.2,1.88,10,4,7,No,blue,Yes,1,49,608.3705,0
152,603206,1573,3,6,957,51.5,8.9,0,22.9,99,1.94,10,10,2,No,white,Yes,1,-3,989.3205,1
153,679908,1761,4,5,684,27,6,16,4.9,91.4,1.18,8,7,7,No,green,Yes,2,6,960.8205,1
155,947437,2630,3,4,1543,17.7,8.9,0,6.2,95,1.73,10,5,5,No,green,Yes,1,4,1126.1205,0
158,777418,852,1,6,440,40.2,8.4,47,5.5,95.9,1.31,4,7,1,No,red,Yes,1,42,1286.6705,0
163,830971,1422,3,1,583,16.4,8.3,1,4.3,88,1.38,2,8,5,No,yellow,Yes,2,33,393.6705,1
167,546703,1255,3,2,429,45.2,8.1,53,2.9,94.5,0.82,8,6,6,No,yellow,Yes,2,27,922.8205,0
168,652479,1519,5,6,520,35.9,8,13,4.5,91.1,1.47,10,8,10,No,red,Yes,2,44,999.7705,1
169,885471,1797,4,3,659,14.1,9.5,14,25.9,96,1.06,5,1,4,No,yellow,Yes,2,17,869.6205,1
177,885295,1670,3,7,282,13.5,8.5,39,6.1,93.8,1.41,3,10,5,No,blue,Yes,2,53,968.4205,1
183,748898,1669,5,3,224,19.6,9.7,13,4.3,93.5,2.04,4,2,9,No,green,Yes,1,52,1118.5205,0
190,821217,1681,2,4,771,28.7,9.3,33,8.8,93.1,1.19,6,4,8,No,blue,Yes,1,55,903.8205,1
195,834239,2235,4,4,868,28.6,9.1,2,2.5,96.1,1.17,7,6,10,No,blue,Yes,2,52,30.7705,0
196,855931,2996,3,3,1418,45.3,8.8,42,13.7,90.8,1.3,2,1,10,No,green,Yes,3,2,46.9205,1
197,976009,2583,5,4,896,20.3,7.1,4,13.3,92.4,1.55,1,2,3,No,yellow,Yes,2,19,1069.1205,0
201,1028704,2459,4,6,1415,17.8,9.8,1,3,91.2,1.33,8,3,10,No,blue,Yes,2,55,924.7205,0
209,635427,1396,5,7,643,62.3,6.2,15,14.4,96.7,0.77,8,3,4,No,blue,Yes,2,50,1389.2705,0
210,832738,1324,2,4,768,28.5,7.8,3,8.7,89.2,1.95,3,8,1,No,green,Yes,2,15,614.0705,0
212,630952,1129,5,6,345,56.6,7.4,18,1.1,90.4,1.03,9,7,2,No,white,Yes,2,26,808.8205,1
217,539125,1402,3,3,771,39,9.8,19,31.8,89.5,0.95,6,10,9,No,white,Yes,2,38,705.2705,0
218,1020121,2719,6,4,1177,3.3,9.2,47,8.6,93.6,1.7,7,1,3,No,blue,Yes,2,46,263.5205,1
223,861108,1907,6,3,539,17.9,9.6,14,7,88,1.12,5,2,6,No,green,Yes,3,8,249.2705,1
226,592139,1091,2,2,381,72.3,6.2,8,1.7,89.9,1.53,2,2,8,No,red,Yes,1,2,1230.6205,0
234,881567,1801,2,5,337,12.7,6.8,1,8.1,96.6,1.86,1,10,3,No,green,Yes,3,43,693.8705,0
239,762023,1937,1,4,1230,37.1,9.2,57,17,90.4,0.74,7,2,7,No,white,Yes,2,34,1188.8205,1
241,876153,2307,2,3,896,29.2,8.3,100,0.7,95.5,1.58,6,10,2,No,white,Yes,2,57,644.4705,1
255,611006,1834,3,5,977,26.5,3.9,15,4.1,95.5,1.66,3,2,7,No,yellow,Yes,1,-3,744.2205,1
259,725718,1100,2,3,566,17.4,8.2,14,4.2,92.8,1.56,6,8,5,No,blue,Yes,3,49,453.5205,0
266,841192,1781,4,6,691,12.7,7.6,5,14.3,90.6,1.85,1,7,7,No,red,Yes,2,47,1412.0705,1
267,1281087,4470,3,1,1204,22.9,9.6,4,9.1,90.9,1.02,5,4,5,No,blue,Yes,1,44,82.0705,1
268,414202,984,4,2,200,12.8,7.8,16,19.5,92.7,2.01,8,2,5,No,white,Yes,1,55,380.3705,1
269,816679,2295,1,2,587,25.6,6.2,22,1.2,94.8,1.5,10,8,1,No,green,Yes,2,20,273.9705,1
270,917744,2708,5,4,1244,41.3,9.5,31,1.6,87.7,0.92,3,8,5,No,white,Yes,2,14,1153.6705,0
274,813684,2103,2,3,221,27.6,8.5,35,6.9,96.9,1.74,3,9,9,No,red,Yes,2,14,827.8205,1
276,744209,2223,3,3,784,29.9,5.5,48,3.9,98.2,1.41,10,8,10,No,blue,Yes,2,43,551.3705,0
288,667845,1440,2,4,930,8.3,9.3,49,29.2,94.8,1.29,4,9,5,No,yellow,Yes,3,34,1127.0705,0
290,941423,2671,4,5,655,14.7,7.1,18,8.2,86.5,1.27,4,7,4,No,yellow,Yes,3,40,512.4205,1
304,684439,1925,2,4,440,45.6,9.3,10,24.5,94.1,2.03,4,2,7,No,red,Yes,1,39,665.3705,0
310,538376,918,1,7,200,26.6,7.5,10,6.5,94,1.38,4,5,9,No,white,Yes,2,12,1511.8205,0
313,678960,1900,6,3,873,26.7,6.3,11,33.2,90,1.29,1,1,1,No,yellow,Yes,2,29,400.3205,1
316,839351,1898,3,6,506,30.6,8.2,21,1.8,92.4,2.05,2,10,2,No,blue,Yes,3,6,246.4205,1
328,861994,1666,2,4,939,18.9,7.7,8,2.2,92.6,1.83,9,4,3,No,white,Yes,3,55,228.3705,0
330,813583,1204,3,3,458,12.9,7.7,16,0.8,96.8,1.3,5,4,9,No,green,Yes,1,35,775.5705,0
334,742107,1638,2,6,292,13.2,8.2,2,0.7,91,1.24,5,6,5,No,blue,Yes,2,44,420.2705,1
339,712226,1634,4,3,617,19.6,7.1,56,10.5,95.9,1.08,4,4,7,No,red,Yes,2,43,773.6705,1
342,848917,1539,2,3,888,27.1,9.7,44,7.3,88,1.09,4,4,8,No,blue,Yes,2,63,705.2705,0
349,915778,1433,6,1,666,9.3,8.4,3,0.7,95.8,1.26,4,2,8,No,blue,Yes,2,10,542.8205,1
356,724931,1334,6,5,700,33.8,8.5,45,6.7,90.3,1.24,8,2,5,No,blue,Yes,3,10,779.3705,1
357,531300,1180,4,2,346,55.9,7.6,38,5.7,87.8,1.48,2,3,8,No,blue,Yes,1,41,963.6705,0
358,722294,1320,5,6,653,41.6,9.3,7,19.6,90.8,1.57,5,5,9,No,blue,Yes,3,-2,283.4705,1
364,796526,1437,2,5,200,4,8.8,6,0.5,94.1,1.42,10,3,1,No,blue,Yes,1,52,1394.9705,1
365,656439,1533,5,6,322,37.2,6.6,51,12,97.4,1.71,8,2,2,No,blue,Yes,2,57,1468.1205,1
369,712803,1201,4,2,580,22.5,9.2,39,3.9,94.3,1.26,7,2,3,No,blue,Yes,3,16,1224.9205,0
371,1015421,3072,5,1,734,47.7,8.9,9,2.1,93.8,1.32,6,3,9,No,yellow,Yes,1,25,314.8205,0
372,1054624,3503,3,6,989,23.5,7.7,33,5.4,94.3,1.23,2,10,10,No,yellow,Yes,2,-3,1314.2205,0
376,710978,1590,1,1,464,40,6.5,11,3.1,91.2,2.03,5,10,6,No,white,Yes,2,25,349.0205,1
378,823718,2018,2,4,397,25,8,13,6.3,89.6,1.73,2,6,7,No,yellow,Yes,2,47,196.0705,0
386,999955,2126,6,5,1408,42.3,9,2,0.5,92.1,1.58,10,6,10,No,green,Yes,2,57,1291.4205,1
390,549660,1639,2,4,905,40.9,7.3,4,32,87.6,1.25,3,3,5,No,red,Yes,1,61,1425.3705,1
393,629491,1185,2,3,536,19.6,8.1,17,1.6,89.5,1.09,1,2,4,No,white,Yes,2,31,1172.6705,1
394,758736,1263,5,6,200,9.3,8.7,16,13.7,88.7,1.23,3,2,3,No,red,Yes,2,43,1527.9705,0
398,724540,1726,6,7,1047,30.4,8.5,4,17.8,94.9,0.92,7,1,3,No,green,Yes,1,50,567.5205,0
402,639793,1214,6,2,348,41,9.2,100,11.2,90.3,1.69,8,8,2,No,white,Yes,2,-5,1071.9705,0
403,729889,2062,5,4,719,18.2,8.4,30,10,94.6,2.05,10,6,3,No,white,Yes,2,47,750.8705,1
411,776650,2024,5,5,312,41.1,8.4,5,9.9,98.8,1.77,10,6,3,No,yellow,Yes,1,13,1492.8205,0
415,714472,1599,3,2,646,74.2,9.3,20,1.3,91.9,1.6,7,1,4,No,blue,Yes,3,17,1273.3705,0
420,811161,2120,3,3,851,34.7,8.4,59,10.3,99,1.89,4,9,1,No,green,Yes,2,50,66.8705,0
425,700574,1610,5,6,662,15.2,6.6,47,1.6,88.6,1.62,10,4,6,No,white,Yes,2,11,86.8205,1
429,872900,2009,4,4,520,41.9,9.5,31,2.9,94.6,1.71,7,5,5,No,blue,Yes,3,41,830.6705,0
435,644227,1684,3,3,440,26.7,9,35,25.3,97.2,1.97,9,9,6,No,white,Yes,3,44,625.4705,1
439,1034145,3038,5,6,928,57.2,8.7,9,13.3,97.4,0.86,4,5,5,No,red,Yes,1,-1,736.6205,1
442,789577,1991,3,4,645,23.6,8.3,44,4.2,86.1,1.68,8,6,3,No,green,Yes,3,26,1236.3205,0
443,596783,1086,1,1,200,14.6,8.2,6,10.4,93.8,1.33,8,10,10,No,white,Yes,1,47,928.5205,0
444,780208,2103,3,4,786,40.2,7.7,25,0.8,97.3,1.45,5,7,6,No,green,Yes,2,14,754.6705,1
445,858607,2079,5,5,1104,30,9.5,14,11.3,92.4,1.3,7,1,3,No,yellow,Yes,2,42,349.0205,0
448,780916,2386,2,7,715,71.8,8.6,24,2.6,86.7,0.56,2,7,3,No,yellow,Yes,1,-5,457.3205,0
450,744468,1806,4,4,651,34.7,6.7,5,1,96.4,0.98,8,6,9,No,blue,Yes,2,42,1397.8205,1
455,972879,2889,5,6,1318,17.7,9.6,40,17.6,90.3,1.74,9,9,4,No,blue,Yes,1,42,84.9205,0
459,719859,1858,6,4,200,34.6,9.9,23,5.9,88.7,1.8,7,10,7,No,red,Yes,1,61,1493.7705,1
461,797801,1444,1,6,200,10.8,7.9,12,7.5,93.5,1.11,8,1,3,No,green,Yes,3,41,509.5705,0
466,734933,1532,5,5,267,16,9.2,10,0.5,91.6,1.47,3,2,5,No,red,Yes,3,39,1131.8205,0
467,944313,2582,4,3,782,31.5,9,17,0.5,89.9,0.94,8,6,4,No,green,Yes,2,59,1420.6205,0
468,684980,1576,5,2,913,48.2,6.5,28,2,91.6,1.55,9,5,3,No,red,Yes,2,31,1128.9705,0
473,626861,1431,5,7,614,9.6,9.6,59,6.9,93.9,1.96,7,8,3,No,yellow,Yes,2,60,757.5205,0
476,765345,2014,4,6,877,21,7.9,1,10.8,89.6,1.72,10,3,8,No,red,Yes,3,28,430.7205,1
484,1106565,3487,4,6,846,17.2,8.1,4,26.9,93.1,1.46,9,10,9,No,green,Yes,1,13,981.7205,0
485,875977,1956,5,6,389,9.2,9.5,16,6.3,90.1,1.47,5,4,7,No,yellow,Yes,2,15,1220.1705,1
492,746774,1785,5,4,1070,49,8.8,83,4,90.4,1.87,4,5,8,No,white,Yes,1,39,51.6705,1
498,839499,1344,6,3,1216,6.8,7.8,8,16.7,94.5,1.43,4,7,7,No,blue,Yes,2,33,180.8705,0
500,1252928,3725,4,3,1407,13.4,9.7,15,0.5,95.2,1.46,2,2,3,No,white,Yes,3,58,236.9205,0
1,729560,1779,1,4,504,24.9,6.7,2,1.1,94.6,0.99,6,9,2,No,green,Yes,2,62,1027.3205,0
13,592105,1730,5,5,600,63.8,7.2,29,1.3,91.7,0.95,10,7,9,No,green,Yes,1,10,577.0205,1
24,833339,1291,4,4,702,20.1,8.3,12,9.9,91.4,1.18,7,9,6,No,green,Yes,1,15,528.5705,0
31,850336,1557,4,1,574,2,8.4,18,9.8,97.7,1.18,1,10,4,No,blue,Yes,2,9,459.2205,0
33,1022814,2950,1,3,1026,40.1,6.8,2,3.8,92.9,1.75,3,5,9,No,yellow,Yes,2,3,1186.9205,0
38,585309,1101,5,3,200,40.6,5,2,5.3,92.3,1.51,10,7,5,No,yellow,Yes,1,51,1013.0705,1
39,710425,1748,3,4,200,12.7,8.3,9,0.5,97,1.81,1,1,5,No,green,Yes,3,43,502.9205,0
46,763994,2373,4,3,492,48.2,6.6,18,13.8,93.1,1.36,5,8,7,No,red,Yes,1,34,1065.3205,1
48,592812,1406,2,6,281,25,6.7,15,12.2,93.9,2.06,5,6,10,No,green,Yes,3,58,375.6205,0
51,559621,1233,4,5,226,42.9,9.1,78,2.9,94.2,1.42,7,9,4,No,yellow,Yes,2,44,1284.7705,0
56,899209,2119,3,5,1420,13.2,9.3,41,2.8,97,1.54,5,9,9,No,red,Yes,1,17,1020.6705,0
61,905305,1868,5,3,962,14.4,7.2,20,9,97.6,1.37,4,8,7,No,red,Yes,3,3,298.6705,1
62,756862,1897,3,3,862,9.8,7.1,31,14.1,95,1.27,7,5,8,No,blue,Yes,2,-2,883.8705,0
63,448453,1064,2,6,200,27.3,8.5,1,16.6,90.8,1.63,8,7,1,No,red,Yes,2,23,551.3705,0
70,674730,1586,4,2,200,52.2,8.3,22,3.5,93.5,1.57,4,2,5,No,yellow,Yes,1,-3,754.6705,1
79,859417,2041,2,3,611,53.5,9.4,11,3.6,94.8,1.81,7,9,5,No,blue,Yes,2,16,273.9705,1
82,882827,2681,1,1,902,21.1,8.7,14,9.4,91.4,1.51,3,9,10,No,green,Yes,3,11,1381.6705,1
83,641519,1496,4,3,344,8.3,7.5,11,10.5,97.5,2.1,4,7,2,No,red,Yes,3,47,757.5205,1
90,917209,1500,5,3,200,27.6,9.1,18,3.3,99,1.76,1,10,7,No,blue,Yes,2,52,947.5205,1
94,554505,1517,5,2,308,47.5,7.1,4,28.5,97.4,0.74,5,1,4,No,yellow,Yes,1,13,538.0705,1
95,726057,1827,5,5,691,32.8,6.9,3,13.3,89.1,0.97,9,6,5,No,yellow,Yes,2,32,59.2705,1
98,985029,2704,6,6,1034,17.4,9.3,9,11.2,94.9,1.23,7,8,3,No,red,Yes,1,5,1038.7205,0
100,904600,1908,4,5,675,46.9,9.4,36,4.6,88.5,1.27,5,6,5,No,red,Yes,2,52,544.7205,1
103,818558,1521,2,5,200,30.8,7.6,11,3.8,99,1.56,4,10,1,No,white,Yes,1,56,141.9205,1
106,622180,900,3,5,200,25.2,6.6,23,6.8,94.3,1.75,5,5,10,No,green,Yes,1,1,884.8205,0
112,703751,915,2,5,200,5.7,8.6,16,0.9,98.2,1.31,9,5,5,No,white,Yes,3,47,409.8205,1
114,611265,1154,3,5,239,54.6,8.3,17,0.7,96.7,1.68,8,10,4,No,blue,Yes,3,57,80.1705,0
118,861027,2027,5,7,926,5.9,9.7,25,7.9,99,1.59,7,3,2,No,white,Yes,1,42,613.1205,0
120,1049729,1807,5,4,825,54.2,9.1,12,4.6,96.2,1.34,4,9,6,No,white,Yes,3,45,1312.3205,1
122,615942,1191,3,3,217,43.8,9,23,15.5,93.4,1.11,9,3,10,No,yellow,Yes,2,1,472.5205,1
135,770348,1054,5,2,375,35.3,8.9,10,4.1,95.8,1.19,6,6,5,No,green,Yes,2,18,512.4205,1
141,682621,1444,3,7,858,41.3,9.3,42,12.6,93.5,0.86,5,5,2,No,green,Yes,2,19,218.8705,1
146,793366,1784,2,5,748,5.6,9.5,1,8.6,86.7,1.11,7,5,1,No,blue,Yes,2,63,370.8705,0
148,1038296,3223,5,4,949,41.2,9.3,8,11.1,88.7,1.54,2,5,3,No,yellow,Yes,1,50,935.1705,0
152,691783,1488,1,7,1105,30.9,8,24,6.5,96.1,1.47,2,9,4,No,blue,Yes,2,27,404.1205,0
160,818743,1379,3,7,466,20.1,7.4,20,9.1,95.1,1.53,8,3,2,No,red,Yes,2,-6,641.6205,1
163,950683,2374,2,5,901,37.7,8.2,8,3.9,93.9,0.87,6,6,1,No,yellow,Yes,3,24,162.8205,1
178,910666,3073,2,2,221,25.9,4.7,3,1.7,88.5,1.33,6,10,2,No,yellow,Yes,3,30,319.5705,1
179,935947,2346,5,2,1245,3.8,8.2,6,6.2,93.2,1.94,7,4,9,No,blue,Yes,3,21,524.7705,1
181,571357,700,1,1,200,46.8,7.6,7,10,90.9,1.73,2,7,4,No,red,Yes,2,34,1462.4205,1
182,797413,1997,5,2,588,35,6.4,1,5.2,89,0.94,7,6,3,No,red,Yes,2,4,95.3705,1
183,808127,1799,1,4,812,41.8,9.1,3,19.8,97.3,1.46,10,5,4,No,white,Yes,2,50,57.3705,1
185,765040,1834,4,6,1271,16.2,8.2,2,1.2,98.7,1.05,6,6,6,No,yellow,Yes,1,13,810.7205,1
189,678984,2286,1,5,260,25.4,8.1,49,27.3,94.7,1.7,1,3,1,No,green,Yes,2,60,302.4705,0
191,915418,2224,5,2,941,36.6,9,9,4.6,95.9,1.87,6,9,8,No,red,Yes,1,49,1467.1705,1
195,889321,1869,1,3,302,28.4,8.8,10,7.7,93.3,1.45,8,10,9,No,green,Yes,2,20,917.1205,1
196,970411,2553,3,2,907,13.9,8.4,27,0.5,89,1.72,6,6,5,No,red,Yes,2,24,1307.5705,1
200,828107,1851,4,7,658,44.5,8.6,6,3.8,96.3,1.56,2,8,2,No,red,Yes,3,50,752.7705,0
201,618276,700,5,2,339,23.2,9.2,11,7.7,93.1,1.51,5,5,6,No,blue,Yes,3,48,45.9705,1
202,1165039,2775,5,1,975,43,8.4,11,0.6,97,1.32,7,2,4,No,white,Yes,1,5,1161.2705,1
204,557381,1360,1,5,485,37.8,8.9,22,13,90.8,1.2,6,9,4,No,white,Yes,3,14,189.4205,0
207,717276,2230,3,5,1353,48.6,8.9,50,6.8,90.8,1.52,2,3,6,No,green,Yes,3,39,865.8205,0
208,728763,1043,3,5,653,33.6,8.7,2,21.1,99,0.87,4,7,9,No,yellow,Yes,1,25,1254.3705,0
220,560002,1129,3,1,200,45.7,7.2,38,13.1,91.8,1.03,8,7,9,No,blue,Yes,2,25,331.9205,1
221,600853,1010,4,3,811,26.4,7.8,23,5.7,86.8,0.95,1,9,6,No,green,Yes,1,22,364.2205,0
222,904668,2525,5,3,1237,23.8,7.6,11,2.6,93.2,1.07,9,6,3,No,blue,Yes,1,10,1360.7705,0
223,778832,2178,4,4,678,15.3,7.5,17,24.4,91.8,1.86,3,5,1,No,yellow,Yes,2,45,732.8205,1
224,791976,2107,3,1,833,44.9,9.7,0,11.6,89.9,1.36,2,2,10,No,yellow,Yes,3,10,1008.3205,0
226,857589,1522,5,7,829,7.4,9.7,32,3.6,84.3,1.3,9,6,8,No,blue,Yes,1,31,311.0205,0
227,769226,1547,4,2,200,5.5,7.5,27,8.4,99,1.46,4,4,5,No,white,Yes,1,6,1225.8705,1
236,671169,2372,2,3,623,36.1,8.7,32,40,99,0.72,1,5,8,No,green,Yes,2,6,1420.6205,1
237,930648,2479,3,2,335,20.9,7.6,15,9.6,89,1.2,2,9,5,No,red,Yes,1,54,529.5205,1
239,783381,3169,4,1,918,26.7,8,100,4,90,1.73,8,8,8,No,green,Yes,2,46,1282.8705,0
240,619548,1284,2,5,1076,56.1,7.3,9,19,91.4,1.58,5,9,2,No,white,Yes,2,15,1528.9205,1
241,774139,1939,5,4,782,1.2,7.9,50,6.3,97,1.17,10,6,5,No,white,Yes,2,42,1060.5705,0
249,1309215,4500,1,5,1233,35.5,9.3,6,20.9,96.8,1.33,10,4,3,No,yellow,Yes,2,40,11.7705,1
250,697070,2281,6,6,1158,24.7,8,35,32.6,92,1.07,1,8,10,No,green,Yes,2,54,399.3705,0
255,762508,1874,4,3,405,12.9,9.6,32,5.3,89.8,1.16,6,4,9,No,red,Yes,1,46,7.0205,0
270,1070722,2376,1,6,906,19.6,9.2,24,3.8,95.6,1.96,8,8,9,No,green,Yes,3,35,1107.1205,1
279,824018,1330,5,1,976,22.8,8.9,4,5.3,90.9,1.41,5,8,6,No,red,Yes,3,53,637.8205,1
281,781323,1611,5,5,650,39.7,9.4,13,11.7,94.4,1.45,10,5,7,No,green,Yes,2,3,1430.1205,0
282,962804,2912,5,5,1215,28,9.5,43,10.4,89.2,2.14,2,7,8,No,yellow,Yes,3,-1,160.9205,1
285,700962,1267,4,2,732,14.4,8.3,33,0.5,91.9,1.07,10,7,10,No,blue,Yes,2,35,1044.4205,1
292,1251541,3902,4,7,1886,5.3,9.3,5,1.3,90.8,1.67,10,10,9,No,green,Yes,3,56,427.8705,1
297,1247048,3592,1,4,1872,17,7,21,8,94.6,1.36,1,5,1,No,blue,Yes,3,5,941.8205,0
298,910818,2054,3,6,519,18.1,8.9,5,12.3,94.1,1.42,7,5,6,No,red,Yes,3,48,571.3205,1
301,871286,2994,5,4,422,33.1,7.1,79,2.5,91.4,1.35,10,9,10,No,blue,Yes,2,19,678.6705,1
306,854136,2380,6,1,1133,21.5,9.9,16,24,98.5,1.69,9,9,7,No,red,Yes,1,-3,538.0705,0
310,838314,1641,5,4,535,35.1,8.2,13,4.3,95.3,1.49,7,8,7,No,yellow,Yes,2,48,121.9705,0
312,1361171,4500,3,6,2366,51.7,7.6,9,5.9,93.1,1.97,2,6,9,No,red,Yes,3,13,1044.4205,0
317,753223,1686,3,4,413,29.8,9,20,0.5,95,0.8,1,4,10,No,blue,Yes,2,20,145.7205,0
320,775124,1515,5,2,200,51.1,9.6,2,3.1,94.2,1.41,1,5,9,No,blue,Yes,1,18,287.2705,1
322,724114,1132,5,7,880,12.1,8.1,60,3.3,97.7,1.57,1,5,6,No,green,Yes,1,9,88.7205,0
323,928675,3389,5,2,1007,58.4,8.3,24,1.4,92.6,1.6,7,6,9,No,green,Yes,2,34,42.1705,0
334,938820,2310,3,6,894,43.4,8.1,0,7.4,93.1,1.38,7,4,9,No,blue,Yes,1,12,619.7705,1
337,705279,1282,2,7,912,30.1,9.1,7,3.4,99,1.13,7,6,5,No,white,Yes,2,25,573.2205,1
346,618298,2022,4,5,600,21.4,9.3,25,32.2,87.6,1.01,7,2,5,No,green,Yes,1,26,1498.5205,0
348,948923,2011,1,3,948,15.2,8.4,5,8.6,91.9,1.66,1,5,9,No,yellow,Yes,3,6,1119.4705,0
351,638313,1062,4,2,200,6.7,6.9,17,0.9,93.1,1.01,7,8,9,No,white,Yes,3,24,1446.2705,1
355,1219394,3879,4,7,2011,12.2,8,10,9,90.1,1.92,4,6,4,No,red,Yes,1,12,1546.0205,0
357,921467,1765,2,3,200,2,6.4,6,6.2,94.4,2.12,6,6,7,No,white,Yes,3,32,1336.0705,0
363,678440,1133,1,3,558,47,8.4,100,1.2,99,1.61,1,10,2,No,blue,Yes,1,5,206.5205,1
364,764689,1545,3,1,673,67.1,8.8,35,8.8,97.4,0.78,4,5,10,No,white,Yes,1,33,513.3705,0
370,773884,1955,2,5,200,19.7,6.6,40,4.8,99,1.68,8,4,10,No,red,Yes,2,58,656.8205,1
373,718017,1964,2,5,777,39.4,8.5,18,6.4,86.1,1.4,6,1,2,No,yellow,Yes,2,18,303.4205,1
374,481909,766,2,2,568,5,6.8,11,3,95,1.46,7,9,3,No,yellow,Yes,1,17,485.8205,0
375,814967,1688,5,5,200,29.6,8.1,0,5.9,92.4,1.06,2,5,8,No,red,Yes,3,39,268.2705,0
389,846174,1465,3,3,1115,6.4,8.9,8,1.9,99,1.47,9,8,8,No,green,Yes,2,44,1288.5705,0
390,620561,1161,5,4,904,44.2,8.2,14,15.1,87,1.16,4,2,6,No,white,Yes,3,63,502.9205,0
391,942549,2068,4,3,386,17.7,7.9,12,4.4,92.8,1.9,7,6,7,No,green,Yes,3,19,826.8705,0
399,1008502,2281,2,6,439,7.8,5.4,34,0.6,92.7,1.51,3,3,7,No,red,Yes,2,54,49.7705,1
409,704061,1445,3,4,200,45.4,9.2,23,3.1,90.4,1.03,4,8,1,No,red,Yes,1,14,841.1205,1
415,787496,1470,6,6,322,26,9.5,5,5.1,97.7,1.87,2,3,5,No,red,Yes,2,51,1419.6705,1
419,762611,1485,5,6,200,8.1,7.7,11,8.2,87.8,1.64,1,4,10,No,blue,Yes,3,50,1167.9205,1
425,835938,2231,1,5,1048,27.1,7.3,15,4.4,88.8,2.04,1,1,7,No,red,Yes,3,-2,1279.0705,1
430,698527,1494,1,5,821,4.2,5.7,7,0.6,92.7,1.67,2,7,9,No,blue,Yes,2,9,54.5205,0
432,844267,1751,5,4,1192,13.8,9,27,1,97.5,0.76,1,1,10,No,green,Yes,2,50,920.9205,0
435,825703,1627,3,7,230,51,9.1,8,6.3,96.3,0.96,9,2,7,No,red,Yes,2,-6,1220.1705,1
436,928044,1897,3,4,569,33.2,7.7,36,1.3,91.2,1.17,4,3,6,No,red,Yes,3,-2,824.9705,0
448,1212599,3901,6,2,1318,45.8,7.5,5,3,92.4,1.18,2,9,7,No,blue,Yes,3,41,1009.2705,1
449,553349,1367,4,7,421,47.8,8.8,24,1.2,91.9,1.83,10,6,6,No,yellow,Yes,2,44,873.4205,1
450,861965,2022,3,2,771,25.9,7.4,2,3.2,94.6,1.9,8,7,2,No,green,Yes,1,34,957.9705,1
451,454061,974,1,4,328,25.3,8.1,23,2.6,88.7,2.19,6,10,6,No,red,Yes,2,62,369.9205,0
455,609504,1224,3,2,320,44.5,9.7,50,10.3,92.5,1.88,10,9,9,No,blue,Yes,2,58,889.5705,1
462,408781,845,3,1,200,31.7,6.4,24,2.1,91.8,0.95,9,5,2,No,yellow,Yes,2,14,711.9205,0
466,704149,1575,3,5,200,44.4,9.3,2,12,94.1,0.98,9,2,10,No,yellow,Yes,1,50,554.2205,1
467,697924,2224,5,2,685,30.3,7.8,100,3,93.7,1.2,10,5,8,No,blue,Yes,2,2,809.7705,0
469,550256,1179,1,4,200,22.6,8.4,17,32.6,95.3,0.79,10,10,6,No,green,Yes,2,15,646.3705,0
470,765550,1477,4,2,822,7.7,6.9,1,8.8,99,1.08,1,9,9,No,red,Yes,2,5,98.2205,1
472,965385,3083,6,1,1145,19.3,9.2,23,2.4,91.8,1.3,8,6,10,No,white,Yes,1,4,705.2705,0
473,647257,1430,5,2,200,29,5.3,13,5.8,88.6,1.25,3,9,10,No,white,Yes,2,21,194.1705,0
478,755386,1046,1,4,296,18.6,9.6,24,5.7,93.8,1.41,6,7,10,No,green,Yes,2,49,54.5205,0
481,675054,1608,6,1,860,19.6,6.2,31,1.9,94.9,1.35,10,2,9,No,red,Yes,2,11,1016.8705,1
482,752035,1780,2,4,320,8.4,7.6,26,9.5,89,1.52,9,2,7,No,white,Yes,1,22,678.6705,0
483,821803,3516,2,6,1284,67.4,8.3,48,14,87.7,1.21,10,4,1,No,red,Yes,2,28,1436.7705,1
486,1010294,2346,2,6,584,9.9,8.8,7,1.1,99,0.97,4,10,8,No,red,Yes,2,48,192.2705,1
493,832347,1730,2,5,739,19.7,7.5,23,4.8,90.7,1.49,7,4,6,No,yellow,Yes,2,52,708.1205,1
495,807816,1274,5,7,255,25.3,9.3,2,8.8,85.3,1.3,3,3,6,No,red,Yes,2,50,480.1205,0
496,674863,2333,3,4,989,30.1,7.6,20,25.8,93.4,1.39,9,5,1,No,blue,Yes,2,24,876.2705,0
497,766024,2171,2,3,557,20.6,9.1,2,9.6,93.7,1.36,2,7,6,No,yellow,Yes,1,4,1548.8705,1
499,787581,965,3,7,413,19.5,9.2,34,4.4,93.4,1.36,2,7,6,No,red,Yes,3,31,498.1705,0
2,717179,1537,5,7,650,1.8,8.1,23,32.4,93.1,2.12,3,6,5,No,white,Yes,1,48,1223.9705,1
4,919055,1642,5,2,894,33.5,9.8,10,0.5,94.6,1.53,4,3,1,No,blue,Yes,1,51,59.2705,0
5,520274,1113,1,7,206,59.1,9.9,5,24.9,94.6,1.21,6,2,6,No,red,Yes,2,-3,531.4205,0
6,727803,1617,1,1,1019,17.9,8.2,13,5.5,92.3,1.7,1,1,5,No,yellow,Yes,2,36,15.5705,1
7,914332,2598,1,3,1002,37,8.3,0,14.5,94,1.14,4,2,8,No,green,Yes,1,19,389.8705,1
10,791279,2216,4,7,1165,44.5,8.6,79,7.6,97.1,0.89,9,9,8,No,yellow,Yes,1,23,1433.9205,0
13,802324,1956,1,6,1065,39.7,8.7,53,14.8,93.1,1.46,3,5,10,No,green,Yes,1,11,1417.7705,1
16,770089,1952,5,2,620,37.2,8.4,8,3.7,96.3,1.52,3,2,6,No,green,Yes,2,29,1539.3705,1
17,595014,1301,2,6,480,47.6,8.6,9,18.3,93.3,1.63,1,9,1,No,green,Yes,1,41,228.3705,0
23,743195,1514,5,5,229,4.2,8,6,0.5,88.6,1.65,5,5,7,No,yellow,Yes,1,13,1404.4705,0
29,940840,2564,3,2,1025,43.2,9.5,16,13.1,99,1.18,4,9,5,No,red,Yes,2,11,302.4705,1
40,873925,2257,4,6,652,19.8,9.4,34,2.8,99,1.13,1,6,2,No,white,Yes,2,50,1114.7205,0
43,769692,1417,4,4,1109,12.5,6.8,19,1.2,99,1.64,10,7,3,No,green,Yes,2,19,560.8705,1
45,720602,1839,2,1,200,37.6,6.5,11,9.9,97.7,1.22,6,2,3,No,green,Yes,2,9,500.0705,0
53,811378,2165,3,2,585,9,5.8,14,0.8,93.6,1.33,7,9,2,No,yellow,Yes,2,5,591.2705,1
58,1106206,3818,2,4,1328,74,9.3,11,18,93.4,2.06,5,10,9,No,red,Yes,2,16,1472.8705,0
59,798538,1742,2,3,792,57.3,9.3,28,1.6,96.5,0.97,8,10,5,No,white,Yes,1,16,470.6205,0
61,599185,1564,6,6,1127,33.1,7.8,17,10,93.3,1.54,2,8,1,No,green,Yes,2,47,1379.7705,1
64,908517,1936,2,2,1526,23.9,7.1,31,2.1,91.1,1.24,9,1,1,No,yellow,Yes,1,7,945.6205,0
75,811016,1711,5,3,931,44.5,9.1,5,5.5,92.2,1.56,2,8,2,No,blue,Yes,2,12,1071.9705,0
78,711387,1274,2,2,551,31.7,7.2,49,3.3,91.6,1.6,4,3,8,No,red,Yes,2,13,907.6205,1
80,841255,2093,5,7,670,45.8,8.8,12,2.3,92.2,1.25,7,1,2,No,yellow,Yes,3,60,1016.8705,0
81,817204,1913,2,1,1160,26.6,5.6,6,4.6,94.2,1.3,7,7,7,No,red,Yes,2,4,766.0705,0
83,525613,1021,4,5,403,2,7,8,7.9,93.2,1.62,2,3,5,No,white,Yes,2,44,813.5705,1
89,725473,1409,4,7,533,16.1,8.3,18,5.9,99,1,1,10,9,No,yellow,Yes,1,57,1214.4705,1
90,838729,1673,3,5,939,17.9,6.5,21,2.3,99,1.76,9,7,3,No,red,Yes,2,-4,1546.0205,1
91,861835,2995,4,7,1434,10.8,8.7,24,40,85.7,1.46,7,1,5,No,green,Yes,3,3,1438.6705,0
92,550161,1015,3,3,344,45.1,5.7,26,2.5,96.7,1.68,6,8,9,No,white,Yes,2,31,1290.4705,1
94,737863,1888,5,5,776,39.4,6.8,6,7.8,92.5,1.15,4,7,9,No,yellow,Yes,1,5,1034.9205,0
97,637731,1545,5,4,329,49.2,8.3,23,1.1,98.3,1.41,1,2,1,No,red,Yes,1,15,1244.8705,1
102,745190,1379,3,1,408,49.8,8.2,9,2.3,93.4,0.99,6,2,4,No,green,Yes,3,34,729.0205,0
103,1144050,4450,4,4,1118,28.6,5.8,38,2,87,1.36,7,2,10,No,yellow,Yes,3,39,331.9205,0
105,791244,2231,1,6,200,57.8,8.6,75,3.6,88.1,2.09,8,5,8,No,white,Yes,2,6,1228.7205,1
108,919241,3324,5,4,1248,67.2,8.4,27,12.7,89.6,1.84,7,5,9,No,white,Yes,3,19,491.5205,0
109,362693,748,5,3,200,45.1,7.2,47,2.3,98,1.59,4,9,8,No,yellow,Yes,2,13,195.1205,1
113,782052,1943,4,6,931,22,9.5,10,6.7,92.6,1.51,8,1,6,No,red,Yes,2,-1,68.7705,0
120,1088342,3134,3,2,2057,39.7,8.7,15,1,95.3,1.89,3,8,3,No,white,Yes,1,11,803.1205,1
123,699188,1630,2,3,1113,37.4,7.5,23,9.8,87.9,0.8,8,8,10,No,green,Yes,1,27,779.3705,0
140,663688,1451,3,5,200,30.8,8.7,6,12.5,98.9,1.44,3,8,4,No,white,Yes,3,14,1287.6205,1
141,1127614,3170,2,3,1473,14.4,9.4,71,2.3,94.9,1.46,2,3,5,No,yellow,Yes,1,1,630.2205,0
143,1114547,2686,4,6,1103,9.5,8,22,4.2,97.6,1.04,7,10,4,No,blue,Yes,2,28,1322.7705,1
146,414669,903,6,2,277,17.6,7.7,36,40,91.4,1.73,5,10,7,No,green,Yes,1,56,1189.7705,0
148,691423,1666,1,5,605,40.5,7.8,8,6.4,97,0.89,3,2,3,No,green,Yes,2,24,526.6705,0
154,911023,1715,6,1,200,10.1,8.6,1,1.3,95.6,1.35,5,1,6,No,red,Yes,2,13,374.6705,0
156,498514,1193,5,4,545,55.5,9.3,43,8.5,88.6,1.44,1,6,1,No,green,Yes,2,45,271.1205,1
160,894663,1881,4,4,992,7.9,7.6,12,0.5,91,1.56,9,7,9,No,yellow,Yes,2,-3,720.4705,0
166,1114853,2432,1,3,1415,15.5,7.7,7,12.9,95.1,1.49,5,10,1,No,white,Yes,3,38,1359.8205,1
168,691955,1415,2,6,962,29,8.5,17,1.3,90.9,1.1,10,9,7,No,green,Yes,3,63,686.2705,1
173,744565,1758,2,2,748,9.9,6.7,9,15.5,94.2,0.94,10,3,10,No,red,Yes,2,48,897.1705,1
178,814814,2104,2,7,851,16.3,5.8,16,4.7,97.3,1.65,10,9,2,No,white,Yes,2,22,909.5205,0
184,900943,2408,4,3,314,56.5,7,3,7.7,94.1,1.23,1,7,9,No,yellow,Yes,2,27,353.7705,1
190,750729,1895,4,6,385,55.1,6.1,29,16.1,96.4,1.98,6,8,7,No,green,Yes,2,33,529.5205,0
194,763210,1726,5,7,387,34.5,9.2,15,11.1,90.1,1.63,8,4,3,No,yellow,Yes,2,19,1223.0205,0
195,800582,1778,6,2,870,18.2,9,26,10.1,94.3,1.67,5,2,4,No,red,Yes,3,36,957.0205,1
196,872274,2471,5,6,614,34.2,8.4,2,26.8,91.6,1.41,8,9,1,No,blue,Yes,3,28,520.9705,1
198,516270,1103,2,6,349,48.3,8,26,13.5,93.4,1.36,2,3,7,No,white,Yes,1,47,942.7705,1
205,1201534,3314,1,2,1587,22,9.7,5,3,91.5,1.22,2,7,7,No,blue,Yes,2,50,973.1705,0
209,932356,2953,2,5,1086,50.4,7.6,30,3.8,97,1.33,5,1,5,No,white,Yes,3,41,307.2205,0
220,814339,1360,3,5,716,22.7,9.3,7,1.8,98.3,1.49,10,1,10,No,yellow,Yes,3,51,1515.6205,1
221,801995,1615,3,3,200,42.3,7,30,4.8,91.9,1.27,5,5,5,No,yellow,Yes,3,53,1042.5205,1
228,861404,2472,3,4,1128,33.9,6.7,26,3.7,89.2,2,7,8,7,No,blue,Yes,3,42,1261.0205,1
229,648058,2080,2,5,742,49.6,6,4,1.5,93.4,1.61,2,6,10,No,green,Yes,2,27,1368.3705,0
230,740898,1659,1,5,527,28,9.1,11,2.7,91.2,1.59,2,10,6,No,green,Yes,1,2,558.0205,1
243,659789,1885,6,5,329,34.4,8.9,48,18.2,99,1.65,6,6,6,No,blue,Yes,2,-2,507.6705,1
244,929331,2453,3,6,449,35,7.4,15,3,89.4,1.82,3,8,2,No,white,Yes,3,50,1224.9205,1
249,590323,908,5,2,816,61.1,9.6,33,4.4,90.6,1.81,10,10,6,No,green,Yes,2,9,1199.2705,1
255,731990,1431,5,3,200,21.6,9.2,4,5.9,95.7,1.64,9,4,9,No,red,Yes,3,32,643.5205,0
268,563381,1922,6,5,695,37.8,6.4,22,3.9,92.4,0.85,10,3,9,No,green,Yes,2,26,786.0205,1
273,775135,1366,4,5,200,4.8,9,15,1.2,92.5,1.51,2,5,4,No,blue,Yes,2,56,309.1205,1
274,796122,2265,4,6,803,13,7.9,11,15.9,96.7,0.73,6,6,8,No,yellow,Yes,3,0,256.8705,1
280,692876,1695,2,3,519,26.4,8.6,21,24.7,96.3,1.31,8,9,6,No,red,Yes,2,32,684.3705,1
294,686041,1634,2,6,448,38.6,7.6,68,4,90.1,1.09,3,2,8,No,red,Yes,3,22,392.7205,1
295,741631,1200,3,3,1165,44.5,7.6,5,2.8,87.3,1.08,6,6,1,No,red,Yes,1,37,939.9205,0
297,768608,1504,5,2,262,25,8,1,0.9,94.8,1.56,4,6,5,No,red,Yes,2,62,204.6205,1
300,997409,2728,3,1,708,25.9,8.6,59,17.2,87.7,1.32,2,4,7,No,white,Yes,2,5,98.2205,0
302,647039,1202,4,2,440,31.2,7.8,1,14.2,86.4,0.99,7,4,10,No,green,Yes,1,21,775.5705,0
305,876311,2071,1,4,495,33.3,6.2,7,1.8,93.7,1.34,2,5,5,No,white,Yes,3,15,1037.7705,1
308,552955,1781,2,7,270,32.6,6.2,32,35.5,89.4,1.39,2,5,2,No,yellow,Yes,1,19,1541.2705,0
310,913925,2355,5,3,948,13.4,6.8,12,4.9,94,1.51,7,7,9,No,yellow,Yes,1,47,1155.5705,1
317,655249,1639,1,5,406,33.3,7.3,65,2.3,89.1,1.11,1,3,10,No,red,Yes,2,36,36.4705,0
322,963920,2880,5,1,200,26.7,8.3,15,1,88.9,2,5,6,4,No,yellow,Yes,1,0,47.8705,0
343,805718,1756,3,3,410,24.1,9.5,21,3.8,88.8,1.51,7,7,5,No,yellow,Yes,1,36,166.6205,0
350,875540,2275,1,3,275,55.4,7.9,5,1.2,91.2,0.85,10,5,4,No,white,Yes,3,11,872.4705,0
352,684922,1382,4,4,200,5.9,8.6,53,28,95.1,1.56,2,6,4,No,blue,Yes,3,12,1210.6705,0
355,881117,1708,3,6,1158,15.4,8.9,16,4,96.1,1.34,10,4,4,No,yellow,Yes,2,60,369.9205,0
356,820795,1427,6,5,1128,16.7,8.7,13,13.5,93.6,1.6,8,7,10,No,white,Yes,2,-2,1225.8705,1
357,817776,1936,2,2,200,46,7.6,7,0.5,90.9,1.2,10,9,3,No,white,Yes,3,39,372.7705,0
359,623431,1027,1,1,660,41.1,6,14,9.8,94.9,1.36,10,9,10,No,blue,Yes,1,54,1071.0205,1
361,826306,1996,5,6,468,7.5,9.2,10,3.2,87.8,1.06,1,1,5,No,blue,Yes,1,38,985.5205,1
365,880974,2123,4,3,320,7.5,9.7,46,2.5,90.9,1.5,6,5,4,No,blue,Yes,3,29,291.0705,1
368,614030,1338,3,6,398,12.1,6.1,27,1.3,91.1,1.94,3,10,6,No,yellow,Yes,1,1,979.8205,0
369,760494,1828,6,4,203,29.7,6.5,1,7.5,91.9,0.82,7,1,10,No,yellow,Yes,2,58,750.8705,1
372,756090,1852,6,2,750,39.6,7.3,18,10.6,94,0.66,1,8,8,No,blue,Yes,2,36,966.5205,1
375,824531,2117,4,1,200,14.2,6.8,7,7.9,94.6,1.55,6,5,10,No,blue,Yes,2,35,994.0705,1
376,667106,1602,5,7,269,35.8,8.9,34,1.6,94.2,1.16,3,5,7,No,green,Yes,3,50,1521.3205,1
380,501547,1435,6,3,200,68.1,8.9,0,1.7,94.6,1.42,7,2,1,No,blue,Yes,1,16,1247.7205,1
382,827405,1581,4,3,583,9.4,9.3,3,5.2,95,1.11,5,6,9,No,blue,Yes,2,27,264.4705,0
384,759383,1572,3,4,705,20.4,6.9,75,2.6,93.8,1.94,8,3,9,No,blue,Yes,3,52,1135.6205,1
385,982718,3307,1,3,1276,48.5,8.2,4,8.6,91.7,1.37,3,2,6,No,blue,Yes,2,49,216.0205,1
389,707857,1757,2,1,200,8.6,9,46,7.9,94.2,1.23,8,4,10,No,red,Yes,2,39,7.0205,0
390,705206,1641,4,6,1115,40.9,6.3,58,0.5,90.7,1.57,3,6,10,No,yellow,Yes,3,-6,1200.2205,1
395,653816,1215,5,3,200,33.8,7.3,14,2.8,93.5,1.58,8,7,9,No,green,Yes,1,20,1011.1705,1
400,901106,2239,3,6,678,11.5,8.9,23,5,96.7,1.49,6,4,1,No,white,Yes,2,35,1134.6705,1
407,849246,2327,4,7,987,59.3,7.8,31,6,90.8,1.19,6,6,5,No,yellow,Yes,2,52,1103.3205,0
413,732224,1665,1,7,502,42.5,7.3,6,2.9,94.2,1.22,6,10,6,No,white,Yes,3,42,1315.1705,1
423,817522,1230,4,2,773,3.3,7.4,8,3.1,97.9,1.73,10,5,1,No,blue,Yes,2,20,117.2205,0
426,850961,2254,5,5,724,20.9,8.2,35,10.3,95.5,1.32,7,2,5,No,green,Yes,2,31,1345.5705,0
432,810019,1915,5,5,637,59.1,9,12,9.3,94.8,1.97,5,3,10,No,blue,Yes,1,13,178.9705,1
439,1040810,2127,1,3,1111,46.9,8.2,19,5.3,94.4,1.25,7,8,4,No,blue,Yes,1,49,155.2205,1
449,761905,2022,5,5,464,47.1,6.7,76,2.6,99,1.36,1,9,5,No,white,Yes,1,44,642.5705,0
454,547240,1487,6,6,701,27.7,8.2,100,27.9,90,1.04,5,7,7,No,red,Yes,2,21,1035.8705,0
458,674361,1588,3,3,200,41.4,7.8,37,0.8,95.1,1.53,2,5,3,No,green,Yes,3,-2,870.5705,1
465,932598,2273,4,4,923,18.4,9.4,26,4.8,90.2,1.24,10,6,7,No,blue,Yes,2,10,350.9205,0
473,751949,1429,1,2,649,28.1,8.1,10,5.3,92.6,1.41,5,1,5,No,yellow,Yes,2,47,1337.0205,0
474,971418,2866,5,7,1525,13.5,7.8,4,13.8,96.4,1.33,10,9,1,No,yellow,Yes,2,29,871.5205,1
482,1199507,2907,2,2,1470,23,9.8,6,0.5,95.1,1.72,7,6,6,No,red,Yes,2,39,1236.3205,0
483,666460,1739,6,2,707,45.5,7.4,14,0.5,95,1.17,10,5,7,No,blue,Yes,2,22,589.3705,0
488,608313,1452,6,3,524,27.8,7.4,20,8.4,90.1,1.07,10,4,6,No,blue,Yes,1,40,274.9205,1
493,821696,1705,5,7,446,55.3,8.9,2,1.5,97.1,1.87,5,8,2,No,red,Yes,2,18,1479.5205,0
496,706068,1865,4,6,997,9.8,7.4,1,23.5,94.1,1.05,10,6,8,No,yellow,Yes,2,34,121.9705,1
500,1064759,2383,6,3,1195,5.1,9.1,17,1.2,96.7,1.1,7,1,10,No,green,Yes,1,51,713.8205,0
10,775517,2176,3,3,1163,26.6,8.3,12,18.5,96.2,0.98,3,8,9,No,red,Yes,1,28,1329.4205,1
25,820705,1488,2,5,537,9.5,9,52,0.6,96.6,2.07,7,3,10,No,blue,Yes,2,26,581.7705,1
28,867265,2053,4,2,1094,24.4,6.8,40,4.6,87.7,1.61,7,9,9,No,yellow,Yes,1,0,103.9205,0
29,633846,1459,4,6,614,28.4,8.6,53,1.5,88.3,1.03,9,10,7,No,red,Yes,1,56,971.2705,0
36,574510,1174,3,2,549,30.1,7.4,28,22.4,94,0.54,6,2,6,No,yellow,Yes,2,51,614.0705,0
37,667557,1937,5,4,690,51.8,9.3,8,7.7,87.9,2.14,5,4,5,No,green,Yes,2,48,996.9205,0
41,952637,2331,2,4,892,21.9,8.8,72,1,96.6,1.18,9,8,6,No,yellow,Yes,2,24,776.5205,0
43,738854,1729,5,2,746,47.8,8.4,7,3.1,88.9,1.02,8,3,8,No,white,Yes,1,22,417.4205,1
44,679726,1620,1,6,200,20.3,8.2,30,7,94.5,1.01,6,3,8,No,yellow,Yes,1,29,1080.5205,0
45,524812,1073,5,1,270,22.2,6.3,21,2.9,96.2,1.19,8,5,1,No,green,Yes,2,49,675.8205,1
51,760029,2016,2,5,853,36.9,9.3,37,3.3,94.6,0.82,2,3,6,No,white,Yes,1,26,311.9705,1
55,866057,2582,4,7,293,14.7,7.9,49,8.4,93.3,1.18,3,5,2,No,white,Yes,2,23,202.7205,1
56,1012190,2494,3,5,631,50,9.3,20,3.4,93.8,1.97,4,6,4,No,white,Yes,3,4,406.9705,1
62,773504,1687,2,4,604,57.1,8.5,2,2.9,95.3,0.96,5,2,6,No,yellow,Yes,1,18,805.9705,1
71,901536,2043,1,3,1038,44.9,7.8,27,1.7,95.7,1.41,10,8,4,No,red,Yes,3,21,240.7205,0
72,1065592,3084,2,2,897,27.8,9.2,47,4.2,95.8,1.92,4,4,9,No,blue,Yes,1,18,1131.8205,1
79,638497,1859,4,5,278,29.8,7.4,28,13.2,90.4,1.55,2,3,10,No,yellow,Yes,2,24,347.1205,0
87,947742,2480,2,5,1580,43,9.3,22,0.9,92.9,0.93,8,7,8,No,green,Yes,1,53,475.3705,0
88,1007988,2019,1,7,1404,11.9,7.1,15,12.7,95.6,1.88,8,9,7,No,white,Yes,1,22,942.7705,0
90,880242,2154,4,4,552,46.8,9.8,96,0.5,92.1,1.35,5,7,7,No,red,Yes,3,8,1526.0705,0
93,686010,1408,1,5,200,9.6,7.7,16,1.1,97.7,1.38,2,6,4,No,red,Yes,3,8,184.6705,1
98,721130,1972,3,5,260,58.6,7.9,77,0.7,94.2,1.4,6,7,3,No,yellow,Yes,1,33,1489.9705,1
99,821538,1803,5,6,669,66.1,8.1,11,15,90.5,1.49,6,3,3,No,green,Yes,2,-4,1189.7705,1
104,682999,1359,4,3,958,24.8,8.5,6,1.6,92.4,1.56,10,7,4,No,white,Yes,1,-5,1185.9705,1
110,579242,1754,2,6,761,41.9,5.8,22,20.9,93.6,1.99,1,1,5,No,red,Yes,1,26,1354.1205,0
112,811250,1783,2,5,813,23.8,9,2,22.4,92,1.5,10,4,9,No,white,Yes,2,12,618.8205,0
113,668939,1838,6,5,1015,32.3,8.3,5,38,94.4,2.06,5,9,1,No,blue,Yes,2,8,528.5705,1
115,659821,1683,3,2,594,50.7,8.5,19,2.7,94.1,1.1,7,1,1,No,red,Yes,2,49,1400.6705,0
121,928304,2374,2,5,200,43.8,9,19,1.8,93.8,1.18,9,8,6,No,green,Yes,3,53,222.6705,0
124,517545,1102,3,2,391,52.6,8,49,1.1,93.9,1.96,9,9,1,No,yellow,Yes,1,16,926.6205,0
126,1109394,3875,3,2,1379,35.1,6.9,43,2,92.8,1.63,7,3,2,No,blue,Yes,1,0,300.5705,0
137,654534,1368,1,2,411,15.9,7.3,36,0.6,96.1,2.21,2,10,9,No,red,Yes,3,52,1155.5705,1
141,763604,1949,3,3,682,29.7,7.4,40,0.8,95,1.37,3,8,5,No,white,Yes,2,27,1511.8205,1
145,764177,1971,4,3,540,31.1,8.8,42,9.8,92.9,0.94,2,2,8,No,yellow,Yes,3,54,387.0205,1
146,534506,2367,2,5,232,17.1,5.1,19,14.8,92.5,2.24,8,8,4,No,red,Yes,1,20,1484.2705,1
147,651880,1167,4,4,322,50.8,8.5,10,6.2,94.6,1.25,1,1,6,No,yellow,Yes,3,-4,507.6705,1
149,801105,2161,5,4,576,43.2,9.4,12,5.2,91,0.99,10,5,3,No,green,Yes,1,45,266.3705,0
151,740992,1965,2,2,918,19.7,8.5,34,4.1,89.6,1.71,10,7,1,No,red,Yes,3,40,502.9205,1
152,835253,2032,4,5,792,46.1,7.5,16,21.3,92.8,1.33,1,4,8,No,white,Yes,2,14,355.6705,1
153,679967,1419,2,2,845,47.5,8.4,0,10.9,89.8,1.47,2,9,9,No,blue,Yes,2,44,548.5205,0
154,910483,1952,3,6,885,24.7,9.1,18,2.2,90.1,1.1,10,1,4,No,white,Yes,2,23,1498.5205,0
157,1251366,3458,5,6,1320,19.7,9.5,4,1.2,98,0.88,2,1,2,No,yellow,Yes,3,21,1069.1205,0
161,493386,1280,5,4,258,54,7.1,43,2,83.7,0.83,6,10,6,No,blue,Yes,1,-3,576.0705,1
163,988608,2700,4,6,1180,17.4,8.6,20,5.8,90.7,1.37,4,6,6,No,blue,Yes,2,41,807.8705,0
167,820206,2400,4,2,401,35.2,8.4,9,0.6,94.4,1.82,4,5,5,No,red,Yes,2,14,156.1705,0
168,1030641,3496,2,4,874,45.9,9.6,11,1.3,90.7,1.53,1,3,8,No,green,Yes,2,21,930.4205,1
169,618569,1652,5,6,674,58.1,7.2,2,6.3,97.7,1.96,8,4,10,No,yellow,Yes,1,24,1356.0205,1
170,839331,1383,4,4,604,16.7,8.1,21,0.5,94.1,1.54,8,6,7,No,white,Yes,2,31,203.6705,1
174,736160,2028,2,1,307,32.6,7.7,4,4,94.5,0.5,9,9,3,No,green,Yes,2,8,82.0705,1
177,829487,1808,6,5,1073,29.5,9.7,61,5.5,93.2,1.14,4,6,7,No,green,Yes,3,54,96.3205,1
187,902655,2124,4,3,200,3.7,8.7,18,6.9,89.5,1.12,10,6,7,No,blue,Yes,2,38,626.4205,1
188,879393,1755,3,5,751,43.7,7.2,15,0.7,98.6,1.41,7,4,6,No,yellow,Yes,3,8,630.2205,0
194,738183,1164,6,4,529,40.5,8,7,0.5,92.6,1.13,8,4,10,No,red,Yes,2,10,1046.3205,1
196,681730,2060,2,7,200,60.6,6.6,92,18.5,88.1,1.92,8,3,5,No,blue,Yes,2,38,1373.1205,0
199,861983,1837,5,7,200,27.3,8.7,50,4.5,92.8,1.95,9,2,8,No,white,Yes,2,21,836.3705,1
210,1325248,4500,4,6,1885,19.3,7.2,25,12.5,98.5,1.64,8,5,4,No,red,Yes,2,49,127.6705,0
217,628022,1373,2,3,903,30.2,8.9,54,24.2,97.1,1.17,1,1,5,No,white,Yes,2,32,1285.7205,0
221,1326169,4047,4,5,1517,6.6,6,18,9.9,95.5,1.24,1,1,7,No,yellow,Yes,3,59,664.4205,0
222,467664,936,2,4,262,36.8,8.5,29,8.3,89.3,1.51,5,5,10,No,red,Yes,2,19,579.8705,0
223,874740,2289,2,5,1130,31.1,7.9,11,11.8,94,0.96,5,7,10,No,white,Yes,2,7,138.1205,0
225,678400,1526,2,5,200,29.9,7.9,15,1.6,89,1.28,7,6,5,No,yellow,Yes,3,11,666.3205,1
236,888117,2247,2,6,327,35.5,8,13,1.7,94.4,1.1,5,5,7,No,red,Yes,2,19,683.4205,0
243,845467,2148,3,4,747,32.8,8,82,2.4,92.9,2.09,7,7,7,No,yellow,Yes,2,14,378.4705,1
244,828851,2437,4,4,466,63.2,8.9,1,4,93.6,1.11,10,10,10,No,white,Yes,2,4,894.3205,0
245,737524,1183,6,3,309,19,8,40,5.6,98.1,1.01,1,9,9,No,red,Yes,2,46,568.4705,0
251,388384,1158,1,5,200,14.3,6.3,9,29.7,96.1,1.5,6,1,5,No,red,Yes,2,61,419.3205,1
254,903070,2584,3,2,444,44,5.8,7,4.8,90.4,1.99,3,1,2,No,blue,Yes,2,13,1470.0205,1
255,842205,1058,1,3,447,1.4,9.3,10,6.1,95.8,2.21,1,5,8,No,green,Yes,2,26,569.4205,1
262,819696,1763,2,2,1140,8.8,6.7,52,1.6,98.5,1.07,2,7,4,No,green,Yes,1,0,1486.1705,1
265,683943,1648,6,5,250,44.3,8.8,12,12.9,94.1,1.86,1,2,4,No,white,Yes,3,58,528.5705,0
266,709362,1163,4,1,643,67.8,7.5,42,10.1,90.2,0.92,7,5,6,No,yellow,Yes,2,21,629.2705,0
269,786363,1543,6,1,1166,6,9.7,56,7.8,98.3,1.08,4,7,5,No,green,Yes,1,2,1299.0205,0
270,828800,1884,4,6,508,35.3,9.2,13,18.3,99,1.49,6,2,2,No,red,Yes,2,42,165.6705,1
274,861951,1806,5,2,994,20.5,8.1,38,2.5,91.6,1.33,6,1,8,No,green,Yes,1,1,1031.1205,1
278,779484,1459,1,5,650,33.9,8.4,25,3,95.8,1.27,8,3,2,No,yellow,Yes,2,29,966.5205,1
279,719882,1845,5,7,484,21.6,8.2,14,9.2,99,1.4,4,4,8,No,green,Yes,3,4,1353.1705,1
286,521178,909,1,2,200,25.4,8.8,88,1.6,92.9,1.6,9,2,9,No,green,Yes,1,18,772.7205,0
287,604106,1707,3,6,747,55.8,7.2,66,0.6,91.2,1.33,1,1,3,No,red,Yes,1,61,1303.7705,1
289,864961,1986,5,4,702,38.1,8.1,54,15.1,96.5,1.18,7,1,9,No,red,Yes,1,39,894.3205,1
294,984286,2423,3,1,991,21.7,7.2,8,1.4,96,1.45,2,6,5,No,yellow,Yes,2,36,366.1205,0
300,806453,2244,4,2,413,38.8,5.7,6,10.4,95.7,1.54,10,9,2,No,red,Yes,1,-6,1281.9205,0
304,736678,2229,6,2,200,42,7.6,25,5.2,89.4,1.28,4,7,8,No,white,Yes,2,9,121.0205,1
309,832598,2180,6,7,840,35.3,8,14,2,93,1.07,10,3,4,No,green,Yes,1,54,101.0705,0
310,844133,1677,5,2,948,9.6,7.9,47,18.7,97.6,0.85,3,4,7,No,blue,Yes,1,62,163.7705,1
311,842952,1668,2,5,1257,11.1,7.8,27,5.4,93.2,1.24,5,2,9,No,yellow,Yes,2,48,1308.5205,1
315,1083798,2843,5,3,950,16.8,6,1,7.1,89.7,1.11,8,8,7,No,green,Yes,3,21,806.9205,0
317,730635,2285,4,2,700,28.3,7.7,40,5.5,96.6,2.29,10,7,1,No,blue,Yes,3,10,680.5705,1
321,914846,1862,4,3,495,46.7,8.1,8,0.5,88.6,1.4,8,1,5,No,blue,Yes,1,1,730.9205,0
323,761306,1352,3,3,507,10.6,7.9,60,4.4,93.2,1.35,6,5,4,No,yellow,Yes,3,10,305.3205,1
325,707666,1266,2,6,200,6.6,8.7,41,0.8,93.4,1.17,10,10,10,No,green,Yes,2,0,479.1705,1
329,908571,2239,4,6,862,30.1,8.5,14,4.5,92.3,1.31,8,3,9,No,yellow,Yes,3,52,521.9205,1
332,629826,1315,4,4,352,36.8,6,68,0.7,92,2.06,2,5,3,No,white,Yes,2,60,1277.1705,0
345,739619,1526,3,5,545,34.2,7.5,1,5.6,89.2,1.88,7,1,6,No,yellow,Yes,3,-1,1118.5205,1
351,802377,2007,2,3,816,14.4,8.4,18,19.1,95.1,2.2,1,7,1,No,white,Yes,3,16,577.0205,0
354,797419,1702,2,2,655,15.7,7.6,4,0.8,91.5,1.18,9,6,7,No,green,Yes,1,1,762.2705,1
360,788874,1348,4,6,580,4.3,8.7,39,0.5,96.6,1.93,6,4,9,No,green,Yes,1,57,1341.7705,0
366,899674,1564,4,3,200,11.4,9.1,21,1.6,88.6,1.35,3,10,3,No,yellow,Yes,1,16,1366.4705,0
369,567451,1863,5,2,993,30.5,8.1,55,2.2,90.5,1.91,1,2,9,No,white,Yes,1,20,368.0205,0
371,608811,1816,2,3,200,47.6,7.3,37,6.4,89.1,1.61,1,5,8,No,yellow,Yes,2,23,1240.1205,1
381,657955,1342,2,4,469,33.7,8.6,20,7.2,98.8,0.83,8,9,10,No,red,Yes,3,4,1083.3705,0
385,425263,1380,3,3,230,56.3,6.5,8,27,94.7,1.35,1,4,4,No,green,Yes,1,-6,879.1205,1
396,786658,1527,5,2,780,39.9,7.8,6,14.9,85.9,1.27,3,2,9,No,white,Yes,3,3,1162.2205,1
400,963708,2776,4,2,1196,4.3,8.7,16,0.5,83.2,1.42,5,10,9,No,red,Yes,2,16,1298.0705,1
404,848717,1830,2,2,568,16.5,9.2,5,2.6,94.6,1.49,9,10,5,No,red,Yes,2,2,129.5705,1
415,914567,2022,1,4,279,32.7,6.8,1,0.8,99,1.17,7,4,4,No,yellow,Yes,3,33,986.4705,1
417,1081148,3098,3,2,1691,13.2,8.3,3,1.4,89.4,1.38,1,9,5,No,white,Yes,2,28,17.4705,0
419,926060,2720,2,2,990,24.5,8.1,11,9.2,93.8,1.38,3,8,1,No,green,Yes,3,50,1474.7705,1
421,1183148,3703,5,3,1398,33.2,8.9,6,6.5,91.4,1.45,4,3,6,No,yellow,Yes,2,15,338.5705,0
424,989944,2529,4,4,925,35.3,7,29,4.2,89.6,1.63,2,5,6,No,green,Yes,1,33,127.6705,1
425,947619,2256,3,4,1094,38.6,7.5,1,1.3,95.5,1.62,10,8,10,No,white,Yes,1,-1,217.9205,0
427,573395,1284,5,7,200,35.1,7.2,1,1.1,92.9,1.78,10,5,2,No,yellow,Yes,3,12,903.8205,1
430,579699,973,5,7,1050,12.3,6.1,56,8.6,89.8,1.67,1,2,7,No,red,Yes,2,58,1270.5205,1
433,761908,1638,4,4,475,57.7,7.8,35,4,90.8,0.84,6,10,7,No,white,Yes,2,15,1297.1205,0
435,855994,3045,2,4,1606,28.3,7.7,43,10.8,92.4,1.51,8,1,4,No,blue,Yes,3,-1,860.1205,0
436,866804,1847,1,3,200,4.2,7.1,20,5.7,89.7,1.85,7,5,7,No,white,Yes,2,25,1020.6705,0
440,843142,1765,5,4,581,10.8,7.9,8,13.7,95.6,1.04,3,3,6,No,yellow,Yes,2,19,315.7705,1
442,698432,1780,4,5,535,27,8.1,14,5.7,88.5,1.56,6,10,10,No,blue,Yes,2,-2,791.7205,1
447,840251,2046,3,7,436,24.5,8.7,39,12.3,92.6,0.85,3,10,2,No,yellow,Yes,2,22,630.2205,0
449,750416,1504,3,4,393,26.7,8.7,83,3.6,91.5,1.08,4,3,7,No,blue,Yes,2,11,295.8205,1
450,783475,1242,3,3,694,24.3,7.9,5,2.1,90.9,1.78,9,8,3,No,green,Yes,1,62,466.8205,1
452,890003,2515,4,2,1026,42.9,8.1,4,6.9,87.6,0.97,6,10,3,No,white,Yes,3,11,1478.5705,0
461,945810,3580,2,5,1386,63.1,9,34,14,89.2,1.36,3,3,9,No,yellow,Yes,2,29,650.1705,0
463,737206,1409,2,6,459,18.9,7.5,3,10.4,88.8,1.92,3,3,7,No,white,Yes,2,30,22.2205,1
464,923375,1940,4,5,770,51.1,8.5,18,0.5,99,1.64,10,1,6,No,yellow,Yes,2,23,888.6205,0
468,934716,2346,5,2,200,8.7,8.4,52,6.7,89.5,1.28,5,4,3,No,blue,Yes,2,58,929.4705,0
469,808355,1495,6,7,284,4.5,7.6,33,2.2,95.9,1.3,8,6,10,No,blue,Yes,3,49,1278.1205,0
470,760837,1471,2,5,482,15.8,8.1,100,0.5,99,1.79,10,7,2,No,yellow,Yes,2,9,1320.8705,1
479,1266967,4500,2,2,1617,65.4,7.4,2,0.7,93.8,1.82,2,10,1,No,green,Yes,2,1,286.3205,1
480,1075527,2663,3,5,1297,18.4,7.2,0,11.6,98.9,1.53,4,1,8,No,yellow,Yes,2,42,782.2205,0
482,808454,1288,1,6,298,21.3,8.8,5,0.7,95.4,1.68,9,5,7,No,red,Yes,1,57,471.5705,0
485,597151,1381,2,6,200,26.4,7.3,4,20.4,94.7,1.59,7,2,5,No,red,Yes,2,28,520.9705,1
496,845234,2174,6,4,338,23.4,9.1,6,14.5,97.9,1.61,9,7,3,No,white,Yes,3,-5,473.4705,1
499,671636,1325,2,4,487,60.4,7,58,4.1,94.5,1.45,7,6,1,No,blue,Yes,2,32,1033.9705,0
4,985283,2192,2,1,409,16.6,7.2,17,5.7,94.2,1.47,6,3,2,No,red,Yes,2,47,1367.4205,1
12,817788,1769,3,3,262,29.5,9.7,15,8.3,94.7,1.64,3,7,5,No,yellow,Yes,2,12,1069.1205,0
17,866077,2145,4,4,1398,18.8,8.9,4,6.9,95.5,1.39,5,10,6,No,red,Yes,1,12,790.7705,0
18,662975,1278,4,3,864,20.5,9.4,18,9.7,89.7,1.48,5,5,3,No,green,Yes,1,31,672.9705,1
19,572026,1864,5,7,582,49.3,6,1,15.4,87.3,1.63,5,6,9,No,yellow,Yes,2,5,1430.1205,1
21,756105,1004,1,4,712,34.4,8.5,41,5.4,90.6,1.61,4,4,4,No,red,Yes,2,10,1343.6705,1
22,860565,2177,4,2,1456,16.8,7.1,8,6.6,99,0.66,8,1,6,No,yellow,Yes,1,-1,1163.1705,1
24,918752,2198,3,4,1529,13.9,7,19,0.6,98,1.21,5,9,10,No,green,Yes,2,19,702.4205,1
26,645066,957,4,2,200,22.1,7.5,46,12.5,88.3,1.56,8,4,10,No,blue,Yes,2,43,382.2705,0
36,691005,1830,1,1,477,37.9,8.4,20,0.5,91.2,1.84,2,8,1,No,yellow,Yes,3,26,702.4205,1
38,870527,1573,5,6,907,18,9.3,3,9,98.5,1.55,5,7,4,No,blue,Yes,2,32,429.7705,1
39,750221,2560,5,7,445,24,7,3,1.1,89.5,1.61,4,1,5,No,blue,Yes,2,23,351.8705,0
40,651778,1471,3,6,409,21.8,7.8,8,3.2,89.7,1.44,2,4,2,No,white,Yes,2,50,756.5705,1
44,1002047,2981,2,6,844,20.1,8.5,8,14,95.9,1.56,10,7,10,No,blue,Yes,3,33,789.8205,0
51,745721,1855,1,5,776,32.8,8.4,68,13.6,90.7,1.51,7,8,1,No,blue,Yes,3,49,1409.2205,1
66,646424,1560,5,3,582,36.9,8.1,1,1.8,93.2,1.58,7,8,1,No,red,Yes,2,52,686.2705,0
70,802667,1592,4,6,424,11.1,7.6,18,3.8,86.7,1.86,1,8,5,No,yellow,Yes,1,52,1011.1705,0
76,545852,830,4,1,200,34.1,5.7,1,5.9,94.5,1.15,2,2,7,No,red,Yes,2,23,858.2205,1
83,892013,2246,4,2,250,12.9,8.9,5,0.5,97,1.82,8,7,10,No,yellow,Yes,2,36,758.4705,1
86,683452,1963,6,2,200,36.7,7.7,8,21.1,92.8,1.4,10,10,6,No,green,Yes,2,56,1356.9705,0
87,700586,1533,4,6,679,27.4,6.7,6,2.7,91.8,2.02,4,4,3,No,white,Yes,3,36,291.0705,1
92,638525,1523,5,3,424,12.7,6.7,17,8.2,94.5,1.57,5,3,7,No,yellow,Yes,3,4,106.7705,1
98,872824,1278,2,6,434,51.1,8.9,40,1.9,96.4,1.43,9,6,5,No,blue,Yes,2,61,1491.8705,0
107,687160,1373,2,4,200,20.8,7.9,15,0.6,85.2,1.3,7,5,4,No,blue,Yes,3,15,638.7705,0
111,775251,2263,3,3,837,11.9,9.5,71,6.6,92.6,0.81,4,3,2,No,blue,Yes,2,45,216.9705,0
112,746511,1765,3,7,840,39.5,8.2,7,3.7,92.6,1.74,5,6,2,No,green,Yes,2,32,361.3705,0
113,840645,1985,4,3,520,11.8,8.4,67,0.5,98.6,1.86,1,2,8,No,red,Yes,2,62,59.2705,1
114,715979,1214,4,2,200,27.3,8.4,0,3.7,94.9,1.52,3,4,8,No,blue,Yes,2,60,1099.5205,0
115,1156564,4237,2,7,1325,31,8,96,5.5,92,1.6,6,1,8,No,white,Yes,2,32,185.6205,0
116,861806,1883,4,2,801,33.6,7.7,8,1.9,95.2,0.83,7,4,8,No,red,Yes,1,62,266.3705,1
119,764404,2130,5,5,1105,31.5,6.9,12,7.1,91.2,1.16,9,2,3,No,white,Yes,2,51,1497.5705,0
122,741711,2123,3,2,565,12.6,9.1,23,18.4,91.8,1.26,7,4,7,No,blue,Yes,1,27,467.7705,0
123,1147027,3478,3,5,1281,8.4,7.6,70,5.1,90.4,1.75,1,5,7,No,green,Yes,2,6,231.2205,1
124,946671,2883,4,5,1321,73.2,8.4,39,15.6,98.6,0.92,9,8,1,No,green,Yes,2,32,281.5705,0
126,649760,1505,6,1,289,10,6.7,57,0.8,87.3,1.65,6,10,2,No,yellow,Yes,1,0,342.3705,0
132,813662,3074,3,2,1042,10.2,5.5,33,8.2,91.4,1.58,9,9,4,No,red,Yes,3,36,166.6205,0
133,822492,1703,5,6,492,12.1,6.4,5,0.5,88.9,1.04,6,10,2,No,yellow,Yes,2,1,1491.8705,1
142,962626,3228,5,5,1261,64.2,9.7,37,8.2,87.9,1.36,1,3,3,No,green,Yes,3,-2,1385.4705,0
145,789275,1652,3,4,502,26.8,9.2,10,3.6,97.5,0.88,1,10,1,No,yellow,Yes,3,24,1459.5705,1
148,843109,1766,4,6,608,41.1,7.4,6,4.6,92.2,1.13,2,1,7,No,red,Yes,1,4,719.5205,1
149,725704,1660,4,6,691,33,8.2,4,6.8,88.9,1.54,10,7,10,No,blue,Yes,3,5,1099.5205,1
153,699566,1638,2,6,641,20.6,8.3,33,15,90.4,1.24,10,9,4,No,white,Yes,2,54,895.2705,1
157,826959,1809,4,4,846,29,7.7,12,1.9,97.3,1.37,8,8,9,No,yellow,Yes,1,54,1434.8705,0
161,821656,1473,5,5,497,19.8,8.3,2,4.1,92.9,1.11,7,2,2,No,red,Yes,1,50,1527.0205,0
167,913831,1646,6,3,536,17.7,9.5,2,3.4,97.6,1.56,6,4,3,No,yellow,Yes,2,-4,305.3205,1
173,762265,1597,4,3,200,33.1,8.6,25,2.5,96.1,0.9,5,1,10,No,white,Yes,2,-4,1287.6205,1
177,713697,1220,1,4,200,9.5,7.9,24,22.2,96.8,1.7,3,10,4,No,yellow,Yes,2,16,246.4205,1
179,971784,2497,3,2,973,21.9,8.2,6,2.3,97.2,1.16,3,10,8,No,green,Yes,3,-1,807.8705,0
184,642902,2136,2,4,476,51.7,9.3,48,40,91.7,1.2,1,7,6,No,yellow,Yes,1,53,1231.5705,1
187,765223,1655,2,3,200,30.3,6.1,9,7.7,96.4,1.92,9,2,10,No,red,Yes,2,14,1375.9705,0
192,914142,2701,1,6,840,22.9,8.8,48,3.3,90.2,1.05,6,2,10,No,red,Yes,3,42,1361.7205,1
194,1068328,2233,1,2,702,14.2,9,8,9.6,96.2,2.06,7,4,5,No,white,Yes,2,37,225.5205,1
199,737503,2487,6,3,1292,47.9,9.6,89,0.5,97.1,1.37,9,8,9,No,red,Yes,2,-5,1146.0705,0
201,871465,1499,6,6,439,38.7,9.5,13,1.9,95.1,2.16,3,2,3,No,green,Yes,1,53,254.9705,0
211,913226,1938,1,3,312,23.1,9.3,9,10.1,92.4,1.36,5,5,8,No,red,Yes,2,12,1470.0205,0
217,744367,1873,2,5,746,54.6,7.7,4,5,89.1,0.5,7,5,3,No,white,Yes,3,42,1187.8705,0
221,799561,2005,3,7,588,22.6,9.4,28,4.9,91.7,2.03,7,9,7,No,white,Yes,2,22,399.3705,0
224,709003,2335,1,5,826,14.7,6.4,53,11.4,92.5,1.49,3,5,7,No,yellow,Yes,1,38,581.7705,1
226,796386,1688,4,2,486,35.7,9.2,4,0.6,93.8,1.2,10,8,7,No,white,Yes,2,33,1210.6705,0
235,1068895,2581,6,2,1379,10,7.5,4,4.9,93.6,1.61,8,3,6,No,yellow,Yes,2,40,954.1705,1
240,812028,2567,4,2,1041,48.1,8.2,35,6.3,91.7,1.24,4,6,4,No,red,Yes,3,19,234.0705,1
241,619567,945,4,5,200,41.8,5.7,21,2.2,96,1.31,9,6,2,No,green,Yes,1,45,141.9205,1
256,1362338,4500,5,2,1941,20.2,6.6,5,7.1,90.1,1.44,1,2,7,No,white,Yes,2,35,314.8205,1
257,916876,2139,2,3,1019,25.4,6.1,19,5.8,91.6,1.79,10,5,6,No,blue,Yes,3,53,1022.5705,1
260,927546,2300,2,6,612,16.4,7.2,40,3.8,95.7,1.19,7,8,5,No,blue,Yes,1,0,740.4205,1
271,1008843,2306,4,1,200,10.7,9.2,2,0.5,95.6,1.63,6,9,8,No,blue,Yes,2,59,1288.5705,1
272,771128,1478,3,6,617,48.6,9.2,16,8.5,94.4,1.02,6,3,8,No,green,Yes,2,43,1424.4205,1
276,615053,1039,6,3,919,31,8.5,23,35.4,87.3,1.85,4,6,4,No,blue,Yes,3,47,1361.7205,1
279,844493,1754,4,5,907,7.6,9.2,45,2.7,93.9,1.27,3,3,4,No,green,Yes,2,17,333.8205,0
281,838904,1916,4,2,510,23.5,8.5,4,16.5,98.4,1.53,9,7,8,No,blue,Yes,1,38,183.7205,1
284,803271,2229,3,3,893,27.5,6.8,43,40,89.4,1.7,10,7,8,No,yellow,Yes,3,8,294.8705,1
286,986582,2628,5,2,991,49.9,8.4,11,3.2,95,1.36,5,9,5,No,white,Yes,2,-5,148.5705,0
288,970067,2114,3,7,1327,10.6,7.7,27,2.6,92.8,1.24,1,5,1,No,red,Yes,2,26,42.1705,1
289,862787,1756,4,2,200,26.8,8.5,3,0.5,98.1,1.23,9,1,8,No,yellow,Yes,2,34,712.8705,0
294,632105,1151,2,6,200,19.8,8.9,6,1.8,87.3,1.64,4,10,1,No,white,Yes,2,-1,751.8205,1
298,900349,2285,3,4,931,20.3,8.3,5,5.4,94.2,1.25,8,5,5,No,green,Yes,2,43,976.9705,1
301,943670,2500,4,6,1202,3.1,8.2,34,17.8,91.3,1.5,3,5,1,No,blue,Yes,2,58,1394.0205,0
312,814275,1543,5,6,294,19.1,8.3,16,2,88.4,1.51,5,5,7,No,blue,Yes,3,9,450.6705,1
319,842203,1853,4,2,267,11.4,9.1,8,12.2,92.3,1.02,7,1,1,No,red,Yes,1,7,240.7205,1
323,1281261,4025,6,3,1126,26.3,7.8,6,8.3,94.1,1.88,1,5,8,No,blue,Yes,1,13,404.1205,0
326,861043,2994,5,4,511,19.2,6.8,48,17.5,92.3,1.39,7,4,8,No,green,Yes,3,10,179.9205,1
328,819652,1499,4,6,314,2.9,9.4,20,6.7,88.8,1.18,5,8,9,No,blue,Yes,2,32,881.9705,1
342,795088,2280,4,4,1265,38.1,7.8,6,13.8,94.2,1.51,1,8,5,No,yellow,Yes,2,46,607.4205,0
346,792172,2139,2,6,665,32,5.2,38,2,96.3,0.55,7,2,1,No,white,Yes,3,41,127.6705,0
347,1015961,1992,3,4,791,6.7,9.5,17,1.3,86.6,1.12,8,1,1,No,yellow,Yes,3,45,1546.9705,1
357,776140,1345,6,6,200,39.7,9.1,7,0.6,90.4,1.04,8,5,9,No,white,Yes,3,35,951.3205,1
359,623879,1484,6,1,714,31.5,8.2,49,3,95,1.86,1,6,10,No,white,Yes,1,54,273.0205,1
361,915594,1932,5,4,888,26.7,9.6,10,3,94.8,1.46,10,7,3,No,green,Yes,1,46,578.9205,1
364,1114064,3375,5,4,806,30.2,7.4,14,2.5,93,0.79,9,3,7,No,green,Yes,3,52,881.9705,0
366,682060,1572,4,7,540,57.2,7.8,7,2.1,96,1.77,10,3,7,No,yellow,Yes,2,5,538.0705,1
375,748749,1779,5,2,734,9.5,9.2,1,7.5,95.3,1.65,8,6,3,No,green,Yes,2,37,1527.0205,1
381,1263100,4359,3,5,1542,22.8,8.4,45,4.9,93.1,1.5,8,6,5,No,blue,Yes,2,-2,1099.5205,1
384,862699,2594,2,7,1065,12.9,7.2,83,2.2,91.9,1.95,5,1,6,No,green,Yes,2,17,425.9705,0
387,925891,2208,4,3,724,10.2,9.2,7,2.1,96.1,1.78,1,10,1,No,blue,Yes,1,1,1077.6705,1
389,892097,2213,1,5,864,46.6,8.9,6,8.7,94.6,1.64,1,3,5,No,white,Yes,2,-2,633.0705,0
393,1008533,2615,5,7,788,14.5,7.7,29,1.4,84.6,1.18,5,10,8,No,green,Yes,2,26,800.2705,0
397,817712,1698,4,3,439,48.1,7.6,71,1.7,92.5,1.52,3,10,8,No,white,Yes,3,51,1412.0705,1
400,671195,1352,4,3,805,14.5,8.6,36,4.7,92.6,1.61,7,8,7,No,yellow,Yes,3,20,1442.4705,1
407,562254,1118,5,1,614,14.2,7.3,26,3.2,94.1,1.52,1,8,8,No,red,Yes,2,18,1083.3705,1
409,950810,2256,3,4,1161,32.5,9.5,0,6.9,88.6,1.37,8,9,10,No,blue,Yes,3,8,1091.9205,1
411,702100,1616,3,7,642,10.6,9.7,17,3,89.1,1.19,6,8,9,No,green,Yes,1,34,302.4705,0
418,731046,1921,3,6,484,31.2,9,29,23.4,87.6,1.33,9,1,8,No,blue,Yes,2,25,480.1205,0
420,1068561,1927,1,6,708,19.6,8.3,46,2.9,92.1,1.31,4,1,7,No,blue,Yes,2,22,330.0205,1
425,827282,2735,1,4,974,47.3,9.1,55,17.2,94,1.45,6,7,7,No,white,Yes,1,42,789.8205,0
427,825263,1480,4,2,226,33.9,9.3,10,0.5,90.5,1.74,1,5,4,No,green,Yes,2,50,1289.5205,1
436,672565,1510,5,1,572,20.4,8,0,0.5,89.3,0.89,7,4,1,No,blue,Yes,3,8,38.3705,0
438,839298,2306,4,6,1107,26.4,8.6,85,7.1,93,1.34,6,9,9,No,yellow,Yes,2,20,167.5705,1
441,649001,1150,4,6,204,31,7.6,13,13.8,86.6,2.06,7,8,10,No,white,Yes,3,46,752.7705,0
444,865585,1739,3,3,1250,24.7,7.8,4,0.7,95.6,0.78,1,7,1,No,yellow,Yes,2,5,1231.5705,0
447,600454,1055,1,6,200,13.3,6,13,3.1,95.3,1.23,9,1,3,No,white,Yes,2,14,229.3205,1
448,730087,1413,1,3,280,12,7.2,8,2.8,92.7,1.3,3,10,3,No,white,Yes,2,9,1533.6705,1
452,974890,2036,3,4,792,8.8,9.4,1,3.2,93.3,1.34,10,9,6,No,yellow,Yes,1,9,193.2205,0
455,709643,1749,2,4,701,50.1,9.6,51,5.1,94,1.62,10,2,2,No,green,Yes,2,59,422.1705,0
457,817736,2029,1,5,847,14.4,7.6,58,1.4,96,1.47,2,9,10,No,white,Yes,1,38,1300.9205,0
468,938707,3381,5,5,1180,16.5,6.3,21,2.8,89.9,2.2,9,4,4,No,green,Yes,2,17,168.5205,0
469,758206,1775,3,2,643,32.5,5.6,47,1.2,97.3,1.75,4,6,9,No,green,Yes,1,50,672.0205,1
472,725230,1418,2,5,742,19.8,9.3,39,2.4,88.2,1.22,1,8,7,No,red,Yes,2,49,379.4205,1
473,1060395,2416,3,4,1141,23.5,8.3,32,3.7,88.6,1.16,1,1,9,No,green,Yes,1,57,259.7205,1
475,591524,1540,1,6,1069,54,5.5,21,12.6,96.8,1.74,5,3,5,No,white,Yes,2,39,1107.1205,1
483,547562,1283,3,5,633,39.1,6.9,7,7.7,92.3,2.12,5,4,8,No,blue,Yes,2,14,58.3205,1
484,1009489,1770,3,4,705,5.6,8.6,22,9.2,96.8,1.85,1,8,1,No,green,Yes,2,33,1009.2705,0
486,710769,1200,4,3,283,12.1,9.4,3,16.3,88,1.32,1,5,5,No,yellow,Yes,2,1,111.5205,0
491,731095,1936,3,3,1179,28.8,8.5,17,7.3,93.5,1.16,1,6,5,No,yellow,Yes,1,48,1479.5205,0
500,927644,2199,5,2,995,64.9,9.8,3,8.6,93.1,1.64,4,4,10,No,white,Yes,2,52,313.8705,0
2,893257,2488,3,2,764,27,8.3,20,35.4,95,1.54,2,9,1,No,green,Yes,2,14,1106.1705,0
3,739889,1838,3,6,434,16.5,9.4,19,9.4,98.7,1.94,4,2,8,No,red,Yes,1,40,26.9705,1
7,911683,2462,4,2,1212,22.6,8.6,31,3,89.7,1.42,5,7,5,No,red,Yes,2,1,153.3205,0
9,1078450,2599,1,4,613,1,7.4,40,6,92.2,0.8,7,1,10,No,blue,Yes,2,5,430.7205,0
11,895869,2854,2,1,1322,5.8,6.6,73,6.8,88.3,1.72,9,3,10,No,green,Yes,3,51,1293.3205,1
12,781612,1929,4,3,973,35.1,8.6,1,10.9,96.2,1.33,4,10,6,No,red,Yes,1,44,8.9205,1
18,763331,1520,5,2,692,14.8,8.3,38,1.6,91.3,1.35,9,9,5,No,red,Yes,2,1,426.9205,0
27,762687,1824,1,6,724,35.9,7.5,7,5.9,97.6,0.5,5,10,8,No,yellow,Yes,1,12,950.3705,0
29,805659,2231,5,3,200,16.6,6.1,4,2.3,92.5,1.14,3,3,9,No,yellow,Yes,1,11,711.9205,1
30,558091,1258,4,3,411,36.2,6.2,61,2.2,96.4,1.1,6,2,1,No,red,Yes,2,23,204.6205,0
31,898952,1645,3,5,864,23,8.5,13,0.8,99,1.45,5,8,4,No,red,Yes,2,-5,1470.0205,1
35,690552,1520,1,5,200,8.4,7.9,86,0.5,89.5,1.81,9,7,1,No,yellow,Yes,3,7,371.8205,1
36,1105535,3123,3,2,920,10.4,7.8,9,12.2,85.6,1.73,10,2,2,No,red,Yes,3,12,1109.0205,1
39,695580,1947,3,6,898,8.3,6.9,79,6.8,93.4,1.17,7,4,6,No,white,Yes,3,-5,1006.4205,1
40,955522,2597,2,2,1604,37.8,9.3,36,4.2,95,0.61,7,2,10,No,green,Yes,2,14,336.6705,1
42,784960,1533,2,6,461,33.2,9.6,52,2.6,91.7,1.35,8,9,9,No,red,Yes,2,43,778.4205,0
70,693370,2032,5,5,588,24.5,6.5,19,0.5,86,1.45,5,7,10,No,green,Yes,2,2,78.2705,1
72,821790,2127,1,6,354,56.1,7.8,21,1.9,89.2,1.8,8,8,4,No,white,Yes,3,60,1031.1205,1
76,804115,1514,1,7,421,2.4,7.8,52,8.6,89.9,1.49,8,10,1,No,blue,Yes,1,17,1263.8705,0
77,720803,1044,6,4,200,9.5,7.2,3,2.6,93,0.85,10,2,9,No,white,Yes,3,51,785.0705,0
78,631277,1550,2,4,200,18.3,8.1,86,13.7,91.2,1.09,8,9,2,No,yellow,Yes,2,58,415.5205,0
80,763323,2424,3,2,484,39.2,5.3,7,35.5,86.9,1.27,2,10,5,No,blue,Yes,2,55,1422.5205,1
81,701553,1593,3,4,1205,39.9,7.7,12,7.4,86.2,0.98,4,7,7,No,red,Yes,1,42,1145.1205,0
92,803254,1777,5,6,223,77.7,9.5,42,3,94.3,1.18,3,1,7,No,green,Yes,2,11,1338.9205,1
94,751772,1833,4,2,298,14.2,5.9,1,4.2,93.7,1.84,3,2,9,No,green,Yes,3,-4,1003.5705,1
95,896529,2326,3,6,774,52.1,6.6,20,1.7,90.5,1.43,5,3,8,No,green,Yes,2,7,1479.5205,1
105,973795,2653,3,4,628,37.2,5.9,6,0.5,96.9,1.37,2,6,3,No,white,Yes,2,-3,1187.8705,0
107,832024,2231,2,4,978,16.8,8.1,28,31.4,85.6,1.46,4,10,1,No,green,Yes,2,10,248.3205,1
115,792508,1897,5,6,566,34.1,9.2,3,0.5,91,1.75,2,9,7,No,blue,Yes,2,22,915.2205,1
116,819965,2045,1,2,759,20.4,8.2,24,7,96.6,1.75,2,3,1,No,white,Yes,3,29,22.2205,1
119,736089,1931,3,4,412,27.3,6.2,6,1.6,89.9,0.73,7,2,1,No,green,Yes,3,39,23.1705,0
126,693935,1205,3,6,377,17,7.3,49,7.7,97.1,0.93,1,4,1,No,blue,Yes,2,19,627.3705,0
127,722329,2001,4,1,866,17,4.7,25,4.2,88.1,1.57,2,10,7,No,green,Yes,2,29,1180.2705,0
135,812651,1653,3,5,210,32.4,7.6,13,1.3,99,1.54,10,5,6,No,green,Yes,1,-2,509.5705,1
137,1105892,2729,4,7,537,19.5,8.3,3,0.5,95.6,1.15,7,7,2,No,blue,Yes,2,50,764.1705,0
139,894421,2219,3,4,1133,19.7,8.5,12,0.6,93.7,1.04,7,5,9,No,red,Yes,2,54,1325.6205,1
142,939743,2913,5,4,1283,36.2,8.3,28,25.3,86.8,1.14,5,9,10,No,green,Yes,3,-1,446.8705,1
143,852559,1708,3,3,383,19.9,9.1,7,4.5,97.7,0.7,10,5,10,No,red,Yes,3,44,818.3205,0
145,410878,1694,4,3,672,26.8,7.3,93,40,88.5,1.46,10,7,9,No,green,Yes,3,11,843.9705,0
150,863812,1338,5,5,331,26.6,9.3,9,5.7,93.1,1.34,10,10,8,No,green,Yes,2,46,1423.4705,0
154,615687,1133,5,5,200,41.3,8,82,3,99,0.87,5,6,5,No,red,Yes,1,48,267.3205,1
159,861864,2538,4,6,1064,47.7,9.3,3,6.3,88.4,1.44,3,6,5,No,white,Yes,3,62,69.7205,0
161,586775,751,3,7,200,37.6,7.3,21,9.4,96.2,1.01,10,3,7,No,green,Yes,1,49,771.7705,0
165,1152544,2575,3,3,200,20.6,8.7,11,8.4,92.6,1.27,3,3,8,No,red,Yes,1,11,1068.1705,1
167,1224999,2922,3,6,1554,7.9,8.8,16,0.7,93.2,1.46,2,8,2,No,white,Yes,2,20,1294.2705,1
169,1048745,2217,1,3,415,40.4,9.4,10,1.2,94,1.82,4,8,5,No,white,Yes,2,33,1517.5205,0
178,877128,1739,3,3,801,36.6,7.9,47,0.7,96.9,1.13,3,10,5,No,red,Yes,2,55,1379.7705,0
197,747193,1788,2,5,721,29.7,9.4,5,11.7,94.9,1.99,5,6,9,No,red,Yes,1,13,455.4205,0
198,745935,2184,4,6,1125,16.6,8,100,11.5,96.2,2.08,6,9,10,No,white,Yes,2,34,1196.4205,0
200,836989,2902,1,6,1123,7.2,5.8,5,21.1,93.4,1.61,9,10,1,No,yellow,Yes,3,60,107.7205,1
208,679662,1427,4,5,200,12.7,7.6,20,11,90.9,1.2,10,7,9,No,white,Yes,2,9,426.9205,0
209,561193,1102,4,2,389,47.7,8.1,30,13.2,95.7,1.4,1,7,3,No,green,Yes,2,-3,120.0705,1
210,1083355,3321,4,6,921,20.1,5.3,5,6.4,94.5,1.27,6,2,10,No,red,Yes,1,33,1535.5705,0
212,516414,1412,5,5,635,26.6,6.7,18,8.1,87.4,1.04,1,6,3,No,yellow,Yes,1,44,296.7705,0
215,840736,1623,5,2,200,24.6,8.1,11,5,89.1,0.84,5,1,6,No,yellow,Yes,1,22,922.8205,0
218,590007,1985,5,4,200,72,8.9,27,2,91.6,1.68,2,8,5,No,red,Yes,2,11,881.9705,1
221,473028,1188,3,7,876,21.1,6.2,2,23.9,93.2,1.44,4,9,8,No,green,Yes,3,3,796.4705,0
223,740270,2247,2,7,200,43.2,7.5,55,2.9,92.2,0.95,4,4,8,No,yellow,Yes,2,-1,1470.0205,1
225,863940,1687,1,5,1037,19,9.2,4,7.8,91.9,0.69,1,3,2,No,white,Yes,2,62,1370.2705,0
229,1103598,2522,5,7,696,4.6,9.7,13,4.5,92.8,1.76,3,9,6,No,blue,Yes,2,13,854.4205,0
231,690208,1481,4,3,853,75.1,8.6,25,6.2,93,1.35,2,8,5,No,blue,Yes,3,32,1123.2705,1
238,574703,1483,2,4,454,24.4,7.9,53,2.6,87.8,1.81,8,6,2,No,white,Yes,3,30,205.5705,1
242,716842,1676,3,1,360,27.7,8.8,7,7.6,92.2,1.72,7,9,1,No,white,Yes,2,4,865.8205,0
243,571062,1468,5,2,346,23.9,7.1,14,7.2,90.5,0.58,10,2,2,No,white,Yes,3,41,1420.6205,0
245,797129,1434,5,1,1070,9.3,8.2,44,4.8,96.7,1.62,5,5,4,No,white,Yes,3,-1,556.1205,0
246,755164,1173,3,7,229,25.6,7.5,8,2,87.6,1.4,5,7,9,No,white,Yes,2,62,390.8205,1
250,587230,1044,2,5,368,61,7.9,51,0.5,90.6,1.03,7,9,2,No,yellow,Yes,2,-1,1031.1205,0
253,487423,896,5,2,498,38.5,5.5,7,7,93.4,1.85,3,6,3,No,green,Yes,2,39,16.5205,0
269,624593,1391,2,6,435,40.7,8,11,18,89.9,0.5,10,8,4,No,red,Yes,1,47,1065.3205,1
273,639055,1228,4,1,1119,27.8,8.6,2,5.9,89,1.38,9,6,7,No,blue,Yes,3,11,152.3705,1
285,807697,1367,1,4,521,8.3,9.2,34,4.7,91.2,1.73,6,6,9,No,blue,Yes,2,20,855.3705,0
288,846649,2150,3,4,756,42,8.2,4,40,91.3,1.02,1,7,7,No,green,Yes,2,62,65.9205,0
292,1175109,4307,2,5,1020,40.9,8.7,5,8.4,88.8,1.84,5,9,5,No,red,Yes,2,53,997.8705,0
295,716320,1852,3,6,684,45.3,9.8,29,4.5,93.8,1.13,5,6,8,No,red,Yes,1,56,387.9705,0
304,783447,1382,2,6,200,10.6,7.4,54,1.3,97.3,1.75,3,6,6,No,blue,Yes,2,25,554.2205,0
317,615743,1240,2,4,862,45.7,7.2,9,17.5,89.6,1.71,3,2,10,No,green,Yes,2,0,496.2705,0
320,822432,1686,3,4,1311,6.4,8.9,41,1.5,94.7,1.49,3,4,10,No,yellow,Yes,3,29,1285.7205,1
326,596783,902,3,6,200,22.6,7.4,10,15.8,86.9,1.42,10,5,4,No,white,Yes,3,58,480.1205,0
333,764134,1670,4,6,1248,36.6,8,26,1.8,92.1,1.39,2,8,9,No,green,Yes,3,19,865.8205,0
335,969641,1896,4,4,734,7.7,8.5,24,1.5,87.7,1.22,4,7,10,No,red,Yes,1,23,1183.1205,1
337,607049,1452,5,2,221,54.1,6.2,39,4,97.1,1.2,6,3,7,No,green,Yes,1,52,27.9205,0
338,665023,1619,6,4,1135,28.5,8,69,26.1,93.9,1.87,7,5,10,No,white,Yes,2,38,67.8205,0
340,787294,1911,2,3,274,16.3,9.9,83,3.1,99,0.95,1,2,4,No,yellow,Yes,3,2,962.7205,0
341,717852,1904,4,2,509,31.4,7.4,27,24.2,92.2,1.4,1,6,3,No,yellow,Yes,2,11,642.5705,0
346,623916,1070,3,5,200,8.2,7.6,88,2.1,97.6,1.41,1,6,7,No,green,Yes,2,33,838.2705,1
348,1029982,2496,3,4,1363,15.6,5.9,16,6,93.9,1.29,7,3,2,No,white,Yes,2,15,840.1705,0
360,683069,1919,1,6,715,51.5,6,21,0.7,96.7,1.56,3,3,10,No,white,Yes,2,22,614.0705,0
361,799509,1790,3,4,657,45.6,8.8,9,24,94.6,1.38,7,2,10,No,red,Yes,2,62,729.0205,0
364,690366,1280,6,6,200,28.2,9.1,89,3.2,87.7,1.58,6,4,10,No,red,Yes,2,54,982.6705,0
365,1098883,2736,2,4,627,14.9,6.8,16,4.5,99,1.45,5,1,10,No,red,Yes,1,38,75.4205,0
378,969254,2590,4,3,1184,14.7,7.3,9,11.1,95.9,1.08,10,7,1,No,blue,Yes,2,51,697.6705,0
382,749392,1517,6,6,863,29.4,5.7,37,3.7,95.9,1.01,10,1,1,No,blue,Yes,1,14,1022.5705,0
391,693403,2114,3,5,200,61.7,8.6,15,3.4,86.9,1.47,6,7,9,No,green,Yes,1,52,931.3705,0
393,1253973,3642,5,6,1656,6.9,7.6,22,12.8,94.1,1.36,4,10,1,No,green,Yes,3,31,1015.9205,0
397,738781,1123,1,3,228,17.6,6.8,56,2.9,91,1.6,9,2,4,No,white,Yes,2,21,518.1205,1
398,402869,1281,6,4,973,54.1,4.5,5,10.4,89,1.29,2,8,1,No,yellow,Yes,2,39,1025.4205,1
400,684837,1430,4,6,200,14,7.3,52,5.2,91.7,1.78,10,9,2,No,red,Yes,1,3,1369.3205,0
401,700913,1248,3,5,415,2.2,9.1,36,8.8,89.4,1.52,1,6,1,No,yellow,Yes,2,49,443.0705,0
406,772369,1381,3,2,849,64.7,8.5,7,0.5,96.3,1.51,6,10,10,No,green,Yes,2,53,1535.5705,1
409,674182,1608,4,3,967,41.6,8.6,34,0.8,94.3,1.14,5,6,4,No,red,Yes,2,5,1199.2705,0
421,863808,2173,6,3,1130,33.6,9.4,1,0.8,91.5,1.08,8,2,1,No,yellow,Yes,2,23,558.9705,1
423,805717,1584,2,7,559,27.9,9.5,29,6.3,93.4,1.01,6,6,7,No,red,Yes,1,18,1114.7205,1
424,769773,1342,4,3,465,20,7.9,14,4.5,94.9,1.43,6,7,1,No,red,Yes,3,9,1016.8705,0
429,798465,1666,4,4,970,24.1,6.7,19,9.7,90.7,1.54,9,4,3,No,yellow,Yes,3,21,811.6705,1
438,967843,3159,2,6,983,54.8,9.2,13,8.8,94,0.96,10,4,2,No,blue,Yes,1,13,1192.6205,1
446,765515,1433,3,4,571,57.1,8,13,4.6,95.4,1.28,7,1,10,No,blue,Yes,1,53,298.6705,1
449,1012285,2776,6,4,852,23.7,9.2,3,23.7,91.3,1.09,1,7,7,No,red,Yes,2,35,246.4205,0
454,1202903,4474,5,5,1981,46.8,9.8,65,0.5,95,1.31,2,1,8,No,yellow,Yes,1,23,444.9705,0
457,877121,2343,2,6,634,14.4,6.4,39,1.7,94.5,1.23,6,9,10,No,green,Yes,2,21,173.2705,1
464,479541,1337,6,4,200,62.9,6.1,34,10.5,94.9,1.59,9,8,7,No,blue,Yes,2,49,968.4205,1
466,781355,2212,3,2,526,30.7,7.8,24,1.9,96.1,1.23,9,7,6,No,yellow,Yes,3,43,918.0705,0
467,949617,3229,5,3,843,32.6,8.2,8,8.2,92.2,1.77,8,3,4,No,green,Yes,1,25,1113.7705,1
468,831867,2067,5,5,1129,25.7,8.1,37,0.5,98.8,1.01,8,4,8,No,yellow,Yes,2,2,1052.0205,0
470,924758,2103,2,5,1068,22.5,8.5,3,10,90,1.83,3,5,5,No,yellow,Yes,2,52,697.6705,1
476,947318,2258,4,2,380,2.3,9.1,5,10,96,1.88,1,1,4,No,red,Yes,3,51,1347.4705,1
482,569828,1580,3,4,467,55.5,6.8,14,9.5,96.3,1.72,8,4,4,No,red,Yes,2,36,13.6705,1
486,884654,2495,2,7,898,37.4,7.9,27,6.1,95.1,1.54,7,4,6,No,white,Yes,2,5,942.7705,1
491,639541,1484,1,4,200,13.7,8.9,33,32.3,93.7,0.8,3,4,1,No,blue,Yes,2,9,539.0205,1
494,794459,1920,3,5,433,22.3,7.3,13,9.8,88.1,1.83,7,10,9,No,blue,Yes,1,43,295.8205,1
500,1024274,2215,6,3,823,15.9,8.3,19,4.6,92,1.46,2,6,7,No,white,Yes,2,-1,872.4705,1
4,878909,1798,4,5,655,18.7,6.7,25,0.6,95,1.05,7,1,9,No,red,Yes,3,41,634.0205,0
8,755325,2515,5,5,221,59.3,6.9,2,23.3,93.2,1.57,9,8,9,No,white,Yes,2,33,17.4705,0
10,970317,3019,4,2,661,16.9,8.4,41,29.9,94.7,1.36,8,9,6,No,yellow,Yes,1,-4,532.3705,0
17,1009904,3057,1,6,675,20,8.4,4,12.6,91.4,1.79,3,6,9,No,blue,Yes,1,43,101.0705,0
23,578134,1663,3,3,200,23.9,8.2,44,22.1,87.3,1.83,3,10,10,No,red,Yes,1,61,840.1705,0
26,945342,2635,4,6,892,11.2,9.5,50,12.4,90.4,1.08,10,4,5,No,white,Yes,1,22,1144.1705,1
27,1200456,3481,5,7,1021,28.5,9.9,2,7.4,93.9,1.3,1,1,5,No,blue,Yes,1,6,103.9205,0
31,800437,1891,2,7,1201,32.8,7.9,19,10.3,97,1.52,10,7,5,No,white,Yes,1,40,843.9705,0
34,775802,1709,3,6,884,15,8.9,49,4.7,97.4,1.69,3,2,5,No,yellow,Yes,2,8,1148.9205,1
43,1057377,3220,4,1,1151,26.1,7.9,9,2.4,96.3,1.47,8,1,10,No,yellow,Yes,2,40,305.3205,0
46,869457,2121,4,1,899,28.5,8.8,50,1.2,93.3,0.72,5,5,2,No,red,Yes,3,61,302.4705,1
62,736925,1386,2,2,699,56.1,8.6,9,9,93.5,0.95,5,4,7,No,yellow,Yes,2,4,390.8205,0
63,619160,771,5,7,283,18.7,7.6,10,10,92.6,1.39,8,6,8,No,red,Yes,3,28,1261.9705,0
65,899036,2330,4,2,1620,71,7.9,3,3.3,99,1.53,9,4,8,No,blue,Yes,2,-5,963.6705,1
67,762193,1843,5,4,1096,64.3,9.3,52,3.9,90.7,1.51,1,5,10,No,blue,Yes,1,41,1155.5705,0
69,621465,1042,2,4,200,59.5,9.3,73,7,88.8,1.72,5,9,9,No,green,Yes,3,37,1540.3205,1
78,900085,2706,3,7,779,66.4,7.9,8,4.7,96.3,1,2,3,2,No,green,Yes,3,-5,1098.5705,1
81,888986,1931,2,2,295,8.3,6.9,11,5.6,91,1.25,1,4,2,No,white,Yes,1,48,1364.5705,0
82,1001341,2691,5,6,1922,15.4,8,22,4.1,85.7,1.06,4,3,4,No,green,Yes,2,54,404.1205,0
84,786601,1839,5,1,200,46.8,8.2,67,2.1,97.3,1.17,6,2,3,No,green,Yes,2,47,1509.9205,0
95,483143,787,6,3,393,27.6,7.9,41,0.5,90.7,1.63,4,6,6,No,yellow,Yes,2,22,506.7205,1
98,1163702,3698,2,5,1604,45.9,9.5,10,11.7,89.9,1.95,4,3,3,No,green,Yes,1,-6,392.7205,0
104,658259,1361,3,5,200,20.7,6.8,38,17.9,92.6,1.37,6,7,6,No,red,Yes,3,26,1108.0705,0
108,1079146,3179,4,2,1074,40.1,7.9,19,1.1,92.6,1.19,1,5,3,No,yellow,Yes,2,43,365.1705,0
110,629790,1648,5,4,342,29.9,8.7,4,13,92.6,1.01,1,9,3,No,red,Yes,2,60,680.5705,1
113,733246,2452,4,4,1342,34,6.5,52,3.6,98.7,1.51,9,2,1,No,yellow,Yes,1,51,329.0705,0
114,820779,1752,4,4,375,23.7,6.9,11,8.5,88.8,1.24,5,9,10,No,red,Yes,2,20,1274.3205,1
122,539650,1088,4,4,538,44.3,9,2,22.7,87.6,1.25,6,9,1,No,green,Yes,1,52,1413.9705,1
126,932604,2627,2,2,820,21.8,9.2,10,20.5,98.8,1.07,8,1,1,No,yellow,Yes,2,60,368.0205,0
134,999275,2581,4,4,368,11.9,8,19,15.4,95.6,1.61,5,7,6,No,white,Yes,1,38,1147.9705,0
136,727793,1563,2,2,200,28.1,8.9,100,8.6,99,1.56,8,4,6,No,white,Yes,2,49,1025.4205,1
138,834001,2088,1,5,314,26.4,8.7,10,2.3,93.1,1.19,6,9,7,No,white,Yes,1,1,1337.0205,1
142,877631,2951,2,4,823,47.4,8,3,11.6,90.8,1.4,7,1,2,No,blue,Yes,3,49,362.3205,1
144,814204,2109,3,6,665,9.4,5.8,2,13.6,87.2,0.9,9,4,3,No,yellow,Yes,1,33,362.3205,1
147,995830,1686,6,6,1277,6.7,9.4,6,2.8,91.8,1.65,6,9,9,No,white,Yes,1,61,125.7705,1
153,747219,1927,4,2,539,16.7,6.7,56,0.5,85.1,1.63,5,8,4,No,red,Yes,2,26,845.8705,0
161,999549,2854,6,2,1490,41.1,8.6,15,14.4,90.1,1.43,3,9,8,No,green,Yes,2,36,2.2705,1
163,469196,857,6,3,632,40.1,8,79,7.1,91.8,1.72,6,6,1,No,red,Yes,2,25,260.6705,0
173,917585,1569,3,4,244,25.5,8.7,1,0.6,94,1.56,4,7,1,No,yellow,Yes,2,24,487.7205,1
176,831450,1608,3,6,384,31.1,7.7,1,4.7,91.9,2.14,6,7,1,No,white,Yes,3,-1,956.0705,0
181,886591,2073,4,6,434,14.3,8.5,1,0.8,93.3,1.2,7,7,4,No,red,Yes,2,1,809.7705,0
188,709009,1931,5,3,585,60.6,7.4,12,9.8,96.5,1.75,9,9,9,No,white,Yes,1,47,1467.1705,1
191,959420,2210,1,5,595,15.2,8,28,6.5,92.4,1.63,5,8,9,No,blue,Yes,3,58,926.6205,1
194,577903,1124,6,2,362,28.7,7.1,24,7.7,90.1,1.34,6,5,2,No,white,Yes,3,53,419.3205,0
195,745359,1881,4,4,898,13.1,7.7,26,18.4,96.8,1.83,4,3,7,No,yellow,Yes,3,35,1491.8705,1
196,1029842,3548,2,2,865,27.9,7.6,15,12.5,94.3,1.58,2,1,8,No,white,Yes,2,29,1504.2205,0
197,562440,1268,6,6,926,68.1,6.9,18,1.7,96.8,1.99,9,7,1,No,white,Yes,3,15,1438.6705,0
202,716656,2136,5,4,962,60.1,7.7,18,1.1,91.3,1.05,7,3,5,No,white,Yes,2,-3,146.6705,0
205,984877,2078,2,2,933,9.2,8.7,4,5.8,97.3,1.2,10,8,2,No,red,Yes,1,-3,620.7205,0
208,1061748,3500,2,2,912,18,6.4,2,4.8,88.5,1.6,10,7,4,No,red,Yes,2,41,299.6205,0
210,751964,1280,4,4,254,16.6,7.4,24,5.8,94.3,1.86,3,7,7,No,white,Yes,2,7,982.6705,0
211,936201,2652,3,2,1339,19.6,8.8,28,5.9,92.7,1.74,7,6,2,No,yellow,Yes,2,15,932.3205,1
216,665645,1744,1,5,200,36.1,6.8,21,7.9,92.2,1.91,3,3,5,No,green,Yes,3,19,490.5705,0
217,724645,2022,6,3,724,6,6.6,2,8.2,96.5,1.01,5,8,6,No,red,Yes,3,63,39.3205,1
218,726955,1924,5,2,936,17.7,5.5,7,7,95.3,2.14,9,4,5,No,white,Yes,3,10,1388.3205,0
220,637992,1546,4,2,612,46.6,7.4,7,0.5,94.9,1.03,2,7,9,No,yellow,Yes,2,33,1379.7705,0
222,617715,1644,3,7,200,44.7,8.7,4,4.5,91.1,1.83,6,1,2,No,green,Yes,2,61,366.1205,0
225,622339,1297,6,3,678,29.9,6.7,6,3.4,91.5,1.65,5,10,10,No,yellow,Yes,1,35,144.7705,1
226,989783,2632,2,2,673,3.2,8.7,6,19.6,92.6,1.58,7,2,10,No,white,Yes,2,-2,805.9705,1
236,615930,1022,3,4,200,24,9.1,31,0.8,91.7,0.58,7,10,2,No,white,Yes,2,50,122.9205,0
248,868079,2145,3,6,421,18.4,9.1,25,14.9,95.5,1.57,7,4,4,No,yellow,Yes,3,47,1118.5205,0
258,984716,2513,2,4,837,50.6,8.5,27,1.5,93.3,1.28,4,2,3,No,green,Yes,2,2,627.3705,0
264,525757,1027,4,6,920,43.6,6.6,24,30.9,95.7,1.92,6,6,10,No,blue,Yes,3,-5,685.3205,1
266,568284,1340,6,3,796,19.1,6.7,3,23.8,96.7,1.73,10,10,7,No,yellow,Yes,1,-3,271.1205,1
267,1218851,3848,3,6,290,12.8,9.4,25,4.7,98.1,1.38,2,6,2,No,red,Yes,3,16,583.6705,0
272,1091305,3258,4,4,1693,0.5,7.8,17,16,89,2.09,10,5,4,No,green,Yes,1,35,1435.8205,1
275,730031,1388,6,2,1184,19.5,8.7,45,5.7,92.6,1.02,1,5,3,No,blue,Yes,2,34,1505.1705,0
278,948995,1777,5,1,514,24.7,8.4,21,4.5,94.5,1.62,5,10,7,No,yellow,Yes,3,29,196.0705,0
280,569323,1413,5,5,521,50.6,6.8,0,9.3,85.9,0.98,5,7,9,No,yellow,Yes,1,58,1492.8205,0
285,784818,1853,4,1,1202,24,8.1,10,15.1,95,0.5,6,2,4,No,red,Yes,2,50,1064.3705,0
286,736174,1081,5,3,699,22.7,9.4,6,2.4,97.1,1.34,10,10,5,No,red,Yes,3,23,223.6205,0
293,719440,1702,3,6,615,14.4,8.3,46,2.5,99,1.76,2,10,5,No,red,Yes,1,25,1418.7205,0
294,621546,2277,5,1,951,28.6,7,62,7.2,90.9,1.51,10,9,3,No,red,Yes,1,48,1386.4205,0
295,908763,1939,4,3,977,41.8,7.7,2,2.7,93.8,1.23,4,1,5,No,green,Yes,2,51,997.8705,1
296,752032,1383,3,5,387,10.9,7.7,40,0.9,90.2,1.19,9,8,5,No,green,Yes,1,47,491.5205,1
302,754374,1762,4,3,796,2.6,5.5,49,1.2,97.8,0.96,10,2,7,No,green,Yes,3,51,642.5705,1
308,919073,2151,3,7,749,17.4,9.8,26,4.4,94.2,0.97,10,10,5,No,blue,Yes,3,51,310.0705,1
310,890063,2462,5,4,1040,22.6,7.4,23,10.3,98.9,1.26,3,7,4,No,red,Yes,3,3,1273.3705,1
311,751065,1520,3,4,282,51.7,9.3,0,8,94.7,1.32,3,6,7,No,yellow,Yes,2,59,1294.2705,0
316,533920,1318,1,2,343,16.9,8.2,71,2.5,88.6,1.13,4,4,7,No,green,Yes,3,36,344.2705,0
323,956089,1664,6,6,200,28.6,8.1,5,5.1,87.3,1.36,9,1,8,No,red,Yes,2,-3,32.6705,0
324,643178,1434,3,7,632,33.2,8.8,29,2.8,87.6,1.65,2,6,8,No,white,Yes,2,22,941.8205,0
325,885775,1909,4,3,278,37.5,9.4,2,5.2,93.8,1.56,2,1,8,No,yellow,Yes,2,33,30.7705,1
326,963812,2101,4,5,638,7.1,7.9,49,4.1,94,1.81,7,9,10,No,blue,Yes,3,48,385.1205,0
329,806284,1739,4,6,415,21.2,6.8,14,9.2,90.2,1.23,4,7,1,No,blue,Yes,2,17,1299.0205,1
332,958048,1953,4,2,783,17.9,7.6,0,1.6,93.5,1.29,7,9,3,No,yellow,Yes,1,9,725.2205,1
333,847253,2513,4,7,683,21,6.8,9,6.1,95.8,0.91,8,6,9,No,green,Yes,3,42,944.6705,0
334,728239,1990,4,6,609,4.9,7.7,70,0.5,92.4,1.06,5,4,1,No,white,Yes,2,36,22.2205,0
341,531162,1721,2,3,200,34.2,8.9,44,28.5,90.3,1.2,4,2,4,No,white,Yes,2,56,1129.9205,0
342,449771,932,5,2,200,20.6,6.3,11,8.5,91.4,1.36,7,6,1,No,red,Yes,3,56,1501.3705,0
343,825343,1485,5,7,229,29.2,5.8,2,2.7,93.7,1.87,9,4,7,No,yellow,Yes,1,21,1254.3705,0
346,694190,1256,4,7,367,32.5,6.3,37,11.3,90.9,1.29,8,6,4,No,yellow,Yes,2,51,530.4705,0
356,762790,1423,4,4,229,31.9,9.3,16,1.5,96.6,1.24,2,2,6,No,yellow,Yes,2,22,994.0705,1
366,734602,1006,5,4,867,37.3,7.7,14,4.3,89.7,1.25,3,5,9,No,red,Yes,2,14,180.8705,0
373,708047,1616,4,3,807,29.3,6.5,13,2.8,95.1,1.65,4,9,7,No,blue,Yes,1,50,492.4705,1
377,759869,1478,4,2,751,62.5,9.6,4,0.5,97.7,0.8,6,8,3,No,white,Yes,1,33,1064.3705,0
391,836569,2179,2,4,792,35.9,9.5,100,3.7,96,1.62,7,4,2,No,blue,Yes,3,46,1071.9705,1
393,808577,1545,6,5,530,20.4,9.2,23,2.3,86.7,1.17,4,9,9,No,red,Yes,2,41,162.8205,0
395,931258,1745,3,3,493,18.6,8.9,1,10.5,95.9,1.59,10,5,7,No,green,Yes,1,56,991.2205,0
404,662190,2049,5,2,909,26,7,14,21.8,97.4,1.57,10,5,2,No,white,Yes,1,46,942.7705,0
409,720176,1185,4,4,225,47.3,8.3,13,6.3,95.4,1.44,1,6,5,No,red,Yes,3,59,1327.5205,1
417,455712,1366,3,7,466,68.7,5.5,28,17.3,90.8,1.38,4,8,2,No,green,Yes,2,35,100.1205,1
418,761995,1448,4,2,322,30.3,8.5,19,15.4,92.8,1.49,8,7,8,No,green,Yes,3,40,183.7205,1
428,649481,1629,3,2,394,15.2,8.1,51,3.1,94.1,1.6,2,5,8,No,green,Yes,1,60,1053.9205,1
430,997126,3572,6,7,1177,12.8,8.8,100,0.5,88.8,1.6,10,1,5,No,red,Yes,2,19,2.2705,0
434,766622,1734,3,6,643,14.4,7.4,25,6.2,89.4,1.63,3,8,3,No,white,Yes,3,7,912.3705,0
439,1002302,2632,6,4,200,27.9,8.3,0,8.6,88.6,1.73,5,4,5,No,green,Yes,2,44,1078.6205,1
447,801787,2054,2,1,493,30,7.1,9,0.5,93.5,2.04,4,10,1,No,yellow,Yes,2,43,1317.0705,0
453,537223,1311,6,5,754,30.1,6.7,2,19.6,94.8,1.89,5,10,10,No,green,Yes,2,29,48.8205,0
458,1249790,4500,5,3,1654,22.9,6.1,71,2.2,85.2,1.53,3,3,10,No,yellow,Yes,2,21,198.9205,1
463,966683,2160,1,1,494,21.8,8.4,21,0.9,92,1.62,2,1,7,No,yellow,Yes,2,59,696.7205,0
466,829224,1857,5,6,590,41.8,9.4,28,10.9,98.3,1.98,9,9,8,No,blue,Yes,3,26,534.2705,1
467,958068,1680,2,4,810,38.7,9.5,4,2.1,93.3,1.15,10,2,4,No,yellow,Yes,2,16,233.1205,1
469,693571,1681,3,2,802,25.7,9.5,36,6.7,91.3,1.79,1,8,2,No,blue,Yes,3,-5,81.1205,1
474,945263,1927,5,5,847,6.2,7.7,13,14,90.9,1.19,3,4,10,No,green,Yes,2,50,1332.2705,0
485,1100458,2513,3,6,1210,26.3,9.2,1,1.1,99,0.95,10,4,2,No,white,Yes,1,38,1290.4705,0
487,1008578,2320,2,5,1395,28.5,9,8,11.8,94.2,1.9,3,10,6,No,yellow,Yes,2,7,429.7705,1
491,739026,2382,4,3,800,48.1,9.5,11,27.6,93.4,0.91,8,5,6,No,blue,Yes,2,6,167.5705,0
494,919438,2306,4,2,659,31.3,8.4,11,8.4,91.9,1.05,5,8,2,No,white,Yes,1,52,1211.6205,1
495,956414,2036,5,1,253,31.5,9.7,13,1.2,89.3,0.78,4,2,5,No,blue,Yes,1,62,921.8705,0
1,903011,1421,5,2,200,25.4,8.9,4,1,91.8,1.5,1,8,8,No,white,Yes,1,36,765.1205,1
3,590292,1364,3,7,866,21.5,7.7,80,12.8,95.4,1.83,9,7,5,No,blue,Yes,2,31,1140.3705,0
4,829358,1616,2,1,830,38.5,9.7,12,10.4,99,1.76,7,1,6,No,yellow,Yes,2,60,955.1205,1
9,747137,2267,2,6,774,20.5,7,1,40,92.8,1.99,9,4,2,No,green,Yes,3,45,1542.2205,1
11,570027,1025,3,6,431,2.1,7.6,98,5.4,83.7,1.87,8,6,10,No,blue,Yes,2,6,736.6205,0
13,793743,1375,4,6,434,36.8,8.5,0,7.8,96.7,1.44,3,2,8,No,red,Yes,2,50,470.6205,1
16,878506,1682,3,2,615,12.9,9.2,6,0.6,95.7,0.89,5,4,7,No,green,Yes,3,60,753.7205,0
26,657916,1920,5,2,1231,21.7,8,2,39.3,97.6,2.12,8,1,9,Yes,green,Yes,3,49,266.3705,1
30,797067,1515,5,7,616,37,7.2,10,5.6,92.7,0.9,1,5,8,Yes,white,Yes,1,19,1039.6705,0
35,954409,2609,2,2,606,6.9,8.2,66,2.5,93,1.72,2,10,3,Yes,red,Yes,2,27,588.4205,0
37,744258,2065,5,6,683,58.6,8.7,81,2.5,92,1.62,8,6,2,Yes,blue,Yes,3,40,1504.2205,0
39,735157,1784,5,4,682,55.6,8,46,10.3,88.3,1.62,6,3,8,Yes,blue,Yes,2,57,567.5205,0
46,718843,2665,2,5,1234,23.1,7.6,21,28.3,90.6,1.35,10,3,5,Yes,yellow,Yes,2,46,963.6705,0
56,739144,1351,5,3,212,22,8.6,34,2.9,90.1,2.02,4,6,6,Yes,green,Yes,2,-3,1109.0205,0
61,932324,2424,5,5,435,18.4,6.7,19,7.5,95.8,1.78,10,10,1,Yes,yellow,Yes,1,51,1347.4705,0
62,1032674,1716,2,1,383,8.1,9,2,10.2,89.9,1.71,1,8,9,Yes,yellow,Yes,1,24,1303.7705,1
63,782015,2064,6,2,200,34.1,7.9,5,0.7,90.7,1.7,10,5,3,Yes,white,Yes,1,44,278.7205,1
64,728272,1736,4,6,960,26.3,7.1,67,7.9,89.3,1.31,10,5,10,Yes,blue,Yes,2,31,294.8705,0
65,813686,1975,4,4,1136,22.6,8,37,4.8,90.2,1.82,10,8,6,Yes,white,Yes,2,35,460.1705,0
72,965253,2774,4,4,404,25.2,9.4,27,2.9,94.8,1.23,6,1,9,Yes,yellow,Yes,3,4,1224.9205,0
79,785647,1714,2,6,200,50,8.2,3,0.5,96.4,1.64,5,3,6,Yes,green,Yes,1,16,1187.8705,1
85,733871,1485,2,1,983,18.6,8.4,46,8.7,96.3,1.63,4,8,5,Yes,red,Yes,2,9,340.4705,0
89,796542,1536,6,4,200,45.8,9,25,10.4,90.5,1.03,2,2,7,Yes,white,Yes,3,52,1110.9205,0
92,690496,2000,6,2,815,69.3,9.8,16,20.2,92.6,1.38,9,3,8,Yes,yellow,Yes,3,44,262.5705,0
93,993131,2238,1,4,762,26.3,9.5,4,6.2,91.6,0.88,10,2,7,Yes,blue,Yes,2,57,183.7205,0
97,795166,2276,6,3,339,22.5,7.3,44,0.5,88.5,1.2,5,10,4,Yes,white,Yes,2,-5,606.4705,1
98,748965,1237,4,1,498,63,8.2,8,3.2,90,2.11,6,5,6,Yes,white,Yes,2,20,942.7705,1
99,708953,1045,6,1,562,11.8,7.8,19,10.4,99,1.54,7,10,2,Yes,green,Yes,2,3,1087.1705,1
100,959121,2397,2,6,769,23.6,9.9,22,20.5,93.8,1.74,8,5,8,Yes,blue,Yes,3,46,189.4205,0
102,612185,1313,3,6,200,39.9,9.2,4,24.3,90.9,1.6,9,6,7,Yes,blue,Yes,3,8,515.2705,1
106,915921,3199,6,1,463,16.2,8.3,84,27.1,94,2,1,1,5,Yes,green,Yes,1,62,1017.8205,1
108,891788,2251,6,2,598,20.9,7.2,13,0.5,90.5,1.41,1,2,8,Yes,white,Yes,2,-1,543.7705,0
118,746010,1271,4,1,419,27.7,7.8,10,7.1,94.2,1.3,3,3,9,Yes,green,Yes,2,59,857.2705,0
121,1203292,4188,3,3,1610,34.6,7.9,23,16.8,95,1.98,6,2,8,Yes,green,Yes,2,48,1310.4205,0
122,866085,2369,3,7,848,8.5,9.4,41,13.3,99,1.19,10,3,3,Yes,yellow,Yes,3,37,1371.2205,1
127,820779,1191,2,4,200,15.4,9.7,1,2.7,94.6,0.74,8,2,9,Yes,red,Yes,2,61,651.1205,1
128,869522,2659,5,6,551,16.1,8,18,4.3,97.6,1.19,8,4,8,Yes,green,Yes,3,57,1452.9205,0
129,954868,2312,3,5,564,15.4,8.4,11,4.7,91.3,1.48,8,1,3,Yes,green,Yes,1,2,503.8705,0
145,826880,1665,2,3,998,18.1,6.9,37,6,97.4,0.98,4,1,5,Yes,white,Yes,2,43,555.1705,0
148,809943,1347,3,3,591,8.1,9.2,31,1.4,92.4,1.83,5,6,5,Yes,red,Yes,3,50,400.3205,0
151,853759,1693,6,4,567,12.2,8.5,11,3.3,91.6,0.98,4,10,2,Yes,white,Yes,3,28,351.8705,0
154,800380,1951,5,5,200,9.1,7.6,27,7.3,95.1,1.3,2,6,8,Yes,blue,Yes,3,50,793.6205,0
155,619468,1158,1,4,200,41.5,7.9,12,5.1,91.5,1.71,5,1,3,Yes,white,Yes,1,37,458.2705,1
160,877764,2188,6,6,1398,54,9.7,6,3,90.8,2.1,6,6,7,Yes,yellow,Yes,3,37,1199.2705,1
163,812129,2143,6,5,200,18,8.3,60,0.6,89.3,1.25,9,8,9,Yes,yellow,Yes,2,16,653.0205,0
164,945687,2683,5,3,1765,35.4,8.9,40,4.5,92.2,1.59,3,2,6,Yes,blue,Yes,2,40,771.7705,1
165,829076,3130,2,2,1890,21.6,6.9,45,10.8,97.3,1.67,6,1,1,Yes,yellow,Yes,2,9,714.7705,0
168,686754,1159,4,6,743,15.9,8.2,30,2.6,87.5,1.8,10,4,1,Yes,yellow,Yes,2,45,380.3705,1
171,970167,2543,2,5,1203,6.3,6.6,11,15.5,98.2,1.81,1,1,3,Yes,blue,Yes,2,38,934.2205,1
172,740238,1753,6,3,731,27.3,7.8,25,5.8,95.7,1.41,3,8,10,Yes,green,Yes,2,49,239.7705,1
178,889120,1920,2,2,999,20.3,8.9,15,3.7,91.2,1.44,7,7,7,Yes,blue,Yes,3,-1,279.6705,1
182,794246,1588,5,3,398,25.7,7.9,31,8.1,94.2,1.9,5,5,1,Yes,green,Yes,1,-2,655.8705,0
186,904622,3079,4,3,713,17.4,9,100,11.2,92.2,0.74,2,5,10,Yes,red,Yes,1,53,665.3705,0
197,1022652,2089,3,2,200,41.6,9.9,13,4.9,89.3,1.02,5,2,9,Yes,white,Yes,3,51,995.0205,0
200,899826,2135,3,4,732,32.1,8.6,1,18.7,87.4,1.78,4,6,7,Yes,white,Yes,3,7,1048.2205,1
201,1070862,3385,3,1,1502,35.7,9,57,7.7,91.2,1,8,1,4,Yes,blue,Yes,3,55,1200.2205,0
207,944203,3026,5,5,1217,28.8,8.5,68,8,93.7,1.58,2,7,2,Yes,white,Yes,2,62,577.0205,1
209,813064,1613,3,4,735,16.9,6.9,33,0.7,99,1,7,3,4,Yes,white,Yes,2,12,599.8205,0
210,708099,1800,5,4,1217,20.4,9,11,7,90.5,1.34,2,3,6,Yes,red,Yes,1,44,1369.3205,0
211,724257,1162,2,3,755,16.4,8.6,10,19.8,89.2,1.75,1,2,1,Yes,white,Yes,2,14,326.2205,0
213,915657,2451,2,5,1094,13.3,7.7,5,8,91,1.79,4,7,1,Yes,blue,Yes,2,-5,39.3205,1
215,603486,1527,2,1,712,33.1,8.1,26,3.4,84.3,1.21,8,2,10,Yes,red,Yes,1,26,1030.1705,0
216,877711,1976,1,6,1081,36.6,9.4,10,7.9,95.8,1.45,2,2,10,Yes,white,Yes,2,34,755.6205,0
234,871865,2460,4,6,811,26.1,8,21,23.4,90.6,1.23,3,4,9,Yes,blue,Yes,3,51,1267.6705,1
239,666612,1561,4,7,604,74.9,7.8,18,5,92.3,1.66,9,9,9,Yes,green,Yes,2,24,855.3705,1
241,897231,1868,5,5,578,25.6,9.1,7,3.6,86.5,0.97,7,2,4,Yes,green,Yes,3,-6,1524.1705,1
259,627912,723,3,2,200,32.3,7.5,12,10.3,91.9,1.92,6,3,9,Yes,blue,Yes,1,33,1297.1205,0
266,983043,2732,5,4,1434,28.8,7.1,17,1,92.8,1.81,1,7,1,Yes,red,Yes,1,61,452.5705,0
268,732441,2013,2,1,988,57.5,8.8,2,13.9,93,1.84,5,1,8,Yes,red,Yes,3,19,1189.7705,1
273,588696,1421,5,4,246,32.5,6.3,24,3.2,93.3,1.17,9,8,8,Yes,green,Yes,1,55,270.1705,0
282,664273,1420,6,2,379,41.9,7,40,10.3,92.8,1.64,5,5,3,Yes,green,Yes,1,15,1465.2705,1
283,917071,2734,1,3,849,20.6,8.5,98,14.8,93.7,1.24,3,5,10,Yes,blue,Yes,1,40,486.7705,1
290,1038499,2961,6,5,1718,18.3,9.7,65,10.4,92,1.33,5,9,2,Yes,red,Yes,2,36,1374.0705,1
301,825000,2601,2,3,987,41.1,9.2,3,13.1,86.3,2.27,10,5,6,Yes,red,Yes,1,46,1048.2205,1
306,1343138,4500,5,3,1383,36.9,7.8,1,2,93,1.64,8,10,4,Yes,red,Yes,2,39,843.0205,1
317,952531,2414,5,2,1162,23.3,7.4,19,0.6,90.8,1.51,4,6,8,Yes,blue,Yes,2,36,851.5705,0
322,771496,2364,6,5,1069,41.7,7.9,88,5.4,89.9,1.77,9,8,6,Yes,blue,Yes,1,53,201.7705,1
327,712465,1228,3,2,477,25.7,8.7,14,7.2,93.1,0.99,3,9,1,Yes,green,Yes,3,25,1198.3205,1
329,930233,2296,3,2,525,18,8.1,2,5.2,92.5,1.8,1,9,5,Yes,green,Yes,2,32,506.7205,0
333,573790,1058,5,3,548,16.5,8.7,3,12.7,97.6,1.63,1,6,9,Yes,red,Yes,1,5,26.9705,1
338,809384,1832,2,5,388,10,9,55,5.6,97.9,1.58,3,9,6,Yes,white,Yes,3,60,977.9205,1
343,778010,2138,6,7,580,24.4,7,56,9.8,94.6,1.45,5,3,2,Yes,green,Yes,2,40,927.5705,1
346,999038,2643,5,6,765,10.3,6.9,30,4.2,87.2,1.31,10,6,5,Yes,white,Yes,1,26,1017.8205,0
349,860224,2294,1,5,1287,34.5,6.7,39,3.8,93.4,0.5,4,3,5,Yes,yellow,Yes,1,52,456.3705,0
350,719641,1569,5,5,637,34.4,6.2,0,6.2,89.3,1.13,7,2,10,Yes,blue,Yes,3,38,254.0205,1
353,871594,2287,6,4,1344,25.2,9.1,24,12,92.1,1.5,4,7,7,Yes,yellow,Yes,3,48,1095.7205,0
356,960661,1972,2,6,1188,8.1,9.5,3,9.3,92,1.54,5,8,2,Yes,yellow,Yes,3,18,1045.3705,1
357,642091,1582,4,6,572,26.8,6.9,29,2.4,97.1,1.09,4,7,4,Yes,green,Yes,3,33,1381.6705,1
360,836147,2077,4,7,829,19.3,7,57,13,96.7,0.86,7,3,9,Yes,red,Yes,2,17,164.7205,0
364,1049041,2657,3,4,964,11.7,8.7,12,2.8,91.5,0.81,10,10,4,Yes,blue,Yes,2,8,1438.6705,1
371,756110,1704,2,4,329,83.9,5.3,25,1.2,91,1.28,5,2,8,Yes,white,Yes,1,38,1476.6705,1
374,941173,2146,2,2,662,22.1,8.7,26,4.7,95.7,1.94,10,5,4,Yes,blue,Yes,2,16,224.5705,1
378,594100,1132,2,4,738,4.8,9.1,60,26.5,97.2,1.28,8,3,9,Yes,red,Yes,2,61,1036.8205,1
381,808957,1285,4,3,617,44.1,9.1,3,2.4,97.1,0.62,7,4,9,Yes,green,Yes,3,46,1091.9205,1
382,727798,1288,4,4,441,30.7,9.1,8,5.7,92.5,0.8,7,6,6,Yes,yellow,Yes,2,-2,797.4205,0
384,847423,1770,3,4,200,13.9,9.6,1,3.2,87.5,1.38,5,4,7,Yes,yellow,Yes,2,-4,1462.4205,1
385,957318,1821,5,1,566,5.3,8.4,4,5.1,94.2,1.05,6,3,1,Yes,blue,Yes,1,39,875.3205,0
389,848202,2458,1,5,1072,15.2,8.1,0,9.6,92.8,2.3,7,5,5,Yes,green,Yes,3,22,267.3205,1
392,662427,1300,4,4,599,40.5,6.3,11,4.2,93.5,1.59,4,8,4,Yes,yellow,Yes,1,47,1230.6205,1
396,618301,1084,3,3,200,23.9,5.5,0,7.5,91.5,0.5,7,10,7,Yes,green,Yes,1,61,379.4205,1
397,756761,1304,3,6,498,20.3,6.9,14,1.8,99,1.58,6,4,3,Yes,green,Yes,1,57,127.6705,1
401,709174,1398,1,5,434,43,7.5,23,3.3,91.1,1.77,4,1,4,Yes,white,Yes,3,29,1214.4705,0
406,897827,2878,4,3,1207,18.1,6.9,100,2,92,0.94,9,6,10,Yes,white,Yes,2,25,555.1705,1
411,923909,2397,5,6,614,22,8.3,6,4.9,90.6,1.43,8,10,6,Yes,yellow,Yes,3,21,1248.6705,1
412,993909,3083,4,5,370,21.9,7.2,71,10.3,99,1.25,3,2,3,Yes,blue,Yes,3,23,1090.0205,1
415,1047026,2570,2,2,912,8,8,16,9.8,96,1.31,4,5,5,Yes,blue,Yes,2,17,1504.2205,0
417,892861,2183,2,1,752,27.9,7.5,3,6.9,94.7,1.28,1,5,7,Yes,blue,Yes,2,60,1243.9205,0
418,900942,2028,2,3,531,22.7,9.4,74,1.6,87.3,1.49,1,1,8,Yes,white,Yes,3,44,878.1705,1
421,953705,2597,2,2,973,24.5,8.9,11,0.9,89,1.2,9,2,1,Yes,yellow,Yes,1,25,1045.3705,0
429,806344,2668,5,2,905,63.9,9.5,14,0.5,96.4,1.21,8,5,9,Yes,white,Yes,2,14,325.2705,1
430,837847,1601,4,2,758,22.1,8,2,0.7,95.7,1.35,9,10,9,Yes,red,Yes,3,6,1357.9205,0
431,918480,2193,3,2,674,14.6,7.8,16,0.5,86.4,1.07,9,6,6,Yes,red,Yes,2,15,174.2205,0
437,600419,1719,5,1,536,42.2,7.3,5,5.3,89,1.16,6,2,3,Yes,red,Yes,2,2,1332.2705,0
440,695070,1026,4,4,365,11,9,9,10,92.4,1.34,2,3,3,Yes,blue,Yes,1,19,152.3705,1
441,1117022,3321,3,3,1156,13.1,8.6,32,7.5,98.1,1.52,3,3,6,Yes,white,Yes,1,35,687.2205,0
442,958598,2919,3,3,772,14.8,7.8,9,21.9,89.1,1.56,3,3,7,Yes,blue,Yes,2,27,911.4205,1
444,748108,2291,4,5,951,20.9,7.8,100,13.2,91.8,1.4,3,5,2,Yes,green,Yes,2,60,389.8705,1
454,650552,1401,5,2,200,22.1,7.3,15,17.6,94.9,1.21,1,7,7,Yes,blue,Yes,1,37,1413.0205,1
455,851094,2285,1,3,1654,18.8,5,16,9,93,1.24,10,2,5,Yes,blue,Yes,3,31,289.1705,0
456,977557,3029,2,3,1273,33.9,8.3,16,14.1,89.6,1.88,8,8,1,Yes,white,Yes,2,52,243.5705,0
471,957725,2620,5,4,1367,55.8,7.7,1,8.3,93,1.66,5,7,2,Yes,blue,Yes,2,33,40.2705,0
473,782667,1367,1,6,200,12.1,9.7,48,6.9,93.5,1.06,4,9,5,Yes,yellow,Yes,1,32,1079.5705,1
479,772649,1127,6,2,200,2.1,8.3,8,12.9,93.7,1.41,3,5,7,Yes,yellow,Yes,3,55,313.8705,0
487,791686,1572,2,1,200,42.2,6.6,2,6.6,95.1,1.66,1,1,8,Yes,green,Yes,3,49,372.7705,0
488,722662,1772,6,3,235,47.3,9.6,12,4.4,84.3,1.77,2,3,2,Yes,green,Yes,3,33,1375.0205,0
492,745627,1414,3,3,558,29.2,7.1,3,15.4,90.6,1.33,10,4,1,Yes,red,Yes,1,18,1053.9205,0
495,659498,1160,5,3,848,53.7,7.8,3,4.6,92.4,1.75,10,8,5,Yes,white,Yes,1,19,684.3705,0
500,884253,2028,5,6,558,29,9.6,20,4.3,93,1.16,1,4,7,Yes,red,Yes,2,49,527.6205,1
8,939629,2783,2,7,851,26.2,8,21,3.6,96.1,1.4,4,9,7,Yes,blue,Yes,3,49,1121.3705,0
9,563880,1122,4,7,807,39.6,6.5,22,2,91.9,1.93,3,7,9,Yes,red,Yes,2,37,881.9705,1
10,646147,1133,4,3,768,13.4,8.5,31,19.7,86.6,1.93,8,7,2,Yes,blue,Yes,2,3,849.6705,0
11,1027397,2131,3,7,1099,15.3,6.5,3,4.5,94.2,1.22,9,2,8,Yes,yellow,Yes,2,32,323.3705,1
20,672074,1336,6,5,368,10.1,6.9,12,21,99,1.32,4,5,3,Yes,blue,Yes,1,43,805.9705,0
21,961215,1914,3,2,1131,16.9,9.4,4,6.7,97.8,1.6,6,7,4,Yes,blue,Yes,3,54,286.3205,1
24,503223,1613,1,3,244,28.4,7.2,61,23.1,88.4,1.63,7,7,7,Yes,white,Yes,2,61,124.8205,1
25,862890,2485,3,6,583,54.9,8.5,47,18.1,87.1,1.11,1,2,10,Yes,red,Yes,3,44,1168.8705,1
26,928400,2131,5,6,864,55.1,8,44,0.5,91.5,1.78,2,9,5,Yes,red,Yes,2,35,712.8705,0
27,676048,2085,4,6,831,14.3,7,40,21.7,87.2,1.27,3,1,10,Yes,green,Yes,2,18,1282.8705,0
33,735069,2186,4,3,545,55.3,6,2,4.1,87.2,1.46,6,10,4,Yes,yellow,Yes,3,56,912.3705,0
39,474057,1164,1,2,626,33.8,6.1,53,2,92.9,1.49,8,6,9,Yes,red,Yes,3,41,224.5705,0
42,464118,1159,2,5,794,65.8,6.8,64,7.3,91.2,1.45,1,3,9,Yes,yellow,Yes,2,61,685.3205,0
50,1044234,3739,6,5,977,32.8,7.5,10,9.9,92.9,1.55,8,8,6,Yes,yellow,Yes,2,-5,404.1205,0
62,661751,1855,5,3,249,18.6,7.3,26,12.4,94.2,1.9,9,1,8,Yes,white,Yes,1,36,301.5205,1
64,925208,1968,5,7,1251,75.2,9.2,23,1.6,96,1.63,2,10,1,Yes,white,Yes,2,3,1198.3205,1
65,545638,1316,5,3,835,24.7,5.9,67,4.4,89,1.62,5,5,8,Yes,white,Yes,1,51,741.3705,0
66,731354,1560,5,4,545,27.1,7.5,14,4.4,95.6,2.1,9,7,4,Yes,red,Yes,2,26,1476.6705,1
73,799680,1621,6,2,420,32.8,9.9,20,1.3,90.4,1.79,5,1,8,Yes,red,Yes,3,23,1033.9705,1
74,722488,1769,2,4,627,38.8,6.9,38,6,91.2,1.04,4,9,6,Yes,green,Yes,2,6,279.6705,1
79,727161,1986,1,4,1121,43.1,9.4,100,0.7,93,0.71,5,1,8,Yes,yellow,Yes,3,-2,946.5705,0
83,788341,1767,3,5,466,43.4,7.7,1,2.1,94.3,1.87,1,7,6,Yes,blue,Yes,2,44,464.9205,1
87,689856,1134,5,6,200,19.4,8.3,15,1.9,93.1,1.5,3,4,7,Yes,green,Yes,1,56,1374.0705,1
101,484135,933,1,5,200,48.1,7.7,19,12.9,89.2,1.32,9,9,5,Yes,blue,Yes,1,58,904.7705,1
102,822599,2236,1,5,953,23.6,8.2,25,8.9,95.2,1.49,5,9,7,Yes,red,Yes,2,33,1377.8705,0
105,696858,1447,6,6,316,8.5,8,1,26.1,89.1,1.6,3,2,1,Yes,green,Yes,1,39,1461.4705,1
106,885861,1687,5,1,213,16.3,9.7,14,2.6,92.5,1.88,1,6,6,Yes,blue,Yes,3,30,662.5205,0
109,650936,2464,2,1,414,20.9,8.4,62,10.9,95.3,1.97,3,10,7,Yes,green,Yes,3,40,106.7705,0
114,662676,1796,5,7,308,55.8,7.4,73,3.3,88.3,1.97,10,10,1,Yes,white,Yes,1,-5,954.1705,1
115,839604,2220,6,1,649,6.7,9.3,55,7.5,89.6,1.4,8,4,6,Yes,green,Yes,2,6,1541.2705,0
117,696814,1392,5,5,365,12.6,9.2,8,1.8,90,1.57,7,10,7,Yes,white,Yes,1,23,1337.0205,1
118,763484,1852,3,4,964,30.3,8.6,34,1.6,91.6,1.3,5,4,5,Yes,green,Yes,3,44,313.8705,0
121,1013502,2303,1,1,696,7.9,8.4,4,4,94.2,1.3,1,3,2,Yes,blue,Yes,3,13,747.0705,1
122,988911,2373,3,2,1294,24.2,9.2,19,12.9,92.9,1.3,2,1,3,Yes,blue,Yes,2,50,832.5705,1
125,906078,2078,2,3,1489,30.6,7.8,12,1.9,94.6,1.94,10,7,5,Yes,blue,Yes,1,31,849.6705,1
126,697166,1332,3,6,200,7.5,8.2,28,4,85.2,1.51,3,3,7,Yes,white,Yes,1,25,1253.4205,1
127,841021,2942,1,1,771,46.1,6.2,25,15.7,93,1.59,8,1,2,Yes,blue,Yes,3,5,224.5705,1
132,808727,2117,4,5,625,2.8,6.5,76,7.9,96,1.15,6,2,8,Yes,red,Yes,3,7,308.1705,0
148,686799,1101,1,5,363,18.3,9.7,11,1.9,88.3,1.5,3,1,5,Yes,red,Yes,1,37,1021.6205,1
153,991384,2152,3,7,847,29.4,8.1,13,2.3,93.2,1.51,9,3,7,Yes,green,Yes,2,29,689.1205,1
154,1165331,2582,2,2,1491,9.5,9.1,35,0.9,95.1,0.88,7,2,3,Yes,yellow,Yes,2,31,1047.2705,0
156,773114,2428,2,5,608,18,9.1,85,17.9,98,1.42,2,1,6,Yes,green,Yes,3,50,3.2205,1
157,846968,1228,4,4,943,31.7,5.2,7,0.9,88.6,1.28,9,1,7,Yes,blue,Yes,2,57,297.7205,1
162,711426,1316,4,2,254,16.4,8.6,39,7.6,90.8,1.4,3,8,8,Yes,white,Yes,3,4,325.2705,0
173,686705,1972,5,5,226,20.2,6.4,44,7.4,94.7,1.32,8,10,2,Yes,yellow,Yes,3,-3,616.9205,0
181,836274,2283,1,2,452,41.3,7.9,4,7.4,91.6,1.64,5,3,7,Yes,red,Yes,2,7,413.6205,0
191,762031,1261,3,1,241,33.5,9.5,10,0.8,92.9,1.26,2,3,10,Yes,red,Yes,1,13,1520.3705,1
200,974202,2866,4,2,493,10,9.2,26,14.5,92.8,1.3,5,7,10,Yes,yellow,Yes,1,24,1152.7205,1
201,886731,2061,3,3,933,11.6,6.2,41,2.6,98.6,0.66,8,9,2,Yes,white,Yes,2,-2,1200.2205,1
203,1178430,3640,2,6,693,22.8,7.9,12,1.1,93,1.55,8,9,6,Yes,red,Yes,2,48,163.7705,0
204,853280,2576,3,6,1444,41.6,6.5,12,7.5,89.4,1.61,3,1,7,Yes,white,Yes,2,22,1369.3205,0
207,787666,1894,4,4,397,29.2,8.9,46,10.4,96.5,1.66,8,8,10,Yes,white,Yes,3,40,29.8205,0
210,981593,3111,4,4,1054,6.9,7.8,43,7,98.3,1.27,8,5,2,Yes,white,Yes,3,5,1083.3705,0
212,1088527,3077,4,3,1092,28.9,9.1,34,11.2,95.9,1.5,8,9,8,Yes,blue,Yes,2,32,1024.4705,1
216,487297,863,3,1,200,14.8,5.1,80,0.5,99,0.92,5,5,10,Yes,red,Yes,1,13,1158.4205,0
220,1085372,1880,5,5,1268,27.4,9.8,17,1.1,92.6,1.14,1,7,10,Yes,red,Yes,1,33,976.0205,1
221,1135157,3567,3,2,1174,3.2,8.8,8,5,82.3,1.7,3,6,10,Yes,green,Yes,2,25,327.1705,0
224,1041294,3023,3,6,603,8,8.8,0,6.3,97.3,1.08,8,9,9,Yes,red,Yes,1,60,1128.9705,1
231,970741,2769,5,2,609,14.7,8.6,1,12.5,93.7,1.09,2,1,9,Yes,blue,Yes,2,31,1407.3205,0
232,1048932,3246,1,6,1992,21.1,7.9,11,9.7,95.8,1.42,8,8,4,Yes,yellow,Yes,2,11,1166.9705,0
233,1006218,2192,3,3,1095,13.8,7.4,13,1.7,89.5,1.67,2,8,5,Yes,red,Yes,1,5,151.4205,1
235,1200616,3608,4,7,992,30.4,8.3,13,4.7,90.8,0.7,5,4,1,Yes,red,Yes,1,23,1113.7705,0
237,689935,1601,2,5,441,45.8,7.9,15,6.3,91.4,1.26,7,6,1,Yes,yellow,Yes,2,56,1262.9205,1
242,830208,2117,5,2,700,24.9,6.3,62,1.2,95.6,1.28,8,1,2,Yes,blue,Yes,1,33,429.7705,1
249,797478,2061,4,6,826,68.5,7.8,2,22.5,93.2,1.6,7,5,4,Yes,blue,Yes,2,38,1388.3205,0
250,734654,1676,2,3,200,30.3,9.4,20,1.4,90.3,1.19,6,1,8,Yes,yellow,Yes,1,34,767.0205,0
252,1034543,3122,5,7,1609,10.1,7.6,3,5.3,93,0.91,9,10,9,Yes,white,Yes,2,41,322.4205,0
258,700636,1380,4,4,1088,28.5,9.5,12,16.7,94.8,1.82,3,9,6,Yes,green,Yes,3,8,385.1205,1
259,501802,1212,2,5,569,23.8,7.2,14,40,93.5,1.65,2,1,3,Yes,red,Yes,1,60,1050.1205,0
265,832625,1967,4,6,664,17.4,9.4,100,13.5,88.6,1.73,10,1,3,Yes,white,Yes,1,51,347.1205,0
270,836000,1680,2,3,209,33.8,7.6,2,5.2,89.6,1.71,7,8,2,Yes,blue,Yes,2,45,731.8705,0
271,565589,1675,4,3,200,25.7,6.2,40,5,91.1,1.26,6,4,8,Yes,yellow,Yes,2,11,1268.6205,1
276,733165,1629,2,5,337,21.8,8.3,21,5.3,96.2,1.18,3,2,2,Yes,blue,Yes,2,0,900.9705,1
277,758070,1646,2,5,200,35.9,9,7,12.5,94.4,1.09,6,3,2,Yes,white,Yes,3,59,468.7205,1
284,758435,1250,3,1,283,29.7,7.6,13,2.4,87.7,1.5,6,1,5,Yes,white,Yes,1,-3,1055.8205,0
286,738681,1591,4,2,638,38.3,8.8,54,2.7,91.4,1.14,8,7,4,Yes,white,Yes,3,17,514.3205,1
293,629147,1558,6,2,1097,55.4,8.6,33,15.5,88.3,1.38,9,10,6,Yes,red,Yes,3,46,297.7205,0
298,444689,963,2,7,200,26.1,9,84,1.7,93.6,1.24,6,1,6,Yes,blue,Yes,3,-1,960.8205,1
300,637088,2000,5,5,200,35,7.7,55,6.1,85.3,1.08,10,8,5,Yes,green,Yes,2,40,1215.4205,0
303,949109,2034,3,4,532,10.2,9.6,91,10.4,92.2,1.44,6,1,10,Yes,red,Yes,1,47,1417.7705,0
304,631591,1267,6,3,288,20,7.2,52,0.5,90.9,1.92,4,6,9,Yes,white,Yes,3,63,449.7205,0
305,730221,1741,3,3,635,32.7,6.3,40,13,95,1.37,10,3,1,Yes,green,Yes,3,33,738.5205,1
308,693084,1345,1,6,546,46.7,9,7,6.2,95.6,1.52,2,1,10,Yes,green,Yes,2,38,602.6705,0
310,723705,1485,2,7,824,46.2,9.7,85,1.3,90.4,1.23,5,8,6,Yes,yellow,Yes,3,6,312.9205,0
315,1000041,3418,5,3,1422,46.4,8.2,75,1.4,84.1,1.08,6,6,10,Yes,green,Yes,1,46,1004.5205,1
316,1005825,2393,3,1,1084,29.2,8,12,1.4,92.4,1.49,9,9,5,Yes,green,Yes,3,29,473.4705,1
321,832863,1633,2,6,380,6,8.6,2,3,89.6,0.98,1,5,2,Yes,blue,Yes,3,51,724.2705,1
324,608859,1101,5,1,819,39.5,8.3,2,1.8,94.2,1.94,1,3,6,Yes,white,Yes,2,50,26.9705,1
328,789691,1761,6,7,616,50.9,9.2,10,1.2,92.3,1.54,8,8,6,Yes,white,Yes,2,53,1473.8205,1
334,639259,1635,3,6,200,28.8,7.3,94,8,88.5,1.58,9,7,5,Yes,blue,Yes,1,31,900.9705,0
339,1176428,3913,5,3,2026,17.4,7.2,11,8.4,89.6,1.67,5,2,6,Yes,yellow,Yes,1,44,608.3705,1
346,522970,1226,3,1,391,58.7,8,30,3.4,95.6,1.12,3,1,5,Yes,white,Yes,2,31,606.4705,0
347,828445,1465,3,6,874,13,9.1,3,7.5,93.2,0.8,5,5,9,Yes,blue,Yes,1,4,1480.4705,0
352,873864,2410,6,3,897,39,8.2,14,1.6,94.2,1.5,3,4,3,Yes,green,Yes,1,13,1049.1705,1
353,729701,1223,2,4,859,22.9,8.3,57,18,97.6,1.29,8,4,2,Yes,yellow,Yes,2,37,1298.0705,0
354,819611,1944,2,5,833,15,7,1,6.5,92.6,1.12,9,8,9,Yes,blue,Yes,3,19,1526.0705,1
359,886838,2720,2,7,815,46.8,7.6,6,17.2,97.7,2.13,10,8,1,Yes,red,Yes,3,22,1433.9205,0
360,772862,1927,3,4,684,55.1,9.3,15,9,89.5,0.95,1,2,6,Yes,white,Yes,3,51,1025.4205,0
361,749520,1495,5,1,671,30.9,9.7,25,3.7,94.6,1.04,5,8,4,Yes,red,Yes,3,58,495.3205,1
364,694462,2285,2,4,1373,78.4,9.3,22,7.4,90.4,1.75,6,9,10,Yes,green,Yes,1,27,293.9205,1
366,596475,1616,2,4,200,52.7,5.5,9,4.7,95.3,0.82,1,3,5,Yes,white,Yes,3,50,538.0705,0
369,876784,2171,3,7,878,20.6,8.9,3,0.8,92,1.5,8,10,4,Yes,green,Yes,2,16,782.2205,1
371,838369,1440,3,3,1090,16.5,8.1,2,3.9,92.2,1.02,10,2,1,Yes,green,Yes,2,15,711.9205,0
380,851332,1686,2,2,372,32.5,7.7,5,4.2,88.4,1.46,2,2,5,Yes,blue,Yes,2,1,695.7705,1
392,697010,854,4,3,1010,19.6,8.4,54,1.8,89.5,0.5,5,6,2,Yes,yellow,Yes,2,39,102.9705,0
395,886066,2150,3,3,617,24,7.9,4,3.6,94.2,1.96,8,6,8,Yes,blue,Yes,2,30,844.9205,0
398,1036968,3292,6,4,1250,15,7.3,93,3.4,92.9,1.26,1,5,9,Yes,blue,Yes,2,17,264.4705,0
401,902449,1772,5,3,842,28.9,9,15,1.8,93.2,1.35,3,8,9,Yes,blue,Yes,3,2,843.0205,0
402,606600,1552,1,1,200,42.6,9.2,39,13.2,86,1.14,8,9,1,Yes,green,Yes,3,26,520.0205,0
403,638176,1475,3,4,200,25.6,7.3,77,13.1,90.3,1.24,6,3,10,Yes,yellow,Yes,1,-2,263.5205,1
409,685010,1538,5,4,297,30.1,9.7,15,40,94.7,1.38,9,5,3,Yes,green,Yes,2,1,114.3705,0
411,813308,1492,1,5,611,2.3,8.2,4,7.2,95.3,1.38,8,9,9,Yes,yellow,Yes,2,15,522.8705,0
413,692738,1394,2,7,441,30.9,8.1,5,9.3,90.9,1.66,1,7,6,Yes,green,Yes,2,47,489.6205,0
415,980974,2288,4,3,414,9.8,9.1,17,3.3,94.4,1.16,4,6,2,Yes,yellow,Yes,3,7,1272.4205,0
419,779436,1863,5,5,853,16.1,6.6,9,9.9,92.9,1.85,7,7,7,Yes,blue,Yes,1,59,1484.2705,0
420,1035235,2833,3,6,817,46.3,8.7,1,1.3,91,1.46,7,6,4,Yes,blue,Yes,1,49,1172.6705,1
422,970761,2336,1,4,926,0.5,7.7,17,6.4,97.8,1.63,2,3,7,Yes,white,Yes,1,63,909.5205,1
434,831692,2515,4,4,1198,11.3,7.4,48,9,92,1.33,8,1,9,Yes,red,Yes,1,6,81.1205,0
438,769624,1661,5,5,381,64,7.7,0,0.6,89.5,1.68,5,7,10,Yes,white,Yes,2,43,44.0705,1
445,764908,2016,3,6,1412,11.4,8,18,23,95.2,1.68,1,5,7,Yes,green,Yes,3,-3,1017.8205,0
456,1102299,3318,2,5,989,14.6,9.4,8,11.6,98.9,1.03,1,5,4,Yes,white,Yes,2,60,293.9205,1
457,830892,2494,5,5,1358,18.4,5.1,52,4,94.9,1.8,1,5,10,Yes,white,Yes,1,39,812.6205,1
462,514057,1455,1,4,522,37.4,7.1,44,15.2,91.1,1.3,10,10,8,Yes,white,Yes,3,42,159.9705,1
463,858900,1496,4,6,200,4.5,8.9,17,4.9,95.8,1.35,10,7,2,Yes,blue,Yes,2,63,992.1705,1
467,836548,2036,5,4,740,46.3,6.9,22,2.2,93.8,1.22,8,3,8,Yes,white,Yes,3,26,1111.8705,1
472,587114,1757,5,3,200,20.8,8,6,25,98.5,0.91,3,3,5,Yes,yellow,Yes,3,46,139.0705,0
477,858214,2801,6,2,1052,16.8,7.8,90,10.4,90,1.38,1,6,3,Yes,green,Yes,1,38,1.3205,1
484,755895,1991,3,2,592,25.5,6.7,10,10.4,92.9,0.97,7,4,10,Yes,green,Yes,2,53,718.5705,0
485,730860,1009,3,2,578,10.1,6.8,6,8.7,93.7,1.18,2,9,10,Yes,red,Yes,1,63,877.2205,0
492,855651,2222,2,3,270,37.4,8.7,19,4.3,91.7,1.15,8,6,10,Yes,white,Yes,3,25,1205.9205,0
494,626556,1671,5,3,253,38.8,9.2,28,2.7,91.2,2.11,1,10,7,Yes,blue,Yes,1,16,653.0205,0
10,665117,1526,3,1,391,34.7,8.1,15,12.1,99,1.83,8,5,4,Yes,red,Yes,3,44,527.6205,1
11,670088,1742,3,3,396,61.7,7.6,52,5.5,96.7,1.74,3,5,9,Yes,blue,Yes,2,51,1215.4205,0
13,688690,1147,3,6,200,27.8,9,29,8.1,98.8,1.31,9,8,6,Yes,green,Yes,2,30,54.5205,1
21,740657,2740,5,4,750,23.3,8.8,50,40,88.8,1.66,5,6,4,Yes,blue,Yes,2,43,672.9705,1
24,935182,2696,4,2,1349,10.7,9,33,19.2,90,1.44,2,1,5,Yes,white,Yes,3,52,1151.7705,0
30,642214,1822,2,6,970,19.8,8.7,100,4.4,96,1.74,5,4,3,Yes,white,Yes,1,19,12.7205,1
34,756174,1276,3,2,419,32.4,7.9,8,3.8,96.4,1.05,7,4,8,Yes,red,Yes,2,61,588.4205,0
38,710308,1911,4,3,200,44.4,7.3,25,5.3,95.3,1.4,7,6,7,Yes,blue,Yes,3,19,257.8205,1
44,703555,1947,3,6,965,11.3,5.9,28,4.6,91.8,1.35,3,3,3,Yes,blue,Yes,2,48,1493.7705,1
51,636669,1114,2,7,766,32.5,9,41,0.5,88,1.2,2,2,10,Yes,red,Yes,2,13,459.2205,1
54,769584,1368,1,2,248,12.4,7.1,6,7,96.8,1.36,1,7,3,Yes,yellow,Yes,1,27,1023.5205,1
59,634813,1182,3,6,409,49.6,8.2,16,3.4,97.1,1.41,6,3,2,Yes,green,Yes,2,9,410.7705,0
60,834080,1567,5,7,648,9.1,9.4,17,5.8,93.7,1.8,3,2,6,Yes,yellow,Yes,1,9,38.3705,0
62,791240,1602,4,7,200,19.7,9.7,31,10.8,92.5,1.35,3,2,4,Yes,yellow,Yes,1,51,980.7705,0
63,670461,1742,5,3,398,34.7,6.4,5,14.4,89.3,1.18,8,6,8,Yes,red,Yes,2,18,736.6205,0
67,1124342,3327,2,2,1286,23.2,9.2,18,0.5,91.4,0.51,2,8,9,Yes,white,Yes,2,55,452.5705,0
72,965592,3266,3,4,1426,12.7,8.2,13,23.8,90.6,1.82,1,7,3,Yes,white,Yes,3,44,227.4205,0
75,689411,1393,3,5,200,32.3,7.6,49,2.7,99,1.51,7,4,5,Yes,yellow,Yes,1,35,611.2205,0
76,1254236,3401,4,5,1350,1.4,7.5,19,2.8,98.1,2.12,10,8,7,Yes,yellow,Yes,3,50,1336.0705,1
77,845286,2361,4,5,823,36.6,7.6,39,7.2,98.5,1.6,9,3,9,Yes,red,Yes,3,11,682.4705,0
80,674419,1650,5,4,832,43,9.4,3,22,91.2,1.75,9,1,9,Yes,white,Yes,3,60,1430.1205,0
82,888409,1891,2,7,695,8.2,7.3,9,12.7,86.5,0.73,6,3,1,Yes,red,Yes,3,61,1475.7205,1
83,547723,904,2,5,200,41.7,7.1,3,4.6,94.2,1.23,3,10,5,Yes,white,Yes,3,9,1086.2205,0
89,689528,909,6,6,751,62.9,8.2,5,2.8,94.8,0.97,1,2,4,Yes,white,Yes,2,60,122.9205,0
93,845147,1741,4,6,607,10.5,8.9,19,14.8,97.2,0.87,8,9,9,Yes,green,Yes,3,54,1121.3705,1
96,1044496,2817,2,6,1066,10.4,8.7,5,14.3,97.2,1.27,6,9,6,Yes,blue,Yes,3,35,1484.2705,0
99,323444,1720,5,3,850,26.5,5.9,41,24.3,93.3,1.25,7,6,10,Yes,white,Yes,1,43,328.1205,1
104,1054599,2618,1,3,1306,26.5,9,28,1.8,91.6,1.21,9,10,6,Yes,blue,Yes,3,41,542.8205,0
109,898655,2107,5,7,776,7.6,7.7,21,0.5,94.1,1.48,8,3,1,Yes,blue,Yes,1,53,407.9205,0
110,397917,936,6,5,213,36.6,8.4,10,8.6,88.7,1.61,4,9,6,Yes,red,Yes,1,22,1196.4205,0
117,830844,1682,3,2,648,27,9.3,11,9.1,93.1,1.05,1,9,1,Yes,green,Yes,3,24,1422.5205,1
121,665477,1520,5,2,863,78.2,7,4,5.7,92.2,1.13,1,9,4,Yes,yellow,Yes,3,39,873.4205,1
124,632537,1588,2,7,449,32.9,7.2,7,7.2,93.8,2.42,9,9,5,Yes,green,Yes,3,8,938.0205,0
125,891843,1714,5,1,914,36.7,7.7,17,0.5,98.9,1.73,7,8,6,Yes,green,Yes,1,1,137.1705,1
127,495801,923,1,5,276,23.5,5.7,43,1.4,93.2,1.61,2,9,2,Yes,white,Yes,2,8,1347.4705,1
129,642580,1846,6,6,1057,43.8,6.4,61,2.4,84.8,1.11,8,8,2,Yes,yellow,Yes,3,8,135.2705,1
139,759970,2124,4,2,424,63.5,6,20,1.7,90.7,1.42,8,5,10,Yes,green,Yes,1,27,726.1705,1
143,841755,1739,4,1,737,25.9,8.8,14,2.9,95,1.3,9,5,10,Yes,green,Yes,2,44,555.1705,0
144,750949,1458,3,1,1071,28,7.8,30,1.2,96.6,1.8,8,1,10,Yes,red,Yes,2,33,615.0205,0
162,869087,2111,5,1,986,24.1,8.6,4,3.5,97.1,1.17,5,10,6,Yes,red,Yes,1,42,880.0705,1
169,721672,1740,6,6,582,53.3,9.6,52,24.2,89.1,1.41,8,10,1,Yes,green,Yes,2,7,989.3205,0
170,802474,1556,3,5,573,27.7,7.5,14,2.1,98,1.57,1,5,7,Yes,yellow,Yes,1,10,31.7205,1
177,518447,1077,3,5,200,11.9,5.4,1,30.3,91.8,1.61,6,10,2,Yes,white,Yes,3,63,807.8705,0
179,985317,2532,2,2,354,32.4,7.3,14,10.8,96.7,0.93,1,1,4,Yes,green,Yes,2,30,408.8705,1
182,682399,2161,2,5,862,25.2,8.8,87,21.8,97.5,2.04,5,4,2,Yes,white,Yes,2,27,1416.8205,0
188,1009237,2461,4,4,712,21,9.2,9,0.9,96.6,1.45,9,2,1,Yes,yellow,Yes,3,15,1224.9205,0
189,1002395,2460,1,3,361,26.5,9,0,0.5,91.9,1.53,1,6,1,Yes,white,Yes,2,26,659.6705,1
190,1128214,3415,4,6,877,16.2,7.8,22,13.1,93.4,1.32,7,4,5,Yes,blue,Yes,2,26,723.3205,0
193,1213928,4000,4,5,1491,32.5,7.8,39,2.9,97.7,1.16,9,4,8,Yes,green,Yes,3,30,26.9705,0
195,751501,1052,3,6,616,5.7,9,35,6,93.3,1.58,1,2,8,Yes,green,Yes,2,54,1202.1205,0
199,549729,1580,5,6,256,49.6,5.5,50,5.7,94.1,1.71,2,10,8,Yes,red,Yes,3,-4,976.0205,0
206,615119,1420,4,2,763,26.3,5.9,13,3.5,98.5,1.71,4,3,1,Yes,green,Yes,2,57,142.8705,1
210,922863,2108,2,4,357,49,7.6,12,2.6,91.2,1.02,5,9,7,Yes,blue,Yes,3,22,861.0705,1
211,838207,2724,3,4,468,63.8,8.4,39,7.4,99,1.53,7,9,1,Yes,yellow,Yes,2,48,1350.3205,0
217,735945,1008,4,2,223,29.3,8.6,5,0.6,95.3,1.87,8,6,9,Yes,white,Yes,3,8,38.3705,1
226,841616,1274,4,3,913,44.3,8.3,34,4.3,89.2,1.23,5,1,8,Yes,green,Yes,2,19,891.4705,1
229,818461,2364,5,1,1166,32.5,7.3,46,2.2,89.2,0.86,3,7,5,Yes,green,Yes,2,47,1423.4705,0
231,676980,1555,2,4,653,29,4.6,18,7.7,91.7,1.31,5,4,8,Yes,red,Yes,2,30,1155.5705,0
234,999100,3514,4,2,1205,22.7,7.5,100,3.9,91.7,1.23,8,1,5,Yes,green,Yes,2,47,1454.8205,0
235,512358,1150,2,3,348,42.3,9.3,30,13.6,91.1,1.12,4,10,9,Yes,white,Yes,3,19,349.9705,0
239,654775,1920,2,4,1024,30.8,5.5,46,8.3,93.1,1.39,5,7,3,Yes,red,Yes,3,49,1226.8205,1
242,1306148,4500,3,2,1611,24.2,9.5,10,0.5,91,1.96,1,9,10,Yes,white,Yes,2,57,538.0705,1
245,761362,1694,3,5,1140,5.9,7.1,62,11.4,98.2,1.01,10,6,5,Yes,green,Yes,1,63,491.5205,1
248,728545,1393,4,5,255,20,9.6,18,0.8,91.9,1.51,8,7,10,Yes,red,Yes,3,13,290.1205,1
250,594950,939,3,4,235,21.8,8,21,0.9,91.3,2.02,9,7,9,Yes,green,Yes,2,6,1195.4705,1
253,691829,2251,3,6,1617,12.3,8.3,93,29.1,90.4,1.69,8,2,1,Yes,green,Yes,1,51,84.9205,0
254,871251,2607,2,6,1212,26.3,6.3,18,4.1,97.1,1.45,10,3,8,Yes,green,Yes,1,31,502.9205,0
255,801847,2047,4,6,200,21.1,6.8,43,2,94.8,1.67,8,5,9,Yes,white,Yes,3,25,159.0205,0
263,535689,1312,6,5,848,49.6,6.3,15,6.3,92.7,1.44,4,8,3,Yes,white,Yes,1,35,1121.3705,0
269,956992,1952,1,5,373,5.6,8.4,8,20.8,99,2.08,3,10,3,Yes,blue,Yes,2,0,52.6205,1
271,663765,1669,2,7,200,24.5,8.7,40,4.6,97.7,1.76,9,5,2,Yes,yellow,Yes,2,40,732.8205,1
273,909752,2450,1,5,801,22.9,7.2,52,0.7,92.6,1.08,9,9,7,Yes,white,Yes,1,7,808.8205,1
277,945630,2711,4,6,873,38.7,9.5,65,4.2,90.1,1.13,3,5,8,Yes,green,Yes,3,36,596.0205,0
285,723933,1042,4,4,316,16.6,6.6,54,10.8,91.4,1.37,9,2,2,Yes,white,Yes,3,0,97.2705,0
286,976948,3046,2,6,1278,9.3,7.8,36,0.5,90.1,2.11,7,4,5,Yes,blue,Yes,3,41,882.9205,0
290,908238,1627,5,6,355,20,9.6,18,2.2,99,1.37,4,10,7,Yes,green,Yes,3,9,1074.8205,1
295,608237,1180,5,6,755,19,8.8,68,18.1,84.2,1.56,8,7,4,Yes,white,Yes,1,19,1037.7705,1
296,737373,1235,6,2,877,23.6,9,2,10.5,89.9,2.2,4,1,7,Yes,blue,Yes,2,36,1401.6205,0
304,694529,1257,1,4,582,17.1,6.1,45,5.8,95.3,1.26,9,9,10,Yes,green,Yes,2,13,836.3705,0
307,835366,2168,3,6,997,3.6,8.9,23,8,92.6,1.88,6,10,7,Yes,green,Yes,2,25,1241.0705,1
309,992732,3334,4,5,1360,31.2,8.5,3,7.5,89.1,1.95,8,6,5,Yes,red,Yes,2,62,72.5705,0
311,663479,1190,5,3,989,39.3,9.2,14,1.6,93.6,1.8,1,8,7,Yes,yellow,Yes,2,30,1383.5705,1
314,679405,1262,6,2,200,26.5,8.3,4,4.7,92.3,2.09,2,4,3,Yes,blue,Yes,2,26,1502.3205,0
318,608387,1276,4,3,593,66,7.2,3,3.2,93.2,1.48,5,8,7,Yes,green,Yes,1,50,401.2705,0
326,809814,2126,1,2,840,10.2,7.6,14,10.2,98.3,1.54,7,5,9,Yes,white,Yes,2,62,1014.0205,1
332,611081,1048,1,2,417,30,8.6,2,0.5,94.4,1.49,10,5,1,Yes,white,Yes,2,25,391.7705,1
337,633061,1116,6,3,284,31,9.2,27,25.2,99,1.07,4,4,4,Yes,white,Yes,1,-3,1539.3705,1
339,858259,2146,6,6,922,40.6,8.1,3,0.5,90.9,0.83,9,10,9,Yes,yellow,Yes,1,17,178.9705,0
341,921093,2305,6,3,673,9.1,7.4,14,0.6,85,1.59,2,7,2,Yes,green,Yes,2,24,997.8705,1
343,726961,1257,2,5,200,34.9,7.6,9,2.6,99,1.63,2,9,4,Yes,yellow,Yes,1,20,629.2705,1
345,704592,1284,3,1,200,28.4,9.5,12,0.5,96.7,0.79,1,3,10,Yes,white,Yes,1,56,839.2205,1
346,1077442,3183,2,3,1412,7.7,8.5,4,11.8,95.2,2.1,8,8,10,Yes,white,Yes,2,7,173.2705,1
353,876739,2091,3,6,200,6.6,9,52,0.5,94.5,1.18,5,5,10,Yes,white,Yes,2,41,1507.0705,0
357,886842,1850,4,4,474,3.2,7.4,6,2,92.6,1.55,5,6,10,Yes,white,Yes,2,1,774.6205,1
360,641923,1277,4,2,499,28.5,8.8,2,2,98,1.84,4,5,1,Yes,green,Yes,2,30,991.2205,1
363,496939,961,4,1,519,17.7,7.4,17,11.7,93.1,1.91,1,9,7,Yes,blue,Yes,2,53,1089.0705,0
367,637156,1497,2,7,436,41.7,7.2,12,6.4,93,1.69,6,10,6,Yes,yellow,Yes,2,-6,83.0205,0
373,1072382,2991,5,1,1235,18,8.3,3,0.6,93.1,1.03,3,2,4,Yes,white,Yes,2,30,1502.3205,1
395,1096577,3590,2,6,1013,17.1,7.1,7,9.2,97.2,1.54,8,10,10,Yes,yellow,Yes,1,58,1267.6705,1
398,986824,3031,2,3,1003,15.2,8.2,26,7.3,88,1.97,4,6,8,Yes,red,Yes,3,-4,1318.9705,0
401,703462,2138,3,6,1013,50.9,7.1,77,8.9,97,1.24,9,6,1,Yes,white,Yes,2,-4,1503.2705,1
403,618224,1927,6,2,604,16.7,6.9,52,4.6,90.5,2.04,8,8,1,Yes,green,Yes,1,37,1144.1705,0
404,777167,1739,2,2,848,34.5,7.7,83,15.7,90.3,0.96,2,10,5,Yes,green,Yes,2,49,879.1205,0
407,846239,2285,4,2,1101,67.7,7.6,11,1,93.8,1.38,4,5,6,Yes,yellow,Yes,1,36,1276.2205,1
410,1023431,3685,3,2,636,66.8,8.9,14,35.7,98.8,0.86,2,8,6,Yes,green,Yes,3,60,288.2205,1
415,610161,1485,3,5,1049,35.6,7.1,35,33.3,97,1.45,5,10,7,Yes,yellow,Yes,1,19,46.9205,1
416,649046,1710,4,6,545,74.1,7.7,24,2.8,93,2.01,1,3,9,Yes,blue,Yes,2,22,749.9205,1
419,543476,1145,5,6,850,36.3,8.9,15,7.1,91.3,1.78,3,1,7,Yes,yellow,Yes,2,3,1412.0705,1
421,800513,1455,2,3,200,20.4,9.3,100,9,93.4,2.15,9,8,7,Yes,blue,Yes,2,55,304.3705,1
424,986728,2084,2,7,1032,18.7,8.2,22,4.8,93.7,1.3,3,3,7,Yes,yellow,Yes,1,57,1329.4205,0
425,622720,967,3,6,226,35.9,8,55,3.1,95.7,1.65,7,3,5,Yes,yellow,Yes,2,36,1237.2705,1
427,743298,1966,3,6,438,35.5,7.9,7,15.8,92.3,1.41,7,3,5,Yes,blue,Yes,2,5,688.1705,1
432,867832,2883,5,6,1547,33.8,8.5,98,2.1,94.3,1.39,4,2,6,Yes,white,Yes,3,6,258.7705,1
433,912088,2161,3,5,200,28.5,8,14,5.9,90.4,1.74,8,9,2,Yes,yellow,Yes,1,0,911.4205,0
436,835953,2457,2,2,773,35.5,7,10,0.5,94.3,1.37,6,2,9,Yes,white,Yes,2,45,454.4705,0
437,966350,2200,6,1,878,14.8,6.7,8,5.9,97.8,1.78,10,10,1,Yes,yellow,Yes,3,55,1549.8205,0
438,460790,1152,5,6,329,42.3,7.6,4,13.6,92.1,1.26,7,4,9,Yes,yellow,Yes,3,1,700.5205,1
439,610823,1147,3,5,482,6.9,7.3,100,15.3,90.7,1.62,1,4,10,Yes,blue,Yes,1,52,578.9205,0
440,761308,1994,2,2,933,64.1,8.4,90,2.1,92.6,1.35,4,8,3,Yes,white,Yes,1,47,61.1705,0
441,945106,1894,2,4,766,28.8,9.4,4,7.3,92.3,1.29,4,10,2,Yes,blue,Yes,2,45,144.7705,0
443,827822,1891,3,3,442,26.2,8.4,3,4.2,86.2,1.51,7,6,8,Yes,yellow,Yes,3,23,1124.2205,0
453,768186,1721,4,1,795,21.2,7.3,13,7.2,91.3,1.53,5,8,10,Yes,white,Yes,2,28,868.6705,0
454,689097,1479,3,5,332,44.3,9.3,27,6.6,90,1.11,3,5,9,Yes,blue,Yes,3,41,575.1205,1
459,765439,1812,3,5,200,61.6,9.2,13,1,96.6,1.29,8,6,2,Yes,green,Yes,2,14,372.7705,0
461,1203915,3259,6,3,603,30.3,9.3,29,3.6,95,0.89,7,5,10,Yes,blue,Yes,3,7,631.1705,0
464,626538,2575,2,7,845,72.7,6.4,96,5.6,96.3,1.22,9,10,9,Yes,white,Yes,2,6,747.0705,1
468,689755,1885,2,3,807,30.4,8.6,59,14,93.4,0.72,1,2,10,Yes,green,Yes,3,35,945.6205,0
481,623052,1619,4,3,484,19.3,9.4,38,31,93.9,1.68,1,7,10,Yes,green,Yes,1,27,366.1205,0
482,540575,724,3,2,206,32.3,9.1,42,0.6,89.2,2.19,10,1,4,Yes,white,Yes,1,62,902.8705,0
483,701456,1586,1,3,233,8.7,6.9,2,2,91.8,1.59,8,2,1,Yes,green,Yes,2,2,1044.4205,0
487,1040109,3075,1,3,1179,10.2,8.7,17,1.8,98,0.95,3,4,9,Yes,green,Yes,3,22,223.6205,1
493,746056,2141,5,5,368,16,6.8,9,33.9,90.5,1.3,3,8,3,Yes,blue,Yes,2,29,486.7705,1
497,879618,2395,2,2,1160,24.4,6.6,61,8.9,94.1,1.12,5,2,3,Yes,yellow,Yes,3,50,561.8205,1
2,740869,1445,6,4,200,72.6,8.2,36,6.3,94.1,1.52,1,6,7,Yes,white,Yes,3,29,35.5205,1
4,828661,1833,3,7,299,46.8,8,35,4.7,92.9,1.75,8,10,6,Yes,green,Yes,1,40,254.0205,1
9,818249,2144,6,4,216,14.7,7.9,32,8,93.1,1.95,1,7,7,Yes,white,Yes,1,21,1536.5205,1
12,600472,1324,2,1,505,23.2,7.9,25,8.2,97.7,1.06,5,4,6,Yes,green,Yes,2,-5,1225.8705,0
19,890832,2817,2,6,1297,32.4,8.5,15,0.8,89.8,1.77,2,1,6,Yes,yellow,Yes,2,15,1010.2205,0
28,1333825,3712,4,3,1766,16.9,6.9,8,4.8,93.1,1.07,7,6,10,Yes,red,Yes,2,31,1140.3705,0
34,726579,1167,5,4,789,35.9,7.8,1,0.8,97.4,1.75,1,7,3,Yes,blue,Yes,3,38,247.3705,0
35,1186515,3748,5,4,1066,18.8,8.3,1,2.5,95.1,0.75,1,4,4,Yes,red,Yes,3,61,1402.5705,1
42,1014928,2991,5,3,793,37.2,9,36,9.7,95.8,1.57,10,6,10,Yes,red,Yes,2,58,1376.9205,0
55,390360,945,3,3,200,56.8,5.8,9,21.7,90.9,1.32,9,5,2,Yes,green,Yes,2,17,983.6205,1
63,586145,836,4,5,200,25.9,9.5,3,5.2,93,2.32,9,4,4,Yes,white,Yes,3,10,874.3705,1
75,667008,1154,3,6,670,8.5,7.9,65,3.7,96.2,0.84,7,10,9,Yes,green,Yes,3,39,133.3705,0
76,801945,1990,3,7,307,6.6,7.9,33,18.3,94.4,1.49,10,4,8,Yes,green,Yes,1,34,642.5705,1
87,936381,1411,5,2,991,31.9,9.2,6,7.2,89,1.76,10,8,4,Yes,red,Yes,2,38,757.5205,1
88,790791,1305,6,6,551,16.5,9.1,10,2.6,90.3,1.4,5,1,10,Yes,green,Yes,2,20,103.9205,0
90,816709,1567,5,2,725,2.9,9.4,3,4.2,92.1,1.28,8,9,10,Yes,blue,Yes,2,19,564.6705,0
93,1027476,4031,2,4,1123,63.7,8.2,0,5.9,93.8,1.12,3,2,5,Yes,green,Yes,2,29,1096.6705,0
96,874398,2689,3,4,662,64.6,8.6,3,7.3,90.6,1.8,4,6,3,Yes,red,Yes,2,23,625.4705,0
111,908610,1822,4,6,714,25.8,8.9,27,3.3,99,1.19,8,9,9,Yes,green,Yes,3,35,621.6705,0
117,791619,1275,6,3,1033,33.4,7.3,34,1.2,89.8,1.53,2,7,5,Yes,blue,Yes,1,9,267.3205,1
121,608865,1113,5,1,220,36.4,6.2,4,19.4,92,1.66,8,4,6,Yes,yellow,Yes,2,3,1277.1705,0
126,770678,1292,3,1,602,16,5.5,7,0.5,96.7,1.3,2,5,8,Yes,green,Yes,2,16,523.8205,0
127,755945,1344,5,3,428,10.6,8.7,17,1,93,1.17,5,10,10,Yes,white,Yes,1,-2,735.6705,1
134,896757,2336,6,6,480,61.9,6.4,23,5.1,99,1.43,4,5,3,Yes,white,Yes,2,41,837.3205,1
139,782037,1724,5,6,795,7.5,8.8,17,3.8,98.3,1.26,7,2,4,Yes,yellow,Yes,2,-6,565.6205,0
140,656310,2113,5,1,614,10.1,5.2,54,21.5,93.7,1.83,6,2,7,Yes,blue,Yes,2,-1,873.4205,1
146,563481,1219,3,4,991,27.6,8.9,29,3.9,97.3,2.43,7,5,2,Yes,green,Yes,3,59,364.2205,0
147,880351,1971,2,2,1109,20.8,8,21,5.8,91.9,1.5,10,2,1,Yes,white,Yes,1,14,20.3205,1
157,852306,1805,4,6,1102,38.6,8.8,9,9.1,92.3,0.78,2,3,1,Yes,yellow,Yes,3,36,435.4705,0
170,759095,2027,6,3,200,21.5,8.6,15,4.3,96.7,1.4,4,5,1,Yes,blue,Yes,2,38,1424.4205,1
174,936107,2398,5,5,779,27.8,8.2,16,17.7,94.5,1.63,3,2,6,Yes,red,Yes,2,19,846.8205,0
183,748450,1916,1,7,911,19.6,9.6,20,10.7,90.3,1.69,8,4,9,Yes,red,Yes,2,34,216.0205,0
184,962252,2768,2,6,417,46,9.7,28,1.4,93.7,1.98,8,5,10,Yes,green,Yes,1,-5,1496.6205,0
194,885922,2606,3,6,923,68.7,8.1,11,1.8,94.4,0.96,8,2,3,Yes,red,Yes,1,11,594.1205,0
197,690226,1474,4,4,1014,18.8,8.3,33,0.5,97,1.62,9,3,4,Yes,green,Yes,2,-5,1310.4205,1
206,857606,2005,5,2,1030,29.5,8.5,23,10.7,90.1,1.7,3,9,4,Yes,red,Yes,3,29,1370.2705,0
210,704226,1825,6,1,913,10.3,8,40,1.2,95.5,1.84,10,5,7,Yes,red,Yes,3,26,625.4705,1
211,673898,1089,2,2,288,32.6,6.6,5,2.8,94.9,1.65,5,1,9,Yes,green,Yes,2,24,509.5705,0
215,965219,2566,5,6,954,14,7.9,37,6.1,92.6,1.57,6,2,2,Yes,blue,Yes,2,49,611.2205,1
220,897157,1734,3,4,277,16.4,9.6,39,0.5,87.7,1.5,1,10,1,Yes,blue,Yes,2,21,152.3705,0
223,752093,1015,2,1,200,32.8,8.1,0,14.3,95.8,1.5,1,5,8,Yes,green,Yes,3,36,372.7705,0
228,894438,2617,5,3,809,22.4,8.7,24,1.8,92.9,1.97,10,3,9,Yes,green,Yes,2,16,923.7705,1
229,499796,1183,3,3,431,39.7,7.4,52,16.7,93.6,0.69,10,1,1,Yes,red,Yes,3,22,285.3705,1
231,883648,2430,1,7,235,28.5,7.1,12,0.5,91.9,1.48,3,9,5,Yes,yellow,Yes,2,60,931.3705,1
233,617366,888,2,6,200,21.6,6.2,0,2.8,87.1,2.07,8,1,4,Yes,red,Yes,1,21,671.0705,1
235,892600,2376,2,2,690,36.6,5.4,26,8,94.6,1.45,1,1,10,Yes,white,Yes,2,-4,380.3705,1
239,766428,1581,1,3,1349,11.1,8.4,72,8.6,94.5,2.03,6,5,5,Yes,green,Yes,2,6,1407.3205,0
240,742250,1123,3,4,722,15.9,6.9,9,0.5,94.8,0.82,5,8,6,Yes,red,Yes,2,27,1028.2705,0
242,838883,2160,5,2,1282,73.2,8.1,13,5.8,86.5,1.45,10,4,9,Yes,red,Yes,3,22,251.1705,0
252,845334,2020,2,6,1474,33.2,8.8,36,10.5,93.3,1.77,6,1,1,Yes,yellow,Yes,2,33,138.1205,0
253,787603,2791,4,6,563,57.8,5.2,18,8.9,92.7,1.37,5,6,2,Yes,white,Yes,1,57,1149.8705,1
257,666538,1866,2,3,801,46.8,8.3,45,9.1,94.3,1.19,4,10,1,Yes,yellow,Yes,3,40,438.3205,1
260,699538,1786,5,4,531,56.8,8.3,63,10.8,92.7,2.02,9,1,2,Yes,red,Yes,3,56,1482.3705,1
264,930601,2401,3,7,867,23.7,8.8,30,1.3,87.7,1.45,5,9,2,Yes,blue,Yes,2,17,78.2705,0
265,814915,1948,2,4,746,30.2,9.3,19,7.3,92.2,1.66,8,9,2,Yes,white,Yes,2,13,367.0705,1
278,814374,1171,5,5,854,12.7,8.4,33,0.5,95.2,1.12,6,4,4,Yes,red,Yes,2,-5,664.4205,0
297,686910,1699,6,2,258,16.1,8.3,63,1.5,88.2,0.61,10,4,3,Yes,red,Yes,1,10,736.6205,1
302,744025,1028,6,4,200,12.8,9.3,5,4.7,93.6,1.11,6,1,4,Yes,blue,Yes,1,43,154.2705,0
303,779340,1176,4,5,332,12,8.8,5,2.3,94.5,1.73,7,5,2,Yes,blue,Yes,2,35,1262.9205,1
308,670336,904,6,2,204,12.2,8.6,21,4.3,91.3,1.35,9,1,10,Yes,blue,Yes,1,48,224.5705,0
316,715560,961,2,4,200,32.9,9.3,6,5.1,87.8,1.17,6,8,1,Yes,green,Yes,1,13,205.5705,1
319,621988,1566,5,2,200,52.9,8.3,1,1.2,98,0.98,8,8,1,Yes,yellow,Yes,3,41,1071.9705,0
321,840733,1565,4,6,1049,22.5,9.2,21,4.4,99,1.32,7,6,2,Yes,white,Yes,2,0,493.4205,1
322,802866,1978,3,2,439,32.4,7.3,29,8.6,91.6,1.12,1,1,4,Yes,white,Yes,3,-5,294.8705,1
323,670639,1772,2,2,688,8.3,7,7,20,96.4,1.28,5,7,2,Yes,green,Yes,3,60,970.3205,1
324,757531,1919,4,7,896,7.7,8.4,24,23.4,90.1,0.96,3,6,9,Yes,red,Yes,2,37,1456.7205,1
326,888246,2713,3,3,1118,42.8,9.4,20,2.4,93,1.41,8,2,8,Yes,yellow,Yes,3,-2,3.2205,0
328,765664,2135,6,3,233,6.9,6.6,7,5.8,97,1.79,1,8,8,Yes,green,Yes,2,32,16.5205,0
332,598423,1496,4,6,289,3.2,9.3,70,28.2,91.6,1,3,4,6,Yes,red,Yes,2,45,782.2205,0
334,650285,1094,3,3,863,10.5,8.8,25,5,93.6,1.57,6,1,4,Yes,red,Yes,2,-3,709.0705,1
340,809903,1615,6,4,691,20.6,7.3,27,7.7,94.7,1.1,8,10,1,Yes,green,Yes,3,30,42.1705,0
352,886843,2139,3,2,1363,13.6,8.6,43,0.8,91,1.19,4,2,5,Yes,red,Yes,2,17,1349.3705,0
353,818436,2833,4,4,718,18,6.3,21,4.5,88.4,1.39,4,8,3,Yes,red,Yes,2,55,840.1705,0
361,649747,1537,5,5,1112,17.5,8.8,75,11.5,91.2,1.12,2,10,5,Yes,yellow,Yes,2,11,938.0205,0
362,795376,1365,3,6,302,25.8,8.1,7,3.8,98.3,1.48,8,8,1,Yes,red,Yes,3,35,786.9705,1
363,717243,1796,2,3,815,11.9,8.3,42,6.7,88.7,0.62,6,2,6,Yes,white,Yes,2,38,808.8205,0
367,901965,2013,2,5,819,17.1,9.2,36,3.4,95.8,1.25,3,3,6,Yes,red,Yes,2,22,580.8205,0
370,880349,2551,3,3,497,24.7,8.4,64,3.7,92.4,1.09,8,9,3,Yes,green,Yes,3,61,1172.6705,0
372,831861,1902,4,4,706,40.6,7.8,13,8.6,91.9,1.11,6,8,7,Yes,yellow,Yes,2,53,1047.2705,0
379,590524,1053,3,1,658,36.4,9.2,80,6.2,92.3,1.45,7,9,8,Yes,white,Yes,2,33,1011.1705,0
381,766273,2000,6,2,807,46,6.6,35,3.4,93.8,1.86,1,9,1,Yes,red,Yes,1,48,225.5205,0
383,465299,944,6,4,200,45.3,9.5,28,7.3,97.4,1.08,10,6,6,Yes,green,Yes,2,0,1506.1205,1
386,862722,2172,3,5,682,26.4,7,95,0.5,93.9,1.45,9,2,9,Yes,green,Yes,1,-4,89.6705,1
388,812488,1701,5,2,599,9.6,8.3,33,1,89.7,1.41,9,1,9,Yes,green,Yes,3,47,531.4205,0
397,1071255,2931,4,5,1011,9.4,8,1,1.3,88.1,1.19,9,7,4,Yes,white,Yes,3,-1,440.2205,0
398,839490,2308,2,2,743,26.3,6.6,1,2.3,95.7,1.61,8,8,7,Yes,red,Yes,1,41,1515.6205,1
400,901431,2056,5,6,995,17.4,8.3,21,0.9,91.2,1.25,6,7,9,Yes,blue,Yes,1,5,870.5705,0
406,771540,1608,5,4,200,42.5,9.5,15,4.5,93.6,1.54,10,2,2,Yes,red,Yes,2,22,1141.3205,1
408,508591,1100,5,3,200,58.4,7.8,4,25.3,97.2,1.4,3,8,3,Yes,red,Yes,2,1,794.5705,0
409,847932,2210,1,5,1000,16.9,6.9,41,1.5,84.4,1.52,9,7,5,Yes,yellow,Yes,2,53,1352.2205,0
411,562326,1097,3,4,442,34,6.4,1,0.5,93.3,1.19,8,5,3,Yes,green,Yes,2,2,1025.4205,0
413,933922,2563,3,1,1507,12.3,8,39,7,96.4,1.28,5,4,7,Yes,yellow,Yes,3,26,1169.8205,1
414,863786,1339,2,5,1464,25.2,7.2,11,1.8,97.1,0.91,9,2,9,Yes,red,Yes,2,49,474.4205,1
415,522744,1065,5,4,275,15.1,9,26,12.8,90.6,1.4,8,5,10,Yes,red,Yes,1,33,714.7705,0
416,914055,1743,4,3,734,12.1,8.1,2,0.5,91.2,0.96,8,5,3,Yes,blue,Yes,3,34,673.9205,0
420,632616,1763,5,2,237,28.5,6.8,31,0.7,88.3,1.77,3,2,5,Yes,blue,Yes,3,34,606.4705,1
424,550290,1024,4,3,200,28.4,6.4,34,5.7,87.1,1.29,4,1,7,Yes,yellow,Yes,2,41,1075.7705,1
431,635795,2277,3,2,545,43.3,6.1,5,40,92.8,1.66,6,2,3,Yes,yellow,Yes,2,1,598.8705,0
441,696166,2055,5,5,752,37.8,6.7,16,11.8,93.2,1.32,4,5,6,Yes,green,Yes,3,3,233.1205,0
445,704302,1558,5,3,200,19.9,7.4,5,20.3,90.8,1.52,6,2,2,Yes,green,Yes,2,-2,977.9205,0
447,1054509,2173,3,4,1048,14,9.7,3,10.6,93.4,0.73,4,2,7,Yes,white,Yes,2,26,1460.5205,1
448,1008258,2091,4,4,391,11.2,9.4,7,0.5,90.1,1.05,7,7,2,Yes,white,Yes,2,42,1374.0705,1
449,684978,1632,5,5,1265,47.3,9,11,14.6,94.6,1.29,3,5,10,Yes,green,Yes,3,42,952.2705,1
454,968394,2198,4,4,341,25.2,8,22,2.8,96.7,1.21,5,7,4,Yes,red,Yes,2,15,957.9705,1
456,715373,1453,5,2,200,27.3,8.2,43,8.7,92,0.93,7,1,1,Yes,blue,Yes,2,19,1421.5705,1
458,826311,1655,5,4,855,4.3,8.4,15,3.5,91,1.39,5,4,1,Yes,blue,Yes,3,50,993.1205,0
460,636499,1921,5,2,227,22.4,6,8,8.3,90.8,1.71,5,3,4,Yes,white,Yes,2,32,320.5205,1
462,1029390,3488,2,7,1587,29,7.2,15,8.7,92.6,2.03,2,10,5,Yes,green,Yes,2,35,358.5205,0
463,802986,1831,5,6,313,3.1,9.3,100,11.6,94.6,1.67,9,7,4,Yes,red,Yes,3,53,896.2205,0
464,833674,2356,5,3,1384,21.2,6.2,12,7.2,87.7,1.71,2,7,7,Yes,red,Yes,2,45,668.2205,0
465,599438,1455,2,5,200,36.3,7.3,9,2.2,93.6,1.34,5,2,8,Yes,green,Yes,2,56,1534.6205,0
469,1054755,3644,5,3,1368,53.9,8.1,19,9.6,92.9,1.81,4,1,4,Yes,red,Yes,2,15,1014.9705,1
472,624528,1224,5,6,720,39.4,8.6,9,13.8,96.3,1.86,10,3,5,Yes,blue,Yes,2,46,751.8205,1
474,817475,1855,6,6,730,30.3,8.9,27,1.8,97.6,2.02,6,9,7,Yes,yellow,Yes,2,35,894.3205,1
476,734453,1925,5,2,950,39.9,7.9,10,14,89.9,1.28,2,4,5,Yes,yellow,Yes,1,0,506.7205,0
479,803490,2196,4,1,952,22.8,8.6,100,8.2,91.8,1.12,8,6,1,Yes,yellow,Yes,3,1,938.9705,0
480,649070,1247,3,5,200,40.1,6.2,6,7.4,93.6,0.92,8,4,6,Yes,red,Yes,3,47,352.8205,0
484,694443,1215,2,2,702,28.5,6.7,3,2.1,90.8,1.6,3,3,6,Yes,yellow,Yes,3,26,1311.3705,0
486,628491,869,5,4,200,11.9,6.7,18,0.5,96.3,1.81,6,3,3,Yes,blue,Yes,2,60,552.3205,0
487,764420,2185,5,6,475,17.1,7.6,56,8.1,93.1,1.67,1,10,1,Yes,green,Yes,1,29,178.9705,1
20,933021,1745,4,6,522,49.1,8,13,0.9,94.1,2.24,5,4,10,Yes,white,Yes,1,5,553.2705,1
21,1100130,3847,5,6,1291,30.4,9.2,15,13.3,94.2,1.81,1,5,6,Yes,white,Yes,3,13,1030.1705,0
28,731257,1644,2,4,563,43.3,7.9,19,1.1,93.1,1.32,3,4,2,Yes,yellow,Yes,3,41,451.6205,1
34,727221,700,4,4,678,7.6,9.7,11,0.5,91.9,0.95,10,6,4,Yes,red,Yes,3,15,1051.0705,1
36,849207,2516,6,2,1180,33.6,7.9,65,0.5,94.1,1.92,1,1,6,Yes,yellow,Yes,1,21,768.9205,1
47,970802,2300,4,4,1224,35.8,8.8,4,2.1,96.3,1,4,3,6,Yes,blue,Yes,2,57,1307.5705,0
48,1394887,4500,6,1,1726,30.2,7.8,33,1.4,97.5,1.8,1,8,7,Yes,yellow,Yes,1,-4,127.6705,1
52,850616,1918,5,4,1224,42.7,8.9,3,0.9,98.9,1.23,1,1,6,Yes,red,Yes,3,33,169.4705,1
55,808059,1260,5,3,200,7,7.9,56,6.6,87,0.5,1,4,7,Yes,white,Yes,2,20,187.5205,1
61,748914,2340,6,2,1002,33.4,6.9,2,4.8,86.8,1.66,3,2,10,Yes,blue,Yes,2,2,1278.1205,1
72,708597,1407,1,4,652,21.3,7.4,29,3.5,88.5,1.13,6,3,9,Yes,white,Yes,3,7,52.6205,1
80,701090,1617,2,2,753,9.9,9.7,53,26.8,93.5,1.32,8,8,7,Yes,white,Yes,1,40,485.8205,1
84,406775,922,2,2,200,30.1,6,3,2.7,92.6,0.56,6,4,1,Yes,green,Yes,3,50,534.2705,0
93,825197,1730,3,4,763,42.2,8.6,21,8.7,90.5,1.18,1,5,4,Yes,green,Yes,1,43,1218.2705,1
98,782919,1464,6,1,275,20.1,7.9,3,3.2,90,1.34,2,5,2,Yes,green,Yes,2,10,1516.5705,0
100,788528,1846,5,2,660,13.4,8.1,41,16.1,94.4,1.18,5,6,6,Yes,blue,Yes,3,33,994.0705,0
102,806781,1371,4,5,200,39.3,8.4,61,0.9,90.3,2.04,6,7,8,Yes,white,Yes,1,43,453.5205,0
105,635489,1761,1,4,742,18.2,8.2,6,19.4,92.2,1.03,3,1,1,Yes,yellow,Yes,3,55,413.6205,0
110,812298,1952,1,2,337,11.7,8,9,11.1,94.1,1.21,8,1,8,Yes,blue,Yes,3,36,643.5205,0
115,1001492,3184,1,4,2052,17.9,8.3,11,5.3,92.9,0.5,4,7,1,Yes,white,Yes,1,19,722.3705,0
118,639341,929,5,4,304,24.7,7.8,47,3.9,91.8,1.31,3,10,3,Yes,white,Yes,2,9,1536.5205,0
121,660973,1455,2,3,619,42.5,9.4,46,1.3,94.1,1.35,8,9,9,Yes,white,Yes,2,60,1186.9205,1
122,660893,1716,6,1,233,35.7,7.9,6,15.9,93.7,1.74,2,7,8,Yes,red,Yes,1,46,442.1205,1
123,954580,2517,4,7,558,75.7,9.1,4,4.4,90.9,1.39,2,6,9,Yes,green,Yes,1,18,620.7205,0
133,913595,2618,2,7,1070,6,9,22,15.4,88.5,1.56,4,2,5,Yes,yellow,Yes,1,22,539.9705,1
134,1205898,2809,4,4,983,24.3,8.7,10,0.6,92.1,0.96,10,10,9,Yes,green,Yes,1,-2,900.9705,0
143,872223,2057,3,5,680,41.6,6.8,14,2.7,93.9,1.45,8,7,7,Yes,red,Yes,2,17,575.1205,0
152,870360,2671,1,5,1023,28,8.2,37,18.8,89.2,1.97,3,9,8,Yes,green,Yes,1,26,1061.5205,1
155,857871,2546,2,2,297,19.2,8.2,3,4,86.5,1.51,2,2,5,Yes,white,Yes,2,29,858.2205,1
162,719008,2129,4,3,617,56.4,8.1,68,4.2,93.3,1.77,5,3,9,Yes,blue,Yes,2,17,966.5205,0
166,754280,2376,4,2,546,30.6,6.6,19,6.3,91.2,1.79,10,5,2,Yes,yellow,Yes,2,-3,281.5705,1
167,794159,1622,2,1,795,3.2,8.2,31,2.9,93.5,1.71,3,4,3,Yes,green,Yes,1,25,1358.8705,1
170,757686,1403,2,4,1555,11.2,9,47,5.4,95.1,2.26,9,1,10,Yes,yellow,Yes,2,13,256.8705,1
171,505608,1049,6,7,200,21.4,8.5,28,10.3,92.8,1.34,1,3,3,Yes,white,Yes,1,3,693.8705,1
174,701317,1284,3,5,628,42.8,7.4,9,4.7,91.7,1.48,4,6,4,Yes,blue,Yes,2,55,626.4205,1
175,723871,1693,5,6,822,40.5,8.2,7,5.4,92.4,0.83,5,7,4,Yes,blue,Yes,3,42,1237.2705,1
177,863416,1794,2,6,558,31.6,6.8,3,2,91.1,1.53,6,5,1,Yes,white,Yes,2,21,915.2205,1
179,930824,3396,5,2,982,60.8,9.4,14,7.8,92.6,1.72,3,2,8,Yes,blue,Yes,2,63,159.0205,1
193,953033,2821,6,4,806,18.2,6.9,10,13.9,91.3,1.16,1,8,10,Yes,green,Yes,1,11,484.8705,1
203,707529,1275,1,2,232,4.3,6.5,3,0.5,96.3,1.51,1,6,8,Yes,blue,Yes,3,49,779.3705,0
204,571125,1282,5,5,486,56.3,7.9,46,2.6,86.2,1.53,10,10,4,Yes,red,Yes,3,62,172.3205,1
206,508101,1446,6,6,200,37.8,6.3,45,17.5,96.8,2.05,8,5,3,Yes,white,Yes,3,1,70.6705,0
212,765754,1491,5,3,535,41.9,6.2,4,6.5,95.6,1.15,1,1,6,Yes,white,Yes,1,59,1225.8705,1
215,657064,1829,4,5,445,16,8.8,21,40,87,1.07,2,4,7,Yes,yellow,Yes,2,10,876.2705,1
217,1118776,3447,6,6,1362,14.8,8.2,7,21.6,91.5,1.31,5,9,1,Yes,green,Yes,1,35,551.3705,0
220,407952,957,3,3,200,63,7.3,14,19.2,89,1.89,3,4,10,Yes,blue,Yes,1,33,1450.0705,1
226,916591,2159,4,2,1956,4.2,9.9,15,11.7,95.6,1.78,2,10,3,Yes,blue,Yes,2,40,1323.7205,0
228,869089,2085,5,7,271,18.3,9.2,38,5.2,97.2,1.4,5,4,2,Yes,blue,Yes,2,28,554.2205,1
229,765350,1983,2,7,489,16.4,6.5,17,6.7,94.6,1.99,7,4,8,Yes,blue,Yes,3,38,957.9705,0
230,768351,1805,3,4,851,43.3,9,22,7.4,94,1.35,6,4,7,Yes,green,Yes,3,33,752.7705,1
233,477995,1454,1,1,642,27.3,8.6,74,12.3,90.5,1.65,6,9,2,Yes,green,Yes,2,50,147.6205,1
237,1089549,2974,2,2,284,10.1,9,1,1.9,90.8,1.71,10,8,9,Yes,yellow,Yes,2,56,650.1705,0
238,753366,1594,4,1,880,16.3,8.1,14,20.9,97,1.27,10,6,2,Yes,white,Yes,1,-5,654.9205,0
247,913517,1907,6,2,1586,20.5,9.5,37,6.2,90.4,1.29,1,8,1,Yes,white,Yes,2,42,1278.1205,1
249,919904,2139,5,2,1201,11.2,8,6,25.2,93.9,1.56,4,3,8,Yes,green,Yes,2,58,683.4205,1
266,759369,2139,3,6,1143,47.8,7.4,19,2.5,90.4,1.49,4,7,4,Yes,red,Yes,1,47,340.4705,0
270,935317,2492,6,1,884,37.4,8.8,52,5.9,93.5,1.37,9,8,6,Yes,blue,Yes,3,-1,1129.9205,0
272,559421,1499,3,4,461,9.4,6.1,8,6.2,91.7,1.88,4,5,10,Yes,yellow,Yes,2,38,1457.6705,0
273,735442,1119,3,3,861,23.7,7.5,4,5,90.8,1.06,9,9,8,Yes,yellow,Yes,2,10,190.3705,0
274,579324,1234,4,2,464,32.1,7.5,12,5.6,87.8,1.19,9,1,7,Yes,red,Yes,3,35,291.0705,0
278,620430,1283,3,1,365,44.5,9.4,16,9.1,91,1.83,1,1,7,Yes,blue,Yes,3,49,964.6205,0
282,669497,1060,2,1,399,12.8,8.5,70,14,93.4,0.97,8,6,10,Yes,white,Yes,2,57,1466.2205,0
285,892542,1370,1,3,340,26,5.5,26,0.5,90.5,1.4,6,3,5,Yes,green,Yes,2,5,867.7205,1
286,818282,1933,3,6,704,7.2,9,4,12.1,96.7,1.4,7,7,3,Yes,yellow,Yes,2,17,463.0205,1
293,687305,1071,4,4,566,21,9.7,5,2.8,92.2,1.4,6,10,5,Yes,white,Yes,2,23,1022.5705,1
295,1026546,2746,6,4,1465,17,9.1,15,23.5,95.6,1.64,5,10,9,Yes,white,Yes,3,50,1325.6205,1
296,567680,1055,6,1,746,44.9,6.6,21,1.8,93.2,2.17,6,9,2,Yes,white,Yes,2,17,1413.0205,0
301,576998,1552,3,5,598,49.2,6,49,4.6,90.3,1.4,4,5,2,Yes,blue,Yes,1,8,491.5205,0
303,691671,1280,2,7,258,26.5,7.6,10,4.2,87.4,1.01,6,9,5,Yes,green,Yes,2,45,1164.1205,0
304,959879,2302,4,2,1095,34.9,8,3,0.5,92.6,1.7,2,6,6,Yes,white,Yes,3,48,1232.5205,0
308,811639,2326,3,2,241,47,7.9,0,7.6,93.7,1.44,4,8,5,Yes,red,Yes,3,50,207.4705,1
309,747568,1680,1,5,1111,30.8,9.1,6,20.2,85.8,2.03,5,2,7,Yes,white,Yes,1,61,13.6705,0
314,885130,2059,1,2,333,28.6,8.7,21,0.5,93.4,1.47,1,6,6,Yes,blue,Yes,3,40,1124.2205,1
317,681842,1213,2,6,1241,43.8,8.1,7,1.4,92.5,0.94,1,10,5,Yes,red,Yes,2,6,1204.0205,0
322,702924,1734,2,6,318,3.3,7.4,63,27,92.8,1.38,2,7,5,Yes,yellow,Yes,1,32,1378.8205,1
324,729371,1235,1,3,439,21.3,8.8,48,5.5,98.8,1.5,6,1,7,Yes,white,Yes,1,61,213.1705,1
342,784860,1925,2,6,420,39.4,6.5,3,2.3,86.2,1.77,7,9,8,Yes,red,Yes,3,20,1153.6705,1
343,1124854,3560,5,2,1050,20.4,7.4,12,0.5,90,1.79,9,1,10,Yes,green,Yes,3,47,907.6205,1
344,735401,2577,3,2,841,41.7,7,100,18.4,92.6,1.1,3,5,6,Yes,blue,Yes,1,43,86.8205,0
345,576514,1432,4,5,547,27.1,6.7,92,0.7,91.6,1.27,4,7,4,Yes,white,Yes,1,56,846.8205,1
349,496533,1295,1,5,200,44.3,7.9,27,40,96.1,1.77,9,3,5,Yes,blue,Yes,2,10,577.0205,1
350,861520,1479,1,5,316,48.5,6.6,8,1.2,90.7,1.89,10,7,2,Yes,green,Yes,3,30,41.2205,1
351,605459,883,2,3,200,14.8,6.5,5,4.4,95.2,1.58,1,1,3,Yes,red,Yes,1,48,160.9205,1
354,557461,1002,4,4,679,71.9,9.3,1,9.4,98.2,1.51,1,1,3,Yes,green,Yes,2,12,905.7205,1
355,833886,2074,4,6,991,17.1,7.6,49,0.7,91.5,1.35,1,6,3,Yes,yellow,Yes,1,24,1415.8705,1
356,959972,2313,5,3,763,16.6,7.5,33,2.2,96.5,1.07,8,1,10,Yes,green,Yes,1,54,1403.5205,1
358,748821,1607,5,4,301,46,7.9,26,19,91.2,1.71,8,6,2,Yes,red,Yes,3,-1,953.2205,0
363,827693,1983,4,2,405,19.2,7.2,19,4.2,98.3,1.6,4,5,1,Yes,green,Yes,3,46,1443.4205,1
366,971497,3751,2,3,1686,82.4,7.5,8,7.4,96.8,1.93,10,1,5,Yes,white,Yes,2,-3,1121.3705,0
374,942866,1887,2,4,684,30.8,9.7,5,9.2,91,0.94,4,3,10,Yes,red,Yes,2,23,1148.9205,0
376,1108508,2257,3,5,934,20.5,8,5,0.5,93,1.4,10,8,4,Yes,green,Yes,2,7,862.0205,1
385,715471,1455,2,4,200,22.2,8.2,4,13.3,92.8,0.97,8,3,10,Yes,red,Yes,3,49,1329.4205,0
395,721776,2415,3,3,971,13.7,8.2,22,34.3,91.3,0.7,1,8,1,Yes,blue,Yes,2,-2,899.0705,0
396,593154,1119,3,2,312,15,6.9,30,10.3,99,1.1,8,1,4,Yes,red,Yes,1,-5,299.6205,0
404,772476,2034,4,4,442,20.4,7.9,23,8.2,95.6,1.57,8,5,1,Yes,blue,Yes,2,21,194.1705,0
411,722321,1425,1,1,237,25.4,8,15,18.3,88.2,0.73,10,8,6,Yes,yellow,Yes,2,39,309.1205,0
413,839865,1243,4,6,634,11.8,8.8,20,9.5,89.9,1.61,7,2,2,Yes,green,Yes,1,57,1289.5205,0
415,758412,1931,5,5,631,24,5.9,11,1.1,95,1.32,1,2,6,Yes,red,Yes,3,41,1303.7705,0
421,965616,2907,5,4,698,45,9.2,37,3,94.9,0.99,9,9,4,Yes,green,Yes,3,4,1007.3705,0
422,878825,1231,2,2,522,7.1,9.8,10,12.6,92.5,1.4,10,8,7,Yes,white,Yes,3,39,567.5205,0
424,951386,2506,2,6,780,39.5,7.2,12,1.2,94.8,1.05,8,5,2,Yes,white,Yes,2,29,797.4205,1
428,691408,1339,2,3,200,13.5,7.4,26,2.7,99,2.01,8,8,1,Yes,yellow,Yes,2,31,210.3205,0
429,853050,1866,4,6,509,25.2,8.5,0,5.5,93.7,1.37,1,3,9,Yes,yellow,Yes,2,40,962.7205,0
430,706351,1520,2,2,523,36.9,7.1,65,13.6,92.2,1.6,10,9,4,Yes,green,Yes,1,-2,1295.2205,1
435,500455,1483,3,1,200,40,8.3,2,19.8,91.5,1.99,7,9,7,Yes,yellow,Yes,2,-2,1518.4705,1
436,849600,2296,5,5,1212,47.6,9,15,23.3,88.3,1.26,1,4,6,Yes,blue,Yes,2,37,902.8705,1
437,794772,2714,3,2,200,37.3,9.6,30,2.1,97,1.51,6,7,10,Yes,green,Yes,3,18,1128.9705,1
449,884201,2130,4,6,796,40.3,8.2,17,3.3,85,1.35,9,1,3,Yes,red,Yes,2,47,726.1705,1
450,988204,3039,3,1,779,27.5,6.7,32,1.7,97.1,1.25,9,1,4,Yes,yellow,Yes,3,18,494.3705,0
452,726373,1512,4,4,578,1.2,7.7,5,6.1,91.9,1.72,4,9,9,Yes,green,Yes,1,48,83.0205,0
454,971772,1997,1,2,727,28.2,9,7,6.2,96.3,1.55,6,5,10,Yes,green,Yes,2,1,1051.0705,1
456,819020,1991,1,3,750,9,8.6,45,10.6,88.9,1.47,10,3,8,Yes,red,Yes,3,28,1453.8705,1
464,988997,2704,2,5,559,32.2,7.5,9,1.3,87.6,1.64,1,4,9,Yes,blue,Yes,2,-1,918.0705,0
465,803635,1469,1,1,605,43.7,9.2,25,0.5,90.9,1.42,2,7,1,Yes,red,Yes,2,41,975.0705,1
470,812165,2061,2,5,880,53,9.8,4,22.7,96.4,1.72,5,7,4,Yes,red,Yes,2,-3,1511.8205,1
473,957163,2832,2,2,447,23.2,9,78,2.7,93.5,0.96,4,1,6,Yes,blue,Yes,1,34,352.8205,0
475,887983,2420,3,3,320,3.1,7.7,27,1.2,91,1.17,7,1,1,Yes,red,Yes,1,21,1099.5205,1
477,597394,1532,3,6,413,34.7,7.1,54,0.5,91.7,1.65,4,1,1,Yes,blue,Yes,2,-1,1135.6205,0
478,929278,2346,5,6,472,8.5,7,18,2,98.6,1.25,8,4,7,Yes,blue,Yes,2,-3,1463.3705,1
481,591789,1185,4,2,1153,28.5,8,4,14.8,88.4,1.51,10,8,9,Yes,blue,Yes,1,52,851.5705,1
482,1018966,1989,3,7,477,17,9.3,4,3.8,92.3,1.49,9,1,2,Yes,blue,Yes,2,25,1534.6205,1
483,688872,1339,3,3,973,53.1,7.7,53,14.3,92.7,0.92,1,10,10,Yes,yellow,Yes,1,38,639.7205,1
485,709591,1779,2,4,391,45.8,8.9,67,5.7,94.9,1.5,2,4,2,Yes,green,Yes,2,42,286.3205,1
488,826397,1470,2,2,527,10.8,9,28,0.5,89.9,1.54,8,10,6,Yes,green,Yes,2,53,224.5705,1
493,735377,1465,4,4,434,34.7,9.3,48,4.5,88.8,1.21,1,9,3,Yes,yellow,Yes,3,39,68.7705,1
495,887360,2429,2,6,948,29.9,9.5,12,14.5,89.5,0.79,3,3,9,Yes,red,Yes,1,0,199.8705,0
498,964024,2624,5,5,1369,47.5,8,1,3.9,87.6,0.82,3,6,2,Yes,red,Yes,3,43,838.2705,1
500,485579,1185,4,4,344,30,6.6,54,22.9,92.9,1.23,10,3,4,Yes,white,Yes,1,4,309.1205,0
4,1030715,2080,4,2,916,31.2,8.1,31,6,97.2,0.93,4,3,5,Yes,yellow,Yes,1,50,1432.9705,1
9,925761,2266,1,5,400,29.1,8.4,14,6.5,99,0.83,8,6,6,Yes,blue,Yes,2,31,416.4705,0
22,951825,2622,2,7,612,40.9,8.9,13,26.9,87.6,1.58,4,4,4,Yes,green,Yes,3,3,134.3205,0
30,694305,1484,5,6,718,37.1,8.8,15,8.1,93,1.26,9,8,2,Yes,red,Yes,3,1,1007.3705,1
41,681342,1251,2,4,200,18.3,9.1,37,8.3,95.1,0.93,1,7,6,Yes,green,Yes,3,57,616.9205,0
42,1179766,3556,4,4,1385,24.7,8.6,3,16.4,87.1,1.35,4,10,5,Yes,white,Yes,2,53,567.5205,1
43,652744,952,3,7,200,45,6.9,8,9.9,90.3,1.75,2,2,3,Yes,blue,Yes,2,59,612.1705,1
46,871865,2208,1,5,1166,19.3,8.1,33,9.5,91.2,1.87,2,2,7,Yes,blue,Yes,2,36,1441.5205,1
54,669119,1284,4,7,716,6.8,9.5,42,3.1,87.5,1.05,2,7,5,Yes,white,Yes,3,40,946.5705,1
61,825626,1238,3,6,451,25,7.8,34,3.6,97.2,1.18,3,5,4,Yes,red,Yes,2,1,1335.1205,0
66,766117,1474,2,3,285,23,8,22,10.1,88.4,1.68,3,6,1,Yes,green,Yes,3,21,1197.3705,0
71,680117,1461,1,2,408,20.1,9.2,3,9,94.2,0.99,6,3,5,Yes,white,Yes,2,5,249.2705,0
75,846859,1385,2,4,521,23.5,9.3,22,1.8,87.8,1.07,6,9,8,Yes,red,Yes,1,37,446.8705,0
81,735451,1937,1,7,697,31.9,6.5,65,11.2,90.6,1.33,5,4,1,Yes,yellow,Yes,1,33,446.8705,1
82,661592,1275,3,6,200,1.7,7.2,41,13.3,96,1.25,6,7,1,Yes,yellow,Yes,2,52,1441.5205,0
84,888971,2368,6,3,1301,31.2,7.2,14,0.5,86,1.63,3,2,2,Yes,white,Yes,2,57,1374.0705,1
85,888478,1685,5,3,842,8.5,8.3,9,3.3,93.7,1.23,5,9,8,Yes,blue,Yes,1,25,760.3705,1
90,601293,1233,5,6,503,42.9,8.7,10,12.9,89.8,1.95,1,7,10,Yes,red,Yes,2,13,429.7705,1
91,781169,1452,2,2,200,5.2,8.4,10,6,96.4,1.66,7,5,5,Yes,red,Yes,2,27,387.0205,0
93,957052,2179,5,2,213,28.6,7.9,17,5.8,91.8,1.36,10,7,2,Yes,green,Yes,3,52,242.6205,1
94,540267,842,4,6,726,53.7,7.7,17,17,96,1.22,6,7,7,Yes,green,Yes,3,-5,1183.1205,1
100,1072602,2847,4,4,1106,17.9,8.9,21,3.4,92.4,0.76,10,9,4,Yes,yellow,Yes,1,23,916.1705,1
103,896432,3190,4,5,1752,15.4,8.3,30,28.6,90.9,1.39,10,9,10,Yes,white,Yes,2,0,501.0205,0
104,1116817,2849,2,2,1469,15.6,9.2,11,1.2,95.1,1.99,6,5,7,Yes,green,Yes,1,22,67.8205,0
106,864625,1647,3,7,855,7.8,9.2,56,3.2,94.5,2.32,3,1,4,Yes,red,Yes,3,17,1015.9205,1
108,740433,2136,3,7,1153,63.7,6.9,1,4,92.7,0.98,2,7,6,Yes,yellow,Yes,3,1,1401.6205,0
114,579686,1504,4,3,274,15.2,6.3,22,3.5,95.1,1.87,9,1,9,Yes,yellow,Yes,1,40,995.9705,0
117,961994,2688,6,3,1067,14.3,7.9,8,0.5,87.3,1.61,2,9,8,Yes,yellow,Yes,1,24,1046.3205,1
118,564691,700,5,6,200,34.5,7.7,9,4.7,95.5,1.88,7,1,7,Yes,green,Yes,1,19,337.6205,0
122,1093949,3294,2,2,1270,7,6,18,4.2,99,1.18,3,10,5,Yes,white,Yes,1,17,1030.1705,0
127,869419,1425,6,5,277,28,9.1,24,1.2,93.9,1.17,4,5,3,Yes,white,Yes,2,46,325.2705,0
128,788507,1393,1,1,980,16,8.8,27,24.6,93,2.23,1,7,2,Yes,green,Yes,2,-1,82.0705,1
132,853621,1490,4,5,200,39.3,9.6,6,3.4,86.4,1.15,3,6,3,Yes,white,Yes,2,51,725.2205,1
135,782936,1419,3,6,200,27.5,8.9,3,24.7,89.9,1.61,5,3,5,Yes,green,Yes,1,-3,447.8205,0
137,829606,2162,5,6,569,12.6,5.6,8,17.2,98.7,1.48,3,5,9,Yes,green,Yes,2,12,339.5205,0
144,1010179,2927,2,3,568,10.9,8.9,2,10.2,85.2,1.71,6,9,9,Yes,red,Yes,2,22,181.8205,0
145,791265,2250,2,3,1237,34.3,6.1,64,5.2,92.6,1.28,3,10,7,Yes,white,Yes,3,44,1178.3705,0
146,952271,3169,4,2,943,4.1,8,92,5.9,92.1,1.39,8,9,8,Yes,white,Yes,2,21,1008.3205,0
148,857634,1778,4,6,200,43.7,9.2,19,2.9,92.7,0.95,5,5,4,Yes,yellow,Yes,3,41,1480.4705,1
151,757848,1650,3,2,710,2.3,7.4,18,6.5,89.9,1.5,3,10,6,Yes,white,Yes,1,14,1237.2705,1
153,806647,1829,2,3,1110,17.7,8.2,18,10.1,93.7,1.41,9,6,4,Yes,white,Yes,2,62,77.3205,0
166,782678,1703,5,6,416,25.9,9.2,18,15,92,1.45,2,3,6,Yes,yellow,Yes,2,34,1127.0705,1
167,825139,1438,5,1,1118,50.9,6.4,17,3.8,95.1,0.72,10,1,5,Yes,yellow,Yes,2,59,879.1205,1
169,810844,1334,3,5,478,5.4,9.2,19,5.9,97,1.26,6,1,4,Yes,red,Yes,1,16,167.5705,0
176,676205,1285,4,4,753,63.3,9.3,1,4.8,93.8,1.83,9,1,6,Yes,red,Yes,1,-1,396.5205,0
178,785301,2651,2,2,958,53.8,7.2,33,2,93.9,0.69,9,8,5,Yes,white,Yes,2,50,1314.2205,0
182,597800,1471,3,2,643,8.6,6.6,26,0.5,92.6,1.83,7,6,3,Yes,yellow,Yes,3,1,1458.6205,1
184,695871,1409,1,3,796,49.6,9.8,22,12.4,94.6,0.82,3,1,3,Yes,yellow,Yes,2,61,889.5705,1
188,676507,1291,1,2,833,52.6,8.1,7,9.4,93.9,1.63,8,1,6,Yes,green,Yes,2,21,419.3205,1
193,835407,2511,1,1,1509,14,7.5,2,40,98.4,1.21,5,1,8,Yes,green,Yes,1,1,179.9205,0
200,668174,1527,4,2,687,1.5,7.2,27,14.7,88.5,1.18,2,3,4,Yes,green,Yes,2,22,824.0205,0
204,874219,2204,2,4,509,34,9.6,2,0.5,91.1,1.17,10,9,5,Yes,green,Yes,3,-4,562.7705,0
208,927037,1519,4,7,655,40.4,8.9,13,0.8,96.7,1.41,3,8,8,Yes,red,Yes,3,52,1073.8705,1
212,785311,2215,6,4,407,30.1,6.1,5,6.7,96.6,1.13,7,3,6,Yes,yellow,Yes,2,63,1076.7205,0
217,1295064,4153,3,5,1785,23.5,7.7,17,2.9,87.6,1.12,3,3,10,Yes,green,Yes,1,26,542.8205,1
220,890766,1872,1,3,200,4.8,9.2,15,3.6,95.7,1.45,3,8,7,Yes,white,Yes,2,60,1432.0205,0
222,766965,2158,4,6,522,44.1,7.3,62,2.7,96,0.92,9,5,4,Yes,yellow,Yes,1,37,216.9705,1
224,789962,1619,6,4,1376,14.8,8.9,22,8.4,94.3,1.84,7,1,3,Yes,white,Yes,2,-1,186.5705,0
229,1099534,3143,4,6,1199,28.7,8.7,2,4.3,94.7,1.83,7,1,7,Yes,blue,Yes,1,32,20.3205,0
232,777104,1769,4,6,601,7.4,7.4,2,2.6,94.2,0.96,10,1,2,Yes,white,Yes,3,35,928.5205,0
233,825516,1248,6,7,966,28.7,7.3,5,1.2,99,1.56,1,6,3,Yes,red,Yes,2,63,675.8205,1
235,792456,1993,1,5,1055,12.1,8.2,16,25.6,86.5,0.97,10,6,8,Yes,green,Yes,3,13,331.9205,1
239,655692,1116,3,4,358,56.5,8.2,36,0.5,97.1,1.78,7,10,5,Yes,green,Yes,2,37,1356.9705,1
244,837188,2081,2,4,294,11.3,7.5,56,3.8,89.7,1.4,5,10,10,Yes,yellow,Yes,3,10,1211.6205,1
247,988277,1890,5,5,200,14.9,8.3,0,1,88.9,0.65,7,3,2,Yes,white,Yes,3,31,904.7705,1
255,670018,1493,5,6,510,17.9,5.1,37,4.6,89.2,1.6,8,5,9,Yes,green,Yes,2,50,1301.8705,1
257,838349,1066,4,6,962,31.5,9.2,10,0.5,96.6,1.34,4,1,4,Yes,green,Yes,2,-2,821.1705,0
258,971382,2818,2,2,466,7.1,7.7,80,0.5,97.1,1.31,4,9,2,Yes,green,Yes,3,9,325.2705,0
260,838567,2317,1,4,776,17.5,7.9,1,1.7,91.9,1.82,1,2,10,Yes,yellow,Yes,1,53,744.2205,0
266,789371,1964,6,4,287,21.9,6.1,3,1.1,92.9,1.88,5,2,1,Yes,yellow,Yes,2,45,640.6705,0
270,894988,2379,4,2,866,14,7.6,15,2.5,92.6,0.78,10,3,9,Yes,green,Yes,1,50,1202.1205,0
280,546108,700,3,1,306,49.8,7.3,30,4.3,88.9,1.1,5,9,8,Yes,yellow,Yes,3,18,637.8205,1
281,816457,1985,4,4,1502,24.8,9.4,8,3.7,93.5,1.02,5,1,7,Yes,blue,Yes,1,31,1060.5705,1
286,715440,1617,5,2,950,35.8,8,60,21.1,89,1.04,10,4,3,Yes,blue,Yes,2,35,956.0705,0
290,826033,1696,5,6,491,17.5,8.5,21,2.8,90.2,1.27,3,4,6,Yes,yellow,Yes,3,58,686.2705,0
300,970043,2331,4,2,200,35.5,7.4,15,8.1,91.4,1.47,5,5,9,Yes,green,Yes,2,27,321.4705,1
301,955450,2150,5,6,791,32.8,9.1,33,0.5,94.9,1.14,9,2,7,Yes,blue,Yes,2,7,1262.9205,1
303,653460,1104,5,3,1241,30.2,7.3,3,4.7,92.8,0.86,2,2,4,Yes,green,Yes,2,21,1544.1205,1
307,749181,1390,2,5,205,30.8,8.9,19,10.2,91.7,1.32,6,7,9,Yes,blue,Yes,2,1,1356.9705,0
311,673446,2346,2,2,1501,46.7,7.9,56,6.3,85.6,1.81,3,2,3,Yes,white,Yes,3,27,710.0205,0
312,782565,921,5,2,342,71.5,9.2,5,0.5,96.2,1.87,2,4,1,Yes,red,Yes,2,24,368.9705,0
313,891011,2267,3,3,894,23.5,9.2,43,8.3,94.3,1.37,8,10,2,Yes,red,Yes,3,4,758.4705,1
316,790286,1650,2,2,213,45.5,8.6,45,3.4,95,0.84,10,9,7,Yes,blue,Yes,2,-6,1429.1705,1
322,921870,1688,1,3,1177,5.8,6.3,17,1,91.3,1.43,2,2,1,Yes,green,Yes,2,62,425.0205,1
326,814009,1959,3,5,1143,17.9,7.6,21,2.7,96.6,1.14,7,1,9,Yes,green,Yes,1,17,473.4705,1
329,829289,2487,2,6,951,40,8.9,43,2.6,91.4,1.66,1,3,8,Yes,green,Yes,2,7,261.6205,0
335,544313,922,6,5,200,37.9,8.4,16,13.8,98.6,1.45,10,8,10,Yes,white,Yes,2,56,851.5705,1
337,546594,1528,1,1,850,76.3,6.7,16,12.1,95.1,1.93,9,10,4,Yes,white,Yes,1,54,102.0205,0
338,761417,1380,4,4,458,35.3,8.5,9,9,96.8,0.91,2,1,10,Yes,blue,Yes,1,44,189.4205,1
343,779704,2288,6,6,851,25.2,5.7,3,19,96.4,1.81,4,5,7,Yes,white,Yes,2,36,1529.8705,0
351,557117,718,2,6,200,3.7,6,30,15.9,94.9,1.37,10,4,7,Yes,blue,Yes,3,13,913.3205,1
354,791617,1896,4,1,427,9,5.7,42,1.2,92.6,1.66,4,9,6,Yes,red,Yes,1,27,1313.2705,1
356,1063674,4088,5,3,1521,30.1,8.6,41,21.2,93.3,1.32,10,4,8,Yes,yellow,Yes,2,1,1496.6205,1
361,634984,1524,4,5,982,38,7.8,6,14.1,92.7,1.63,3,3,4,Yes,yellow,Yes,1,2,1185.0205,0
362,567645,1348,5,4,1011,58.5,7.3,30,5.4,91.9,1.05,8,2,5,Yes,green,Yes,3,37,1028.2705,1
366,776112,998,6,6,880,7.1,6.6,7,2,99,1.68,6,7,8,Yes,blue,Yes,2,0,1154.6205,0
370,706996,1499,2,4,760,23.7,8,66,3.1,89.7,1.27,2,2,1,Yes,white,Yes,3,42,664.4205,0
376,591394,1262,5,2,357,19.6,8,100,14.1,94.3,1.51,5,8,7,Yes,blue,Yes,2,28,573.2205,1
379,716016,1418,2,7,602,51.6,8.9,24,1.4,90.9,1.02,8,3,9,Yes,white,Yes,1,12,528.5705,1
383,649931,1336,6,3,735,31.2,9.7,100,8.4,91.8,1.43,6,8,9,Yes,yellow,Yes,1,51,634.0205,1
385,919130,2246,4,4,1270,9.7,8.8,17,13.3,94.5,1.74,4,6,3,Yes,yellow,Yes,3,60,409.8205,0
393,735418,1475,5,4,482,22.7,7.4,31,7.2,92.6,2.01,2,7,8,Yes,blue,Yes,2,4,186.5705,0
396,862965,1794,4,2,827,36.9,7.3,18,0.8,97,1.5,5,8,4,Yes,red,Yes,2,-6,357.5705,1
397,683458,997,2,6,761,41.8,8.7,5,9.4,90.5,0.96,3,5,10,Yes,red,Yes,1,9,1236.3205,1
398,515345,1216,2,2,200,33.9,8.1,3,13.8,91.1,1.14,1,1,3,Yes,green,Yes,2,60,1516.5705,0
400,810342,2224,3,3,405,32.7,8.4,27,8.2,82.6,1.36,1,3,1,Yes,white,Yes,1,26,1519.4205,1
404,652674,1580,4,4,273,41.3,7.9,3,11.5,91.8,1.64,4,6,8,Yes,green,Yes,3,12,591.2705,0
406,759939,2491,5,2,200,75,6.8,64,2.2,88.3,1.43,4,6,10,Yes,white,Yes,2,-3,472.5205,1
407,674821,1513,1,5,484,59.3,9.5,16,4,92.6,1.44,4,3,5,Yes,red,Yes,2,15,882.9205,1
411,601383,1501,6,2,225,27,8.4,30,2.8,91.1,1.47,8,4,5,Yes,yellow,Yes,3,42,1254.3705,0
417,729990,2611,5,4,200,35.1,6,24,4.3,93.8,0.5,3,1,3,Yes,yellow,Yes,2,57,883.8705,1
419,914241,2888,2,1,1282,16.9,7.5,6,2.7,90.6,2.04,9,7,10,Yes,white,Yes,3,11,730.9205,0
424,1002704,2953,2,4,1622,25.8,9.8,11,7.7,94.5,0.87,7,5,5,Yes,green,Yes,1,10,778.4205,1
425,843037,2105,6,4,1489,28.2,8.9,72,1.4,97.2,1.4,1,8,9,Yes,red,Yes,3,-2,504.8205,0
432,517345,836,2,6,200,39.5,7.9,25,1.6,92.8,2.5,9,1,1,Yes,yellow,Yes,2,40,1337.9705,1
434,966537,2666,4,2,830,22.1,7.5,49,2.2,92.9,1.86,5,1,5,Yes,red,Yes,2,0,593.1705,0
438,985252,2768,2,2,694,19.1,7.5,7,10.1,95.6,1.55,5,3,2,Yes,blue,Yes,3,11,1079.5705,0
444,621553,1395,5,4,305,12.2,7.2,6,19.7,90.5,1.85,8,5,7,Yes,yellow,Yes,2,5,614.0705,0
451,745537,1958,3,5,465,7.8,9.1,11,9.9,99,1.06,9,10,1,Yes,red,Yes,3,46,90.6205,0
454,829414,2527,6,3,1525,25.9,9.1,4,5.2,91.1,1.65,6,8,5,Yes,red,Yes,1,29,1267.6705,0
458,791088,2609,5,4,1202,39.4,7,56,17.6,86.5,1.91,6,8,3,Yes,yellow,Yes,2,37,1173.6205,0
459,780990,1768,5,1,1162,32.7,6.7,7,12.7,99,1.2,6,3,9,Yes,green,Yes,2,53,286.3205,1
462,751133,1255,3,4,565,11.3,6.2,3,1,91.4,1.27,2,8,10,Yes,white,Yes,2,13,256.8705,1
472,585870,1750,3,4,870,64.1,8.9,4,21.2,89.7,2.01,8,2,3,Yes,blue,Yes,3,6,161.8705,1
481,675793,1184,4,4,875,37.3,5.4,4,1.5,96.9,0.81,1,9,10,Yes,blue,Yes,2,15,1067.2205,1
484,786210,1710,6,2,574,29.2,8.3,20,8.1,96,1.49,4,1,2,Yes,white,Yes,2,13,1053.9205,0
485,890299,2193,3,5,917,18.5,8.5,5,22.2,93.8,1.49,4,10,10,Yes,blue,Yes,2,11,849.6705,1
487,744026,1666,6,1,622,72.6,8.6,12,2.6,94.2,1.24,8,5,6,Yes,green,Yes,3,23,242.6205,0
489,1084346,1926,3,5,346,16.2,9.6,7,0.6,92.9,1.82,5,7,6,Yes,red,Yes,1,13,67.8205,1
490,1280733,4158,3,2,990,50.6,9.5,20,2.7,95,1.18,8,9,7,Yes,green,Yes,2,25,1287.6205,1
494,748646,2195,5,6,276,39.7,6.5,50,11.1,84.6,1.75,1,6,5,Yes,blue,Yes,1,-5,742.3205,1
496,714333,1769,5,6,836,54.8,4.8,15,3.3,99,1.66,4,10,9,Yes,red,Yes,2,5,1046.3205,0
497,819178,2309,3,1,954,32.9,6.4,60,2.7,96.3,1.37,6,4,8,Yes,blue,Yes,1,52,812.6205,0
498,1290282,4500,2,4,1440,40.5,7.6,18,0.9,94.3,1.29,8,2,2,Yes,blue,Yes,1,37,597.9205,0
499,995167,2388,3,3,903,37.6,9.3,11,3.6,91.7,1.41,9,9,6,Yes,red,Yes,3,6,1273.3705,1
2,719416,1536,6,6,464,23.7,8.3,13,17.2,87.7,1.4,5,3,10,Yes,red,Yes,2,49,402.2205,1
4,681158,1604,3,7,845,41.2,6.9,17,11,90.8,1.72,7,3,4,Yes,white,Yes,2,25,1080.5205,0
7,990699,2598,2,1,880,34.8,8.1,0,1.3,99,1.83,8,6,1,Yes,red,Yes,2,12,406.9705,0
12,699846,2327,3,3,1486,46.9,8.8,24,35.4,94.1,1.06,2,1,1,Yes,red,Yes,1,53,102.9705,0
17,742818,862,2,3,625,29.4,8.6,8,13.8,94.6,0.95,10,2,8,Yes,red,Yes,1,55,672.9705,0
18,1112001,3679,5,5,1445,43.6,8.1,0,10.7,90.6,1.53,7,3,7,Yes,white,Yes,2,1,557.0705,0
23,912443,1687,5,2,280,17,9,1,1.8,99,1.38,7,4,5,Yes,yellow,Yes,2,62,794.5705,0
29,908381,2825,3,7,1248,76,8.2,24,4.3,89.6,1.6,5,10,6,Yes,red,Yes,1,7,948.4705,0
36,1114715,4161,6,7,1137,38.8,8.1,3,15.6,93.6,1.56,10,5,8,Yes,yellow,Yes,1,0,938.9705,0
37,1288194,3867,1,3,1782,27.6,7.4,5,2.9,92.9,1.14,3,8,4,Yes,green,Yes,3,41,707.1705,1
39,1169858,3178,4,2,1408,21.2,9,4,19.4,90.8,1.55,9,2,2,Yes,yellow,Yes,2,7,1354.1205,1
42,553640,996,5,5,200,14.9,6.7,7,2.4,97,1.55,4,5,8,Yes,red,Yes,3,3,1133.7205,1
46,888824,2619,3,4,643,13.1,5.8,4,4,93.2,2,6,5,7,Yes,yellow,Yes,2,61,1443.4205,1
49,733495,2666,4,2,659,39.2,5.4,21,10.5,89.3,1.75,4,1,9,Yes,green,Yes,3,5,1385.4705,1
57,869088,2307,4,6,1335,19.4,9.4,20,12,98.4,1.42,5,1,9,Yes,green,Yes,2,44,7.0205,1
60,549189,1552,6,3,200,59.4,9.4,68,2.5,91.3,1.38,4,9,5,Yes,red,Yes,3,31,1271.4705,1
62,830065,2597,3,6,656,25.3,7.8,17,1.9,84.8,1.82,9,9,2,Yes,blue,Yes,1,20,302.4705,0
66,852494,1675,2,1,789,25,8.6,23,0.5,89.4,1.36,2,4,8,Yes,yellow,Yes,2,6,961.7705,1
68,1062578,3160,5,5,776,35.8,9.8,25,1.6,95.1,1.58,7,3,10,Yes,blue,Yes,2,61,647.3205,1
73,887406,2228,4,2,447,43.5,7.4,27,6,99,1.25,1,6,4,Yes,white,Yes,2,7,637.8205,1
75,878113,1931,3,7,1468,13.4,9.1,25,11.2,89.7,1.82,6,4,2,Yes,white,Yes,2,40,1175.5205,0
81,615697,1271,5,7,200,61.9,8.5,6,3,86.6,1.25,6,10,7,Yes,red,Yes,1,12,540.9205,1
82,707251,1888,2,3,1302,4.1,8.4,34,24.3,90,1.74,3,2,6,Yes,red,Yes,3,59,929.4705,1
83,723579,1854,5,6,770,21.3,7.2,20,7.9,88.6,1.77,5,5,8,Yes,green,Yes,2,2,32.6705,1
93,657954,1106,4,6,200,54.8,9.2,1,3,95.3,1.36,5,1,3,Yes,red,Yes,1,18,800.2705,1
94,974720,3268,4,4,1004,34.7,8.4,34,6.9,89.2,1.06,9,2,5,Yes,blue,Yes,2,22,1189.7705,1
96,703380,1595,5,7,338,12.1,6.8,7,3.9,93.2,1.58,10,3,8,Yes,blue,Yes,1,40,137.1705,1
97,751231,2457,5,2,1100,43.4,8.8,74,15.6,92,1.24,6,8,5,Yes,white,Yes,2,-2,938.9705,0
108,766479,1829,4,1,804,47.4,5.8,9,5.2,97.5,1.28,4,2,10,Yes,red,Yes,3,40,1193.5705,0
110,661221,1852,5,3,200,25.3,8.7,5,23.6,89.8,1.69,1,8,10,Yes,blue,Yes,3,-5,265.4205,0
112,1152359,4378,5,3,1368,31.3,4.6,1,1.6,87.6,1.38,3,8,6,Yes,red,Yes,3,45,132.4205,1
113,605810,1775,4,2,539,31.9,7.8,29,3.6,97.1,1.63,4,9,7,Yes,green,Yes,3,-3,767.0205,0
115,896591,1717,5,5,200,64.1,9.3,26,9.6,87.1,1.68,9,1,7,Yes,yellow,Yes,2,5,1546.0205,0
122,503041,1545,5,5,438,16.3,5.3,14,3.3,99,1.23,6,7,1,Yes,white,Yes,3,53,1529.8705,1
129,829442,1897,2,4,764,57.8,9.6,21,2.2,92.4,0.8,1,3,6,Yes,yellow,Yes,2,10,729.0205,1
133,687923,2065,3,2,1199,22.3,7.8,19,40,95.5,1.47,5,3,9,Yes,red,Yes,3,12,507.6705,1
136,783534,1832,5,3,839,44,7,36,0.5,92,1.52,2,4,1,Yes,green,Yes,2,14,135.2705,0
142,717766,2172,1,5,562,52.6,8.6,12,23.1,96.9,1.13,7,10,5,Yes,red,Yes,2,5,1030.1705,0
143,848258,2585,4,3,1172,19,8.6,50,0.5,91.4,1.63,9,7,6,Yes,green,Yes,2,57,1198.3205,0
154,649512,1496,3,5,352,48.4,8.3,25,5.2,95.6,1.48,4,8,10,Yes,red,Yes,2,-2,1139.4205,1
156,701793,1793,3,7,506,24.9,7.9,19,6.9,87.4,1.54,2,3,10,Yes,green,Yes,3,5,133.3705,1
159,713247,1688,3,2,1027,11.9,5.9,17,7.4,97.2,1.02,9,5,8,Yes,white,Yes,1,58,594.1205,0
163,824963,1743,4,3,649,17.6,8.3,57,3.1,95,1.12,9,6,1,Yes,blue,Yes,2,27,414.5705,1
165,958061,2377,2,4,467,38.2,8.7,21,6.3,96.4,1.16,1,10,7,Yes,white,Yes,2,48,267.3205,1
167,595447,1509,4,7,681,42,5.6,7,13.8,90.7,0.94,8,9,1,Yes,green,Yes,2,2,428.8205,1
170,713265,1213,1,2,1155,16.1,8.5,24,5.9,87.9,1.52,7,4,3,Yes,red,Yes,3,51,989.3205,1
172,743810,1153,3,1,914,6,7.6,11,10.5,93,2.06,6,6,8,Yes,red,Yes,2,27,948.4705,0
181,786770,1943,4,3,747,10.7,6.2,33,0.7,96.2,1.53,5,4,10,Yes,yellow,Yes,2,43,707.1705,0
182,685337,1540,3,1,1096,21.4,9.8,5,36,92.9,1.05,7,7,3,Yes,yellow,Yes,3,8,882.9205,1
185,979597,2591,3,1,1016,8.9,7.6,27,2.7,93.2,0.56,1,4,6,Yes,red,Yes,3,51,626.4205,0
191,707863,1441,3,4,1001,50,7.4,4,14.7,88.7,1.77,7,4,7,Yes,blue,Yes,2,28,659.6705,1
192,678659,1774,3,1,686,20.5,8.6,8,9.1,89.5,1.18,9,1,7,Yes,white,Yes,2,8,1395.9205,1
193,922876,2187,3,6,653,10.2,8.3,8,0.6,97.1,0.99,10,5,1,Yes,white,Yes,2,30,1331.3205,1
197,1082876,2581,4,3,952,41.4,8.8,16,1.4,90.4,1.18,6,5,8,Yes,blue,Yes,1,17,1212.5705,1
204,879011,2357,4,5,883,4.8,7.7,4,6.1,93,1.34,6,2,10,Yes,white,Yes,2,31,401.2705,0
205,1237133,4143,1,2,1931,15.4,8.5,8,3.9,86.7,1.83,8,6,3,Yes,blue,Yes,3,9,1216.3705,1
216,734289,2147,1,2,614,62.6,7.6,23,23.6,92.7,1.42,3,9,8,Yes,red,Yes,2,27,207.4705,1
220,586869,1183,4,5,916,15.3,6.9,20,21.8,86.5,1.45,8,1,4,Yes,green,Yes,2,3,737.5705,0
221,983671,3362,1,7,1456,35.4,9.4,23,9.2,95.1,1.96,7,7,9,Yes,green,Yes,2,21,197.0205,1
232,872364,2149,4,2,681,35.3,6.7,3,5.7,99,0.96,8,3,8,Yes,blue,Yes,3,-4,913.3205,0
236,1053712,3712,5,3,1553,32.3,7.5,1,40,93.5,1.03,3,7,7,Yes,green,Yes,2,44,213.1705,1
238,936752,2742,6,2,865,29.6,7.3,3,1.6,89.7,1.17,7,7,9,Yes,green,Yes,1,15,473.4705,0
242,660491,1340,3,2,406,25.8,8.2,18,0.5,95.5,1.32,3,7,4,Yes,white,Yes,2,-6,1066.2705,1
245,764041,2529,5,4,1126,31.8,8.1,94,4.5,95.3,0.94,1,7,4,Yes,red,Yes,2,8,515.2705,1
246,664977,1792,2,6,746,55.9,7.8,93,1.6,95.5,0.9,6,7,10,Yes,blue,Yes,2,-5,105.8205,0
248,643122,1043,1,6,273,16.4,9.8,33,1.1,91.5,1.61,6,10,4,Yes,white,Yes,3,-5,1284.7705,0
269,642772,1128,6,1,528,22.5,6.4,41,7.7,91.4,0.99,4,3,8,Yes,red,Yes,3,35,390.8205,1
271,887387,2828,2,5,926,23.7,5.9,63,14.7,87.5,1.69,10,9,2,Yes,yellow,Yes,3,24,1244.8705,0
275,717717,1559,2,5,1073,4.5,8.3,5,23.8,93.6,1.72,6,9,1,Yes,white,Yes,1,55,300.5705,0
276,817622,2368,5,5,1008,29.9,7.3,5,34.1,93,1.39,8,10,3,Yes,white,Yes,2,44,1071.0205,0
278,638310,1157,2,2,200,54.9,8.2,18,8.9,88.8,1.28,10,1,9,Yes,green,Yes,2,25,297.7205,1
288,765019,2901,4,3,1107,26.3,8.7,18,4.2,86.6,1.66,3,8,3,Yes,yellow,Yes,1,45,1227.7705,0
291,936584,3122,4,4,608,25.7,8,29,5.8,93.2,1.86,3,4,6,Yes,yellow,Yes,2,36,803.1205,1
295,700609,2860,3,3,1025,34.9,7.1,35,38.7,92.4,1.68,9,4,2,Yes,red,Yes,2,31,1202.1205,1
306,994439,2629,3,5,677,8.8,9.2,1,12.5,90,1.33,9,9,8,Yes,green,Yes,2,42,354.7205,0
311,824451,1636,5,4,582,21.7,6.8,6,1.3,93.5,1.44,1,9,8,Yes,blue,Yes,3,-1,600.7705,1
312,963459,2772,5,2,753,26.7,8.7,13,34,97.1,1.59,10,8,10,Yes,green,Yes,1,57,1036.8205,1
322,751254,1183,2,3,248,10.7,7,4,4.5,89.8,1.11,4,9,5,Yes,red,Yes,3,56,934.2205,0
327,886556,1502,6,6,573,9.4,9.4,16,2.2,93.7,1.1,8,9,5,Yes,blue,Yes,1,9,1033.0205,0
331,748976,1491,1,6,637,14.6,8.4,20,1.4,91.8,1.77,6,7,3,Yes,red,Yes,2,37,419.3205,0
342,880395,2091,5,5,1147,30.8,8.2,21,3.7,90.3,2.03,1,7,1,Yes,white,Yes,3,38,350.9205,1
345,843197,1604,2,1,200,18.5,9.5,1,3.8,93.4,1.6,1,7,5,Yes,yellow,Yes,3,37,1289.5205,1
350,718733,1822,3,6,394,34.8,6.8,40,8,93.9,1.35,10,5,4,Yes,yellow,Yes,2,5,1024.4705,1
363,963645,1839,5,1,367,9.6,8.2,31,3.2,98.1,1.12,1,5,6,Yes,white,Yes,3,34,368.0205,0
365,721338,1684,5,1,200,12.9,7.8,4,17.6,98.1,1.41,10,1,5,Yes,white,Yes,3,56,1534.6205,1
368,488017,1619,1,1,448,57.6,7.3,40,3.4,89.3,1.66,6,8,8,Yes,red,Yes,1,19,727.1205,1
369,801688,1517,1,5,1039,34,8.3,0,5.1,96.8,1.7,7,2,3,Yes,green,Yes,2,20,705.2705,1
371,705100,1165,5,3,200,32.6,7.1,16,9.5,94,1.33,4,1,3,Yes,red,Yes,1,33,1407.3205,0
374,756831,1758,4,2,1313,29,8.4,5,2.2,83.7,1.7,4,5,10,Yes,blue,Yes,3,29,862.0205,0
376,844238,2332,2,2,1090,44.3,5.6,11,1.7,95.2,1.27,3,10,7,Yes,white,Yes,2,31,1111.8705,0
385,957308,2417,6,7,1354,13.6,7.8,35,3.5,95.9,1.47,9,10,9,Yes,white,Yes,3,41,150.4705,0
389,522647,1130,3,4,432,49.1,7.8,2,8.8,99,1.69,2,8,1,Yes,white,Yes,1,-5,1263.8705,1
397,642589,1957,1,2,1193,30.7,6.1,66,6.4,95.6,0.95,6,9,1,Yes,yellow,Yes,2,56,508.6205,1
403,872287,2170,1,7,1064,16.8,7.7,11,9.2,89.2,0.88,5,3,8,Yes,green,Yes,2,63,942.7705,1
404,700876,1858,2,7,911,15.1,9.4,58,14.2,98.2,1.17,9,7,2,Yes,blue,Yes,3,-4,715.7205,0
409,709537,1675,4,3,287,25.6,9.5,22,4.2,93.5,1.78,6,8,4,Yes,yellow,Yes,2,3,1025.4205,0
412,716552,1499,2,2,327,4.3,7.9,15,12.3,88.8,1.35,2,6,9,Yes,red,Yes,3,6,431.6705,1
413,556752,1378,5,2,200,23.8,8.1,16,0.5,89.4,0.66,4,7,10,Yes,blue,Yes,2,1,1435.8205,1
416,954308,2256,2,6,494,8.7,7.2,4,3.8,99,1.2,9,1,6,Yes,white,Yes,2,13,626.4205,0
420,652113,1191,6,5,200,51.2,8.7,1,5.8,97.6,1.84,5,6,7,Yes,red,Yes,2,42,697.6705,1
424,662147,1744,4,7,490,17.9,7.4,5,29.2,93,1.95,1,8,5,Yes,green,Yes,2,43,910.4705,1
425,727496,1692,3,3,442,19,8.2,2,3.8,99,1.15,10,9,10,Yes,green,Yes,2,53,808.8205,0
428,685409,1787,2,5,343,12.8,8,79,7.8,95.6,1.1,2,8,2,Yes,green,Yes,1,40,1426.3205,1
429,627587,1374,4,6,214,13.9,7.9,46,23.4,96.6,0.78,2,1,5,Yes,red,Yes,3,6,1151.7705,1
432,590607,1450,5,6,241,2.5,6.7,86,1.2,95.6,1.88,5,9,2,Yes,blue,Yes,3,42,865.8205,0
433,759137,1869,4,6,1161,30,7.8,19,14.4,90.3,1.21,7,10,7,Yes,red,Yes,2,16,1384.5205,0
435,809722,2290,1,5,869,50.7,7.8,7,5.6,96.7,0.95,2,2,10,Yes,blue,Yes,2,61,1124.2205,1
440,786294,1763,1,6,220,38.2,7.3,24,9.5,97.7,1.12,3,5,2,Yes,green,Yes,2,57,894.3205,1
446,714210,1666,6,3,252,23.4,9.1,4,20.2,87.1,1.23,8,9,1,Yes,green,Yes,2,46,1190.7205,1
447,633649,1122,2,4,375,11.6,7.9,21,8.2,91.4,1.69,7,3,10,Yes,green,Yes,2,18,478.2205,0
451,520794,1542,3,4,481,37,7.8,74,0.5,95,1.9,3,2,4,Yes,blue,Yes,2,37,134.3205,0
452,848071,1871,2,4,707,20.7,7.2,15,3.2,98.6,1.3,10,2,7,Yes,blue,Yes,3,29,595.0705,1
454,653253,1221,3,2,708,7.4,8.6,30,8.5,89.9,1.39,9,8,5,Yes,white,Yes,3,-5,1076.7205,0
457,709409,1444,4,2,670,32.4,9.4,70,14.3,99,1.22,5,9,2,Yes,yellow,Yes,2,6,1125.1705,1
464,749253,1385,4,3,441,16.9,8.6,18,8.1,99,1.4,2,8,9,Yes,green,Yes,2,47,219.8205,0
467,857947,1995,4,4,1320,12.4,9.4,38,0.5,91.4,1.68,1,6,10,Yes,red,Yes,2,-2,1200.2205,1
471,1103095,3059,3,1,1406,46,5.9,13,0.5,93.7,1.02,5,4,3,Yes,white,Yes,2,5,1337.9705,0
472,616523,2057,1,4,592,34.9,8.3,100,4.8,88.9,1.77,6,1,5,Yes,red,Yes,3,60,1044.4205,0
477,861055,1688,6,7,861,24.7,7.8,16,3.5,94.5,0.69,2,5,8,Yes,blue,Yes,2,24,1092.8705,1
482,734507,2107,2,6,359,38.2,7.6,12,31.7,91.4,1.31,3,9,10,Yes,green,Yes,2,9,418.3705,1
483,531243,1853,4,7,236,35.4,7.7,32,37.9,91,1.57,5,1,8,Yes,yellow,Yes,2,62,1380.7205,1
485,617656,781,5,6,382,32.7,7.8,0,4.7,92.9,1.33,9,7,10,Yes,green,Yes,2,39,566.5705,0
486,755494,2336,2,1,578,25.6,9,45,25.6,96.5,1.35,7,7,9,Yes,green,Yes,3,41,1208.7705,1
488,715751,2091,4,4,1266,73.7,9.3,30,1.9,99,1.16,6,3,3,Yes,blue,Yes,2,2,545.6705,0
490,736612,1573,4,3,200,30.6,7,16,1.8,94.4,1.4,10,4,7,Yes,green,Yes,2,61,18.4205,0
10,729598,1713,3,5,200,18,8,32,0.5,91,1.3,1,7,3,Yes,green,Yes,3,-4,1428.2205,0
13,946632,2250,4,5,457,18.8,9.4,4,14.4,92.3,1.33,10,8,3,Yes,yellow,Yes,3,48,1321.8205,1
22,789056,1428,3,1,554,22.1,8.2,7,6.9,93,1.38,3,8,5,Yes,white,Yes,1,0,428.8205,0
23,876811,2343,2,3,932,24.9,7.5,17,14,94.8,1.29,8,5,10,Yes,blue,Yes,2,51,1157.4705,0
24,853188,1452,3,1,924,7.7,8.3,28,3.6,99,0.54,4,4,7,Yes,yellow,Yes,2,49,219.8205,1
25,572344,1334,3,2,895,60,9,9,3.4,93.9,1.25,1,8,10,Yes,red,Yes,3,59,469.6705,0
28,703447,1808,4,7,827,33.8,8.1,14,11.1,89.6,1.92,9,10,7,Yes,red,Yes,2,6,125.7705,1
35,624731,1702,5,7,515,34.9,9.7,44,4.4,95.5,2.24,2,1,8,Yes,blue,Yes,2,51,1207.8205,1
48,998236,2121,5,4,738,19.2,8.2,2,3.9,91.4,1.26,5,6,5,Yes,white,Yes,1,32,852.5205,1
58,926137,2598,5,4,1370,20.4,8.6,48,16.5,93.6,1.18,10,6,6,Yes,green,Yes,3,46,1469.0705,1
60,858599,2361,3,2,712,19.2,8,63,0.5,90.4,1.29,5,8,9,Yes,green,Yes,1,2,783.1705,1
61,596942,1248,6,6,899,13,7.1,70,7.5,90.9,1.38,8,6,10,Yes,red,Yes,2,52,1133.7205,1
66,925493,2292,1,5,716,36,8.6,27,0.5,99,0.6,5,10,9,Yes,red,Yes,1,11,1182.1705,0
71,640186,1798,4,3,552,41.8,6.5,5,14,94.5,1.51,8,5,8,Yes,white,Yes,3,2,659.6705,0
74,823908,1579,4,1,200,5.2,8.4,16,10.5,93.8,1.12,1,10,2,Yes,blue,Yes,2,46,1445.3205,1
90,1038043,3086,4,6,1138,5.1,8.5,5,5,98,1.37,7,3,9,Yes,blue,Yes,3,31,744.2205,1
91,623529,1483,6,1,200,58,7,14,6.7,92.4,1.44,2,3,7,Yes,blue,Yes,3,38,614.0705,1
93,689478,1383,5,5,912,11.7,8.1,45,20.1,96,1.52,10,7,6,Yes,blue,Yes,2,23,486.7705,1
94,777573,2058,1,2,742,32.7,8.1,5,2.7,92.2,1.65,6,6,7,Yes,red,Yes,2,54,1242.0205,0
98,775960,1634,3,3,874,40.1,8.8,34,10.8,96.6,1.11,5,3,10,Yes,green,Yes,1,11,1202.1205,1
99,660643,1873,2,2,200,33.1,5.7,2,2,92.1,1.52,9,3,9,Yes,white,Yes,2,29,116.2705,1
104,663169,2528,2,2,1062,34.2,8.6,51,9,98.2,1.88,10,10,8,Yes,white,Yes,2,36,891.4705,1
105,963035,2084,3,6,200,30.2,9.1,26,1,93.9,1.05,5,10,6,Yes,green,Yes,2,13,461.1205,1
107,619424,1154,3,2,202,29.6,9.1,62,2,88.1,0.84,10,1,2,Yes,red,Yes,2,21,1220.1705,0
110,912560,1824,2,1,1167,15,6.7,9,1.5,93.2,1.24,6,8,9,Yes,green,Yes,2,44,1086.2205,1
113,928080,2589,6,6,1255,13.1,8.4,52,5.5,90.4,1.58,9,3,4,Yes,white,Yes,1,39,1351.2705,1
117,876112,1697,2,7,376,12.1,7.7,9,1.5,94,1.29,5,8,9,Yes,white,Yes,2,19,651.1205,0
129,773665,1355,3,2,215,15,9,51,1.8,92.1,1.01,9,7,4,Yes,white,Yes,2,-1,601.7205,0
142,769986,1480,3,4,597,3.2,8.6,40,5.3,88,1.76,9,7,3,Yes,red,Yes,1,36,178.9705,0
143,605210,700,5,1,200,42.9,7.6,18,3.7,98,1.34,9,6,6,Yes,yellow,Yes,3,34,1382.6205,0
144,1008914,2896,4,6,832,28.1,6.8,3,2.5,86.8,1.56,3,4,6,Yes,yellow,Yes,2,50,1024.4705,1
154,975918,2672,4,6,442,18.6,9.1,10,6.4,88,1.84,8,3,9,Yes,yellow,Yes,1,46,1235.3705,1
165,875979,1518,4,2,821,17.2,8.6,21,1.7,99,1.29,7,3,7,Yes,red,Yes,1,19,999.7705,1
176,756455,1813,3,6,1296,28.5,8.7,8,5.3,89.1,1.74,10,10,1,Yes,yellow,Yes,2,35,913.3205,1
179,823519,2042,5,5,1124,22.3,7.1,85,2.6,96,1.71,3,4,6,Yes,white,Yes,3,55,881.0205,1
185,779488,1477,5,2,255,25.9,9.1,8,17.6,84.8,1.29,9,9,8,Yes,green,Yes,2,23,1404.4705,1
189,555522,1155,3,6,825,21.7,8.8,11,8.3,85.2,1.49,1,9,8,Yes,red,Yes,3,14,1212.5705,1
191,906189,1844,3,6,743,8.7,7.6,27,8.3,89.3,0.82,6,10,8,Yes,white,Yes,2,30,1220.1705,1
192,573464,977,1,4,396,11.7,7.9,29,2.9,93,1.27,8,3,1,Yes,red,Yes,2,-3,326.2205,0
195,1076438,3276,3,5,1343,9.2,7.8,53,3.2,95.3,0.8,8,8,7,Yes,blue,Yes,2,42,1323.7205,1
197,774552,1565,2,5,645,18.2,6.5,32,5.3,98.8,1.9,8,5,7,Yes,red,Yes,1,30,16.5205,0
200,885943,2231,2,6,275,6.3,7.7,4,9.6,99,1.66,6,2,9,Yes,red,Yes,2,44,811.6705,0
201,658651,1784,5,2,500,25.4,9.2,1,16,94.9,1.62,3,9,3,Yes,blue,Yes,3,-1,531.4205,0
203,781867,1837,6,3,662,3.7,5.6,18,8.5,94.9,1.52,3,4,5,Yes,blue,Yes,1,11,711.9205,0
207,942916,2531,5,4,1070,8.7,7.9,14,15.4,86.3,1.26,9,9,10,Yes,green,Yes,2,32,552.3205,1
208,582485,1998,1,7,1175,19.3,5.6,90,26.1,92.3,0.87,3,6,1,Yes,blue,Yes,2,37,844.9205,0
214,832284,2069,2,5,1209,42.2,9.4,44,13.1,92.2,1.15,7,7,3,Yes,white,Yes,3,17,484.8705,0
225,711994,1539,2,5,419,31.1,9.2,10,13.2,98.7,1.53,4,10,9,Yes,red,Yes,1,36,784.1205,1
229,788218,1888,6,6,787,22.5,7.4,13,8.1,94.7,1.48,1,6,5,Yes,yellow,Yes,3,43,1543.1705,0
233,985331,2575,2,2,888,17.2,5.3,6,7.4,92.1,0.85,9,1,6,Yes,yellow,Yes,2,44,1276.2205,0
240,788709,1863,6,6,360,29.1,8.7,39,3.9,97.4,1.08,1,9,3,Yes,red,Yes,2,9,505.7705,0
244,788372,1078,4,4,599,38.1,9.1,31,16.2,94.5,1.53,8,8,7,Yes,green,Yes,2,53,1407.3205,1
245,471799,969,4,1,505,35,6.6,28,14.6,93.2,2.34,6,7,5,Yes,blue,Yes,3,-4,729.9705,0
247,632924,1574,5,3,795,21.6,6.2,58,10.9,99,1.62,10,6,9,Yes,yellow,Yes,3,41,876.2705,0
248,823533,1932,3,3,200,17.8,8,69,4.5,95.2,1.49,4,10,5,Yes,white,Yes,2,-6,500.0705,0
252,883724,1169,6,2,358,32.3,8.3,52,0.7,96.1,1.23,9,9,7,Yes,blue,Yes,1,41,672.9705,1
257,742683,2198,4,4,964,17.5,8,41,20,86.9,1.66,1,3,2,Yes,red,Yes,2,-4,503.8705,0
260,972861,2426,3,6,927,4.7,8.4,8,14,91.2,1.68,9,6,5,Yes,red,Yes,2,36,102.9705,0
266,743499,1610,6,2,717,27.6,7.2,28,12.8,93.1,1.09,4,1,5,Yes,white,Yes,2,21,884.8205,1
268,436649,1750,2,5,1307,42.2,6.1,89,3,87.8,1.82,1,7,1,Yes,red,Yes,2,32,1281.9205,0
269,715667,1934,5,4,200,44.7,8.9,31,4.2,94.8,1.84,7,7,5,Yes,blue,Yes,2,13,976.0205,1
274,568892,1343,4,3,200,40.6,8.3,40,2,96.1,1.34,9,5,7,Yes,red,Yes,1,10,366.1205,0
276,637138,1141,5,3,258,28.1,8.2,34,2.9,90,1.36,8,4,8,Yes,green,Yes,2,62,446.8705,0
279,852454,1818,2,3,593,12.5,8.2,18,5.8,90.3,1.51,7,4,5,Yes,green,Yes,3,18,1450.0705,1
280,835801,2298,5,5,633,34.7,8.3,59,0.5,87.1,1.12,10,7,3,Yes,white,Yes,2,41,445.9205,0
282,803242,1417,4,2,313,31.4,8.4,4,1.5,93.5,2.3,5,8,8,Yes,green,Yes,1,16,558.0205,1
284,1009923,3752,4,5,1491,34.3,6.7,100,4,97.4,1.09,6,6,1,Yes,blue,Yes,1,19,748.0205,0
285,720686,1715,3,5,791,35.6,6.8,37,4.3,95.9,1.23,2,1,9,Yes,green,Yes,2,49,368.0205,0
286,909208,2214,1,5,1085,9.4,8,38,8.2,93.1,0.77,8,10,10,Yes,blue,Yes,2,-2,1301.8705,0
287,842137,1734,2,4,681,11.9,7,19,8.7,98.1,1.45,1,8,7,Yes,blue,Yes,3,12,771.7705,1
289,628567,977,4,6,220,3.4,5.1,4,5.5,90.3,1.07,7,10,10,Yes,green,Yes,2,4,1547.9205,0
300,445688,1434,3,3,376,50.3,9.3,21,39.7,90.8,1.31,7,8,1,Yes,white,Yes,3,13,1394.9705,1
302,807711,1656,5,3,840,30.9,8.3,14,14.1,95.7,1.34,7,3,5,Yes,white,Yes,2,36,1450.0705,1
309,1249652,4500,3,6,1320,39.4,7.2,2,1.6,91.7,1.45,3,5,6,Yes,blue,Yes,1,14,751.8205,0
313,809908,1943,6,5,423,17.3,9.5,9,13.5,99,1.68,2,5,3,Yes,green,Yes,3,62,373.7205,0
315,435451,768,2,5,888,12.4,5.9,49,10.4,89.3,1.42,10,9,10,Yes,blue,Yes,2,34,836.3705,1
316,1005523,2287,6,2,1137,17.4,8.9,2,3.5,90.8,0.7,6,9,3,Yes,red,Yes,2,61,1191.6705,1
319,748596,1162,5,4,492,40,8,16,9.8,96.8,0.95,8,9,1,Yes,yellow,Yes,2,31,984.5705,0
321,662875,1821,4,4,200,2.8,8.5,37,0.5,93.5,1.18,3,5,6,Yes,red,Yes,1,14,312.9205,0
344,509878,856,5,3,465,16.2,9.4,12,5.6,91.1,1.45,7,2,5,Yes,yellow,Yes,2,56,1093.8205,0
345,893544,2317,4,2,881,64.6,9.2,20,7.8,92.4,1.37,8,7,8,Yes,red,Yes,1,8,934.2205,1
346,588511,1487,1,3,200,35.3,7.2,13,17.9,93.6,1.52,2,3,7,Yes,green,Yes,1,-1,61.1705,0
357,599812,827,1,2,231,9.8,5.6,10,1.9,97,1.46,8,9,1,Yes,green,Yes,2,23,957.9705,1
359,586360,1620,4,7,264,77.8,9.5,5,2.2,96.9,1.21,3,6,10,Yes,white,Yes,3,10,960.8205,1
360,688229,1443,6,1,500,20.9,8.4,17,5.5,93.4,1.34,6,4,5,Yes,white,Yes,2,3,828.7705,1
369,855155,1432,3,2,800,9.2,9.4,60,2.6,93.7,0.62,6,3,6,Yes,red,Yes,1,7,1216.3705,1
371,709740,1441,3,6,619,32.1,8.5,60,6.5,94.1,1.08,7,9,6,Yes,white,Yes,1,40,545.6705,0
373,884324,2042,5,5,746,20,6.6,5,19.7,95.7,2.14,3,10,8,Yes,blue,Yes,2,6,1289.5205,0
378,801742,2057,2,4,752,17.1,8.2,8,14.5,92.7,1.38,6,10,2,Yes,red,Yes,3,-4,43.1205,0
382,1154636,2930,3,5,1374,32.4,8.2,1,12.9,95.8,1.6,8,7,5,Yes,blue,Yes,1,17,862.9705,1
383,612529,2278,1,1,1108,24.5,6.7,1,11.2,88.7,1.76,4,7,4,Yes,yellow,Yes,3,48,474.4205,1
386,1173999,3232,3,3,1576,17.1,9.2,39,5.6,89.5,1.34,5,10,6,Yes,yellow,Yes,2,6,976.9705,0
388,789759,1344,3,6,200,24.6,8.8,4,2,97,0.96,10,2,2,Yes,white,Yes,3,59,1528.9205,0
390,802465,1592,3,4,372,25.2,7.5,47,17.6,93.9,1.28,4,3,7,Yes,blue,Yes,3,42,573.2205,0
391,787605,1662,5,1,340,23.7,9.2,26,7.2,89.3,1.61,1,6,4,Yes,green,Yes,2,24,548.5205,0
393,639710,1103,3,4,586,27.6,6.1,12,3.5,86.7,1.46,5,6,9,Yes,yellow,Yes,2,12,934.2205,0
403,876549,1707,5,3,422,6.9,9.1,7,4.4,93,1.02,1,6,2,Yes,red,Yes,2,-4,387.0205,0
404,1131253,2609,6,4,828,18.4,9.4,8,3.6,94.2,1.82,1,6,8,Yes,blue,Yes,2,38,85.8705,0
407,933834,1692,4,6,771,12.1,9.6,9,18.8,92,1.51,5,7,9,Yes,green,Yes,2,47,420.2705,1
408,625299,700,4,4,523,20,7.3,14,4,95.3,1.61,3,10,4,Yes,red,Yes,1,2,455.4205,0
409,901328,3231,3,3,1582,14.7,5.3,12,6.6,95.3,0.81,6,3,7,Yes,blue,Yes,2,-2,579.8705,0
414,734980,2075,3,7,674,31.2,6.9,41,1.2,93.1,1.78,9,2,5,Yes,white,Yes,2,14,155.2205,0
419,936846,2257,3,2,769,51.8,9,23,2.6,97.5,1.12,1,10,7,Yes,yellow,Yes,2,43,1293.3205,1
425,558221,975,5,2,329,42.3,7.4,50,2.1,95.7,1.48,5,7,2,Yes,red,Yes,1,52,1407.3205,1
427,789607,2278,5,7,982,56.1,9.7,46,3.6,92.3,1.24,10,8,3,Yes,green,Yes,3,-2,363.2705,0
431,703428,1283,3,5,1302,63.8,8.4,34,0.9,96.1,1.25,4,6,1,Yes,white,Yes,2,-5,1455.7705,1
436,998020,2101,6,3,556,51.7,8.2,8,5.6,86.6,1.43,7,9,9,Yes,green,Yes,1,38,462.0705,1
438,366881,1035,4,4,362,23,6.3,37,0.5,90.5,1.65,3,5,9,Yes,blue,Yes,2,6,918.0705,0
448,835544,2707,4,3,831,22.9,7.3,63,5.1,94.6,2.01,6,9,9,Yes,red,Yes,1,58,346.1705,1
449,590009,1004,5,2,615,9.2,7.8,0,19.8,90.1,1.54,4,4,4,Yes,white,Yes,3,21,1014.0205,0
455,777807,2168,5,3,935,14,9.1,72,3.4,93.9,1.98,8,5,1,Yes,yellow,Yes,2,57,1189.7705,0
456,962191,2431,4,7,947,36,8.9,2,4.1,93.4,1.58,1,1,3,Yes,white,Yes,1,41,1086.2205,1
460,1189607,3694,5,3,1392,64.2,7.2,0,4.6,96.6,1.59,2,4,7,Yes,green,Yes,2,51,14.6205,0
465,1135238,2906,1,5,1052,42.7,9.6,9,2.5,91.4,1.3,8,7,3,Yes,yellow,Yes,2,32,44.0705,1
472,371454,1800,1,6,538,52.7,5.1,97,33.5,95.1,1.64,3,5,3,Yes,green,Yes,3,37,1287.6205,1
475,917831,2105,3,5,1106,23,9,26,7.3,95.3,1.37,2,8,7,Yes,green,Yes,1,5,1226.8205,1
484,785616,2065,5,4,1711,48.7,7.8,6,10.1,90.3,1.24,3,4,7,Yes,white,Yes,2,25,210.3205,1
488,991302,1826,3,3,1002,8.4,8.6,1,0.5,86.9,1.24,5,3,4,Yes,red,Yes,2,39,325.2705,0
490,592061,1568,2,4,438,31.6,7.2,83,2.6,92.5,1.84,10,5,5,Yes,blue,Yes,3,33,1514.6705,0
498,788187,1176,2,1,871,20.7,8.2,1,6.4,96.5,1.45,9,10,10,Yes,red,Yes,1,46,938.9705,0
15,802199,2129,4,1,1032,17.9,6.5,6,3.6,94.9,1.2,2,5,1,Yes,blue,Yes,3,9,1404.4705,1
17,1204355,3859,1,4,1110,15.9,9.4,63,3.9,96.5,0.98,9,2,3,Yes,white,Yes,3,40,474.4205,0
26,801148,1875,6,6,219,33.8,7.8,1,12.8,95,1.48,6,3,8,Yes,white,Yes,2,3,909.5205,0
30,721507,1466,4,3,706,14.7,9.6,35,3.5,97.9,1.72,4,9,7,Yes,white,Yes,3,12,425.0205,0
31,646206,1016,5,6,200,50.3,8.9,36,21.7,87.8,1.07,1,5,2,Yes,yellow,Yes,2,56,403.1705,0
34,688532,1318,5,5,1072,45.6,7.7,15,4.4,94.9,1.95,1,2,9,Yes,red,Yes,2,18,1122.3205,1
35,721785,1092,5,1,200,53.7,8.8,6,7.6,92,2.05,2,6,2,Yes,blue,Yes,1,3,871.5205,0
36,948188,1844,4,4,1073,19,9.1,26,0.5,90.7,1.16,4,6,1,Yes,blue,Yes,1,18,182.7705,1
40,955632,2396,5,6,844,18.3,8.8,50,4.4,90.3,1.32,4,9,2,Yes,blue,Yes,1,24,1444.3705,0
49,716012,1124,1,3,757,12.7,9.6,10,6.6,93.2,1.83,2,5,5,Yes,red,Yes,1,-1,426.9205,0
63,653487,1584,4,2,752,23.5,8.1,28,10.2,94.4,0.67,10,5,5,Yes,yellow,Yes,2,0,1111.8705,1
72,439728,1062,3,6,555,52.6,8.5,4,25,93.2,2.35,4,9,9,Yes,green,Yes,2,-5,728.0705,1
73,860355,1920,3,2,1051,18.5,8.2,21,1.3,96.4,1.17,9,10,2,Yes,yellow,Yes,2,51,230.2705,0
75,1199469,3272,2,2,1252,13.2,7.4,21,8,98.4,1.35,7,8,10,Yes,blue,Yes,1,61,476.3205,1
77,819633,1151,4,2,200,12.5,9.1,2,0.5,99,1.27,2,4,1,Yes,blue,Yes,1,29,991.2205,0
82,785008,2013,4,5,680,6.6,8.6,28,18.9,95.1,0.5,8,3,2,Yes,white,Yes,2,-3,1210.6705,1
87,732911,1615,1,1,200,51.7,9.6,25,12,88.5,1.75,1,8,3,Yes,yellow,Yes,1,10,864.8705,1
89,483631,1974,2,1,497,57.9,8,25,40,93.5,1.38,6,1,8,Yes,green,Yes,1,8,922.8205,1
91,870804,2337,5,5,533,65.6,9.7,25,0.5,88,1.7,8,1,4,Yes,green,Yes,3,56,1352.2205,0
97,663081,1206,4,2,388,38.8,9.1,4,9.7,99,1.17,7,2,2,Yes,white,Yes,1,31,1353.1705,0
108,555240,1332,2,2,376,75.2,8.9,1,9.3,89.9,1.47,5,1,6,Yes,yellow,Yes,2,-4,1081.4705,1
112,818447,1156,4,2,472,31.2,9.2,61,0.5,98.3,1.22,2,3,7,Yes,blue,Yes,1,62,1262.9205,0
115,790026,1674,2,4,259,51.7,7.2,9,0.6,94.4,0.76,1,6,6,Yes,white,Yes,2,48,422.1705,0
127,903933,2713,5,2,1108,19,6.4,17,10.7,94.3,2,9,9,9,Yes,green,Yes,2,-2,1289.5205,1
131,863784,2001,4,2,537,34.8,8,4,3.4,91.3,1.15,8,7,7,Yes,yellow,Yes,2,21,876.2705,1
138,787720,1474,3,2,787,41.6,9.1,52,7.5,93,1.1,3,8,6,Yes,white,Yes,2,51,692.9205,1
139,979659,1828,6,5,747,21.6,9.1,16,6.3,96.1,1,6,7,5,Yes,red,Yes,2,8,197.0205,0
143,673737,1790,1,4,200,7,9,44,12.1,97,0.88,7,2,10,Yes,blue,Yes,2,25,66.8705,0
144,824314,2286,2,2,909,27.3,5.1,7,8.5,93.2,1.17,10,3,1,Yes,blue,Yes,2,54,1427.2705,1
145,883547,2213,2,5,590,30.5,7.9,6,4.4,93.2,1.17,3,2,4,Yes,white,Yes,2,59,272.0705,1
146,635356,1667,4,2,240,15.8,8.9,13,29.3,99,1.87,6,9,2,Yes,green,Yes,1,4,553.2705,1
147,726004,1841,6,3,201,41.8,8,20,0.9,99,0.7,1,3,3,Yes,green,Yes,3,54,1424.4205,1
152,829855,1321,3,2,427,41.9,5.8,4,0.5,94.7,1.05,6,7,1,Yes,red,Yes,1,35,15.5705,0
160,727412,1041,5,1,501,23.7,6.9,9,0.5,90.4,1.83,9,5,8,Yes,white,Yes,2,41,296.7705,0
161,837433,1893,6,3,369,9.9,9,0,3,90.8,1.5,4,7,6,Yes,red,Yes,2,6,323.3705,1
162,787384,2442,4,3,676,5.9,6.3,14,13.1,91.2,1.53,7,10,1,Yes,red,Yes,2,33,86.8205,0
165,1080288,3129,3,7,1288,18.6,9.3,2,4.6,92.9,1.38,3,1,9,Yes,yellow,Yes,3,6,301.5205,0
173,760587,1575,1,2,200,39.8,8.6,10,11.4,89,1.26,5,1,4,Yes,red,Yes,1,53,1373.1205,1
176,827300,1642,4,5,796,30.9,9,5,0.5,93.1,1.67,10,4,4,Yes,red,Yes,1,7,1461.4705,1
178,725311,1178,5,2,590,18.6,8.6,12,3.5,88.8,1.54,2,1,5,Yes,green,Yes,3,-5,775.5705,1
180,827333,2446,4,4,1311,35.5,7,54,4.7,93.9,1.44,2,10,3,Yes,blue,Yes,2,9,330.9705,0
182,708213,1617,4,3,200,21,8.3,1,26.1,92.5,1.16,8,5,9,Yes,green,Yes,1,42,1295.2205,0
189,769814,1786,5,6,717,8.7,6.8,41,18.4,91.6,1.3,2,5,2,Yes,red,Yes,3,34,1283.8205,1
190,987549,2816,1,7,985,28.3,5.3,49,1.4,96,1.13,2,5,8,Yes,blue,Yes,2,17,1336.0705,1
199,707853,1621,5,7,1157,11.3,9.1,22,23.8,91.1,1.69,9,10,8,Yes,red,Yes,2,26,583.6705,0
200,700637,1588,2,1,987,46.1,7.4,43,5.7,96.6,1.22,1,4,3,Yes,white,Yes,1,30,1049.1705,0
201,806065,1484,5,2,855,15,8.5,0,1.6,91,1.86,5,1,3,Yes,white,Yes,2,9,333.8205,1
208,505416,1883,4,4,818,52.1,5.9,90,5.7,97.6,1.43,7,2,6,Yes,white,Yes,3,61,209.3705,1
210,757895,1429,2,4,473,36,8.2,52,11.4,92,1.12,2,8,6,Yes,blue,Yes,2,24,300.5705,0
218,622589,1184,4,6,244,27.3,5.7,34,0.5,98.1,1.07,6,6,5,Yes,yellow,Yes,2,41,41.2205,1
219,539544,1640,2,3,648,19,7.3,11,10.9,89.7,1.45,10,4,7,Yes,yellow,Yes,1,2,460.1705,0
226,707882,1605,2,5,535,16.5,7.8,36,23.2,88.6,1.18,10,9,4,Yes,blue,Yes,3,18,1527.0205,0
236,957275,2527,5,3,952,1.8,7.9,12,15.3,90.7,1.07,1,3,10,Yes,green,Yes,3,52,463.9705,0
238,750959,1833,5,4,698,25.7,8.8,3,8.7,92.7,1.77,10,9,1,Yes,yellow,Yes,1,18,1332.2705,0
240,866757,2042,2,1,1649,10.8,8.4,16,1.9,89.7,1.58,5,8,1,Yes,yellow,Yes,2,55,459.2205,0
241,948438,1669,1,4,729,35.3,9.3,5,3.9,90.7,1.68,10,7,4,Yes,red,Yes,2,18,913.3205,1
242,690068,1296,1,3,800,10.4,6.9,17,8.2,93.7,1.21,8,10,10,Yes,green,Yes,2,12,1533.6705,1
246,870843,2143,4,3,364,29.8,8.4,13,5.1,92.5,1.55,5,10,8,Yes,green,Yes,1,1,683.4205,0
248,741484,2254,1,5,325,23.9,9.1,5,31.3,87,1.36,2,3,10,Yes,green,Yes,2,30,494.3705,0
249,620742,995,3,3,287,12.3,6.1,25,1.3,88.8,1.47,9,9,1,Yes,white,Yes,2,32,494.3705,0
252,820989,1588,5,5,673,9.4,9.3,6,8.2,88.8,1.54,9,4,4,Yes,green,Yes,3,44,473.4705,0
253,1194478,4500,5,2,1743,38.6,8.9,7,16.8,91,1.52,5,5,2,Yes,white,Yes,2,32,1072.9205,1
254,766857,2001,3,7,801,54.2,7,15,4.2,93.6,0.99,4,10,5,Yes,red,Yes,3,56,1375.0205,0
258,713749,1124,3,3,767,35.1,9.4,31,5.5,89.7,1.53,10,9,2,Yes,red,Yes,2,8,140.0205,1
265,680238,1459,1,6,618,54.3,9.4,20,9.7,96,1.27,9,7,8,Yes,red,Yes,1,0,1273.3705,1
268,822443,2527,2,4,1382,35.2,9.6,46,3.7,97.8,1.96,2,5,8,Yes,white,Yes,3,60,620.7205,1
270,672198,2140,5,5,430,25.4,6.1,10,12.3,92.3,2.08,7,6,4,Yes,green,Yes,1,58,189.4205,0
274,730452,1233,2,3,752,1.6,9,20,5,92.9,1.55,3,10,8,Yes,blue,Yes,2,7,1194.5205,1
277,937248,2475,1,6,407,42.2,7.8,14,1.9,92.3,1.75,8,1,7,Yes,blue,Yes,2,51,489.6205,1
284,933290,2571,5,5,1151,2.5,9.2,5,18.2,91.8,1.57,10,5,10,Yes,red,Yes,2,59,338.5705,1
289,980423,2989,4,5,1641,21.7,6.7,26,5.1,92.9,1.55,1,8,6,Yes,yellow,Yes,1,49,163.7705,0
290,816073,1612,4,2,761,8.7,9.6,0,8.8,97,1.23,10,2,6,Yes,blue,Yes,1,63,844.9205,1
296,933809,2283,6,4,835,7.3,8.2,4,12.9,83.5,1.1,5,8,10,Yes,red,Yes,2,38,1415.8705,0
300,780736,1466,3,6,573,16.7,7.4,24,1.9,89.6,1.3,8,2,9,Yes,red,Yes,2,27,1238.2205,0
304,1062476,2671,5,5,837,22.2,8.7,23,12.9,90,2.19,5,2,8,Yes,blue,Yes,3,54,241.6705,0
310,762929,1818,2,4,480,25.7,7.4,9,9.3,98,1.43,10,4,3,Yes,red,Yes,3,30,216.9705,1
312,787239,2751,5,4,894,21.5,6.7,84,0.5,94.6,1.1,9,7,5,Yes,red,Yes,2,22,1203.0705,1
317,1179022,4061,4,5,1950,22.5,6.9,8,4.3,94.5,1.57,9,8,10,Yes,green,Yes,2,45,1428.2205,1
318,792923,1496,2,1,437,29.7,8.6,37,0.5,97,1.49,3,8,2,Yes,yellow,Yes,2,24,848.7205,1
329,1105429,2930,5,2,1039,14.1,8.4,11,6.2,90.6,1.63,7,5,10,Yes,red,Yes,2,52,28.8705,1
337,861968,2292,1,4,263,35.7,9.1,15,6.8,87.7,0.8,7,5,6,Yes,red,Yes,3,-4,335.7205,0
339,696727,1890,4,5,535,28.5,8.4,62,5.8,87.5,1.2,7,4,7,Yes,yellow,Yes,3,2,118.1705,1
357,908966,3815,2,3,1047,27.9,6,34,23.9,89.7,1.71,9,8,6,Yes,green,Yes,2,48,958.9205,1
366,1011807,3365,4,2,988,50.1,8.2,7,0.5,95.2,2.12,1,1,7,Yes,blue,Yes,3,58,54.5205,1
367,622024,1651,5,6,1212,22.3,7.2,75,0.5,89.3,2.2,4,2,10,Yes,green,Yes,2,10,1243.9205,0
377,954110,2040,5,3,1119,17.9,8.4,8,1.1,93.5,1.32,1,1,10,Yes,green,Yes,2,30,559.9205,1
379,885289,2472,5,4,1099,38.5,7.5,7,2.4,84.9,1.28,10,9,1,Yes,red,Yes,1,7,436.4205,1
383,677180,1503,2,2,200,22.7,7.7,2,2.5,96.3,1.2,1,6,7,Yes,green,Yes,2,60,849.6705,1
391,542151,912,2,6,200,18.2,8.9,7,8.5,87.5,1.81,5,6,6,Yes,green,Yes,2,21,343.3205,1
394,592838,1426,3,4,376,32.5,8.9,18,7.8,93.4,1.03,7,10,7,Yes,blue,Yes,3,52,898.1205,0
400,617924,1090,4,6,200,24.3,6.4,72,0.5,98.9,1.59,8,10,7,Yes,blue,Yes,3,3,1479.5205,0
402,777553,1354,3,3,738,7.2,8.4,4,1,89.9,1.26,6,3,2,Yes,white,Yes,2,26,880.0705,0
409,690514,1544,3,4,489,19.4,8.7,20,2.2,91.1,1.53,8,8,10,Yes,green,Yes,3,34,767.0205,0
422,772045,1350,3,7,362,22.2,6.3,20,5.7,95.9,1.58,3,7,5,Yes,blue,Yes,2,30,1249.6205,0
430,888572,1529,6,5,951,6.6,8.8,21,6.8,96.1,1.11,7,4,6,Yes,white,Yes,3,13,1331.3205,1
438,862947,1631,4,4,1206,29.2,9.3,11,3.6,97.6,1.8,1,9,2,Yes,yellow,Yes,2,35,1030.1705,0
442,715695,1721,4,6,467,0.3,8.9,20,10.7,93.7,1.72,4,10,2,Yes,yellow,Yes,1,13,602.6705,0
449,616418,818,4,5,614,15,8,32,0.7,98.8,1.67,1,3,8,Yes,red,Yes,1,44,941.8205,1
451,729990,1636,3,4,1216,39.3,7.5,59,7.3,98.5,1.89,2,3,8,Yes,blue,Yes,1,49,370.8705,0
457,625983,1190,6,6,401,4,7.9,19,6.9,95.2,2,10,6,2,Yes,yellow,Yes,3,39,412.6705,0
458,912084,2551,6,1,835,6.7,7.8,25,23,95.4,1.5,10,5,9,Yes,yellow,Yes,3,0,1367.4205,1
465,773458,1179,3,2,461,39.5,8.8,16,0.5,87.3,1.46,5,10,7,Yes,red,Yes,3,47,753.7205,1
469,812772,2167,6,2,552,43.7,7.6,31,0.5,92.4,1.7,3,3,9,Yes,blue,Yes,2,54,894.3205,0
471,861326,1824,5,4,831,4.5,8.2,56,0.8,97.7,1.23,1,7,2,Yes,green,Yes,3,31,376.5705,0
472,709919,1612,4,3,214,56.7,7.7,9,10.9,92.4,1.29,8,9,5,Yes,blue,Yes,1,18,1017.8205,0
475,685565,949,3,3,200,13.3,9,3,7.9,94.8,1.43,10,8,4,Yes,red,Yes,1,33,635.9205,0
477,1006166,2588,4,3,912,17.5,8.1,5,3.9,91.2,1.01,9,10,3,Yes,green,Yes,2,23,249.2705,0
484,821007,1602,2,7,391,8.3,6.9,15,9.9,95,1.08,4,1,6,Yes,red,Yes,2,45,224.5705,1
491,871025,1869,3,6,270,16.2,8.2,20,6.2,92.8,1.67,1,3,6,Yes,yellow,Yes,3,45,641.6205,1
495,499589,1257,6,3,200,40.3,8.4,55,3,97.9,1.24,3,10,4,Yes,red,Yes,1,36,1072.9205,1
497,1041739,2552,5,7,1574,27.7,7.6,4,0.8,91.5,1.34,7,2,4,Yes,red,Yes,3,59,700.5205,1
1,1000298,2766,1,6,938,24.7,9.2,12,4.2,96.5,1.41,6,7,9,Yes,white,Yes,2,44,1299.0205,0
6,633408,1645,4,6,552,12,7.3,31,30.9,97.2,1.85,6,5,1,Yes,green,Yes,2,56,628.3205,1
9,716501,1173,5,6,546,30.6,9.4,6,2.7,91.7,1.85,6,5,5,Yes,white,Yes,2,49,543.7705,0
12,882180,2451,3,5,1448,20.3,5.6,9,4.8,96.5,1.41,5,8,10,Yes,white,Yes,3,20,242.6205,0
14,762938,1617,2,6,200,25,9.3,50,3.4,97.6,2.12,6,3,1,Yes,white,Yes,2,61,50.7205,0
19,522193,700,2,3,489,7.9,7,51,2.7,90.8,1.46,5,5,3,Yes,red,Yes,2,18,635.9205,1
21,713001,1593,1,2,560,11.6,8.3,7,0.5,94.3,1.51,1,2,6,Yes,white,Yes,1,11,711.9205,1
25,829696,2664,5,4,796,23.2,5.7,3,2.1,92.1,1.69,7,10,2,Yes,white,Yes,3,15,1215.4205,1
31,802619,2204,3,6,1247,76.6,7.9,17,1.6,94.7,0.81,3,10,9,Yes,yellow,Yes,3,52,1335.1205,1
34,869609,2793,4,3,461,34.8,6.1,4,30,96.3,1.37,3,9,6,Yes,yellow,Yes,2,60,1236.3205,1
41,780996,1985,2,1,428,8.8,7.2,17,7,85.7,1.34,9,10,1,Yes,blue,Yes,1,61,867.7205,1
45,714434,1853,2,2,374,49.9,6.5,16,4.4,90.1,1.49,7,6,3,Yes,white,Yes,1,58,1128.9705,0
49,686746,2064,5,7,413,22.9,7.9,46,20.7,96.3,1.18,9,10,7,Yes,green,Yes,2,1,467.7705,1
51,698859,1790,5,1,200,38,6.5,71,0.5,98,1.81,9,4,9,Yes,white,Yes,2,21,412.6705,0
71,807203,1718,2,5,200,40,7.9,7,9,94.5,1.86,7,3,5,Yes,red,Yes,1,31,1397.8205,1
74,714620,1527,2,6,765,27.3,7.9,21,12.6,91.7,1.22,8,4,3,Yes,yellow,Yes,1,13,1446.2705,0
78,731905,1265,4,7,538,48.6,9.2,1,13.7,99,0.67,5,6,3,Yes,yellow,Yes,2,40,240.7205,1
86,707919,1866,5,4,1032,35.2,6.6,1,9.1,89.4,1.26,10,2,8,Yes,red,Yes,2,37,1304.7205,1
95,621164,945,4,5,394,22.4,9.2,42,6.9,89.9,1.33,5,4,1,Yes,green,Yes,2,51,1425.3705,1
102,786894,1837,6,3,372,31.7,8,14,1.5,99,0.82,7,10,10,Yes,green,Yes,2,37,466.8205,1
107,753956,1356,5,5,560,25.3,8.3,13,5.3,97.8,1.54,2,9,6,Yes,blue,Yes,1,54,1044.4205,0
112,838110,2521,5,6,881,20.2,5.7,4,8,90.9,1.69,1,7,4,Yes,red,Yes,2,39,236.9205,0
117,1064607,2636,1,3,787,10.4,8.1,3,6.8,98.6,1.6,2,6,10,Yes,yellow,Yes,1,40,1071.0205,0
122,841557,1926,2,5,413,7.6,9.7,30,7.3,95.7,1.27,10,4,6,Yes,yellow,Yes,2,14,1394.0205,0
128,1219314,2996,2,4,1254,35,8.7,14,5,95.5,1.15,9,5,10,Yes,green,Yes,2,7,1442.4705,1
137,873357,2058,2,6,1424,7.5,7.7,36,4.5,92.6,1.79,4,3,7,Yes,yellow,Yes,2,58,927.5705,0
140,888675,1774,4,4,212,19.7,9.2,23,3,91.6,1.47,9,4,9,Yes,white,Yes,2,39,495.3205,1
149,938466,2651,4,5,200,25.3,6.2,5,1.9,99,1.36,3,6,10,Yes,green,Yes,2,6,432.6205,1
150,720639,1931,3,4,758,32.1,9.4,32,6.3,94,1,5,4,8,Yes,red,Yes,2,9,686.2705,0
153,796838,1385,5,2,661,23.1,8.5,2,2,97.4,1.59,9,8,1,Yes,yellow,Yes,2,-4,765.1205,1
156,1079140,3400,5,4,1207,37.2,8.2,22,30.7,94.1,1.29,7,9,6,Yes,blue,Yes,3,13,941.8205,1
163,1008822,2436,3,2,928,10.7,8.1,25,9.1,86.8,0.74,7,6,4,Yes,white,Yes,2,-1,1394.9705,0
164,596168,700,5,2,286,11,9.1,2,2.5,91,1.56,5,10,5,Yes,yellow,Yes,3,16,968.4205,0
166,394746,1303,6,6,771,12.7,7.6,6,25.1,92.3,0.96,10,5,1,Yes,red,Yes,2,28,613.1205,0
174,649731,1880,6,1,200,25.9,7.9,15,38.7,96.3,1.59,6,1,3,Yes,yellow,Yes,2,59,1378.8205,0
187,726927,1503,1,3,309,10.2,8.6,67,1.2,91.4,1.03,4,2,7,Yes,white,Yes,3,52,1309.4705,0
188,708471,1302,5,6,559,53.4,8.7,7,16.6,85.2,1.68,1,7,4,Yes,white,Yes,1,51,1352.2205,0
190,590598,1411,4,4,314,40.5,7.3,26,2.9,90.6,1.63,7,9,10,Yes,green,Yes,3,60,522.8705,0
200,792308,1349,3,3,200,16.7,8.4,6,1.2,96.2,1.26,1,4,6,Yes,yellow,Yes,2,-3,251.1705,1
206,595671,1198,2,6,906,49.1,7.8,0,0.6,86.9,1.74,7,1,1,Yes,red,Yes,1,35,1276.2205,1
208,716939,1821,1,5,408,35,7,11,15.7,95.7,1.95,10,8,8,Yes,white,Yes,3,26,1545.0705,0
212,985673,2968,2,4,1229,27.2,9.2,31,11.1,94.1,0.83,1,1,4,Yes,blue,Yes,1,30,1272.4205,0
226,868938,2737,1,4,661,70.9,9.1,20,6.8,94.8,1.5,9,3,6,Yes,blue,Yes,2,42,674.8705,0
230,1056654,3361,2,1,998,49.8,8.2,22,12.9,92.3,1.24,3,7,6,Yes,blue,Yes,1,16,174.2205,1
231,1057191,3242,4,6,200,33.5,7,0,2.6,89.7,1.32,10,2,1,Yes,blue,Yes,3,30,1140.3705,1
240,404576,1256,5,6,200,39.6,5,4,1.3,86.2,1.16,6,9,6,Yes,red,Yes,3,22,1267.6705,0
244,611327,1068,2,3,475,53.6,8.7,48,19.2,93.8,1.26,8,2,6,Yes,red,Yes,2,45,25.0705,0
254,851241,2046,5,1,844,39.1,7.1,4,8.2,90.1,1.4,8,7,10,Yes,red,Yes,2,20,950.3705,1
258,890155,2138,4,2,1094,59.6,8.7,12,0.5,95.5,1.29,6,10,8,Yes,red,Yes,3,48,1184.0705,0
262,708344,1681,2,3,484,43.4,8.3,28,8.2,99,1.11,7,6,10,Yes,blue,Yes,3,19,888.6205,0
263,870182,1997,3,4,1185,16.2,9.4,40,1,91.8,1.41,8,8,3,Yes,blue,Yes,2,53,990.2705,1
264,1105678,3226,1,6,1005,47.2,8.8,25,9.7,94.1,1.1,8,5,6,Yes,green,Yes,1,52,328.1205,1
266,866850,2080,5,4,880,6.6,8.8,8,13.8,94.2,1.27,1,10,4,Yes,green,Yes,2,-2,1280.9705,0
270,711353,1444,5,2,434,20.7,7.7,41,27.5,96,1.67,5,4,1,Yes,yellow,Yes,2,31,1425.3705,0
271,624757,1780,3,2,200,66.7,8.9,4,20.3,91,1.86,8,10,7,Yes,green,Yes,3,61,212.2205,0
274,756206,1196,4,7,624,6.4,9.4,50,20.3,90.6,1.23,8,9,5,Yes,green,Yes,2,43,218.8705,1
277,889094,2443,4,3,1454,13.1,5.3,92,2.5,90.7,1.18,1,6,6,Yes,white,Yes,1,-5,10.8205,0
283,826527,1837,1,2,501,34.3,8.6,14,1.1,91,1.46,5,9,2,Yes,white,Yes,2,53,1390.2205,1
286,486004,1553,5,2,443,32.4,5.7,30,7,96.1,1.63,6,7,7,Yes,red,Yes,2,-2,698.6205,0
298,1169287,3121,5,4,1173,27.1,9.8,0,7,93.8,1.95,6,5,5,Yes,green,Yes,2,14,541.8705,1
306,579010,1722,2,5,959,7.6,6.5,66,14.6,84.4,1.7,2,3,2,Yes,blue,Yes,2,35,24.1205,1
308,766664,2296,1,1,591,14,8.3,22,18.5,93.1,1.37,1,4,2,Yes,green,Yes,2,51,723.3205,0
314,643443,861,4,1,200,29.3,9,8,1.2,93,1.51,7,10,8,Yes,green,Yes,1,-1,118.1705,1
315,761858,1094,1,5,472,33.7,7.5,21,14.6,89.8,1.58,7,7,9,Yes,blue,Yes,2,-4,1518.4705,1
329,747468,1694,3,6,1267,14.2,7.3,51,12.3,97.6,1.13,2,9,6,Yes,white,Yes,2,53,429.7705,1
332,652926,1384,6,4,986,21,4.7,6,6.4,97.9,1.29,5,2,6,Yes,red,Yes,2,51,1308.5205,1
335,792675,2060,6,2,575,30.1,8.6,14,3.4,90.9,2.33,10,5,9,Yes,white,Yes,2,56,1345.5705,1
347,714241,1859,3,6,433,9.3,8.7,9,15.4,98.9,1.6,5,2,10,Yes,red,Yes,3,35,1517.5205,1
349,1340798,4363,3,6,1912,29.6,9.2,3,3.9,91.4,1.44,3,9,4,Yes,red,Yes,1,48,374.6705,1
356,1082711,3256,4,3,1253,34.8,8.5,9,7.1,92.4,1.15,5,7,10,Yes,red,Yes,2,29,681.5205,0
357,901390,1898,4,4,466,21.1,7.8,8,11.9,90,1.32,9,4,2,Yes,blue,Yes,3,57,421.2205,0
359,529401,1450,4,6,1174,27.8,9.5,55,38.3,99,1.29,3,2,8,Yes,blue,Yes,3,37,1276.2205,0
360,959575,2465,5,6,860,24.8,8.5,8,2.1,93.5,0.81,1,9,5,Yes,blue,Yes,3,52,676.7705,1
366,846176,2582,3,5,678,5.7,6.7,43,9.3,95.7,1.18,8,1,6,Yes,blue,Yes,2,39,1059.6205,1
368,688868,1358,2,4,507,18.3,8,2,8.7,93.7,1.74,3,8,3,Yes,yellow,Yes,2,37,871.5205,1
372,1059319,2273,6,1,940,30,7.6,12,1.6,92.3,1.36,2,10,9,Yes,yellow,Yes,1,50,554.2205,1
375,703226,1123,5,6,728,18.3,8.9,3,3.7,91.8,0.99,1,1,4,Yes,red,Yes,2,4,456.3705,1
376,648141,1314,2,6,200,26.8,8.6,84,5.5,91,1.98,2,4,3,Yes,green,Yes,2,12,950.3705,0
383,782221,1395,1,5,240,41.8,8.9,4,7.6,93.6,1.32,4,2,2,Yes,blue,Yes,2,56,1348.4205,0
385,795177,1917,1,6,499,4.6,7.7,14,1.1,89.7,1.68,10,2,2,Yes,green,Yes,1,5,1102.3705,1
386,665490,1353,4,2,635,20.8,8.2,55,5.7,94.1,1.85,1,10,1,Yes,green,Yes,2,5,1452.9205,0
390,810816,1740,2,7,1194,45.4,9.8,16,14.7,90.2,1.42,1,3,9,Yes,white,Yes,1,1,1513.7205,0
394,890173,2107,2,4,287,15.9,8.9,5,2.9,88.7,1.44,2,5,1,Yes,red,Yes,1,43,289.1705,0
395,727762,1405,3,4,219,20.5,9.1,46,11.2,97.1,1.21,10,1,8,Yes,red,Yes,3,55,266.3705,0
400,652076,1074,5,4,200,7.9,8.4,57,1.9,96.7,1.73,7,10,4,Yes,yellow,Yes,1,6,1139.4205,1
413,817316,1416,1,2,200,24.6,9.2,48,4.3,95.1,1.63,1,3,9,Yes,yellow,Yes,2,9,1233.4705,0
416,814794,1148,4,2,581,5.5,9.2,31,11.1,93.7,1.39,4,8,8,Yes,green,Yes,3,20,791.7205,0
419,1215571,3322,5,5,957,14.6,9.2,21,1.6,89.1,1.53,10,5,7,Yes,red,Yes,2,37,971.2705,0
420,686465,1780,3,2,396,32.2,7.4,7,3.9,99,1.94,6,7,6,Yes,red,Yes,2,36,59.2705,1
422,724987,1443,2,2,312,39.1,9.6,7,2.2,89.4,1.85,5,10,7,Yes,white,Yes,2,52,1504.2205,1
424,768461,1400,2,5,906,53,9.4,6,9.1,98.1,1.92,9,1,10,Yes,red,Yes,3,48,809.7705,1
426,736958,1133,5,4,223,36.3,7.6,15,2.2,95.5,1.17,9,1,3,Yes,green,Yes,3,-2,956.0705,1
427,745527,1813,6,7,298,40.5,9.5,65,0.5,99,1.58,1,2,1,Yes,yellow,Yes,2,3,1241.0705,0
436,944407,2130,2,4,1131,28.9,9,12,4.1,99,0.86,8,5,4,Yes,green,Yes,1,48,1166.0205,0
445,552830,961,4,4,528,48.5,8.5,19,5.7,92,1.54,2,5,10,Yes,red,Yes,2,51,341.4205,1
448,952269,2465,3,4,1019,11.7,9.1,2,3.2,90.1,1.61,3,3,9,Yes,blue,Yes,2,62,975.0705,1
452,811843,2712,2,2,956,26,6.1,5,2.4,92.2,1.04,10,4,9,Yes,green,Yes,2,3,1134.6705,0
460,856029,1862,4,3,418,43.2,7.5,11,0.6,93.8,1.44,3,9,1,Yes,red,Yes,2,40,801.2205,1
464,644393,1597,2,6,612,23.6,5.8,5,1.1,89.5,1.52,3,4,9,Yes,blue,Yes,2,5,709.0705,1
465,825370,1927,5,3,518,33.8,7.7,57,2.1,99,1.06,4,9,6,Yes,green,Yes,2,-2,115.3205,0
466,963141,2173,4,2,1187,11.6,9.7,21,2.1,85,0.92,7,8,3,Yes,white,Yes,2,7,345.2205,0
468,762991,1752,2,2,1001,43.4,7.8,7,14.4,92.4,1.36,1,9,5,Yes,blue,Yes,2,35,1362.6705,0
475,1103025,2886,1,5,1033,27.8,8.8,27,4.7,92.1,1.83,8,2,8,Yes,green,Yes,2,3,41.2205,0
478,821856,2556,3,6,909,22.3,8.2,3,30.4,90.2,1.81,5,2,4,Yes,yellow,Yes,2,40,622.6205,0
485,737006,1160,1,6,200,16.2,8.9,27,4.2,86.6,1.43,7,2,10,Yes,white,Yes,2,52,596.0205,1
488,1136143,3742,5,4,882,28.8,5.6,15,2.8,96.8,1.4,9,7,10,Yes,blue,Yes,3,-4,1203.0705,1
489,974589,1786,6,4,721,19.8,7.5,24,1.5,92.8,1.04,5,7,3,Yes,red,Yes,2,33,375.6205,1
498,750076,1497,6,2,425,10.1,9,6,11.9,93.9,1.42,10,4,6,Yes,blue,Yes,2,57,921.8705,0
7,918171,3160,1,1,937,26.3,5.6,4,14,90.8,1.7,3,2,4,Yes,blue,Yes,2,7,426.9205,0
8,1064642,2891,3,7,1294,43,8.4,1,4.3,89.8,2.08,10,10,3,Yes,green,Yes,3,35,890.5205,0
13,834913,2443,2,5,421,41.5,6.7,2,2.7,94.3,1.28,1,8,7,Yes,blue,Yes,3,45,896.2205,0
18,736592,1335,4,3,200,21.6,7.9,53,3.4,93.4,1.74,7,8,8,Yes,green,Yes,2,41,1397.8205,1
19,926355,2828,6,5,1236,8.8,8.2,45,11.7,97.6,1.51,6,9,9,Yes,blue,Yes,3,-1,1358.8705,0
22,784981,1019,2,2,1223,28.1,8.6,20,2.6,97.5,1.59,6,5,2,Yes,blue,Yes,2,36,1174.5705,1
24,857880,1821,5,1,552,16,7.6,9,3.1,93.2,1.23,10,9,8,Yes,white,Yes,1,23,650.1705,0
25,838191,2680,5,3,653,42.6,9.4,54,12.5,92.4,1.53,8,8,2,Yes,green,Yes,1,-3,1434.8705,1
26,736132,2070,3,5,383,25.4,8.2,33,17.8,95.4,1.15,5,4,9,Yes,yellow,Yes,1,26,1200.2205,1
30,683194,2015,3,1,1218,27.7,8.3,28,20.1,89.8,1.15,7,3,3,Yes,red,Yes,2,39,494.3705,0
36,934722,2763,1,2,1360,17.7,8,20,8.6,91.3,1.54,1,10,8,Yes,blue,Yes,1,27,878.1705,0
39,576887,809,4,3,200,10.9,8.8,0,19.4,92.1,1.96,3,5,2,Yes,red,Yes,2,22,961.7705,0
40,588381,1369,5,7,446,41.5,6.8,7,17.3,90.4,1.39,1,6,7,Yes,red,Yes,2,18,281.5705,1
53,955787,2599,3,5,368,22.4,8.7,20,0.5,89.2,1.84,3,10,3,Yes,yellow,Yes,2,32,913.3205,0
54,876135,2017,3,3,538,53,8,39,3.1,93.2,0.5,1,3,1,Yes,blue,Yes,2,54,243.5705,0
64,859335,1875,3,1,200,33.6,8.8,3,0.7,94.1,1,1,2,10,Yes,red,Yes,2,28,498.1705,0
70,560888,869,5,1,509,45.1,9.6,29,15.3,98,2.09,9,2,4,Yes,yellow,Yes,2,14,794.5705,1
71,1016939,2745,3,6,631,58.7,9.6,12,0.9,85.7,0.5,2,2,9,Yes,yellow,Yes,2,4,1066.2705,0
75,1020863,2326,3,5,863,8,8.9,7,2.4,90.3,1.53,8,6,1,Yes,yellow,Yes,2,47,907.6205,1
76,736495,2792,5,7,1251,56.2,7.6,24,40,89.7,1.15,8,2,4,Yes,white,Yes,2,33,698.6205,0
82,1070904,2782,5,7,635,58.7,8.9,19,7.9,97.4,2.07,9,4,6,Yes,white,Yes,1,46,1423.4705,1
85,743262,1616,1,5,280,32,8.7,4,15.5,89.3,1.46,9,10,7,Yes,green,Yes,3,11,1147.9705,1
89,640843,1834,3,6,200,6.4,8.3,11,7.9,92.8,1.41,6,7,5,Yes,white,Yes,2,47,995.0205,1
94,1116620,2731,4,5,1540,28.6,6.9,22,12,93.5,1.08,3,4,5,Yes,white,Yes,1,46,87.7705,1
97,1330080,4500,2,7,1586,15.6,6.6,16,2.5,96.5,1.23,1,1,7,Yes,green,Yes,1,11,510.5205,1
99,556629,1324,4,2,200,12.9,8.5,17,11,96.6,1.68,8,7,9,Yes,green,Yes,3,61,1110.9205,0
102,712421,1721,6,7,850,27,6.8,7,2.4,94.3,0.74,7,6,9,Yes,green,Yes,2,32,1269.5705,0
104,753811,1622,5,3,433,8.5,8.3,34,4.9,90.2,1.94,10,7,7,Yes,blue,Yes,2,56,613.1205,1
105,907473,2247,4,6,1178,5.6,9,3,26.7,91.6,1.05,7,6,7,Yes,white,Yes,1,51,323.3705,1
106,888740,1572,2,3,1328,40.7,9.8,4,2,96.2,1.59,7,8,9,Yes,green,Yes,2,42,942.7705,0
108,748598,1708,4,3,873,18.4,8.5,1,9.6,91.5,1.1,3,2,10,Yes,blue,Yes,2,12,1052.9705,1
111,714144,1278,4,4,385,17.5,8.7,10,9.3,96.6,1.43,1,1,2,Yes,blue,Yes,1,58,567.5205,1
118,758461,1584,2,7,374,27.1,7.6,10,13.7,95,1.29,4,8,7,Yes,red,Yes,3,59,877.2205,0
121,777586,1545,5,3,873,27.9,6.9,24,8.7,81,1.53,7,5,5,Yes,white,Yes,3,51,627.3705,0
129,888109,1926,2,1,1176,16.3,9,4,1.9,93.9,0.88,4,4,5,Yes,blue,Yes,1,28,53.5705,1
130,910028,2847,6,6,1508,59.1,7.2,55,11.9,91,1.64,10,7,5,Yes,blue,Yes,1,-3,1399.7205,1
137,742875,1432,5,3,305,22,7.5,13,34.1,87,1.4,1,8,1,Yes,white,Yes,2,61,211.2705,0
142,906461,2067,6,7,705,9.8,6.4,6,0.5,94.6,1.41,2,8,1,Yes,blue,Yes,3,40,304.3705,1
148,633079,712,6,6,750,51.6,8.7,20,8.1,85.7,1.29,10,9,4,Yes,blue,Yes,3,51,684.3705,0
154,758649,2268,3,4,1112,55.4,6.6,22,32.5,94.3,1.65,9,9,4,Yes,blue,Yes,2,-2,733.7705,1
155,703315,1573,4,5,974,59.3,7.7,57,6.9,90.5,1.54,5,6,3,Yes,red,Yes,3,42,486.7705,1
162,650465,1764,5,2,593,52.8,5.5,2,13,93.9,1.49,5,3,4,Yes,yellow,Yes,2,51,286.3205,0
168,906090,1730,2,6,346,28.3,9.2,57,0.5,94.4,1.43,6,4,6,Yes,white,Yes,3,47,1341.7705,1
169,897349,2632,3,4,1512,9.4,8.1,29,1.2,85.2,0.94,7,9,1,Yes,green,Yes,3,54,1432.0205,0
171,362417,1520,5,3,200,48.6,4.9,100,8,91.4,2.13,4,1,2,Yes,green,Yes,1,60,345.2205,1
175,879294,2912,5,5,1198,55.2,9.6,10,3.7,93.5,1.63,10,8,1,Yes,green,Yes,1,60,1405.4205,0
184,530123,1299,5,5,200,30,7.7,26,20.6,93.1,1.25,5,10,9,Yes,white,Yes,2,36,1107.1205,0
188,1163333,3782,2,3,1380,15.6,8,20,1.1,88.2,1.71,5,7,5,Yes,blue,Yes,2,59,1308.5205,0
189,916799,1630,5,6,568,16.2,8,25,11,99,1.34,1,4,7,Yes,blue,Yes,2,28,507.6705,1
191,996365,1902,3,4,836,1.7,9,25,18.6,94.7,1.08,1,1,4,Yes,white,Yes,3,52,868.6705,0
197,784579,2107,6,6,665,41,9.1,38,20.7,93.5,1.6,9,5,8,Yes,yellow,Yes,3,46,61.1705,1
199,1023933,3351,1,2,979,38.6,8.6,5,10.2,99,2.14,2,2,4,Yes,yellow,Yes,1,47,439.2705,1
200,803447,1073,3,2,438,23.3,9.5,5,0.5,94.7,1.66,10,10,8,Yes,yellow,Yes,2,60,1215.4205,1
202,770437,1841,3,6,804,25.4,9.2,7,8.6,92.5,1.54,4,3,8,Yes,blue,Yes,2,-3,1306.6205,1
205,724941,978,1,2,370,11.3,8.3,25,1,89.6,2,2,3,10,Yes,yellow,Yes,3,55,154.2705,1
207,788484,1986,4,5,1189,26.8,9.4,42,11.2,87.4,0.95,10,5,3,Yes,blue,Yes,2,58,1341.7705,0
211,1218684,4122,5,4,1943,4.8,7.4,29,5.3,86.9,2.25,5,3,5,Yes,blue,Yes,2,18,198.9205,0
216,933439,2193,3,6,1214,10.8,9.1,33,0.7,91,1.99,8,7,4,Yes,red,Yes,1,59,272.0705,1
222,692781,812,4,2,226,24.8,8.4,36,1.5,91.6,1.62,5,9,2,Yes,green,Yes,1,60,1314.2205,0
225,679018,1792,5,4,861,12,3.7,20,11.1,98.2,1.76,3,3,9,Yes,white,Yes,3,6,962.7205,1
228,775361,1768,4,4,611,10.4,7.3,45,13.6,93.6,1.71,4,3,5,Yes,red,Yes,1,63,707.1705,1
230,961952,2270,4,6,1009,33.1,8.1,18,3,97.1,1.72,10,2,8,Yes,blue,Yes,1,15,1147.0205,1
242,804532,1541,4,3,503,6.5,8,3,5.5,96.8,0.98,9,6,7,Yes,yellow,Yes,2,60,995.0205,1
243,801510,1335,1,3,419,47.6,8.9,1,16.1,92.9,1.91,5,5,6,Yes,yellow,Yes,1,31,39.3205,1
244,676376,1437,3,4,200,39.9,7.4,14,24.1,95.3,1.16,1,8,9,Yes,red,Yes,2,62,808.8205,0
247,808353,1727,1,3,1152,17.6,8.4,54,10.2,98.9,1.68,4,7,9,Yes,red,Yes,3,59,148.5705,0
248,760213,1809,1,2,343,44.3,9.1,14,2.9,89.5,1.17,3,2,10,Yes,red,Yes,2,9,1164.1205,0
253,989168,2606,5,3,999,57.2,6.4,40,2.8,98,1.41,1,10,8,Yes,blue,Yes,1,50,619.7705,0
256,1031814,3403,5,6,1102,34.3,5.7,19,1.7,92.1,1.22,7,6,1,Yes,blue,Yes,3,4,1396.8705,0
268,563235,1850,3,3,1034,24.8,8.8,13,26.1,86.8,2.12,9,2,4,Yes,red,Yes,3,-4,7.9705,0
272,1008891,1955,6,2,756,14.6,9.4,3,3,93.9,2.06,9,7,5,Yes,red,Yes,2,40,1192.6205,0
274,607032,1663,3,3,200,34.2,6.7,15,22.7,93.5,1.55,5,10,10,Yes,yellow,Yes,3,43,917.1205,0
287,944012,2622,3,7,679,21.1,8.7,1,7.8,94.5,1.21,4,5,5,Yes,red,Yes,3,15,254.0205,0
288,1037694,2597,3,5,728,13.9,9,25,4.1,92.6,1.32,6,1,1,Yes,blue,Yes,3,22,54.5205,1
292,667295,1438,2,6,200,23.7,7.6,5,7.6,97,1.27,5,7,8,Yes,blue,Yes,3,2,638.7705,1
294,730866,1278,3,6,808,43.6,9.3,3,1.7,90.9,1.35,7,2,3,Yes,yellow,Yes,2,2,1258.1705,1
295,849592,1879,3,6,200,13.5,8.6,84,8,93.2,0.78,3,4,8,Yes,green,Yes,2,15,989.3205,0
297,650359,1349,2,5,412,36.4,8,32,8.3,91,1.32,1,7,5,Yes,red,Yes,3,25,522.8705,1
298,621643,1243,4,4,200,46.4,9.1,20,13.4,97.5,1.88,10,3,3,Yes,blue,Yes,1,54,869.6205,0
300,939739,2665,2,6,1180,21.7,7.7,61,10.1,99,1.45,5,10,5,Yes,white,Yes,1,61,1405.4205,0
304,835082,2027,3,6,598,24.3,7.7,45,4.5,99,1.15,8,9,1,Yes,red,Yes,2,33,1260.0705,0
306,527085,700,3,1,210,39.9,8,15,7.8,91.2,1.67,3,6,4,Yes,green,Yes,2,31,145.7205,0
315,700459,1217,2,7,487,38.8,9.6,6,4.2,93.7,1.48,3,1,5,Yes,white,Yes,1,6,1190.7205,0
322,838218,1727,5,6,200,21.2,8.2,27,2.3,90.5,1.43,3,6,2,Yes,yellow,Yes,2,58,159.0205,1
323,635336,1535,4,4,551,18.8,8.8,48,10.8,85.5,1.91,6,8,6,Yes,green,Yes,1,22,1109.9705,0
326,906528,2306,6,3,1077,40.7,9,26,0.6,93.9,1.52,3,9,7,Yes,red,Yes,3,8,270.1705,1
338,658678,980,4,5,200,31.2,6.9,16,0.5,96.1,1.43,1,7,5,Yes,white,Yes,3,53,1519.4205,1
339,766258,1811,5,6,557,19.1,8.9,21,8.8,89.7,1.5,9,9,3,Yes,white,Yes,2,0,607.4205,1
342,883696,2079,4,6,1215,11.9,8.1,78,0.5,91.4,1.18,4,6,4,Yes,green,Yes,2,46,839.2205,1
343,792722,2425,3,4,693,8.1,4.7,5,25.2,93.1,1.14,10,7,6,Yes,green,Yes,2,-5,1243.9205,0
347,668890,1350,2,1,473,3,7.8,23,23,91.8,1.22,2,7,1,Yes,red,Yes,3,32,113.4205,1
349,661642,1313,3,5,462,26.1,7.3,21,18,92.2,1.36,10,10,3,Yes,green,Yes,2,8,280.6205,1
351,769516,1307,6,3,200,19.2,9.6,23,1.3,92.3,1.43,1,7,1,Yes,green,Yes,2,56,429.7705,1
352,648480,1881,4,5,200,19.2,6.4,21,8.2,96.2,1.61,7,4,10,Yes,blue,Yes,1,58,1423.4705,0
353,717394,1510,6,3,674,18.1,6.8,28,5.4,90.9,1.24,7,7,2,Yes,blue,Yes,2,45,1220.1705,1
364,721259,1482,3,7,200,24.5,7.8,16,4.7,93.3,1.49,7,2,3,Yes,red,Yes,1,62,1151.7705,1
371,762671,1937,6,4,968,23.7,9.5,30,16.4,93.1,1.62,7,4,7,Yes,blue,Yes,1,3,383.2205,0
374,671253,923,4,5,723,32,7.4,26,3.9,96.9,1.78,10,9,3,Yes,blue,Yes,2,9,578.9205,1
377,935842,2118,3,3,1313,12.1,8.3,26,4.2,90.1,1.44,6,8,4,Yes,blue,Yes,2,39,748.9705,1
383,923266,1613,5,5,251,2.1,9.6,53,0.5,96.1,1.21,2,1,4,Yes,yellow,Yes,3,34,1120.4205,0
390,902384,2409,2,6,608,34.4,8.6,5,14.9,92.9,1.45,9,1,7,Yes,blue,Yes,3,11,753.7205,0
394,833477,1595,4,4,562,25.3,9,37,4.1,93.2,1.53,1,5,8,Yes,green,Yes,2,40,203.6705,1
398,586955,1892,3,6,1001,19.7,5.6,13,33.2,97.6,1.4,5,6,7,Yes,yellow,Yes,1,44,1280.0205,0
409,651823,934,3,6,417,40.8,7.3,19,3.5,90.5,2.15,1,2,9,Yes,yellow,Yes,1,27,596.9705,0
410,774491,2720,6,2,1200,43.8,5.8,37,40,98.2,1.76,2,3,5,Yes,yellow,Yes,2,62,1210.6705,1
415,1352017,4010,5,2,1550,44.9,9.1,4,0.6,97.4,1.66,9,4,1,Yes,green,Yes,2,58,1240.1205,0
416,562136,971,3,4,200,44.5,7.7,21,7.7,95.3,1.1,10,1,9,Yes,green,Yes,2,58,637.8205,0
417,1008627,2367,3,4,200,20.6,8.9,46,0.5,93.8,1.23,4,2,3,Yes,green,Yes,1,62,1335.1205,0
418,785967,1308,2,3,387,43.2,9.2,3,6,93.5,1.65,4,7,6,Yes,white,Yes,2,51,376.5705,0
422,755731,1793,4,7,1019,11.5,7.1,1,21,93.1,0.98,1,1,10,Yes,green,Yes,2,47,533.3205,0
427,925319,1606,2,2,411,21,8.5,16,2.5,98.2,1.39,1,3,1,Yes,red,Yes,2,-2,606.4705,0
429,780628,1932,5,5,250,7.5,6.8,65,8.3,94.9,1.4,3,10,7,Yes,green,Yes,1,13,105.8205,0
430,458826,1044,5,5,200,45.3,7.9,76,32,99,1.7,1,10,7,Yes,red,Yes,2,12,982.6705,1
431,973330,1825,5,6,806,17.2,9.8,35,1.4,89.7,1.53,3,1,4,Yes,green,Yes,1,-6,1080.5205,1
432,512924,1094,3,1,900,65,7.1,9,2.8,91,1.75,8,2,9,Yes,yellow,Yes,2,45,598.8705,1
433,782704,2115,3,1,543,34.4,5.8,39,3.6,96.7,1.38,6,1,7,Yes,yellow,Yes,1,10,872.4705,0
435,765316,1537,5,6,200,22.3,8.2,6,2.3,85.7,1.5,2,2,10,Yes,white,Yes,1,44,28.8705,0
439,633020,1060,1,6,300,50.8,8.6,4,0.7,95,1.36,8,6,8,Yes,yellow,Yes,2,29,686.2705,0
442,1219375,4500,5,6,2042,49.4,6.9,32,6.5,92.3,1.48,8,6,10,Yes,yellow,Yes,2,47,931.3705,1
451,589143,1533,1,4,803,63.7,9.2,88,6,89.4,1.45,1,2,6,Yes,green,Yes,2,-1,1525.1205,0
452,943546,2126,3,3,1417,34.9,6.4,9,9.3,92.6,1.06,9,2,5,Yes,yellow,Yes,2,53,1212.5705,0
453,675878,1241,4,3,488,47.3,9.5,1,2,92.3,0.86,2,6,8,Yes,blue,Yes,3,34,848.7205,0
462,815208,1780,4,4,949,11.3,7.2,1,1.9,85.7,0.87,10,3,1,Yes,yellow,Yes,3,35,1207.8205,1
465,1263034,3769,4,2,1036,6.7,9.4,27,0.5,92,1.16,1,3,2,Yes,white,Yes,3,20,162.8205,0
466,571412,1332,6,2,200,15.4,6.3,100,1.4,88.8,1.6,2,4,10,Yes,yellow,Yes,3,42,367.0705,1
469,668687,1553,5,5,449,12.9,7.2,1,1.8,91.6,1.13,5,1,3,Yes,yellow,Yes,1,12,540.9205,0
470,881023,2237,3,6,871,7.3,9,6,11.6,85.9,1.27,9,1,1,Yes,red,Yes,1,27,1342.7205,0
473,368761,1168,4,6,628,38,6.6,29,14.7,95.6,1.38,5,2,3,Yes,blue,Yes,3,6,206.5205,0
481,760495,1663,3,4,200,39.6,8.2,22,4.5,95.3,1.94,10,8,3,Yes,red,Yes,2,46,374.6705,0
484,770500,1614,4,5,680,23.7,8.9,14,1.4,93.3,1.71,9,8,6,Yes,green,Yes,2,57,1325.6205,1
488,828503,2115,3,4,706,20.9,7.1,12,2.8,94.7,1.4,2,2,3,Yes,green,Yes,2,-2,1256.2705,1
490,803855,2389,3,3,1472,31.8,5.7,10,13.9,90.9,1.43,6,4,5,Yes,white,Yes,2,40,212.2205,1
499,620912,700,5,2,433,13,8,18,14.5,94.4,1.56,7,6,5,Yes,red,Yes,3,34,1109.0205,0
2,685711,1878,6,5,984,17.8,7.3,17,20.4,91.8,1.22,9,1,9,Yes,white,Yes,2,2,1075.7705,0
5,674851,1425,2,5,685,33,7.6,18,0.5,86.8,1.44,4,7,7,Yes,yellow,Yes,1,-3,575.1205,0
7,623416,1934,4,7,848,53.5,7.8,96,15.6,94.4,1.82,10,5,4,Yes,yellow,Yes,1,38,117.2205,0
22,716585,1033,6,2,1181,29.2,6.8,7,10.2,90.9,1.77,6,5,7,Yes,green,Yes,1,-3,1007.3705,1
23,898793,1915,5,1,793,21.3,9.2,2,17.5,94.3,1.47,4,8,4,Yes,blue,Yes,3,-3,266.3705,1
27,805587,2569,3,5,552,9.3,6.2,7,13.8,98.2,0.95,4,2,1,Yes,yellow,Yes,2,1,923.7705,0
28,612252,1563,1,2,239,8.8,4.3,9,7,94,1.57,3,2,7,Yes,blue,Yes,2,32,772.7205,0
29,601628,1070,4,2,513,24.9,7.5,23,26.4,90.1,1.24,1,4,2,Yes,yellow,Yes,3,9,228.3705,0
37,673749,1548,3,4,353,60.7,9.4,21,19.3,89.1,1.37,4,1,9,Yes,yellow,Yes,3,26,1280.0205,1
38,467959,857,3,6,628,25.7,8.1,37,17.7,90.6,1,5,1,9,Yes,white,Yes,3,24,1246.7705,0
41,805976,2228,1,4,742,46.1,8.8,30,0.5,93.5,1.42,5,10,1,Yes,green,Yes,2,29,913.3205,1
47,891024,1807,2,4,415,8.4,7.1,4,1.9,89,1.19,3,8,6,Yes,white,Yes,3,17,1205.9205,0
49,999383,2332,4,3,1333,1.2,8.2,0,8.9,95.1,1.11,1,3,2,Yes,yellow,Yes,1,10,984.5705,0
53,804004,1055,1,4,200,12.2,7.9,3,8.2,92,1.17,6,8,9,Yes,green,Yes,2,2,1185.0205,0
55,835334,2428,5,5,967,40.6,9.2,23,2.7,92.5,1.25,5,4,9,Yes,yellow,Yes,1,2,942.7705,1
56,645499,1974,5,4,819,41.2,7.7,4,31.9,92.1,1.12,5,5,7,Yes,blue,Yes,2,36,142.8705,1
60,694056,1670,5,4,201,21.6,8.6,3,5.9,89.6,1.19,4,1,5,Yes,white,Yes,3,33,695.7705,0
63,858198,2530,1,7,601,45.6,8.6,2,6.9,99,1.18,6,3,1,Yes,yellow,Yes,3,62,658.7205,0
65,693723,2044,3,2,209,32.7,6.3,46,1.3,93.7,1.68,4,8,1,Yes,green,Yes,1,7,333.8205,1
71,731971,1231,4,5,559,43.4,9.8,31,3.9,90.2,1.17,10,7,5,Yes,yellow,Yes,2,8,968.4205,1
72,843488,1819,5,4,819,10.2,8.7,0,20,96.6,1.12,1,5,2,Yes,blue,Yes,2,26,539.0205,1
73,796573,1439,3,1,994,4.8,8.3,29,6.3,93.1,1.39,3,5,7,Yes,blue,Yes,3,44,726.1705,1
87,497511,1251,2,7,200,31.6,8.7,48,5.1,93.6,1.87,4,3,8,Yes,white,Yes,2,10,586.5205,0
94,701360,1737,2,4,200,27.2,8,37,11.3,97.7,1.28,5,4,10,Yes,yellow,Yes,2,56,956.0705,0
98,583410,1245,1,4,200,28.5,8.8,29,3.3,86.5,1,10,6,8,Yes,white,Yes,2,52,1077.6705,1
101,684871,1721,2,7,768,71.9,8.1,16,3.8,90.3,1.12,4,4,4,Yes,white,Yes,2,20,1187.8705,1
103,820661,2133,2,3,559,49.8,9.9,1,26.8,92.2,1.74,10,10,8,Yes,yellow,Yes,1,41,746.1205,0
124,748823,1393,5,7,369,34.7,7.1,0,5,92.6,1.19,10,1,2,Yes,red,Yes,2,52,904.7705,1
133,932171,2524,2,4,1272,45.1,8.8,12,11.8,89.1,1.19,6,1,3,Yes,red,Yes,1,37,144.7705,1
135,1092432,3442,1,1,1446,5.4,7.5,26,2.5,88.7,1.59,10,9,6,Yes,yellow,Yes,2,36,263.5205,0
141,436173,873,4,2,333,38.8,7.4,88,8.1,91.9,1.52,5,3,7,Yes,green,Yes,2,40,685.3205,1
149,842674,1270,5,1,590,17.9,8.5,17,2.3,95.1,1.06,5,10,3,Yes,blue,Yes,2,34,1034.9205,1
151,1028677,2649,3,1,1322,3.9,8.2,52,0.8,99,1.99,4,5,7,Yes,red,Yes,2,1,1530.8205,0
156,690800,1602,2,5,755,51.8,9.3,33,11.3,95.2,1.17,6,5,4,Yes,yellow,Yes,1,58,218.8705,0
165,948174,2461,2,2,899,4.9,8.7,1,4.7,99,1.5,5,4,9,Yes,red,Yes,2,52,820.2205,1
166,875622,2253,1,6,1011,58.3,9.5,24,13.2,93.5,1.37,9,3,1,Yes,yellow,Yes,3,63,1221.1205,1
174,636939,1626,6,6,482,22.3,8.1,29,10.1,91.5,1.46,5,8,6,Yes,yellow,Yes,3,22,191.3205,1
188,938122,2177,4,2,943,7.3,7.4,21,5.3,97,1.06,5,8,3,Yes,green,Yes,2,26,156.1705,1
189,652553,1659,2,3,707,22.4,6.2,23,11.2,94.5,1.58,4,2,5,Yes,blue,Yes,3,-5,639.7205,0
191,876992,2078,5,2,572,38.5,9.1,0,13.3,99,0.57,8,9,1,Yes,blue,Yes,1,10,212.2205,1
194,852141,1702,2,3,486,5.8,7.5,19,2.1,93.6,2.3,4,8,3,Yes,yellow,Yes,1,4,203.6705,1
200,682278,2424,3,3,1185,20.6,7.4,17,14,91.4,1.61,10,4,1,Yes,yellow,Yes,2,-1,685.3205,0
202,743055,1219,2,6,200,25.2,8.3,47,0.5,93,1.79,2,5,7,Yes,red,Yes,1,63,1390.2205,0
205,669389,1379,3,1,200,36.4,8.8,14,12.5,93.2,1.66,5,10,1,Yes,yellow,Yes,1,4,216.9705,1
206,727628,1621,6,3,655,28,8,8,3.7,96.5,1.43,9,9,2,Yes,green,Yes,2,50,408.8705,0
214,672119,2023,2,2,429,44.1,8.3,51,2.6,93.4,1.95,6,5,10,Yes,blue,Yes,3,33,977.9205,1
215,876363,2836,2,2,685,48.2,6.8,51,2,91.5,2.23,8,4,1,Yes,green,Yes,1,32,1191.6705,0
219,836230,1621,4,2,266,23.4,8.8,39,7.8,88.9,1.47,9,8,9,Yes,red,Yes,2,22,1355.0705,1
221,751320,1695,4,4,301,18.6,7.9,100,0.5,90.7,1.13,9,10,10,Yes,yellow,Yes,3,54,1411.1205,0
232,833876,1960,2,6,611,12.2,7.6,25,4.7,91,1.34,6,10,5,Yes,blue,Yes,3,13,957.0205,1
236,570187,1003,3,3,354,26,6.6,75,7.8,91.3,1.19,2,10,8,Yes,green,Yes,3,61,1071.9705,0
242,773787,1714,6,6,429,25.2,6.9,15,2.8,97.4,0.99,5,7,10,Yes,green,Yes,2,41,1321.8205,1
243,607358,1443,4,4,518,17,8.8,46,34.5,88.5,1.19,7,4,9,Yes,green,Yes,3,18,537.1205,1
249,910843,2324,5,4,768,34.2,9,29,2.1,92.2,1.34,9,7,3,Yes,red,Yes,2,12,1131.8205,1
250,1131679,2930,2,5,1040,8,8.8,0,4.5,89.3,1.02,7,9,5,Yes,green,Yes,3,6,39.3205,0
252,819917,2011,3,5,1101,33.2,6.7,10,0.6,94.6,1.19,4,8,3,Yes,yellow,Yes,3,34,883.8705,1
256,1033491,1881,5,5,304,18.7,7.7,10,2.8,95.1,1.35,4,9,8,Yes,blue,Yes,2,58,862.9705,1
260,710595,1143,4,2,310,11.1,8.6,4,1.8,92.9,1.16,5,8,2,Yes,blue,Yes,1,7,741.3705,1
262,872956,2310,5,5,1320,23.4,8.7,14,1.1,94.6,1.06,10,7,8,Yes,red,Yes,1,15,440.2205,1
264,882012,2226,6,2,635,29.2,8.5,32,0.8,95.4,1.64,1,4,8,Yes,green,Yes,3,31,504.8205,1
265,987715,3009,6,1,1025,47.2,6.1,3,23,92.8,2.04,1,5,7,Yes,white,Yes,2,23,502.9205,0
271,767109,2459,3,5,551,30.8,7.2,72,2.3,95.3,1.2,2,10,1,Yes,blue,Yes,3,1,1458.6205,0
275,1050064,2395,2,3,1315,53.5,7.7,27,0.5,90.2,1.08,2,5,6,Yes,green,Yes,3,2,407.9205,1
278,746137,1260,4,3,629,38.1,9.3,43,7.5,96.2,2.17,10,7,5,Yes,blue,Yes,2,7,1142.2705,0
283,728690,1869,1,5,1144,24.3,6.6,3,12.3,94.7,1.21,7,4,2,Yes,yellow,Yes,2,21,1520.3705,1
285,679028,1926,5,7,458,32,9.6,47,25.7,89.3,1.7,6,6,8,Yes,green,Yes,3,30,112.4705,1
286,777040,1838,5,2,469,57.7,7.6,3,4.3,92,1.04,7,10,1,Yes,red,Yes,2,-1,720.4705,1
291,737220,1873,1,6,767,20.1,8.6,24,0.5,91.9,0.8,6,8,10,Yes,white,Yes,2,31,128.6205,1
295,946140,1847,1,6,966,28,8.4,11,1.4,92.6,1.29,6,10,7,Yes,red,Yes,3,15,1308.5205,0
301,767922,1345,3,6,1220,39.7,8.3,5,0.5,95.9,1.69,2,2,10,Yes,white,Yes,2,-5,520.9705,0
302,754377,1419,1,3,502,34,8.4,7,8.3,94.8,1.34,10,8,1,Yes,blue,Yes,2,35,321.4705,0
305,794991,1702,6,3,770,58.3,9.1,7,11.7,94.9,1.56,1,10,1,Yes,red,Yes,1,40,1222.0705,0
315,680649,1876,5,5,429,58.9,9,75,7.9,92.4,1.45,10,5,4,Yes,red,Yes,2,12,225.5205,0
323,813933,1514,4,2,200,19.1,9,19,6.8,91.1,1.44,2,4,6,Yes,red,Yes,3,0,692.9205,1
324,928408,1988,1,6,504,21.3,9.3,3,2,91.2,0.72,9,8,5,Yes,white,Yes,3,41,984.5705,1
325,900859,2521,6,6,1411,19.4,8.7,27,4.4,96.9,1.22,10,3,2,Yes,blue,Yes,2,-4,1216.3705,0
326,960623,2707,5,6,1040,14.5,7.6,18,11.9,91.3,1.74,4,10,10,Yes,yellow,Yes,3,10,1131.8205,0
327,491381,1763,5,6,200,57.6,7.7,24,13.7,93,0.94,6,8,9,Yes,green,Yes,2,43,228.3705,1
336,674451,1349,3,3,548,5.9,6.7,16,5.5,91.8,1.23,8,3,9,Yes,yellow,Yes,1,32,1270.5205,0
338,856487,1752,5,4,374,36.7,8,18,8.7,88.1,2.22,3,10,8,Yes,green,Yes,2,14,468.7205,0
343,820726,2266,1,7,267,63.3,6.1,7,1.8,94.3,0.67,6,5,8,Yes,white,Yes,1,52,1408.2705,0
344,603572,1567,5,2,586,5.4,7,3,13.5,92.6,1.56,7,2,6,Yes,red,Yes,2,7,400.3205,1
346,1067330,3006,5,6,1166,29,7.7,50,2.1,86.9,2.05,5,3,2,Yes,red,Yes,2,56,1515.6205,1
367,859599,2432,4,5,1708,53.9,6.8,12,11.5,87.3,1.73,2,2,1,Yes,yellow,Yes,2,10,1154.6205,1
370,863992,2320,5,5,617,47,8.4,4,2.2,93.5,2.04,5,1,6,Yes,green,Yes,1,1,568.4705,1
373,1306984,4500,3,3,846,51.3,8.7,20,1.5,94.9,1.26,5,9,10,Yes,yellow,Yes,2,55,699.5705,0
382,831543,1656,3,7,373,33.2,8.8,5,2.6,96.5,1.42,3,9,1,Yes,yellow,Yes,2,52,366.1205,1
387,928691,2712,2,1,278,5.8,8.2,27,7.7,91.6,1.46,6,7,2,Yes,yellow,Yes,1,41,1470.0205,0
389,960254,2209,6,2,663,38.9,7.9,3,1.5,96.9,0.84,3,9,2,Yes,yellow,Yes,3,25,1038.7205,0
396,762388,1485,5,6,799,18.6,9.3,13,0.7,85.3,0.93,4,6,2,Yes,white,Yes,2,-1,1451.0205,0
406,698421,1756,1,6,1186,31.6,8.2,0,5.1,93.6,1.77,5,9,3,Yes,blue,Yes,2,53,907.6205,0
418,652205,1534,1,2,587,9.4,8.4,63,1.4,95.3,1.21,8,10,5,Yes,yellow,Yes,3,41,182.7705,0
422,978347,2712,2,5,1186,17.8,5.8,18,2.1,92.5,1.09,6,9,1,Yes,red,Yes,1,30,744.2205,1
426,812509,2221,2,5,722,21.1,9,20,8.7,92.2,1.59,2,8,3,Yes,green,Yes,3,49,535.2205,0
430,637170,1071,2,2,631,40.4,8.3,18,23.6,87.9,1.22,8,7,6,Yes,red,Yes,3,18,534.2705,1
432,997957,2883,4,1,1253,4.8,9.4,29,6.6,97.2,2.16,1,8,6,Yes,red,Yes,2,14,26.9705,0
433,700612,1693,5,5,200,57.6,8.4,27,23.8,92.6,1.76,2,6,3,Yes,blue,Yes,1,33,1018.7705,0
453,776634,1637,2,2,542,18.1,8,30,5.3,89.3,0.8,4,3,8,Yes,red,Yes,2,48,1324.6705,1
454,840727,1107,4,6,1010,13.2,8.6,9,0.5,95.5,1.12,1,5,2,Yes,red,Yes,2,51,1517.5205,1
457,825748,1774,3,2,1306,36.4,9.3,1,11.9,95,2.02,6,2,10,Yes,white,Yes,2,-5,631.1705,1
462,1192440,3192,2,4,1275,22.7,8.8,6,6.2,92.3,1.29,9,5,1,Yes,blue,Yes,1,55,1416.8205,1
472,922225,2256,2,2,723,22.3,9,39,1.1,99,1.09,9,6,1,Yes,red,Yes,2,47,591.2705,0
475,807318,1851,5,6,200,16.6,7.7,24,9,95.6,1.35,7,3,4,Yes,blue,Yes,1,-6,1304.7205,0
479,877575,1855,2,2,489,23.9,7.6,12,5.7,85.3,1.53,5,3,2,Yes,white,Yes,2,54,713.8205,1
482,745285,1509,6,6,613,31.5,9.7,46,11.6,88.5,1.13,3,10,6,Yes,red,Yes,2,-3,1278.1205,1
483,720835,1755,2,5,200,52.7,7.7,16,5.4,94.6,1.78,2,6,10,Yes,green,Yes,3,13,1071.0205,1
489,697062,2017,2,3,796,62.5,8.7,12,15.8,89.8,1.84,3,4,6,Yes,blue,Yes,2,19,183.7205,0
491,974944,2748,6,6,1468,14.4,9.8,12,7.4,94.8,1.65,1,1,10,Yes,yellow,Yes,1,19,68.7705,0
494,945452,2473,2,4,982,21.4,8.6,21,11.5,96.3,1.52,3,2,9,Yes,yellow,Yes,2,31,521.9205,1
497,871363,2018,5,6,1075,59.3,8.1,6,9.1,94.6,1.19,1,7,3,Yes,white,Yes,3,23,259.7205,1
8,990981,3041,5,5,1151,11.5,6.9,2,12.2,91,1.88,7,8,6,Yes,blue,Yes,3,54,1224.9205,0
12,790739,2093,4,3,685,23.8,6.8,2,17.9,91.5,0.92,8,8,2,Yes,red,Yes,1,38,989.3205,0
16,1131935,2882,1,7,1412,16.8,6.2,11,12,95,1.41,8,10,4,Yes,green,Yes,2,48,694.8205,1
18,712153,1389,3,6,657,9.8,8,59,0.5,97.1,0.93,3,4,8,Yes,white,Yes,2,2,1282.8705,0
19,1091630,3782,6,5,1384,15.8,7,0,9.8,99,1.39,9,7,6,Yes,white,Yes,2,-1,1426.3205,1
21,653803,781,1,4,578,15.1,7.2,56,3.1,96.3,0.84,2,2,5,Yes,yellow,Yes,2,31,763.2205,0
22,623828,1477,5,5,534,38.1,8,7,38.3,89.7,1.89,2,2,4,Yes,blue,Yes,1,-5,89.6705,0
23,369195,955,2,3,502,55.1,8.4,3,7.1,91.8,1.63,9,6,3,Yes,yellow,Yes,2,59,829.7205,0
32,959337,3045,3,6,1204,17.2,7.6,59,12.8,86.2,1.94,2,7,8,Yes,blue,Yes,2,12,416.4705,1
34,924202,2369,5,3,268,29.4,8.3,9,4.9,89.4,1.41,6,5,9,Yes,white,Yes,2,48,664.4205,0
42,835181,1688,2,2,651,41.8,5.8,7,2.4,95,1,5,5,3,Yes,blue,Yes,1,58,1469.0705,1
44,909835,2506,5,4,875,34.3,8.8,13,2.6,88.8,1.97,8,2,2,Yes,white,Yes,2,16,1017.8205,0
45,940339,2513,4,4,722,18.5,9.4,11,8.6,95.9,1.12,7,10,8,Yes,white,Yes,1,18,1066.2705,0
47,658465,1444,5,2,671,15.8,9.2,61,12.6,97.9,1.44,10,1,2,Yes,white,Yes,3,13,387.9705,0
50,916372,1854,6,1,793,7.9,8.1,29,0.7,90.3,1.14,4,6,10,Yes,blue,Yes,1,47,535.2205,0
57,891827,1850,4,2,924,41.2,8.7,12,5.3,94.4,2.02,8,8,5,Yes,red,Yes,1,31,50.7205,0
59,836509,1919,4,3,648,30.7,8.3,25,1.7,92.3,1.22,2,10,5,Yes,blue,Yes,2,-6,1066.2705,1
68,852583,2489,6,2,946,48.6,7.2,9,13.4,94.4,1.17,8,1,10,Yes,red,Yes,2,50,776.5205,0
72,947049,2279,1,2,812,21,9.8,6,1.7,92.1,0.86,2,9,6,Yes,green,Yes,2,21,844.9205,1
74,781398,1363,5,3,342,48.5,7.6,18,2.4,98.1,1.46,8,8,6,Yes,green,Yes,3,31,521.9205,1
77,707241,1749,2,5,868,16,8,10,9.1,86.5,1.19,2,4,5,Yes,white,Yes,1,44,534.2705,0
78,869689,2679,2,6,1217,29,6.4,14,10.4,86.4,2.12,4,8,3,Yes,green,Yes,2,24,265.4205,1
80,983200,2871,6,6,1220,24.7,8.5,33,12.3,90.4,2.16,6,9,10,Yes,yellow,Yes,3,29,1456.7205,0
84,858935,2363,4,5,1297,16.3,4.9,1,27.7,98.3,0.69,6,9,7,Yes,green,Yes,3,2,688.1705,0
85,773991,1080,6,4,200,13.1,7.7,20,2.1,96.1,1.51,4,4,10,Yes,red,Yes,3,16,677.7205,1
96,1149436,4500,3,6,689,12.6,7.5,5,17.1,91.3,1.6,7,6,9,Yes,red,Yes,2,7,1414.9205,0
97,899470,2695,6,3,1191,9.9,7.4,71,21.2,91.9,1.21,9,4,10,Yes,green,Yes,3,27,1058.6705,1
99,736033,2096,3,5,718,15.1,8,26,12.4,90.2,1.59,4,6,7,Yes,blue,Yes,2,-4,1347.4705,0
101,808091,778,5,3,445,25.4,9.1,21,5.7,94.3,1.25,5,7,2,Yes,blue,Yes,2,46,266.3705,1
113,607385,973,4,3,241,17.5,9.7,19,14.8,89.8,1.14,1,5,8,Yes,red,Yes,2,58,1015.9205,0
115,789089,1319,2,5,490,42.8,8.8,14,0.5,89.4,1.58,10,6,8,Yes,blue,Yes,3,24,1471.9205,1
129,815999,1689,3,4,539,8.3,9.4,6,0.5,88.8,1.25,1,7,2,Yes,yellow,Yes,1,42,761.3205,1
130,648342,1986,6,2,200,62.2,5.3,1,14.7,96.5,0.81,3,5,5,Yes,red,Yes,2,37,25.0705,0
131,670954,1636,3,4,419,9.2,6.5,8,12.1,84.6,1.16,3,4,9,Yes,red,Yes,3,2,962.7205,1
134,1100841,3418,5,6,1089,17.2,9.1,42,19.4,89.8,1.58,4,9,4,Yes,blue,Yes,3,58,35.5205,1
137,532715,1310,2,2,689,62.6,9.4,48,4.4,94.3,1.62,10,10,7,Yes,yellow,Yes,1,39,363.2705,1
140,845369,2032,1,2,1298,35.6,7.1,11,3.5,97.1,1.32,1,10,8,Yes,yellow,Yes,3,17,431.6705,0
144,799384,1530,3,4,1122,7.8,7.5,33,2.1,92,0.85,3,3,3,Yes,green,Yes,3,28,1304.7205,0
145,821959,2631,5,5,644,38.3,9,15,27.9,95.9,1.83,4,2,5,Yes,red,Yes,1,1,1186.9205,1
147,962038,2242,4,4,1041,13.7,6.7,7,1.8,91.6,1.42,3,10,1,Yes,blue,Yes,2,48,225.5205,1
155,860727,2489,1,3,1222,33.8,8.8,2,23.3,95.2,1.27,8,10,8,Yes,white,Yes,2,47,73.5205,0
157,836438,1918,6,2,530,9.3,8.2,15,1.4,94.5,1.28,5,10,4,Yes,blue,Yes,2,17,1085.2705,1
161,685707,1713,1,2,1039,54.3,7,23,2.1,92.8,1.27,2,5,4,Yes,white,Yes,2,51,1027.3205,0
164,531851,1786,2,2,329,51.5,6.9,42,26.1,92.6,1.04,3,1,5,Yes,yellow,Yes,2,14,536.1705,0
165,597607,969,3,3,200,29.5,6.9,6,4.5,89.6,0.98,3,7,9,Yes,red,Yes,3,62,708.1205,1
169,839416,1383,2,6,1218,23.5,7.8,0,0.9,94.6,0.96,1,5,2,Yes,blue,Yes,3,37,795.5205,1
173,776132,1973,1,6,278,36.9,8.5,6,3.8,91.8,1.97,7,7,9,Yes,blue,Yes,1,60,2.2705,1
184,810101,1890,4,7,803,27.1,9,82,6.9,95.7,0.92,9,8,6,Yes,green,Yes,3,31,1088.1205,1
193,837125,1756,6,2,764,45.3,9,30,2.7,97.9,1.54,5,7,1,Yes,white,Yes,1,29,98.2205,0
199,988050,3896,3,7,1642,42.9,7.1,9,31,89.6,1.05,8,3,8,Yes,white,Yes,1,52,971.2705,0
203,599321,1490,3,2,200,56.9,9,27,3.4,89.9,1.42,5,5,8,Yes,yellow,Yes,3,52,549.4705,0
206,667091,1540,1,4,496,5,8.8,34,18.8,92.6,1.23,9,9,3,Yes,white,Yes,2,40,889.5705,0
215,669959,1508,2,7,1397,15.8,5.8,4,7.2,97.9,1.56,7,2,2,Yes,red,Yes,3,61,250.2205,1
218,487477,879,5,5,545,35.8,7.9,52,11.6,88.5,1.14,2,3,2,Yes,green,Yes,1,-2,521.9205,1
225,882236,2485,5,6,1304,66,7.6,11,34,88.5,1.31,2,6,10,Yes,blue,Yes,1,7,17.4705,1
228,1300742,3868,2,1,1439,9.7,8.1,0,7.6,99,1.31,5,7,9,Yes,green,Yes,2,25,566.5705,1
232,419487,943,5,4,792,9.8,6.1,100,19.2,91.6,1.04,7,4,4,Yes,blue,Yes,2,-6,322.4205,1
233,636851,880,3,3,200,22.6,10,13,4.4,91.7,1.06,3,2,9,Yes,white,Yes,3,58,1547.9205,1
248,562180,1565,3,5,522,39.7,8.4,52,0.5,95.1,1.28,4,2,5,Yes,green,Yes,1,17,623.5705,0
252,759520,1244,3,4,387,54.9,9.8,19,0.9,91.3,1.12,7,8,6,Yes,green,Yes,2,32,1090.0205,0
256,1049116,2966,3,5,1269,50.5,9.3,21,2.5,95.4,1.35,3,9,10,Yes,red,Yes,2,17,685.3205,0
260,854904,1978,2,6,854,19.1,6.1,6,0.5,90.7,1.39,6,10,8,Yes,yellow,Yes,3,52,1014.9705,0
266,545462,1681,2,4,979,43.2,5.9,28,2.6,94.8,1.52,6,6,9,Yes,green,Yes,1,25,478.2205,1
268,614861,1239,2,7,501,18.8,8.1,10,8.7,91.2,1.08,7,5,4,Yes,yellow,Yes,2,31,301.5205,1
269,613612,1384,2,7,762,4.2,8.2,47,0.5,91.1,1.52,1,4,6,Yes,white,Yes,3,45,426.9205,0
271,674729,1074,5,5,200,37,8.3,48,5.7,97.7,0.87,1,7,4,Yes,white,Yes,2,19,988.3705,0
272,950295,2607,5,6,1018,18.7,9.4,51,10.5,93,1.27,5,4,1,Yes,red,Yes,3,26,617.8705,0
273,795696,1494,1,6,613,10.5,8.4,4,2.7,91.8,1.05,7,7,3,Yes,yellow,Yes,2,27,503.8705,0
280,952903,2678,1,4,856,26.9,9,19,5.5,90.9,1.66,6,6,3,Yes,white,Yes,1,6,1046.3205,0
283,982001,2387,2,3,1042,37.2,8.9,17,1.8,91,2.15,2,10,7,Yes,blue,Yes,3,1,1077.6705,1
299,641281,1686,6,5,200,38.5,5.9,34,12.9,96.4,1.18,1,5,6,Yes,blue,Yes,3,42,519.0705,1
300,771282,2584,1,5,1446,46.8,5.7,28,15.2,94,1,1,6,3,Yes,blue,Yes,2,12,1447.2205,1
307,723264,1093,4,5,200,38.7,8.5,12,6.8,92,1.63,8,3,1,Yes,green,Yes,1,52,353.7705,0
308,965348,3514,2,3,1678,49.5,7.9,12,14.8,96.2,1.47,3,3,10,Yes,yellow,Yes,1,19,217.9205,0
316,920475,2356,3,3,930,24.6,9.4,5,1,96.4,0.79,9,10,1,Yes,blue,Yes,2,32,1369.3205,1
318,1005419,2416,2,4,874,34.2,9,18,3.9,90.5,1.29,4,6,5,Yes,yellow,Yes,2,44,725.2205,1
321,534798,891,5,3,211,6.4,6.6,29,2.4,90,0.84,3,3,7,Yes,yellow,Yes,1,13,50.7205,0
339,925226,1896,4,5,953,24.7,8.5,9,2.9,93.8,0.86,3,10,5,Yes,white,Yes,2,53,680.5705,0
340,728498,1695,3,3,1074,11.2,5,27,3.3,93.3,1.43,5,7,5,Yes,blue,Yes,2,1,1502.3205,1
343,1373162,4446,2,3,1314,18.5,8.1,9,3.4,94.1,1.27,1,4,6,Yes,blue,Yes,1,48,1177.4205,1
349,1011156,2208,4,3,1070,28.1,6.5,2,10.1,95.4,1.06,7,10,9,Yes,white,Yes,2,30,957.9705,1
352,731883,1481,6,1,659,9.7,7.4,8,1.3,92.3,1.31,7,7,8,Yes,white,Yes,2,62,71.6205,1
377,557727,1117,2,2,620,22.4,7.5,31,14.6,96.2,1.45,3,10,4,Yes,white,Yes,2,61,309.1205,1
379,968307,2390,2,3,1138,16.3,8.2,10,3.1,88.1,1.53,5,4,3,Yes,green,Yes,2,22,1090.0205,0
380,772172,1951,5,3,644,12.5,6.9,19,14.8,92.9,1.12,9,9,8,Yes,green,Yes,2,15,1151.7705,0
385,853936,1879,6,3,200,10.5,6.2,1,2.1,97.5,1.46,8,6,10,Yes,blue,Yes,3,0,1335.1205,1
386,535024,1080,4,1,200,62,7.1,10,7.8,87.2,1.58,9,2,7,Yes,green,Yes,2,2,419.3205,0
397,863453,2488,3,5,884,38.9,7.9,64,0.5,95.1,1.45,5,6,8,Yes,red,Yes,2,14,1080.5205,1
405,955182,2890,2,4,906,43.5,9.2,54,7.6,89.4,1.01,3,6,10,Yes,blue,Yes,3,56,1329.4205,0
413,623820,1243,4,5,200,17.4,9.3,23,14.6,90.9,1.8,4,4,10,Yes,red,Yes,3,57,41.2205,0
414,656305,1972,3,4,325,43.2,7.5,19,18.4,92.7,1.57,7,9,3,Yes,blue,Yes,2,56,1032.0705,1
416,872568,1996,3,5,528,36.7,9.4,52,2.2,92.3,1.29,8,4,5,Yes,blue,Yes,2,34,354.7205,1
417,687589,1760,5,7,848,23.6,9.6,6,23.2,94.4,1.98,5,2,6,Yes,green,Yes,2,1,686.2705,0
426,789079,1780,4,6,200,16.4,6.1,30,1.4,99,1.01,3,4,2,Yes,red,Yes,1,57,824.0205,1
433,568510,1440,5,5,1175,27.8,8.5,74,10.9,94.5,1.4,7,5,8,Yes,red,Yes,2,45,1050.1205,1
438,938020,1927,5,6,200,11.3,9.8,31,2.9,89.4,1.87,5,8,2,Yes,green,Yes,3,5,147.6205,0
439,728913,1785,2,3,460,10.3,7.7,4,2,91.5,1.56,4,7,9,Yes,red,Yes,1,60,318.6205,0
447,760145,2272,5,5,661,23.8,5.6,14,1.7,92.6,1.53,7,1,6,Yes,blue,Yes,1,47,721.4205,0
454,616207,1446,2,4,221,10.8,7.9,49,24.8,96.8,1.51,6,6,1,Yes,blue,Yes,3,63,1048.2205,0
456,1077170,2326,3,3,1130,38.8,8,5,9.5,92.8,1.58,5,4,8,Yes,green,Yes,3,25,1097.6205,1
458,680474,1815,3,3,200,59.3,6.8,19,17.2,95.3,1.5,2,6,1,Yes,red,Yes,2,15,1412.0705,1
459,857178,1330,6,6,545,25.8,9.7,1,2.8,96.9,1.2,2,6,6,Yes,red,Yes,2,59,222.6705,1
463,724337,2113,3,4,473,58.3,8.7,4,19.4,88.1,1.31,1,6,8,Yes,green,Yes,2,47,1363.6205,1
477,732646,1899,2,2,200,63.1,9.2,60,0.6,91.3,1.14,8,6,7,Yes,white,Yes,1,28,1104.2705,0
479,1158342,3907,2,4,1512,40.7,7.5,31,17.3,96.7,1.34,2,3,6,Yes,yellow,Yes,1,24,1452.9205,1
480,593765,1123,3,6,200,38.9,7,65,0.5,92,1.26,8,1,7,Yes,red,Yes,1,11,1014.9705,0
488,633851,1275,2,5,777,47.6,7.7,14,33.5,83,1.37,1,8,4,Yes,yellow,Yes,2,-3,804.0705,0
498,1163168,2748,3,3,1250,10.4,9.4,0,13,92.7,1.12,8,9,7,Yes,white,Yes,1,8,1494.7205,1
500,903973,2612,4,4,1067,14.7,6.5,15,0.8,90.1,1.46,8,7,3,Yes,blue,Yes,2,62,946.5705,0
11,663638,1802,2,7,790,10.4,8.5,18,40,93.2,1.32,5,5,6,Yes,yellow,Yes,3,1,1451.0205,0
15,703965,1547,4,6,200,13.6,8.8,4,4,97,1.22,5,1,7,Yes,green,Yes,3,62,1511.8205,1
21,762372,1659,6,6,623,36.6,6.6,6,0.5,92.2,1.6,10,2,3,Yes,yellow,Yes,1,33,264.4705,1
22,713561,1932,5,1,928,37,8.9,87,0.7,92.2,1.36,3,1,9,Yes,yellow,Yes,1,1,47.8705,1
25,501565,977,2,6,200,27.8,7.4,100,6,94.9,1.09,1,10,3,Yes,yellow,Yes,2,52,821.1705,0
28,971828,1939,5,2,1030,13,8.4,7,2,92.1,1.58,2,9,10,Yes,white,Yes,2,55,514.3205,0
30,726777,1540,5,3,660,50.4,8,10,2.8,87.6,1.28,8,2,3,Yes,green,Yes,1,44,1535.5705,1
34,842318,2921,3,3,1385,11.7,6.8,8,5.4,87.1,1.25,7,6,8,Yes,yellow,Yes,2,20,986.4705,0
49,743075,1546,2,4,1230,12.7,9.8,28,5.5,92.1,1.74,10,8,1,Yes,green,Yes,3,48,644.4705,1
56,761811,1918,4,2,877,55.4,8.2,12,3,92,1.24,5,3,9,Yes,red,Yes,2,52,1165.0705,1
65,451948,790,6,7,200,18.4,7.3,13,18.6,89.9,0.76,4,9,5,Yes,green,Yes,3,16,769.8705,0
66,844143,1812,1,3,774,53.4,9.3,2,5.9,84.9,1.55,1,9,3,Yes,red,Yes,1,3,1311.3705,1
67,941508,2769,5,2,1470,5.8,8.9,57,13.5,88.8,1.99,9,7,9,Yes,blue,Yes,3,60,457.3205,1
69,598099,2104,4,3,253,58.6,6.5,2,23,94.9,1.72,4,10,1,Yes,red,Yes,1,23,1058.6705,0
71,741747,1399,5,4,1211,2.9,9.4,3,5.3,91.5,2.02,5,7,10,Yes,green,Yes,2,-3,1370.2705,0
74,1028458,2754,3,2,574,5.6,7.9,30,9,91.4,1.69,4,5,1,Yes,yellow,Yes,2,58,12.7205,0
79,506874,817,5,1,200,35.6,7.8,100,9.3,89.5,1.66,3,5,6,Yes,green,Yes,3,-4,338.5705,1
82,770789,1450,3,6,657,20.3,9.3,4,26.5,94.2,1.32,3,8,4,Yes,white,Yes,2,16,713.8205,0
84,733095,2244,5,2,861,35.2,8.7,12,23.8,88.5,1.59,1,4,9,Yes,red,Yes,1,49,1158.4205,1
96,814683,1679,2,2,200,23.1,9.1,10,0.5,89.4,0.98,2,3,5,Yes,red,Yes,2,-6,1211.6205,1
100,851991,2031,3,7,973,44,7.7,28,1.3,92.8,1.5,6,8,9,Yes,white,Yes,1,1,738.5205,0
107,644545,1095,4,3,405,8.8,8.3,16,28.1,86.1,1.23,3,5,5,Yes,blue,Yes,2,41,796.4705,1
110,584909,1375,1,4,560,25.2,7.4,23,4.2,92.6,1.06,5,2,5,Yes,red,Yes,2,13,1299.9705,0
112,785426,2206,1,7,488,19.1,6.6,9,3.5,88.3,1.34,1,10,9,Yes,white,Yes,2,6,551.3705,0
118,936841,2321,2,6,1141,23.9,8.6,20,0.5,92.6,0.73,1,9,2,Yes,yellow,Yes,2,17,816.4205,0
128,949004,2520,1,4,1894,40.2,8.7,10,14,95.3,1.17,4,1,7,Yes,blue,Yes,3,22,604.5705,0
142,825256,1375,2,6,362,47.5,8.8,10,5.9,90.7,0.95,4,1,6,Yes,white,Yes,3,4,1281.9205,1
145,962493,1966,2,7,765,42.9,9.1,6,7.6,91.5,1.23,1,9,6,Yes,red,Yes,2,17,818.3205,1
147,744805,833,2,2,359,28.4,8.7,3,3.6,93.2,1.4,4,6,2,Yes,red,Yes,2,6,831.6205,0
155,1081796,2365,2,5,1364,25.7,9.8,10,0.8,90.1,1.82,5,10,10,Yes,white,Yes,1,53,498.1705,0
158,1014810,3204,2,5,1474,55.6,8,18,6.1,90.1,1.64,4,5,5,Yes,red,Yes,2,35,700.5205,0
161,1172642,4034,4,4,1280,27.1,6.3,6,2.8,95.9,1.25,10,3,10,Yes,red,Yes,1,22,1114.7205,1
162,721679,1103,5,7,200,27.1,8.1,10,4.9,91.7,1.3,5,6,10,Yes,green,Yes,3,23,1093.8205,0
163,924452,2379,6,6,483,49.7,5.9,5,2.5,88.1,0.97,7,7,6,Yes,green,Yes,2,-3,1485.2205,1
169,674879,2060,4,6,765,32,6.6,7,2.3,96.8,2.02,10,9,1,Yes,white,Yes,3,1,699.5705,0
175,520495,1597,4,7,1150,60.7,5.6,14,25.1,88.6,1.59,10,2,7,Yes,red,Yes,2,55,385.1205,0
177,590046,1936,4,4,633,39.1,7.8,34,29.1,93.2,1.32,10,8,7,Yes,white,Yes,1,57,344.2705,1
180,524294,1026,4,5,293,32.4,7.6,37,4.9,89.6,1.85,9,3,4,Yes,green,Yes,2,17,874.3705,0
182,720784,1866,3,6,539,35.8,9.8,10,13.1,85.5,1.08,1,10,4,Yes,blue,Yes,3,17,941.8205,1
186,881299,2018,5,6,938,19.9,8.3,1,12.6,93.6,1.72,6,10,9,Yes,yellow,Yes,1,50,1546.0205,1
187,722756,1216,1,3,227,60.4,6.8,4,23.7,92.4,1.43,1,8,9,Yes,red,Yes,2,43,235.0205,0
193,823796,2167,6,2,1165,14.2,7.6,44,18,92,1.13,3,1,2,Yes,red,Yes,2,45,543.7705,1
199,881660,1736,4,3,375,16.2,8.5,25,0.7,88.9,1.44,3,8,5,Yes,white,Yes,1,22,547.5705,1
208,828540,2077,5,6,297,6.9,8.1,18,19.5,90.7,1.62,10,2,4,Yes,yellow,Yes,1,-6,1067.2205,0
210,704926,1326,5,2,673,19.1,7.9,17,3.7,93.2,0.72,4,7,10,Yes,green,Yes,1,54,91.5705,1
215,861517,2652,2,1,814,18.5,5.6,41,0.5,85.7,2,8,3,3,Yes,yellow,Yes,3,1,1257.2205,1
216,704883,2195,6,2,919,51.2,8.4,53,4.6,92.2,0.95,7,5,10,Yes,green,Yes,2,52,1189.7705,1
227,1220522,4500,6,2,1780,6.8,7,15,20.1,92.3,2.18,4,6,9,Yes,blue,Yes,3,25,286.3205,1
233,858972,1994,2,5,767,15.6,7,5,0.5,92,1.49,3,6,5,Yes,blue,Yes,2,53,859.1705,0
238,611545,1655,6,2,694,49.1,9.2,57,36.9,99,2.04,7,7,9,Yes,white,Yes,2,-6,220.7705,1
239,931891,3020,6,6,1014,63.2,7.7,7,13.3,94.9,1.7,2,3,1,Yes,white,Yes,2,11,834.4705,1
246,727517,1412,3,4,200,19.5,6.5,5,20,93.1,1.39,2,4,6,Yes,white,Yes,3,4,396.5205,1
247,709475,1739,5,5,1257,6.1,5.9,88,0.5,89.2,1.67,4,9,7,Yes,white,Yes,2,-5,495.3205,0
251,1218109,2450,3,6,899,15.5,7.9,14,8.3,96.4,1.65,2,9,9,Yes,white,Yes,1,27,801.2205,0
253,716968,2236,3,3,1444,14.3,6.4,75,17,93.6,1.71,6,4,8,Yes,blue,Yes,3,61,1280.0205,1
254,791861,1578,6,5,800,10.6,8,59,1,93.8,1.72,10,9,5,Yes,green,Yes,1,56,352.8205,0
256,965273,2807,3,6,381,41.4,6.5,7,10.3,95.6,1.83,1,8,5,Yes,blue,Yes,1,57,705.2705,1
258,783951,1995,5,5,698,36.7,6.8,3,4.8,90.8,1.36,5,10,2,Yes,green,Yes,2,53,818.3205,0
259,746136,1906,6,3,200,51.5,6.3,22,0.5,92.2,1.68,2,10,6,Yes,red,Yes,2,26,286.3205,0
260,1157562,3002,3,6,1031,12.1,7.8,8,0.5,96.8,0.83,3,9,6,Yes,white,Yes,1,6,526.6705,0
262,649606,1144,4,3,404,28.6,6.3,2,3.4,91.6,1.14,6,1,1,Yes,white,Yes,2,14,1110.9205,0
265,798883,1760,5,7,934,36.5,8.4,30,1.6,95.4,1.6,8,6,3,Yes,white,Yes,3,32,1083.3705,1
275,1056138,2973,5,6,616,27.9,9.8,17,5.5,95.7,1.7,10,8,9,Yes,white,Yes,1,-4,415.5205,0
276,626346,1112,5,2,691,35.4,9.1,3,0.5,94.2,1.33,1,7,10,Yes,red,Yes,3,38,1040.6205,0
278,871341,2685,2,6,880,30.4,8.8,57,26.8,95.1,1.08,10,10,9,Yes,white,Yes,1,56,411.7205,0
287,842190,2244,4,1,885,47.7,8.5,14,0.5,90.5,1.55,8,4,6,Yes,green,Yes,3,32,282.5205,0
288,631073,1621,2,5,680,18.9,7.8,2,4.3,91.6,1.78,1,8,10,Yes,green,Yes,2,52,1125.1705,0
291,604349,859,6,4,200,23.9,8.4,11,1.7,94.6,1.1,10,8,4,Yes,green,Yes,1,23,1017.8205,1
299,972574,2794,3,2,962,28.1,9,26,3.3,99,0.94,1,9,2,Yes,red,Yes,2,43,1417.7705,0
309,918215,2135,4,4,751,40.4,8.3,14,0.5,95.1,1.43,8,4,1,Yes,white,Yes,2,39,390.8205,0
316,752333,1842,4,2,759,20.6,9.2,57,11.9,96.3,1.49,1,10,9,Yes,yellow,Yes,2,46,1285.7205,0
321,671926,2057,6,3,626,50.1,8.5,26,0.8,87,1.06,1,10,9,Yes,green,Yes,2,54,683.4205,1
323,892510,1975,6,1,224,10.8,7.1,21,2.8,91,1.88,2,9,3,Yes,white,Yes,2,31,1393.0705,1
328,739756,2025,4,5,964,15.6,8.1,1,17.2,90.3,1.5,9,9,5,Yes,yellow,Yes,2,62,721.4205,1
331,597332,1574,1,5,200,34.5,8.5,4,34.1,96.5,1.14,3,2,5,Yes,red,Yes,1,42,1056.7705,1
334,898083,2504,4,7,445,17.2,7.5,39,6.7,91.4,2.3,5,8,5,Yes,red,Yes,2,54,108.6705,1
335,992128,2305,2,1,935,28.8,9.8,9,3.7,98.2,0.96,10,6,8,Yes,white,Yes,1,44,1082.4205,0
337,767948,1487,3,4,676,17.1,6.6,9,14.9,97.7,1.17,7,2,9,Yes,white,Yes,3,40,1262.9205,0
340,913312,2214,6,4,712,32.7,9.3,5,4.9,96.5,1.86,6,4,8,Yes,blue,Yes,1,53,1381.6705,0
342,890801,2316,2,5,671,36.6,6.3,4,11.6,91.7,1.52,10,10,3,Yes,white,Yes,3,55,956.0705,1
344,647829,1628,3,6,1038,57.6,7.5,0,1.7,89.3,1.71,7,2,8,Yes,blue,Yes,2,32,102.9705,1
346,485152,1389,4,5,793,17.8,5.2,7,20.8,87.6,1.51,3,9,5,Yes,yellow,Yes,3,31,908.5705,0
348,923564,1878,3,2,395,24.1,8.4,11,15.1,94.6,0.93,9,5,2,Yes,red,Yes,2,59,1366.4705,0
353,633575,1005,5,2,274,14.6,8.4,22,2.8,90.4,1.64,10,4,6,Yes,yellow,Yes,2,45,845.8705,0
354,788450,893,2,3,200,16.3,8.1,15,2.9,91.7,1.41,9,3,4,Yes,white,Yes,2,61,1443.4205,0
362,682479,1887,2,3,575,31.6,7.2,12,16.5,89.5,1.88,4,10,2,Yes,green,Yes,3,7,7.9705,1
370,711229,1116,5,5,463,39.7,7.5,21,0.5,88.2,1.41,5,9,6,Yes,white,Yes,2,7,1548.8705,0
371,939293,2607,2,7,675,16.8,8.3,9,9.9,92.4,1.09,6,4,6,Yes,blue,Yes,2,8,503.8705,1
373,447794,969,4,5,718,58.8,6.8,9,12.5,90.4,1.97,7,5,1,Yes,yellow,Yes,2,3,28.8705,1
377,601620,1634,5,5,466,18.2,6.1,12,23.4,90.1,1.43,1,10,2,Yes,yellow,Yes,1,52,157.1205,1
379,780791,2195,3,3,200,56.3,7.7,35,0.8,92.2,1.21,4,2,5,Yes,red,Yes,2,15,1013.0705,0
386,906151,2092,4,4,800,50.1,7.2,5,1.6,94.8,0.73,7,7,5,Yes,green,Yes,3,56,566.5705,0
387,801108,2027,6,4,729,28.1,5.8,7,6.3,94.2,1.34,10,6,1,Yes,yellow,Yes,3,30,509.5705,1
388,718920,1721,6,3,835,21.2,9.4,44,25.3,91.3,0.65,1,8,4,Yes,yellow,Yes,2,21,1428.2205,0
391,739903,1619,6,4,200,12.4,9.8,18,35.9,87,1.17,5,10,7,Yes,red,Yes,3,9,178.9705,1
396,1158490,3683,3,5,1279,25.5,8.7,8,1.6,87.8,1.29,5,7,4,Yes,white,Yes,2,50,1502.3205,0
401,912943,1728,2,6,389,16.5,8.8,10,0.9,93.6,1.63,3,10,1,Yes,blue,Yes,2,50,910.4705,0
409,872371,2193,1,3,1014,56.4,6.8,0,5,88.5,1.43,6,6,3,Yes,green,Yes,2,60,20.3205,0
411,763170,1323,3,5,200,39.6,6.4,19,3.1,89.7,0.77,7,5,2,Yes,yellow,Yes,1,51,868.6705,1
414,915857,1987,5,2,688,7,8.2,3,11.2,91.5,1.18,5,2,5,Yes,red,Yes,3,16,1147.9705,1
415,683735,1706,4,6,363,61.7,7.7,54,0.9,94.6,1.51,7,10,6,Yes,white,Yes,3,49,616.9205,1
419,741219,988,5,5,375,43.1,9,0,7.9,94.9,1.8,2,9,10,Yes,green,Yes,1,10,1484.2705,1
421,764281,3244,4,6,482,18.2,5.5,95,5.9,90,1.29,9,1,4,Yes,green,Yes,2,43,523.8205,1
422,870227,2065,2,2,733,9.2,8.4,15,1.7,93.8,1.39,5,3,5,Yes,red,Yes,3,46,302.4705,1
429,612541,1267,6,6,1177,21.6,6.8,4,12.2,91.7,1.55,6,3,3,Yes,green,Yes,2,33,596.0205,1
431,595241,1583,4,5,200,9.5,6.5,29,5.8,91,1.3,6,9,9,Yes,blue,Yes,1,1,1279.0705,0
443,885697,1711,4,6,427,32.2,8.4,5,4,93.1,1.79,10,4,7,Yes,green,Yes,2,14,1537.4705,0
446,835044,1710,4,2,200,14.1,6.8,19,1.6,92.1,1.13,1,3,9,Yes,blue,Yes,3,45,723.3205,1
451,851151,1956,2,6,1084,36.2,8.2,7,0.6,92.7,1.42,1,10,10,Yes,red,Yes,2,39,40.2705,0
453,603216,1296,5,2,342,9.4,8.8,34,18.5,96.4,1.33,8,10,4,Yes,white,Yes,1,50,1186.9205,0
455,751208,1631,2,5,445,20.1,9.9,49,2,96.7,1.09,1,10,3,Yes,blue,Yes,1,5,16.5205,0
457,664614,1198,3,6,908,17,9.3,22,20.9,93.7,1.37,8,1,8,Yes,white,Yes,3,9,134.3205,0
462,714329,1714,2,5,377,28.6,9,2,21.7,91.1,1.81,1,9,3,Yes,white,Yes,2,53,26.0205,1
468,833918,1997,5,1,633,28,8,23,6.2,94.3,2.09,2,7,10,Yes,yellow,Yes,1,42,764.1705,0
469,690153,2170,1,7,338,57.2,8.6,23,5.3,94.4,1.79,4,10,9,Yes,yellow,Yes,1,-3,1071.9705,0
480,803913,1665,2,7,958,15.9,6.9,20,0.9,92.5,1.37,1,2,4,Yes,red,Yes,1,49,118.1705,0
481,805546,1616,4,6,865,39.1,8.3,2,9.7,96.5,1.56,6,2,3,Yes,red,Yes,2,11,453.5205,0
485,767004,1663,5,2,965,48.2,7.6,44,0.8,98.3,1.35,4,10,2,Yes,green,Yes,2,14,797.4205,1
487,657030,1420,3,4,884,46,8,54,17.9,93.9,1.08,7,4,9,Yes,red,Yes,1,29,1280.9705,0
498,1129081,3138,1,3,1373,7.7,7.2,1,6.7,96.7,0.88,8,10,4,Yes,white,Yes,3,61,1025.4205,1
3,781583,2258,1,7,965,37.7,7.4,37,1,98.3,1.69,1,3,8,No,yellow,Yes,1,17,281.5705,0
5,663354,1658,1,5,526,44.9,9,3,20.8,99,0.94,3,9,7,No,blue,Yes,2,31,1344.6205,0
6,699905,1658,4,2,200,51.2,8.6,46,27.9,97.6,0.78,7,2,3,No,yellow,Yes,1,-3,1262.9205,1
15,611155,984,2,3,270,22.1,7.3,9,12.3,94.3,1.54,6,7,1,No,blue,Yes,2,45,1261.9705,0
19,533214,1310,4,4,390,42.9,7.6,17,29.7,94.2,1.42,5,5,10,No,white,Yes,2,58,961.7705,1
22,606779,1663,4,2,1145,37.8,5.6,4,10.3,96,1.18,6,8,9,No,green,Yes,2,-5,1234.4205,1
27,714341,1203,2,6,268,16.7,8.7,2,3.1,91.6,1.77,1,7,3,No,white,Yes,3,18,1272.4205,0
30,730847,1625,4,5,331,39.4,8.5,41,5.5,87.8,2,7,10,1,No,green,Yes,2,-4,736.6205,0
33,697606,1792,5,5,798,50.7,5.6,12,8.8,92.2,1.01,1,3,8,No,white,Yes,3,-2,1121.3705,0
35,927016,2401,3,3,830,2.7,5.7,15,16.7,94.9,0.79,9,2,1,No,yellow,Yes,2,48,159.0205,1
40,738994,1928,5,5,672,36.5,8.5,32,12.8,89.2,1.3,7,5,9,No,red,Yes,2,44,1085.2705,1
54,750113,2230,2,6,663,39.6,8.2,23,6.1,91,1.52,3,5,4,No,red,Yes,3,54,779.3705,0
57,824991,1342,3,7,405,36.5,9.1,9,2.8,89.5,1.3,10,7,10,No,red,Yes,3,43,1331.3205,1
58,765358,1615,3,3,525,68.3,8.5,45,5.2,96.5,1.52,3,3,5,No,green,Yes,3,37,30.7705,1
61,801909,1522,5,6,497,25.4,9.2,21,0.5,95.1,1.4,5,9,5,No,green,Yes,2,27,143.8205,0
64,668000,1184,3,4,200,34.2,9.4,10,26.1,98.9,1.08,2,10,3,No,green,Yes,3,31,1017.8205,0
65,990336,2392,5,6,997,50,6.8,1,7.1,87.5,0.66,4,7,5,No,green,Yes,1,25,994.0705,0
67,796295,1755,2,2,300,1.8,7.9,21,0.5,89.2,1.94,2,3,2,No,yellow,Yes,2,49,183.7205,1
70,730123,1436,5,5,756,36.4,7.8,17,7.8,92.2,1.15,9,7,1,No,green,Yes,1,53,879.1205,1
77,778556,1856,5,1,532,48.2,7.4,12,10.1,95.2,1.16,7,2,3,No,blue,Yes,1,19,747.0705,0
78,658368,1621,5,4,200,13.1,8.3,8,30.5,88.7,1.25,2,10,3,No,yellow,Yes,2,58,1003.5705,1
80,607239,898,5,4,200,7.3,8.3,27,2.6,92.6,1.16,5,7,9,No,green,Yes,1,37,597.9205,0
96,593473,1078,3,4,432,22.4,6.5,34,0.9,93.1,0.88,7,7,8,No,blue,Yes,1,20,406.0205,1
106,811938,2073,5,5,605,74.4,5.8,1,5.8,89.4,0.98,6,1,6,No,yellow,Yes,1,3,348.0705,1
107,1087654,3483,5,2,1485,13.3,7.6,8,10.6,89.8,1.68,1,9,3,No,green,Yes,3,30,507.6705,1
108,870313,1913,4,4,826,35.7,6.8,4,0.8,89,0.62,3,4,3,No,green,Yes,2,39,539.0205,0
109,875996,1970,1,5,1226,38.6,5.9,2,2.8,95.9,0.76,1,3,6,No,yellow,Yes,3,38,933.2705,0
111,694458,920,3,5,969,18,7.1,5,4.5,97.4,1.6,7,6,7,No,red,Yes,3,24,1211.6205,0
119,921438,2685,4,6,911,0.6,6.8,33,12.3,93.3,1.38,10,8,2,No,green,Yes,1,5,442.1205,1
125,855389,2210,4,5,985,28,9,5,2.6,90.6,1.55,9,4,2,No,red,Yes,3,8,555.1705,0
128,449750,1476,1,6,232,52.2,6.7,97,11.5,93.7,1.09,9,6,2,No,yellow,Yes,2,20,235.0205,0
133,689045,1241,1,6,520,14.2,5.9,11,2,89.6,1.68,6,10,2,No,green,Yes,1,58,825.9205,0
135,752752,1305,4,1,200,18.2,8.5,25,1.3,94.3,0.93,5,8,4,No,red,Yes,3,47,369.9205,0
136,1023005,3096,5,6,898,38.6,8,4,4.2,87.1,1.33,3,10,10,No,yellow,Yes,3,14,266.3705,0
140,609974,1170,2,2,688,31.3,5.2,5,6.8,98.5,1.34,4,3,7,No,red,Yes,2,17,1216.3705,0
142,813502,2844,5,5,933,16,6.6,5,17.7,90.6,0.65,5,9,8,No,green,Yes,2,24,881.0205,1
143,476707,1025,5,2,446,53.4,7.3,0,27,92.9,1.9,3,6,9,No,yellow,Yes,2,40,348.0705,1
144,780582,1920,2,6,535,34.3,6.8,2,1.8,90.9,1.1,9,1,6,No,yellow,Yes,2,58,1346.5205,0
148,502553,1134,4,6,229,42.1,6.2,26,3.1,91.5,1.89,1,9,10,No,blue,Yes,2,-2,596.0205,0
155,1001972,1994,2,2,595,6.4,8.2,12,7,94.5,1.76,6,2,8,No,white,Yes,2,62,1542.2205,0
158,844006,2125,4,6,945,24.1,8,27,3.6,89.5,1.61,4,5,4,No,red,Yes,3,27,295.8205,1
159,763616,1186,4,5,904,16.2,8.5,6,18.9,96,1.44,2,6,1,No,red,Yes,2,22,786.0205,1
165,794156,2522,3,3,1211,53.4,8,42,3.3,89.4,1.39,9,7,8,No,blue,Yes,1,14,1454.8205,1
166,833815,2080,3,3,706,10.7,8.1,34,8,91.1,1.76,8,7,4,No,blue,Yes,3,30,673.9205,1
173,518882,1752,3,4,834,31,6.3,73,9,90.8,1.48,9,4,2,No,blue,Yes,2,17,587.4705,0
178,1048184,2994,3,5,861,0.8,7.9,9,10.3,92.3,1.39,1,4,3,No,green,Yes,2,49,951.3205,0
179,807196,1641,3,6,215,31.2,9.2,3,5.6,98.8,1.55,10,8,3,No,red,Yes,1,11,969.3705,0
180,1172593,4500,5,7,1415,41.2,8.3,100,7.2,94.8,1.6,5,4,6,No,yellow,Yes,2,18,874.3705,1
184,727560,2131,2,3,863,30.7,6,7,12.5,90.3,1.95,6,10,7,No,green,Yes,2,14,1435.8205,0
189,562731,1338,3,2,437,24.4,7,26,3.6,93.8,1.12,4,9,7,No,white,Yes,2,16,43.1205,0
198,739269,1899,6,7,1160,33.4,7.9,3,0.5,88,1.56,6,4,5,No,white,Yes,2,31,924.7205,0
200,726463,1207,3,7,262,20.3,9.2,34,9.8,84.4,1.19,8,6,7,No,green,Yes,1,45,54.5205,1
202,739675,2190,5,4,600,13.4,7.6,25,4.9,89.1,1.51,1,10,1,No,blue,Yes,2,9,957.0205,0
203,915362,2630,3,5,749,27.5,8.3,6,8.9,91.8,1.55,5,4,3,No,blue,Yes,3,14,834.4705,0
205,675059,1111,4,6,200,34.1,9.5,7,11.2,93.7,1.31,10,2,2,No,green,Yes,2,38,62.1205,0
206,729252,1296,2,4,200,18,8.9,23,1.3,87.3,1.3,4,9,7,No,green,Yes,2,19,1012.1205,0
208,806008,2155,1,3,200,29.1,8.7,5,8.5,91.5,1.89,6,10,3,No,blue,Yes,2,30,1434.8705,0
214,930460,2261,5,2,978,44.5,7.3,4,2,98.9,1.39,6,7,3,No,green,Yes,1,36,1069.1205,0
215,637617,1612,1,5,348,27.4,6,9,16,89,1.07,2,1,8,No,red,Yes,1,16,216.9705,0
216,800581,2348,1,4,1243,16.1,8.8,19,15.6,94.2,1.38,3,7,10,No,red,Yes,2,56,238.8205,0
218,970706,1657,4,6,674,37.3,9.2,6,0.6,90.5,1.44,1,7,9,No,blue,Yes,3,1,199.8705,1
220,681204,1852,2,6,503,65.6,7.4,46,8.4,94.1,1.16,6,9,9,No,green,Yes,2,39,381.3205,0
226,854994,2635,3,6,986,49.5,7.3,58,1.8,90.5,1.44,6,5,2,No,white,Yes,2,46,373.7205,1
227,882118,1841,6,7,472,61.6,8.8,13,0.5,92,1.48,6,10,1,No,blue,Yes,3,33,585.5705,1
232,731280,1942,2,5,908,72.6,8.3,57,18,97.4,0.98,7,2,4,No,red,Yes,1,34,291.0705,1
235,1226692,3812,2,5,1746,36.7,7.6,21,1.2,99,1.45,10,10,2,No,red,Yes,2,46,990.2705,0
246,610305,1601,6,1,293,21.7,8.8,30,17.9,89.8,1.88,4,2,3,No,white,Yes,1,21,48.8205,1
259,721966,2102,6,3,1705,62.2,7.6,3,5.7,82.5,1.51,1,4,2,No,white,Yes,2,41,45.0205,0
272,507044,1089,2,6,829,48.7,7.8,21,7.9,91.1,1.85,3,4,7,No,yellow,Yes,1,28,1024.4705,0
273,804285,2704,3,7,596,11,7.2,1,11.8,92.6,1.59,4,4,1,No,red,Yes,2,58,606.4705,0
281,865774,1873,3,6,1056,20.9,6.4,14,10.7,96.6,1.28,1,8,7,No,yellow,Yes,2,0,794.5705,1
284,522625,1167,5,4,654,38.6,9.1,6,4.3,87.7,1.99,2,2,4,No,blue,Yes,3,55,396.5205,1
290,715228,1448,2,2,819,46.1,8,29,0.5,97.8,1.93,10,10,10,No,green,Yes,2,54,693.8705,0
291,575569,1674,3,5,351,38.8,7.4,43,0.5,90.4,1.28,3,1,8,No,white,Yes,3,38,401.2705,1
295,909821,2040,2,3,1398,41.3,8.9,1,2.5,96.8,1.39,1,5,9,No,green,Yes,2,4,228.3705,0
296,686232,1412,1,3,200,44.3,8.5,7,2.1,93,1.68,8,1,2,No,white,Yes,3,1,574.1705,0
299,958994,2392,2,4,883,11.2,8.3,10,3.5,94.1,1.83,8,6,8,No,red,Yes,2,18,592.2205,1
301,661357,1347,6,4,619,17.1,8.3,0,7.6,88.2,1.65,9,1,6,No,white,Yes,3,62,455.4205,0
306,782050,1875,6,3,984,15.9,9,21,2.7,89.8,0.76,6,5,5,No,white,Yes,3,31,942.7705,0
312,849096,2644,3,5,592,36.3,9.2,8,9.1,85.8,1.35,1,2,7,No,yellow,Yes,2,10,1043.4705,1
313,805632,2403,2,2,1218,11.2,6.2,30,1.3,92.3,1.42,6,10,1,No,yellow,Yes,2,61,1307.5705,1
314,872909,2393,2,5,807,14.2,8.9,45,2.4,91.7,0.91,7,3,4,No,red,Yes,2,50,774.6205,1
319,728390,2016,4,6,543,30,6,76,8.2,95.9,1.55,4,9,7,No,red,Yes,2,30,723.3205,0
320,651714,1720,2,3,218,34.1,7.4,45,5.3,89.3,0.95,7,7,5,No,blue,Yes,2,58,641.6205,0
331,787156,1792,3,2,1121,37.5,9.6,19,1.2,90.4,1.37,1,1,2,No,blue,Yes,2,19,790.7705,0
333,832455,1848,2,4,446,15.9,7.5,4,7.1,99,1.58,1,5,6,No,green,Yes,2,61,1124.2205,1
335,934961,2532,2,6,1065,47,9.9,10,5.5,91.5,1.22,8,3,6,No,white,Yes,3,-2,580.8205,1
336,731683,1710,2,1,533,31.8,7.4,28,3.7,88.4,1.26,1,2,3,No,yellow,Yes,1,26,701.4705,1
338,762979,1608,5,2,489,56.5,7.6,9,3.1,93.7,1.33,5,1,4,No,yellow,Yes,3,52,844.9205,0
341,690053,1350,5,6,200,12.5,7.5,6,4.5,93.2,0.99,2,7,10,No,red,Yes,2,26,1463.3705,0
344,758923,1507,4,2,683,22.7,6.6,18,4.2,88.5,0.89,6,3,5,No,white,Yes,2,39,959.8705,1
346,784138,1952,4,7,627,17.6,7.7,2,27.3,94.2,1.06,7,6,3,No,yellow,Yes,3,4,789.8205,0
349,714211,1400,5,6,703,6,7.9,29,1.6,90.2,1.19,8,9,9,No,green,Yes,2,0,1521.3205,1
352,986737,3017,3,3,1224,47.5,7.5,6,3.1,95.3,1.84,4,4,2,No,green,Yes,1,-4,26.9705,1
353,871821,2430,4,1,498,16.3,8.8,40,27.5,98,1.69,1,6,1,No,red,Yes,2,17,456.3705,0
362,967698,3078,3,5,1572,53.8,6.4,8,8.6,97.1,0.86,5,9,3,No,white,Yes,2,3,741.3705,1
365,864149,2292,3,5,1191,23,9.1,5,5,91.3,2.37,3,9,6,No,white,Yes,1,1,633.0705,1
373,1033542,2991,2,3,840,35.3,8.8,31,5.7,95.3,1.42,5,4,8,No,yellow,Yes,3,37,507.6705,1
376,738834,1376,3,4,200,9.7,9.1,27,12.8,94.7,1.66,1,6,2,No,green,Yes,1,18,1300.9205,1
378,752023,1919,1,6,1099,12.5,7.3,54,0.6,92.6,1.6,7,2,6,No,green,Yes,1,0,516.2205,0
383,597907,856,5,4,200,31.3,9.4,11,2.3,90.8,1.68,8,3,4,No,blue,Yes,2,29,853.4705,0
387,752408,2029,5,3,432,43.2,9.4,8,18.6,93.7,1.57,8,8,10,No,green,Yes,2,34,746.1205,0
395,948248,2720,3,7,1011,26.6,7.8,27,6.8,98.8,1.33,8,1,8,No,white,Yes,3,0,610.2705,1
403,790072,1803,2,6,200,10.1,8.5,17,0.8,92.9,2.02,5,8,6,No,yellow,Yes,2,51,810.7205,1
405,803242,1538,6,5,757,24.8,9.2,31,3.1,92.2,1.54,9,1,2,No,green,Yes,3,25,60.2205,0
407,607019,1239,2,1,200,40,6,21,8.8,94.3,1.07,7,7,5,No,blue,Yes,3,50,241.6705,0
409,680522,1877,5,2,521,14.8,7.5,74,35.4,90,1.32,10,4,7,No,yellow,Yes,1,59,315.7705,0
413,616108,1052,5,5,564,26.9,8.7,100,0.5,92.8,0.78,10,9,1,No,white,Yes,2,19,691.9705,0
420,771340,1843,5,6,558,20.7,6.1,5,8.5,92.9,1.37,9,8,5,No,white,Yes,3,-6,300.5705,1
429,972786,2607,2,3,220,25.1,8.2,8,13.6,91.5,1.83,6,4,2,No,red,Yes,2,-1,1305.6705,1
437,949834,3183,3,2,1154,25,7.9,10,27.9,93.2,0.93,8,1,1,No,blue,Yes,2,23,578.9205,0
439,574376,992,4,3,637,55.7,7.9,4,4.3,87.2,1.8,1,3,5,No,white,Yes,1,24,1321.8205,0
446,821508,2275,4,5,200,35.2,8.3,16,12.1,92,1.37,3,9,5,No,green,Yes,1,34,622.6205,0
451,685802,1761,3,2,556,69.5,7.4,18,3,97.3,1.51,6,2,8,No,yellow,Yes,1,56,1448.1705,0
455,844729,1495,1,5,795,15.7,9,5,4.6,89.7,1.61,7,6,2,No,red,Yes,1,12,542.8205,1
458,641236,1253,5,4,457,22.2,5.8,11,17.8,92.7,1.29,8,9,9,No,yellow,Yes,2,53,109.6205,0
465,848628,1731,3,4,794,36.6,9.3,25,2.1,91.1,1.38,8,7,2,No,red,Yes,3,-1,632.1205,1
466,616672,1666,2,6,200,74.6,7.4,74,28.6,98.6,1.2,9,9,10,No,blue,Yes,1,35,1548.8705,1
473,747221,1059,2,3,200,8.7,9.1,10,0.5,95.2,1.64,10,7,7,No,yellow,Yes,2,21,591.2705,0
476,815579,1650,2,5,589,29.1,8.2,1,9.9,94,1.55,5,6,7,No,yellow,Yes,1,54,986.4705,0
483,557035,1026,2,4,200,22.3,8.4,7,15.1,96.1,1.38,8,5,3,No,red,Yes,1,9,570.3705,1
490,727688,2451,2,1,952,45.6,9,45,35.2,99,2.16,9,5,7,No,yellow,Yes,1,12,83.9705,1
494,505462,1332,6,1,604,40.6,7.1,24,2.5,97.2,1.55,4,8,10,No,blue,Yes,3,57,1132.7705,0
497,637275,1252,3,4,873,29.8,7,5,12.3,99,0.58,7,10,1,No,red,Yes,1,28,1203.0705,0
1,830607,2489,4,4,777,36.2,8.6,19,5.4,92.7,1.56,1,3,8,No,blue,Yes,1,18,29.8205,0
2,1145286,3512,3,6,1692,28.3,7.2,5,1.5,90.2,2.09,5,8,4,No,white,Yes,2,18,1025.4205,0
3,751148,1103,1,6,448,29.2,7.5,1,4.8,86.5,1.57,2,8,9,No,green,Yes,2,20,19.3705,0
5,674170,1433,3,3,1148,23.9,7,23,6.1,89.1,1.87,3,10,9,No,white,Yes,2,-4,479.1705,0
7,566934,1463,1,2,470,38.8,7.1,38,5.8,90,1.66,2,7,3,No,white,Yes,2,12,1005.4705,0
8,754803,1330,3,2,720,24.4,8.4,7,2.1,97.2,1.24,5,4,8,No,red,Yes,1,-2,1422.5205,0
9,847648,1831,1,3,500,12.5,9.5,63,8.7,93.8,1.35,10,4,10,No,white,Yes,2,28,550.4205,0
11,758767,1979,2,5,200,32.5,8.4,19,3.1,92.3,1.27,8,8,5,No,white,Yes,3,25,32.6705,1
14,619298,1310,4,6,371,21.6,7,8,3.3,93.3,1.43,5,4,3,No,green,Yes,2,8,246.4205,1
16,693929,2345,5,3,349,26.1,9,34,19.4,88.9,1.65,10,9,5,No,green,Yes,2,54,70.6705,0
20,954144,2341,2,1,678,16.7,6.7,5,25.5,98.8,1.17,4,10,1,No,blue,Yes,1,8,899.0705,1
25,794428,1378,1,2,200,39,9.5,12,4.4,90.7,0.53,2,8,8,No,green,Yes,3,23,1013.0705,1
30,632423,1312,4,1,406,16.9,8.9,41,6,92.2,1.08,6,10,3,No,white,Yes,2,39,494.3705,1
31,940215,2251,4,7,1071,5.8,8.5,1,0.9,87.8,1.34,5,2,9,No,white,Yes,3,11,894.3205,0
32,514965,1006,2,2,783,57.5,9.6,51,1.8,90.7,1.85,9,6,9,No,yellow,Yes,2,-2,1073.8705,1
33,792606,1759,2,5,200,21,7.8,76,18.4,92.3,1.54,5,10,8,No,green,Yes,2,60,141.9205,1
35,783848,1433,2,3,789,35.3,9.8,55,11.4,94.2,1.56,1,6,4,No,white,Yes,2,5,551.3705,0
47,910361,2203,3,5,1006,48.4,8.2,4,15.5,92.2,1.48,5,8,2,No,green,Yes,2,18,220.7705,0
48,827445,1677,5,7,848,9.9,8.2,34,6.9,91.9,1.37,5,4,2,No,yellow,Yes,1,51,152.3705,1
50,792097,1457,2,3,200,18.8,8.2,38,4.2,93.6,1.33,10,7,10,No,yellow,Yes,3,10,1052.0205,0
53,1090195,2709,6,2,1143,14.2,7,42,0.5,95.8,1.67,10,10,7,No,red,Yes,2,3,613.1205,0
58,632987,1547,6,6,798,24.4,7.1,50,3.2,97.8,1.21,4,5,6,No,red,Yes,2,-5,891.4705,1
61,918476,1992,4,2,586,2.7,8.3,19,2.3,99,0.91,5,4,4,No,white,Yes,1,3,1195.4705,0
63,793427,2442,4,2,1055,29,7.2,40,13.1,91.6,1.53,9,6,2,No,white,Yes,1,29,508.6205,0
67,539278,882,4,3,200,18.7,7.3,8,1.8,89,1.83,5,3,10,No,red,Yes,3,17,31.7205,1
71,785671,1812,1,6,503,26.1,9.8,30,17.3,96.7,1.14,9,4,8,No,red,Yes,3,33,185.6205,1
72,1208639,3237,6,5,937,12.9,9.9,29,2.3,86.9,1.43,7,3,1,No,blue,Yes,3,48,538.0705,0
99,644957,1541,4,5,739,5.6,7.8,16,10,94.4,1.65,5,6,2,No,green,Yes,1,22,842.0705,0
100,855082,2054,4,7,605,6.4,9.3,26,6.1,95.4,1.39,10,5,10,No,green,Yes,3,49,1268.6205,1
103,796451,2440,1,3,921,15.6,6.4,21,12.3,91.9,1.68,4,9,2,No,white,Yes,2,-3,1508.9705,1
105,922397,2080,1,6,1028,9.2,8.1,18,10.5,89.5,1.66,1,2,8,No,green,Yes,3,28,1231.5705,0
106,826654,3472,5,6,1749,45,6.1,100,12,94.4,1.21,4,5,8,No,yellow,Yes,2,3,1523.2205,0
108,839258,1164,3,4,559,40.6,9.6,1,1.8,94.6,1.37,5,2,6,No,white,Yes,3,3,1181.2205,1
118,845529,2321,2,3,402,17.2,7,16,5.7,95.6,1.43,9,6,10,No,blue,Yes,2,62,798.3705,0
128,710400,1722,2,6,1443,38.7,9,73,5.2,93.2,1.77,4,5,10,No,yellow,Yes,1,18,1375.9705,0
130,836321,2640,2,2,1638,14.8,8.7,34,4.4,89.1,1.98,8,5,10,No,yellow,Yes,1,59,1275.2705,1
134,530309,1550,1,4,300,1.7,5.3,55,27.6,88.4,1.05,6,3,8,No,white,Yes,2,32,471.5705,1
138,991534,1847,3,2,1170,7.9,7.4,21,2.2,94.4,0.76,2,8,10,No,white,Yes,1,9,357.5705,0
139,726171,1146,2,5,200,25.5,9.3,14,2.1,92,1.32,6,6,1,No,red,Yes,2,12,339.5205,1
140,579606,1144,4,5,316,25.3,8.4,0,40,99,1.37,9,10,5,No,white,Yes,1,27,1327.5205,0
143,663680,1644,4,3,668,6.7,8.1,57,16.3,88,1.95,3,9,2,No,blue,Yes,2,61,1502.3205,0
144,615616,1064,6,2,395,27.2,8.4,23,8.9,93.5,1.36,4,5,9,No,white,Yes,1,62,241.6705,1
147,563304,700,4,5,421,19.4,9.1,44,17.9,88.2,1.58,4,9,4,No,white,Yes,1,48,1050.1205,1
152,1070102,2670,3,2,1171,10.6,8.8,17,4.8,89.5,1.66,4,8,3,No,blue,Yes,2,4,1309.4705,1
154,749790,1222,4,5,959,19,7.8,55,2.9,90.6,1.27,5,6,5,No,white,Yes,2,14,697.6705,1
158,830135,1785,4,6,200,37.9,7.6,9,8.6,88.9,0.78,2,2,9,No,yellow,Yes,1,17,1404.4705,1
162,808254,1486,5,4,619,11,7.4,35,3.7,88.3,1.83,6,5,9,No,yellow,Yes,2,60,837.3205,1
170,921741,2637,3,7,1017,57.5,9.5,78,4,88.9,1.04,6,3,8,No,red,Yes,1,-3,299.6205,1
176,627957,1371,6,2,999,19,8.2,14,4.8,93.4,1.7,4,8,6,No,white,Yes,2,15,981.7205,1
178,1038987,3324,3,4,1720,24.3,7.5,11,19.7,91.7,2.05,9,7,8,No,blue,Yes,1,7,645.4205,1
190,758182,2103,5,2,839,12.3,8.4,7,21.4,93.2,1.83,4,9,3,No,white,Yes,2,36,1400.6705,1
193,737670,1233,2,4,1317,36.1,6.3,30,6.1,92.1,0.8,2,2,6,No,white,Yes,2,28,1155.5705,0
210,1041222,3259,2,4,764,30.9,8.8,3,7.8,93.1,1.43,8,8,2,No,white,Yes,3,0,906.6705,1
212,651373,1740,2,6,846,28.7,8.1,59,4.5,91.4,1.29,6,3,1,No,green,Yes,2,19,1537.4705,1
213,787593,1487,3,3,200,3.6,8.6,1,0.5,93.6,1.72,2,10,10,No,blue,Yes,2,21,1422.5205,0
214,851895,2070,3,3,609,35.3,8,27,8.3,99,1.75,1,5,4,No,yellow,Yes,2,42,1108.0705,1
227,737897,1812,5,7,635,35.4,8.2,28,3.4,91.1,1.2,8,4,10,No,white,Yes,1,19,819.2705,0
230,577043,1371,6,4,616,15,5.8,12,26.8,97.7,1.72,3,1,8,No,blue,Yes,2,6,1467.1705,1
233,832737,2076,5,1,1171,16.6,5.5,4,6.2,95,1.83,5,2,6,No,red,Yes,2,48,1185.9705,1
234,682089,992,3,4,200,37.3,7.9,17,1.3,94.8,1.06,5,7,6,No,red,Yes,3,40,647.3205,0
236,889506,2124,4,3,693,26.8,9.4,5,6.3,96.4,1.52,7,8,9,No,red,Yes,3,29,1390.2205,0
237,727518,1969,2,3,836,39,9.3,34,24.1,93.6,1.25,9,4,10,No,yellow,Yes,3,43,646.3705,1
238,820008,2539,4,3,715,26.6,6.3,61,3.7,97,1.28,3,8,6,No,blue,Yes,2,48,1156.5205,0
243,864594,1446,3,4,200,7.7,9.5,67,1.2,92.6,1.34,5,6,6,No,yellow,Yes,1,8,1501.3705,0
245,864481,2158,3,2,956,11.6,9.1,64,0.5,96.1,1.53,9,8,4,No,red,Yes,2,-3,679.6205,1
253,659537,1279,4,6,200,19.3,8.3,51,18,93.1,1.4,3,6,1,No,white,Yes,1,52,457.3205,0
254,892293,2603,5,5,1029,8.5,7,34,1.6,97.6,1.59,8,8,9,No,red,Yes,3,18,578.9205,1
258,825901,1920,2,1,499,42,9.1,0,14.2,94.8,0.92,4,6,3,No,green,Yes,2,33,222.6705,0
259,762350,1333,1,2,422,25.8,7.8,6,2.1,93.3,0.89,4,6,3,No,yellow,Yes,3,12,808.8205,1
263,1296049,4410,2,4,1613,62.4,9.4,46,4.1,95.3,1.55,6,9,3,No,red,Yes,2,31,916.1705,1
264,795068,1740,1,5,723,13,7.1,15,0.5,93.7,1.93,2,2,10,No,blue,Yes,2,11,195.1205,1
267,747320,1778,3,6,949,9.7,6.5,9,7.7,99,2.01,8,6,7,No,green,Yes,2,37,1305.6705,0
273,863788,2246,2,6,287,39.9,6.5,12,5.4,91.3,1.19,6,2,6,No,white,Yes,3,55,135.2705,0
285,752870,2190,5,5,225,22.7,7.2,11,7.3,93.2,1.94,6,5,4,No,green,Yes,2,12,1097.6205,1
287,1003179,2410,3,5,911,19.3,8.3,5,2,94.1,1.72,9,3,1,No,blue,Yes,2,16,1436.7705,1
293,970763,1979,5,5,756,39.5,8.8,23,3.7,91,1.79,2,6,9,No,white,Yes,2,11,1297.1205,1
295,627513,1233,1,2,225,34.9,8.6,22,6.3,93.3,1.55,9,3,2,No,yellow,Yes,1,38,552.3205,0
296,620406,2602,3,1,1346,45.3,7.3,59,29.1,94.6,1.52,6,2,8,No,red,Yes,2,12,1328.4705,1
297,741609,1775,2,7,603,54.1,9,39,9.5,92.2,1.43,2,3,2,No,white,Yes,1,5,497.2205,0
302,807848,1503,6,5,702,18.3,8,44,1.8,91,1.49,10,6,2,No,green,Yes,2,57,387.0205,1
303,717232,1862,5,4,1459,33.6,8.6,58,15.7,87.3,1.64,3,6,3,No,white,Yes,2,45,710.0205,0
308,681187,1522,6,6,874,44.1,6,10,26.5,91.4,1.7,5,6,3,No,red,Yes,3,32,142.8705,1
311,670224,1686,2,6,393,62.4,8.9,33,0.7,90.5,1.62,6,9,10,No,red,Yes,1,47,1169.8205,0
318,863413,2458,2,5,861,24.8,7,0,27.6,95.7,0.98,6,7,5,No,blue,Yes,2,52,492.4705,1
320,924413,2614,1,4,1303,44.7,9.8,18,2,98.4,1.32,6,8,7,No,green,Yes,3,50,445.9205,0
331,820859,1124,2,5,200,8.8,9.8,22,3.6,91.2,1.37,6,1,2,No,green,Yes,1,35,854.4205,1
334,781961,1376,1,6,358,18.5,8.7,25,3.1,94.8,1.16,6,9,3,No,red,Yes,1,10,971.2705,0
335,916417,1778,4,5,1380,41.3,7.9,2,3.8,90.7,1.34,9,6,5,No,red,Yes,2,9,357.5705,0
336,880363,1954,2,1,1053,7.1,7.1,8,12.2,96.4,1.01,5,8,9,No,yellow,Yes,2,27,586.5205,1
337,943101,3097,3,5,1443,64.6,9.3,55,11.4,87.7,1.34,2,3,5,No,white,Yes,1,51,480.1205,0
338,510055,1269,4,2,853,58.1,8.3,2,12.8,94.2,1.91,4,4,10,No,green,Yes,1,22,1123.2705,1
340,597428,1670,4,6,200,40.8,9,18,12.7,93,1.14,5,9,8,No,blue,Yes,2,8,798.3705,0
341,626319,1769,1,1,232,34.1,8.2,100,4.2,88.5,1.14,4,10,9,No,red,Yes,2,62,123.8705,0
349,809558,1440,1,7,214,12.4,8.2,28,0.5,95.6,1.57,9,8,6,No,green,Yes,2,49,247.3705,1
355,803770,2959,5,5,836,60.3,6.4,56,18.6,91.2,0.92,7,7,1,No,white,Yes,3,42,843.9705,1
360,957416,2246,6,5,1505,9.3,9,5,0.5,96,1.19,6,3,8,No,blue,Yes,2,6,316.7205,1
362,559361,1059,3,7,536,35.2,9,42,0.5,92.3,1.18,7,4,10,No,white,Yes,1,34,1436.7705,0
371,670494,1692,5,3,613,44.5,8.4,2,16.7,97.5,1.48,2,3,7,No,green,Yes,2,43,233.1205,1
379,610238,1790,2,3,238,30.8,7.3,95,9.7,89.4,1.24,10,7,3,No,green,Yes,2,37,708.1205,1
382,633469,1495,3,5,438,39.3,6.6,24,6.5,86,1.26,9,1,10,No,white,Yes,1,-3,491.5205,1
388,768900,1587,3,1,438,22.1,7.9,1,29.5,92.8,0.66,5,3,8,No,yellow,Yes,2,45,606.4705,1
391,839909,2399,5,7,1278,36.6,6.4,21,1.4,94.4,2.02,1,9,2,No,red,Yes,3,22,354.7205,0
392,867558,2150,5,3,1073,11.1,7.5,46,6.1,92.3,1.11,4,4,1,No,yellow,Yes,3,17,751.8205,0
403,957151,1818,5,1,245,26.4,8.5,19,2.9,89.4,0.73,2,6,10,No,white,Yes,3,-3,1128.9705,0
404,1098403,2816,5,7,971,26.5,8.1,3,3.9,96.8,1.41,3,3,8,No,green,Yes,2,1,434.5205,0
408,919632,2337,1,6,1631,25.1,8.5,2,10.3,93.6,0.89,10,1,4,No,yellow,Yes,1,17,1198.3205,1
412,789894,1943,4,3,1019,12.8,9.2,21,2,86,1.66,5,4,8,No,blue,Yes,2,25,1410.1705,1
413,780493,1964,3,7,436,40.6,8.6,59,4,86.5,1.35,4,2,5,No,green,Yes,2,60,1511.8205,0
416,604938,1985,6,3,796,65.8,6.1,15,11.2,92.2,0.72,10,10,9,No,red,Yes,3,15,1028.2705,0
417,839465,2227,2,1,1240,11.8,6.3,17,1.7,95.2,1.11,6,3,5,No,blue,Yes,1,18,76.3705,1
421,991626,2621,3,4,557,17.5,9.4,19,9.2,91.9,2.34,8,3,4,No,yellow,Yes,3,30,973.1705,0
423,858500,1886,4,2,200,13.3,9,36,3.8,91.9,1.57,7,10,6,No,green,Yes,1,52,779.3705,1
424,871051,1409,4,3,860,19.5,7.8,2,11,87.9,1.39,5,10,10,No,green,Yes,1,43,976.9705,0
430,659890,1759,2,4,807,28.9,8.3,10,8.9,95.7,0.5,4,8,9,No,yellow,Yes,2,-4,545.6705,0
431,815665,1482,5,3,272,12.6,7.6,6,11.4,98.6,1.13,1,9,4,No,yellow,Yes,3,38,1019.7205,0
432,911437,3477,3,4,921,39.4,5.9,5,31.1,96.9,2.07,2,5,7,No,red,Yes,2,44,889.5705,1
435,1018106,2100,4,7,756,20.9,8.9,6,4.9,90.3,1.76,1,3,8,No,green,Yes,1,29,713.8205,0
437,512579,1259,2,6,550,36.7,4.7,2,2.8,96.3,1.31,1,4,1,No,yellow,Yes,2,31,238.8205,1
450,770715,1960,1,2,1141,60.1,8.5,34,13.3,91.1,1.97,3,9,4,No,red,Yes,2,-2,1068.1705,1
456,956606,2661,6,3,1175,5.1,8.1,26,40,90.3,1.41,7,2,9,No,white,Yes,2,48,1032.0705,1
458,486001,2112,4,3,377,49.1,7.1,3,23.6,98.8,0.99,2,2,5,No,green,Yes,3,6,988.3705,1
462,942894,2866,3,3,729,50.4,9.2,88,1.9,94,1.5,5,4,5,No,red,Yes,2,12,1071.0205,0
467,696365,1421,1,3,327,27.9,8.5,47,12.5,95.5,1.43,5,1,2,No,yellow,Yes,2,16,613.1205,1
470,751032,1091,4,5,200,67.4,9.3,26,4.4,93.6,0.89,4,10,8,No,yellow,Yes,3,63,40.2705,1
476,442067,929,1,4,200,41.6,8.8,47,4.7,91.3,1.78,2,3,2,No,green,Yes,3,47,61.1705,1
492,606345,881,2,5,375,7.2,9.3,2,3.8,86.1,1.15,8,9,4,No,green,Yes,3,34,1275.2705,0
499,773489,1474,4,1,689,13.8,7.3,9,7.5,94.8,2.33,4,2,1,No,yellow,Yes,2,38,45.0205,0
5,974688,2298,5,4,1223,8,7.2,30,1,96.5,1.83,2,6,10,No,red,Yes,2,16,213.1705,1
6,772922,2066,6,6,453,12.3,8.3,16,0.5,93.2,1.43,7,3,10,No,green,Yes,2,22,474.4205,1
15,1090698,3305,2,4,1445,41.4,7.8,27,1,96.8,0.88,10,9,8,No,red,Yes,2,61,633.0705,1
17,726980,1433,4,5,200,13.3,7.2,16,2.4,98.2,0.92,7,9,3,No,yellow,Yes,2,29,752.7705,0
28,737130,1877,4,1,568,56.2,8.4,28,3.4,93.5,1.31,9,8,3,No,green,Yes,3,46,311.0205,0
37,862325,1172,5,5,304,19.4,9.5,6,0.5,94.4,1.29,4,5,7,No,white,Yes,2,37,583.6705,0
41,1019663,3245,2,2,1179,6.8,6.5,100,2.7,95.6,1.33,1,6,7,No,yellow,Yes,2,41,1395.9205,1
43,882820,2626,3,3,828,32,5.7,29,12.8,93.3,0.76,8,9,2,No,yellow,Yes,2,56,126.7205,0
44,732297,1776,2,5,665,17.2,8.5,5,29.2,88.2,1.56,6,7,2,No,red,Yes,2,60,1040.6205,0
45,689025,1694,1,2,303,43.2,8.9,53,3.4,96.5,2.02,5,9,3,No,white,Yes,3,14,1308.5205,0
47,885535,2262,2,2,949,38.6,9.4,15,0.5,89.5,1.46,6,8,3,No,red,Yes,2,11,103.9205,1
50,1013350,2918,3,6,1173,13.6,7.7,0,12.2,93.5,0.88,10,10,7,No,red,Yes,3,48,821.1705,1
54,810476,1972,5,3,307,4.8,9.7,85,12.4,89.1,0.76,1,2,9,No,white,Yes,2,14,564.6705,1
55,631603,1485,5,3,200,30.2,8.5,17,5.2,85.9,1.69,5,10,6,No,yellow,Yes,2,57,974.1205,1
56,707332,1423,2,2,650,33.7,8.9,31,2.9,96,1.23,6,4,9,No,white,Yes,2,37,1391.1705,0
58,1130966,2714,4,3,361,27,8.9,10,5.6,91.7,1.26,4,6,8,No,red,Yes,2,1,197.9705,0
60,576090,1581,4,2,200,30.2,8.2,56,1.6,95.7,1.2,8,7,9,No,red,Yes,2,50,387.0205,0
65,706096,1586,3,5,200,42.9,8.8,25,4.6,97.2,1.87,4,2,4,No,yellow,Yes,1,40,674.8705,1
67,734981,1144,6,3,304,27.8,9.9,15,16.7,95.2,1.3,8,5,7,No,blue,Yes,1,44,1535.5705,0
68,928560,2702,4,7,1098,61.8,8.8,7,5.4,89,1.4,1,5,3,No,red,Yes,2,13,765.1205,0
69,670607,1528,4,5,610,28.1,6.7,31,2,97,1.49,6,6,10,No,yellow,Yes,2,1,1015.9205,1
75,849853,2551,1,5,1214,46.1,8.9,10,2.7,93.1,1.52,5,1,10,No,green,Yes,2,58,122.9205,0
79,1128436,3044,2,4,1191,23.4,7.8,6,2.9,93.3,1.1,10,3,4,No,red,Yes,1,29,1452.9205,0
82,587970,1593,4,6,200,36.4,7.9,74,14.9,94.5,1.43,6,8,3,No,white,Yes,2,-1,586.5205,1
88,952819,1957,4,5,201,3.3,7.4,3,3.5,97.8,0.9,2,5,6,No,blue,Yes,2,13,1536.5205,0
90,873722,1680,6,6,1115,19.7,8.1,43,7.6,89.6,0.99,2,3,2,No,blue,Yes,2,9,1534.6205,0
100,689652,2032,6,4,507,38.7,8.2,67,3.8,99,1.56,3,7,2,No,yellow,Yes,2,43,528.5705,1
104,775211,1714,6,3,364,5.1,8.1,35,5,90.9,1.83,8,10,3,No,blue,Yes,2,33,410.7705,1
106,658178,1251,2,1,247,13.9,9,15,20.1,88.9,2.3,2,6,5,No,green,Yes,2,12,638.7705,0
109,660023,1447,2,6,480,55.6,9.3,6,7.6,95.9,1.54,4,10,7,No,green,Yes,3,33,133.3705,1
110,1189089,3517,6,3,1691,19.6,9.2,32,4.8,99,1.58,5,3,1,No,yellow,Yes,3,17,817.3705,0
111,910873,1684,4,7,346,33.9,8.6,9,3.1,85.7,0.88,6,5,6,No,red,Yes,2,53,13.6705,1
113,862391,2441,2,6,619,43.3,9.3,34,4.9,91,1.07,3,3,2,No,white,Yes,1,4,54.5205,0
114,914023,2141,5,3,781,17.5,9.6,6,13.6,95.9,1.38,5,6,7,No,yellow,Yes,3,4,605.5205,1
118,702092,1764,3,4,769,12.5,8.1,16,2,87.9,1.59,5,7,2,No,yellow,Yes,2,39,57.3705,1
147,699728,1226,1,5,200,30.9,8.7,28,3.8,95.4,1.32,6,8,10,No,red,Yes,2,42,1224.9205,1
152,575683,847,2,4,200,34.5,8.2,8,2.5,94.1,1.15,8,2,7,No,white,Yes,3,53,483.9205,0
155,843971,3198,2,3,1146,37.2,7.6,18,5.7,96.2,1.79,1,10,8,No,red,Yes,2,45,429.7705,1
158,1034169,3960,2,1,1168,13.6,7.8,6,23.6,96.5,1.43,3,9,5,No,red,Yes,2,13,814.5205,1
162,1138851,4013,4,5,1345,27.2,7.1,18,0.5,90.9,1.03,5,2,3,No,white,Yes,2,59,953.2205,0
163,655977,1107,4,5,487,38.7,8.2,69,10.7,92.8,1.5,6,4,7,No,yellow,Yes,2,60,730.9205,1
166,1347905,4228,2,3,1655,34.2,7.4,7,10.5,90.5,0.92,9,2,6,No,white,Yes,2,46,1176.4705,1
168,720835,2193,1,4,808,41.4,5.2,10,10.4,91,1.08,7,5,1,No,white,Yes,2,7,942.7705,0
171,814549,2348,5,7,1441,59.6,9.3,9,22.9,88.2,1.04,2,7,8,No,red,Yes,1,-4,1262.9205,0
172,890936,1986,4,5,1014,20.1,7.3,0,5.6,89.2,1.15,4,1,8,No,yellow,Yes,2,51,807.8705,1
174,676217,1761,5,4,741,60,7,67,0.7,96.9,1.2,2,6,2,No,yellow,Yes,2,-3,1233.4705,0
176,936218,1632,5,3,501,38.3,9.2,18,0.5,90.2,1.55,1,6,3,No,yellow,Yes,2,43,489.6205,1
184,652699,1039,5,2,580,36.5,7.1,41,1.1,89.6,1.4,10,2,1,No,red,Yes,1,19,1048.2205,0
186,1002931,2502,4,4,1896,39.5,6.8,1,4,90.9,1.87,7,8,7,No,white,Yes,2,31,693.8705,0
189,843662,2182,3,3,845,10.6,7,10,0.9,90.7,2.07,6,9,5,No,blue,Yes,1,16,57.3705,0
190,669964,1283,5,4,1190,36.9,9,9,11.1,90.9,1.51,4,1,4,No,white,Yes,2,29,841.1205,0
192,669423,1128,4,3,302,56.4,9.5,5,10.1,90.6,1.07,3,3,3,No,blue,Yes,3,26,799.3205,0
193,836165,1458,2,6,887,20.3,8.4,23,1.8,97.4,1.43,6,10,3,No,red,Yes,1,22,687.2205,1
196,781394,2100,2,1,933,57.1,9,30,4.8,91.9,1.54,5,7,5,No,yellow,Yes,2,1,276.8205,1
199,822668,1947,6,5,1133,27.3,7.7,20,5.8,89.4,2.01,1,6,9,No,yellow,Yes,2,13,631.1705,1
202,709669,1549,6,4,617,11.2,6.9,35,2.2,93.6,1.94,2,3,7,No,green,Yes,2,25,876.2705,0
203,824193,1879,2,3,829,52,9.5,7,7.6,94.7,1.75,10,10,3,No,red,Yes,1,51,748.9705,1
207,627131,1408,3,7,1023,41.5,6.5,2,3.8,89.1,0.97,3,9,2,No,white,Yes,1,45,1323.7205,0
216,1011406,2786,3,5,637,26.3,8.8,37,27,99,1.23,6,9,5,No,green,Yes,2,26,194.1705,0
217,671141,1422,2,6,811,8.1,7.5,81,2.8,95.3,1.13,7,8,6,No,red,Yes,2,-4,827.8205,0
219,689023,1344,1,2,886,16.4,9,6,1.9,97.8,1.54,4,2,4,No,red,Yes,3,14,1109.0205,1
222,727196,2006,3,6,633,32.4,8.3,21,7.5,89.4,1.15,8,2,2,No,white,Yes,3,0,895.2705,0
224,751911,2081,4,4,879,14.8,9,13,8.1,92.8,1.53,6,9,3,No,red,Yes,2,7,1165.0705,1
233,859803,1745,3,4,298,31.2,8.8,7,3.4,96.1,0.98,5,5,2,No,blue,Yes,2,52,1338.9205,1
241,693258,1576,4,3,1142,43.2,9,9,11.9,96.1,1.14,6,9,8,No,white,Yes,1,44,1098.5705,0
252,1027395,2410,4,6,1192,18.3,8.6,50,0.9,92.4,1.37,1,4,10,No,blue,Yes,1,57,1499.4705,1
254,795582,2052,5,6,449,23.2,7.2,29,2.2,86.2,1.33,10,5,6,No,blue,Yes,2,58,14.6205,0
267,706709,1731,3,6,457,22.3,6.5,5,6.3,94.2,1.34,7,4,4,No,red,Yes,1,27,642.5705,0
270,1085034,2774,3,3,1148,16.1,7.1,10,12.5,95.6,1.29,8,6,1,No,green,Yes,3,44,416.4705,1
272,915032,2228,5,4,643,18.4,9.2,12,7.5,88.2,1.55,1,3,10,No,green,Yes,2,54,1129.9205,0
274,622341,1611,4,6,893,44.8,6.6,8,5.9,94.2,0.99,5,7,8,No,yellow,Yes,1,30,1087.1705,1
276,763223,1892,4,3,862,49.1,7,45,5.1,93.8,1.46,8,9,5,No,blue,Yes,1,56,810.7205,0
277,1173309,4053,4,4,1460,37.1,5.9,6,8.1,95,1,1,8,3,No,red,Yes,2,22,807.8705,0
280,895980,1615,2,5,982,12.9,8.9,24,15.6,99,1.34,2,5,2,No,yellow,Yes,2,17,426.9205,0
281,652594,1886,2,3,781,14.6,9,75,15.9,90.6,1.67,3,1,7,No,yellow,Yes,3,21,979.8205,0
283,1094202,2306,4,4,1172,8.4,8.8,28,3.4,92.4,1.02,7,5,10,No,red,Yes,1,54,378.4705,0
287,562952,947,2,5,299,35.9,9.2,4,3.8,96.4,1.28,5,5,3,No,blue,Yes,3,37,63.0705,0
289,716459,1223,6,2,223,50.6,8.4,26,0.5,95.8,1.65,2,7,1,No,red,Yes,3,25,869.6205,1
294,707985,2414,2,4,784,29.1,6.8,50,9.8,96,1.23,9,9,2,No,blue,Yes,3,15,36.4705,1
298,818094,1626,2,5,1120,16.3,9.8,12,4.5,93.7,1.44,4,7,5,No,blue,Yes,3,54,435.4705,0
299,743988,1977,3,5,1072,23.6,8.8,26,8.8,95.1,1.61,4,9,8,No,white,Yes,2,20,919.0205,1
321,834079,1836,5,5,731,22.2,9.6,1,15.6,91.1,0.88,9,4,5,No,green,Yes,3,36,607.4205,1
331,1182043,3076,4,3,805,27.5,9.5,4,2.7,95,1.51,3,1,10,No,yellow,Yes,1,25,1492.8205,1
334,1018501,3033,2,3,1009,47.9,8.1,8,4.1,85.3,1.09,8,6,3,No,blue,Yes,3,13,1050.1205,0
339,719199,1571,4,4,365,45.2,8.5,15,11.6,93.5,1.17,1,7,6,No,red,Yes,2,17,878.1705,0
342,671815,1802,1,3,200,31.9,7.9,31,8.3,86.6,1.68,5,8,3,No,blue,Yes,2,11,386.0705,0
351,598025,1195,6,4,468,25.2,7.5,18,3.6,93.7,1.95,6,1,7,No,red,Yes,2,36,510.5205,0
354,760544,2348,3,1,521,1.4,6.8,20,26.1,91.8,1.49,1,4,6,No,green,Yes,2,-1,1479.5205,1
355,691766,1471,5,1,758,47.8,9.6,63,3.9,95.7,1.51,3,7,6,No,blue,Yes,2,53,709.0705,1
356,622422,727,1,2,1155,9.8,7.2,32,18.5,94.4,1.71,6,5,10,No,blue,Yes,2,-4,1350.3205,1
358,796325,2065,3,2,200,3,8.2,34,8.1,95.5,1.53,9,10,3,No,green,Yes,3,62,1244.8705,1
363,775535,1877,3,6,743,61,8.8,24,6.6,86.3,1.61,5,8,4,No,red,Yes,2,31,226.4705,1
374,353051,1023,5,4,200,47.5,4.4,44,0.5,86.1,1.22,5,10,2,No,red,Yes,2,55,822.1205,0
377,780731,1424,3,5,835,19.2,7.9,30,4.5,93.1,0.98,3,5,9,No,green,Yes,2,52,597.9205,0
381,837944,2282,5,6,1621,34.7,8.6,5,2.3,96.5,1.42,7,10,3,No,white,Yes,2,7,1266.7205,0
394,950738,1888,3,5,535,44.1,8.9,5,1.4,94.4,1.86,10,5,2,No,green,Yes,1,50,807.8705,1
412,846821,2187,4,5,828,37.4,9.1,27,4.3,93.3,0.98,8,4,5,No,yellow,Yes,2,47,608.3705,0
414,1223499,3840,3,7,1159,13.5,7.4,22,5.4,93.3,1.42,2,9,10,No,white,Yes,3,37,1519.4205,0
415,684998,1437,3,1,504,43.4,8.1,47,4.6,95.9,1.38,8,3,7,No,white,Yes,1,-5,1243.9205,0
418,861699,1977,1,7,768,45.3,9,3,3.4,90,1.35,3,2,5,No,green,Yes,3,55,21.2705,1
419,819856,3073,6,2,1375,23.2,8.6,100,8.3,90,1.13,2,1,5,No,blue,Yes,1,27,1086.2205,0
427,1272986,3697,2,6,1280,13.8,8,4,12.5,95.4,1.07,2,3,6,No,green,Yes,1,52,1114.7205,1
428,633798,1223,1,5,252,21.2,8.3,14,17.6,91,1.7,3,10,10,No,yellow,Yes,1,51,519.0705,1
432,670810,2395,2,6,1198,20.7,8.1,100,2.2,85.9,1.45,1,10,8,No,green,Yes,1,53,404.1205,0
433,874405,2433,5,4,962,52.7,6.7,100,3,93,1.62,5,1,4,No,green,Yes,2,44,647.3205,1
434,849769,1468,3,2,497,12.6,8.9,11,1.7,94,1.07,1,6,6,No,white,Yes,2,7,389.8705,0
435,688451,1698,2,6,682,21.4,6.8,33,12,88.5,1.33,2,4,4,No,red,Yes,2,15,227.4205,1
437,654970,1650,3,6,200,34.3,8.8,100,7.6,96,1.56,4,8,5,No,red,Yes,2,-1,214.1205,0
440,1031193,2328,2,1,584,23.8,8.5,12,4.7,94.4,1.69,8,1,1,No,red,Yes,1,1,1127.0705,0
445,829064,2070,3,5,895,18.6,7.6,89,11.8,89.8,1.14,6,7,10,No,white,Yes,1,23,558.9705,1
450,858361,1813,3,2,556,16.3,8.9,38,1.6,91.4,1.58,5,3,5,No,green,Yes,2,58,1375.0205,1
451,936126,2005,6,7,861,18,8.9,13,9,90.8,2.01,3,9,7,No,green,Yes,2,12,1126.1205,0
452,1047940,3266,4,6,865,23.1,8.1,39,6.9,95.1,1.99,5,3,10,No,red,Yes,2,-1,1437.7205,0
453,960403,1958,2,5,1006,39.2,9.2,15,1.5,97.4,0.99,6,9,10,No,red,Yes,1,61,1533.6705,0
456,584733,972,1,6,200,68.7,9,43,1.4,88.8,1.51,9,6,4,No,white,Yes,3,49,102.0205,1
459,954288,2827,5,5,839,21.1,9.4,51,10.1,87.2,1.48,7,9,7,No,white,Yes,3,11,447.8205,1
463,567326,1673,4,4,345,48.3,6.5,45,14.9,97.5,1.22,3,10,9,No,yellow,Yes,1,49,348.0705,0
465,815329,1469,2,3,420,16.9,9,0,14.3,97.4,0.82,8,8,3,No,green,Yes,3,60,1313.2705,1
471,972755,2736,2,3,1141,22.7,5.8,10,0.5,90.7,1.3,5,4,10,No,yellow,Yes,2,44,900.9705,0
472,674564,1454,3,7,541,38.3,6.5,58,6.9,96.7,1.51,4,4,4,No,green,Yes,1,34,738.5205,0
474,753264,1809,5,4,300,18.6,8.3,18,3.8,88.8,0.89,7,4,1,No,green,Yes,3,2,832.5705,0
475,733241,1368,6,2,606,33.8,8.5,6,0.5,89.8,1.34,3,10,4,No,white,Yes,2,35,1109.9705,0
477,718066,1725,2,6,256,9.1,8.8,2,21.2,94.8,1.33,7,7,6,No,white,Yes,2,37,364.2205,0
479,482129,1319,5,2,1127,34.7,6,5,6.9,93,1.18,4,9,9,No,white,Yes,1,32,1166.9705,1
481,942947,2318,5,5,1199,7,9.2,100,0.5,90.1,2.17,3,10,2,No,yellow,Yes,3,7,1193.5705,0
493,617222,1477,4,2,200,68.8,9.2,52,13.9,88.3,1.05,7,5,10,No,yellow,Yes,1,-3,558.0205,0
495,993842,3088,4,5,834,9,9.2,56,8.7,88.9,1.33,4,5,9,No,white,Yes,3,59,827.8205,1
496,1190235,3632,1,3,1180,15.8,7.9,41,0.9,89.6,1.24,2,7,3,No,white,Yes,2,13,1267.6705,1
497,1206776,3704,2,2,776,30.9,8.2,15,2.5,95.3,1.48,3,2,2,No,yellow,Yes,2,40,1281.9205,1
2,768156,1484,2,5,986,44,8,13,18.6,93.8,1.6,4,1,1,No,green,Yes,1,51,909.5205,1
13,730911,1401,5,4,457,64.4,9,37,11.4,95.6,1.59,10,7,9,No,white,Yes,1,23,1536.5205,1
14,809812,937,5,4,200,20.4,7.2,13,2.8,88.9,1.24,4,2,6,No,yellow,Yes,2,24,445.9205,1
15,956790,1749,1,6,670,36.8,9.2,3,13.1,89.6,0.53,8,6,3,No,white,Yes,2,58,569.4205,1
20,1112535,3444,4,7,1946,41.9,8.4,72,6.6,91.3,1.15,2,4,7,No,red,Yes,1,53,1267.6705,0
21,897292,2760,5,5,822,23,8.9,12,22.9,95.9,1.3,8,3,6,No,green,Yes,1,15,26.0205,1
22,877369,2207,4,2,823,42.5,8.2,1,2.5,97.1,1.2,3,6,4,No,blue,Yes,2,21,1216.3705,0
25,799964,1580,4,3,633,11.5,7.7,28,10.5,94.2,1.51,3,1,2,No,green,Yes,2,38,154.2705,0
29,720812,1517,4,7,927,40.2,5.2,4,1.7,95.6,1.53,6,8,8,No,white,Yes,1,36,1110.9205,1
30,531372,1216,3,4,436,12.2,8.4,7,16.1,88.1,1.45,2,6,9,No,blue,Yes,2,-3,459.2205,1
35,627993,1529,3,7,200,18.4,9.1,6,1.4,87.6,1.38,1,5,8,No,blue,Yes,2,58,731.8705,1
39,560205,1195,5,3,200,15.9,8.4,52,5,93.2,0.96,9,4,5,No,yellow,Yes,3,24,595.0705,0
44,743049,1534,3,2,200,62.9,8.3,7,0.5,88.7,1.21,6,4,4,No,yellow,Yes,3,54,718.5705,0
48,774793,2001,4,5,1017,10,9.2,64,13,91.9,1.45,3,5,8,No,blue,Yes,2,4,1062.4705,1
49,880457,2354,5,3,688,38.7,6.6,49,4.6,89.8,1.3,5,4,9,No,yellow,Yes,3,22,1387.3705,1
50,1040374,2765,5,4,1217,25.6,7.6,8,1.3,89.1,1.46,9,4,3,No,yellow,Yes,2,50,60.2205,1
52,804037,1676,5,3,200,12.6,7.9,1,2.8,94.5,1.98,6,3,1,No,yellow,Yes,2,19,985.5205,0
53,813136,1324,6,6,200,8,9.5,33,12.8,96.7,1.22,3,7,6,No,white,Yes,2,32,834.4705,1
56,739399,2047,3,3,200,51.2,8.9,13,4.1,87.6,1.2,2,9,2,No,red,Yes,1,44,818.3205,0
57,1015747,2478,1,6,963,18.4,9.8,13,6.5,92.2,0.96,6,1,4,No,red,Yes,3,2,340.4705,0
64,849475,2453,3,2,805,28.2,8.3,6,7.9,90,1.61,9,4,6,No,blue,Yes,2,54,858.2205,1
68,819850,2156,3,7,984,23.5,9.1,51,9.6,92,0.7,1,9,2,No,green,Yes,3,17,598.8705,1
71,833309,2377,5,3,200,8.7,9.8,58,8.2,88.5,1.18,6,10,4,No,blue,Yes,3,36,440.2205,1
72,780732,1160,2,6,223,6.2,9.2,11,9.3,94.8,1.82,7,3,10,No,blue,Yes,3,60,554.2205,1
73,844758,1995,2,2,275,18.3,8.5,26,3.7,92.3,1.38,8,10,7,No,yellow,Yes,2,16,778.4205,1
75,808774,2119,2,3,352,10.2,6.9,5,14.8,94.6,0.61,8,8,3,No,white,Yes,1,19,542.8205,0
79,668545,1392,6,1,623,50.2,7.5,12,10.3,86.1,1.74,10,9,8,No,green,Yes,2,13,543.7705,1
80,695122,1356,1,3,381,12.3,6.3,15,13.5,96.4,1.29,2,2,1,No,white,Yes,2,52,161.8705,1
83,456448,1261,1,4,271,39.1,7.5,4,19.8,88.6,1.58,3,7,8,No,blue,Yes,2,23,1149.8705,0
85,736103,2091,3,2,437,34.4,6,45,2.4,93.5,1.21,2,8,7,No,white,Yes,3,10,1406.3705,0
86,907828,2294,4,6,359,15.5,7.5,1,3.6,99,1.09,6,4,4,No,blue,Yes,2,50,889.5705,0
92,362319,700,2,2,200,8,8.9,35,28.2,93.5,1.08,4,10,2,No,white,Yes,2,15,1336.0705,0
97,941802,2236,4,6,957,5,9.1,2,1.7,87.4,1.13,2,10,1,No,green,Yes,3,36,752.7705,0
100,594602,1395,5,2,614,17,8.5,16,27.8,92.7,0.92,10,7,5,No,green,Yes,3,20,347.1205,1
102,902783,2912,2,4,786,17.6,7.1,1,9.4,95,1.4,1,4,9,No,yellow,Yes,2,0,1389.2705,1
103,776256,1436,1,5,203,48.3,8.2,7,2,93.1,1.04,8,10,2,No,yellow,Yes,2,39,393.6705,1
105,705528,1520,5,4,596,38.1,5,31,8.8,91.9,1.48,5,5,7,No,red,Yes,1,14,1033.0205,0
109,825491,2015,1,7,1102,49.2,6,7,0.8,89.4,1.29,8,9,3,No,white,Yes,1,35,774.6205,0
111,659065,1625,5,1,498,20.2,6.9,5,16.1,88.7,1.21,3,2,6,No,yellow,Yes,2,38,707.1705,0
115,702562,1690,3,7,655,4.8,8.6,26,2.9,90,1.5,1,3,10,No,red,Yes,3,32,333.8205,1
120,988878,2691,1,4,280,35.6,7.3,5,25.1,92.3,1.15,3,2,1,No,blue,Yes,1,33,732.8205,1
125,1057436,3468,2,1,1633,26.5,9.9,13,13.4,88.3,0.67,9,2,6,No,yellow,Yes,2,43,1165.0705,0
128,965446,2818,4,1,736,41.6,9.8,51,9.2,85.4,1.83,5,7,4,No,red,Yes,1,14,1145.1205,1
129,619230,1843,5,2,971,64.7,5.7,36,1.9,97.3,1.67,7,7,2,No,green,Yes,1,53,1516.5705,1
131,877736,2133,3,3,1172,10.4,7.8,5,1.3,95.2,1.41,10,4,3,No,red,Yes,2,3,646.3705,1
133,759634,1437,3,4,387,18.9,9.7,2,5,94.9,1.31,7,6,10,No,red,Yes,2,42,190.3705,0
135,669612,1601,2,6,669,45.5,8.5,25,5,92.2,1.4,7,6,3,No,green,Yes,1,16,843.0205,1
157,867632,1909,6,5,1170,12.7,8.2,100,5.5,95.4,1.19,1,10,5,No,green,Yes,2,16,1222.0705,0
164,493166,1455,4,3,200,46.8,8.3,31,16.6,93.7,1.15,4,6,2,No,blue,Yes,2,14,761.3205,0
170,815188,2180,2,6,553,39.5,9.5,2,31.2,95.2,1.22,9,6,7,No,green,Yes,3,45,1304.7205,0
174,720706,1303,4,5,200,14.6,7.6,41,2.5,92.2,1.55,2,1,6,No,yellow,Yes,2,16,374.6705,1
178,1009622,3066,5,7,1135,12,7.5,8,18.4,96.6,1.36,2,1,8,No,red,Yes,3,33,1520.3705,1
179,1144145,2553,6,2,708,7,9.6,4,3.2,94.7,2.13,4,4,6,No,green,Yes,1,1,87.7705,0
186,789067,2728,5,4,657,29,8.3,2,18.2,92,1.62,9,1,2,No,white,Yes,1,24,1471.9205,1
193,918359,2442,3,4,1229,43,7.4,2,4.2,89.8,1.65,8,5,1,No,blue,Yes,1,55,1278.1205,0
201,693419,2035,4,5,517,19.1,8.3,52,5.5,92.7,1.59,7,10,2,No,green,Yes,3,-4,566.5705,0
214,851176,2421,2,2,200,43.1,7.6,9,2.6,93,1.87,10,8,3,No,white,Yes,2,46,385.1205,1
215,837153,1492,2,6,436,18,8.8,4,6.1,92,1.06,9,8,1,No,green,Yes,1,-6,51.6705,0
224,884347,2233,2,4,807,23.9,8.7,15,13.5,90.6,1.62,5,4,9,No,blue,Yes,3,-4,1490.9205,0
228,1071048,2388,3,5,318,33.5,7.5,2,0.5,93.3,1.15,1,8,2,No,green,Yes,2,40,983.6205,0
235,916758,2382,5,6,489,8.8,8.2,5,3.9,88.3,0.94,8,10,4,No,red,Yes,2,57,324.3205,1
240,1022364,3276,2,2,637,21.3,6.6,54,5,86,1.65,8,4,2,No,blue,Yes,2,55,695.7705,1
243,690863,1845,3,5,357,46.1,7.3,9,0.5,80.4,1.28,3,8,6,No,white,Yes,2,-2,19.3705,1
245,669078,1301,3,1,1043,51,9.7,57,2.6,98.1,1.49,10,8,9,No,white,Yes,3,62,994.0705,1
247,986958,2532,5,2,823,34.9,8.9,7,3.6,88.2,1.06,8,9,10,No,yellow,Yes,1,15,940.8705,1
249,753825,1923,4,2,200,56.4,7.4,7,10.1,86.6,0.97,10,2,8,No,yellow,Yes,2,50,279.6705,1
252,833306,2282,2,2,1184,27.9,8.5,9,1,92.4,1.25,8,1,2,No,white,Yes,2,0,1168.8705,0
254,696176,948,3,3,200,14.3,8.7,19,1.6,99,1.97,5,1,1,No,blue,Yes,1,53,1470.9705,0
256,1033217,2911,4,2,1018,18.9,5.9,20,7.7,99,1.18,10,1,9,No,white,Yes,1,9,672.0205,0
265,739546,1651,3,7,1123,19.9,8.8,31,6.8,92.3,2.03,7,10,7,No,blue,Yes,1,12,1077.6705,1
268,844082,1693,5,6,1145,47.4,6.2,1,4.6,91.2,0.91,6,5,3,No,blue,Yes,2,30,689.1205,1
269,878357,1879,4,4,936,20.9,9.6,4,5.5,92.9,1.59,1,10,9,No,yellow,Yes,2,50,100.1205,0
270,902161,2183,2,5,1466,40.7,9.9,30,9.6,92.2,1.13,2,3,9,No,yellow,Yes,2,-5,1109.9705,1
271,848075,1828,6,6,1073,23.6,8.2,28,3.7,91,1.89,8,10,7,No,white,Yes,3,10,242.6205,0
290,987080,2878,6,3,848,24.6,8.3,41,15.2,94.2,1.36,2,4,2,No,red,Yes,3,27,187.5205,1
300,687146,1813,4,5,1063,20.2,7.8,5,8.4,94,1.28,3,10,7,No,green,Yes,2,5,170.4205,1
303,681015,1405,1,3,593,51.7,9.4,2,12.2,90.2,1.21,3,4,5,No,red,Yes,1,36,1022.5705,1
304,579802,1060,2,4,386,22,8.4,2,40,96.3,1,3,3,1,No,yellow,Yes,3,58,1198.3205,0
305,547236,958,6,3,661,42.9,7.4,36,15.2,91.9,1.29,3,7,10,No,white,Yes,2,-1,1333.2205,1
307,882337,1976,5,3,490,30.2,8.2,15,8.7,92.6,1.51,9,7,8,No,white,Yes,2,61,1450.0705,1
309,707917,1035,5,2,200,50.1,6.6,3,10.5,97.9,1.88,8,2,5,No,red,Yes,1,28,771.7705,1
312,820281,1895,5,7,742,24.1,8.8,9,12.7,86.5,1.51,9,10,7,No,yellow,Yes,2,35,1515.6205,1
313,1058398,3165,4,5,1073,10.3,8,1,4.8,94.1,1.91,2,10,8,No,white,Yes,2,38,645.4205,0
314,1041486,2464,4,5,938,28.6,9,8,1,90.8,1.62,10,10,8,No,white,Yes,2,45,935.1705,0
315,855513,1639,4,5,413,27.5,8.4,1,6.6,92.4,1.02,4,10,1,No,green,Yes,3,-5,1153.6705,1
338,820444,1870,1,2,415,24.4,8.4,9,1,90.9,1.2,1,10,8,No,white,Yes,2,17,433.5705,1
339,664880,1779,3,2,430,40.5,7.4,31,5.8,94.9,1.74,6,5,10,No,green,Yes,2,12,98.2205,0
347,1083547,2803,4,7,1426,12.8,9.4,13,9.4,96.8,0.6,7,3,8,No,white,Yes,2,1,668.2205,0
352,820969,3351,3,4,1415,68.9,7.5,20,26.6,97.6,1.17,8,4,7,No,white,Yes,2,39,1123.2705,1
354,954429,2483,4,4,734,23.9,9.6,21,2.9,97.1,1.72,7,6,7,No,yellow,Yes,3,60,554.2205,1
357,740041,2930,4,1,1138,28.7,6.2,100,10.3,92.1,1.25,3,1,3,No,white,Yes,3,33,55.4705,0
358,547825,1649,2,2,200,25.7,7.8,74,9.8,94.1,1.21,4,7,5,No,white,Yes,1,-6,707.1705,0
359,741785,1991,3,5,1045,43.2,6.4,31,1.8,98,1.66,1,6,7,No,blue,Yes,2,48,154.2705,0
368,647673,2670,3,5,656,58.4,7.2,56,16.4,92.8,1.68,3,9,1,No,white,Yes,3,0,917.1205,1
370,579039,1559,3,5,754,43.7,8.6,37,9.3,92.4,1.45,10,3,4,No,blue,Yes,3,53,348.0705,0
374,848485,2365,4,4,1041,46.7,7.6,33,0.5,92.4,0.95,6,6,10,No,blue,Yes,2,53,1404.4705,1
375,1045574,2847,2,4,1493,36.4,7.2,32,5.8,94.6,1.36,8,7,10,No,blue,Yes,2,62,629.2705,1
376,1050836,2934,3,3,345,10.6,9.6,29,1.3,96.1,1.7,8,5,8,No,green,Yes,2,2,1449.1205,1
379,846745,999,6,3,200,9.5,9.1,4,10.5,89.8,1.7,10,3,3,No,blue,Yes,3,21,271.1205,1
387,788414,1356,5,6,200,4.6,9.5,5,2.5,96.4,1.66,6,1,1,No,white,Yes,2,1,982.6705,1
388,1061383,2088,4,2,435,45.6,9.5,2,4.6,89.4,1.1,8,1,8,No,white,Yes,3,15,783.1705,0
389,844210,1525,1,4,994,26.2,7.9,5,4.7,96.2,1.26,10,4,3,No,blue,Yes,2,2,658.7205,1
398,1098640,3150,4,2,862,15.4,6.7,32,4.3,84,1.6,1,9,8,No,green,Yes,1,52,451.6205,0
399,714114,2190,5,6,530,6.2,6.3,45,17.6,93.4,1.32,2,8,7,No,red,Yes,2,34,1451.9705,0
400,507000,1623,6,7,437,33.8,6.5,6,32.8,96.5,1.93,6,7,6,No,yellow,Yes,3,55,900.0205,1
403,1006942,2714,2,3,420,1.5,9.4,20,5.7,91.4,1.56,8,1,1,No,white,Yes,3,35,259.7205,0
405,524239,1734,1,4,578,36.8,4.3,20,14.3,92.3,2.11,3,1,10,No,green,Yes,3,46,1153.6705,0
407,421907,1039,4,2,200,62.3,7.8,24,7.8,91,1.79,9,9,2,No,white,Yes,2,56,276.8205,0
419,794068,1697,3,3,236,15.3,9.1,14,7.3,97.7,1.18,1,7,9,No,yellow,Yes,3,28,23.1705,1
422,873967,2339,4,1,342,15.6,7.1,2,4.2,95.1,1.39,1,2,3,No,green,Yes,2,-2,310.0705,0
425,965694,3720,3,1,1314,43.5,6.6,100,6.3,96.6,2.08,9,8,2,No,green,Yes,2,37,1202.1205,0
429,820922,2646,4,5,560,28.6,8.5,37,4.5,89,1.68,10,3,7,No,yellow,Yes,3,22,1154.6205,0
431,579630,1171,6,3,267,18.5,6.8,55,39.2,92.8,1.52,4,4,7,No,white,Yes,2,51,214.1205,1
433,761103,1529,2,5,200,11.6,9.5,26,0.5,93.2,1.76,3,2,6,No,blue,Yes,1,3,169.4705,1
443,840522,1978,5,6,933,8.9,8.7,7,2.6,91.3,0.92,6,9,1,No,green,Yes,2,0,1462.4205,1
446,698795,1582,5,6,977,11.4,8.8,17,7.9,85.9,1.37,2,1,8,No,white,Yes,1,10,994.0705,1
449,890210,2670,2,4,670,58.7,8.1,36,15.6,93.7,1.14,7,1,5,No,yellow,Yes,1,31,1291.4205,0
450,942451,1768,5,4,1400,17.3,8.9,12,0.5,94.8,1.3,7,9,1,No,white,Yes,1,5,355.6705,1
452,1041825,2800,3,3,1339,46.4,7.2,18,2.6,94.3,1.15,5,5,7,No,blue,Yes,3,34,1111.8705,0
455,850652,1461,6,7,277,56.5,9.1,2,5.9,84.4,2.05,4,7,4,No,yellow,Yes,1,31,1186.9205,1
459,1034550,2605,5,3,1034,36.5,9.1,13,13.5,91.6,1.34,6,2,3,No,yellow,Yes,2,31,1496.6205,1
462,686063,1989,5,5,253,71.7,9.3,3,8,94.5,1.33,4,6,10,No,white,Yes,1,31,667.2705,0
470,877217,2677,1,3,1103,35.7,7.3,8,32.7,91.9,0.85,8,2,1,No,red,Yes,1,36,180.8705,0
471,756995,2216,2,7,908,53.1,5.3,48,2,90.5,1.24,8,1,9,No,blue,Yes,2,28,1494.7205,1
472,433748,700,2,3,200,24.2,8.1,24,34.1,87.5,0.95,6,3,10,No,green,Yes,1,37,881.0205,0
473,766681,2264,2,3,1433,54.4,6,20,10,89.5,1.26,3,10,8,No,red,Yes,2,32,53.5705,1
477,974838,2668,2,3,1197,5.2,6.6,2,0.5,97.2,0.88,2,8,1,No,green,Yes,1,24,1330.3705,1
478,881496,2508,5,7,672,24.8,10,13,3.7,94.4,1.2,1,1,6,No,green,Yes,3,0,284.4205,1
481,732808,1281,4,5,200,28.7,6.6,7,6.6,96.1,1.4,7,5,4,No,red,Yes,2,56,1318.9705,1
482,577787,1111,4,5,494,23,6.8,0,0.5,95,0.82,1,5,3,No,yellow,Yes,3,16,230.2705,0
489,739737,1438,5,2,722,29.3,8.9,0,2.1,88.8,1.83,5,3,1,No,white,Yes,1,1,1128.9705,1
497,675970,1783,1,5,738,45.2,7.1,67,1.1,96.3,1.96,6,6,1,No,blue,Yes,3,40,1334.1705,1
499,796743,1700,2,2,872,22.4,7,14,6.7,96.6,1.64,6,9,6,No,yellow,Yes,1,55,844.9205,0
2,671785,1711,2,1,750,43.8,6,35,0.5,96,1.09,6,3,10,No,green,Yes,1,-3,717.6205,1
7,676627,1801,5,3,467,19.2,7.7,76,17.8,86.2,1.2,4,2,4,No,yellow,Yes,2,24,205.5705,1
12,746604,1378,4,2,437,20.7,6.2,9,2.2,90.2,0.8,6,8,5,No,white,Yes,3,25,1398.7705,0
14,737646,1295,2,3,200,53.2,8.9,2,1,94.9,0.86,1,5,6,No,red,Yes,3,8,501.9705,0
19,718145,2248,4,2,321,37,9.4,11,7.7,93.7,1.22,3,7,1,No,yellow,Yes,2,41,1040.6205,1
21,747502,1838,2,4,837,25.7,9.1,32,10.8,97,1.01,9,2,1,No,green,Yes,1,-5,733.7705,1
24,615864,1138,2,3,721,44,6.5,35,4.9,90.4,0.93,2,4,10,No,white,Yes,2,6,178.9705,0
25,584225,700,5,5,289,23.5,9.5,1,1,90,1.4,9,10,7,No,red,Yes,2,43,791.7205,0
38,713800,1506,2,2,679,15.6,7.2,16,13.7,95.9,1.57,9,5,8,No,green,Yes,2,26,1010.2205,0
42,589750,1560,3,2,200,16.3,8.9,14,0.6,88.5,1.58,3,1,3,No,green,Yes,1,61,279.6705,0
47,888889,1800,1,4,1139,12.7,8.7,34,3.5,93.7,1.09,5,7,8,No,yellow,Yes,2,62,410.7705,0
49,1011628,1605,6,5,496,6.5,9.8,20,0.5,98.4,1.4,9,8,5,No,blue,Yes,2,46,990.2705,1
51,857060,2403,2,6,1347,13.6,5.6,54,1.6,94.5,1.16,2,7,1,No,blue,Yes,3,5,646.3705,0
52,663451,1329,2,4,200,15.1,5.8,60,19.5,92.1,0.89,8,3,7,No,red,Yes,2,19,858.2205,0
54,722576,1618,1,1,566,13.5,6.8,5,23.7,93.7,1.39,10,5,1,No,green,Yes,3,38,509.5705,0
67,696728,767,3,3,200,13.1,9.6,22,3.9,96.8,1.85,7,5,10,No,green,Yes,2,28,576.0705,1
71,917827,2524,5,3,639,2.8,7.9,66,3.8,94.4,1.91,5,3,7,No,green,Yes,3,55,695.7705,0
75,614005,1450,5,4,278,28.7,9,48,14.5,90.1,1.54,8,1,5,No,red,Yes,2,21,259.7205,0
77,924626,2233,5,7,588,4,8.3,8,17.5,94.9,0.86,5,8,4,No,yellow,Yes,3,5,1147.0205,1
80,725532,1538,1,4,1085,38.7,9,13,6.6,84.6,1.83,3,10,3,No,white,Yes,2,1,1047.2705,1
82,973377,2222,5,3,1383,10.2,9.2,6,5.4,88,1.52,1,1,10,No,red,Yes,2,44,836.3705,0
84,620541,806,6,2,200,18.4,7.5,0,2.7,99,1.22,7,5,7,No,blue,Yes,1,42,468.7205,0
86,846780,1174,3,1,399,10.8,9.6,24,5.6,90.2,1.28,7,3,2,No,green,Yes,3,36,1226.8205,1
87,846957,1507,2,4,605,11,8.4,10,3.3,99,1.69,5,7,1,No,yellow,Yes,1,18,1453.8705,1
90,1036813,2993,5,3,1609,35.5,8.1,19,4,93.3,1.48,2,5,1,No,green,Yes,1,24,440.2205,1
101,761975,2053,4,4,848,31.9,9.2,56,8.1,91.6,1.28,8,5,8,No,white,Yes,2,36,635.9205,1
104,866630,2669,4,6,1017,55.7,9.6,23,0.5,93,1.46,6,1,4,No,white,Yes,2,57,291.0705,1
110,998604,2223,2,3,309,3.8,6,20,2.2,93.4,1.59,9,1,4,No,white,Yes,1,4,1195.4705,1
112,891135,1700,2,4,933,40.6,7.7,2,0.5,93,1.54,6,7,4,No,green,Yes,2,36,1299.0205,0
114,551248,1267,5,3,309,40.1,6.6,24,5.8,89,1.01,9,4,7,No,yellow,Yes,1,-5,1289.5205,0
115,928349,2333,4,4,776,24.9,8.9,25,8.9,87.5,1.52,2,4,2,No,white,Yes,2,50,177.0705,1
120,719470,1684,5,2,929,12.6,8.6,5,6,98.6,2.08,7,9,10,No,yellow,Yes,2,41,681.5205,1
132,898368,1812,6,7,772,23.9,9.2,5,2.6,98,1.19,9,2,6,No,red,Yes,1,3,838.2705,1
139,738839,1167,1,6,220,33.4,8.7,13,1.9,88.4,1.18,4,3,4,No,blue,Yes,2,9,1157.4705,0
141,929468,1907,4,1,260,12.4,9.7,77,9.5,93.7,1.63,9,7,2,No,blue,Yes,3,59,307.2205,1
144,781511,1960,5,4,1157,65.2,8,17,7.4,99,0.9,6,8,5,No,green,Yes,2,55,262.5705,0
146,1087212,3032,1,3,1376,35.5,7.8,8,0.5,96.5,1.2,1,2,7,No,white,Yes,2,9,710.0205,1
147,698369,1028,2,7,200,16.1,7.1,5,0.6,90,1.37,10,3,4,No,red,Yes,3,21,728.0705,1
150,783317,1013,2,2,673,21.4,9.2,29,4.1,94.7,1.56,1,3,6,No,yellow,Yes,2,37,1360.7705,1
152,1015103,3220,5,2,984,31.6,9.6,42,8.1,91,1.18,3,9,6,No,green,Yes,2,0,740.4205,0
157,723456,1578,1,4,411,7.2,7.7,21,24.4,91.9,1.81,9,1,7,No,green,Yes,1,59,390.8205,1
161,526356,1220,3,5,891,4.3,5.3,9,5.8,91.7,1.15,5,7,5,No,yellow,Yes,2,33,1309.4705,0
176,1251129,3740,3,3,1488,14.3,8.3,14,1.8,97.3,1.15,8,7,2,No,yellow,Yes,2,8,785.0705,0
177,500486,1025,4,3,450,30.7,6.8,37,13.2,91.3,1.89,9,10,1,No,white,Yes,3,12,805.0205,0
179,1002459,3655,6,7,1153,5.4,7.4,100,34,90.6,1.71,3,4,2,No,white,Yes,2,22,524.7705,1
193,1003693,3656,5,7,1181,79.2,9.2,36,6.6,90.3,1.13,6,6,5,No,yellow,Yes,1,29,725.2205,0
194,719102,1117,2,6,200,29.8,9.3,31,17.7,97.5,1.85,6,1,3,No,white,Yes,2,27,842.0705,0
198,879273,1812,6,4,1256,21.9,9.4,58,1.9,91.4,1.29,2,8,10,No,green,Yes,3,7,983.6205,1
204,500703,1145,2,6,358,19.2,8,66,18.5,93.5,2.09,7,7,4,No,white,Yes,2,13,592.2205,1
206,707508,2124,4,4,727,11.1,7.1,46,0.5,92.1,1.97,7,6,2,No,green,Yes,2,51,1081.4705,1
212,827650,2224,5,4,750,34,8.5,57,0.5,94.3,1.55,10,9,5,No,green,Yes,2,47,308.1705,0
220,796589,1651,3,4,444,33.5,7.2,10,2.9,94.5,1.56,7,2,8,No,red,Yes,1,46,687.2205,0
226,841242,2858,6,4,200,21,8.4,54,16.6,86.9,0.5,8,1,3,No,green,Yes,1,0,673.9205,0
227,1070990,2958,3,7,1985,7.6,9.7,31,5.9,93.5,1.18,2,6,7,No,green,Yes,3,-5,921.8705,1
232,843508,2374,6,3,625,28.1,6.5,55,0.8,97.7,1.15,8,5,10,No,white,Yes,2,36,520.0205,0
238,767290,1289,2,4,465,18.8,8.5,19,1.2,89.4,1.18,2,6,5,No,green,Yes,1,16,845.8705,0
240,926012,2289,2,3,846,7.8,9.1,2,24.2,92.1,1.42,4,9,7,No,yellow,Yes,3,-4,1188.8205,0
243,1245554,3595,5,4,1134,31.3,7.6,16,1,97.8,2.05,8,9,6,No,red,Yes,3,43,1428.2205,1
244,654290,1041,2,2,444,5.4,7.5,8,7.7,92.2,1,6,8,10,No,blue,Yes,2,56,312.9205,0
250,874377,2485,3,2,780,19.9,9,46,24,92.5,1.22,3,4,3,No,white,Yes,3,57,461.1205,1
251,582219,1721,5,5,1052,32,6.8,20,1.3,98.4,1.22,3,7,1,No,blue,Yes,3,36,195.1205,1
252,1202210,3055,5,7,1033,12.4,9.8,6,0.5,97.6,1.33,4,2,4,No,yellow,Yes,2,21,1395.9205,1
253,613891,1083,5,3,200,26.4,6.3,38,6.1,84,1.33,9,10,7,No,blue,Yes,3,7,1516.5705,0
258,638521,1554,5,1,546,48.8,7.1,19,21.3,95.6,1.82,8,6,7,No,green,Yes,2,14,239.7705,1
264,716095,1237,3,6,200,31.3,9.1,50,9.1,92.7,1.98,4,10,2,No,blue,Yes,2,48,1348.4205,1
269,747684,1509,4,4,911,28.7,5.6,26,10.4,89.6,1.63,5,1,10,No,white,Yes,1,16,976.9705,1
270,738355,1749,3,5,1045,12.9,10,7,2.1,93.7,0.99,2,6,9,No,white,Yes,2,40,739.4705,0
274,657622,1822,3,2,912,34.5,7.3,59,2.4,94.6,2.05,3,6,7,No,yellow,Yes,2,43,1052.0205,0
275,601223,1230,2,2,678,47.4,9.2,34,0.5,90.4,1.75,9,9,3,No,red,Yes,3,-1,318.6205,1
285,775188,1530,5,1,310,5.5,7.7,37,12.3,94.2,0.73,4,5,10,No,green,Yes,1,21,959.8705,0
291,1304474,3308,4,2,1415,20.4,8.9,11,3.5,86.3,1.51,9,5,7,No,green,Yes,3,9,415.5205,1
295,659810,1346,5,4,200,18.6,6.4,37,2.1,95.3,0.95,2,5,6,No,red,Yes,2,5,478.2205,1
297,880622,2084,5,4,448,40.5,9.7,32,9,98.5,1.84,10,1,3,No,yellow,Yes,2,53,746.1205,0
298,1056162,2940,2,7,865,37.3,8.2,12,4.3,92.6,1.22,4,2,8,No,blue,Yes,3,9,1085.2705,0
302,623540,1269,4,6,457,20.9,8.5,12,12.8,95.9,1.25,5,4,10,No,red,Yes,1,2,613.1205,0
303,781005,1574,5,6,298,51.8,7.6,4,5.5,88.2,1.53,7,7,3,No,red,Yes,3,10,273.9705,1
305,1079928,3619,6,1,919,51.6,7.9,58,6.9,95.6,1.67,3,5,6,No,red,Yes,2,48,867.7205,0
307,926980,2226,2,5,693,24.8,9.6,20,6,93.5,1.24,7,4,6,No,green,Yes,3,28,1303.7705,1
308,876223,1688,5,4,200,18.7,9,14,0.5,91.8,1.68,4,2,5,No,yellow,Yes,2,21,269.2205,1
325,901968,1796,4,6,789,10.5,8.2,4,2.9,96.6,2.08,5,6,7,No,green,Yes,2,26,1290.4705,0
330,805708,2423,3,3,688,31.8,8.3,14,11.9,91,1.93,2,9,2,No,red,Yes,3,14,1086.2205,1
331,799985,1624,4,2,691,45.9,8.7,40,11.7,99,1.28,7,1,1,No,yellow,Yes,1,38,793.6205,1
332,885578,1755,2,2,734,13.7,9.5,4,5.5,96.4,0.85,9,3,3,No,white,Yes,3,37,715.7205,1
334,873338,1589,5,4,941,28.7,8.4,16,2.4,95.7,1.54,7,1,3,No,white,Yes,1,39,1001.6705,0
340,816885,1429,3,5,681,34.8,9.5,1,7.8,93.9,1.62,10,1,8,No,blue,Yes,3,8,417.4205,0
342,903742,2086,2,6,550,14.2,8.5,13,4,94,1.52,6,4,4,No,red,Yes,1,3,1256.2705,0
352,686409,2234,3,7,970,22,6.5,76,2.1,90.7,1.18,8,2,10,No,white,Yes,2,9,83.0205,1
361,622856,1255,3,2,905,70.3,9,7,0.5,94,0.61,2,9,2,No,green,Yes,3,39,1292.3705,0
363,581296,1056,4,3,200,32.9,8.1,6,6,95,2.05,4,3,1,No,blue,Yes,2,13,364.2205,1
369,685595,1218,2,5,200,16.5,9.1,4,6.7,93.3,1.46,6,6,3,No,blue,Yes,1,34,614.0705,0
375,922995,2661,3,4,543,37,7.7,6,3.6,89.5,1.24,7,3,10,No,red,Yes,1,49,830.6705,0
376,1023377,2988,3,6,457,36.7,9.8,1,8.4,94.3,1.18,9,6,1,No,yellow,Yes,1,4,273.0205,0
379,761100,1557,1,4,750,2,8.1,18,3.5,93.6,1.42,1,5,3,No,blue,Yes,1,25,407.9205,1
390,1040508,2586,5,3,807,11,9.8,1,11.8,91.1,1.62,9,9,1,No,green,Yes,2,9,1387.3705,1
408,868486,2407,1,5,1375,19.4,7.4,4,1.4,95.7,1.42,10,5,1,No,green,Yes,1,-3,252.1205,0
413,725549,1215,3,2,566,30.9,7.5,2,13.7,90,1.72,9,10,10,No,red,Yes,3,2,1011.1705,0
416,734979,1979,6,2,468,18.5,7.3,19,20.2,91.5,0.9,4,10,3,No,yellow,Yes,3,38,672.0205,1
422,862925,2711,3,6,1162,56.6,8.5,8,5.8,86.1,1.41,7,3,2,No,blue,Yes,2,6,1308.5205,1
424,1021378,1773,5,2,501,8.8,8.6,5,2,99,1.14,10,3,3,No,blue,Yes,3,-5,1174.5705,1
433,854387,1785,6,4,200,45.8,7,1,0.5,89.7,1.04,3,9,9,No,white,Yes,2,24,257.8205,0
443,517110,1145,4,6,210,36.6,6.5,15,4.4,93.5,1.56,5,7,3,No,white,Yes,1,16,627.3705,0
447,794646,1995,6,4,562,31.1,9.3,40,2.4,91.4,2.15,8,6,5,No,green,Yes,1,39,794.5705,1
450,654873,1414,6,2,200,10.4,8.6,30,1.9,96,2,6,9,8,No,white,Yes,3,0,1375.9705,0
452,663023,1345,1,7,200,13.6,8.3,26,2.9,91.4,1.28,5,2,1,No,yellow,Yes,3,19,64.9705,0
458,769440,1957,4,4,975,26.5,8.1,42,0.6,88,1.25,5,4,1,No,yellow,Yes,2,18,1548.8705,0
468,612139,1824,2,5,678,65.1,6.4,37,10.6,95.4,1.42,4,5,5,No,white,Yes,2,37,431.6705,1
470,660670,1673,2,4,629,11.2,7.2,17,2.8,95.7,1.56,4,7,10,No,white,Yes,3,43,600.7705,0
474,490214,1110,4,5,332,54.8,7.3,12,12.5,90.7,0.93,2,5,9,No,yellow,Yes,2,54,906.6705,0
475,724715,2002,4,3,538,26.6,8.8,97,4.3,96.8,1.53,5,6,7,No,green,Yes,2,19,461.1205,0
483,1302169,3615,4,1,1134,51.6,9.3,32,0.5,90.7,2.08,1,8,3,No,red,Yes,2,-1,186.5705,0
484,663270,1376,3,4,314,23.7,8.4,11,16,91.4,2.18,7,9,4,No,green,Yes,1,58,45.9705,0
489,789640,1816,3,5,416,4.5,7.7,7,8.4,92.8,1.51,1,7,7,No,blue,Yes,1,27,757.5205,0
491,764177,1791,6,2,342,28.7,7.4,27,9.6,91.8,1.26,6,9,5,No,red,Yes,2,55,388.9205,0
497,642548,1633,2,5,405,28.7,6.2,35,3.6,88.5,1.51,4,7,10,No,red,Yes,3,38,1318.0205,0
498,574609,1632,3,5,339,52.5,8.3,6,3.8,93.7,1.68,7,7,8,No,white,Yes,2,-1,949.4205,0
2,1002426,2526,3,5,1031,27.9,9.4,11,18,93.5,0.98,5,2,5,No,blue,Yes,1,50,386.0705,0
3,906119,1603,1,4,768,25.6,8.8,37,5.8,94.1,1.73,6,10,1,No,red,Yes,1,3,69.7205,0
4,742654,1453,6,4,949,4.2,9.4,23,8.3,94.9,2.07,8,4,10,No,white,Yes,2,40,1475.7205,1
5,808269,1231,2,6,1083,19.3,9.2,62,0.5,98,0.99,2,6,1,No,yellow,Yes,2,39,827.8205,0
12,857612,2180,4,4,796,49,7.9,23,8.5,98.2,0.75,5,1,7,No,red,Yes,2,49,1525.1205,0
22,1120789,4500,4,4,557,14.2,8.5,32,18.6,94.2,1.83,8,5,5,No,blue,Yes,2,28,372.7705,1
30,849360,1212,5,5,200,0.3,9.7,2,0.5,93.2,1.98,6,1,7,No,blue,Yes,2,29,150.4705,0
40,847618,1835,5,3,1122,27.8,9.1,27,2.4,92.2,1.55,1,5,3,No,green,Yes,2,51,1208.7705,0
46,811592,2095,6,5,1187,1,8.5,51,3.7,88.5,1.27,5,1,4,No,blue,Yes,2,22,960.8205,1
47,615884,1111,6,5,467,20.5,6.4,7,28.7,98.7,1.45,4,8,1,No,blue,Yes,2,43,1354.1205,0
48,805401,1477,6,4,200,13.5,9,22,2.1,97.3,0.94,9,10,8,No,white,Yes,1,45,1314.2205,0
51,730210,1033,1,5,800,12.7,9,44,0.5,89.7,0.5,9,2,6,No,red,Yes,1,54,1119.4705,0
55,748313,1328,4,7,615,49.6,8,9,4.2,92.4,1.6,7,8,8,No,red,Yes,2,20,216.9705,0
56,791683,2170,2,6,937,20.6,8.1,54,6.5,94.7,0.5,8,10,8,No,blue,Yes,3,49,820.2205,0
59,741378,2019,4,3,748,43.2,8.5,8,14.5,93.3,0.91,10,4,3,No,white,Yes,2,16,1043.4705,1
61,683562,1262,5,6,502,19.5,9,66,1.4,95.1,1.43,10,5,8,No,green,Yes,3,-4,1033.9705,1
67,590209,1270,4,3,509,7.1,8,90,11.4,99,1.77,9,5,7,No,blue,Yes,1,38,1138.4705,1
75,1135876,4500,2,1,1368,6.1,8.7,9,15.6,83.4,1.27,1,1,6,No,white,Yes,1,29,891.4705,1
80,945300,3331,4,5,914,31.6,7.9,1,15.7,98.3,1.21,10,7,1,No,blue,Yes,1,41,426.9205,0
82,991445,2063,1,6,884,25.8,9.7,7,0.5,94,1.95,10,1,5,No,yellow,Yes,3,18,1280.9705,1
84,1039747,2762,2,1,1129,16.1,9,15,0.8,92.7,1.36,6,6,3,No,yellow,Yes,1,60,1375.0205,1
90,629375,1760,6,3,277,20.1,6.5,56,4.9,93.9,1.37,9,4,1,No,yellow,Yes,3,53,763.2205,1
91,856773,2776,2,2,1169,41.9,8.2,11,4.6,94.7,0.87,6,3,2,No,blue,Yes,2,36,25.0705,1
93,763734,1773,4,4,1437,56,8,12,4.8,87.2,1.45,4,5,9,No,blue,Yes,3,13,374.6705,0
95,915180,2422,3,2,852,19.6,7,2,17,92.7,1.87,3,4,3,No,blue,Yes,3,9,1434.8705,0
97,651064,1456,2,1,200,12.7,6.2,6,0.6,93.3,1.29,6,9,5,No,green,Yes,1,52,165.6705,0
98,808223,1938,3,1,1561,41.6,9.3,27,6,84.8,1.1,8,4,2,No,yellow,Yes,1,4,301.5205,0
99,953291,2740,5,4,752,45.9,9.5,15,8.3,93.3,1.56,8,9,10,No,green,Yes,1,53,283.4705,1
100,673526,1515,3,3,488,14.4,6.1,2,2.6,86.9,1.45,1,2,8,No,blue,Yes,2,25,1285.7205,0
103,705866,1441,4,3,200,10.9,7.6,20,8.4,94.2,1.51,10,7,2,No,green,Yes,2,38,1060.5705,0
107,696217,1457,4,5,228,19.3,6.5,27,6.9,92.1,1.95,1,5,4,No,green,Yes,1,16,1397.8205,0
108,638452,832,5,4,370,36,8.1,2,3,93.8,1.22,9,4,6,No,yellow,Yes,2,24,1442.4705,0
111,942033,2261,6,1,1023,27.8,8.6,11,0.5,96,1.16,2,6,9,No,yellow,Yes,2,20,579.8705,0
112,705388,1209,1,4,1334,5.8,5.7,10,13.3,95.4,1.79,4,1,6,No,blue,Yes,2,39,23.1705,0
113,691336,1677,5,2,754,17.6,7.9,58,4.6,94.5,1.4,8,8,3,No,blue,Yes,3,34,489.6205,0
119,772453,2112,6,5,815,36.5,8.9,9,25.4,97.1,1.12,3,3,5,No,red,Yes,2,25,1494.7205,0
123,624838,1854,1,3,591,51.9,8.1,41,6,96.7,1.57,7,3,10,No,green,Yes,2,-3,1289.5205,1
131,962885,1997,6,5,1222,2.8,7.6,1,1,94.1,0.58,8,7,6,No,red,Yes,2,41,246.4205,1
142,569233,1668,1,6,573,34.7,6.1,50,5.9,95.3,1.63,8,10,7,No,green,Yes,2,25,258.7705,0
145,797617,1229,5,6,609,27.1,9.3,20,8.5,91.2,1.51,10,9,10,No,yellow,Yes,1,23,85.8705,0
146,635852,1368,1,1,730,13.5,7.4,16,7.1,92,1.18,4,4,10,No,yellow,Yes,2,9,672.9705,1
147,828922,1581,1,7,955,41.2,9.3,30,1.4,97.3,0.93,8,3,3,No,blue,Yes,1,8,216.9705,0
158,970494,2458,1,4,1243,24,9.5,6,12.8,89.2,0.77,1,8,2,No,green,Yes,2,8,1151.7705,1
161,666661,1193,4,1,200,3.8,7.8,19,10.7,92.7,1.75,7,8,3,No,blue,Yes,2,36,551.3705,1
168,749825,1169,3,2,221,43.6,8.1,6,5.6,87.4,1.51,5,4,6,No,green,Yes,2,29,1333.2205,1
169,976024,2184,1,7,730,23.4,8.8,51,2.7,91.8,1.11,10,6,2,No,red,Yes,1,-5,1191.6705,0
171,769217,1410,2,1,200,14.1,8.6,37,3.7,94.9,1.41,10,2,2,No,white,Yes,1,4,716.6705,1
176,666347,906,6,6,200,43.5,7.8,1,3.2,93.3,0.92,6,6,3,No,green,Yes,2,51,459.2205,1
184,704382,2326,2,4,841,57,4.1,84,13.8,93.9,1.22,3,7,3,No,blue,Yes,2,16,343.3205,1
186,887413,2011,4,2,881,8.5,7.9,6,8.9,99,1.69,4,4,10,No,white,Yes,1,57,779.3705,0
188,527226,1052,5,2,200,51.9,9.1,5,18.6,95.5,1.04,2,4,1,No,yellow,Yes,1,43,728.0705,1
192,784772,1653,3,6,1195,17,8.9,20,4.2,91.5,1.12,5,10,9,No,yellow,Yes,1,23,426.9205,1
195,778063,2023,5,3,532,22.4,9.5,10,10.3,93.8,1.26,6,10,7,No,white,Yes,2,58,599.8205,0
198,799994,1137,5,6,200,24.4,9.4,12,4.8,88.1,1.2,6,2,5,No,green,Yes,2,20,953.2205,1
202,996503,2637,6,3,1143,37.9,9.3,21,0.5,95.2,1.66,5,4,7,No,green,Yes,2,-2,581.7705,0
206,1031721,2595,3,2,1171,22.3,8.3,45,2.4,86.9,1.22,5,4,8,No,yellow,Yes,2,4,895.2705,0
208,715217,1815,4,6,853,52.2,9.1,3,11.9,93.6,1.11,8,10,5,No,green,Yes,2,41,969.3705,0
209,738964,1592,5,7,951,20.2,8.1,44,20.3,97.4,1.4,3,6,6,No,blue,Yes,2,29,163.7705,0
211,661381,1352,3,7,1174,22.2,7,23,12.1,93,1.07,9,5,3,No,red,Yes,1,-4,1161.2705,1
215,951501,2047,5,7,921,28.2,7.3,38,5.2,94.9,1.44,9,4,3,No,yellow,Yes,1,39,1389.2705,1
217,817887,2241,5,2,914,16.7,7.3,12,2.8,85.7,1.34,7,3,2,No,green,Yes,2,23,500.0705,1
219,697636,1463,3,3,216,32.8,7.5,27,0.9,93,0.78,6,1,9,No,blue,Yes,2,54,328.1205,1
247,763064,1959,5,5,832,28.7,9.2,6,5.6,91.7,1.37,3,9,1,No,green,Yes,2,5,1297.1205,1
256,737678,1537,2,3,970,25.8,7.9,21,17.1,89.2,1.75,6,7,8,No,white,Yes,2,41,879.1205,1
257,675707,1927,4,7,708,21.5,8.2,19,8.9,89.9,1.49,5,5,9,No,red,Yes,3,61,961.7705,1
261,720061,2244,1,4,809,71,8.1,28,0.8,92.5,1.35,7,8,10,No,yellow,Yes,2,9,1339.8705,0
262,656567,1358,2,4,762,41.5,6.7,26,1.5,98.1,1.8,4,1,10,No,green,Yes,1,45,1480.4705,1
264,839003,1443,6,6,535,3.4,9.1,8,0.9,98.2,1.59,4,7,2,No,red,Yes,2,57,1357.9205,1
267,580895,1779,3,6,557,38.8,7.1,30,29.8,98,1.55,6,3,3,No,white,Yes,3,11,596.9705,0
269,747090,1502,2,6,528,16.7,8.2,2,1.5,90.7,1.06,8,6,8,No,blue,Yes,2,15,167.5705,0
274,704137,1047,1,2,530,39.9,9.4,8,0.5,98.8,1.17,2,6,4,No,blue,Yes,2,8,884.8205,1
280,883175,2129,4,4,450,46.7,8,15,0.5,97,1.29,1,10,6,No,yellow,Yes,3,13,839.2205,1
283,803097,1181,4,5,200,7.2,8,12,4.7,91.9,0.9,8,8,8,No,red,Yes,2,42,1328.4705,0
290,656571,1918,2,6,909,50.5,8.4,0,2.6,91.7,0.5,3,3,10,No,white,Yes,3,29,1531.7705,0
296,598068,1338,5,7,275,16.9,7.8,29,5.6,90.4,1.29,2,4,3,No,red,Yes,2,39,143.8205,0
299,750511,1587,5,4,1161,24.3,8.3,16,9.5,88.9,1.83,2,6,7,No,white,Yes,2,40,486.7705,0
301,790875,1920,5,4,672,21.3,7.8,5,7.4,91.4,1.48,6,10,8,No,white,Yes,3,57,1151.7705,1
309,838669,2480,2,5,1244,34.8,7.6,28,7.6,93.1,1.5,3,8,4,No,white,Yes,2,17,1480.4705,0
311,818549,1728,3,2,321,26.5,8.5,11,4.3,94.5,1.45,4,5,6,No,yellow,Yes,1,-2,1314.2205,1
312,679116,1441,5,2,200,17.6,6.4,17,3.3,96.7,1.7,9,3,7,No,white,Yes,2,13,47.8705,1
313,1034231,3308,4,3,1058,32.5,6.2,13,3.5,92,1.33,5,1,9,No,blue,Yes,1,42,199.8705,0
323,1023284,1769,4,6,872,12.2,8.9,3,0.5,97.4,0.97,8,10,7,No,yellow,Yes,2,-1,1046.3205,1
331,706136,991,5,6,200,1.8,8.9,11,1.1,92.2,2.04,9,8,6,No,blue,Yes,2,46,1407.3205,1
336,685943,1621,1,2,574,41,8.1,27,6.5,89.4,2.3,1,9,2,No,yellow,Yes,2,63,576.0705,1
337,1124896,3505,3,3,1219,36.8,9.5,28,2.4,89.5,1.68,3,3,4,No,red,Yes,1,0,1025.4205,1
338,1064032,3180,3,4,1233,12.4,6.9,15,2.9,94.3,1.24,10,7,5,No,blue,Yes,2,35,1372.1705,0
341,646585,1996,6,6,908,27.5,6.6,75,7.7,86.6,1.06,8,7,7,No,yellow,Yes,2,42,719.5205,0
342,584928,1059,4,3,200,51.8,7.9,18,15.3,99,2.28,4,2,7,No,yellow,Yes,3,55,563.7205,1
343,970401,3018,3,1,1325,30.6,6.7,9,1,92,1.45,6,4,1,No,yellow,Yes,3,45,463.0205,0
349,787321,1455,5,4,200,69.8,9.6,23,0.8,96.8,0.76,4,1,7,No,blue,Yes,2,63,361.3705,1
351,647338,1486,3,3,684,18.3,7.9,21,28.9,90.5,1.62,8,2,1,No,red,Yes,2,29,1112.8205,1
357,650795,1400,4,3,407,36.5,8.1,10,12.6,93.8,1.4,2,2,9,No,red,Yes,2,24,554.2205,1
362,744000,2132,1,7,391,55.8,8.7,12,1.7,89.2,1.42,7,6,10,No,white,Yes,1,29,843.0205,0
367,653470,1342,4,4,446,1.2,8.6,26,14,89.4,1.72,9,3,10,No,green,Yes,2,29,1314.2205,0
372,867882,2113,3,3,672,30.8,5.2,19,3.4,95.4,1.38,5,1,3,No,blue,Yes,3,60,413.6205,0
374,656293,1467,5,2,212,19.9,7.5,7,18.2,90.6,1.44,8,8,3,No,white,Yes,2,5,1489.0205,1
375,730433,1781,5,5,499,8.5,6.6,30,2,99,1,4,7,5,No,red,Yes,2,21,664.4205,1
378,827301,1425,4,6,392,24.8,9.1,25,0.5,92.5,1.44,3,3,7,No,blue,Yes,2,57,499.1205,1
382,578847,857,1,3,200,32.9,8.4,15,3.7,94,1.16,4,10,5,No,white,Yes,2,51,995.0205,1
383,870374,1456,3,3,394,25.5,9.1,5,9.5,96.8,1.35,9,4,5,No,yellow,Yes,2,45,672.0205,1
385,682667,700,4,6,259,9.5,7.6,46,0.5,95.1,1.25,1,7,7,No,green,Yes,2,37,143.8205,1
391,541107,1891,1,2,536,45.5,5.8,32,13.8,88.5,1.9,2,5,9,No,red,Yes,2,10,96.3205,1
394,596743,1941,4,1,582,30.2,7.8,96,5.5,95.6,0.98,10,4,1,No,red,Yes,3,42,994.0705,0
396,1347292,4500,5,6,1488,12.7,8.9,21,8.7,93.3,0.71,9,5,7,No,white,Yes,1,6,1535.5705,0
397,616829,868,5,4,200,27,9.1,2,3.3,95.6,1.28,2,4,6,No,white,Yes,2,40,1325.6205,0
399,756450,1628,2,2,200,22.4,8.4,6,10.6,92.6,0.8,6,10,10,No,white,Yes,2,10,1220.1705,1
404,943686,2020,4,4,365,20.3,9,7,5.5,92.6,1.44,7,3,8,No,green,Yes,1,48,1521.3205,1
406,893564,2341,3,3,1722,22.3,9.1,55,9.5,92.7,1.83,7,10,7,No,red,Yes,3,31,1409.2205,0
408,780869,1212,2,3,200,49.7,9.5,28,4.3,95.3,0.91,2,10,5,No,green,Yes,2,-5,600.7705,1
410,920909,2795,3,4,960,46.4,7.7,14,1.3,91.8,1.61,10,9,10,No,red,Yes,1,60,65.9205,0
412,873449,2041,4,6,254,40.9,9.3,29,17.4,94.6,1.55,7,9,7,No,yellow,Yes,2,41,1136.5705,1
414,752489,2347,3,1,570,50.8,8.6,5,17,91.6,0.85,4,9,8,No,red,Yes,1,17,717.6205,0
417,715938,1693,2,6,863,23.6,9.7,26,15.2,92.5,1.22,7,4,2,No,green,Yes,2,2,1018.7705,0
423,907799,1681,3,6,635,33.1,9.3,2,2.5,89.6,1.57,7,4,3,No,blue,Yes,2,35,808.8205,1
424,771945,1760,5,1,402,48.2,8.6,30,5.5,93.4,1.25,2,9,2,No,blue,Yes,1,49,798.3705,1
425,777791,1859,4,3,477,57.4,9.4,7,9.6,89.8,1.38,3,4,8,No,red,Yes,1,60,639.7205,1
435,867070,2446,4,1,725,24.2,7.4,40,21.1,98.2,1.19,7,8,10,No,white,Yes,2,5,124.8205,1
437,680652,1457,2,3,787,69.9,9.7,18,4,90.3,1.74,5,4,1,No,blue,Yes,1,13,246.4205,1
447,803003,1854,3,4,851,11.4,5.8,23,5.8,93.4,1.6,6,5,1,No,white,Yes,3,49,1230.6205,1
452,655581,2363,5,4,200,24.4,6.5,95,2.8,92.7,0.94,4,5,1,No,blue,Yes,2,48,879.1205,1
458,820959,1657,6,6,719,37,9.3,56,4.6,92.4,1.75,1,1,4,No,blue,Yes,1,59,1267.6705,0
468,842486,1474,5,4,1056,14.6,6.8,5,1.3,94.8,0.71,2,1,1,No,red,Yes,2,53,1394.9705,1
470,790321,1978,3,6,200,47,8.6,9,13,89.9,1.58,9,3,5,No,red,Yes,2,38,1135.6205,1
473,659362,1115,4,3,200,36,9.3,26,2.1,87.1,1.59,5,4,1,No,green,Yes,2,62,695.7705,1
476,620714,1868,3,6,200,14.8,5.3,9,14,94.8,1.85,3,8,6,No,green,Yes,2,-5,1242.9705,0
478,638931,1339,4,7,200,9.5,5.8,15,1.7,92.8,1.51,7,1,3,No,green,Yes,1,-2,557.0705,0
489,770033,1212,2,2,1315,32.1,8.7,31,2.8,95.3,1.48,1,10,2,No,green,Yes,2,8,976.0205,1
491,1113706,3060,6,3,888,25.5,5.8,4,1.1,96.2,1.35,7,5,2,No,green,Yes,3,61,443.0705,1
495,689119,1290,3,1,609,36.1,8.8,22,6.1,91.3,1.48,7,8,6,No,yellow,Yes,2,31,26.9705,0
497,736927,1970,2,4,664,10.8,7.7,8,0.5,88.9,2.05,4,7,1,No,green,Yes,3,28,1330.3705,0
499,818398,2023,4,7,673,27.1,9.6,56,3.9,91.6,0.51,9,8,8,No,red,Yes,3,24,642.5705,0
4,1327561,3485,5,5,1205,4.6,8.5,59,3.4,97.7,1.34,5,2,4,No,yellow,Yes,3,-1,218.8705,0
14,600695,1104,2,4,683,22.2,6.2,6,1.4,92.4,1.41,6,6,4,No,red,Yes,1,23,122.9205,1
18,652888,700,1,5,200,24.4,9.3,26,17.7,93.4,1.82,9,7,5,No,blue,Yes,2,10,1314.2205,0
20,894049,2183,5,4,839,6.7,8.3,31,6.2,91.7,1.7,7,10,2,No,blue,Yes,2,62,600.7705,1
22,708606,1531,4,5,721,27.5,8.9,7,6.3,93.1,1.92,1,2,8,No,red,Yes,2,24,1146.0705,1
23,827332,1559,2,2,737,26.1,7.6,52,4.4,92.6,1.53,8,6,10,No,white,Yes,2,62,799.3205,0
26,694968,1571,4,2,722,20.2,6.6,39,0.8,90.4,1.3,6,3,3,No,green,Yes,1,41,374.6705,1
27,807164,1924,2,7,279,39.6,7.6,0,8,94.8,0.96,3,2,4,No,white,Yes,3,56,1114.7205,1
29,828432,1506,3,3,200,27.2,9.2,15,3.7,92.9,1.37,1,7,9,No,green,Yes,3,29,834.4705,0
31,604534,753,5,5,414,25.3,7.8,22,6.3,97.8,1.03,2,6,6,No,green,Yes,2,61,217.9205,0
32,637958,1430,3,5,200,6.2,9.9,23,38.3,93.2,1.68,3,1,9,No,green,Yes,3,24,1166.9705,1
37,843794,1597,2,4,467,14.2,9.2,17,10.4,96.9,1.42,8,6,9,No,white,Yes,2,-3,1428.2205,0
41,869256,2229,4,5,895,9.6,6.8,15,6.2,92.7,1.76,8,9,7,No,green,Yes,2,22,1394.9705,1
43,738328,1466,5,5,479,20.9,6.2,23,4.2,90.2,1.18,4,6,9,No,yellow,Yes,2,-1,191.3205,0
45,725125,2312,1,3,1394,38.9,7.5,2,32.4,94.8,1.47,5,4,1,No,green,Yes,1,59,1128.0205,0
48,784994,1600,2,3,675,21.4,8.8,1,17.6,89.7,1.14,9,2,6,No,yellow,Yes,2,52,240.7205,1
49,926228,2089,5,5,1087,48.4,8.5,3,10.6,94.5,0.85,6,7,8,No,yellow,Yes,2,18,987.4205,0
52,649665,1404,2,6,880,27.1,7.3,77,4.9,93.5,1.1,5,8,6,No,green,Yes,1,25,622.6205,1
53,697381,1627,1,6,948,15.1,7.2,50,11,91.7,1.83,6,4,7,No,white,Yes,2,45,67.8205,0
66,758373,2014,2,5,762,50.3,9.4,17,3.4,98.9,1.74,1,3,8,No,red,Yes,2,4,817.3705,0
74,947873,3187,5,3,589,11.4,7,47,13.6,89.8,0.96,6,4,9,No,yellow,Yes,2,62,824.9705,0
84,700876,1217,2,4,406,62.1,8.7,0,3.9,97.9,1.22,2,9,10,No,green,Yes,2,15,612.1705,1
88,935018,2758,2,6,1147,30.7,7.9,45,11,92.5,1.67,8,5,7,No,red,Yes,1,21,1298.0705,0
94,889413,2085,2,5,621,42.6,9.5,1,3.5,90.6,1.47,10,1,4,No,blue,Yes,2,61,1274.3205,1
95,641588,1330,4,5,697,35.5,9.6,66,4.3,92.8,1.1,1,3,4,No,white,Yes,3,59,201.7705,0
97,1026835,2592,5,5,1378,48,8.7,21,0.8,95.9,1.99,3,2,2,No,green,Yes,1,17,686.2705,1
102,884848,2428,2,4,528,54.6,7.4,37,11.3,94.7,1.56,10,5,6,No,red,Yes,2,63,927.5705,1
105,709840,1394,3,1,650,34.3,6.5,14,5.4,97.2,1.62,4,10,8,No,green,Yes,3,29,109.6205,1
107,493127,1145,2,5,352,41.8,8.2,100,4.2,91.2,2.2,2,4,7,No,red,Yes,2,21,80.1705,0
111,855152,1199,4,3,592,47.9,8.9,8,0.5,95.7,1.46,4,7,6,No,yellow,Yes,2,33,1499.4705,0
114,609953,1179,5,5,589,60.2,9.2,20,14.7,90.5,1.66,6,8,10,No,yellow,Yes,2,60,175.1705,1
118,824655,1382,6,7,652,36,9.5,18,2.1,84.9,1.57,3,10,9,No,green,Yes,3,44,1335.1205,1
120,937287,3213,5,6,837,57,9,51,19.4,91.4,1.66,2,2,8,No,yellow,Yes,2,-2,564.6705,1
122,635807,1453,2,5,481,42.8,7.6,34,1.4,96.8,1.68,6,4,2,No,white,Yes,2,29,1027.3205,0
123,959009,2138,1,5,848,35.9,7.7,63,7.9,98.8,0.79,4,9,10,No,yellow,Yes,2,45,816.4205,1
126,1023607,2332,2,4,603,14.5,8.5,0,0.8,87.3,1.74,5,7,4,No,green,Yes,3,12,769.8705,0
131,814793,1745,4,1,1297,37.7,7.5,10,3.7,91.5,1.24,9,6,7,No,yellow,Yes,2,5,520.9705,0
138,579184,1259,3,6,467,41.9,7.3,2,13.8,99,1.46,10,6,6,No,white,Yes,3,31,242.6205,1
140,782999,1639,3,6,920,14.9,6.3,21,0.8,91.9,1.59,9,10,7,No,blue,Yes,1,27,789.8205,1
142,721487,855,1,6,200,20,7.4,5,3.9,94.7,1.89,3,8,10,No,blue,Yes,2,-1,1264.8205,1
145,906384,2094,5,2,609,7.6,9.8,32,2.3,92.6,1.34,1,1,7,No,blue,Yes,2,-6,903.8205,1
147,623359,1405,5,2,867,27.7,7.8,45,3.9,88.6,1.13,9,8,3,No,green,Yes,2,41,15.5705,1
149,600476,1732,3,6,497,14.9,7.1,2,6.1,92.4,1.71,6,1,4,No,green,Yes,2,23,1547.9205,1
155,643547,1251,4,4,683,41.8,8.5,24,6.8,91.7,2.12,8,5,10,No,red,Yes,2,-3,413.6205,0
158,927496,1870,6,4,902,9.7,7.9,18,2,95.7,1.59,5,6,2,No,blue,Yes,1,7,1063.4205,0
159,970443,2866,5,1,772,37,7.9,4,0.6,91.2,1.28,8,7,1,No,blue,Yes,1,12,272.0705,0
160,739886,2009,3,3,763,14.8,6.7,15,3.4,93.7,1.25,4,4,5,No,green,Yes,1,-2,1097.6205,1
164,563711,1412,6,2,514,47.8,9.3,76,8.5,93.8,1.61,10,6,6,No,blue,Yes,3,42,902.8705,0
166,520312,975,1,4,573,25.5,8.6,32,23.9,92.7,1.63,8,9,10,No,yellow,Yes,2,14,955.1205,1
167,796618,1570,1,6,308,9,9.3,6,15.6,99,1.22,10,5,8,No,yellow,Yes,2,47,437.3705,1
171,589873,1293,2,3,1336,47.5,6.7,9,7.7,97.9,1.33,5,2,10,No,blue,Yes,3,61,1338.9205,0
172,1034587,2227,3,4,909,8.7,9.2,4,17.5,90.2,1.9,4,4,4,No,yellow,Yes,1,54,1260.0705,1
173,680837,1135,5,2,200,18.6,9.1,22,7.8,94.9,1.04,5,1,1,No,green,Yes,2,39,1220.1705,0
174,651903,2362,6,5,637,53.9,8.1,2,30.3,94.2,2.23,3,1,2,No,blue,Yes,2,-3,473.4705,0
175,733137,1267,3,3,200,2.5,8.1,5,0.8,86.5,1.75,9,5,4,No,green,Yes,2,48,1322.7705,1
185,680312,1370,2,4,659,28.1,9.7,0,0.5,91.7,1.39,1,7,4,No,blue,Yes,2,2,829.7205,0
187,679750,1184,2,2,558,23.2,9.8,15,10.3,92.9,1.59,4,3,5,No,red,Yes,2,50,1083.3705,0
191,633058,1560,3,3,705,7.2,8.9,37,13.3,93.9,0.96,3,10,3,No,red,Yes,2,-5,915.2205,0
197,857674,2310,4,6,578,41.2,8.4,27,5.2,99,1.88,9,1,6,No,red,Yes,2,15,48.8205,0
201,737491,1921,2,6,788,74.2,7.2,45,4.1,92.5,1.63,1,9,8,No,blue,Yes,2,57,806.9205,1
203,815503,1946,2,5,223,9.5,7.2,5,3.2,97.1,1.85,9,1,10,No,blue,Yes,3,24,438.3205,1
204,1064007,2816,3,5,1154,29.6,8.3,8,15.3,97.9,1.53,8,4,6,No,green,Yes,3,25,1377.8705,0
209,1053630,2467,2,2,1318,26.3,8.4,1,0.5,94.1,0.99,10,5,6,No,yellow,Yes,3,61,657.7705,0
212,708290,1192,3,2,415,3.7,8.5,12,9.9,93.3,1.36,10,3,6,No,yellow,Yes,3,5,1535.5705,1
213,918925,3226,5,7,373,15.9,6.3,12,14,88.3,0.85,5,8,6,No,yellow,Yes,2,20,436.4205,1
214,856626,3068,5,2,1505,23.4,5.9,11,20.9,93.2,1.4,9,4,10,No,red,Yes,2,58,1195.4705,1
215,960764,2329,1,5,1242,32.7,6.6,10,4.2,96.4,1.51,7,5,2,No,yellow,Yes,1,7,122.9205,1
220,865883,2317,4,3,855,52.1,7.4,8,4.8,97.9,1.37,9,1,1,No,green,Yes,2,15,1040.6205,1
221,582447,1246,1,6,631,33.8,9.8,38,1.9,87.3,1.52,6,1,2,No,yellow,Yes,2,37,1526.0705,1
225,767876,1988,3,5,483,48.4,7.9,9,6.5,89.1,1.81,6,2,2,No,green,Yes,2,19,343.3205,0
228,985198,2788,6,2,944,34.9,9.5,20,0.6,91,1.35,10,8,10,No,red,Yes,1,28,305.3205,0
233,705098,1237,1,2,200,15,8.2,9,3.3,94.3,0.95,5,3,7,No,red,Yes,2,54,567.5205,1
240,785583,2499,3,2,737,14.8,8.3,72,7.3,85.1,1.58,1,3,7,No,yellow,Yes,1,54,914.2705,0
243,608020,1004,3,4,579,39.9,7.8,72,4.5,99,1.57,8,7,8,No,yellow,Yes,1,0,1367.4205,0
249,854380,1950,5,4,841,30.8,8.5,26,2.3,89.1,0.96,6,8,7,No,yellow,Yes,2,11,431.6705,1
258,776162,1403,2,1,903,37.8,8.9,10,1.7,89.5,1.03,4,2,7,No,red,Yes,3,35,1532.7205,1
259,972394,2727,4,4,509,12.2,7.8,31,11.5,99,1.67,3,4,6,No,red,Yes,2,-3,1311.3705,0
265,876034,2272,2,1,268,43.5,7.4,3,9.4,93.1,0.93,7,4,4,No,green,Yes,3,35,1025.4205,0
270,621957,2257,4,7,520,49.8,6.4,85,2.8,95.7,1.6,10,2,5,No,red,Yes,3,37,489.6205,0
272,874070,1326,3,3,524,16.3,8.4,7,3.5,93.2,1.61,1,8,9,No,blue,Yes,1,46,1084.3205,0
275,559916,1306,2,6,525,51.8,8,4,1.7,92.2,1.44,1,9,5,No,white,Yes,3,-3,44.0705,0
278,718411,1887,6,6,754,38.1,9.8,15,12.2,94.3,1.38,7,3,9,No,blue,Yes,2,45,1179.3205,1
281,748698,1331,1,5,1186,30.8,8,36,6.6,95.8,1.41,3,1,2,No,white,Yes,2,58,1013.0705,0
289,808673,1445,3,2,389,22.8,8.3,44,6.8,92.6,1.6,4,8,5,No,white,Yes,2,-1,914.2705,1
293,995107,2814,4,1,1379,47.7,8.7,37,8.2,92.9,1.67,3,9,8,No,yellow,Yes,3,42,226.4705,1
300,833139,2680,4,2,1163,30.3,9.3,13,7.5,98.7,1.52,3,4,3,No,green,Yes,2,25,1164.1205,1
303,914597,1942,5,3,1133,12.4,7.3,9,2.2,91.5,1.61,7,10,4,No,white,Yes,1,43,947.5205,1
306,946012,2610,4,7,675,18,6.6,19,4.7,91.7,1.33,1,1,3,No,yellow,Yes,2,26,1087.1705,1
319,1054510,2666,2,4,1342,10.2,8.1,4,3.5,98.6,1.1,5,1,1,No,yellow,Yes,2,15,1416.8205,1
321,720541,1928,3,3,893,35.9,8.1,30,5.5,90.1,1.83,6,4,5,No,white,Yes,3,39,112.4705,1
322,731670,1312,4,2,747,36.7,9.2,28,9.7,92.6,1.5,5,9,4,No,red,Yes,1,47,1134.6705,0
323,717028,1047,3,5,200,7.7,7.8,0,11.8,90.9,1.83,6,3,4,No,yellow,Yes,2,61,731.8705,0
324,835217,1970,6,5,545,24.3,6.6,2,4,90.1,1.43,8,4,1,No,red,Yes,2,47,1483.3205,0
327,650118,1798,1,7,211,29.5,6.6,9,2.8,96.7,1.52,1,2,9,No,white,Yes,2,15,596.9705,0
331,1058316,2478,1,7,558,21.1,8.4,2,8.4,96.7,1.29,2,10,9,No,yellow,Yes,3,57,1028.2705,0
334,978148,2201,2,1,1005,31.8,9,39,6.7,96.8,1.36,5,1,10,No,white,Yes,3,38,692.9205,1
340,1034202,3375,1,5,1346,46.7,8,6,17.4,94.6,1.06,6,4,3,No,yellow,Yes,3,58,561.8205,0
358,506685,854,2,5,315,34.2,8.2,52,3.5,91.4,1.29,1,4,9,No,green,Yes,1,27,1170.7705,1
359,844500,2113,3,4,545,21.2,6.8,1,30.1,92.2,1.28,5,10,6,No,blue,Yes,3,-5,158.0705,1
370,681063,1884,5,4,894,38.6,6.3,53,6.2,95.6,1.29,8,8,4,No,red,Yes,1,41,982.6705,1
372,803834,1185,6,1,346,15.4,9.3,2,13.3,97.7,0.95,8,2,2,No,yellow,Yes,3,36,918.0705,0
376,637199,1258,3,6,462,19.3,8.3,1,1,81.8,1.3,5,6,4,No,white,Yes,3,34,1124.2205,1
377,763737,1632,4,3,632,3.2,8.7,45,5.2,88.9,2.11,1,7,3,No,yellow,Yes,2,19,594.1205,1
378,496901,1284,5,3,200,44.5,7.9,50,4.1,92.8,1.3,7,1,5,No,white,Yes,2,42,816.4205,0
380,708419,1395,4,4,759,39.8,7.4,4,24.5,98.6,0.78,5,2,9,No,red,Yes,2,63,735.6705,1
384,1104236,2579,4,3,776,12.7,8.9,30,4,92.9,1.52,3,6,5,No,yellow,Yes,2,-5,649.2205,1
385,876355,2651,5,6,790,33.9,8.8,48,5.1,91.9,1.17,4,1,9,No,white,Yes,2,46,1474.7705,0
390,603321,1890,3,6,627,43.8,8.7,26,6.9,93.7,2.08,3,10,4,No,white,Yes,1,56,974.1205,0
392,623365,1359,4,3,1246,27.4,5.7,22,12.8,93.5,1.49,2,10,2,No,white,Yes,2,29,76.3705,1
393,672853,1754,3,5,1081,29.8,7.2,12,11.9,95.8,1.52,1,6,5,No,blue,Yes,3,17,488.6705,0
394,844958,1753,3,2,342,39.8,7.9,2,2.8,96.7,1.07,2,5,9,No,blue,Yes,1,39,1293.3205,1
400,762956,1562,5,4,371,28,7.1,22,0.7,92.8,1.16,7,3,9,No,white,Yes,2,10,508.6205,1
402,878353,2197,6,5,1010,28.5,6,11,5.1,88.9,0.84,5,2,8,No,white,Yes,2,10,1056.7705,0
418,762896,1936,5,6,738,1.6,9.3,18,40,91.4,1.16,9,1,9,No,red,Yes,3,23,1418.7205,1
420,883132,1494,5,5,463,16.9,8.5,1,3,92.4,1.32,9,8,3,No,blue,Yes,2,56,1093.8205,0
428,973971,2922,1,7,1052,17.3,9.7,74,4.4,93.3,1.83,2,4,10,No,red,Yes,1,45,106.7705,0
444,903865,3139,5,4,595,18.7,7.4,3,21.5,90.4,1.27,2,8,1,No,red,Yes,1,38,1139.4205,1
449,687786,1572,3,6,662,17.4,7.5,44,1.7,91.3,1.16,10,2,9,No,yellow,Yes,3,32,144.7705,1
450,595009,1557,5,2,506,8.4,7.8,50,19.1,94.4,1.14,10,4,8,No,red,Yes,2,19,635.9205,0
456,1079385,3693,6,7,1117,21.9,6.1,60,8,91.2,1.76,5,7,1,No,white,Yes,1,-2,1435.8205,0
457,683578,2635,2,4,1228,14.7,8.5,38,23.6,85.1,1.68,9,2,1,No,white,Yes,2,37,1280.0205,1
469,715534,1535,5,6,1071,29,8.1,4,15.2,93.5,1.1,8,1,1,No,red,Yes,2,-1,83.0205,0
470,701436,1667,2,4,852,25.5,8.6,71,2.1,89.9,1.24,8,6,4,No,yellow,Yes,2,-4,1378.8205,0
471,777404,1743,2,2,1128,17.4,6.5,35,3,92.2,0.5,5,1,6,No,blue,Yes,3,26,289.1705,0
472,889278,1750,3,4,246,4.2,9.5,11,13.9,92.9,1.7,2,1,1,No,green,Yes,3,3,78.2705,0
473,748342,1833,2,4,753,36.9,6.9,15,0.7,96.4,1.26,7,2,8,No,yellow,Yes,2,9,11.7705,1
474,778039,1242,3,4,489,19.6,9,2,3.2,93.9,0.79,10,10,1,No,red,Yes,2,48,1228.7205,0
475,779704,1401,3,3,613,8.8,9.5,13,4.8,96.4,1.45,1,6,2,No,white,Yes,2,31,834.4705,1
477,847651,2535,5,2,810,12.5,7.9,32,1.6,86.7,1.21,8,10,9,No,yellow,Yes,2,5,45.0205,1
485,639336,1264,5,4,200,21.2,8.2,4,6.2,93.4,1.25,1,9,3,No,red,Yes,2,41,1039.6705,0
489,504078,1302,6,5,452,16.3,5.7,77,4.5,94.5,1.45,2,1,7,No,white,Yes,1,41,993.1205,1
492,918330,1670,5,6,628,26.3,8.3,43,0.9,90,0.89,4,1,10,No,green,Yes,3,43,1362.6705,1
499,822544,1688,3,6,526,9.5,5.2,67,3.3,96.5,1.1,8,8,1,No,green,Yes,2,39,457.3205,1
3,795671,1829,5,2,375,7.6,6.2,7,5.1,88.8,1.04,10,5,4,No,green,Yes,3,2,150.4705,0
8,774089,1762,2,6,462,26.2,7.9,56,17.5,95,1.13,4,8,5,No,white,Yes,2,55,666.3205,0
10,566239,1493,6,3,716,20.4,7.3,4,10.3,85.9,1.54,9,4,9,No,blue,Yes,2,20,569.4205,0
15,712806,2096,2,6,679,6.8,9.4,20,40,90.4,1.89,4,3,4,No,green,Yes,2,43,315.7705,0
16,861467,2126,4,6,723,8.2,7.4,31,0.5,95.5,1.82,3,1,6,No,red,Yes,2,57,1122.3205,0
23,877361,1284,5,6,200,18.4,8.3,48,2.5,95,1.49,5,2,5,No,yellow,Yes,3,17,640.6705,1
24,1102360,3184,2,3,921,22.2,7.1,67,2.4,92.7,1.33,1,2,3,No,green,Yes,3,3,510.5205,1
26,622688,1194,5,2,647,12.1,6.7,4,7.7,95.1,1.86,7,9,3,No,blue,Yes,2,21,217.9205,1
27,568326,1680,3,6,213,57.9,6.9,22,13.5,93.9,1.39,7,7,5,No,yellow,Yes,2,36,452.5705,1
29,738791,948,3,5,595,29.9,8.9,21,3.8,91.4,1.47,3,6,9,No,yellow,Yes,1,31,1514.6705,1
30,540475,1246,3,1,443,29.9,6.3,6,29.1,90.1,1.54,10,5,8,No,blue,Yes,3,-1,1288.5705,1
31,1060491,3040,4,3,1064,23.6,9,4,1,90.8,1.33,10,3,9,No,red,Yes,2,22,496.2705,0
33,795755,1736,5,2,702,13.6,8.9,56,4.2,91,1.78,9,8,9,No,blue,Yes,3,53,113.4205,0
43,824826,2449,1,6,744,41.7,8.7,18,19.1,85.3,1.48,4,9,3,No,blue,Yes,3,59,1299.9705,1
47,881774,2289,6,6,721,13.6,6.1,18,25.4,90.4,1.54,8,1,6,No,yellow,Yes,3,48,1362.6705,0
50,719030,1778,2,4,1028,18.5,6.9,43,1.7,90.8,1.9,7,9,7,No,blue,Yes,2,7,539.0205,1
51,734319,1494,2,7,701,41.4,8.5,21,1,92,1.33,6,10,10,No,yellow,Yes,2,24,1027.3205,1
52,638818,1040,2,4,200,14.3,9.4,62,23.4,94,1.49,1,1,2,No,yellow,Yes,1,21,489.6205,1
56,701025,1780,4,2,200,9.2,7,75,0.9,93.6,1.51,5,4,9,No,red,Yes,2,5,1279.0705,1
60,619632,1142,3,1,200,52.8,8.3,15,3.3,88.9,1.04,5,3,1,No,yellow,Yes,2,1,271.1205,1
62,796181,1381,4,3,402,50.7,9.1,18,7.4,90.7,1.47,2,4,3,No,blue,Yes,2,37,1326.5705,1
64,915392,2734,2,5,928,34.3,9,17,0.5,95,1.48,9,6,8,No,green,Yes,3,24,523.8205,1
67,933224,1950,4,2,869,23.1,9.7,0,2.4,99,1.57,1,3,8,No,yellow,Yes,3,59,1133.7205,0
78,835563,1440,4,1,487,21.7,9.3,31,2.1,94.5,1.38,10,2,10,No,white,Yes,2,49,225.5205,1
79,550067,1353,3,6,200,41.2,8.1,34,8.3,93.9,1.16,8,3,2,No,green,Yes,2,24,1253.4205,0
81,1150915,3787,2,5,1447,11.5,7.7,45,5.5,91.3,1.3,9,4,7,No,yellow,Yes,1,50,192.2705,1
85,691340,1845,4,1,401,19.9,7.9,76,0.9,88.8,1.17,6,1,1,No,blue,Yes,2,9,1256.2705,0
91,893550,2616,1,2,509,34.6,6.2,67,4.9,93.4,1.39,1,3,3,No,green,Yes,2,40,387.0205,1
92,801829,2224,5,6,1271,10.1,6.6,27,9.7,92.8,2.3,2,7,2,No,blue,Yes,2,11,192.2705,1
94,747372,1072,2,4,1415,16.7,7.6,42,3.9,89.3,1.35,10,1,10,No,red,Yes,2,45,1179.3205,0
97,501819,1280,4,7,455,33.4,6.6,15,16.2,91.1,2.26,8,5,10,No,white,Yes,1,22,831.6205,0
98,814888,2561,2,2,1160,17,7.8,11,9.3,92.5,1.79,1,3,4,No,green,Yes,2,10,920.9205,0
99,870546,2025,3,1,983,28.2,8.7,10,3.8,97.5,1.07,5,9,3,No,blue,Yes,1,27,869.6205,1
100,837623,1662,3,2,737,22.5,8.7,16,1.1,92.9,1.64,7,7,5,No,blue,Yes,3,-3,1083.3705,0
101,692777,1349,4,3,910,39.9,8.7,26,13.6,90.8,1.76,8,1,9,No,red,Yes,3,18,365.1705,0
107,652510,1370,1,5,581,36.9,8.7,100,14.5,98.5,0.84,3,6,10,No,red,Yes,2,8,1358.8705,0
108,919760,2629,6,3,1198,6.8,7,17,0.7,95.2,1.54,3,1,3,No,white,Yes,2,-5,657.7705,0
110,810352,1557,4,3,653,26.1,8,33,1.9,83.5,1.62,9,2,6,No,blue,Yes,1,35,367.0705,1
116,828986,2328,5,6,986,32.2,8.4,11,8.9,89.5,1.39,9,8,4,No,red,Yes,2,21,682.4705,0
118,712044,1630,3,5,767,27.8,8.8,24,10.6,95,1.14,1,9,2,No,blue,Yes,1,0,1526.0705,0
119,845710,2735,3,5,1097,4.8,7.6,6,8.3,84.3,1.81,3,2,4,No,blue,Yes,3,13,796.4705,1
120,850962,2462,5,3,947,62.9,7.9,11,28.4,95.3,1.57,8,4,8,No,white,Yes,1,23,143.8205,1
122,655094,2036,5,6,703,68.2,6.8,100,2.7,95.2,1.28,1,5,6,No,blue,Yes,3,35,34.5705,0
123,637281,901,4,2,200,34.3,8.8,18,0.5,93.3,1.61,1,3,4,No,yellow,Yes,2,48,136.2205,0
129,542597,1049,6,6,444,17.5,9.2,60,19.4,90.8,1.34,7,8,9,No,blue,Yes,1,57,491.5205,1
131,975327,2218,1,3,1452,3,6.9,3,1.3,95.3,1.45,7,8,4,No,blue,Yes,3,11,1088.1205,0
132,581046,1442,2,5,469,46.3,6.2,4,3.9,90.4,1.67,9,4,10,No,green,Yes,2,58,105.8205,1
136,911790,1976,4,5,1177,8.2,8.4,11,12.5,95.9,1.13,2,5,4,No,green,Yes,1,7,1253.4205,0
141,696283,1513,1,5,200,4.5,8.8,2,2.1,88.2,1.57,1,9,6,No,green,Yes,2,48,65.9205,0
142,651881,1689,4,6,521,51,7.1,23,3.1,91.8,0.91,10,7,6,No,green,Yes,1,11,1453.8705,1
143,705287,1273,5,3,363,23,8.9,21,11,87.6,1.49,4,3,9,No,white,Yes,1,62,176.1205,1
145,576054,1355,4,4,583,79.2,8.2,14,19.5,90.7,1.74,5,2,6,No,white,Yes,2,40,1163.1705,1
154,689171,1348,3,4,606,12.5,8.8,51,4.5,91.1,1.84,4,2,8,No,white,Yes,3,16,640.6705,0
159,792615,1904,5,4,832,1.5,8.3,19,16.2,91.2,1.03,8,1,1,No,yellow,Yes,2,22,1294.2705,1
166,583732,1159,3,6,200,35.9,7.7,64,16.5,93.4,1.56,1,5,8,No,red,Yes,2,-2,0.3705,1
173,804910,1207,4,2,314,40.7,8.9,2,0.5,91.6,1.08,1,2,10,No,red,Yes,1,5,210.3205,1
176,901438,1847,1,2,771,56.9,7.8,13,2.3,94,1.31,8,1,7,No,green,Yes,2,-4,678.6705,1
177,778121,1847,2,3,873,61.1,9.5,30,31.8,85.6,1.23,1,3,10,No,yellow,Yes,2,62,991.2205,0
178,440715,1708,2,6,771,47.5,5,100,1.6,90.8,1.48,9,10,5,No,blue,Yes,2,14,99.1705,1
181,688329,1216,5,1,593,40.9,9.4,8,11.5,94.6,1.04,4,8,8,No,red,Yes,2,20,1066.2705,0
186,736941,1337,2,4,1023,47.4,8.2,0,0.8,98.1,1.2,6,4,10,No,blue,Yes,2,44,1425.3705,0
192,918250,2415,2,2,891,23.4,9.2,23,0.9,86.2,1.6,9,5,10,No,blue,Yes,3,36,30.7705,1
196,707373,1612,3,7,952,19.2,7.5,10,10.4,91.9,1.9,6,4,4,No,yellow,Yes,2,25,1086.2205,1
198,840942,2022,2,5,661,63,8,12,2,90.8,1.51,10,6,3,No,red,Yes,2,-2,652.0705,0
200,751928,1665,6,2,399,10.8,8.6,66,4.4,84.5,0.88,1,1,6,No,yellow,Yes,2,30,1050.1205,0
204,739391,1343,3,4,201,13.1,8.7,21,4.9,96.9,1.72,7,7,2,No,red,Yes,3,19,670.1205,1
209,938814,2088,3,2,1880,9.7,8.7,7,7.1,93.4,1.33,9,10,3,No,green,Yes,2,-5,1087.1705,0
213,846842,1986,5,3,652,37.1,8.3,3,10.4,90.5,0.98,3,5,6,No,blue,Yes,2,11,1311.3705,1
214,673989,853,1,6,602,29,8,13,0.5,94.7,2.12,5,10,6,No,blue,Yes,2,50,918.0705,0
219,819862,1689,5,2,1269,12.1,8.5,36,10,93.7,1.73,3,6,9,No,red,Yes,1,56,667.2705,1
222,947241,3267,5,5,1069,12.2,8.1,9,6.9,88.6,0.74,5,3,2,No,blue,Yes,1,6,905.7205,0
225,632902,1448,3,7,748,25.4,9.2,5,14.3,90.6,0.96,6,6,5,No,yellow,Yes,2,19,910.4705,0
227,857019,2142,3,5,1035,12.6,9.1,41,4.1,92,1.48,4,5,5,No,green,Yes,2,60,1096.6705,0
230,560788,800,3,4,423,54.6,8.8,26,9.8,85.4,1.53,6,4,2,No,blue,Yes,3,13,920.9205,0
234,846233,1894,5,6,1377,3.7,7.7,7,1.2,92.9,1.39,9,10,4,No,white,Yes,2,39,1270.5205,0
241,769230,1402,3,5,200,14.2,7.8,11,3.6,92.6,1.89,4,9,4,No,red,Yes,2,61,565.6205,0
246,682356,1689,2,4,586,10.1,8.5,14,17.3,96.9,1.92,2,9,6,No,blue,Yes,2,40,1543.1705,0
251,770016,1466,4,3,200,32.5,9.1,16,2.6,94.3,1.47,10,7,8,No,blue,Yes,1,2,1437.7205,0
255,829173,1413,5,6,200,9.4,7.7,4,1.8,92.6,1.54,8,2,10,No,green,Yes,1,33,1481.4205,1
256,493461,904,1,7,200,37.7,7.3,18,17.6,94,1,1,7,1,No,white,Yes,3,-3,297.7205,1
258,1048086,3679,6,5,999,35.4,5.4,65,1.5,92.4,1.55,2,6,1,No,red,Yes,3,36,1505.1705,0
262,924312,1793,4,6,1104,3.5,9.6,23,2,95.2,0.79,2,6,1,No,white,Yes,3,54,55.4705,1
263,514935,1354,2,2,269,10.2,8.3,14,35.9,95.9,1.74,10,1,8,No,blue,Yes,3,14,1362.6705,0
271,908114,2556,3,5,1349,27.4,9.2,24,5.5,95.6,1.09,1,8,9,No,yellow,Yes,2,0,378.4705,0
275,580640,968,3,5,285,42.8,6.8,2,25,85.1,1.7,6,3,10,No,white,Yes,3,61,442.1205,0
276,819883,2123,2,6,855,43.9,6.2,10,11.6,98.5,1.27,6,9,6,No,yellow,Yes,2,25,368.9705,0
279,482217,871,6,2,200,43.9,7.6,2,9.1,92.7,0.94,4,5,3,No,green,Yes,1,37,26.0205,0
282,751934,1606,4,1,200,49.8,9.6,12,3.8,95,0.98,9,2,10,No,green,Yes,1,2,911.4205,1
284,724217,1194,2,5,200,19.5,9.7,22,6.7,93.6,1.79,9,10,5,No,blue,Yes,2,26,358.5205,1
287,868202,2011,1,4,773,9.6,7.9,22,8.6,99,1.05,7,3,8,No,blue,Yes,2,24,355.6705,0
295,960245,1805,5,6,1508,46.2,9.7,3,14.8,98,1.69,6,6,8,No,white,Yes,2,33,864.8705,0
298,841484,1939,4,3,457,60.4,6.8,17,0.9,92.8,1.14,1,1,6,No,red,Yes,2,8,653.9705,1
299,824878,1271,3,7,200,10.7,8.2,10,0.6,91.7,1.34,1,4,1,No,white,Yes,2,47,1528.9205,0
300,750580,1261,2,4,1004,26.7,5.4,1,0.5,87.9,0.94,2,9,5,No,red,Yes,3,1,551.3705,0
306,778587,2154,4,5,200,48.6,6.1,9,2.1,95.3,1.54,9,2,2,No,green,Yes,1,-2,1297.1205,0
307,856278,1822,4,4,564,12.1,8.6,20,0.5,93.1,1.66,1,3,4,No,red,Yes,3,0,314.8205,1
310,900570,2391,4,1,915,17.3,7.6,2,3.1,89,0.91,5,6,5,No,blue,Yes,3,47,1234.4205,0
312,820627,2085,5,7,624,24.5,9.1,27,8.8,90.7,1.4,2,3,3,No,white,Yes,3,36,1241.0705,1
314,697233,1863,2,6,906,28.3,9,66,22.2,90.4,1.1,7,9,6,No,yellow,Yes,2,49,174.2205,0
320,682894,1189,5,5,858,27.7,9.1,13,5.4,92.6,1.84,4,4,1,No,green,Yes,1,21,880.0705,1
325,688421,1424,2,5,307,37.5,8.2,12,1.5,92.3,1.22,7,10,4,No,yellow,Yes,1,16,681.5205,1
330,746196,2130,3,4,360,41,7.6,20,9.9,92.5,0.5,4,5,1,No,blue,Yes,2,17,830.6705,1
333,921249,2587,3,5,849,44.6,7.2,32,7,94.8,1.5,1,2,9,No,green,Yes,3,52,1085.2705,1
336,709856,1566,1,4,200,6.9,9.2,7,13.2,94.1,1.7,10,3,3,No,white,Yes,2,34,118.1705,1
337,857113,2776,3,2,616,58.7,7.4,0,7.6,95.1,1.2,2,8,10,No,yellow,Yes,2,29,235.9705,0
338,816711,2056,4,4,510,18.8,8.4,26,8.3,90.8,1.93,8,10,7,No,white,Yes,1,13,54.5205,0
343,764071,2536,3,4,986,15.1,7,22,8.6,90.6,1.36,3,3,10,No,blue,Yes,2,38,73.5205,0
344,819446,1114,3,7,326,17.2,7.7,24,0.5,96.5,1.69,4,10,10,No,red,Yes,2,11,1411.1205,0
347,862695,2637,4,7,1558,37.1,9.6,80,5.5,97.7,1.88,1,4,3,No,red,Yes,2,-1,8.9205,1
349,608498,1708,1,4,200,69.8,6.9,22,4.8,97.4,1.2,2,3,3,No,yellow,Yes,3,3,389.8705,1
350,320649,1090,5,2,200,14.4,6.4,48,32.7,85.7,1.27,10,8,9,No,yellow,Yes,2,6,1415.8705,1
351,667902,1498,5,2,940,26.8,9.4,53,2.8,94.4,2.06,6,4,4,No,blue,Yes,2,-5,69.7205,1
354,618888,1222,2,5,267,48.7,8,69,6.2,89.3,1.05,9,3,1,No,red,Yes,3,56,78.2705,1
360,666928,1681,6,2,200,41.9,6.3,14,12.1,87.9,1.39,8,6,1,No,yellow,Yes,2,50,762.2705,0
368,1081853,3211,4,2,1178,40.8,6.8,48,0.8,93.7,1.48,1,3,2,No,red,Yes,2,6,1539.3705,0
371,593821,1107,5,6,457,28,8.7,24,6.6,88.7,0.98,3,3,10,No,red,Yes,3,-4,655.8705,1
376,946712,2732,6,1,495,60.1,7.9,9,8.4,93.4,1.16,5,2,10,No,white,Yes,2,36,990.2705,0
378,859037,1960,5,6,972,14.1,7,40,6.9,96.6,1.94,3,3,2,No,yellow,Yes,2,11,346.1705,1
380,800201,1680,6,5,883,4.7,7.6,17,16.4,92.5,1.83,6,8,7,No,yellow,Yes,3,14,37.4205,1
385,599220,1760,4,5,663,61.7,8.9,31,10.2,92.9,1.13,7,9,7,No,blue,Yes,2,60,328.1205,0
387,581844,835,3,3,421,30.7,9.6,23,6.6,93.7,1.2,10,7,3,No,yellow,Yes,1,13,345.2205,1
401,594610,1482,6,2,291,13.5,6.8,10,40,92.8,1.63,7,6,4,No,yellow,Yes,2,59,601.7205,1
403,1066013,3228,4,6,1648,9.1,8.5,15,12.2,98.8,2.06,4,6,4,No,yellow,Yes,1,-3,592.2205,0
404,634071,1294,2,7,631,18.9,7,63,14.2,94.5,2.08,2,3,10,No,yellow,Yes,2,28,191.3205,0
412,710412,1943,5,3,433,20.3,6.5,1,7.8,88.1,2.09,5,8,3,No,yellow,Yes,3,-5,200.8205,1
417,611657,1746,6,2,645,41.8,9.6,36,13.1,89.4,1.38,3,1,2,No,yellow,Yes,3,50,671.0705,0
425,746609,1642,2,3,730,16.4,8.6,25,19.7,96.6,1.21,7,7,3,No,red,Yes,1,6,522.8705,0
426,926297,1600,5,3,547,14.4,9.5,56,0.5,93.9,1.3,1,4,4,No,green,Yes,2,24,319.5705,0
428,982088,2116,3,1,871,46.6,9.2,13,0.5,88,0.94,7,8,6,No,green,Yes,2,23,673.9205,0
429,610895,1191,3,4,200,15,7.7,5,1.1,89.3,1.18,8,10,1,No,white,Yes,1,-4,713.8205,1
432,1123007,3073,3,5,857,9.4,7.8,3,1.6,91.6,1.55,10,4,10,No,yellow,Yes,3,43,116.2705,0
433,832239,2456,4,3,1190,19.9,7.5,1,18.2,92.7,1.31,3,10,1,No,blue,Yes,2,40,599.8205,0
440,669290,1374,2,2,944,31.1,7.2,25,4.5,92.2,0.51,2,4,9,No,red,Yes,2,49,1541.2705,0
443,734145,1461,5,5,209,7.7,8.4,32,2.1,85.8,1.41,5,5,10,No,yellow,Yes,3,2,1198.3205,1
446,880220,2478,2,3,1159,48.2,9.3,3,0.5,94.8,1.39,1,4,3,No,yellow,Yes,3,8,139.0705,0
450,648270,1150,4,5,484,8.8,8.2,24,18.9,88.8,0.8,1,8,7,No,yellow,Yes,2,57,683.4205,1
453,1038169,3866,3,2,2094,20.2,6.6,7,5.2,96,1.65,3,4,1,No,white,Yes,3,29,252.1205,0
457,824454,1742,5,3,393,18.8,8.3,12,1.9,87.1,1.6,6,4,5,No,blue,Yes,1,24,1117.5705,1
459,961461,2661,3,3,1291,16.5,8.1,28,12.2,91.9,1.94,3,1,8,No,red,Yes,2,27,401.2705,1
461,576560,1393,1,5,869,38.8,6.9,2,3.2,94.6,1.28,7,2,10,No,red,Yes,1,34,5.1205,1
467,607613,2007,4,2,870,77.9,7.5,63,13,95.1,1.37,4,7,3,No,green,Yes,2,18,1290.4705,0
468,412001,929,1,2,200,17.8,6.6,38,13.8,94.8,1.32,5,1,10,No,yellow,Yes,2,39,937.0705,0
470,978513,2828,6,6,1074,17.7,8.6,55,0.6,94.6,1.39,8,5,6,No,yellow,Yes,3,5,41.2205,1
471,642027,1566,2,3,483,37,7.8,22,7,81.2,1.32,2,10,10,No,green,Yes,1,26,164.7205,0
475,715034,2039,1,7,1115,57.6,7.6,4,7.1,88.1,1.36,3,10,5,No,yellow,Yes,3,26,749.9205,0
488,789596,1486,3,4,200,13.8,8.2,19,8.8,98,1.94,5,8,6,No,white,Yes,2,11,1087.1705,1
492,648828,1526,4,2,328,45.4,8.1,3,2.4,93,1.51,2,6,7,No,yellow,Yes,2,39,1162.2205,0
496,916271,1818,5,5,446,38,9.4,1,8,92.3,1.44,7,7,7,No,blue,Yes,2,10,759.4205,1
497,649425,870,1,3,277,35.9,7.4,7,0.5,90.7,1.41,8,2,2,No,white,Yes,1,18,486.7705,1
498,769119,1609,3,6,379,8.9,9.2,0,0.6,95.6,1.37,2,9,10,No,white,Yes,2,-4,1207.8205,1
500,811468,2042,5,7,284,23.6,8.1,12,12,98.9,1.6,6,10,5,No,white,Yes,3,-2,1549.8205,0
2,665831,1780,2,2,808,29.3,7.6,100,2.1,96.5,1.08,6,6,4,No,red,Yes,1,56,399.3705,1
12,677879,1101,3,7,200,10.6,8.5,6,17.3,89.6,1.79,4,5,8,No,yellow,Yes,1,59,882.9205,1
13,749089,1275,3,2,200,30.2,8.9,30,14.1,94.8,1.3,4,8,2,No,white,Yes,3,42,967.4705,1
15,774356,1751,6,4,383,43.2,9.5,44,6.7,94.5,1.72,9,2,5,No,blue,Yes,1,28,230.2705,1
16,709287,1470,3,1,200,6.3,7.3,53,8.3,95.1,1.06,5,6,6,No,yellow,Yes,1,34,1393.0705,1
22,616447,1094,6,5,737,44.5,9,13,11.4,95.4,1.43,1,3,8,No,yellow,Yes,1,53,506.7205,0
23,546873,941,3,1,267,35.2,9.5,5,13.7,94.9,1.49,7,8,3,No,white,Yes,3,8,1348.4205,0
26,882617,1610,5,5,935,46.9,8.7,10,2.8,90.7,1.59,8,9,7,No,green,Yes,2,43,1256.2705,0
29,1165306,3150,4,5,897,12.8,9.8,16,3.9,93.9,1.37,8,8,7,No,red,Yes,1,26,1284.7705,1
38,731950,1666,5,6,363,26.1,8.1,41,9.8,93.7,1.11,5,7,4,No,yellow,Yes,3,-3,1248.6705,0
41,629990,1934,3,4,363,55.4,9.2,59,5.1,99,1.67,2,4,3,No,green,Yes,2,8,1203.0705,1
42,911354,2353,2,1,654,24.7,9.7,74,15.7,96.3,1.54,3,6,7,No,green,Yes,3,31,311.9705,0
43,590143,1022,4,5,966,36.2,7.7,7,1.5,92.9,1.92,6,7,5,No,green,Yes,2,46,1281.9205,1
50,786576,2066,2,5,570,44.6,8.3,3,0.6,91.1,1.56,7,5,5,No,blue,Yes,3,30,463.0205,1
53,887514,2115,3,2,824,16.3,6.8,41,0.5,93.5,0.76,6,1,10,No,red,Yes,2,21,221.7205,0
58,846315,2106,3,5,357,30.9,9.7,4,13.3,96.5,0.99,5,10,8,No,white,Yes,1,50,1095.7205,0
60,775762,1657,2,5,726,6.3,6.1,8,9.6,97.8,1.16,2,7,3,No,blue,Yes,2,49,807.8705,0
62,889185,1985,5,7,1454,56.3,9.1,40,2.2,95.3,0.86,3,2,8,No,blue,Yes,2,38,928.5205,1
63,643657,1290,4,4,614,47.7,6.2,8,28.2,93.8,1.6,2,3,3,No,green,Yes,3,24,1058.6705,0
71,886730,2199,4,4,868,9.1,8.5,14,1.8,96.5,1.18,5,1,4,No,blue,Yes,3,50,387.0205,1
73,424755,1051,4,2,612,53,6.5,37,11.5,88.2,1.52,8,2,4,No,white,Yes,2,60,329.0705,1
85,966298,2848,5,2,953,53,6.6,4,0.5,95,1.3,9,4,7,No,green,Yes,3,49,1455.7705,0
92,901159,2959,2,2,1089,20.9,8.4,21,15.8,90.2,1.71,7,8,7,No,green,Yes,3,14,1146.0705,0
97,945099,2217,2,4,1321,10.6,8.6,7,3.8,95.1,1.24,4,10,10,No,blue,Yes,2,50,962.7205,0
103,957561,2888,3,2,1050,19.9,9.5,29,16,85.7,1.44,4,10,10,No,green,Yes,2,42,417.4205,0
106,735013,1960,3,3,200,18.9,5.4,1,2.9,94.6,1.48,9,10,5,No,yellow,Yes,2,5,517.1705,0
113,1090273,3106,3,3,1392,27.2,8.4,57,1.6,95.5,1.36,10,5,1,No,green,Yes,2,18,107.7205,0
119,833114,1535,1,7,200,24.3,8.2,4,9.7,94.8,1.65,3,10,1,No,red,Yes,3,25,1173.6205,0
120,575905,1251,5,3,607,2.1,7.7,12,26,99,1.21,10,10,7,No,green,Yes,2,3,664.4205,1
129,587511,1392,1,6,200,20.8,7.7,91,13.4,89.7,1.48,6,8,5,No,yellow,Yes,2,-3,1061.5205,0
135,902869,1732,5,6,553,42.1,8.5,24,3.9,93.6,1.33,3,3,5,No,red,Yes,3,-5,1259.1205,1
137,668920,1765,3,4,473,50.2,6.6,32,0.9,94.8,1.14,10,5,3,No,green,Yes,1,33,168.5205,0
139,1134820,2459,5,4,1074,68.4,9.2,3,4.7,90.9,0.79,1,2,1,No,red,Yes,2,52,217.9205,1
142,956474,3194,4,4,1499,27,7.2,14,27.3,96.4,1.34,3,4,3,No,red,Yes,1,55,16.5205,0
146,609237,717,3,2,402,9.6,7.9,36,8.9,89.9,1.6,4,6,3,No,white,Yes,2,26,733.7705,0
154,904630,1386,4,5,942,5.8,9.4,43,0.5,91,1.67,5,4,8,No,white,Yes,2,46,535.2205,0
156,848026,1668,2,4,858,59.6,8.4,16,0.6,90.4,1.15,9,7,8,No,blue,Yes,1,48,795.5205,1
161,856291,1808,5,5,604,36.5,9.5,14,5,88,1.38,6,4,5,No,red,Yes,1,62,164.7205,1
164,522886,947,5,5,553,41,7.1,11,10,92.3,1.15,8,2,7,No,white,Yes,2,26,1095.7205,1
169,723700,2542,6,1,685,47.1,4.5,27,7.6,91.2,0.77,3,8,6,No,white,Yes,2,12,152.3705,0
180,833703,1596,5,3,641,35.8,6.8,23,0.5,89.5,1.26,10,5,8,No,blue,Yes,2,29,1063.4205,1
185,715644,1522,5,5,381,40.8,9.5,28,2.6,98.3,1.1,6,5,3,No,yellow,Yes,2,33,985.5205,1
187,1425376,4096,2,3,1140,18.6,8.2,7,0.5,95.9,0.87,10,10,2,No,yellow,Yes,3,60,1285.7205,1
192,768290,1974,6,5,422,50.7,9.4,9,23.1,94.3,1.43,7,10,10,No,blue,Yes,2,9,206.5205,0
194,612678,770,3,2,200,16.4,7.5,7,12.2,89.3,1.91,4,5,7,No,white,Yes,2,-4,1366.4705,0
196,858938,1513,3,2,200,11.9,9.8,13,11.1,93.6,1.52,5,1,8,No,green,Yes,2,-6,689.1205,0
198,741752,1041,4,5,581,31.8,9.4,31,5.8,96.1,1.33,3,2,9,No,blue,Yes,3,62,1065.3205,0
201,677013,1960,1,6,744,38.2,8.4,1,14.4,85.8,0.91,10,3,5,No,blue,Yes,2,6,102.0205,1
202,704944,1229,2,4,941,9.8,7.9,56,5,88.3,1.42,2,6,2,No,red,Yes,1,5,430.7205,1
207,856279,2140,2,1,1833,8.9,8.7,56,8.3,91.6,1.16,3,2,6,No,white,Yes,3,25,1096.6705,0
208,632300,700,1,3,255,35.7,7,1,6.6,94.5,1.52,1,3,1,No,white,Yes,2,37,1397.8205,1
213,787773,2380,2,5,879,26.8,9.3,22,22.3,91,1.23,8,4,9,No,blue,Yes,3,6,1382.6205,0
214,621291,939,3,3,200,39.5,8.3,24,30.1,88.9,0.86,6,8,5,No,green,Yes,3,17,1052.0205,1
219,868810,2016,5,6,663,24.7,7.5,4,15.7,91.4,1.29,5,3,5,No,white,Yes,1,-4,1489.9705,0
222,849600,2419,5,2,1349,16.6,6.3,41,14.2,91.9,1.23,9,6,10,No,yellow,Yes,2,16,1104.2705,0
225,860606,1113,3,5,755,0.9,9.2,24,3.3,99,1.71,7,5,6,No,green,Yes,3,62,98.2205,1
227,1184077,3462,3,2,1252,44.3,8.2,11,2.1,98.6,1.46,2,7,7,No,blue,Yes,2,53,1261.9705,1
234,808187,2148,5,5,1289,2.7,6.3,30,7,95,1.3,5,3,2,No,blue,Yes,3,61,979.8205,1
236,499887,1191,6,7,719,69.3,9.6,100,2.4,94.2,1.35,1,9,4,No,yellow,Yes,1,6,1483.3205,0
239,933554,2993,5,2,1294,33.4,9.2,99,9.5,88.6,1.31,6,6,4,No,yellow,Yes,2,53,957.9705,1
244,908866,2299,3,4,200,35.7,9.1,16,1,95.9,1.49,2,5,2,No,blue,Yes,1,37,397.4705,0
248,1242788,3882,2,5,1300,23.9,8.9,11,8.1,95.6,1.58,2,9,10,No,green,Yes,2,61,639.7205,0
250,680496,1764,2,4,200,36,7.1,7,8.4,91.5,0.83,5,1,4,No,blue,Yes,2,47,455.4205,1
255,660763,1954,4,6,608,13.9,5.7,0,1.1,89.5,1.28,10,10,4,No,white,Yes,2,10,1505.1705,1
258,835220,2963,5,5,1169,47.1,8.2,6,12.8,96.9,1.21,8,5,1,No,red,Yes,1,16,156.1705,0
260,446340,1319,3,6,651,29.4,7.3,66,17.1,87.3,0.98,10,6,5,No,white,Yes,1,47,878.1705,0
261,831211,2552,3,5,1108,9.1,8,55,28.7,93.7,1.28,5,2,10,No,yellow,Yes,2,40,1265.7705,1
265,966063,1763,2,5,1022,9.6,9.5,22,2.9,92,0.92,10,6,7,No,white,Yes,2,14,1031.1205,0
271,817174,1719,5,4,436,37.6,6.7,7,4.7,91.6,1.2,8,2,7,No,green,Yes,3,39,55.4705,1
276,698676,1737,4,2,200,46.3,8.8,19,18.7,88.2,1.72,2,2,6,No,white,Yes,2,37,922.8205,1
288,915998,1921,5,1,762,28.5,8.8,81,6.2,91.9,1.72,9,8,10,No,blue,Yes,2,16,887.6705,0
289,906632,3053,2,2,837,36.3,6.4,89,2.6,95.9,2.01,5,8,6,No,blue,Yes,1,58,719.5205,1
290,795251,2225,4,4,918,20.2,8.9,54,19.7,91.3,1.65,6,1,2,No,yellow,Yes,2,33,329.0705,0
291,911544,2151,1,4,1350,5,7.5,11,4.8,93.5,2.22,8,1,5,No,red,Yes,3,31,288.2205,1
294,853996,1673,2,6,840,44.3,9.8,67,3.9,90.8,1.29,3,3,3,No,green,Yes,3,48,1431.0705,1
298,827160,1881,4,4,1032,48.4,8.8,13,3.9,93.5,1.52,5,1,1,No,blue,Yes,1,19,106.7705,1
302,473573,1116,4,6,415,12.2,5,47,9.6,94.1,1.5,3,2,4,No,blue,Yes,3,10,280.6205,1
307,707225,1444,6,4,336,29.3,9.2,34,0.5,89.9,2,4,10,2,No,white,Yes,2,56,139.0705,1
312,501338,977,3,4,660,9.4,7.2,100,10.4,94.9,1.17,4,10,2,No,blue,Yes,2,1,420.2705,1
313,764546,2140,5,2,975,32,8.7,4,0.6,92.6,1.11,1,10,2,No,blue,Yes,2,58,497.2205,0
326,955344,2587,5,3,1435,37.6,8.1,34,1.2,96.7,1.23,4,9,4,No,blue,Yes,2,7,1072.9205,0
329,1059565,3263,2,7,1161,51.2,9.1,1,3.1,96.3,1.39,6,3,9,No,white,Yes,3,-4,208.4205,1
330,858895,1564,5,3,700,17,9.5,37,0.6,93.3,1.38,8,8,10,No,blue,Yes,2,21,746.1205,1
339,402302,874,4,7,200,19.6,7.2,100,22.5,92.2,1.43,1,1,5,No,green,Yes,3,5,838.2705,1
340,710934,1611,4,4,393,13,6.7,39,4,92.5,0.62,8,9,2,No,yellow,Yes,3,28,841.1205,1
341,1122298,2502,2,4,200,31.1,8.3,3,5.5,98.8,1.56,3,3,3,No,red,Yes,2,58,1169.8205,1
346,658170,1817,2,3,763,34.2,7.7,16,26.6,94.4,1.05,9,5,9,No,yellow,Yes,1,37,279.6705,1
352,715840,1830,1,5,804,55.6,9.1,42,12.1,91.3,1.69,8,5,5,No,blue,Yes,2,15,287.2705,0
353,701110,1650,3,5,896,42.1,6.4,11,0.5,93.3,1.88,3,9,7,No,red,Yes,2,35,1467.1705,0
365,730567,1461,4,6,526,25.9,7.6,1,11,99,1.79,2,3,2,No,yellow,Yes,1,19,1280.0205,0
378,1262265,3679,2,5,1117,11.9,6.5,9,0.5,93.1,1.28,7,7,2,No,yellow,Yes,1,36,1417.7705,0
384,702639,1929,6,4,1000,17.5,9,7,4,90.4,1.33,8,3,6,No,red,Yes,2,19,1352.2205,1
392,711776,2398,4,2,898,39.9,7.1,100,0.7,90.6,1.33,4,8,9,No,green,Yes,3,0,384.1705,0
393,827188,2016,2,4,865,49.2,7,32,6.5,86.4,1.16,2,8,8,No,yellow,Yes,3,46,283.4705,0
397,469060,1313,2,4,558,54.4,6.6,63,2.6,93.2,0.73,3,2,5,No,white,Yes,1,27,1155.5705,0
400,984083,2504,4,6,1287,36,8.8,6,9.6,96.6,1.28,6,7,1,No,red,Yes,3,55,1234.4205,0
406,817283,2421,4,3,884,25.3,6.6,1,5,85.3,1.43,3,10,5,No,blue,Yes,3,44,1466.2205,1
407,695818,1729,3,1,200,13.5,8.2,19,25.9,90.1,1.3,1,7,9,No,yellow,Yes,2,10,192.2705,1
410,800301,2446,2,1,1017,49.6,8.4,9,19.3,95.8,1.34,9,3,2,No,green,Yes,1,42,729.0205,0
412,991527,1762,4,3,763,8.1,9.5,5,13.7,87.3,1.55,10,8,9,No,white,Yes,2,33,1363.6205,0
419,831518,1592,4,7,615,10.5,7.4,39,20.2,93.9,1.83,7,1,10,No,yellow,Yes,3,-3,1303.7705,1
425,680761,1313,5,6,818,7.9,6.5,1,17.3,92.9,0.87,3,2,5,No,red,Yes,3,26,490.5705,0
426,758669,1211,5,7,742,46.8,8.7,7,3.3,92.5,0.9,7,8,8,No,blue,Yes,1,51,1451.0205,0
427,834991,2035,2,4,363,11.2,9.3,17,9.6,90.8,1.34,4,7,8,No,green,Yes,3,24,210.3205,0
433,784107,1949,4,3,804,38.2,7.2,5,0.6,91.4,1.25,5,5,1,No,green,Yes,3,20,122.9205,1
434,763458,1479,2,4,660,26.2,8.7,25,6.1,88.6,1.1,8,2,6,No,green,Yes,3,24,977.9205,0
439,892886,1598,6,1,886,24.5,9.5,7,10.3,92.9,0.9,6,4,5,No,blue,Yes,2,19,645.4205,1
445,723256,914,1,5,1435,9.6,9.3,18,5.3,97.7,1.6,2,8,6,No,red,Yes,2,4,687.2205,1
447,745004,1324,5,1,709,42,8.4,26,7.7,88.1,1.8,5,10,9,No,blue,Yes,2,45,521.9205,0
451,776173,1514,2,5,818,17.5,9.5,17,2.4,86.7,1.05,8,1,8,No,yellow,Yes,3,43,253.0705,0
460,770188,2269,4,5,776,38.3,5.1,18,0.5,93.4,1.11,8,10,5,No,red,Yes,2,17,667.2705,0
466,809795,1201,6,5,881,16.5,6.1,26,1.4,88.5,1,1,7,3,No,yellow,Yes,2,59,1499.4705,1
468,807701,2083,2,6,749,23.9,7.4,51,10.4,91.9,1.65,2,10,10,No,green,Yes,1,-4,632.1205,1
469,848161,1869,4,5,878,18.7,7.5,10,6,98.3,1.42,8,6,1,No,yellow,Yes,3,23,296.7705,1
471,724254,2016,3,4,969,16.1,5.9,1,7.7,99,1.9,1,8,2,No,yellow,Yes,1,59,344.2705,0
474,984246,2178,5,6,1114,12.5,8.5,9,7.1,93.5,1.44,10,5,4,No,blue,Yes,1,41,1485.2205,0
496,1146164,3238,2,5,1226,27.2,7.7,30,22.7,95.9,1.39,8,5,9,No,white,Yes,3,34,546.6205,1
499,609605,842,6,7,337,55.6,8.8,4,0.5,94.8,1.6,9,1,10,No,blue,Yes,1,20,290.1205,1
6,803316,2056,3,7,1192,11.7,6.9,41,1.6,96,1.15,5,1,4,No,white,Yes,3,4,459.2205,1
7,946971,2292,1,6,1111,16.2,9.4,11,5.5,91.7,1.12,10,8,8,No,white,Yes,2,48,1479.5205,0
8,730828,1975,1,4,635,5,7.9,100,20,86.1,1.07,7,3,1,No,blue,Yes,1,43,1181.2205,1
10,920044,1757,2,6,1199,33.7,9.2,10,2.4,99,1.12,3,9,9,No,green,Yes,2,22,1006.4205,0
13,758281,1465,5,3,200,11.6,8.1,53,6.8,98.7,1.52,4,7,5,No,red,Yes,2,35,663.4705,0
18,896283,2030,6,1,536,4.9,7.1,41,0.5,93.2,1.16,8,10,1,No,green,Yes,2,45,341.4205,1
20,773334,1315,4,3,261,18.3,9.4,17,5.9,99,0.66,7,3,2,No,blue,Yes,2,57,1214.4705,1
24,1071297,3721,6,3,1172,15.7,6,25,6.2,82.4,1.23,7,9,8,No,blue,Yes,2,60,20.3205,0
25,1041182,2721,2,6,699,32.2,9.4,1,3.1,93.5,1.52,1,8,3,No,yellow,Yes,2,17,482.0205,0
33,763232,2145,2,2,1349,47.8,5.4,12,2.8,90.5,0.55,7,5,7,No,red,Yes,2,25,421.2205,0
38,743598,1619,3,5,838,57.9,8.9,58,3.3,95.9,1.4,8,1,5,No,green,Yes,3,14,687.2205,0
40,915163,2354,2,4,695,13.4,8.2,4,11.9,89.4,1.22,7,9,4,No,red,Yes,2,52,1472.8705,0
45,850280,2049,2,2,854,25.5,9.7,8,31.2,86,1.02,2,4,1,No,blue,Yes,1,34,116.2705,1
47,823970,1738,2,3,229,28.5,6.2,6,7.4,88.8,1.67,5,4,3,No,blue,Yes,1,7,772.7205,0
49,845506,2078,5,5,1464,9.7,8.7,9,18.6,94.4,1.2,5,9,2,No,blue,Yes,3,4,1361.7205,1
53,1010952,2443,3,7,671,8.9,7.8,23,0.9,88.7,1.15,9,1,1,No,red,Yes,2,36,755.6205,1
60,914227,2264,2,6,969,3.7,7.5,40,5.8,88.1,1.4,2,6,10,No,yellow,Yes,3,46,1431.0705,0
65,971156,2375,3,2,593,28.3,8.2,7,2.9,95.1,1.59,7,5,9,No,white,Yes,2,59,751.8205,1
67,1057159,2426,4,7,1059,8.7,8.4,12,8.6,98.3,1.79,8,4,2,No,red,Yes,3,30,733.7705,0
78,999552,3404,1,1,1365,31.6,6.7,41,10,94.2,2,5,2,10,No,white,Yes,2,6,1320.8705,1
80,874901,2408,4,3,400,33.8,8.4,48,1.7,97,1,5,5,6,No,white,Yes,2,60,1005.4705,0
95,708182,1795,2,2,642,20.7,6.6,27,2.1,95.2,1.26,4,6,5,No,red,Yes,2,-3,1163.1705,1
96,715470,1902,1,2,494,56.3,8.1,35,2.5,93.8,2.15,4,6,6,No,green,Yes,3,34,1199.2705,1
105,525187,1228,4,5,748,47.7,8.7,31,17.7,91.4,0.96,9,2,1,No,green,Yes,3,41,370.8705,0
109,997444,2289,2,2,641,17.5,9.8,2,5.7,91.6,1.29,8,5,3,No,green,Yes,1,26,347.1205,1
112,691705,888,2,2,200,15.9,8,23,13.7,97.1,1.29,4,1,2,No,blue,Yes,3,-5,1241.0705,0
123,717363,1319,5,5,671,40.5,8.6,19,4.2,98.5,1.57,2,10,1,No,blue,Yes,2,10,315.7705,0
124,778201,2358,2,5,1084,8.9,7.6,81,17.5,93.5,1.18,8,3,4,No,green,Yes,3,28,395.5705,1
126,1097741,2799,1,4,1465,23.6,9.2,12,8.3,90.3,1.55,5,6,2,No,white,Yes,2,37,878.1705,1
138,807262,1174,6,2,200,6.8,9.6,25,1.3,93.6,1.48,6,9,5,No,green,Yes,1,53,990.2705,0
141,863352,2393,2,6,735,35.3,6.1,2,3.8,87.3,2.11,6,5,8,No,green,Yes,3,51,613.1205,1
142,924705,1883,5,4,519,17.6,8.2,2,5,94.3,1,5,6,7,No,blue,Yes,2,52,227.4205,0
154,985461,2239,3,3,703,48.6,9,20,2.1,91.6,1.61,1,10,4,No,blue,Yes,2,14,1128.0205,1
155,975203,2302,2,2,971,33.8,8.4,31,11.8,92.5,1.88,4,3,9,No,red,Yes,3,9,1119.4705,1
158,732641,1295,4,6,855,58.1,8.1,8,0.9,91.4,1.38,5,10,1,No,blue,Yes,3,48,7.9705,0
159,791443,1962,5,7,746,38,9,98,10.5,99,1.81,1,10,6,No,red,Yes,2,11,13.6705,1
160,763981,1359,5,5,546,57.1,9,29,6,92,0.88,8,2,8,No,green,Yes,2,46,295.8205,1
163,797328,1477,3,6,1062,39.5,8.5,54,0.5,97.1,1.43,2,10,9,No,yellow,Yes,1,2,1449.1205,1
170,777492,1823,2,7,1176,24.4,9.3,3,7.8,87.8,1.31,1,3,5,No,blue,Yes,2,36,1070.0705,0
173,933229,2129,5,4,1610,12.2,8.7,13,5.9,94.2,0.9,4,8,5,No,blue,Yes,3,9,710.9705,0
174,701581,1244,3,7,424,20.8,9.6,65,0.5,92.8,1.82,5,3,4,No,red,Yes,3,-3,1500.4205,1
175,919506,2401,5,3,765,9.5,8,40,2,91.9,1.75,8,3,6,No,blue,Yes,2,55,1402.5705,1
177,782376,2294,4,6,679,58.5,7.7,31,9.6,94,1.89,8,6,3,No,red,Yes,3,-3,1127.0705,1
180,858089,1966,5,3,695,4.1,9.3,27,3.1,92.8,1.66,3,1,1,No,blue,Yes,3,4,1015.9205,1
183,1061327,3012,2,3,810,40.7,9.2,6,17.3,94.4,1.23,6,8,1,No,white,Yes,1,-1,487.7205,0
189,561633,1086,1,5,200,19.5,9.3,41,13.7,91.2,1.29,9,8,9,No,yellow,Yes,3,12,1465.2705,1
190,557905,1520,2,4,813,27.9,9.3,67,10.8,95.1,1.59,6,4,5,No,white,Yes,1,59,210.3205,1
191,834216,1749,3,5,1301,28.7,8,18,20,91.1,1.19,2,4,4,No,blue,Yes,3,55,974.1205,1
210,656731,1776,3,3,842,34.8,8.4,21,9.5,92.2,1.43,9,7,4,No,red,Yes,2,21,402.2205,1
218,897014,2724,5,4,1241,26,8.4,30,1.9,88.8,1.57,2,2,6,No,yellow,Yes,3,14,889.5705,1
231,670621,1187,6,7,511,22,5.3,12,0.5,90.1,1.62,9,3,1,No,yellow,Yes,2,62,1538.4205,1
236,894459,2517,3,6,1169,24.6,7.7,71,3.8,97.9,1.38,2,9,3,No,white,Yes,2,31,1293.3205,0
242,857134,2141,4,6,402,25.2,7.6,5,15.8,96.5,1.3,4,1,4,No,white,Yes,2,-5,1250.5705,1
245,951398,3156,5,6,938,18.4,8,21,11.3,92.5,0.92,10,7,2,No,white,Yes,2,37,181.8205,1
250,838740,1863,1,5,864,49.8,7.3,6,0.5,91.6,1.44,6,9,9,No,blue,Yes,2,6,1430.1205,0
252,807092,1646,1,2,557,35.2,9.4,6,10.8,89.8,0.64,4,8,9,No,yellow,Yes,2,47,633.0705,0
253,787007,1657,1,3,433,31,9.7,21,5.8,95,1.9,9,7,4,No,green,Yes,1,8,178.0205,0
268,554900,1648,5,2,200,34.6,7.1,17,8.2,98.4,1.61,10,10,3,No,yellow,Yes,1,51,614.0705,0
271,626413,1810,3,2,739,41.6,5,59,1.9,90,0.91,6,4,3,No,white,Yes,3,10,1248.6705,1
283,559718,996,3,5,237,47.2,8.3,5,1.8,88.8,0.88,4,7,3,No,green,Yes,1,22,769.8705,1
285,1271658,4500,2,2,1334,5.2,8.5,62,5.7,91.3,0.75,5,6,8,No,green,Yes,3,31,1275.2705,0
287,931738,2325,3,5,200,42.8,8.4,4,4,93.9,1.69,8,6,9,No,white,Yes,2,16,961.7705,0
288,548158,1433,5,3,316,47.4,9.2,42,0.5,93.1,1.97,9,9,1,No,yellow,Yes,2,25,65.9205,1
295,746616,1708,3,6,317,34.7,8.9,12,7.1,99,1.56,1,6,4,No,white,Yes,2,28,958.9205,1
302,844216,1764,3,3,200,14,8.5,9,8.7,91.7,1.04,4,1,6,No,white,Yes,3,11,1465.2705,1
308,872766,2262,2,4,469,31.7,8.2,28,5.3,96.4,1.95,2,8,10,No,yellow,Yes,2,2,48.8205,0
317,995028,2857,5,1,1029,17.7,8.1,6,7.1,95.6,0.65,1,2,6,No,red,Yes,2,41,1454.8205,0
324,897933,1791,1,4,892,23.8,7.7,12,7.7,91.2,0.92,4,3,4,No,red,Yes,3,-1,397.4705,1
327,819095,1854,3,6,1053,32.2,8.8,1,13.3,93.5,1.41,3,4,7,No,yellow,Yes,1,7,398.4205,0
336,812644,1860,2,7,1223,53.5,8.5,35,1.4,98.5,1.53,1,2,4,No,green,Yes,3,9,1392.1205,1
340,667242,1432,5,1,669,23.7,8.6,4,6.3,94.8,1.22,5,1,10,No,red,Yes,3,57,1430.1205,0
342,850419,1848,2,5,682,54,9,5,1.1,97.5,1.8,5,9,2,No,blue,Yes,2,42,817.3705,1
345,858642,2707,6,3,1571,44.6,9.2,36,17,92.2,0.54,8,10,7,No,green,Yes,3,61,233.1205,1
347,645950,840,4,5,284,12.4,6.3,21,0.7,91.4,1.56,7,7,5,No,red,Yes,2,12,1114.7205,0
349,788996,1479,5,3,569,27.5,8,51,1.3,99,1.44,10,9,2,No,yellow,Yes,2,30,81.1205,1
350,566357,2129,5,3,1143,12.1,6.1,36,14.2,96.5,1.11,9,3,9,No,yellow,Yes,2,39,1136.5705,0
353,896288,2168,2,1,1278,34.6,9.5,22,0.9,95.1,2.11,9,7,1,No,white,Yes,3,60,1226.8205,0
365,889670,1753,6,3,850,40.9,7.1,22,3.4,94.2,1.22,1,6,7,No,red,Yes,2,41,136.2205,0
372,1025214,2897,5,4,1081,41.5,8,10,0.5,89.4,1.28,3,3,4,No,blue,Yes,1,1,69.7205,0
384,965151,2126,3,3,1434,23.8,8.9,10,4.4,94.5,0.72,2,5,5,No,red,Yes,1,60,231.2205,0
388,955506,3162,4,5,875,18.8,8.9,21,10.5,95.6,1.83,5,8,9,No,blue,Yes,1,46,1344.6205,0
389,888115,1949,3,6,478,19.4,9.7,29,0.5,91.9,1.73,10,3,10,No,red,Yes,2,59,266.3705,0
391,910817,1350,5,3,720,11.3,9.7,2,11.3,94.8,1.56,9,3,4,No,yellow,Yes,3,44,526.6705,1
392,695959,1175,3,6,747,27,9.7,2,5.5,89.8,2.06,5,9,6,No,red,Yes,2,52,689.1205,1
394,653453,1724,2,5,575,29.8,9.2,11,18.3,93.9,0.66,7,1,5,No,blue,Yes,2,35,1424.4205,0
395,673185,1240,3,4,596,13,6.5,34,1.8,84.7,1.58,8,3,1,No,green,Yes,3,44,943.7205,0
402,648367,1261,3,5,362,39.3,9.8,24,9.6,92.7,1.46,5,2,9,No,white,Yes,1,32,546.6205,1
405,788997,2255,6,5,269,18.3,9.2,53,1.6,86.1,2.15,5,5,4,No,yellow,Yes,2,-6,702.4205,0
420,1063073,2830,1,5,1697,8.8,8.5,2,0.5,92.9,1.74,8,4,3,No,red,Yes,2,42,421.2205,0
421,1041839,3222,5,3,1444,4.4,9.7,64,9,95,1.33,7,4,6,No,blue,Yes,1,53,940.8705,1
422,904931,2003,1,2,814,8.7,8.8,13,8.4,90,1.01,1,2,6,No,yellow,Yes,1,6,1306.6205,0
423,743026,2211,2,2,766,10.9,7.5,72,12.9,93.1,1.66,3,4,3,No,green,Yes,2,12,1073.8705,1
426,605913,1510,5,2,323,70.1,8.7,41,15.3,92.9,1.53,3,10,2,No,green,Yes,2,35,664.4205,0
433,877735,3080,3,4,814,13.1,7.4,2,0.8,89,1.58,7,9,9,No,white,Yes,2,22,450.6705,1
436,708515,2177,3,4,622,25.8,8.2,21,19,90.8,2.15,8,6,9,No,white,Yes,2,52,984.5705,1
437,854161,1802,4,6,268,7.3,8.8,30,16.4,90.6,1.52,10,9,3,No,white,Yes,3,10,1470.0205,1
439,907868,2539,5,5,1312,47.2,7.8,65,0.5,90.3,2.15,6,3,9,No,blue,Yes,2,47,418.3705,0
447,758773,1389,3,4,1636,19.5,7.8,1,1.3,94.2,1.34,3,4,10,No,red,Yes,3,45,889.5705,0
455,987011,2018,4,3,505,10.5,9.2,1,9,95.1,1.54,4,9,10,No,white,Yes,1,20,1294.2705,0
457,745704,1681,2,5,200,47.6,9.1,16,27.2,97.9,0.78,6,3,9,No,white,Yes,3,38,1246.7705,0
460,890810,2147,4,5,765,14.1,9,22,9.5,91.3,1.64,8,1,8,No,yellow,Yes,2,58,1284.7705,1
463,798942,1724,1,4,750,52.5,8.7,25,1.4,99,1.6,2,7,5,No,blue,Yes,2,52,1119.4705,0
465,609524,1431,3,3,563,30.6,7.9,20,13,92.5,1.09,6,10,8,No,green,Yes,1,9,609.3205,1
467,425707,1296,4,5,802,34.6,6.3,100,4.6,93.6,1.41,10,10,9,No,white,Yes,2,-6,1394.0205,1
469,733458,1624,2,3,224,22.6,6.8,20,3.2,90.4,1.33,4,1,9,No,red,Yes,1,20,10.8205,1
471,1034785,3074,3,1,987,81.4,8.8,14,5.3,88.8,1.8,4,3,1,No,yellow,Yes,1,13,423.1205,1
473,743297,1265,5,1,495,7.1,8.8,5,0.9,93.6,1.23,7,9,3,No,white,Yes,3,20,439.2705,1
478,958991,1874,5,4,772,13.2,8.6,5,4.6,88.8,1.54,8,5,5,No,white,Yes,3,13,907.6205,1
480,568077,827,2,3,370,21,8.9,3,5.8,92.8,1.35,2,8,4,No,red,Yes,2,51,317.6705,0
486,1127908,3191,5,5,888,43.2,7.5,41,12.3,97.3,1.12,5,9,7,No,red,Yes,3,44,234.0705,1
491,450497,863,4,2,200,55.1,8.6,10,0.8,91.7,1.48,4,9,4,No,white,Yes,1,3,336.6705,1
493,718199,1729,4,5,814,47.8,8.6,33,9.9,86,1.36,10,6,8,No,red,Yes,1,41,709.0705,1
8,874235,2135,2,3,281,32.5,6.7,7,1.7,89.2,1.32,9,10,7,No,yellow,Yes,1,28,1183.1205,1
14,688194,1656,1,6,211,35.9,8.8,34,3.8,92.4,1.54,8,1,2,No,red,Yes,3,37,374.6705,1
19,725404,1901,5,5,520,26.3,6.9,10,6.7,93.9,1.5,9,4,7,No,blue,Yes,2,-6,1210.6705,1
25,1143629,3994,5,4,758,36.4,7.2,14,15.2,87.5,1.91,5,8,4,No,yellow,Yes,1,12,387.0205,0
26,535477,1168,1,2,975,32.4,6.6,69,4.2,88.9,1.25,10,5,2,No,blue,Yes,3,-5,557.0705,1
28,861420,1543,3,1,270,11.4,9.3,19,1.9,94.8,1.31,6,2,8,No,yellow,Yes,1,55,1114.7205,0
30,676326,1809,5,1,1153,47.3,6.2,9,3.8,94.1,1.32,8,3,4,No,yellow,Yes,2,35,425.9705,0
35,842925,2312,5,2,627,23.9,5.6,22,5.9,89,1.09,1,3,7,No,green,Yes,1,19,1014.0205,0
40,1041713,2058,2,5,908,68,7.5,4,0.6,96.3,1.22,2,8,7,No,yellow,Yes,3,16,1089.0705,0
41,668157,2144,2,5,449,33.5,8.3,40,11.3,93.3,1.47,3,6,3,No,yellow,Yes,3,7,346.1705,1
43,898425,1696,1,6,1046,9,9.1,6,1.5,99,1.74,8,3,8,No,blue,Yes,1,14,1225.8705,1
47,621122,871,2,3,200,55.9,7.8,1,0.5,85.1,1.72,3,7,1,No,blue,Yes,1,60,115.3205,1
48,454864,1786,2,4,609,32.7,6.8,100,19.1,93.4,1.25,6,10,4,No,red,Yes,1,46,56.4205,0
55,610158,1176,3,7,384,63.1,7.2,10,5.8,91,0.87,8,9,7,No,yellow,Yes,2,43,578.9205,0
59,723849,1715,2,3,1353,6.7,5.8,1,6.9,96.6,1.52,3,10,2,No,yellow,Yes,2,24,873.4205,1
61,831466,1618,4,5,946,19.7,8.7,1,4.4,81.5,1.52,8,3,1,No,white,Yes,1,5,1514.6705,1
64,609189,1126,1,4,200,47.1,7.3,18,4.4,96.4,1.28,5,4,4,No,red,Yes,3,14,1367.4205,1
67,840876,1820,5,4,871,29.1,8.5,22,5.1,92.1,0.72,10,10,4,No,blue,Yes,3,5,1477.6205,1
72,636316,1667,1,5,510,67.6,7.7,2,24.4,97.4,1.28,10,6,8,No,green,Yes,2,26,830.6705,1
74,513797,1044,2,5,460,49.7,8.7,21,12.4,94.6,1.47,7,9,10,No,yellow,Yes,2,-1,15.5705,1
77,991000,1826,5,3,487,20.1,7.5,31,1.9,92.4,1.86,3,6,4,No,blue,Yes,2,53,1283.8205,1
78,1000664,2588,4,5,1102,44.2,9.5,27,14.1,86.1,1.43,5,10,7,No,white,Yes,2,39,653.9705,1
84,696566,1238,1,5,216,28.5,7.1,9,3.8,96.2,1.43,8,1,2,No,yellow,Yes,1,49,61.1705,1
88,962200,2148,6,6,308,34.1,9.3,17,6.3,99,1.25,8,7,8,No,red,Yes,1,55,1099.5205,0
89,785099,1854,1,2,415,21.9,8.2,10,6.7,90,1.42,7,6,6,No,red,Yes,1,15,1230.6205,0
90,631838,1402,2,3,294,26.3,7,12,14,92.7,1.07,2,4,8,No,green,Yes,2,25,634.0205,1
92,723011,1406,5,5,397,24.9,9.5,5,13.5,88.6,1.22,6,4,6,No,white,Yes,2,46,1252.4705,1
98,680022,1216,3,5,747,35.4,6.2,11,1.9,89.4,1.39,1,5,3,No,yellow,Yes,2,33,847.7705,0
101,1005869,2580,2,2,200,50.9,9.6,13,0.5,89.5,1.31,4,1,6,No,blue,Yes,1,2,900.0205,1
103,904757,1963,5,3,1039,18.1,9.2,15,11,94.5,1.69,1,5,2,No,white,Yes,2,39,983.6205,0
107,716664,1255,3,3,1076,9.7,5.9,19,3.4,90.4,0.98,3,4,8,No,blue,Yes,2,0,122.9205,1
114,555848,1101,2,3,214,6,8.6,57,8.9,98.5,1.85,5,7,3,No,blue,Yes,2,15,445.9205,1
117,942354,3233,2,7,1322,28.5,7.5,2,17.1,91,1.41,6,4,8,No,red,Yes,2,58,335.7205,0
118,707259,1464,4,4,1073,28.5,9,33,2.7,89.3,1.27,7,6,5,No,blue,Yes,1,19,188.4705,0
123,849910,1645,2,6,891,32.6,7.9,32,4.7,94.5,1.38,2,9,2,No,green,Yes,1,15,1237.2705,1
125,926335,2291,4,5,1552,16.3,8.4,9,3.6,90.2,0.99,9,1,10,No,blue,Yes,2,55,474.4205,0
131,743270,2097,5,3,977,33.9,6.8,54,3.5,86.2,1.98,5,1,4,No,white,Yes,2,33,86.8205,0
137,962221,2129,2,6,900,16.6,7.7,2,9.6,85.7,1.53,6,5,8,No,white,Yes,1,60,419.3205,1
138,920734,2323,5,3,510,25.4,6.9,7,3.9,87.6,0.81,2,8,5,No,blue,Yes,2,18,1195.4705,1
145,846578,2473,4,4,404,43.8,8,40,4.2,88,2.41,10,2,2,No,blue,Yes,2,7,359.4705,1
146,816414,1879,5,6,200,30.5,9.6,11,10,93.2,1.2,2,8,8,No,blue,Yes,1,50,1063.4205,1
147,810740,1723,4,3,208,20.8,8.1,28,9,95.2,1.19,1,2,10,No,yellow,Yes,3,58,864.8705,1
148,835052,1672,3,5,1423,48.2,7.7,4,0.5,90.1,1.7,1,6,6,No,white,Yes,3,60,1114.7205,1
151,1127357,3992,5,1,1334,56.6,7.5,46,1.5,85.2,1.47,3,7,4,No,green,Yes,1,19,931.3705,1
166,930981,2531,2,4,957,43.2,8.7,8,2.1,95.1,1.36,4,9,9,No,blue,Yes,2,47,1179.3205,1
168,682467,1708,3,3,780,19.1,5.8,45,0.5,91.5,1.34,4,2,6,No,red,Yes,2,53,431.6705,1
169,838148,1377,4,5,324,31.4,8.4,11,0.8,92.9,1.68,7,4,3,No,white,Yes,3,44,829.7205,0
171,789296,2006,6,4,249,28,6,54,7.1,93.1,1.29,1,2,1,No,blue,Yes,1,11,1228.7205,1
176,1135468,3381,5,2,879,41.7,8.1,2,5.5,91,1.55,7,3,9,No,blue,Yes,2,45,1414.9205,0
177,571017,1141,3,3,922,21.6,5.7,44,11.4,99,1.74,9,3,8,No,blue,Yes,2,37,1360.7705,0
180,752052,1810,3,6,463,34.7,7.5,17,3.2,91.5,1.41,8,8,3,No,green,Yes,2,55,1425.3705,0
184,745565,2047,2,4,504,33.2,5.7,48,8.1,92.8,1.07,4,1,10,No,yellow,Yes,1,41,265.4205,0
189,579464,1305,2,4,200,14.1,9.3,92,0.9,93.5,1.47,1,4,5,No,red,Yes,1,41,158.0705,1
190,986201,3299,5,1,833,35,8.2,25,18,89.6,1.59,7,6,9,No,red,Yes,2,32,1465.2705,0
194,717427,1464,4,2,904,36,8.5,6,1.9,92.8,1.33,9,2,9,No,red,Yes,3,22,159.0205,0
195,602767,943,1,5,200,27.9,9,50,15.7,90.4,1.04,7,2,5,No,blue,Yes,3,44,184.6705,1
203,855957,1897,3,1,200,24.3,9.4,4,1.2,96.4,1.42,3,1,6,No,white,Yes,2,39,854.4205,1
208,976317,1508,5,4,483,26.4,9.5,3,7.8,94.1,1.32,4,1,7,No,blue,Yes,1,31,602.6705,0
209,671819,1257,4,6,200,65.5,9.3,16,4.6,95.2,1.06,4,1,6,No,red,Yes,3,8,1420.6205,0
213,628802,1693,6,2,1000,36.4,8.6,20,15.1,93.9,1.29,8,1,5,No,blue,Yes,1,54,893.3705,0
215,882014,2042,4,5,965,10.2,7.7,25,9.1,98.8,1.07,9,8,10,No,red,Yes,2,32,216.9705,0
219,542652,1504,6,5,795,31.3,6.9,53,2.5,91.4,2.19,8,6,7,No,white,Yes,2,-3,1318.0205,1
225,1290200,4500,2,3,1176,7.7,9,25,10,98.5,1.5,2,2,7,No,yellow,Yes,2,63,114.3705,0
229,717508,2221,5,2,648,43.6,6.4,49,0.5,90.8,1.31,5,8,2,No,white,Yes,1,-2,385.1205,1
231,1306056,3389,6,5,1379,14.8,8,3,1,96.4,1.32,1,3,2,No,red,Yes,2,37,1246.7705,0
237,678749,1104,3,1,509,36.6,6.9,15,4.2,92.5,1.25,4,9,1,No,red,Yes,3,48,1113.7705,0
239,930860,1917,4,5,1019,42.1,9.8,19,7.6,91.5,1.39,5,9,2,No,blue,Yes,2,26,124.8205,0
240,914728,2413,4,2,868,16.8,7.7,24,2.2,91.4,1.1,8,7,10,No,green,Yes,3,15,782.2205,1
243,936710,2341,4,6,208,8.6,9.1,4,0.5,91.2,0.99,3,9,2,No,yellow,Yes,3,20,557.0705,0
244,904813,2263,2,3,728,47.2,7,23,4.5,94.3,1.53,6,8,3,No,red,Yes,1,-3,605.5205,0
249,846284,2398,4,4,1010,5.1,8,15,19.8,96.2,1.34,1,6,7,No,yellow,Yes,2,5,1080.5205,0
251,720391,1284,4,6,1269,22.7,6.9,34,0.5,91.8,2,7,4,4,No,yellow,Yes,3,30,531.4205,1
252,664399,1491,5,4,573,5.9,8.9,11,26.4,87.2,1.81,10,10,8,No,green,Yes,1,60,1167.9205,1
255,881802,1352,2,2,1126,16.2,8.7,5,2.7,93.7,2.09,10,7,4,No,red,Yes,3,32,1482.3705,1
257,730869,1558,5,6,840,48.4,8.4,1,5.3,86.6,1.52,3,10,3,No,blue,Yes,2,49,60.2205,0
258,727021,1390,1,2,917,46.1,7.9,11,1.1,97.3,1.34,3,6,7,No,white,Yes,2,31,904.7705,0
267,1027272,2638,3,3,1118,41.4,9.1,24,14.4,94.4,1.4,7,7,9,No,red,Yes,1,26,359.4705,0
272,1446766,4453,2,6,1890,6.3,7.5,29,0.5,92,0.87,2,8,3,No,green,Yes,3,6,586.5205,1
273,896032,1183,4,2,200,14.5,7.6,7,3.1,95.5,1.48,10,1,4,No,yellow,Yes,1,33,186.5705,1
281,598795,1438,2,4,200,59.9,6,5,1.7,96.4,1.47,2,3,9,No,yellow,Yes,2,24,1469.0705,1
282,958420,2267,2,3,1292,38,8.4,65,0.5,91,1.09,7,3,3,No,blue,Yes,3,51,547.5705,1
283,819183,2578,2,6,958,25.5,6.2,22,4.2,92.5,1.33,5,7,3,No,red,Yes,1,57,1185.0205,0
286,893405,2082,5,5,200,15.8,7.6,12,1.1,96.9,1,9,3,7,No,red,Yes,1,33,761.3205,0
289,682461,1456,6,3,442,36.7,8.3,12,12.1,95.9,1.15,2,2,8,No,yellow,Yes,1,1,1252.4705,0
290,913025,2475,1,7,1314,73.5,8.8,3,7.6,85.1,1.49,7,7,1,No,yellow,Yes,1,12,917.1205,0
292,819115,2112,5,6,530,22.3,7.9,23,7.2,91.8,1.06,9,5,3,No,red,Yes,3,23,1346.5205,1
296,777052,1697,4,4,744,33.1,8.9,11,0.7,92.2,1.31,8,10,7,No,yellow,Yes,2,55,1073.8705,0
297,874119,1851,4,4,526,22.4,9.3,1,5.9,89.5,1.49,8,7,6,No,red,Yes,2,54,1312.3205,0
299,822071,2297,1,6,1394,47.7,6.4,15,6.2,91.1,1.4,8,5,4,No,green,Yes,2,15,86.8205,0
300,855212,1984,6,6,1538,19.2,8.9,16,6.8,94,1.1,8,5,8,No,red,Yes,2,39,23.1705,0
302,754891,1613,1,4,300,29.6,8.8,27,15.3,93.7,0.97,3,4,7,No,green,Yes,3,46,598.8705,0
303,933643,2430,3,2,1367,39,9.4,23,4,97.1,1.95,8,4,1,No,yellow,Yes,3,31,1480.4705,1
304,716795,2185,2,5,258,17.3,8.4,8,5.8,86.2,2.16,2,6,7,No,yellow,Yes,3,18,90.6205,1
305,772735,1645,6,7,459,45.3,7,5,0.5,91.2,2.33,10,2,6,No,yellow,Yes,1,18,1201.1705,0
317,590449,1061,4,3,660,32.4,9.2,48,0.5,90.9,1.07,10,2,2,No,red,Yes,1,49,854.4205,1
321,804638,1946,6,4,289,26.8,7.7,27,1.2,93.7,0.86,1,6,5,No,green,Yes,3,40,128.6205,1
328,657237,1943,4,3,200,30.2,7.5,49,7.4,96,1.14,7,7,2,No,white,Yes,1,49,558.0205,1
329,925761,2126,3,3,1211,13,9,9,7.1,97.2,1.06,2,3,8,No,red,Yes,2,53,414.5705,0
332,651475,1646,5,1,497,61.8,8.5,4,2.7,94.1,1.37,6,3,7,No,yellow,Yes,2,2,1366.4705,1
333,930572,1969,3,2,238,42.4,7.3,2,1.9,96.4,1.32,7,7,5,No,green,Yes,2,63,441.1705,0
334,909834,2733,5,5,582,29.5,4.5,3,6.2,91.5,1.7,6,5,9,No,red,Yes,2,33,492.4705,0
336,703839,1512,3,4,909,28.3,7.4,27,3.2,96.3,0.7,2,4,1,No,blue,Yes,2,3,594.1205,0
339,690985,1594,3,4,231,21.7,8.3,7,29.5,93.1,1.28,8,3,6,No,red,Yes,2,23,1117.5705,0
340,1016817,2357,3,6,1244,17,9.3,0,1,92.1,1.5,8,9,1,No,red,Yes,1,52,1049.1705,0
341,715706,1245,3,1,948,31.4,6,4,11.9,96.9,1.54,5,10,1,No,yellow,Yes,1,54,309.1205,1
344,733700,1479,2,5,619,15.1,6.6,33,0.6,93.6,1.91,4,8,10,No,green,Yes,3,59,729.9705,1
346,1002607,3235,1,2,1046,44.5,8.3,40,3.3,98.6,1.26,9,8,8,No,blue,Yes,2,4,1356.9705,1
353,793336,1909,6,4,863,48.3,9.8,13,1.5,94.4,1.27,9,4,8,No,green,Yes,2,11,767.9705,0
359,807257,956,6,4,200,16.2,8.3,5,5.7,99,0.61,4,10,3,No,blue,Yes,1,35,1508.0205,0
362,727293,1873,5,2,732,77,8.4,3,1.5,90.7,1.28,8,10,3,No,white,Yes,2,50,466.8205,1
367,1102577,2901,3,4,801,21.6,9.5,54,11.3,90.9,1.26,9,8,3,No,green,Yes,2,22,1231.5705,0
373,702907,1226,4,2,995,37,9,2,2.7,96.3,1.41,3,3,7,No,blue,Yes,2,43,1310.4205,0
382,624528,1449,6,7,413,41.2,8.9,11,8.4,87.3,1.65,4,3,1,No,white,Yes,1,33,1262.9205,0
384,1045981,3246,2,6,1325,9,6.9,34,2,88.6,1.68,3,8,3,No,white,Yes,2,-3,329.0705,1
388,644793,1060,1,5,200,28.7,7.1,2,25.3,89.9,1.74,7,2,4,No,white,Yes,3,20,1248.6705,1
393,698119,1866,5,1,462,21,8.2,84,7.3,92.2,1.57,3,2,10,No,yellow,Yes,2,34,953.2205,1
394,722647,1897,2,6,712,47.2,7.3,16,2.6,91.5,1.62,9,1,2,No,white,Yes,2,31,771.7705,0
398,975356,2326,2,1,423,22.1,9.4,83,2.2,89.8,1.45,3,1,9,No,blue,Yes,3,34,1284.7705,1
399,600129,928,3,6,416,32,8,46,2.3,81.6,2.31,1,9,2,No,yellow,Yes,2,30,676.7705,0
405,653732,1336,4,1,231,5,7,7,3.2,99,1.79,2,2,8,No,red,Yes,3,19,872.4705,1
406,907761,1804,2,7,879,6.3,7.2,6,2.1,91,1.82,8,7,5,No,white,Yes,2,47,1125.1705,0
407,388042,1053,6,3,500,44.6,4.9,21,14.3,95.4,1.85,8,3,9,No,white,Yes,2,8,352.8205,1
417,633320,1574,6,6,200,12.3,7.4,35,11.1,93.9,1.5,7,8,7,No,blue,Yes,3,18,1267.6705,1
421,891627,1821,3,2,685,22.1,6.7,0,2.3,99,1.37,3,10,3,No,blue,Yes,2,0,1297.1205,1
434,785540,1595,6,2,644,14,8.8,4,17,95.5,1.61,9,5,1,No,blue,Yes,2,0,630.2205,0
442,697977,1442,5,5,706,14.2,6,14,4.1,90.1,1.21,3,8,6,No,green,Yes,2,25,1145.1205,1
449,896140,2013,1,5,762,32.1,9.1,0,2.4,90.9,1.75,10,6,3,No,yellow,Yes,3,37,1181.2205,0
450,593938,1100,3,3,781,32,9,15,18.9,86.5,1.94,3,6,8,No,yellow,Yes,1,58,390.8205,0
453,998399,3269,4,5,1111,23.3,5.6,28,23,93.2,1.9,5,7,7,No,yellow,Yes,2,47,241.6705,0
456,1048582,2938,3,6,260,18.9,9.6,8,1.8,89.2,1.3,1,6,10,No,red,Yes,3,-5,317.6705,1
458,822705,1633,3,2,917,58.3,9.4,18,1.8,89.8,1.73,7,2,5,No,white,Yes,2,47,1292.3705,0
459,699114,1252,3,1,594,17.7,7.5,96,2.3,93.7,1.26,8,6,2,No,white,Yes,1,21,958.9205,1
460,616071,1676,3,6,363,38.9,6.3,56,1.7,91.8,1.58,2,9,4,No,blue,Yes,2,14,1455.7705,1
468,996453,1964,5,3,699,34.7,7.9,22,7.3,90.9,1,1,2,2,No,red,Yes,2,44,293.9205,1
469,840004,1606,3,6,200,15.7,8.5,7,5.7,88.6,1.49,9,5,5,No,white,Yes,1,2,214.1205,0
470,812344,1880,5,2,595,19.7,7.9,14,5.2,91,1.51,6,9,5,No,red,Yes,1,12,476.3205,1
473,648568,1579,2,2,200,19.7,6.9,20,2.7,96.1,1.64,2,3,6,No,white,Yes,1,46,1428.2205,0
475,805562,1696,6,1,294,12.4,8.4,21,2,88.8,1.12,8,8,8,No,red,Yes,2,41,794.5705,0
476,1096814,3192,6,5,1289,17.5,8.9,21,3.2,93.6,1.5,10,2,4,No,yellow,Yes,2,61,1071.0205,0
478,778816,1788,1,4,256,23.4,8.8,10,3,94.7,1.23,5,9,1,No,green,Yes,3,9,738.5205,1
487,861066,1887,4,5,662,33.2,7.1,13,7.5,88.7,1.08,1,7,5,No,red,Yes,3,15,142.8705,1
489,583416,1403,2,6,200,19.5,9.3,36,9.4,88.1,1.43,7,3,1,No,yellow,Yes,1,21,875.3205,0
496,776483,1152,6,6,200,24.8,7.2,7,2.8,95.8,1.27,6,5,10,No,green,Yes,1,39,1513.7205,0
1,887841,2302,1,3,1216,69.4,8.3,18,1.3,94.1,1.13,8,2,5,No,blue,Yes,2,20,1389.2705,0
5,753840,1520,4,7,721,46.5,8,9,2.8,88.9,1.27,3,10,3,No,white,Yes,3,39,891.4705,1
6,849571,2417,3,5,733,5.7,6.6,31,2.9,94.7,1.28,3,8,6,No,blue,Yes,1,21,1524.1705,0
7,668087,1246,3,4,496,58.1,9.1,12,4.4,96.5,1.74,5,1,7,No,yellow,Yes,2,22,1325.6205,1
14,937324,1971,2,6,513,16.5,8.5,98,0.9,91.4,1.23,2,7,9,No,red,Yes,3,63,1071.0205,0
17,774512,2148,1,6,1084,39,7.4,22,2.5,91.8,1.28,6,3,6,No,white,Yes,1,62,564.6705,0
18,843404,2241,3,4,622,45.2,8.7,4,4.9,86.4,1.39,7,8,7,No,white,Yes,2,12,1034.9205,1
20,589669,1064,1,3,701,9.4,8.9,21,1.3,89.2,1.07,8,7,10,No,green,Yes,2,39,646.3705,1
29,849351,1691,4,2,1062,3.9,7.1,14,3.2,88.4,1.42,7,2,7,No,red,Yes,2,22,1419.6705,1
36,1337086,4319,1,4,984,19.2,8.7,30,17.6,93.4,1.25,1,8,7,No,blue,Yes,1,8,1097.6205,0
41,1099123,3251,4,3,1252,7.3,6.7,14,4.3,94,0.77,3,1,2,No,red,Yes,3,33,646.3705,1
42,960091,3229,1,5,1607,42.2,8.5,7,7.3,92.6,1.07,10,9,10,No,red,Yes,1,-1,1535.5705,1
43,776407,2763,6,5,981,46.1,9.8,63,13.4,87.4,1.18,5,9,7,No,white,Yes,1,63,975.0705,0
44,579838,1680,3,7,662,16.5,6.6,60,14.7,89.2,1.56,6,3,2,No,green,Yes,1,56,666.3205,1
45,739856,1584,2,6,968,36.2,8.5,43,8.9,88.9,1.17,5,9,2,No,green,Yes,2,30,253.0705,0
54,876513,2251,2,5,1089,44.5,7.2,34,1.4,98.2,1.51,2,9,7,No,red,Yes,3,29,957.9705,0
55,828028,1760,4,2,438,26.9,7,36,7.1,95.7,0.97,2,3,8,No,yellow,Yes,3,25,765.1205,0
56,454329,1083,2,7,200,36.8,6.1,67,1.7,95.2,1.07,1,7,4,No,red,Yes,1,5,709.0705,1
57,843505,1848,2,1,200,21,7.5,23,4.9,93.5,1.45,10,5,9,No,yellow,Yes,2,2,210.3205,0
59,643895,1782,5,7,289,35.4,6,7,0.7,93.3,1.39,10,3,9,No,red,Yes,3,49,710.9705,0
65,951491,1820,5,2,235,26.9,7.7,16,0.7,90.6,1.99,1,2,8,No,green,Yes,2,14,212.2205,1
69,934100,1981,5,5,467,48.3,8.2,2,4.4,91.5,1.54,8,5,1,No,white,Yes,3,59,214.1205,1
70,358640,1269,3,5,200,38.6,6.3,57,28.6,90.2,1.23,7,8,6,No,blue,Yes,1,0,697.6705,1
73,628436,1596,1,1,630,17.3,8.4,9,5.7,93.3,0.99,4,1,6,No,yellow,Yes,1,23,573.2205,1
75,626253,1277,5,2,276,58.5,9.9,0,9.6,90.3,1.53,6,8,2,No,yellow,Yes,2,34,1317.0705,1
85,1002959,2709,4,7,604,52.6,8.8,15,1.3,92.2,1.31,1,8,6,No,green,Yes,2,56,874.3705,0
86,611688,1397,5,5,599,43.6,8.9,16,2.8,92.2,1.78,3,8,4,No,white,Yes,1,36,520.0205,1
87,853688,1437,3,4,913,41.8,8.7,8,11.7,98.1,1.08,9,5,4,No,red,Yes,3,34,988.3705,1
88,578134,700,5,5,200,14,7.7,100,4.2,93.4,1.88,3,6,9,No,blue,Yes,3,9,486.7705,0
89,936838,2726,2,4,623,42.2,7.7,3,1.6,92.1,2.04,2,2,4,No,yellow,Yes,1,8,157.1205,1
92,943847,1647,4,4,345,31.7,9.5,9,4.8,96.1,1.9,6,8,4,No,yellow,Yes,1,39,1459.5705,0
95,757284,2668,1,4,276,30,5.8,31,8.7,88.6,1.82,1,9,2,No,yellow,Yes,1,44,250.2205,1
108,736322,1577,3,4,225,23.7,7.9,67,1,99,0.92,3,1,10,No,red,Yes,2,52,1382.6205,0
112,1052092,3340,6,7,1213,58.9,8.5,8,12.8,91.9,1.81,4,8,9,No,blue,Yes,3,25,480.1205,0
114,879779,1860,2,6,666,31.2,8.6,6,3.9,94.1,1.8,8,9,6,No,blue,Yes,2,52,1107.1205,0
115,675682,1505,3,4,200,38.8,9.1,4,24.1,97.7,1.66,5,2,4,No,blue,Yes,3,2,500.0705,0
116,562080,736,4,6,774,11.1,7,10,3.7,94.5,1.89,3,10,6,No,blue,Yes,1,58,515.2705,0
118,907554,1606,4,4,1100,9.5,8.1,34,2.6,86.1,1.77,5,6,6,No,red,Yes,3,16,857.2705,0
119,811241,2064,6,6,1177,47.3,7.2,12,2.2,90.1,1.09,6,6,7,No,red,Yes,1,2,1011.1705,1
122,691121,966,5,6,1119,27.1,8.9,17,5.8,89.3,1.37,9,7,1,No,white,Yes,2,10,782.2205,0
126,799713,1740,1,6,1395,9.7,7.2,8,1.8,96.6,1.29,8,6,4,No,yellow,Yes,2,0,1009.2705,0
128,908268,2512,2,2,1276,50.6,8.2,24,6.3,94.2,0.88,1,5,9,No,red,Yes,1,11,28.8705,0
130,765494,2047,5,4,1255,80.1,9.6,83,0.7,94.4,1.29,4,8,10,No,blue,Yes,2,1,1353.1705,1
135,704269,1369,4,5,688,29.9,8.1,11,30.8,88.4,0.91,7,2,7,No,blue,Yes,2,50,289.1705,1
136,999768,2305,2,3,789,24.9,8.5,3,11.4,94.4,0.62,4,3,9,No,green,Yes,2,2,1179.3205,0
138,711865,1265,4,7,341,5.3,8.6,8,5.7,96.1,0.99,7,7,5,No,white,Yes,1,29,734.7205,0
139,653311,1598,6,6,327,33.2,7.6,32,6.6,91.5,1.74,5,1,7,No,yellow,Yes,2,26,448.7705,0
145,831345,2349,4,6,856,14.4,7.9,7,23.4,88.5,1.07,4,7,5,No,yellow,Yes,3,23,701.4705,0
146,522386,978,5,5,988,29.2,7.9,14,3.1,88.6,1.54,7,7,5,No,red,Yes,2,41,1272.4205,0
147,827661,1455,1,4,869,15.5,8.8,32,0.5,95.4,0.8,5,3,9,No,yellow,Yes,2,63,50.7205,1
150,921874,2500,2,3,864,11.5,7.2,8,7.1,96.2,2.06,1,9,4,No,red,Yes,1,9,1436.7705,1
153,605484,1719,2,6,200,42.5,6.9,43,13.9,90.9,1.71,5,8,1,No,blue,Yes,2,11,1479.5205,0
159,989512,2916,4,6,1179,7,8.9,78,6.5,94.6,1.53,8,2,1,No,green,Yes,2,22,106.7705,1
163,691642,1805,4,5,530,35.3,7.4,3,0.5,89.6,1.11,4,3,7,No,red,Yes,2,30,1431.0705,1
168,704039,2313,5,4,1572,8.4,6.1,3,32,93.3,1.18,4,8,7,No,green,Yes,2,18,720.4705,1
171,1270780,4314,5,5,1656,42.6,8,45,7.7,90.1,1.51,8,9,7,No,yellow,Yes,2,13,830.6705,1
172,839169,1829,4,6,404,33.1,6.4,24,1,81.8,1.08,10,2,6,No,green,Yes,1,30,482.0205,0
174,1302157,4500,2,6,1283,10.3,9.5,14,10.6,97,1.18,5,8,1,No,white,Yes,3,34,1173.6205,0
181,635896,1290,2,4,209,9,6,47,7.6,85,1.88,7,2,4,No,yellow,Yes,1,25,1034.9205,1
186,619727,1067,3,3,582,21.3,3.9,5,13.6,99,1.93,6,9,2,No,blue,Yes,2,5,556.1205,1
187,969158,2793,5,2,814,43.1,6.5,26,6.8,95.9,1.73,3,1,2,No,yellow,Yes,1,19,1523.2205,1
196,957938,2162,6,5,200,6.3,7.7,11,14.2,94.2,0.92,10,4,10,No,red,Yes,3,52,1221.1205,0
210,1123671,3499,5,3,1221,25.9,8.3,5,11.5,94.4,1.13,4,8,8,No,blue,Yes,2,9,564.6705,1
212,727655,1252,4,4,241,24.4,8,2,0.5,90.4,0.88,4,3,3,No,blue,Yes,2,-3,755.6205,0
215,912931,2067,4,7,507,21.1,8.1,6,2.6,91.2,1.63,8,5,2,No,blue,Yes,3,17,533.3205,0
217,859318,2107,4,5,663,24.3,8.7,61,2.2,88.8,1.58,6,1,1,No,red,Yes,1,38,659.6705,1
221,849670,1546,2,7,848,35.4,9.6,18,4.3,92,1.27,6,4,9,No,white,Yes,2,56,1115.6705,1
226,720241,1177,5,5,1218,20.5,9.3,3,4.4,92.8,1.34,2,2,2,No,yellow,Yes,1,25,334.7705,1
231,701854,1711,5,4,200,11.1,8.1,10,18.3,94.2,1.54,4,5,10,No,green,Yes,3,48,781.2705,0
232,765999,1827,6,2,556,45,9.3,13,2,92.8,1.83,1,9,3,No,blue,Yes,2,63,178.0205,0
237,868418,2205,4,2,922,28.2,9.7,8,1.2,94.8,1.44,1,10,7,No,blue,Yes,3,40,661.5705,0
242,705863,1272,5,1,886,11.7,7,11,0.7,90.7,0.94,7,1,9,No,white,Yes,1,-1,614.0705,0
243,789733,1813,6,5,804,58.9,8.7,6,7.8,95.4,1.44,10,3,8,No,yellow,Yes,2,0,1548.8705,1
255,857689,1681,3,2,944,6.3,7.8,3,7.5,92.6,1.27,9,9,6,No,yellow,Yes,3,35,462.0705,0
256,694834,1250,6,6,657,3.5,6.5,12,9.5,89.8,2.16,5,7,7,No,red,Yes,1,62,1088.1205,1
261,868008,1819,3,3,394,8.8,8.8,37,1,94.1,1.14,9,1,10,No,white,Yes,2,26,863.9205,1
263,464168,1277,3,3,200,43.6,6.4,25,17.1,87.5,1.21,1,5,8,No,blue,Yes,1,59,1372.1705,1
264,746039,1101,5,5,215,19.4,8.1,16,0.9,95.6,1.52,5,4,7,No,green,Yes,3,56,1034.9205,0
267,875864,2241,5,5,843,4.4,7.5,0,5.6,97.7,0.66,2,5,8,No,yellow,Yes,2,6,628.3205,1
271,1336702,3486,4,6,1080,20.4,9.9,0,1.8,89.9,1.66,10,7,6,No,blue,Yes,3,10,1442.4705,1
273,819979,2298,3,4,1111,25.2,9.9,86,0.7,93.8,1.46,8,9,6,No,yellow,Yes,1,22,1437.7205,0
277,752829,2109,1,4,1162,69.8,8.1,5,34,87.8,1.3,4,2,6,No,yellow,Yes,2,0,815.4705,0
290,836992,1861,3,3,660,24.5,9.6,5,12.5,87,1.97,8,6,8,No,yellow,Yes,2,41,285.3705,0
291,642021,1019,5,2,444,22.6,7.3,15,4.7,90.6,1.54,8,7,3,No,white,Yes,2,59,688.1705,1
292,532384,749,4,6,211,10.4,9.4,83,1.5,92,1.12,3,6,9,No,red,Yes,2,58,292.0205,0
293,979076,1998,1,3,706,9.2,7.3,23,3,93.1,1.37,1,5,6,No,yellow,Yes,1,58,1238.2205,0
294,738234,1890,3,5,200,54.7,8.7,50,1.9,98.9,2.3,6,10,10,No,green,Yes,3,54,482.9705,1
298,871524,1644,3,2,575,4.3,8.8,2,0.6,94.8,1.42,5,6,6,No,blue,Yes,2,42,509.5705,1
299,812364,2152,5,6,200,29.3,7.6,8,7.4,91,1.91,1,9,7,No,green,Yes,2,3,1348.4205,0
301,722004,1996,5,5,629,13.7,9.1,30,26.6,98.1,1.42,5,2,5,No,yellow,Yes,3,30,253.0705,1
304,1192486,3402,3,2,1205,10.8,6.7,22,0.5,98.4,1.27,10,2,4,No,white,Yes,2,32,359.4705,1
306,689745,1888,5,2,429,81.1,8.9,8,0.5,94.4,1.29,3,9,2,No,yellow,Yes,2,13,1090.0205,0
307,551168,804,5,7,308,23.7,8.8,10,1.8,91.4,1.63,5,7,4,No,green,Yes,1,-6,10.8205,1
310,654264,1660,3,4,438,19.2,7.7,83,14.4,94.9,0.65,10,3,7,No,blue,Yes,2,52,817.3705,1
311,885379,2648,2,3,678,2.1,8.3,20,12,81.4,1.62,5,10,3,No,white,Yes,2,53,1006.4205,1
322,979664,1977,1,3,1097,14.3,9.4,8,0.8,91.6,1.55,10,7,2,No,red,Yes,1,43,1058.6705,0
325,618312,1461,3,3,986,23.8,6.3,3,2.7,92.9,1.59,9,9,2,No,green,Yes,3,50,1513.7205,0
326,481693,1002,1,1,509,29,8.2,26,13.2,93.8,1.79,10,7,2,No,yellow,Yes,1,3,1266.7205,0
337,553907,924,3,1,416,14.7,5.9,80,3.5,93,1.46,1,7,1,No,red,Yes,1,43,302.4705,0
338,949682,2984,3,1,892,51.8,6.6,6,2.8,92.4,0.93,2,2,3,No,green,Yes,1,-2,333.8205,1
341,902838,2041,1,2,704,33.2,8.2,2,1.7,93.9,1.84,5,4,8,No,blue,Yes,3,5,500.0705,0
343,656068,1067,5,6,858,26.8,6.4,25,3.7,99,1.19,10,1,4,No,red,Yes,3,9,1053.9205,1
347,1347999,4500,4,7,1810,25.2,8.1,1,1.7,89,0.95,3,10,6,No,blue,Yes,3,63,1088.1205,0
355,514748,1110,4,1,541,23.7,7.3,78,40,90,1.34,4,4,5,No,blue,Yes,2,62,519.0705,0
358,808260,1501,2,4,492,18.5,8.9,11,7.9,96.7,1.69,9,3,9,No,red,Yes,2,60,296.7705,0
361,1054703,2781,2,1,769,50.8,8.8,20,5.3,92.5,1.38,5,5,9,No,green,Yes,3,-5,1102.3705,1
364,641874,961,2,4,257,25.3,9.3,6,2,96,1.5,2,5,6,No,yellow,Yes,1,38,936.1205,1
368,727312,1410,6,3,1032,22.8,8.9,36,1.6,89.6,1.36,3,7,1,No,red,Yes,2,-5,334.7705,0
370,827927,1572,3,4,737,34.3,9,18,3.2,89.2,1.49,6,2,1,No,green,Yes,1,6,896.2205,0
372,883446,1936,2,6,980,11.9,7.9,25,0.5,94,1.15,6,1,4,No,white,No,2,60,1226.8205,0
377,478921,1022,2,2,671,42,6.1,0,2.4,91.6,1.61,1,8,2,No,green,No,3,36,298.6705,1
379,830499,1352,5,5,436,8.3,9,1,7.6,92.6,1,3,9,10,No,red,No,3,-3,848.7205,0
380,828421,2014,1,2,538,18,5,57,2.1,92.4,1.34,2,1,2,No,red,No,1,62,996.9205,1
381,548264,776,3,6,330,6.8,7.4,29,16.4,96.9,1.42,9,3,3,No,green,No,1,-3,140.0205,0
387,842889,1391,2,5,434,41.4,9.5,33,3.7,89.6,1.38,7,3,5,No,blue,No,3,22,847.7705,1
398,925011,2628,5,3,692,25.9,8.3,75,2,91.4,1.59,3,6,10,No,green,No,2,-6,1469.0705,1
399,796919,1824,3,3,591,48.2,8.6,86,1.2,94.8,1.44,3,5,7,No,green,No,2,6,299.6205,1
413,868264,2795,2,2,2077,15.3,6.2,13,10.1,94.3,0.94,8,6,2,No,red,No,3,63,562.7705,1
415,845818,1658,2,4,944,23.5,6.2,22,0.5,88.1,1.19,8,10,8,No,red,No,3,27,1283.8205,1
418,573850,934,5,2,977,13.4,7.7,83,11,94.2,1.15,3,10,1,No,blue,No,1,42,1480.4705,1
423,926563,2255,1,4,776,52.7,9.7,2,3.9,93,1.49,3,2,2,No,green,No,2,-1,688.1705,1
428,684870,1908,1,3,879,51.9,7.2,1,8.7,92.2,1.75,7,8,5,No,green,No,2,-3,75.4205,0
440,1192772,3931,4,3,1350,5.4,8.2,41,13.3,85.5,1.61,2,7,7,No,yellow,No,3,42,387.0205,0
443,619471,1801,2,3,368,19.4,6.6,8,2.6,89.7,1.68,1,2,10,No,yellow,No,2,2,1071.9705,1
445,860528,2139,4,5,734,9.1,6.1,48,1.8,94.6,1.4,8,9,1,No,white,No,1,-5,238.8205,1
450,683407,1067,2,6,318,28.6,7.7,11,4,88.4,0.68,9,10,9,No,blue,No,2,16,783.1705,1
451,810194,1888,2,1,1315,31.6,8.5,24,2.1,90,0.95,5,2,7,No,green,No,1,61,1356.0205,0
454,1004959,2390,5,4,572,40.6,8.6,9,3.3,96.5,1.42,1,2,9,No,green,No,2,8,210.3205,0
457,799613,1724,2,2,584,18.9,7.9,50,2.8,99,1.65,3,2,3,No,white,No,2,11,816.4205,1
458,804819,2223,4,4,602,15.4,6.7,23,9.9,86,0.79,2,5,5,No,blue,No,1,55,1021.6205,1
463,854991,1822,4,6,738,20,9.3,15,2.7,90.7,1.53,4,7,7,No,blue,No,3,63,1499.4705,1
467,879285,2425,6,4,855,59.2,7.5,16,6.3,98.3,1.73,6,2,9,No,blue,No,2,8,1196.4205,0
468,837872,2763,1,1,1911,48.6,5.1,2,11.9,91.7,1.85,6,6,6,No,blue,No,2,36,1091.9205,1
469,706792,2026,4,5,818,14.8,7.7,2,4,90.8,1.78,2,6,8,No,blue,No,1,16,1526.0705,1
480,741745,2134,6,5,934,29.3,8.3,19,9.5,94.8,1.47,2,2,7,No,green,No,3,46,1111.8705,1
483,1144654,3614,6,2,764,25.2,8.7,5,4.1,92.6,1.38,1,10,4,No,green,No,2,42,1129.9205,1
496,850834,1911,1,3,350,4.7,8.6,26,4.3,93.6,0.9,2,8,2,No,white,No,2,39,1300.9205,1
499,1067637,2120,3,4,433,16,8.9,29,2.6,97.8,1.39,9,3,4,No,red,No,2,24,948.4705,0
6,961981,2413,4,6,548,15.8,6.7,13,2.9,98.8,2.09,5,5,1,No,white,No,2,3,1186.9205,1
7,705613,1609,3,5,996,40.3,8.7,41,5.8,86.3,1.22,2,8,3,No,blue,No,3,54,1343.6705,1
11,844592,1763,1,2,502,28.7,5.7,27,10.1,83.8,1.43,9,6,4,No,white,No,1,35,740.4205,0
13,958055,1930,4,6,999,11.1,8.4,49,4,99,1.38,10,7,10,No,white,No,1,49,457.3205,1
14,1116167,2640,4,5,1326,11.3,9.5,25,0.5,94.6,1.11,1,5,5,No,red,No,2,29,702.4205,1
16,710498,1332,6,2,797,35.4,8,51,15.1,91.6,1.22,5,2,7,No,green,No,2,45,109.6205,1
18,706992,1927,3,5,605,12.8,8.5,60,5,95.1,0.72,5,3,2,No,yellow,No,1,32,534.2705,1
19,637268,1710,3,6,252,27.3,6.1,21,2.5,92.6,1.51,6,5,2,No,yellow,No,3,31,1080.5205,1
23,1063198,4306,3,5,1966,48.5,6.3,100,4.8,97.9,1.13,8,5,7,No,yellow,No,2,8,479.1705,1
27,976030,2619,3,4,950,16.3,9.2,15,11.1,94.9,1.57,7,1,3,No,white,No,2,36,1172.6705,0
37,750973,2434,2,5,867,44.6,9.1,74,10.2,99,2.09,10,6,10,No,green,No,1,51,1016.8705,0
43,1177364,3890,2,2,769,40.4,8.3,20,0.9,93.1,1.97,5,6,5,No,white,No,3,27,1286.6705,0
44,828618,1589,4,3,260,30.2,8.9,48,2.7,90.1,1.34,4,6,8,No,green,No,3,42,220.7705,0
46,813788,1556,6,4,542,24.2,9.4,55,7.1,90.9,1.13,2,4,6,No,white,No,2,13,585.5705,0
47,708794,1801,1,4,455,35.3,7.3,11,5.2,92.1,1.1,5,1,9,No,blue,No,1,5,999.7705,1
52,788668,2572,6,1,1225,40,9.4,16,18.2,93.8,1.56,5,9,2,No,red,No,2,3,1184.0705,1
58,985885,2577,5,5,200,3.3,9.2,0,0.5,96.9,1.56,1,9,9,No,white,No,3,6,450.6705,1
59,1183994,4500,4,5,2244,14.5,9.5,23,17.7,87.4,2.07,7,1,7,No,green,No,2,55,595.0705,1
61,885815,1831,1,6,1196,5.2,8.3,16,1.2,91.2,1.71,2,7,1,No,red,No,2,55,1518.4705,1
66,685394,1636,3,4,800,39.6,7.4,13,19.8,92.6,1.51,7,2,6,No,blue,No,2,6,642.5705,0
67,786655,1344,3,5,703,3.8,8.9,6,3.4,92.1,1.45,4,9,8,No,green,No,2,25,162.8205,1
68,872320,2643,5,5,1196,59.1,8.5,5,6.6,91.7,1.14,8,5,9,No,green,No,2,45,537.1205,0
79,668366,1127,4,6,200,44.4,8.7,9,0.6,91.4,1.69,5,8,6,No,blue,No,2,11,302.4705,1
84,949910,1886,2,7,708,5.9,8.8,25,0.6,93.6,1.42,7,2,7,No,blue,No,2,42,47.8705,1
86,739374,1602,3,3,566,40.5,7.8,19,0.5,96.1,0.95,5,9,2,No,yellow,No,2,33,383.2205,1
94,500357,1327,4,4,533,23.8,7.7,83,26.1,89,1.61,1,4,1,No,yellow,No,3,3,1174.5705,1
95,698295,1846,2,2,767,37,9.1,11,0.9,95,0.98,8,2,6,No,white,No,1,58,849.6705,1
99,866119,1953,4,2,923,38.1,6.6,6,2.3,97.8,1.31,5,7,5,No,red,No,3,50,736.6205,1
100,762232,1400,2,7,200,9.1,8.1,81,13.4,98.5,1.03,1,6,1,No,yellow,No,2,7,1335.1205,0
103,714307,1211,2,2,745,34.8,8.7,5,1.8,99,1.38,5,2,6,No,blue,No,2,6,1105.2205,1
104,747219,2035,6,6,200,33.5,7.7,26,0.7,99,1.34,2,4,8,No,blue,No,1,27,888.6205,1
107,1123323,4080,1,2,1353,13.7,7.1,13,6,93.7,1.97,2,4,5,No,white,No,1,9,1360.7705,1
109,889584,2170,5,6,973,22.9,9.4,21,5.4,89.9,1.44,1,5,5,No,red,No,2,57,974.1205,0
113,769499,2130,5,2,633,12.6,8.2,2,29.2,93.5,1.8,6,8,8,No,blue,No,2,48,835.4205,0
116,654228,1255,1,6,220,29.4,8.1,7,4.8,88.4,1.76,5,9,8,No,white,No,2,9,508.6205,1
117,959321,2400,1,3,717,16.5,8.2,10,8.1,93.1,0.76,2,10,7,No,white,No,3,47,1027.3205,1
120,532195,1596,2,5,1293,7.8,5.3,2,6.1,96.5,1.97,4,2,2,No,blue,No,3,13,86.8205,1
121,867389,1729,2,6,245,17,8.9,13,1.9,95,1.69,3,4,9,No,white,No,2,62,1357.9205,1
124,612059,1938,2,4,899,44.1,8.7,15,3.1,95.2,0.51,3,5,2,No,green,No,3,33,1311.3705,1
126,680278,1371,2,3,396,43.5,8.3,45,10.7,93.7,1.59,2,5,8,No,green,No,2,24,79.2205,0
128,974588,3041,6,4,1158,13.9,7.9,46,2.6,90.5,1.06,1,6,8,No,green,No,2,3,1443.4205,0
136,635917,1205,6,4,1045,21.7,8.3,0,8.5,99,1.74,8,4,5,No,red,No,1,38,390.8205,0
141,654924,1519,4,4,733,33.4,8.9,6,4.2,91.9,1.43,2,2,3,No,red,No,2,18,364.2205,0
156,766257,2106,1,1,745,13.5,7.1,42,16.7,90.7,1.71,10,5,1,No,blue,No,2,25,580.8205,0
158,667147,1305,6,4,769,7,7.4,9,1.6,94.3,1.13,8,9,1,No,yellow,No,1,57,861.0705,0
163,626016,1162,5,7,200,16.1,8,49,4.9,87.7,1.77,4,6,9,No,blue,No,1,34,784.1205,0
166,673829,1453,4,4,240,50.8,8.4,26,1.8,92.2,1.48,2,8,2,No,red,No,1,44,225.5205,0
167,859541,2679,6,6,544,61.7,9.1,37,4,90.9,1.19,2,4,9,No,red,No,2,0,410.7705,1
169,669718,1701,3,7,846,22.7,5.8,59,3.4,96.6,1.14,4,9,5,No,yellow,No,2,11,1127.0705,0
170,676079,2099,2,7,200,69.5,8.7,29,22.1,93.9,1.44,4,3,9,No,yellow,No,2,30,337.6205,1
177,699949,1704,5,5,640,10.6,8.8,53,7.6,96.3,1.45,7,4,4,No,red,No,1,34,1455.7705,0
179,1128401,3142,2,4,959,8.6,8.6,52,1,95.2,1.2,1,1,3,No,red,No,1,26,871.5205,0
181,844042,2522,3,5,743,21.3,9.7,4,10.6,92.5,1.91,1,3,5,No,white,No,3,4,516.2205,1
184,1169106,3566,1,6,910,12,9,6,6.3,85.7,1.13,1,9,3,No,white,No,1,53,919.0205,0
187,761788,2083,3,2,1148,41.7,8,73,1.2,99,1.7,2,5,9,No,yellow,No,2,19,651.1205,0
195,697680,700,5,3,207,40.3,9.2,19,4.4,94.6,0.79,7,4,4,No,yellow,No,2,53,984.5705,0
203,1169464,4015,4,5,954,30.8,9.6,15,12.2,90.5,1.07,3,9,2,No,white,No,1,1,206.5205,1
205,616475,1198,4,5,551,17.9,8.2,7,16,86.6,1.42,1,2,1,No,white,No,2,16,595.0705,1
209,628044,1761,3,6,1562,34.1,7.2,37,7.5,89.9,1.4,2,6,10,No,white,No,2,48,620.7205,0
214,628010,1140,4,5,728,21.7,9.9,43,7.8,91.8,1.56,7,6,10,No,yellow,No,3,44,1059.6205,1
215,618990,1317,4,4,588,21.8,8.2,93,1.7,91.3,1.55,9,9,4,No,green,No,2,14,1420.6205,1
217,883784,1808,5,6,323,32.4,9.3,33,2.8,89.6,1.5,9,3,10,No,blue,No,1,48,649.2205,0
222,775840,1780,4,7,1073,27.7,8.2,5,9.6,87.9,1.53,3,9,4,No,yellow,No,2,42,286.3205,0
225,796357,2160,4,4,864,11.4,6.6,36,2.1,92.1,1.28,5,10,6,No,blue,No,1,58,739.4705,1
228,695436,2066,5,7,714,36.3,8.6,59,22.3,92.6,1.12,1,4,10,No,yellow,No,1,56,170.4205,0
230,645935,1443,1,5,479,25.6,8.9,59,2,92.1,1.5,6,4,7,No,red,No,1,-2,450.6705,0
233,645860,1688,4,4,520,36.9,8.8,26,18.1,97.2,0.92,8,6,5,No,red,No,2,58,1001.6705,0
234,470495,754,3,1,200,39.9,9.8,29,31.2,90.4,1.85,5,3,3,No,yellow,No,3,1,19.3705,0
237,714898,1443,5,5,1295,5.4,6.2,18,15,93.6,1.35,7,4,2,No,green,No,1,52,1374.0705,1
239,686967,1382,4,4,291,23.9,8.4,23,14,94.9,1.54,8,3,7,No,white,No,2,51,488.6705,1
245,755006,1457,2,6,697,47.9,9,41,14.6,93.9,1.04,7,10,4,No,white,No,1,28,530.4705,0
256,558686,832,3,1,200,17.5,7,20,6,93.9,1.46,2,4,2,No,green,No,2,3,1101.4205,0
257,882965,2928,3,5,1347,37.6,8.4,21,0.5,91.8,2.02,10,8,1,No,blue,No,2,63,391.7705,0
262,740919,2359,5,4,1191,50,6.8,1,4.9,83,2.24,7,5,8,No,green,No,2,46,272.0705,1
263,704593,1703,6,2,1021,46.1,9.4,18,23.6,92.6,1.85,10,8,5,No,blue,No,2,20,1548.8705,1
269,907898,2525,6,2,1233,20.7,7.4,10,0.8,92.1,1.87,2,5,1,No,white,No,1,24,450.6705,0
280,751267,1836,2,7,727,4.3,6.9,32,0.6,88.9,1.46,8,5,7,No,red,No,1,55,447.8205,0
282,1009439,1921,2,3,337,27.9,9,24,1.7,91.5,0.93,5,9,9,No,green,No,2,-4,46.9205,1
286,688984,1451,5,1,200,54,8.4,13,1.2,90.6,1.24,5,10,5,No,green,No,1,13,1514.6705,1
297,763175,1300,2,4,235,23.9,8.9,32,3.2,96.8,1.94,10,3,4,No,yellow,No,1,49,1379.7705,0
299,660012,1594,1,5,200,29.8,9.9,49,16.5,92.9,1.32,9,6,10,No,green,No,3,28,956.0705,0
302,709352,1087,3,5,761,11.1,7.6,13,9.8,93.6,0.91,6,9,3,No,blue,No,1,0,732.8205,0
309,742787,1757,5,5,200,45.4,8.4,23,2.8,95.4,1.28,9,1,3,No,blue,No,3,20,1321.8205,0
320,815136,1734,2,3,589,26.4,6.9,3,9,95.3,1.51,10,9,5,No,red,No,2,58,1197.3705,1
323,767030,1571,5,3,1477,55.4,6.7,16,0.5,89.4,1.34,7,6,5,No,red,No,3,9,1354.1205,0
328,932639,2235,2,5,257,34.7,9.3,7,3.5,93.6,1.3,5,2,1,No,blue,No,1,13,482.9705,1
330,794773,1871,2,2,929,32.3,9.5,13,11.1,94.7,1.47,2,8,4,No,white,No,2,54,438.3205,0
332,690124,1119,2,2,200,22.6,8,0,12.5,92.9,1.81,8,8,7,No,yellow,No,2,25,776.5205,1
338,576090,1540,5,2,674,14.1,5.7,6,1.4,93.3,2.12,10,7,10,No,red,No,2,45,230.2705,1
342,603815,1730,5,6,364,18.2,5.7,33,1.8,91.8,1.94,4,9,1,No,green,No,3,5,1111.8705,0
345,785047,1820,4,3,478,22.9,7.4,2,10.9,89.2,1.46,1,5,10,No,blue,No,2,-2,198.9205,1
347,909521,1547,4,3,457,25.1,7.3,40,0.7,90.7,1.29,7,2,6,No,red,No,2,41,370.8705,0
349,570591,1195,3,5,200,34.8,6.5,38,7.7,98.5,1.76,7,5,6,No,red,No,1,31,342.3705,0
352,545843,1252,4,1,200,38.8,8.9,15,8,90.7,1.44,9,7,6,No,yellow,No,3,1,1230.6205,1
354,842909,2328,5,7,738,52.5,8.9,24,19.1,99,1.36,2,8,5,No,white,No,1,8,129.5705,1
356,816731,1658,5,7,438,44.9,7.7,1,0.5,93.2,1.4,6,4,10,No,blue,No,3,-1,300.5705,1
360,605887,1065,3,7,200,57.2,7.6,46,10.1,93,1.36,4,3,3,No,blue,No,2,31,1407.3205,1
362,908245,2668,3,7,958,48.5,8.2,16,9.7,91.9,1.8,5,10,9,No,white,No,2,-6,472.5205,0
365,1010926,2928,3,4,518,28.4,7.4,32,2.2,94.3,1.14,10,1,4,No,white,No,2,-1,708.1205,1
370,701107,1550,3,2,200,64.8,7.7,5,2.8,92.8,1.4,8,4,1,No,yellow,No,2,15,546.6205,1
373,926330,2663,2,2,992,6.5,7.9,14,5.5,89.6,1.76,10,5,4,No,yellow,No,1,47,795.5205,0
375,689858,1695,1,4,200,33.1,9.2,96,0.5,93,1.07,5,10,4,No,blue,No,3,5,1005.4705,1
380,608399,1846,5,2,251,40.3,5.3,73,9,93.1,1.39,5,7,7,No,white,No,2,42,1044.4205,1
386,1057416,2805,2,6,1288,23.8,9.3,35,0.5,96.2,1.71,4,9,3,No,yellow,No,2,21,188.4705,1
393,941588,1032,1,3,657,31.9,8.7,23,0.5,96.6,1.64,8,1,3,No,red,No,1,59,751.8205,0
397,928755,1875,4,3,1234,18.3,7.1,21,0.5,91.1,0.98,1,10,9,No,green,No,1,15,1139.4205,1
398,382581,1148,5,3,360,45.8,6.1,50,8.6,92.9,1.24,6,10,2,No,blue,No,2,10,786.0205,1
401,761130,2020,4,6,751,57.7,5.4,34,7.6,89.6,1.3,1,3,8,No,green,No,2,51,330.9705,1
414,686499,2021,2,3,776,51.3,7.9,2,8.4,97.9,2.08,1,2,1,No,green,No,1,56,435.4705,0
419,791342,2138,3,2,638,46.2,6.8,5,3.7,96.1,1.02,9,7,6,No,green,No,3,40,826.8705,0
426,775702,2152,1,6,482,27.9,8,71,37.3,94.1,1.43,4,7,9,No,red,No,2,44,618.8205,1
432,585722,720,3,5,457,45.6,9.1,2,5.9,94.1,1.6,8,5,2,No,white,No,3,53,1084.3205,1
437,616507,1124,4,6,365,42.6,9.2,5,9.8,90.8,1.57,1,2,6,No,white,No,2,7,1209.7205,1
440,871067,2165,1,3,1337,22.2,9.5,100,3.7,96.8,0.79,1,9,9,No,red,No,2,-6,805.9705,0
441,666609,926,2,5,401,23,9.4,3,15.4,98.5,1.74,1,9,6,No,yellow,No,2,-6,522.8705,0
443,594322,1109,4,5,927,26.6,8.4,37,3.3,90.2,1.58,3,9,10,No,blue,No,3,0,275.8705,0
445,974910,2368,2,5,604,17.6,7.8,19,0.6,91.8,1.78,10,8,8,No,green,No,2,12,898.1205,0
447,841711,1377,4,6,380,15.6,9.6,6,1.1,90.2,1.26,6,5,9,No,yellow,No,1,40,906.6705,1
448,857216,1532,5,4,200,24.9,7,30,1,90,1.35,1,7,7,No,red,No,2,30,361.3705,1
450,870178,2025,3,2,1092,43,9,20,8.7,95.8,0.73,7,9,2,No,blue,No,3,5,846.8205,0
459,746995,1410,1,3,243,55.5,7.4,1,2.1,93.3,2.24,2,10,6,No,white,No,2,17,677.7205,0
460,867761,1880,5,5,846,42.5,7.9,29,0.5,94.7,1.27,10,6,5,No,red,No,3,1,771.7705,1
468,812375,1520,5,7,320,1.1,9.7,4,0.6,89.6,1.41,10,1,4,No,white,No,2,5,378.4705,0
473,734618,1883,3,3,1038,20.5,4.5,15,18.3,94.9,0.79,2,9,6,No,blue,No,1,20,611.2205,0
478,722496,1309,3,2,768,30.8,9.1,8,2.8,95,1.38,3,8,8,No,red,No,2,17,1376.9205,1
479,769358,1653,5,2,1142,30.8,8.4,21,2.1,96.3,0.76,3,2,5,No,red,No,2,41,731.8705,0
481,788456,2294,5,5,692,20.7,7.8,20,1.1,89.9,1.08,1,10,7,No,yellow,No,3,49,777.4705,0
482,514945,885,2,4,217,70.7,8.5,1,15.8,93.6,1.94,7,2,2,No,blue,No,2,20,167.5705,0
488,810188,1100,4,5,1391,17.8,9.2,31,5.5,95.1,1.81,6,8,1,No,yellow,No,1,18,58.3205,1
494,822815,2271,2,6,200,20.4,9.7,8,3,91.7,2.21,5,4,7,No,red,No,1,8,617.8705,1
496,806341,2057,4,3,998,16.6,8.3,19,13.1,89.9,1.11,4,4,10,No,yellow,No,2,49,674.8705,0
2,650374,1178,3,2,794,8.1,5.6,17,5.8,97.1,2.03,6,4,10,No,blue,No,2,29,768.9205,1
5,934460,2613,4,7,541,29.4,7.5,3,25.6,90.6,0.79,10,2,8,No,green,No,2,0,1427.2705,1
13,748403,1379,4,6,367,40.7,7.9,52,0.5,93.1,1.43,6,2,10,No,white,No,2,24,384.1705,1
16,813324,1407,6,1,1152,17.2,8.5,44,10.9,88.7,0.97,9,10,1,No,green,No,2,33,930.4205,0
20,864356,2027,3,3,776,10.7,8.5,28,13.5,91.2,1.36,7,3,7,No,green,No,2,14,425.0205,0
22,503769,1753,6,4,290,27,6.3,1,3.2,88.7,1.39,1,3,5,No,blue,No,2,15,803.1205,0
27,661539,1598,2,5,523,13.2,9.1,14,6.2,95.1,1.53,4,9,5,No,white,No,3,50,1451.0205,1
28,792710,1774,2,4,439,8.4,9.5,6,16.6,93.4,1.2,4,10,9,No,blue,No,2,5,1513.7205,0
32,931713,2114,1,7,1112,13.5,8.9,40,0.5,92.2,1.53,1,8,2,No,green,No,2,11,917.1205,1
35,662911,1416,6,4,373,26.9,8.9,16,1.9,90.5,1.43,6,4,10,No,blue,No,2,57,1108.0705,1
36,749492,2399,6,4,1521,27.3,7.4,50,21.9,94.6,1.58,2,2,1,No,yellow,No,3,-3,122.9205,0
38,904891,2296,2,6,265,25.3,8.8,17,21.4,92.2,1.31,10,9,8,No,green,No,3,18,663.4705,0
58,895803,2657,3,2,1334,27.6,5.9,3,7.4,88.2,1.37,8,7,7,No,red,No,2,23,317.6705,0
61,818744,1619,6,2,200,28.8,9,13,9.1,94.9,1.56,2,6,7,No,green,No,1,44,1382.6205,0
66,938852,2306,5,4,907,9.1,8.4,57,1.5,99,1.47,5,9,7,No,red,No,2,20,1485.2205,1
70,988135,2826,2,1,559,66.4,9.2,23,8,86.4,1.29,1,4,7,No,white,No,1,19,1071.0205,0
75,643377,1903,4,2,771,42.1,7.3,41,0.5,96.3,1.23,4,4,8,No,blue,No,3,42,781.2705,1
80,438695,961,5,5,200,17.1,8.3,7,10.3,96.8,1.16,2,5,9,No,white,No,2,-3,793.6205,0
83,679788,1638,3,1,612,12.5,8.2,69,2.3,96.6,1.67,8,9,2,No,red,No,2,36,1218.2705,0
84,690808,1049,2,6,200,37.4,8,10,1.9,95.6,1.34,2,8,5,No,red,No,3,1,866.7705,0
88,782347,1643,6,2,780,59.3,7.5,2,0.5,93.2,1.16,3,1,3,No,white,No,1,6,568.4705,1
96,900590,2865,4,5,1650,45.5,9.2,0,3.1,99,1.29,7,5,7,No,red,No,1,1,1384.5205,0
98,895705,1455,2,6,200,21.1,8,12,4.3,91.7,1.54,6,3,7,No,white,No,3,33,615.9705,0
100,1078552,3311,2,2,631,0.6,8.3,31,3.3,93.8,1.96,7,4,2,No,green,No,2,50,487.7205,0
101,537675,1146,6,4,482,18.6,7.7,8,5.8,92.7,1.65,8,10,8,No,red,No,3,-3,341.4205,1
109,692821,1367,5,7,489,29.5,7.1,46,5.2,91,1.62,3,2,2,No,blue,No,2,60,1427.2705,1
114,1245523,3883,1,4,1509,34.3,9.1,54,0.5,92,1.32,4,9,4,No,red,No,1,21,13.6705,1
119,715533,1088,2,3,1265,24.7,9,57,5.8,98.9,1.1,4,2,7,No,red,No,2,0,1326.5705,0
123,746121,2046,6,3,677,34.5,6.7,39,6.9,90.2,1.87,5,2,5,No,red,No,2,37,503.8705,1
125,801726,1431,1,6,433,15.9,9.2,6,15.5,92.9,1.02,1,1,8,No,green,No,1,-1,1202.1205,0
134,528940,1378,6,4,469,61.1,7.3,59,3.4,93.2,1.4,1,4,7,No,green,No,2,3,173.2705,1
138,742763,1137,5,5,265,28,9.5,23,12.8,96.1,1.47,4,4,10,No,green,No,3,7,168.5205,0
142,1104661,3376,6,4,1349,5.1,6.6,4,5.5,91,0.73,2,9,1,No,green,No,2,62,1154.6205,1
147,1052780,2184,5,2,449,5.5,7.8,30,2.7,91,0.9,5,1,4,No,yellow,No,2,43,1340.8205,1
155,910855,1487,4,6,482,10.9,9.1,25,1.1,90.6,1.43,1,3,3,No,yellow,No,2,7,732.8205,1
157,487969,1154,4,6,200,44.3,7.2,81,4.8,95.3,1.98,8,5,6,No,red,No,3,50,761.3205,1
168,828144,1670,5,6,200,52.7,9.5,37,1,99,2.28,10,1,8,No,red,No,2,10,1210.6705,1
171,773961,1958,6,7,517,30.8,6.7,22,1,96.5,1.4,3,7,9,No,red,No,1,54,1049.1705,1
179,754843,1432,3,6,245,1.6,9.2,43,25.1,94.3,1,4,8,9,No,red,No,1,31,162.8205,1
180,682623,1485,5,5,516,41.9,8.2,15,7.1,91.9,1.63,5,9,2,No,yellow,No,2,0,75.4205,1
181,801682,1612,3,1,295,24,7.2,42,0.5,96.8,1.15,5,7,4,No,white,No,1,25,864.8705,0
189,565035,974,2,6,455,31.3,5,14,2.9,96.1,1.59,8,8,2,No,blue,No,2,33,139.0705,1
193,827051,1656,1,6,494,18.7,9.4,0,0.7,84.1,1.84,3,8,10,No,blue,No,3,6,417.4205,0
197,882080,2552,2,5,845,30,6.8,7,38.4,97.4,1.51,4,1,5,No,yellow,No,3,3,541.8705,0
199,784055,1212,3,3,835,12.6,8.7,7,1.1,93.8,1.58,4,2,5,No,white,No,2,60,810.7205,1
201,907820,2731,2,5,1067,43.7,7.8,25,11.4,89.3,1.32,10,2,7,No,white,No,2,42,793.6205,0
203,643960,828,5,1,200,30,7.4,18,2.4,89.1,1.41,4,8,1,No,blue,No,2,2,393.6705,0
217,961858,2598,5,6,1187,26.8,8.4,59,3.4,90.1,1.53,2,5,10,No,white,No,2,44,724.2705,0
220,1040397,2432,6,6,1117,28.3,8.2,13,6.4,99,0.72,4,5,8,No,white,No,1,30,188.4705,0
221,929678,2196,2,5,1071,13.2,7.9,34,3.6,91.6,1.48,2,5,10,No,white,No,1,39,1369.3205,0
222,1014913,2633,3,2,1131,23,9.4,6,6.2,97.9,1.01,10,6,2,No,blue,No,1,9,1156.5205,0
223,716550,2023,1,2,341,27,6.6,50,4.2,89.4,1.39,8,3,9,No,red,No,1,45,535.2205,0
224,649011,752,5,5,200,53.9,7,22,14.5,94.4,1.07,2,4,1,No,blue,No,1,36,63.0705,0
229,651713,1249,2,2,200,22.2,8.9,4,4.4,93.6,1.71,6,1,9,No,blue,No,2,43,782.2205,0
233,768669,1895,1,7,882,35,7.4,1,18.1,94.3,1.45,6,6,3,No,red,No,2,-1,1507.0705,1
236,992766,2152,3,5,1294,34.8,9.2,21,7.6,91.4,1.68,10,9,5,No,blue,No,3,52,361.3705,1
245,812542,1268,1,6,200,14.9,8.5,6,4.2,95.4,1.56,5,1,5,No,blue,No,1,10,159.0205,0
247,557553,1289,1,4,970,56.1,7.6,41,2.3,94.3,1.84,3,3,6,No,green,No,2,27,275.8705,0
249,655113,1508,3,3,874,53.6,8.2,33,0.5,89.5,1.42,9,5,2,No,red,No,2,17,849.6705,1
250,694678,1690,2,3,396,32.9,7.5,4,2.4,88.4,1.28,9,3,8,No,yellow,No,2,2,376.5705,0
253,703703,1641,2,6,753,11.8,6.5,11,3.9,87.2,1.13,6,1,10,No,blue,No,1,25,192.2705,0
265,844612,856,4,3,828,3.1,9.6,0,13.8,98.7,2,2,6,6,No,red,No,2,62,779.3705,1
267,1353448,3801,5,2,1325,4.7,6.3,1,2.7,97.6,1.74,7,5,5,No,red,No,3,-4,1171.7205,0
275,652814,1226,5,4,886,25.7,8.9,41,2.4,86.8,1.89,7,10,7,No,white,No,1,43,1234.4205,0
279,897963,2402,2,1,499,64.3,8.8,30,1.8,96.7,1.37,3,2,7,No,blue,No,2,9,1184.0705,1
280,606055,1700,6,3,860,11.1,6,63,5.7,91.7,1.46,9,8,5,No,yellow,No,1,61,1410.1705,0
284,824494,1640,5,1,288,48.5,9.3,3,2.3,93.2,1.2,6,7,3,No,green,No,2,30,410.7705,0
290,782293,2290,3,3,398,26.1,8.9,33,19.2,90.1,1.39,10,2,6,No,white,No,2,32,269.2205,0
291,744412,1745,1,7,1028,5.4,9.5,62,5.7,89.5,1.17,10,9,3,No,yellow,No,2,30,761.3205,1
297,1083234,3085,6,2,970,11.2,8.9,6,2.4,94,1.17,4,3,9,No,red,No,2,3,1324.6705,0
299,759772,1631,4,5,307,34.3,6.2,8,14.8,96.7,1.32,2,10,9,No,yellow,No,2,28,1363.6205,0
302,873748,1310,3,6,614,11.9,7.1,17,7.7,90.1,0.72,5,8,2,No,blue,No,2,12,404.1205,0
303,767361,791,5,3,502,29.6,7.8,12,4.4,99,2.18,10,2,9,No,yellow,No,2,16,1217.3205,0
304,1192011,3233,3,2,866,34.4,9.3,2,7.8,88.8,1.55,2,6,6,No,blue,No,2,-5,729.0205,1
311,556557,2101,2,7,200,16.1,7.2,40,40,92.1,1.28,4,5,2,No,white,No,2,26,1432.0205,0
312,625351,1090,6,3,993,39.6,9.2,10,1.3,92,2.1,2,8,9,No,yellow,No,1,2,547.5705,0
313,684883,1343,4,2,285,10.2,9.6,21,10.7,98.7,1.1,6,6,10,No,blue,No,2,55,724.2705,0
316,918746,1916,4,5,889,4,9.1,6,7.3,94,1.32,7,3,6,No,yellow,No,2,56,1530.8205,0
317,313808,905,1,3,1003,27,6.6,41,22.3,90,1.96,1,7,10,No,red,No,1,36,1330.3705,1
319,610088,1799,6,7,919,47.5,8,62,0.6,90.7,1.92,9,2,1,No,red,No,2,25,156.1705,0
320,662386,1488,4,6,781,16.7,8.1,25,1.2,87.3,1.39,4,9,10,No,red,No,1,3,687.2205,0
321,1115535,3615,5,5,1217,11.7,8.9,44,7.4,98.3,1.5,9,6,4,No,yellow,No,3,12,1102.3705,1
323,828430,1328,6,3,792,26.2,9.5,19,1.5,92.7,1.13,4,2,9,No,yellow,No,2,-5,886.7205,0
324,870741,2188,5,4,282,21.9,6.2,31,1.1,93.3,1.71,10,5,9,No,yellow,No,1,61,1217.3205,1
326,842887,1460,5,6,200,30.4,8.3,1,0.5,94.5,1.02,7,9,7,No,yellow,No,3,-3,719.5205,1
331,726517,2101,1,6,724,40.6,7.9,68,0.5,92.3,1.56,3,10,10,No,blue,No,2,-5,463.0205,1
339,738870,1470,4,5,773,43.1,8.1,11,0.9,96.5,0.83,8,6,7,No,white,No,2,23,849.6705,1
348,907418,2126,3,3,1293,27.4,8.8,28,18.5,90.8,1.57,2,2,1,No,yellow,No,2,28,389.8705,0
352,607460,1382,4,4,200,62.4,7.9,26,1.9,99,1.24,6,10,9,No,red,No,3,56,1268.6205,1
354,764320,984,1,6,200,24.3,8.5,27,0.5,95.1,1.22,1,4,1,No,green,No,2,14,1256.2705,0
364,699075,1969,5,2,200,30,7.2,5,4.9,91.5,1.34,8,3,6,No,yellow,No,2,4,326.2205,1
365,751671,1793,2,5,551,41.7,5.1,1,9,98.1,1.28,6,7,6,No,green,No,1,6,330.0205,0
370,637212,1133,3,4,580,4,6.6,15,9.9,90,1.77,10,8,9,No,white,No,2,-6,811.6705,1
373,519130,1122,4,3,239,18.6,6.1,50,0.9,92.2,1.85,10,10,6,No,white,No,3,34,471.5705,1
381,809736,1922,4,4,421,34.4,8.7,9,6.1,92.5,1.49,8,9,2,No,blue,No,3,50,1147.9705,1
382,700023,1772,4,3,426,37.3,6.8,13,2,98.2,1.52,2,6,9,No,blue,No,2,0,1356.0205,1
388,1070419,3386,5,7,1159,50.2,7.1,61,3.1,91.4,1.03,8,5,2,No,blue,No,3,31,1179.3205,1
393,569208,1164,3,6,632,41.1,6.2,2,19.2,95,1.42,5,1,5,No,green,No,1,5,473.4705,0
397,617956,1399,1,3,1274,50.6,7.4,14,18.3,99,1.94,3,6,10,No,yellow,No,3,54,890.5205,0
398,704805,1214,5,3,200,11.6,8.1,32,12.8,95.9,1.95,3,7,5,No,yellow,No,1,48,20.3205,0
399,742443,1774,2,3,331,61.4,8.4,6,18.5,88.7,1.4,6,7,5,No,white,No,2,7,254.9705,1
401,837853,2507,4,6,1073,24.9,8.9,27,8.8,95.8,1.65,6,8,10,No,green,No,3,19,222.6705,0
404,712265,1529,4,6,770,10.2,8.1,1,5.6,98.6,1.82,2,7,9,No,red,No,2,56,1545.0705,0
407,765543,1198,5,2,897,42.1,7.7,5,3.1,88.2,1.77,7,6,10,No,blue,No,2,13,251.1705,1
411,480687,860,5,2,200,26.7,9.7,70,23.9,90.7,1.69,7,10,6,No,blue,No,2,55,982.6705,1
418,1286744,4410,4,6,1537,30.9,7.7,29,9.2,89.7,1.25,3,10,1,No,yellow,No,2,-5,851.5705,1
423,842190,2094,4,2,1217,40.1,7.8,61,16.7,93.1,1.29,8,1,10,No,red,No,2,41,29.8205,1
428,860460,1212,1,5,453,40.8,9.5,3,3.4,96.2,0.92,9,5,5,No,yellow,No,3,49,684.3705,0
430,666018,1236,6,1,220,31.5,8.3,41,2.6,93.6,1.21,1,3,9,No,red,No,3,4,1331.3205,0
434,581839,1794,3,1,869,64.8,7.9,15,22.4,89.8,1.25,1,5,9,No,white,No,3,18,824.9705,0
435,949954,2448,3,5,1090,36.4,9,4,2.4,85.9,1.26,8,5,1,No,red,No,2,32,387.9705,1
437,936694,2986,2,4,604,40.8,5.8,1,3.9,91.1,1.24,6,5,5,No,blue,No,1,53,1489.0205,1
443,994889,2837,4,6,863,29.2,9.6,63,9.1,89.2,0.54,5,10,3,No,blue,No,2,50,1017.8205,1
444,970965,2519,4,5,1430,21.4,9.2,13,4.9,94.2,1.78,1,3,9,No,green,No,1,45,1494.7205,1
449,811765,1583,2,2,228,4.4,6.8,41,5.5,96.7,1.1,2,10,7,No,yellow,No,3,15,163.7705,1
453,769601,1078,1,3,200,52.6,8.4,16,3.7,93.2,1.39,7,6,9,No,yellow,No,1,50,1090.0205,1
454,922655,1425,2,7,912,19.1,8.8,9,4,87.1,1.38,7,7,10,No,blue,No,2,49,192.2705,1
456,725565,974,1,2,561,23,6.9,45,2,92.7,1.27,2,9,1,No,white,No,2,10,1221.1205,0
467,529721,1470,5,6,377,7.1,6.6,100,33.7,97.7,1.36,7,1,1,No,white,No,3,62,736.6205,1
471,775676,1239,2,7,1155,10.1,8.4,22,2.4,99,1.46,10,7,10,No,white,No,3,21,871.5205,1
474,1075803,2705,1,1,1909,42.9,9.2,2,1.1,95.7,1.36,7,8,8,No,white,No,2,-3,812.6205,1
479,1168100,3108,4,4,490,22.9,8.8,56,12.3,95.9,1.25,7,7,2,No,green,No,2,60,304.3705,1
481,718634,1136,1,6,200,37.5,7.5,27,3.5,93.5,1.32,5,10,8,No,red,No,2,28,567.5205,1
484,585633,1423,6,3,373,57,8.7,1,40,98.5,1.35,5,5,6,No,blue,No,1,-2,1087.1705,1
490,830387,1764,5,3,553,43.2,9,1,5.2,96.7,0.61,3,7,7,No,yellow,No,1,42,649.2205,0
2,653962,966,5,2,352,32.2,8.4,6,18.6,94.5,1.67,2,2,8,No,white,No,3,33,1186.9205,1
16,760173,2074,1,4,776,32.5,8.2,14,6.9,91.1,1.25,5,1,4,No,green,No,1,19,1522.2705,0
17,787632,1778,1,7,220,23.7,7.4,15,8.4,95.8,1.66,10,5,10,No,blue,No,3,38,1356.9705,1
21,1352325,3687,4,2,1297,4,7.6,2,6.8,96,1.49,8,8,9,No,green,No,3,9,543.7705,0
28,644119,1213,3,3,253,36.5,6.3,26,1.5,98.3,0.83,6,2,10,No,yellow,No,2,-3,1208.7705,1
29,872509,1201,5,6,1006,30.6,8.5,5,2.6,91.2,0.75,2,3,8,No,white,No,2,34,965.5705,1
34,516659,1276,2,4,886,25.5,8.8,22,24.3,93.9,1.53,7,1,4,No,yellow,No,1,7,341.4205,0
35,1007121,3157,4,1,908,21.6,9.4,10,20.8,90,1.62,2,4,5,No,blue,No,2,18,731.8705,1
43,738038,2115,2,4,430,26.7,7,25,14.4,99,1.46,4,9,2,No,yellow,No,2,26,524.7705,1
46,558994,1482,4,6,751,55.8,8.7,37,14,98.3,1.37,1,10,9,No,red,No,3,43,751.8205,0
47,646908,1808,6,4,315,35.4,7.3,14,19,88.5,2.03,7,6,4,No,yellow,No,1,30,1194.5205,1
48,911852,1742,4,1,200,11.1,8.4,40,1,91.1,1.38,4,9,3,No,blue,No,3,15,836.3705,1
49,661484,1153,3,3,639,40.9,8.3,0,1.3,91.5,0.96,4,6,8,No,blue,No,2,39,484.8705,1
51,1140387,2526,2,1,1334,12.9,8.7,12,21.9,92.7,1.12,3,1,3,No,blue,No,3,51,767.9705,1
52,819948,2070,2,2,670,20.7,5.7,16,5.2,96,1.6,7,10,4,No,green,No,3,24,170.4205,0
65,922356,1955,2,6,1066,16.3,7.4,15,0.5,93,1.42,3,2,9,No,blue,No,3,28,286.3205,0
67,797800,1573,2,4,874,32.4,8.9,8,7.9,90.2,1.41,8,9,10,No,red,No,2,34,1410.1705,0
68,871075,1675,3,3,394,11.8,8.7,6,0.5,83.6,1.06,4,3,2,No,red,No,1,-6,1356.9705,1
69,1062719,3157,3,7,486,18.4,6.5,1,2.7,94.3,1.23,1,6,2,No,blue,No,1,12,216.9705,0
72,831848,1297,5,3,200,31.9,9,6,2,90.4,0.64,1,9,9,No,blue,No,1,11,881.9705,1
95,1008067,2280,5,3,1055,12.7,8.1,7,1.4,94.5,1.5,6,6,9,No,blue,No,2,55,587.4705,1
96,608031,987,6,7,200,20.7,6.6,12,1.1,92.4,1.35,8,4,6,No,green,No,3,7,1165.0705,0
107,679358,914,4,5,343,20.2,8.3,11,7.1,95.4,0.98,10,9,1,No,blue,No,2,9,779.3705,1
115,950557,2610,3,7,1450,14.7,8.8,58,24,99,1.58,5,3,3,No,blue,No,3,4,929.4705,1
119,681990,1341,4,4,255,23,4.9,0,0.5,88,1.62,3,10,6,No,yellow,No,2,40,441.1705,0
122,785697,1341,5,1,200,10.5,8,2,2.8,88.9,1.37,1,1,4,No,yellow,No,2,-2,1445.3205,0
126,536323,915,3,4,326,66.5,7.3,19,9.1,92.4,1.16,8,3,9,No,green,No,3,62,519.0705,0
127,743981,1815,5,7,1102,22.3,8.5,33,11.7,94.4,1.47,5,4,9,No,red,No,2,55,862.9705,0
128,785023,2240,5,7,1184,50.6,6.6,2,5.2,95,1.76,8,2,2,No,white,No,1,61,697.6705,0
131,598784,1754,2,4,664,60.5,7.5,80,3.1,91.9,1.16,2,3,1,No,blue,No,3,20,1246.7705,1
132,775678,1687,5,4,200,42.9,7.6,43,1.5,90.1,1.49,4,4,1,No,yellow,No,2,6,795.5205,1
134,995417,1864,3,4,200,58.5,8.3,1,0.8,93.4,1.16,4,9,3,No,white,No,3,8,988.3705,1
146,968209,2126,3,7,649,46.3,8.8,1,3.2,99,1.56,1,10,3,No,blue,No,2,-3,709.0705,1
157,1068877,2709,1,4,712,4.8,7.4,14,0.5,97.1,1.56,9,7,4,No,red,No,1,50,1013.0705,1
158,729492,1372,3,2,730,34.3,8.6,23,10.4,93.8,1.55,4,8,4,No,blue,No,3,62,669.1705,0
163,667209,2181,3,5,216,41.3,8.8,56,6.6,90.6,1.57,8,9,9,No,green,No,3,21,774.6205,0
164,655872,1126,5,3,662,44.8,9,16,0.5,93.6,1.69,7,8,1,No,blue,No,2,57,564.6705,0
176,642036,2041,3,6,350,31.7,5.7,62,14.5,88.7,1.21,1,8,2,No,yellow,No,3,45,48.8205,0
179,645460,1557,6,6,748,40,9,100,6.6,97.8,1.33,5,7,4,No,yellow,No,3,4,701.4705,0
201,486509,1890,6,2,1152,24.6,8.9,98,16.5,87.1,0.92,3,2,7,No,red,No,1,24,772.7205,0
212,782211,1577,2,3,622,18.7,9.5,31,1.5,91.4,1.63,4,10,6,No,red,No,3,17,635.9205,0
219,539035,1219,2,6,200,18,6.9,31,1.7,89.6,1.75,1,5,9,No,red,No,2,29,229.3205,1
221,994900,2652,2,5,940,32.5,9.2,45,0.9,89.2,1.19,2,1,2,No,white,No,2,20,449.7205,1
223,849763,1676,2,7,638,4.9,7.4,12,3.4,93.8,1.01,3,9,4,No,green,No,1,32,307.2205,1
229,934756,1904,6,2,484,11.8,9.3,6,11.6,90.3,1.37,10,10,8,No,blue,No,2,14,1410.1705,0
232,990011,3249,4,4,900,33.7,5.9,1,1.6,94.9,1.26,10,1,2,No,green,No,1,-2,261.6205,0
234,953080,2321,5,4,769,10.9,8,6,0.5,92.7,0.77,5,7,6,No,red,No,3,38,1498.5205,1
236,1055143,2824,3,1,467,29.6,7.1,37,2.9,91.7,1.68,5,5,4,No,green,No,2,55,59.2705,0
238,693884,1984,3,2,1094,31.4,8.7,38,2.5,92,1.55,5,1,3,No,red,No,2,41,1328.4705,1
239,750507,1298,2,6,849,17.2,8.8,18,19.1,91.7,2.26,4,2,1,No,blue,No,2,22,737.5705,1
245,908549,2299,1,3,648,34.7,7.4,9,3.1,92.9,1.45,4,6,8,No,yellow,No,3,52,268.2705,1
254,922767,2525,4,4,1150,24.2,9.1,48,2.4,94.4,1.43,1,1,9,No,blue,No,3,5,1356.0205,1
257,624918,1748,6,2,207,27.5,6.4,74,13.2,84.2,1.29,7,5,5,No,blue,No,1,35,1529.8705,1
261,1178333,3604,3,4,1821,14.2,8,62,2.1,96.5,1.13,4,2,10,No,red,No,3,-5,1417.7705,0
262,819860,1808,3,7,933,28.8,8.1,56,5,93.1,1.38,1,10,9,No,red,No,2,49,301.5205,0
264,892876,2897,5,6,985,46.3,9.3,83,6.1,91.4,2.11,9,2,5,No,green,No,3,-3,1317.0705,0
273,905198,2471,2,2,444,50.5,9,16,17.7,96.5,1.25,10,4,9,No,red,No,2,3,1274.3205,1
277,861664,1244,2,2,377,7.6,8.4,6,4.3,94.2,1.6,10,7,9,No,green,No,3,8,733.7705,1
281,637390,1372,5,6,200,45.9,7.1,27,6.6,94,1.56,3,4,6,No,blue,No,2,7,1205.9205,1
282,1044837,2906,4,6,831,28.1,8.8,2,5,93.7,1.33,8,7,9,No,blue,No,2,-2,1073.8705,1
285,1012230,2788,2,4,961,11.7,8.3,13,1.5,93.5,1.93,2,9,2,No,yellow,No,2,-1,825.9205,0
301,776805,1428,5,3,440,32.3,9.2,1,18.1,94.6,1.77,2,6,5,No,white,No,2,58,552.3205,1
303,755474,1534,3,5,222,6.9,8.8,34,19.3,93.8,1.59,6,8,9,No,blue,No,3,-3,1297.1205,0
307,971249,2574,1,5,667,16.3,8.1,28,16.3,91.3,1.39,6,7,5,No,blue,No,1,61,1478.5705,1
310,521752,1281,3,6,200,31.8,5.4,1,15.1,91,0.75,2,9,6,No,red,No,1,41,1344.6205,0
311,706911,1538,6,2,602,26.2,8.4,82,1.5,89.6,1.64,9,3,7,No,white,No,1,32,1258.1705,0
312,691028,1382,2,6,200,34.5,8.6,4,8.7,95.7,2.04,4,9,4,No,red,No,2,18,527.6205,1
313,753258,1947,4,2,200,11.9,7.8,13,13.9,90.5,1.54,4,5,1,No,green,No,2,2,65.9205,0
316,1108771,3085,6,1,1521,28.4,8.2,3,6.7,96.8,1.42,8,1,10,No,yellow,No,2,11,1127.0705,0
317,620126,1301,2,3,595,25.7,9.4,57,5.9,92.3,1.56,6,2,9,No,yellow,No,1,22,226.4705,0
318,1183566,2781,3,3,921,39.4,8.8,22,0.5,88,1.04,4,8,6,No,white,No,2,16,1272.4205,1
321,864622,2248,1,2,1112,74.6,8.1,5,2.4,87.9,1.42,7,5,8,No,red,No,3,13,652.0705,1
333,1281409,4125,3,6,874,26.9,6.6,10,10.2,99,1.5,8,5,7,No,white,No,2,57,712.8705,0
335,854525,1959,2,4,930,45.2,9.8,8,13.9,91.3,0.93,6,1,5,No,blue,No,1,0,1235.3705,0
337,805454,1777,2,6,710,30.1,8.6,7,6.2,94.7,1.53,8,3,7,No,red,No,3,8,1075.7705,0
340,986782,2750,2,1,645,32.8,8.1,8,2.6,89.7,1.41,5,3,10,No,blue,No,1,6,1014.9705,0
344,732389,1309,6,6,796,42.1,8.6,56,3.4,95.6,1.35,9,8,8,No,red,No,2,47,1356.0205,1
360,1253933,3554,4,4,1597,17.7,8,2,4.6,90.8,1.41,10,3,8,No,red,No,2,9,256.8705,0
362,676365,2271,4,6,594,10,7.2,24,24.7,99,1.31,5,7,1,No,white,No,2,19,1043.4705,1
365,1006411,2589,5,1,956,9.6,8.7,38,8.5,90.4,1.46,1,9,8,No,red,No,3,46,1332.2705,1
367,1036211,3296,6,4,1509,56.5,9.8,13,2.7,88.1,1.37,2,7,4,No,white,No,2,54,432.6205,0
368,865702,1527,6,3,230,40.6,8.7,6,2.7,99,1.7,8,1,7,No,green,No,3,-2,688.1705,1
375,884289,2122,5,2,484,22.4,8.6,27,0.9,95,1.26,10,9,9,No,red,No,3,43,1049.1705,0
378,662624,2228,5,2,711,34,8.9,100,31.5,90.6,1.75,10,2,7,No,yellow,No,1,10,986.4705,0
380,738320,2068,4,5,490,7.6,8.7,14,14.5,90.4,1.31,6,6,6,No,blue,No,2,-5,429.7705,1
386,792815,2009,5,3,200,12.2,6.9,20,4.7,95.2,1.4,8,3,3,No,blue,No,1,56,207.4705,1
387,746987,1611,6,7,671,51.9,8.2,6,13.7,97.5,1.82,5,3,7,No,green,No,1,50,1537.4705,1
393,692979,1139,4,2,930,41.3,5.6,6,3.8,95.1,0.9,9,1,9,No,yellow,No,2,1,663.4705,1
395,944822,1828,1,6,788,19.6,8.7,4,1.5,89.8,1.35,6,2,3,No,yellow,No,2,-5,1353.1705,1
397,868050,2927,2,1,484,24.7,7.7,34,18.2,93.8,1.07,4,10,6,No,red,No,3,57,23.1705,1
403,671630,1732,5,3,919,60.6,5.1,7,14.2,91.9,1.25,10,7,7,No,blue,No,2,13,850.6205,1
407,706158,1578,4,2,200,16.2,8.6,27,12.4,91.3,1.14,1,9,1,No,yellow,No,3,59,230.2705,0
424,933918,2581,6,4,1221,25.6,7.3,8,22.1,97.7,0.89,7,9,2,No,green,No,2,12,319.5705,0
425,725313,961,5,3,371,18,9,41,8.6,94.9,1.21,2,2,9,No,green,No,2,57,451.6205,1
441,1048849,3338,2,5,200,36.9,7.7,10,4.9,93.1,1.34,9,1,8,No,white,No,1,62,1165.0705,0
447,674453,2362,5,4,1014,13.8,7.4,4,5.7,87.2,1.46,1,10,8,No,yellow,No,2,18,744.2205,0
449,1057704,2775,1,2,982,35,6.9,3,3.5,98.7,1.52,4,7,5,No,blue,No,2,16,957.0205,1
454,939692,2574,4,5,659,21.8,8.4,34,8.6,92.4,2.07,4,5,5,No,yellow,No,2,-4,905.7205,0
457,563382,1309,5,6,814,36,6.4,10,5.3,88.7,1.45,2,3,3,No,white,No,3,11,605.5205,0
459,782079,1451,3,6,511,53.8,9.1,23,4.2,97.8,1.24,7,5,1,No,green,No,3,-4,167.5705,0
463,623698,1191,4,1,589,51.9,7.4,74,10,94.2,0.65,8,6,8,No,white,No,1,21,221.7205,1
464,705966,1203,5,6,756,34.3,8,9,1.6,92.9,1.04,10,1,4,No,yellow,No,2,45,650.1705,0
467,683062,1608,2,6,570,37.3,7.2,7,3.8,91.7,1.82,10,6,3,No,yellow,No,1,36,584.6205,1
474,922675,2812,2,5,1392,48.5,8.4,17,4.4,95.2,2.07,2,4,8,No,blue,No,3,60,453.5205,0
477,591591,820,6,4,1136,12.7,6.5,28,5.1,99,1.49,5,6,4,No,red,No,1,49,634.0205,1
489,808494,1965,5,1,1102,8.6,8,39,2,94.7,1.49,4,5,10,No,white,No,2,32,255.9205,1
491,697502,1641,4,3,1063,2.5,8.3,22,1.9,87.6,1.54,8,2,2,No,blue,No,3,42,1185.9705,0
492,639798,1373,4,3,782,30.6,7.6,15,20.6,90.5,1.04,2,9,8,No,white,No,3,0,1076.7205,1
494,616874,1801,1,6,487,43.8,5.9,11,18.2,91,1.29,3,9,5,No,blue,No,2,41,391.7705,0
1,984651,3293,6,1,836,19.7,6.8,16,8,92.5,1.62,1,7,10,No,red,No,3,31,1218.2705,0
6,705418,821,2,2,713,23.3,8.4,13,0.9,93.2,1.81,9,7,4,No,blue,No,2,15,98.2205,1
8,626288,1372,1,2,487,59.1,8.1,48,0.7,92.7,1.07,4,4,3,No,blue,No,2,22,849.6705,0
13,864432,1942,2,3,652,27.6,9.1,3,2.7,98.2,0.54,7,8,10,No,blue,No,3,2,479.1705,1
14,704556,1530,1,2,563,27.6,7.9,59,1.9,93.1,1.6,9,8,5,No,white,No,2,60,1114.7205,1
15,640775,1192,5,2,421,29.8,7.4,52,11.6,94.6,1.28,6,5,7,No,green,No,3,0,1524.1705,1
16,823387,2121,3,4,979,17.7,8.1,68,21.9,91,2.11,5,3,10,No,yellow,No,2,-6,517.1705,1
19,624162,783,2,4,223,33.1,8.1,1,8.2,92.5,1.39,8,5,4,No,green,No,1,45,292.9705,1
25,804518,1755,3,4,299,13.7,8.7,4,0.9,94.9,1.69,4,10,8,No,blue,No,2,22,468.7205,0
32,1036388,2234,4,6,1231,25.4,7.7,1,0.5,96.4,1.2,5,5,9,No,yellow,No,3,54,987.4205,0
35,767521,1496,5,4,200,23.5,6.8,10,1.8,96.4,1.81,9,2,5,No,white,No,2,24,975.0705,1
36,874409,1235,3,2,380,27.1,7.5,0,0.5,96.7,1.69,5,3,1,No,green,No,1,8,1485.2205,0
43,951840,2377,4,5,911,28.3,9,37,7.8,93.9,1.12,2,10,5,No,green,No,3,61,1514.6705,1
46,867096,2122,3,5,1328,64.7,7.6,10,3.2,90.2,1.07,2,3,7,No,green,No,1,60,1209.7205,1
57,974054,2851,1,4,1515,45.6,8,3,4.6,97.4,1.56,9,2,3,No,yellow,No,3,38,817.3705,0
58,827691,1790,3,4,200,20.5,8.8,67,2.8,95.1,1.12,6,1,9,No,white,No,2,4,1391.1705,1
62,584653,1213,4,6,258,10.5,6.4,45,10.6,96.2,0.78,5,2,3,No,yellow,No,3,44,1324.6705,0
64,737270,2443,5,3,642,61.9,7.9,42,1.4,93.1,0.93,4,7,3,No,red,No,2,10,791.7205,1
66,740309,986,6,5,359,13.5,9.6,10,5.6,95.4,0.87,4,3,1,No,blue,No,2,42,822.1205,0
67,537009,1588,2,2,285,35.2,8.5,100,10.4,93.2,1.71,7,6,8,No,yellow,No,1,20,907.6205,0
68,514264,1172,5,1,685,43.9,9.4,12,11.1,88,1.67,10,7,6,No,red,No,1,62,276.8205,1
77,680139,847,6,1,200,23.3,7.5,18,5.1,94.9,1.82,9,10,6,No,green,No,3,31,1406.3705,0
83,801989,1782,4,6,463,22.1,8.5,6,11.3,93.6,1.55,6,7,3,No,white,No,1,20,974.1205,1
89,843735,2068,6,7,1241,21.5,7.9,6,10,91,1.34,5,6,3,No,green,No,2,24,1182.1705,1
90,768684,1910,2,1,1304,23.2,6.2,18,9,97.2,1.44,8,10,7,No,green,No,2,43,501.0205,0
97,676228,1038,2,4,625,36.4,8.3,21,11.9,90.8,0.96,8,9,7,No,blue,No,1,60,328.1205,0
107,589307,1315,2,4,200,12.8,5.9,18,11.9,94.5,0.88,4,3,10,No,green,No,1,40,856.3205,0
113,587216,1357,3,5,343,13.2,7.8,52,2.6,98.3,1.32,9,4,7,No,green,No,1,-1,971.2705,0
117,912892,1906,1,4,764,10.9,8.8,8,5.8,94.9,1.74,10,4,9,No,white,No,1,14,1204.9705,1
118,1043424,3038,2,7,1794,6.3,8.7,29,3.4,85.2,1.44,6,10,2,No,blue,No,2,2,870.5705,1
121,745978,1359,3,4,259,39.3,8.4,6,1.2,92.6,1.75,1,7,1,No,yellow,No,3,50,1097.6205,1
122,708352,1509,5,3,601,47.1,9.1,68,0.5,92,1.66,6,9,2,No,red,No,1,37,1038.7205,1
125,1323228,4500,5,5,1864,12.3,7.6,37,9.8,97.5,1.3,9,4,6,No,green,No,3,9,878.1705,1
126,657003,2419,2,2,344,38.7,6.7,67,7,94.8,1.3,8,6,4,No,red,No,3,55,192.2705,1
127,876588,2647,3,6,421,13.1,6.6,86,5.5,93.7,1.31,1,4,8,No,green,No,2,33,1011.1705,1
129,817496,1026,4,3,862,10.1,7.2,1,3,93.7,1.93,7,4,5,No,green,No,2,51,1361.7205,1
132,744777,1335,4,7,565,32.6,8.6,46,1.5,96.1,1.66,10,7,10,No,green,No,3,2,709.0705,0
136,847343,1555,5,3,253,30,9.4,27,5.6,92.3,1.14,5,6,5,No,red,No,3,8,259.7205,0
139,884466,2975,2,5,732,7.4,7.1,43,1.8,89.4,1.77,4,9,7,No,yellow,No,2,41,660.6205,1
143,804865,1542,2,5,619,17.5,9.7,100,21.4,93.5,0.97,8,8,4,No,red,No,2,43,1233.4705,1
145,957656,2506,3,6,1442,47.7,8.8,23,16.8,97,1.23,6,10,4,No,blue,No,2,53,174.2205,1
162,850015,1892,1,3,585,45.8,8.9,35,4.3,97.1,1.72,2,4,6,No,yellow,No,3,16,1432.9705,1
171,785076,2340,4,7,229,25.6,8.7,15,7.2,92.7,1.14,7,5,5,No,red,No,2,38,808.8205,0
186,824470,2468,2,7,468,17.6,6.7,100,27.5,97.8,1.44,8,1,7,No,white,No,1,-3,176.1205,1
187,933845,1511,4,2,347,20.3,9.4,2,21.2,99,0.86,9,8,3,No,yellow,No,1,4,122.9205,0
193,1054530,3035,5,3,1084,49.4,5.4,15,1.3,91.7,1.45,5,7,1,No,green,No,1,44,1266.7205,1
199,897456,2103,3,4,1110,16.5,9,10,7,99,1.33,10,1,6,No,blue,No,1,40,1422.5205,1
220,714590,1168,2,4,637,21.9,9.1,19,3.1,90,0.96,7,7,8,No,red,No,1,30,299.6205,1
224,940477,1808,3,7,1026,45.8,6.9,7,1.3,97.5,1.12,10,8,4,No,red,No,2,54,748.9705,1
225,1125465,3193,3,2,1347,16.8,9.3,12,17.2,93.6,1.62,7,9,3,No,blue,No,2,51,1053.9205,1
228,669476,1022,1,3,221,45.1,7.8,31,5.7,91.4,1.7,6,7,6,No,red,No,2,14,878.1705,0
229,769229,2051,2,3,756,25.5,5.6,4,7.4,92.8,1.97,4,7,6,No,white,No,2,47,1332.2705,0
230,830387,1908,5,3,294,34,9,8,3.2,99,1.46,4,10,5,No,blue,No,2,35,1437.7205,0
233,750796,1563,5,6,200,24.2,8.9,30,9.6,94.3,1.9,8,8,9,No,blue,No,1,-2,387.9705,0
235,873310,1876,5,6,800,34.5,8.3,13,1,93,1.41,1,5,4,No,green,No,2,38,1094.7705,1
240,989029,2232,2,3,488,23.1,6.7,6,1.3,92.6,1.81,8,8,4,No,red,No,1,1,651.1205,0
245,897120,2060,2,6,241,16.4,8.9,26,8.9,93.3,1.29,7,9,5,No,white,No,1,42,1021.6205,0
248,871286,1995,4,5,1315,21,7.2,3,2,92.7,1.55,1,10,1,No,yellow,No,2,28,149.5205,1
253,986648,2390,6,2,620,25.5,8.4,7,0.7,87.9,1.13,6,7,9,No,white,No,3,29,4.1705,0
257,671602,1288,5,6,832,18.4,5.8,15,3,99,1.79,4,3,8,No,green,No,2,43,1361.7205,1
258,1099172,4051,3,5,1535,59.3,8.8,9,1.9,89.2,1.5,8,7,2,No,yellow,No,1,62,273.0205,0
273,728269,1626,3,4,200,29.9,8.5,28,3,87.6,1.72,4,6,7,No,yellow,No,2,62,666.3205,1
282,881375,2568,3,1,950,37,8.8,15,3.7,92.2,1.6,8,3,7,No,red,No,3,56,1051.0705,1
284,1390544,4483,2,5,1786,22.6,7.3,11,0.6,97.3,0.91,7,8,3,No,blue,No,2,19,606.4705,0
293,455712,1302,6,6,559,62.1,8.5,68,3.3,92.7,1.47,7,7,2,No,white,No,1,19,1468.1205,1
294,811706,1538,3,3,1200,15.7,9.5,1,3.9,90.7,1.43,5,6,8,No,white,No,3,25,881.0205,1
297,681974,1126,5,6,200,29.7,9.6,37,10.9,99,1.43,10,7,6,No,green,No,2,18,1159.3705,0
299,706357,1893,1,2,911,23.9,6.7,49,22.3,93.6,1.39,5,4,10,No,green,No,1,60,67.8205,0
303,646770,1362,5,5,494,59.9,8.5,5,15.1,94.5,0.63,3,7,10,No,yellow,No,2,-2,216.9705,0
306,749183,1482,4,7,200,46.8,9,24,1.8,90.5,0.96,10,6,6,No,yellow,No,3,41,1264.8205,0
308,1093842,3290,4,4,1613,21.5,9.2,18,20.1,94.8,0.83,3,1,7,No,yellow,No,2,58,285.3705,0
309,1123334,3195,4,2,1463,27.3,8.7,12,1.4,90.6,1.18,1,2,2,No,red,No,1,-3,851.5705,0
311,759466,2203,1,4,843,20.9,7,2,6.5,87.8,1.41,6,4,1,No,yellow,No,1,9,272.0705,1
314,630734,1566,2,3,200,28,8.2,70,0.5,88.7,1.54,10,2,3,No,yellow,No,3,23,1442.4705,0
317,931584,1470,4,4,303,2.8,8.8,11,6,93.6,0.87,7,9,8,No,yellow,No,2,-3,903.8205,1
318,559974,1315,5,4,995,53.3,8.1,13,12.1,92.4,1.36,4,9,5,No,green,No,2,-2,393.6705,1
320,838214,1954,1,4,913,8.5,7.1,29,4,90.9,2.29,7,2,7,No,red,No,2,46,1312.3205,1
329,701674,1925,5,3,1105,16.5,6.7,34,8.7,86.7,1.36,8,6,6,No,blue,No,1,12,185.6205,1
335,779711,1943,1,2,900,27.6,7.8,34,10.5,90,1.47,5,2,1,No,red,No,2,32,212.2205,1
345,1049356,3143,4,3,1217,5,7.9,15,5.9,95.1,1.4,7,3,7,No,yellow,No,2,42,1152.7205,1
347,682950,1318,3,3,362,14.6,6.7,10,7.9,87.2,0.94,5,5,8,No,white,No,1,14,1506.1205,1
348,697508,1844,2,1,740,22.6,8.7,45,23.2,99,1.3,6,4,7,No,white,No,2,35,158.0705,0
350,837073,1606,3,6,819,8.7,9.4,13,0.9,91.5,1.39,9,5,8,No,yellow,No,1,-5,561.8205,1
354,951624,2175,6,4,444,20.6,8.8,9,3.4,90.2,1.03,5,4,4,No,green,No,3,29,1020.6705,0
355,509763,1268,6,1,596,47.4,8,50,5,87.2,1.65,5,9,6,No,yellow,No,3,24,217.9205,0
360,851712,2178,3,7,997,32.2,6.1,21,33,95.4,1.49,2,4,5,No,red,No,2,14,538.0705,0
361,1072377,3694,5,2,1612,57.8,9.2,4,5.2,95.7,0.87,3,3,1,No,blue,No,1,42,786.9705,1
368,715226,2390,6,5,717,33,6.2,66,22.2,92.7,1.29,10,2,1,No,blue,No,1,17,464.9205,1
380,912717,2070,6,3,795,12.2,8.1,5,9.8,93.9,1.03,7,6,9,No,red,No,2,-5,1166.0205,0
381,607428,1134,4,6,200,17.3,6.7,26,17.2,94.4,1.53,2,10,1,No,blue,No,3,7,1015.9205,1
384,633682,1764,4,1,602,19.8,6.6,20,11.4,88.3,1.54,10,6,5,No,red,No,3,49,165.6705,1
388,717991,1008,2,3,341,8.2,9.8,5,2.2,92.4,0.83,2,9,10,No,yellow,No,2,50,420.2705,0
397,1133844,2867,2,5,1324,6.7,7,18,10.6,94.1,1.5,5,2,6,No,white,No,2,9,1299.0205,1
400,758805,1519,4,4,1050,28.3,9.4,3,10.3,91.9,1.34,5,6,10,No,green,No,3,5,481.0705,0
401,581072,1069,2,7,506,36.7,8.4,45,4.7,95.4,1.11,2,3,9,No,yellow,No,2,35,1522.2705,0
408,712343,1633,6,2,605,19,6.9,2,3.3,99,1.39,6,7,8,No,blue,No,2,-1,382.2705,0
413,775200,1671,3,2,200,33.2,8.3,36,10.1,94.8,1.14,3,7,9,No,green,No,2,27,1524.1705,1
414,658879,2176,4,6,680,8.6,7.6,44,18.8,88.7,1.82,6,3,1,No,yellow,No,2,15,1248.6705,1
416,795062,1801,3,4,467,31.1,7.3,0,2.4,94.4,1.41,6,4,2,No,red,No,2,50,547.5705,1
417,604611,1635,5,2,383,19.5,9.6,64,40,90.5,1.81,2,4,3,No,red,No,2,2,404.1205,0
421,905343,2848,1,7,1387,47.9,8.4,8,9.2,98.3,1.52,9,3,1,No,blue,No,2,38,286.3205,1
431,905264,2227,5,3,901,21.2,9.3,17,5.7,89.7,0.63,6,8,6,No,yellow,No,1,33,553.2705,1
434,932350,2897,2,6,1515,31.2,6.2,8,8.5,93.6,1.66,7,5,6,No,green,No,2,48,744.2205,1
436,883263,2423,4,6,463,25,5.9,48,0.9,96,1.67,6,4,10,No,white,No,2,-2,277.7705,1
438,1152230,4197,3,5,2338,25.9,8.2,15,3.3,92.8,2,3,9,5,No,blue,No,2,0,525.7205,0
440,736751,1629,3,2,456,29.8,8.8,5,15.5,89.2,1.04,4,1,8,No,red,No,1,11,1387.3705,0
446,781587,1295,5,2,563,43,9.3,18,0.9,91.4,1.24,2,9,1,No,yellow,No,2,55,390.8205,0
449,872675,2533,5,2,694,30.1,8.6,40,6.9,84.5,1.26,2,6,2,No,yellow,No,3,31,311.9705,0
451,756810,1097,4,4,850,15.6,8.9,9,2.5,94.5,1.59,5,1,3,No,red,No,3,11,563.7205,1
452,905650,2535,2,1,835,9.2,7.4,3,4.1,89.6,1.81,10,4,4,No,red,No,2,40,789.8205,0
458,1128431,3832,4,5,1513,17.4,7.9,3,5.1,85.5,2.41,6,10,9,No,yellow,No,1,30,667.2705,1
460,771773,1576,2,5,843,4.3,7.4,30,1.9,97.6,1.21,4,8,3,No,blue,No,1,41,294.8705,0
463,716860,1370,5,3,200,11.2,7.9,4,1.4,94,1.89,4,5,2,No,yellow,No,1,10,1311.3705,0
464,949130,2328,3,5,651,46.6,9.5,7,2.2,97.4,1.14,6,5,9,No,yellow,No,2,32,502.9205,0
465,718404,1480,4,6,391,33.3,7.9,5,0.6,94.5,1.31,9,5,8,No,green,No,1,1,705.2705,0
469,632605,1562,3,7,297,33.2,7.5,50,9.1,89.2,1.39,7,3,3,No,yellow,No,2,-2,1126.1205,1
470,1000882,2676,3,5,1127,22.2,7.2,32,3,93,1.22,7,9,1,No,white,No,2,32,1344.6205,1
471,994131,3148,6,4,764,38.4,6.3,26,3.4,90.9,1.19,3,6,3,No,yellow,No,3,43,780.3205,0
477,692988,1274,6,5,839,6.8,9.5,100,7,99,1.53,10,5,3,No,green,No,3,34,1145.1205,0
478,906684,2318,3,5,784,12.4,9.1,49,2.6,90,1.39,2,7,6,No,green,No,2,-1,556.1205,1
480,766948,987,2,3,400,8.4,8,24,2.3,90.9,0.98,1,7,1,No,yellow,No,1,39,1489.0205,1
486,530205,1341,5,7,522,0.6,7.3,3,3.2,92.4,1.49,5,4,8,No,blue,No,2,29,638.7705,1
487,829249,1945,1,2,746,14.5,9.1,41,0.8,94.3,1.14,8,7,7,No,yellow,No,2,-4,1344.6205,1
488,784668,1591,3,3,780,24.6,8.3,5,6.3,98.7,1.43,2,3,2,No,blue,No,2,4,420.2705,1
490,709994,2206,4,4,317,37.8,6.6,3,16.1,87.9,1.08,4,5,5,No,yellow,No,3,19,35.5205,0
496,1117864,3901,6,2,1414,10.2,8.3,11,5.2,93,2,8,6,2,No,yellow,No,3,28,424.0705,0
2,568496,1509,5,3,592,16.5,6.4,12,15.3,99,1.47,1,6,3,No,blue,No,1,61,1385.4705,0
3,714947,1695,2,4,1069,73.8,7.1,48,14.4,95.5,1.3,8,10,4,No,green,No,3,62,678.6705,1
5,1049470,2815,6,6,675,22.1,6.8,14,7,99,1.36,10,1,9,No,green,No,2,48,1011.1705,1
7,630756,1865,2,5,832,49.2,7.7,9,19.4,90.4,1.39,5,5,7,No,yellow,No,2,62,783.1705,0
9,840542,1613,2,2,338,59.7,9.1,36,1.9,94.2,1.2,9,8,10,No,white,No,2,30,1404.4705,0
11,700145,1627,2,5,422,30.2,7.7,4,0.9,89.2,1.36,9,6,1,No,green,No,1,27,282.5205,1
14,607689,1765,5,4,495,36.1,7.1,0,8.7,89.4,1.17,5,5,7,No,red,No,1,14,1425.3705,0
15,647428,1577,3,7,635,16.3,8.9,22,7.5,92.9,1.38,7,9,9,No,green,No,3,25,563.7205,0
25,553787,700,3,2,200,11,8.5,75,6,94,2.09,5,3,7,No,yellow,No,2,-4,947.5205,1
26,601881,1716,2,2,705,40.5,7.3,22,11.8,96.6,1.35,6,9,2,No,yellow,No,2,-1,113.4205,1
30,956984,1853,6,4,813,20.8,9,8,4.9,98.7,2.06,10,9,7,No,yellow,No,2,51,722.3705,0
36,1021625,3606,4,7,1284,24.5,5.9,2,0.5,93.3,1.44,4,1,4,No,yellow,No,1,53,1475.7205,0
37,633626,1045,5,4,451,34.5,9.3,7,3.3,91.7,1.77,8,3,10,No,white,No,1,58,1541.2705,1
40,1137358,3962,1,6,1605,20.5,8.8,1,18.4,92.4,1.16,2,4,5,No,blue,No,3,45,88.7205,1
54,655838,1517,1,2,346,31.6,8.2,7,4,91.3,1.29,9,1,6,No,green,No,1,8,1000.7205,1
58,704246,1627,3,4,464,47.8,8.3,37,3.3,93.2,1.16,8,2,5,No,yellow,No,2,47,713.8205,1
60,649674,1272,2,2,200,30,7.7,3,8.4,92.3,1.31,5,5,9,No,yellow,No,2,51,968.4205,1
69,748874,1822,6,3,350,39.1,9,8,2.1,89.2,1.58,10,10,10,No,green,No,2,33,81.1205,0
73,882628,1450,2,2,825,6.6,9.4,7,11.9,98.4,1.35,1,6,2,No,blue,No,1,49,1382.6205,1
75,513460,872,5,3,222,42.2,6.1,21,4.8,85.3,2.09,2,8,10,No,white,No,2,8,151.4205,1
87,689928,899,3,5,294,46.8,6.8,3,2.4,86.8,1.39,7,7,8,No,blue,No,1,61,674.8705,1
89,923467,2100,6,5,1130,38.1,8.2,29,1.5,97.2,0.96,7,4,4,No,blue,No,2,50,425.9705,0
92,936828,2420,5,4,1032,40.9,10,19,18.7,96.6,1.78,8,6,4,No,blue,No,2,4,827.8205,1
102,634122,1419,1,4,487,22.6,8.8,18,21.6,91.5,1.46,4,4,9,No,green,No,3,1,685.3205,1
104,792178,934,5,2,1096,23.4,9,6,0.5,95.3,1.1,6,7,6,No,red,No,1,59,1273.3705,0
108,1006391,2397,1,4,756,39.4,9,34,0.6,95.4,1.21,5,4,1,No,yellow,No,3,28,650.1705,1
110,919151,2081,5,6,200,11,7.8,18,2.3,99,2,3,9,10,No,white,No,1,22,1217.3205,0
116,767606,1702,4,1,384,21.8,9.5,7,2.1,91.1,1.76,10,6,2,No,blue,No,3,51,70.6705,1
123,941082,2084,2,5,688,18.7,8.3,52,0.5,90.9,1.12,1,5,10,No,yellow,No,3,7,690.0705,1
125,611696,1602,3,6,200,47.5,5.1,70,8,90.7,1.04,1,2,10,No,white,No,2,43,700.5205,1
128,687233,1292,6,2,474,25.5,6.8,2,18,95.9,1.18,6,6,7,No,yellow,No,2,26,581.7705,0
132,722820,2209,2,2,1399,43.7,7.9,48,18.6,89.4,1.77,4,9,9,No,red,No,1,-5,225.5205,1
133,820250,1986,4,1,700,12.9,8.1,8,3,98.1,1.28,10,7,10,No,yellow,No,2,-4,1286.6705,1
150,639350,1480,6,2,837,26.5,8.1,19,0.5,90.3,1.77,1,6,6,No,white,No,2,10,1504.2205,1
151,902265,2120,5,2,493,40.6,8.4,10,6,98,1.46,4,5,10,No,yellow,No,2,10,936.1205,1
171,734861,1488,6,4,229,38.1,9.5,20,3.9,94,1.78,2,4,10,No,blue,No,2,5,173.2705,0
172,763257,2801,5,4,1266,24.9,4.3,2,7.2,90.1,2.01,2,5,6,No,white,No,1,42,987.4205,0
175,778970,1527,6,3,253,18.8,9,15,1.4,91.1,1.7,10,4,7,No,green,No,2,12,1360.7705,0
177,932957,3151,1,5,1014,34.8,8,28,6.3,96.2,1.75,10,4,2,No,white,No,1,0,144.7705,1
180,805468,1648,5,5,470,7.1,8.8,0,28.9,95.2,0.81,10,4,3,No,red,No,1,6,580.8205,0
187,852932,2188,1,7,782,18.3,7.7,26,1.6,87.9,1.25,2,2,1,No,blue,No,2,44,962.7205,1
192,806672,1559,5,2,645,15.7,7.5,40,4.4,89.5,1.14,8,6,6,No,green,No,2,61,442.1205,1
205,779563,1566,5,5,200,9.2,7.5,14,5.2,93.8,1.9,3,6,6,No,blue,No,2,55,21.2705,0
209,556933,1234,1,2,200,17.4,8.8,25,32.4,92.6,1.89,1,3,6,No,yellow,No,1,10,938.9705,1
210,824394,2030,2,6,685,13.1,7,31,4.8,92,1.41,6,9,2,No,blue,No,1,59,1039.6705,1
213,780348,1367,5,6,843,67.1,9.6,14,2,94.2,1.46,2,3,6,No,green,No,2,52,82.0705,1
229,786131,1651,3,2,519,34.9,8.6,20,9.3,88.6,1.03,10,9,3,No,green,No,1,12,393.6705,1
231,833234,1804,2,4,992,29.1,9.5,11,2.8,95,1.4,7,6,5,No,red,No,2,47,462.0705,1
235,975903,2605,3,5,1302,28,7.1,0,1.9,91.2,1.41,10,6,9,No,yellow,No,3,49,543.7705,0
238,646152,1274,3,1,632,18.9,6.7,20,12,89.1,0.68,7,10,6,No,white,No,3,15,422.1705,0
242,716302,1793,4,6,684,17.5,6.8,62,9.1,92,1.46,8,5,2,No,blue,No,2,24,362.3205,1
244,881734,2876,2,4,1563,26.8,7.3,1,8,92.7,1.54,1,6,9,No,blue,No,1,43,976.9705,1
245,641440,1406,2,5,618,29.3,6.7,39,16.9,89.4,1.24,10,3,8,No,red,No,2,62,1358.8705,1
246,541554,1122,4,3,250,45.6,8.8,68,1.6,96.1,2.07,6,4,8,No,blue,No,3,51,1151.7705,0
251,766949,1560,4,3,200,20.7,7.7,30,3.5,98.5,0.74,5,8,5,No,green,No,3,22,299.6205,1
253,765077,932,2,5,540,13.3,7.7,10,8.6,96.5,1.72,1,3,9,No,red,No,1,12,439.2705,1
254,792646,1257,1,3,560,32,6.1,7,0.5,99,0.99,10,7,3,No,blue,No,2,42,1505.1705,1
259,789553,1607,2,1,791,47.5,8.2,5,0.5,90.9,1.39,2,7,9,No,blue,No,1,40,12.7205,0
262,1188910,3284,5,5,1569,26.2,8,12,6.6,95.9,1.15,3,7,6,No,red,No,3,36,1181.2205,0
263,785425,1685,2,2,620,21.1,8.4,20,2.1,93.2,1.65,7,4,1,No,red,No,1,27,483.9205,1
264,804017,1746,6,6,871,34.1,7.1,14,8.3,92.5,1.47,5,2,8,No,green,No,1,36,511.4705,0
265,500716,829,2,7,825,27.2,8.9,21,17.2,94.9,1.64,4,6,1,No,red,No,1,21,133.3705,1
274,662032,1571,4,2,754,21.7,7.5,40,32.5,93.2,1.98,6,9,1,No,blue,No,2,29,818.3205,1
275,722109,1215,6,6,380,21.5,8.1,58,9.2,95.9,1.48,7,5,10,No,blue,No,1,51,1465.2705,1
276,803060,2055,5,3,453,13.9,8.2,14,3.7,93,1.21,10,2,10,No,blue,No,1,8,712.8705,1
287,780339,1898,6,6,442,11.6,9.5,13,11.6,91.6,1.39,10,9,6,No,white,No,3,2,985.5205,1
288,834795,1258,1,4,200,14.3,8.5,24,4.1,90.2,1.45,10,10,7,No,red,No,1,18,771.7705,0
294,1122263,3875,5,3,1278,60.2,8.5,17,0.5,87.8,1.54,9,1,6,No,yellow,No,1,-1,272.0705,1
296,744362,2579,5,6,1168,19.1,5.9,30,13.8,90.2,2.03,7,8,9,No,green,No,2,31,1089.0705,1
302,701152,1522,1,5,200,33.1,6.6,3,16.4,94.4,0.76,3,8,4,No,red,No,1,1,1215.4205,0
303,694283,1398,2,4,403,31.6,7,10,8.5,96.3,1.03,4,3,2,No,white,No,1,18,114.3705,0
304,820852,1890,3,2,200,10.4,9.3,17,2.7,93.4,1.23,6,7,9,No,yellow,No,3,27,1479.5205,0
305,703663,2408,5,7,1232,57,5.6,26,34.9,90.4,1.58,2,4,1,No,green,No,3,37,1539.3705,0
309,724088,1438,4,5,1011,23,8.8,3,2.4,89.2,1.3,1,9,6,No,green,No,2,25,1114.7205,1
311,696553,1312,5,6,301,17.9,8.3,7,1.6,89.8,1.33,8,2,10,No,yellow,No,2,22,233.1205,0
313,883844,1959,5,4,938,10.3,6.2,0,5.5,95.8,1.09,4,4,9,No,green,No,2,-5,699.5705,0
324,1066245,3197,4,7,1660,7.7,4.5,47,4.1,93.2,1.42,1,9,4,No,white,No,2,-4,635.9205,0
326,947164,3221,5,3,1104,58.6,8.5,38,2,94.7,0.87,9,7,5,No,green,No,2,45,1252.4705,1
328,898795,1653,3,4,478,24.4,6.1,5,1.2,89.1,1.63,1,2,5,No,red,No,3,60,66.8705,0
330,651984,1723,5,6,1259,25.7,5.8,61,3.1,93,1.68,5,6,6,No,green,No,2,42,97.2705,0
331,605256,1669,4,7,628,31,6.3,21,22.1,92.1,1.45,4,5,5,No,yellow,No,2,20,691.0205,0
332,1021974,2686,2,1,727,45.1,6.2,10,4.5,98.6,1.3,10,3,7,No,red,No,1,6,1034.9205,0
338,848117,1121,3,4,200,20.7,9.4,7,0.5,94.8,1.39,1,6,6,No,red,No,2,6,1198.3205,0
341,817977,1856,4,7,453,29,9,24,0.8,94.6,1.97,1,5,1,No,blue,No,2,35,1017.8205,0
342,738125,1790,1,2,1219,40.5,6.8,23,7.7,97.2,1.11,8,1,1,No,blue,No,2,7,836.3705,1
345,462282,897,4,6,207,46.2,6.9,100,0.5,90.5,1.54,1,6,7,No,white,No,2,33,543.7705,1
350,1018275,2821,2,2,965,47.1,8.5,6,1.5,90.9,1.41,8,10,5,No,yellow,No,2,11,1461.4705,1
358,737910,1318,3,5,206,15.5,9.4,60,0.5,91.5,1.22,8,10,2,No,yellow,No,3,45,67.8205,0
359,531589,1477,4,4,766,64.5,9,17,15.8,92.6,1.53,9,3,3,No,blue,No,1,34,1169.8205,1
361,829709,2264,1,4,449,19.4,9.3,6,3.6,91.3,1.52,3,10,3,No,green,No,3,7,5.1205,0
365,811262,2447,2,2,1130,38.1,8.9,39,9.4,95.4,1.41,7,4,2,No,green,No,2,56,675.8205,0
369,977115,3180,6,4,642,10,9.7,0,5.7,91.9,1.32,3,10,7,No,green,No,2,-3,835.4205,0
376,903168,1675,2,3,697,31,9.4,25,1.8,87.1,1.99,6,4,4,No,white,No,2,30,1309.4705,1
381,827966,1865,5,6,1728,22.4,9.3,91,16.5,94.4,1.89,4,7,3,No,white,No,2,60,569.4205,0
384,1034722,2781,4,4,835,8.4,9.2,14,11.3,94.3,1.73,3,3,5,No,green,No,3,4,1120.4205,1
388,874210,2049,2,7,1080,21.5,8.3,18,10.8,92.8,1.43,8,3,10,No,yellow,No,2,44,749.9205,1
396,783535,2463,1,7,614,54.4,8,2,11,94.6,1.56,6,1,9,No,yellow,No,1,48,478.2205,1
398,711030,1909,2,7,413,26,6.2,28,1.2,94.3,1.61,5,2,5,No,white,No,3,49,847.7705,0
400,803645,1776,5,3,789,64.2,9.4,30,0.9,95.2,1.42,1,6,6,No,white,No,1,37,435.4705,1
402,988958,2706,1,2,881,53.3,8.1,3,3.3,96.7,2.08,4,2,3,No,white,No,2,46,1419.6705,0
411,573477,1710,2,6,200,45.7,7.5,94,7.5,97.3,1.83,7,10,9,No,red,No,1,55,1209.7205,0
412,944878,2560,4,2,469,13.4,6.8,11,5.4,84.8,1.18,8,7,1,No,blue,No,1,14,531.4205,0
418,810798,1860,4,2,729,36.3,8.4,23,10.6,94.8,1.61,8,5,4,No,blue,No,2,50,1355.0705,1
420,714454,1506,1,3,556,3.7,6.4,47,10.9,93.5,1.15,6,3,8,No,yellow,No,2,20,263.5205,0
421,717144,1990,6,6,808,36.4,7.4,47,0.6,91.6,1.32,7,3,10,No,blue,No,1,22,1047.2705,0
422,967889,2504,6,3,761,26.1,9.7,4,0.6,90.3,1.67,10,8,6,No,green,No,2,59,394.6205,1
423,695922,1460,5,3,490,15.2,8,76,1.3,96,1.55,5,4,8,No,white,No,1,46,598.8705,1
427,812414,2407,3,4,757,52.5,7.3,13,15.4,96.2,1.45,5,9,2,No,red,No,3,36,705.2705,1
428,643187,1311,5,4,987,6.6,7.7,20,6.9,92.6,1.21,1,4,4,No,blue,No,2,-2,1101.4205,0
434,872612,2333,3,6,771,4,8.4,3,13,91.7,1.54,5,3,7,No,yellow,No,1,12,483.9205,0
440,935340,2152,1,4,259,20.2,9.5,10,5.1,99,1.34,2,1,10,No,blue,No,1,45,1274.3205,0
444,711826,1137,3,2,200,12.7,9.4,24,0.5,97.4,1.37,1,1,1,No,red,No,1,33,1357.9205,1
445,778559,1922,1,5,889,16.2,7.8,4,0.7,94.1,1.44,1,1,6,No,blue,No,1,-2,750.8705,0
453,554885,1320,3,6,894,56.3,6.2,23,9.7,99,1.57,5,9,5,No,red,No,2,45,266.3705,1
461,796427,1384,1,3,232,38.3,8.7,5,10.8,89.9,1.8,8,2,6,No,green,No,2,-4,275.8705,0
464,690593,1223,3,3,200,20.1,7.8,9,6.1,98,1.63,10,10,3,No,white,No,1,-3,1239.1705,0
468,971250,2940,1,5,712,25.2,9.7,13,26.4,87.9,1.41,3,2,3,No,red,No,1,50,1050.1205,1
474,712675,1462,5,7,252,24.7,9,24,15.3,96.8,1.27,5,6,7,No,green,No,3,16,1085.2705,0
476,783558,1471,3,1,1420,36.4,8.5,17,0.9,94.3,1.52,7,6,2,No,blue,No,3,3,293.9205,1
485,1141257,3604,1,4,1688,39.4,9.2,23,12.3,92.8,1.08,10,7,6,No,red,No,2,57,208.4205,0
490,776493,1397,2,5,513,43,9.2,19,7.4,87.4,1.13,5,4,10,No,white,No,2,5,192.2705,1
491,879764,2804,5,2,344,24.7,7.7,2,9.9,89.6,1.37,3,9,4,No,white,No,2,35,343.3205,1
492,601887,1281,3,4,200,9.1,8.5,15,24.2,89.3,1.89,2,2,9,No,yellow,No,1,44,45.0205,1
1,1362527,4326,5,2,1948,31.9,7.3,1,1.5,89.3,1.58,7,6,5,No,green,No,3,-6,642.5705,0
9,845856,1459,3,3,608,18.5,9,4,0.9,94.7,1.84,5,6,3,No,blue,No,2,23,1077.6705,1
14,900792,2129,3,2,928,24.5,5.8,13,2.1,89.5,1.11,9,3,10,No,blue,No,3,60,2.2705,0
19,559756,1442,2,6,728,53,6.8,89,4.7,97.2,1.63,7,7,2,No,green,No,3,12,955.1205,1
20,837077,2672,3,3,995,17.5,9.2,5,13.6,91.9,1.01,2,10,3,No,green,No,1,58,882.9205,0
31,536851,1322,6,5,657,21.1,7.9,0,22,88.2,1.01,3,7,7,No,blue,No,2,38,198.9205,1
36,948180,2308,5,2,806,24.3,7.9,30,0.5,98.1,1.38,6,5,8,No,white,No,1,38,700.5205,0
39,852304,2022,4,5,869,25.8,8.4,9,0.5,89.9,1.28,4,3,5,No,yellow,No,2,38,168.5205,0
42,810447,1117,5,7,200,27.1,9.7,18,4,91.6,1.89,8,6,8,No,white,No,1,1,518.1205,1
46,1038426,3532,2,7,818,11.9,7.3,38,9,92.8,1.39,2,4,6,No,yellow,No,2,17,487.7205,1
50,727771,1614,4,6,201,38.8,7.9,47,17.7,91.3,1.04,1,4,2,No,yellow,No,2,47,604.5705,0
51,538268,1130,5,1,409,60.6,6.6,48,5.1,92,1.91,9,5,7,No,blue,No,2,6,408.8705,0
54,907877,1805,6,2,1221,14.3,9.6,8,23,97.9,1.62,6,3,9,No,green,No,2,26,1375.9705,1
62,877100,2307,1,5,1481,16.3,7.4,1,4,90.4,0.81,1,5,5,No,red,No,1,44,700.5205,0
63,973366,2491,2,2,888,46.3,6.2,9,0.5,93.4,0.94,1,9,3,No,red,No,1,12,1099.5205,0
70,446291,985,3,3,200,29.5,8.5,1,19.2,88,1.56,7,9,3,No,red,No,1,4,91.5705,1
72,652030,2079,3,5,542,50.1,6.3,100,3.1,94.5,1.41,1,7,8,No,green,No,2,-1,289.1705,1
76,810420,2075,5,4,453,10.3,9.5,8,13.8,92.6,1.45,1,3,2,No,yellow,No,1,17,247.3705,0
77,795926,1810,4,2,462,14.5,8.9,0,1.6,91.8,1.32,6,4,4,No,red,No,3,10,10.8205,1
85,711265,1640,2,5,438,27.2,9.4,32,10.3,91.1,1.05,7,7,10,No,blue,No,2,-2,1122.3205,1
88,722417,851,3,2,372,8.6,9.3,13,1.2,91.1,2.41,4,2,10,No,blue,No,2,34,1512.7705,0
93,1140578,3544,1,5,1342,5.9,9,26,2.1,91.5,1.11,8,6,5,No,red,No,1,47,56.4205,0
99,525353,1238,5,4,200,29.4,7.3,6,5.3,91.3,1.76,6,3,5,No,green,No,3,38,559.9205,0
106,1036418,2681,4,3,881,24.4,7.1,22,0.5,92.8,1.23,7,6,1,No,yellow,No,2,19,302.4705,1
117,599515,1066,1,5,439,22.1,8.6,27,5.1,94.1,1.2,7,10,10,No,blue,No,2,19,1362.6705,1
121,819611,1365,4,2,227,28.9,9.2,18,5,95.1,1.19,1,10,10,No,white,No,2,-3,1394.9705,0
131,769327,1131,1,3,200,28.5,9.2,4,3,95.6,1.16,9,1,8,No,green,No,1,46,1432.0205,0
132,864923,1627,4,6,1346,33.6,8.6,4,1.4,99,2.01,1,3,9,No,white,No,1,4,1181.2205,0
134,986005,2689,2,3,644,10.7,6,53,6.2,92.1,1.44,9,5,8,No,blue,No,3,54,1396.8705,1
135,559708,1220,4,6,356,19.4,7.8,53,1.7,90,1.29,2,9,1,No,green,No,2,38,448.7705,0
136,574958,1196,2,6,527,29.8,7.1,33,24.4,87.6,1.03,4,8,8,No,yellow,No,1,18,1408.2705,0
137,836748,2812,5,6,1175,39.3,9.5,20,18.2,93.3,1.16,9,5,10,No,red,No,2,36,550.4205,1
144,890159,1920,2,1,1170,4.6,9.2,24,1.8,88.6,1.59,2,4,6,No,red,No,1,-2,987.4205,0
149,730853,1962,6,1,1123,9,8.2,20,3.2,93.1,1.06,8,10,2,No,red,No,3,-2,281.5705,0
150,639372,1214,2,5,534,26.1,7.7,17,16.8,90.9,1.99,3,6,10,No,green,No,2,36,915.2205,1
151,654286,1230,5,6,240,19.7,7.4,33,16,94.6,1.69,10,5,8,No,yellow,No,3,-5,89.6705,1
152,923123,2191,4,3,1134,29.6,8,80,1.6,89.6,0.98,5,4,1,No,yellow,No,2,54,310.0705,0
157,747587,1589,6,3,655,16.2,7.8,33,3.9,92.7,1.11,6,2,4,No,red,No,2,50,831.6205,1
159,761444,1844,6,2,447,12.4,5.3,15,8.5,89.9,0.83,9,9,6,No,green,No,3,59,558.0205,0
174,1040458,2733,5,2,1155,13.3,7.4,18,5.6,87,1.98,6,2,5,No,white,No,2,32,446.8705,1
176,810106,2468,5,3,652,74.6,9.3,3,1.2,92.8,1.73,1,9,1,No,green,No,1,60,860.1205,1
179,680722,2088,4,4,403,24.7,6.8,7,24.5,87.6,1.19,8,2,4,No,yellow,No,3,29,248.3205,0
185,901802,2442,4,6,1248,9.5,7.4,60,4.3,91.1,1.35,4,6,7,No,blue,No,2,16,207.4705,0
197,1151532,4091,2,4,1094,50.8,7.6,43,15.9,91.2,0.84,1,2,2,No,blue,No,2,4,1168.8705,0
202,680226,1465,3,1,550,38,9.3,7,9.9,96.3,1.35,9,3,4,No,green,No,3,11,1347.4705,0
204,734513,2250,5,6,1115,52.5,6.7,100,0.8,91.6,1.94,4,10,10,No,red,No,2,24,1197.3705,0
206,922788,2271,5,5,1047,12.8,8,3,11.8,89.6,1.09,3,10,4,No,red,No,2,20,1102.3705,0
207,678869,1934,4,5,793,49.1,8.6,10,16.8,90.1,1.24,8,10,10,No,blue,No,1,41,838.2705,1
211,620279,1731,2,6,1116,14.4,9.9,100,4.2,89.5,1.69,10,8,6,No,blue,No,2,27,735.6705,0
214,787416,1605,3,4,201,10.4,9.2,9,3.5,92.8,1.73,7,9,6,No,red,No,2,51,1062.4705,1
218,897819,1895,5,5,612,25.9,9.1,15,0.5,94.4,1.56,3,10,6,No,red,No,2,10,235.0205,0
219,902805,2162,3,5,728,5.2,9.1,4,5.1,91,1.21,4,3,4,No,yellow,No,2,37,160.9205,1
223,687127,1984,2,1,387,28.5,8.8,23,7.4,91.4,1.38,6,7,2,No,blue,No,3,33,1347.4705,0
225,779993,1715,5,2,604,47.4,8.2,6,6.3,94.9,2.13,8,7,10,No,red,No,1,35,192.2705,0
226,921832,1577,1,4,1146,15.1,8.1,14,8.3,96.9,1.37,4,9,7,No,red,No,3,32,551.3705,1
232,718601,1719,2,5,200,13.8,7.3,19,8.3,90.3,0.85,10,4,4,No,green,No,2,-2,132.4205,1
236,721424,1440,4,1,722,6.8,8.3,21,18.5,93.6,0.93,2,6,9,No,green,No,3,6,190.3705,1
240,590910,1071,3,4,200,16.3,5,28,1.2,91.3,1.4,7,7,3,No,blue,No,3,54,499.1205,1
241,598494,1384,6,1,1192,39.3,6.3,31,9.8,93.5,1.44,6,6,8,No,yellow,No,3,8,1073.8705,1
257,684862,1512,6,7,591,61.3,7.1,19,8.1,85.8,1.83,5,1,10,No,white,No,3,46,679.6205,0
264,947342,2204,5,3,1294,31.2,7.5,19,4.4,91.8,1.17,6,8,4,No,yellow,No,2,53,1303.7705,0
266,748748,1535,3,4,285,37.9,9.1,22,12.1,91.6,1.55,8,7,1,No,green,No,2,-5,839.2205,1
270,864705,2365,1,3,967,28.8,8.6,80,24.5,93.1,0.99,4,10,4,No,blue,No,1,1,1400.6705,0
271,720582,1579,2,2,1202,35.9,8.1,4,6.1,98.3,1.28,2,5,1,No,white,No,3,9,1138.4705,1
283,985653,2724,1,4,468,40.3,9.5,5,1.7,89.8,1.98,3,10,1,No,yellow,No,2,40,1419.6705,1
284,571060,1197,2,2,817,51.5,7.7,34,2.3,99,1.58,1,10,5,No,blue,No,3,33,1494.7205,1
292,754392,1552,4,3,682,13.4,9,8,14.8,89.2,1.98,10,7,5,No,red,No,2,45,993.1205,1
298,903325,2464,6,3,1526,32.5,8.8,27,5.2,95.2,1.45,6,7,6,No,red,No,2,44,707.1705,0
304,861108,2248,3,5,854,5.2,7.7,3,0.7,96.4,1.45,8,8,7,No,green,No,3,56,1236.3205,0
306,591259,889,5,2,200,14.5,7.8,34,0.9,84.4,1.86,7,2,3,No,green,No,3,25,1008.3205,1
311,729583,1893,5,6,961,18.1,5.8,22,3.9,94.5,1.92,6,7,1,No,red,No,2,-5,482.9705,1
313,865922,1854,6,3,507,13,9.2,6,3.2,90.9,1.67,4,7,7,No,red,No,2,45,1295.2205,1
314,766023,2288,2,6,976,17.5,9.7,4,18,94.4,1.65,2,4,10,No,yellow,No,3,19,483.9205,0
315,830805,2008,5,5,875,34.3,9,12,0.5,93.4,1.72,1,8,4,No,red,No,2,16,975.0705,0
326,515113,1116,5,4,631,50.7,5.5,4,10.9,88.9,1.29,1,10,7,No,red,No,1,52,676.7705,0
329,835009,2157,3,5,1066,49.1,7.2,13,4.5,95,1.59,5,10,8,No,red,No,1,6,1195.4705,0
330,769418,1164,5,4,351,18.8,8.8,5,1.5,94,1.45,3,6,2,No,red,No,1,53,122.9205,0
332,565689,1456,5,7,437,29,8,28,1.6,95.3,1.39,7,2,3,No,red,No,1,14,31.7205,0
336,544046,1788,3,5,724,35.5,6.4,23,24.2,87,2.12,8,9,4,No,yellow,No,3,41,1339.8705,0
345,856908,2096,4,7,200,5.6,8.4,33,5.3,93.7,1.54,9,6,1,No,blue,No,3,28,1048.2205,0
347,859992,1596,4,7,341,39.5,8.1,21,1.5,97.9,0.95,8,5,4,No,red,No,1,55,300.5705,1
351,1155528,3462,6,1,926,11.9,9,24,15.1,97.8,1.1,3,6,3,No,red,No,2,33,547.5705,0
367,797019,1984,2,6,200,29,7.5,15,10.7,93.5,1.75,4,10,8,No,white,No,2,12,837.3205,1
378,661581,1173,4,5,572,25.6,7.9,32,9,94.8,1.43,4,2,2,No,yellow,No,1,48,720.4705,0
383,958189,2538,2,3,1020,45.8,7.1,16,10.7,94.6,1.33,4,10,7,No,red,No,1,24,1275.2705,0
392,660119,2168,3,2,381,32.9,5.7,58,1.4,91.1,1.57,8,4,3,No,white,No,1,13,797.4205,1
393,579125,1297,4,6,375,24.6,6.4,8,10.1,94.7,1.24,9,9,8,No,white,No,1,51,652.0705,1
394,643486,1235,5,3,668,47.1,8.9,24,6.1,92.7,1.78,5,2,1,No,green,No,2,-1,840.1705,1
397,785618,2167,3,3,1036,9,6.7,36,1.6,92.8,1.05,5,1,1,No,yellow,No,3,25,40.2705,0
398,886927,2002,4,6,1049,5.1,8.2,33,15.6,93.2,1.12,5,10,2,No,red,No,3,43,133.3705,0
399,743789,1243,5,7,200,15.3,8.1,35,16.5,95.4,1.5,3,4,9,No,green,No,2,5,865.8205,0
402,682771,1940,1,5,542,52.8,7.3,28,17.2,95,1.55,4,3,2,No,yellow,No,2,60,1530.8205,1
404,675819,1904,3,4,355,45.8,8.9,7,4.6,94.6,1.12,5,4,10,No,blue,No,2,40,322.4205,0
417,1204720,3336,2,5,1861,17,8.6,36,12.9,90.7,1.21,1,10,3,No,green,No,3,57,522.8705,0
428,582484,1621,3,6,249,9,5.9,31,5.6,91.4,1.58,3,5,4,No,green,No,1,1,776.5205,1
433,655336,1814,3,2,953,55,8.9,100,1.5,96.9,1.45,5,6,5,No,red,No,3,20,956.0705,1
434,702537,1274,3,3,452,55.6,8,21,2.6,92.8,1.46,3,2,3,No,yellow,No,3,24,622.6205,0
437,483110,1274,2,3,967,41.5,8,57,5.4,92,1.84,8,4,8,No,red,No,2,10,596.9705,0
438,1236937,3944,5,2,1577,9.7,7.9,2,12.7,89.2,1.41,3,3,4,No,yellow,No,1,0,948.4705,0
441,921904,2954,3,3,1323,19,6.3,32,10.7,87.3,2.15,10,7,7,No,yellow,No,1,37,836.3705,1
445,691721,1274,5,1,992,22.9,9,0,18,96.6,2.24,6,5,3,No,blue,No,2,60,1481.4205,1
448,705232,1920,4,6,521,29.3,6.4,30,1,86.6,1.58,10,4,10,No,blue,No,2,7,1432.9705,1
459,1010595,2513,5,5,1159,14.6,7.4,5,4.3,90,1.44,10,4,8,No,white,No,1,-2,785.0705,0
471,692585,1570,2,1,590,18.7,7.6,8,0.7,97.3,2.13,5,8,5,No,yellow,No,2,2,776.5205,1
472,1006386,3021,2,4,719,18,7.9,19,13,94.3,1.54,9,1,5,No,blue,No,2,56,485.8205,1
484,774473,2404,2,6,637,47.5,7.4,13,6,89.5,1.86,5,3,5,No,red,No,1,24,1440.5705,1
486,1044864,3226,1,7,1526,3.6,7.3,25,26.7,97.7,0.97,3,1,1,No,yellow,No,3,8,842.0705,1
489,977020,3069,5,6,823,35.9,6.7,9,0.5,87.9,2.44,1,1,5,No,green,No,1,5,740.4205,1
490,768206,1540,3,2,606,33.7,9.5,1,3.1,90.9,1.35,3,5,8,No,yellow,No,3,43,24.1205,1
491,1180167,3152,3,6,1433,38.7,9.7,6,3.7,91.1,1.53,6,4,6,No,yellow,No,3,50,1373.1205,1
492,1059394,2459,1,1,1219,42.5,9.3,7,5.2,95.8,1.11,3,10,5,No,blue,No,3,26,701.4705,0
499,642501,1416,2,7,200,33,9.1,33,8.3,89,1.74,9,1,7,No,blue,No,1,41,1010.2205,1
1,802923,2142,4,2,1018,56.7,8.5,2,0.5,93.3,1.2,7,7,1,No,red,No,2,24,250.2205,0
2,778406,1715,4,6,976,38.4,8.4,14,8,96.3,2.04,4,5,4,No,white,No,3,21,957.0205,0
4,1015490,3067,3,6,394,35.2,8,5,8.6,87.7,1.69,7,2,1,No,red,No,2,39,1356.9705,1
13,862983,1959,5,6,200,12.6,7.2,31,4.2,96.1,0.65,7,6,6,No,white,No,3,48,666.3205,0
14,567593,921,2,1,374,18.4,9.6,61,3.3,89.9,1.23,10,1,5,No,red,No,1,32,1186.9205,1
16,628189,1478,1,5,200,41.5,6.3,23,4.2,87.1,1.24,7,1,1,No,white,No,2,62,1094.7705,0
23,821606,1843,2,2,283,14.1,5.6,3,14.2,92.5,1.54,2,3,10,No,red,No,1,9,413.6205,1
31,762495,1458,1,6,506,27.1,6.6,1,8.7,96.3,1.45,7,3,9,No,white,No,1,46,368.0205,1
34,597000,1243,6,5,200,45.7,8.2,33,0.6,90.5,1.74,2,5,10,No,yellow,No,2,2,517.1705,1
47,753654,1532,2,2,984,28.7,7.7,50,3.7,87.1,1.02,8,10,2,No,blue,No,3,25,881.9705,1
48,872331,2606,4,3,891,11.7,8.4,38,15.8,96.6,1.75,9,4,9,No,white,No,3,57,1282.8705,1
50,673918,971,1,6,654,30.7,9.5,21,1.9,87.7,1.56,3,10,4,No,blue,No,1,20,121.9705,1
52,724018,1573,3,1,200,31.2,8.2,4,15,92.9,1.17,9,5,7,No,yellow,No,2,53,1033.9705,1
73,862283,1778,5,3,200,24.5,8.5,6,6.2,89.7,1.93,9,10,5,No,red,No,1,15,944.6705,0
75,589560,720,3,7,971,39,5.8,20,0.5,96.2,0.81,6,1,4,No,white,No,3,11,939.9205,0
81,741763,1667,4,7,546,19,5.7,35,9.9,99,1.55,4,2,9,No,red,No,2,12,445.9205,0
84,839649,1501,2,4,631,10.6,8.5,22,13.7,92.6,1.52,7,7,4,No,yellow,No,1,40,1103.3205,1
85,581590,1356,2,2,956,41.2,8.5,9,18.7,87.1,1.18,8,7,4,No,red,No,1,0,1163.1705,0
89,757098,1495,2,2,477,17,7.5,36,2.3,87.6,0.88,4,3,6,No,white,No,3,-5,526.6705,1
91,929907,1862,4,3,896,9.9,8.9,17,4.1,94.5,1.66,6,8,2,No,yellow,No,3,40,1328.4705,0
100,879059,1658,5,7,405,48.2,8.6,0,16,96.3,1.42,2,1,3,No,yellow,No,1,37,544.7205,1
102,698464,1554,4,2,902,39.5,9.2,1,2.2,90.1,1.9,8,9,8,No,yellow,No,1,41,1263.8705,0
105,907784,1701,3,6,249,62.6,9.1,8,2.6,93.1,1.24,1,10,8,No,blue,No,1,52,904.7705,1
114,1119813,4263,3,2,1379,56.7,7.7,51,6,89.1,1.62,5,2,1,No,yellow,No,2,61,436.4205,1
116,715137,2000,5,3,1019,28.2,6.1,19,12.5,89.6,1.17,6,1,9,No,red,No,1,53,1287.6205,0
122,711154,1309,3,3,200,26.7,8.4,11,8.4,90.9,1.39,2,9,8,No,green,No,2,40,749.9205,0
131,877693,1046,1,5,793,25.5,8.1,4,0.5,97.4,0.99,5,4,10,No,red,No,2,9,764.1705,1
132,977462,1844,3,6,1350,17.3,8.7,0,1.2,89.1,1.02,10,10,4,No,green,No,2,24,667.2705,0
138,727078,1608,3,4,930,23.9,5.3,10,11.1,88.3,1.18,9,8,2,No,blue,No,2,12,318.6205,1
156,618741,1402,5,7,329,26.5,5.9,23,9.3,91.7,1.37,9,7,10,No,blue,No,2,54,518.1205,0
160,842469,2265,3,3,1210,24,8.4,98,6.7,89.5,1.46,8,2,5,No,blue,No,2,39,1157.4705,0
175,871155,1983,3,7,1081,28.5,7.5,55,4.1,95.8,1.34,1,5,1,No,yellow,No,3,42,1262.9205,0
176,910624,2404,5,5,709,52.6,9,1,11.6,96.6,1.31,5,7,3,No,red,No,1,24,596.0205,0
181,800769,2241,3,2,751,28.9,7.2,34,11.4,94.2,1.44,9,9,9,No,white,No,1,-2,1427.2705,1
182,769520,1333,1,7,331,14.6,9.9,19,7.5,91.8,1.42,9,2,10,No,yellow,No,2,57,416.4705,1
183,721587,1237,5,6,357,45,9.9,13,7.6,91.6,1.98,4,6,9,No,white,No,1,55,813.5705,1
186,964026,2311,3,3,786,54.8,8.9,15,3.8,94.6,1.8,8,4,3,No,blue,No,2,18,1311.3705,0
192,847373,2429,2,3,217,13.6,8.6,45,5.8,90.3,1.42,2,1,9,No,blue,No,2,31,1376.9205,1
209,875747,2156,5,5,841,5.5,6.2,2,14.1,93.2,1.42,5,4,6,No,yellow,No,3,48,634.0205,1
211,823903,2198,5,2,261,34.2,9,23,10.2,91.7,1.61,7,5,1,No,white,No,2,-3,495.3205,0
219,740157,1519,2,6,217,57.2,9.4,6,6.2,89.2,0.83,6,6,3,No,green,No,2,11,1062.4705,0
231,753706,1394,5,4,469,16.5,6.6,4,7.9,94.5,1.6,6,4,4,No,yellow,No,3,52,601.7205,1
233,796546,1829,2,6,664,7.8,7.5,84,14.6,86.8,1.49,3,8,5,No,yellow,No,2,37,1489.0205,1
237,594600,886,4,3,498,59.3,7.1,24,28.3,92.1,1.38,6,6,2,No,red,No,1,53,495.3205,1
238,791622,1921,2,1,200,42.2,7.3,11,6.4,93.7,1.2,5,5,6,No,white,No,1,54,1506.1205,0
239,695638,1428,5,4,206,15.8,7.2,43,1.6,94.1,1.3,10,1,3,No,yellow,No,2,52,1513.7205,1
240,1026375,2426,1,1,425,25.6,9.4,1,14.7,99,2.01,2,10,3,No,yellow,No,2,5,502.9205,0
241,767167,1364,5,6,751,21.8,7.8,34,4,88.9,1.47,4,5,2,No,green,No,2,6,1470.0205,1
248,850470,1432,3,3,200,13.8,9.2,3,6.8,87.4,1.07,6,9,10,No,blue,No,1,39,153.3205,1
249,1149947,3339,2,2,1634,17.6,8.9,11,2,87.4,1.58,4,8,9,No,yellow,No,3,17,1502.3205,1
252,881418,2482,4,5,1456,21.1,6.8,23,7.5,93.6,1.58,10,8,9,No,blue,No,3,28,1327.5205,0
257,988954,2804,5,5,689,18.5,7,1,9.7,90.5,1.68,9,2,8,No,blue,No,2,16,124.8205,1
260,775483,2361,4,4,738,45.7,9.5,53,5.2,95.9,0.94,6,3,8,No,yellow,No,2,54,1397.8205,0
261,739361,1301,6,5,200,25.7,8.1,13,3.3,91.7,1.52,10,1,8,No,blue,No,2,36,13.6705,0
263,481865,700,3,5,459,12.1,7.4,33,22.4,90.2,1.35,10,4,9,No,red,No,2,49,287.2705,1
264,749508,1258,2,2,200,16.8,7,38,3,91.9,1.84,9,1,4,No,green,No,1,-2,380.3705,0
277,839689,1930,3,5,527,32.9,8.5,10,14.2,94.1,1.26,9,6,9,No,white,No,3,24,370.8705,0
280,695836,1573,2,5,443,29.5,7.8,13,2.9,87.6,1.39,1,4,2,No,red,No,1,37,270.1705,0
297,1113462,2466,1,4,597,28.7,9,7,4.1,95.6,0.99,3,1,4,No,red,No,2,60,588.4205,1
302,631176,1480,3,4,814,32.1,6.3,13,0.7,86.7,1.86,7,7,8,No,yellow,No,2,27,1165.0705,0
307,960685,2815,5,3,1276,18.8,8.2,1,10.4,95.1,1.96,7,6,8,No,green,No,2,39,1260.0705,1
316,848935,1813,3,2,200,24.7,8.3,32,3.1,91.9,1.5,3,6,10,No,yellow,No,3,12,615.9705,0
322,858745,2217,3,3,634,26.6,7.5,12,8.4,88.6,0.93,4,7,5,No,yellow,No,1,36,399.3705,1
324,1151302,3744,5,6,745,34.7,6.6,45,3.3,93.2,2.03,3,2,7,No,red,No,2,3,414.5705,0
326,779241,1177,3,6,539,33.4,9,89,2,92.6,1.46,5,3,3,No,blue,No,1,58,768.9205,1
327,1080596,2700,3,6,666,7.9,9.4,2,2,89.6,1.07,7,4,2,No,white,No,2,58,397.4705,0
328,868044,2375,4,6,1207,34.2,8.2,2,21.9,90.7,1.59,8,4,7,No,white,No,3,51,186.5705,0
339,870927,2080,4,6,739,37.9,5.7,48,4.9,93.8,1.5,1,10,6,No,white,No,1,27,1238.2205,1
340,724264,1478,2,4,525,31.3,8.5,12,10.2,95.8,1.57,2,9,5,No,yellow,No,2,59,470.6205,1
343,912696,1961,5,3,1175,35.8,8.6,5,8.7,94.4,1,7,9,8,No,white,No,3,33,785.0705,1
350,764461,1670,4,4,468,2.2,8.1,57,5.3,97,1.71,9,9,5,No,yellow,No,2,40,1094.7705,1
359,1023535,2015,2,7,567,32.1,8.9,5,2.3,93,1.32,7,7,3,No,white,No,2,16,94.4205,1
361,784373,2159,2,3,1254,7.9,6.7,45,1.2,89.8,1.77,5,8,10,No,green,No,2,57,1467.1705,1
363,663853,1733,4,5,596,22.2,7.3,18,30.5,95.8,1.62,5,8,9,No,blue,No,2,51,1223.9705,1
368,816950,1808,3,6,1100,13.1,7.6,1,1,94.2,1.77,8,9,10,No,red,No,2,9,502.9205,1
372,713490,2143,4,5,733,30,7.2,14,16.5,98.2,1.78,6,3,8,No,white,No,3,5,1384.5205,0
377,1041905,2443,3,5,200,24.7,9.6,3,1.1,86.1,1.46,3,4,9,No,yellow,No,2,22,506.7205,0
380,541191,1356,4,7,530,18.3,7.5,39,11,92.3,1.33,8,1,1,No,blue,No,2,20,430.7205,0
389,977725,2510,3,2,1238,27,7.1,2,1.1,88.4,1.32,2,5,3,No,yellow,No,2,14,1265.7705,1
391,715129,1314,6,5,418,9.8,7.6,11,23.7,90.5,1.91,2,2,6,No,green,No,1,28,90.6205,1
393,632874,1134,4,6,321,14.5,8.5,6,15.9,94.1,1.34,9,8,7,No,blue,No,1,39,645.4205,1
401,600507,1030,2,1,611,31.5,7.3,2,2.3,90.8,1.16,2,3,7,No,blue,No,3,18,71.6205,0
402,862859,1459,6,6,373,11.8,7.8,4,2.6,90.2,1.5,2,2,9,No,yellow,No,2,27,202.7205,1
408,756980,1712,5,4,450,29.6,9.1,24,4.4,96.5,1.56,9,4,10,No,green,No,2,36,1487.1205,1
410,797114,2155,1,6,1229,17.5,8.1,68,1.3,88.5,0.98,9,2,8,No,white,No,2,20,664.4205,0
416,625077,1385,2,4,200,22.5,6.5,10,1.2,87.7,1.56,2,2,4,No,red,No,2,26,813.5705,1
422,1040988,3327,3,3,1263,40.8,8.6,12,2.8,87,1.7,4,2,8,No,red,No,2,5,494.3705,1
423,786830,1650,2,6,680,22.1,9.7,23,7.8,94.8,1.19,9,9,9,No,white,No,3,27,406.9705,1
428,923301,2289,5,4,587,6.3,9,98,1.7,94.5,1.69,4,2,9,No,blue,No,1,28,249.2705,0
432,714555,882,2,5,200,54.6,7,17,4.3,97.6,1.65,6,9,5,No,red,No,2,59,93.4705,1
434,936666,2314,4,2,587,19.6,4.9,27,9.4,89.4,0.73,1,2,6,No,white,No,3,32,89.6705,0
438,580270,1110,2,1,351,15,8.5,14,24.9,92.2,1.51,8,5,4,No,green,No,3,23,274.9205,0
443,577796,873,5,6,200,15.7,7.5,31,0.5,96.5,0.97,10,2,2,No,blue,No,1,-3,793.6205,0
444,786847,1745,1,5,639,14,8.6,9,6.8,86.9,1.83,2,7,1,No,blue,No,1,44,895.2705,1
448,782409,1295,2,5,260,21.2,6.1,13,1.4,98.7,1.47,3,8,3,No,yellow,No,2,6,1208.7705,0
453,740613,1275,2,5,227,17.3,8.3,8,3.6,89,1.04,4,10,2,No,red,No,2,58,48.8205,0
456,702886,1364,4,3,221,18.3,6.2,3,2.7,92.3,1.67,5,3,3,No,red,No,2,9,952.2705,1
459,810952,1483,5,2,885,38.4,7.8,31,0.5,99,1.04,5,3,6,No,green,No,1,15,859.1705,1
460,565801,1184,4,2,344,32.3,7.9,16,0.5,93.1,1.75,6,7,6,No,green,No,2,20,1418.7205,1
467,909842,2232,2,4,1283,26.6,8.4,37,13.2,92.6,0.65,1,1,9,No,green,No,2,0,248.3205,0
472,663255,804,6,1,833,17.7,8.5,26,7.6,90.1,1.53,3,7,3,No,yellow,No,1,49,131.4705,1
477,923719,2202,4,5,866,43.2,9.4,7,1.3,87.1,1.35,8,3,3,No,red,No,1,54,1467.1705,1
481,743836,1721,2,2,807,70.6,7.2,17,7,94.5,1.4,1,1,7,No,blue,No,3,57,1216.3705,1
484,616933,1933,1,7,773,46.3,8.3,99,6.3,94.3,0.99,1,3,4,No,red,No,2,1,1099.5205,0
486,492542,1094,2,2,836,51.4,8.7,1,19.9,93.3,1.27,4,1,6,No,white,No,2,9,188.4705,0
487,687944,1435,5,4,446,6.5,9.1,44,20.3,97.5,1.51,4,3,6,No,yellow,No,3,20,804.0705,0
500,821850,1109,1,5,971,32.9,8.5,4,4.3,87.4,1.02,9,7,4,No,red,No,1,27,1485.2205,0
6,675989,1518,5,2,878,37.7,8.7,16,13.7,94.6,1.91,5,1,5,No,blue,No,3,32,269.2205,1
23,754476,1427,5,2,833,44.1,8.1,8,4.3,95.4,1.47,5,10,3,No,green,No,1,35,685.3205,0
27,594308,1018,6,2,200,13.4,9,15,13.1,88.8,1.29,1,8,1,No,blue,No,3,20,1185.0205,1
41,838419,2412,3,7,959,15,7.5,20,0.5,95.5,1.39,6,9,9,No,white,No,2,-3,923.7705,1
45,246749,758,2,7,758,25.3,8.7,62,29.4,99,1.64,3,5,10,No,green,No,1,14,391.7705,1
46,568648,1362,5,3,433,7.2,7.2,8,14.9,88.1,0.5,10,3,5,No,white,No,2,6,101.0705,1
56,732406,1558,1,1,1248,16.1,9.5,38,30.1,95.6,2.5,1,4,2,No,blue,No,2,51,1437.7205,1
65,847000,2741,2,5,1124,62.6,6.6,2,0.5,91.6,0.62,3,4,8,No,white,No,2,4,15.5705,1
69,583861,935,3,5,1082,60.3,9.5,25,10.4,93.6,2.01,5,3,10,No,yellow,No,2,35,1250.5705,0
74,810355,1667,5,6,200,21,8.8,29,8.2,92.5,1.71,2,9,10,No,white,No,3,23,773.6705,1
75,706603,2406,5,2,984,51.8,6.5,49,16.8,96.9,1.32,2,9,7,No,blue,No,2,40,270.1705,1
77,705235,1955,5,4,200,10.5,4.7,45,3.7,91.2,1.79,8,6,1,No,red,No,2,-1,326.2205,0
78,822372,2357,3,2,1089,21.1,6,11,16.1,92.7,1.41,5,6,4,No,blue,No,2,21,978.8705,0
79,741553,1073,1,5,200,49.4,7.7,9,3,98.8,1.05,9,5,8,No,yellow,No,2,4,1423.4705,1
80,931615,2686,5,1,822,39.2,9.3,50,0.7,95.5,0.5,7,9,1,No,green,No,1,1,322.4205,0
82,675000,1556,3,2,200,20.4,8.7,2,12.3,95.4,1.46,5,2,5,No,green,No,1,15,408.8705,0
84,999820,3985,2,1,1489,71.7,7.2,69,7.1,99,0.93,9,1,6,No,green,No,3,40,184.6705,0
85,734142,1918,1,6,1074,28.5,7.6,13,7.2,98.6,1.28,2,5,3,No,white,No,3,-1,938.0205,0
89,852865,2407,2,4,200,46,7.1,86,4.6,93.2,1.41,9,7,5,No,green,No,3,41,1276.2205,1
90,852845,1334,3,3,746,45.2,9.5,4,3.5,88.3,1.25,2,5,3,No,yellow,No,1,13,365.1705,1
91,695704,1846,3,5,953,20.4,7.2,7,10.7,88.1,1.11,2,2,8,No,blue,No,2,17,853.4705,1
102,559908,1303,4,3,900,22.9,8.3,3,5.2,96.9,1.94,8,4,9,No,blue,No,2,16,275.8705,0
104,883880,2893,3,1,880,30.7,8.9,5,21.3,94.8,0.68,10,1,1,No,blue,No,3,36,11.7705,1
110,962108,3039,6,3,1238,28.2,7.5,7,9.5,94.8,1.62,1,2,4,No,red,No,2,19,1272.4205,1
120,841650,1947,6,4,455,25.9,9.2,79,2.2,91.6,0.99,2,2,7,No,red,No,2,27,1430.1205,1
127,733928,1273,6,4,510,31.5,8.8,11,0.8,85.9,1.39,10,8,1,No,red,No,2,56,37.4205,1
131,689051,995,5,2,1050,9.4,9.4,25,3.2,99,1.8,4,4,9,No,white,No,2,57,1404.4705,1
137,788605,2401,3,6,814,38.5,6,6,0.9,94.7,1.31,10,9,8,No,blue,No,2,56,359.4705,0
141,705973,1600,6,5,200,49.6,9.1,64,0.5,91.4,1.33,5,7,4,No,white,No,3,-1,798.3705,0
150,869966,2297,6,1,879,19,7.5,3,27.4,90.8,1.41,8,9,3,No,white,No,2,1,330.0205,0
151,1104060,3438,3,4,1596,15.3,6.7,3,32.4,89.9,1.78,7,1,2,No,white,No,1,63,894.3205,0
155,1318133,4430,1,2,1698,12.5,6.8,21,3.7,91.3,1.07,8,2,5,No,white,No,3,41,110.5705,0
159,705886,1929,3,1,1132,24.1,5.6,1,5.7,87.2,1.21,4,6,9,No,white,No,3,21,1315.1705,1
160,706676,1711,1,7,646,33.4,5.4,33,2.1,94,1.47,10,7,9,No,yellow,No,2,60,348.0705,1
163,569518,1779,4,7,502,24.1,5.4,31,35,99,1.47,4,1,7,No,green,No,1,60,60.2205,0
165,748900,1403,4,6,284,33,8.4,1,3.9,97.4,1.4,4,7,10,No,red,No,3,15,713.8205,1
169,421006,712,3,3,200,25.7,6.2,18,27.2,88.2,1.45,10,6,1,No,green,No,3,21,1542.2205,1
175,515597,1100,1,4,604,35.4,9.2,64,31,93.4,2.25,10,1,5,No,blue,No,3,25,822.1205,1
180,823874,2809,5,2,981,74.3,8.5,40,4.1,94,1.5,6,4,6,No,yellow,No,3,31,635.9205,0
186,959290,2310,3,3,1156,48.9,9.6,11,4.6,91,1.29,5,10,1,No,green,No,2,34,376.5705,1
195,888093,2215,4,4,694,5.2,8,11,3.3,87.9,1.75,4,5,6,No,red,No,2,56,481.0705,1
196,535534,1615,2,7,286,63.5,8.9,82,0.5,90.1,1.55,5,9,2,No,white,No,2,4,318.6205,0
197,684400,2018,1,7,750,17.1,7.2,23,5.6,94.3,0.98,2,6,7,No,white,No,2,5,1059.6205,0
200,871379,1687,3,2,200,9.2,8.9,27,0.8,96.2,1.4,6,4,9,No,blue,No,2,41,1315.1705,1
203,778873,1407,6,7,698,18.2,6.7,3,6.2,89.3,1.76,8,4,7,No,green,No,2,54,46.9205,1
207,796977,1150,5,6,948,6.2,9.5,27,1.3,89.9,1.27,6,4,4,No,green,No,1,34,1404.4705,1
215,763676,1776,4,3,781,49.7,7.3,20,8,94,1.26,4,2,2,No,green,No,1,-4,1208.7705,1
218,723919,1897,5,6,291,6.4,7.9,8,19.8,90.4,1.58,2,2,4,No,red,No,2,54,808.8205,1
219,988229,1585,6,5,763,12.1,7.3,3,1.8,92.6,0.8,10,2,8,No,yellow,No,3,44,1452.9205,1
220,820153,1764,4,2,403,22.5,6.9,12,4.9,94.1,1.76,4,8,6,No,white,No,2,34,115.3205,1
225,864773,1911,4,3,406,4.7,6.9,52,3.6,90.4,1.99,2,8,10,No,yellow,No,1,41,88.7205,1
232,681265,1278,3,1,852,50.9,9.7,25,8,97.2,1.78,6,6,9,No,green,No,2,60,355.6705,0
239,1033442,3224,3,5,1451,12,8.4,15,31.3,97.5,0.75,6,3,10,No,yellow,No,2,8,576.0705,0
246,699140,1396,5,2,716,39.3,7.6,7,4.7,93.7,1.72,4,8,4,No,blue,No,2,14,786.9705,0
247,791108,1922,1,3,631,6,8.7,9,35.7,94.9,1.64,8,5,5,No,green,No,2,20,1451.9705,1
248,730002,1382,2,3,200,73.8,7.6,22,8.9,96.6,1.42,8,1,1,No,white,No,1,51,1270.5205,1
249,546745,1453,4,3,270,59.4,9.1,40,11.4,91.1,1.99,5,10,5,No,white,No,2,48,933.2705,0
250,812537,1100,3,5,788,27.1,8.6,2,1,91.6,1.98,3,1,1,No,red,No,1,4,939.9205,1
261,724221,1472,4,2,200,27,9.1,27,12.6,92.4,1.13,9,6,2,No,white,No,3,10,1260.0705,1
265,1022343,2691,4,4,994,23.5,8.2,8,11.2,91,1,6,4,7,No,blue,No,2,40,1240.1205,1
270,1150173,3394,2,4,567,58.1,8.6,25,2.1,94.2,0.75,2,10,3,No,green,No,1,32,1011.1705,0
274,645358,2530,5,6,811,14,5.9,65,12.2,94.4,1.64,6,3,9,No,green,No,2,24,2.2705,1
275,840167,2238,3,5,678,20.8,7.9,0,9.5,91.4,1.44,7,4,10,No,yellow,No,1,45,250.2205,1
277,818615,1396,2,2,629,19,8.1,13,5.7,96.9,0.99,2,8,9,No,green,No,2,57,746.1205,1
280,842015,2237,4,3,912,6.2,8.1,16,5.2,82.2,1.61,2,7,2,No,blue,No,1,-1,1006.4205,1
282,700628,1128,2,6,770,27.5,6.9,6,0.5,91,1.55,6,2,3,No,blue,No,3,39,749.9205,1
283,499946,2056,6,6,331,42.4,6,32,30.5,88.7,1.87,9,4,10,No,green,No,2,26,513.3705,1
292,777135,1936,2,4,795,6.6,8.6,42,10.1,94.3,1.1,3,4,10,No,green,No,3,43,212.2205,0
299,721097,1818,1,4,596,52.6,8.9,2,12,92.2,1.98,2,2,6,No,white,No,2,55,1233.4705,0
304,691273,1531,2,5,200,14,8.9,16,2.9,94.8,1.78,8,9,9,No,white,No,2,41,218.8705,0
305,609592,1546,4,4,829,43.2,8,52,22.6,88.6,1.3,2,3,7,No,red,No,1,46,438.3205,1
306,876459,1615,3,6,200,29.3,6.6,3,2.6,99,1.42,9,4,6,No,blue,No,3,7,632.1205,1
307,712633,1946,1,2,736,19,7.9,10,20.9,86.3,1.15,3,3,10,No,white,No,1,47,909.5205,1
313,997362,2987,4,3,1180,26.2,8.8,23,4.7,93.3,1.4,4,6,10,No,green,No,1,43,193.2205,0
315,895172,2583,4,4,857,35.7,8.4,6,5.4,92.9,2.14,4,8,8,No,red,No,2,46,606.4705,1
321,722498,1502,4,1,629,13.5,7.4,5,2.9,96.3,1.2,1,8,4,No,yellow,No,2,47,1544.1205,0
325,750187,1540,1,4,477,26,8.6,31,2.4,91.1,1.34,2,4,8,No,blue,No,1,45,1388.3205,1
327,1018647,3129,6,6,504,25.4,8.1,20,3.2,94.9,1.73,4,8,6,No,green,No,1,4,1457.6705,1
329,735327,1554,5,4,727,13.2,7.6,92,4.1,91.8,1.33,8,3,9,No,yellow,No,2,51,994.0705,0
330,893096,1631,5,4,342,61.2,9.4,3,0.6,94.2,0.7,4,8,2,No,green,No,3,17,1079.5705,0
333,342927,1267,4,2,284,34.1,8.3,100,18.1,95.3,1.62,6,7,9,No,green,No,2,51,353.7705,0
339,749276,2540,5,2,539,34,6.7,8,24.6,96.7,1.27,6,10,10,No,yellow,No,2,13,1319.9205,0
345,931129,1908,4,3,517,16.5,9.8,0,2.9,98.2,1.36,8,9,8,No,red,No,2,31,581.7705,0
353,664579,1440,4,2,744,24.5,7.2,22,14.7,94.7,1.76,1,8,4,No,white,No,2,45,1193.5705,1
354,1002795,2729,4,2,731,38.1,9.2,53,1.6,97.4,0.62,3,8,9,No,green,No,2,11,447.8205,1
358,918898,2123,4,3,608,37.8,8.2,2,1.2,89.9,1.23,2,9,1,No,blue,No,2,55,1427.2705,0
363,916942,3094,3,4,1269,10.5,7,38,2.2,94.2,1.21,1,2,7,No,white,No,2,26,835.4205,0
368,698806,2024,4,3,749,69.4,9.1,76,9.3,95.8,1.73,9,10,9,No,yellow,No,3,48,1168.8705,0
369,720799,2267,3,1,926,39,7.2,71,15.7,98.3,1.32,2,4,5,No,white,No,1,58,1505.1705,0
372,597928,1361,2,5,200,28.2,6.5,24,3.3,93.7,0.67,7,10,2,No,white,No,3,49,1158.4205,1
373,721954,1111,5,3,277,53.8,7.2,14,1.8,95.2,1.24,4,3,3,No,blue,No,1,48,1089.0705,1
376,1028568,3373,3,5,1173,8.7,8.1,52,3.7,85.5,1.16,3,4,6,No,blue,No,2,56,1518.4705,0
383,710077,1517,4,3,200,34.1,6.4,17,9.3,94.5,1,3,1,6,No,blue,No,3,56,383.2205,1
390,942987,2653,2,2,537,57.7,7.2,100,4.8,93.5,1.46,3,1,3,No,green,No,3,29,1378.8205,0
394,894855,2710,2,7,873,33.5,6.9,4,4.5,95,1.21,6,3,8,No,white,No,2,-2,882.9205,0
396,846454,2259,5,2,518,24.7,6.1,17,10.2,95.2,1.36,4,6,5,No,yellow,No,2,56,235.9705,0
398,874029,1895,1,4,569,12.5,9.1,4,13.8,98.5,1.03,8,4,4,No,white,No,1,-5,377.5205,1
406,762048,1829,1,5,200,66.5,7,34,7.2,99,0.96,9,2,10,No,yellow,No,1,42,289.1705,0
410,1106322,3838,3,4,1838,36.4,8.9,40,1.3,92.7,2.04,2,7,9,No,blue,No,2,51,477.2705,1
414,1105199,3126,1,7,1373,9.3,7.6,20,5.8,90.4,1.73,10,5,9,No,green,No,2,45,672.9705,1
415,823273,1741,4,1,838,12.2,8.5,7,5.7,91.5,2.08,8,3,4,No,white,No,1,40,1517.5205,0
419,725968,1540,4,6,474,6.4,6.7,11,3.4,86.6,1.72,6,5,5,No,white,No,1,42,141.9205,1
428,803688,2054,3,3,637,40.7,8.6,2,14.1,90.4,1.08,9,6,4,No,yellow,No,1,33,951.3205,0
440,553101,1478,1,6,200,39.3,8.7,63,9.3,89.9,1.22,6,7,1,No,red,No,2,38,1240.1205,0
445,1116428,3435,6,6,1135,18.7,8.2,16,14.7,93,1.55,10,3,8,No,red,No,2,45,696.7205,0
446,689644,1238,4,1,200,35.4,8.7,3,14.1,95,1.94,6,5,10,No,green,No,2,37,1120.4205,0
454,1146008,2984,3,4,708,23.7,7.7,3,1.2,97.1,1.5,9,2,1,No,green,No,1,34,913.3205,0
459,837643,2197,5,3,997,56.2,9.1,17,13.9,95.3,1.57,6,3,10,No,yellow,No,3,60,506.7205,0
466,1113091,2980,4,6,1218,61.6,9.2,14,1.6,96,1.38,7,5,2,No,blue,No,3,21,888.6205,0
471,709430,1883,4,3,340,46.5,8.4,59,0.8,95.6,1.15,5,8,8,No,green,No,2,34,1159.3705,1
474,705810,1432,3,5,713,16.7,9,34,15.3,88.4,1.23,7,5,1,No,blue,No,3,-4,1048.2205,1
477,729546,1536,1,6,1124,14,8.6,16,10.3,95.6,2.04,3,1,10,No,white,No,1,52,1368.3705,1
478,572823,771,2,2,200,30.4,8.4,2,6.7,99,1.61,7,10,6,No,blue,No,2,37,208.4205,0
480,743067,2349,2,3,206,21.4,7.9,34,10.4,93,1.78,4,4,4,No,white,No,1,46,31.7205,1
481,845218,2370,3,7,673,33.9,6.4,4,9.2,90.5,1.28,10,9,9,No,green,No,2,19,1083.3705,0
482,833532,2089,3,1,555,25.4,7.3,7,7.7,96.6,1.15,4,3,4,No,yellow,No,2,2,1532.7205,0
485,931327,1798,1,2,212,31,8.9,20,3.9,93.2,0.83,1,3,8,No,blue,No,2,7,575.1205,0
493,721848,1651,2,3,810,13.7,8.4,76,13.5,85.3,1.87,5,2,9,No,green,No,2,-5,1343.6705,0
494,700262,1418,1,6,200,28.2,8.5,25,4.5,96.2,1.27,8,1,8,No,yellow,No,2,24,550.4205,1
495,716056,1268,4,6,862,18.7,8.1,37,8.8,97.1,1.65,9,3,10,No,green,No,1,51,321.4705,1
10,664079,1493,4,3,809,36,7.6,53,5.9,88.5,1.39,10,10,3,No,blue,No,1,-5,631.1705,1
13,1142987,3722,3,6,842,34.1,8.9,9,28.4,94.8,1.1,6,2,6,No,white,No,2,1,384.1705,0
14,728417,1414,3,6,332,33.6,8.9,5,16.8,94.7,1.92,9,5,2,No,yellow,No,2,59,260.6705,0
20,785618,2088,3,1,1359,32.7,7.9,23,6.4,90.5,1.54,3,7,3,No,red,No,2,39,959.8705,1
21,825014,2161,6,5,1297,37.8,8.2,15,2.1,90.8,2.23,5,8,4,No,red,No,2,0,387.9705,0
32,705756,1004,3,4,682,53.7,8,23,13.6,93.7,1.75,9,4,9,No,green,No,3,29,1050.1205,0
38,681187,1078,5,5,268,50.8,7.7,19,2.9,94.6,1.6,3,4,1,No,green,No,3,49,374.6705,1
46,905791,2452,3,5,900,29.5,8.2,23,0.5,95.4,1.6,9,8,2,No,blue,No,1,50,330.0205,1
48,580337,1037,3,5,436,48.6,7.4,17,11.4,91.3,1.85,2,4,5,No,red,No,2,58,649.2205,0
53,1111170,2140,5,5,514,33.3,9.7,3,17.4,97,1.41,3,6,8,No,white,No,3,35,368.0205,0
57,751658,1784,5,3,546,34.1,6.6,14,5.7,92.2,1.53,5,5,1,No,green,No,1,9,1322.7705,1
61,885269,2358,2,6,874,17.8,8.4,26,8.5,87.1,1.37,3,1,1,No,red,No,3,62,1254.3705,1
64,775186,979,4,6,966,35.6,9.2,7,2.2,94.7,1.24,2,5,9,No,white,No,2,6,952.2705,1
73,670272,1849,5,5,993,7.1,7.5,23,36.5,91.7,1.23,10,10,2,No,blue,No,2,19,50.7205,0
83,722063,1608,2,3,659,15.9,9.1,57,0.6,90.3,2.07,9,2,5,No,white,No,3,21,1071.9705,0
84,1171641,3723,1,7,1851,29.1,9.3,34,3.4,92.3,1.06,7,9,1,No,green,No,3,50,45.0205,1
85,730264,2057,4,6,930,16.5,6.9,40,10.7,96.6,1.92,6,1,7,No,red,No,1,53,390.8205,0
93,855074,2322,3,2,200,25.9,6.5,5,1.9,90,1.94,9,7,8,No,white,No,3,45,1458.6205,1
96,714290,1750,1,6,1172,30.2,8.8,30,26.3,86.6,1.49,8,9,7,No,green,No,2,28,1008.3205,0
102,543125,700,5,5,315,29.1,6.8,5,8.1,94.6,1.26,9,4,5,No,blue,No,2,5,1205.9205,1
103,1138352,3739,1,4,573,30.8,7.9,18,9.3,86.4,1.89,5,5,8,No,yellow,No,2,34,1317.0705,1
108,669732,1245,5,4,398,43.9,7.4,2,4.5,87.3,1.53,2,9,3,No,white,No,1,2,220.7705,1
125,927634,3188,2,7,1018,63.8,8.7,33,16.6,93.8,1.44,6,7,8,No,white,No,3,35,965.5705,0
130,783924,2020,2,1,305,11.1,8.5,23,1,96.9,0.57,6,2,1,No,red,No,1,15,701.4705,0
132,734116,2086,3,6,367,16.3,9.1,12,26.3,92.6,1.17,4,9,9,No,blue,No,3,36,336.6705,0
133,1028477,3166,5,4,809,17.3,9,0,25.2,92.3,1.74,6,5,3,No,green,No,3,5,192.2705,1
136,768461,2522,4,6,716,55.4,8.3,57,4.4,97.6,1.4,6,10,3,No,blue,No,2,7,328.1205,1
138,559701,1171,3,2,200,48,4.3,1,8.5,96.8,1.25,3,4,10,No,white,No,2,23,891.4705,1
140,712256,2301,2,7,352,15.3,6.5,91,0.5,90,1.33,4,1,7,No,yellow,No,2,10,313.8705,0
141,642013,1622,3,1,505,8.5,7.9,88,5.3,95.4,1.4,6,4,8,No,yellow,No,2,46,142.8705,1
144,618330,1881,4,1,370,42.4,7,16,3.5,90,1.83,2,4,7,No,yellow,No,2,41,906.6705,0
146,766286,1810,3,6,1025,41.8,8.1,40,6.1,90.1,1.6,10,8,7,No,blue,No,2,57,1498.5205,1
148,672029,1087,4,2,328,38.4,9.3,66,3.9,97.6,1.66,6,9,5,No,red,No,2,21,938.9705,1
151,641751,1272,4,4,457,13.8,5.9,21,4.6,86.9,1.14,10,1,7,No,white,No,2,18,7.0205,1
153,538787,1439,4,4,344,41.3,7.7,21,1.4,94.3,1.75,10,8,3,No,green,No,3,-2,634.0205,0
164,592773,1012,2,7,318,27.7,6.3,26,11.1,87.7,1.21,4,9,8,No,yellow,No,1,35,267.3205,1
173,624133,1867,5,4,877,19,5.7,11,27.4,98.4,1.66,3,8,1,No,yellow,No,3,2,966.5205,0
175,696952,1383,1,7,253,14.9,7.7,27,5.2,86.9,0.76,8,9,1,No,white,No,2,63,123.8705,0
180,712137,1223,3,3,819,13.7,8.9,9,2.4,93,1.89,4,5,5,No,red,No,3,3,434.5205,0
185,811306,1273,4,4,225,4.9,8.1,10,0.5,89.7,1.6,5,7,4,No,white,No,1,53,1080.5205,0
187,639694,1276,5,3,200,43.6,8.9,18,31.1,95.9,1.27,6,10,7,No,yellow,No,3,52,1009.2705,0
188,633825,1664,4,5,203,43.4,7.4,100,0.9,93.1,1.63,9,10,2,No,white,No,3,29,1492.8205,0
191,806454,1868,2,3,361,50.5,9.5,17,3,94.6,0.87,10,5,9,No,blue,No,3,57,938.0205,1
194,919553,2013,2,2,698,6,8.7,14,4.9,89.4,2.28,4,2,4,No,white,No,3,10,401.2705,1
201,861486,1881,2,1,760,35.1,8.9,2,2.4,95,1.27,1,4,7,No,green,No,3,1,834.4705,1
205,646339,1831,5,6,641,19.3,6.3,32,0.5,90.3,1.4,5,7,2,No,green,No,3,45,767.9705,1
214,1020401,2462,4,3,822,39.7,9.7,11,2.3,93.3,1.08,1,8,5,No,red,No,1,6,1525.1205,1
226,951134,1720,3,5,926,35.9,8.8,15,7.3,88.7,1.08,4,6,9,No,red,No,3,35,692.9205,1
228,757659,1710,5,5,629,42.8,8.2,38,8.1,90.1,1.22,1,2,1,No,blue,No,2,47,1202.1205,1
232,575270,1114,3,2,200,34.4,8.4,18,36.3,89.6,1.82,2,9,3,No,yellow,No,3,56,159.0205,1
234,1307549,4440,4,4,1168,13.5,9.7,37,26.9,96.4,0.79,9,9,7,No,green,No,2,1,1040.6205,1
236,1183389,3195,4,1,1169,18.5,7.8,11,10.5,90.6,1.95,10,2,10,No,red,No,2,2,1028.2705,0
239,909565,2197,2,3,242,48,9.5,9,6.8,92.7,1.67,4,5,2,No,blue,No,3,61,554.2205,1
240,1161727,3183,1,3,1408,1.1,9.5,30,7.2,94.2,1.77,7,10,6,No,white,No,1,59,907.6205,1
247,793911,1822,1,3,200,4.9,6.4,11,1.4,88.2,2.04,1,4,1,No,green,No,3,3,164.7205,0
251,811373,2021,6,4,512,7.5,7.1,20,1.1,90,1.1,7,2,4,No,red,No,3,33,311.9705,1
257,998709,3232,3,4,1371,22.3,7.3,12,11.5,93.3,2.1,10,3,9,No,blue,No,2,37,1074.8205,0
258,946045,2084,2,4,638,20.1,6.7,10,3.2,89.3,0.77,5,9,5,No,green,No,2,50,1530.8205,0
260,656991,1765,2,3,606,9.8,7.5,25,0.8,94.7,1.79,2,9,4,No,red,No,1,47,1123.2705,1
265,775123,1910,3,4,936,25.8,7,18,12.1,90.8,1.41,1,2,4,No,green,No,2,57,1401.6205,0
266,787745,1097,5,5,524,26,8.6,1,0.5,95.5,1.24,4,8,7,No,red,No,2,18,1307.5705,0
271,767678,2637,5,3,794,54.8,7.7,1,28.7,98.3,1.34,2,6,1,No,red,No,1,53,431.6705,0
275,886589,2752,6,4,697,44.6,7.7,3,3.9,90.5,1.01,9,2,2,No,red,No,2,38,362.3205,0
279,748332,1925,3,5,722,47.9,8.1,47,7.2,89.2,1.65,5,7,7,No,yellow,No,2,-4,172.3205,1
284,906937,2516,5,4,962,35.6,6.2,11,8.2,98.2,0.99,3,10,3,No,red,No,2,61,863.9205,0
286,794495,1130,2,5,505,33.5,6.8,22,0.7,95.8,1.69,6,5,1,No,yellow,No,1,2,244.5205,1
291,967739,2062,6,2,372,8.4,9.3,20,14.7,93.7,1.28,6,5,7,No,yellow,No,2,9,438.3205,1
296,771412,1739,4,3,514,25.9,6.7,17,0.8,96.1,1.41,1,5,10,No,white,No,1,25,469.6705,1
297,830593,2483,4,4,200,19,7.4,17,26.2,93.2,1.81,6,3,2,No,yellow,No,2,21,785.0705,0
300,642676,2015,5,4,861,64.7,7.4,5,6.1,87.6,1.67,9,3,7,No,blue,No,3,42,17.4705,1
301,620777,1425,5,7,1166,3.3,8.3,10,0.5,93,1.91,1,5,5,No,red,No,1,19,829.7205,0
306,435820,1314,3,4,200,54.4,7.7,48,10.7,90,1.26,9,10,2,No,red,No,3,14,752.7705,0
307,586186,1818,6,3,641,49.6,9.1,43,5.1,93.9,1.58,7,1,4,No,green,No,2,50,564.6705,0
310,818753,2125,4,3,994,12.5,7.5,36,6.6,93.8,1.63,6,3,8,No,blue,No,2,49,1519.4205,1
319,572712,1454,3,6,905,48.3,7.4,100,7.5,96.2,1.57,8,9,4,No,yellow,No,3,31,1269.5705,1
322,925282,2167,3,1,968,2.6,8.9,1,21.4,89.9,2.08,3,7,4,No,blue,No,3,31,1196.4205,1
324,766823,2134,6,5,650,22.2,8.5,12,22.6,90.5,1.54,10,8,8,No,white,No,2,34,132.4205,0
325,728596,1841,2,2,708,59.8,7.9,7,2.9,95.7,1.51,8,8,1,No,red,No,2,49,7.9705,0
328,929498,1711,4,3,773,8,7.3,10,1.4,86.6,1.93,6,2,8,No,blue,No,3,-3,411.7205,1
329,630850,1179,2,5,593,46.8,8.7,11,8.8,91.4,2.11,1,3,10,No,yellow,No,2,11,816.4205,1
343,886282,2097,4,6,506,44.9,8,18,4.9,91.9,1.66,1,6,2,No,red,No,2,14,595.0705,0
344,973602,2731,4,2,617,12.7,7.6,6,5.1,90.7,1.3,5,4,1,No,yellow,No,3,24,408.8705,0
350,772057,1664,5,5,507,43.8,8.6,2,11.5,96.2,0.89,9,5,7,No,yellow,No,3,18,564.6705,0
366,529377,1703,3,2,822,44.5,7,31,7.5,93.2,2.19,4,8,8,No,red,No,3,36,1404.4705,1
368,737028,1298,4,3,643,10.9,7.2,24,4.9,94.6,1.26,6,3,8,No,blue,No,3,23,479.1705,0
370,746746,1321,3,2,1080,11.3,6,14,7.2,94.6,1.19,9,4,4,No,yellow,No,1,-6,583.6705,1
375,1123469,3012,3,5,1104,16.7,7.8,6,5.2,89.9,1.32,2,7,5,No,red,No,2,5,1348.4205,1
384,555649,1456,5,6,545,68.2,7.1,1,7,86.8,1.4,5,2,1,No,green,No,3,25,1384.5205,0
385,937406,2334,1,5,700,8.2,5.9,5,7.5,96.4,1.46,8,10,7,No,blue,No,1,44,713.8205,0
387,935202,2839,4,6,563,43.1,8.6,6,4.1,91.5,1.28,2,10,5,No,yellow,No,2,39,225.5205,1
389,845147,1820,3,4,1271,19.2,8.4,30,3.2,93,1.32,7,7,9,No,white,No,3,52,103.9205,0
390,734722,1383,6,2,687,13.5,7.2,47,6.5,87,1.5,5,5,4,No,white,No,3,10,500.0705,1
392,720676,1420,3,1,923,12.2,6.3,18,4.3,94.5,1.14,1,6,2,No,red,No,1,44,1013.0705,1
396,776523,1920,3,5,371,45.2,9.1,41,5.6,92.5,0.57,9,10,8,No,red,No,1,-5,862.0205,0
399,951253,2740,4,2,864,10.4,9.3,49,6.4,91.3,2.1,10,7,8,No,red,No,2,60,560.8705,0
402,823936,2172,2,6,733,39.2,8.8,43,13,96.5,1.64,7,3,4,No,red,No,2,28,1085.2705,0
403,944986,2726,4,5,1374,11.7,8.9,15,28.8,96.2,2.04,9,2,3,No,white,No,3,58,63.0705,1
407,645616,1094,1,2,425,19.4,6.6,1,6,95.3,1.5,1,3,10,No,blue,No,2,56,730.9205,1
411,1065749,2865,5,4,1004,18.3,8,2,11,94.7,1.59,6,2,7,No,blue,No,1,2,683.4205,0
413,887640,2111,6,4,364,11,6.7,12,8.9,96,1.19,4,5,8,No,white,No,2,44,541.8705,0
425,687404,1249,5,2,200,60.7,9.7,24,1.3,99,1.55,9,6,5,No,yellow,No,1,48,1176.4705,1
430,919469,1634,6,3,200,18.6,9.2,14,0.5,92.3,1.95,8,5,9,No,white,No,2,46,984.5705,1
442,893850,2714,3,5,760,54.4,9.7,4,8.1,86.4,1.61,1,3,2,No,blue,No,1,14,1522.2705,1
447,874924,1496,1,6,794,18.2,9.2,16,8.9,95.1,1.03,10,5,10,No,red,No,2,43,850.6205,0
455,935723,2194,1,2,422,5.8,8.5,54,12.8,91.4,0.53,10,1,8,No,red,No,3,36,1366.4705,0
458,762128,2057,5,2,1641,28.6,6.9,27,30.7,91.9,1.76,6,4,7,No,red,No,3,-5,83.0205,0
460,950760,2278,1,3,1384,24.6,7.5,48,2.3,92.4,0.83,3,2,2,No,green,No,2,26,1452.9205,0
473,744115,1718,4,5,427,4.8,8.9,17,14.7,92.5,1.71,9,4,9,No,white,No,1,6,1016.8705,0
478,630240,2085,5,1,1133,3.1,5.9,2,10.1,96.5,1.74,5,5,3,No,white,No,1,21,522.8705,1
483,1062057,3294,1,4,685,49.9,9,13,2.1,92.8,1.69,3,5,7,No,green,No,2,13,1429.1705,0
488,650059,972,3,1,677,29.5,9,34,12.1,93.9,0.78,2,5,7,No,yellow,No,2,30,1163.1705,0
489,678564,1055,6,1,200,21.9,8.7,4,8.2,93.8,1.55,4,1,7,No,blue,No,3,44,1444.3705,0
498,1086561,2748,6,6,992,8.9,9.1,30,0.5,89,1.36,8,7,2,No,green,No,2,49,425.9705,1
499,943336,2576,6,2,1338,20.7,8.6,5,1.2,93.5,1.58,7,5,6,No,green,No,1,42,192.2705,1
3,719453,1352,4,5,745,37.6,8.6,25,13.1,94.4,1.07,8,2,8,No,white,No,3,38,746.1205,0
5,726619,1696,3,3,601,47.9,7.4,12,2.3,93.7,1.32,8,4,7,No,blue,No,2,5,239.7705,1
7,822650,2297,5,2,667,14.3,8.4,26,13,98.1,1.48,6,4,2,No,yellow,No,1,40,664.4205,1
11,523589,1207,5,6,200,36.6,7.9,14,4.2,93.3,1.08,7,7,8,No,yellow,No,2,32,1262.9205,0
16,844859,1725,4,2,942,54.9,7.3,14,6.1,85.4,1.26,5,4,7,No,white,No,2,44,1390.2205,1
19,788435,1258,4,2,200,15.7,7.4,3,5.7,92,1.1,8,1,4,No,yellow,No,1,61,581.7705,1
24,704748,1287,3,3,429,40.9,8.6,11,13.1,93.6,1.4,6,1,6,No,yellow,No,1,9,194.1705,0
28,1152027,3089,4,2,750,44.7,9.1,0,2.2,88.1,0.84,2,10,4,No,blue,No,3,43,1280.0205,0
32,521345,969,2,5,200,52,9.3,81,1.9,86.9,1.9,10,5,2,No,red,No,2,44,819.2705,1
40,540787,700,4,1,899,31.4,9.5,47,7.1,91.7,1.62,6,9,3,No,green,No,1,9,1172.6705,0
41,765720,1783,3,4,200,35.2,8.3,2,0.5,91.4,1.23,9,8,9,No,white,No,2,44,380.3705,0
45,986164,1458,3,2,417,30.4,8.6,15,1.1,93.9,0.77,4,5,7,No,red,No,2,-1,591.2705,1
51,815055,1738,1,4,367,37.6,7.8,10,0.8,94.7,1.94,4,3,1,No,red,No,1,55,576.0705,0
55,883908,1663,4,7,935,18,6.9,9,1.4,89.8,1.49,4,9,2,No,white,No,3,48,845.8705,1
59,1042900,3035,1,4,1026,12.1,8.7,17,7.9,96,1.59,7,10,2,No,white,No,2,29,1408.2705,1
61,870735,1787,6,6,472,33.4,8.7,23,0.5,95.2,1.48,6,4,10,No,red,No,2,11,1341.7705,1
76,840149,1778,5,5,774,8.7,8.6,5,1.5,93.6,1.08,6,6,3,No,blue,No,2,61,433.5705,1
77,656074,1023,4,6,293,6.7,6.5,6,18.8,92,0.83,4,10,4,No,green,No,2,5,361.3705,1
88,771511,1583,2,3,667,8.8,8.3,42,22.3,92.6,1.39,8,1,8,No,blue,No,2,15,1441.5205,0
89,814901,1347,3,4,611,25.7,9.8,11,2,92.3,1.41,7,3,10,No,red,No,1,11,273.0205,0
91,568739,1237,1,1,335,35,6.8,100,2.4,92.3,0.85,7,8,5,No,white,No,2,20,1459.5705,0
96,698402,1264,2,3,617,22.2,9.3,8,1.3,92.4,1.18,5,5,9,No,red,No,2,54,206.5205,0
107,744222,1879,4,1,819,21.1,9.3,43,25.1,88.1,1.28,4,3,6,No,green,No,1,62,337.6205,1
119,887223,1550,2,4,991,34.2,8.7,4,5.3,87.1,0.5,1,8,3,No,white,No,1,18,803.1205,1
121,816845,1873,6,6,508,24,8.4,8,14.6,98.4,1.48,2,1,6,No,green,No,3,9,287.2705,0
124,775843,1425,2,3,972,8.8,7,20,3.5,89.6,1.69,1,2,8,No,green,No,3,36,175.1705,0
127,754161,1539,5,4,994,36.6,7.4,0,23.5,97.9,1.27,2,1,4,No,green,No,2,54,986.4705,1
130,917260,2426,1,2,1483,30.4,5.7,33,0.5,95.3,1.29,9,10,4,No,red,No,3,51,206.5205,1
137,763560,1289,2,5,200,33.9,9.4,18,0.5,83.7,1.42,9,3,10,No,yellow,No,3,54,963.6705,0
139,1256792,3705,5,7,1136,50.3,8.5,28,4.6,90.2,0.79,7,4,6,No,green,No,3,13,21.2705,1
141,793702,1815,4,5,731,38.4,8.2,1,1.5,95.6,1.93,5,2,1,No,blue,No,2,46,847.7705,1
145,570871,1241,4,2,200,19.4,6.3,41,0.8,96.8,1.3,1,9,9,No,white,No,3,37,1389.2705,0
149,1062109,2727,6,4,827,44.5,7.7,9,4.1,97.2,2.01,1,8,2,No,yellow,No,2,15,823.0705,1
150,1253114,4455,3,1,1025,37.7,7.3,18,8.8,90.2,1.08,5,6,7,No,red,No,2,60,237.8705,1
151,677107,2205,5,2,695,14.4,6.8,24,21.8,98.2,1.26,4,4,8,No,blue,No,2,36,496.2705,0
152,809098,2017,3,5,788,14.1,7.1,0,0.5,96.9,1.84,6,8,10,No,white,No,1,47,959.8705,0
158,1009345,2855,4,4,689,23.2,8.5,36,0.5,95.4,1.32,1,8,8,No,green,No,1,21,783.1705,1
160,970087,2682,2,2,526,43.6,8.6,50,4.4,93.4,1.51,3,2,8,No,green,No,1,25,842.0705,0
162,757391,1727,6,1,690,60,9.8,29,5.2,93.9,1.69,7,7,1,No,white,No,2,21,881.0205,1
165,1032131,2834,3,5,1229,16.5,7.5,7,3,84.9,1.01,2,10,10,No,green,No,3,33,1442.4705,1
167,883389,1269,5,6,742,18.9,8.4,1,15.8,96.3,1.1,6,2,4,No,red,No,1,10,1430.1205,0
169,845575,2416,4,7,869,26.5,7.1,82,3.5,94.4,1.26,8,5,4,No,green,No,2,39,1013.0705,0
175,1096269,3168,3,4,592,32.6,8.7,11,4.1,88.4,1.2,7,9,1,No,yellow,No,2,35,230.2705,1
177,953140,2756,2,5,1351,19.9,6.3,26,7.7,94.1,1,5,2,10,No,blue,No,3,22,1391.1705,0
180,761635,1548,6,3,823,38.4,7.8,20,15.2,92,1.44,7,3,1,No,red,No,1,23,134.3205,0
184,976913,2016,5,4,978,2.6,8.9,32,0.5,91.6,1.09,10,6,1,No,yellow,No,1,44,1548.8705,0
187,765180,1530,4,5,200,64.6,9.4,36,2.2,93.7,1.3,8,1,1,No,yellow,No,2,4,1015.9205,0
190,685179,1644,3,1,398,24.8,8.5,8,0.5,86.1,1.37,3,10,3,No,red,No,2,61,44.0705,0
192,804535,1524,6,3,839,24.2,7.2,6,14.4,92.3,0.8,8,4,7,No,red,No,2,-2,1107.1205,1
198,742321,1420,3,2,1249,15.4,9.4,45,10.6,95.8,0.97,2,2,7,No,white,No,2,54,386.0705,0
206,707393,1654,4,5,332,19,8.5,19,16.9,87.7,1.38,10,2,8,No,green,No,3,12,404.1205,1
207,801163,2278,2,5,809,41.5,7,28,18,94.1,1.15,2,4,9,No,red,No,3,7,1255.3205,0
212,720126,1726,2,6,1345,9.3,7.6,4,24,95,0.65,2,1,9,No,white,No,1,40,101.0705,0
213,654113,841,3,2,200,39.9,9.2,8,8.4,91.5,1.66,7,8,3,No,white,No,2,14,1329.4205,1
221,885278,2154,2,3,686,26.5,8.2,5,3.3,96.5,1.19,7,4,6,No,yellow,No,2,11,1163.1705,1
223,917030,2331,3,6,825,29.9,8.7,24,0.5,91.7,1.49,10,3,8,No,yellow,No,2,31,1377.8705,1
229,968984,2047,2,3,200,16.8,9.2,34,5.3,94.6,1,3,10,4,No,white,No,1,60,1185.9705,0
233,785442,1788,3,6,444,11.4,7,48,4.3,91.2,1.77,4,9,5,No,white,No,2,23,1121.3705,1
238,647877,1239,3,2,200,6.4,8,85,5.5,91.7,1.82,1,10,1,No,white,No,2,19,1309.4705,1
242,685772,1697,3,6,644,41,8.3,0,16.5,90.3,1.51,1,7,2,No,blue,No,1,56,1410.1705,1
250,1016659,2555,3,2,838,22.1,9,12,0.8,96.3,1.99,1,6,2,No,yellow,No,1,4,1050.1205,1
251,546325,700,4,2,359,4.7,7.9,7,7.8,96.5,1.14,5,8,10,No,green,No,2,5,846.8205,1
255,835944,2153,2,1,550,40,5.7,38,1.5,93.2,1.89,1,10,5,No,green,No,2,20,1453.8705,1
257,842367,1715,3,4,549,16,8.8,7,6.6,93.9,1.34,10,8,10,No,white,No,1,52,51.6705,1
279,853964,1549,1,3,679,37.8,9.1,11,5.3,92.4,0.96,7,9,10,No,yellow,No,2,16,708.1205,0
287,669839,1615,2,4,935,22.4,7.4,37,1.7,89.5,1.58,2,3,6,No,green,No,2,39,779.3705,0
288,709488,1383,4,5,456,36,8.2,14,3,91.8,1.61,7,8,1,No,green,No,2,34,1263.8705,1
291,416978,934,2,2,236,31.4,6.5,21,12.1,96.4,1.43,8,1,6,No,white,No,2,43,770.8205,0
292,712582,1874,2,2,482,39,7,38,15.2,98,1.57,4,1,10,No,red,No,3,55,1355.0705,1
299,1053435,2623,3,6,933,9.7,8.6,5,8.8,92.7,1.32,8,6,6,No,green,No,2,8,138.1205,1
306,573435,1034,4,1,200,31.2,9.4,46,11.1,85.9,1.39,7,4,10,No,yellow,No,3,53,522.8705,0
318,552524,1399,4,2,560,30.4,6.7,6,0.5,91.3,1.39,10,9,6,No,green,No,3,62,488.6705,1
320,546669,1274,3,3,1043,33,9.3,57,13.2,93.4,1.94,5,1,4,No,white,No,2,59,1462.4205,0
322,873256,1849,3,6,625,3.8,7.5,28,0.5,87.2,0.84,9,8,3,No,green,No,1,34,439.2705,0
327,417777,1229,1,3,300,59.5,6.1,44,21.5,94.4,1.58,9,5,3,No,blue,No,2,17,446.8705,1
330,653358,1812,3,7,426,24.6,6.5,7,15.2,90,1.18,4,10,4,No,blue,No,2,52,788.8705,1
335,605184,1453,5,6,1084,52.1,7.4,55,5.5,99,1.95,1,2,9,No,white,No,3,6,271.1205,0
344,864648,1859,1,2,858,34,7.4,3,2.2,94,1.52,6,6,8,No,white,No,2,8,1240.1205,0
348,560555,1329,5,2,918,35.2,7.3,100,7.5,99,1.45,4,7,7,No,red,No,1,51,625.4705,1
349,975812,2527,5,5,786,55.7,6.5,6,0.5,92.9,1.16,5,2,1,No,green,No,3,54,150.4705,0
361,806564,1717,5,2,549,30.1,9.7,32,0.6,86.5,0.7,2,5,8,No,red,No,2,23,38.3705,0
363,869583,2376,3,4,827,23.8,6.2,44,2.1,90,1.3,9,7,2,No,yellow,No,2,35,1447.2205,1
365,856478,2841,2,5,977,55.2,6.2,42,2.6,93.8,1.61,4,3,4,No,red,No,2,-1,812.6205,0
369,687719,1229,2,5,200,44.7,7.3,2,1.6,92.5,0.94,3,6,8,No,white,No,3,59,598.8705,0
378,784526,1673,4,4,930,11.5,9,38,9.6,90.1,1.1,10,1,9,No,green,No,2,24,1334.1705,1
380,524477,1358,3,4,200,17.3,6.6,99,4.9,88.5,0.68,10,6,6,No,yellow,No,1,36,508.6205,1
381,887988,2523,4,3,585,46,7.8,4,9,91.6,1.14,1,6,9,No,red,No,1,46,45.0205,0
382,967168,3168,2,5,854,32.3,9.1,22,6.2,95.7,0.69,8,4,2,No,green,No,1,9,989.3205,0
390,810274,1791,3,4,853,8.2,7.8,24,11.9,98.8,1.34,10,9,7,No,white,No,2,29,1265.7705,0
392,725430,1804,4,3,797,43.8,9.2,21,1.4,91,0.76,2,10,8,No,red,No,3,56,419.3205,1
397,702147,1644,4,6,200,36,8.6,2,9.9,98.7,1.68,6,10,10,No,red,No,3,2,762.2705,1
406,655077,2105,5,4,200,28.1,8.3,41,38.4,94.6,0.87,9,3,7,No,red,No,1,62,984.5705,1
408,589067,1213,1,2,542,39.2,8.3,21,12.1,89.3,1.44,8,3,1,No,white,No,1,55,1355.0705,1
410,877482,1892,4,5,418,16.1,9.5,1,2.4,91.4,1.27,3,8,5,No,white,No,1,23,883.8705,1
411,1001427,3301,5,2,1129,9.7,8.5,4,3.5,92.6,1.74,7,1,3,No,blue,No,3,50,1254.3705,1
412,1136100,3930,1,7,1496,55.2,7.5,18,18,93,1.9,3,6,5,No,red,No,1,25,1539.3705,1
413,768132,2250,5,2,285,27.3,8.4,26,0.5,90.8,1.24,9,1,8,No,green,No,1,0,101.0705,1
415,636781,958,5,3,200,37.3,7.5,28,3.7,92.6,0.5,6,5,4,No,blue,No,3,43,1169.8205,1
424,753252,1957,4,6,594,45.6,7,20,0.9,90.1,1.52,6,7,8,No,red,No,2,59,456.3705,1
426,676671,1305,1,6,200,43.5,8.9,46,2.9,94.9,1.55,4,1,2,No,red,No,1,33,1129.9205,1
427,560294,742,1,2,200,50.5,8.3,3,8.6,91,1.73,5,2,5,No,green,No,2,17,956.0705,1
432,764792,2142,2,7,1397,27.3,8.3,11,5.7,91.9,1.97,1,10,5,No,blue,No,2,-6,1111.8705,1
438,873747,2120,5,2,603,23.5,8.9,22,1.2,88,1.24,7,1,5,No,white,No,2,14,1295.2205,0
442,786210,1569,2,2,200,31.3,8.6,16,17.9,95.8,1.44,10,2,6,No,green,No,2,28,274.9205,1
444,722065,1596,5,1,437,2.2,7.2,5,2.2,92.3,1.57,5,10,2,No,blue,No,2,3,879.1205,0
445,895794,2237,3,5,1104,17.4,8.3,35,16.3,89.2,1.35,6,2,8,No,red,No,2,27,1299.9705,0
448,785164,1782,3,3,901,7.7,7.2,10,3.5,90.9,1.15,6,2,10,No,white,No,1,28,133.3705,0
460,806062,1946,2,4,728,15.7,7.2,100,0.9,87.1,1.32,4,9,7,No,red,No,2,58,1540.3205,0
461,764124,1766,2,2,200,25.7,8.9,24,5.3,92.6,1.24,2,10,8,No,green,No,2,19,809.7705,1
464,1073593,2256,2,6,892,16.5,8.8,1,5.9,93.6,1.26,9,3,2,No,white,No,1,24,1116.6205,1
465,871437,2186,5,2,866,41.7,6.3,14,6.9,93.1,1.27,9,2,7,No,yellow,No,3,53,1294.2705,1
475,732451,1788,2,5,287,48.3,8,80,0.8,90.9,1.89,4,5,1,No,green,No,3,43,1484.2705,1
476,713525,1571,5,6,637,76.7,7.4,24,2.9,96.1,1.85,4,2,3,No,white,No,2,33,1251.5205,0
479,653392,1373,1,7,862,13.5,5.8,3,31.8,93.9,0.86,5,6,5,No,green,No,1,24,838.2705,0
480,775154,2076,3,2,860,28.4,8.5,33,0.9,92.5,1.43,5,8,3,No,yellow,No,2,34,949.4205,0
486,890982,2154,5,3,822,16.2,8.5,15,3.3,88.7,1.34,3,6,1,No,yellow,No,2,34,668.2205,0
490,976173,2094,1,4,1015,37.2,8.2,4,0.5,90.7,1.45,3,7,5,No,red,No,1,16,18.4205,1
492,850219,2344,6,3,1093,12.8,7.1,13,7.2,90.2,1.12,2,6,8,No,blue,No,3,17,1505.1705,1
493,859124,2729,3,2,747,56,8.1,17,10.2,92,1.29,5,5,3,No,blue,No,3,43,283.4705,1
496,925039,2618,1,5,1001,13.6,9,17,7.2,91.5,1.21,5,1,4,No,green,No,1,-4,1109.0205,1
5,604898,928,5,2,704,80.7,9.2,82,0.7,91.8,0.95,9,3,7,No,yellow,No,2,29,975.0705,0
6,923625,1940,4,6,605,17.7,9.3,10,1.1,91.5,1.63,7,5,8,No,red,No,3,31,45.0205,1
17,628330,1641,4,3,513,23,7.9,35,9.5,94.7,1.41,2,3,9,No,white,No,2,15,192.2705,1
18,524843,893,1,5,200,53.1,7.8,54,5.5,98.9,1.6,7,8,2,No,green,No,3,25,475.3705,1
23,825673,2898,2,4,1281,34.9,9.4,8,33.3,95.7,1.36,1,7,4,No,red,No,2,26,486.7705,1
27,1152855,3380,6,3,1259,28.1,8.2,3,0.5,90.2,1.09,10,3,6,Yes,green,No,2,35,1499.4705,1
28,953921,2777,3,2,476,31.8,9.8,10,6.4,95.5,1.22,5,9,7,Yes,white,No,1,31,644.4705,1
31,887268,2388,2,2,625,27.7,7.6,3,6.5,96.3,1.45,8,5,6,Yes,white,No,2,12,969.3705,1
33,1020890,2127,2,3,200,2.3,8,17,6.5,92.7,1.1,1,3,2,Yes,green,No,2,31,197.0205,0
34,789931,2148,4,4,1098,17.5,6.6,53,11.3,93.9,1.96,10,1,10,Yes,yellow,No,3,47,1131.8205,1
48,746740,1794,3,5,422,46.5,7.3,4,25.5,91.4,1.45,3,9,4,Yes,blue,No,3,14,756.5705,0
50,871468,1900,5,7,1425,27.7,8.6,7,20.9,90.9,1.68,6,6,6,Yes,green,No,3,31,195.1205,1
55,561678,1124,4,7,683,33.7,6.9,76,1.8,89.2,1.18,2,10,5,Yes,blue,No,1,46,138.1205,0
59,965499,1973,4,5,490,8.2,8.3,24,8.8,92.9,1.06,5,5,2,Yes,red,No,1,9,913.3205,1
60,493839,1926,5,7,959,52.7,5.8,22,29.4,98.1,1,1,3,2,Yes,yellow,No,2,37,987.4205,1
69,978729,2962,2,4,1553,25.8,7.3,10,2.1,93.4,1.48,1,1,1,Yes,white,No,2,41,969.3705,1
74,815120,1929,1,7,701,26.4,7.4,31,0.5,89.4,1.43,8,9,2,Yes,white,No,2,4,1004.5205,0
76,753378,1611,5,6,632,32.9,9.5,30,0.5,85.5,1.15,5,2,9,Yes,green,No,2,-6,805.9705,0
88,814431,1709,5,5,583,48.7,8,3,14,92.5,1.17,10,2,6,Yes,white,No,2,1,1059.6205,0
95,818571,2590,3,1,697,11,8.9,56,19.8,95.7,1.08,1,2,5,Yes,yellow,No,1,24,822.1205,1
103,656943,1328,2,6,200,4.3,9.1,0,0.8,97.9,1.41,6,7,4,Yes,blue,No,2,19,790.7705,0
105,712517,1187,1,6,653,6.2,7,25,7.4,94.5,1.84,1,10,5,Yes,red,No,3,-4,968.4205,1
109,765331,1604,6,2,494,41.7,9.3,31,2,88.8,1.11,4,4,2,Yes,white,No,1,8,775.5705,1
116,730689,1504,6,4,698,19.1,8.5,16,0.6,94.6,1.04,9,5,1,Yes,red,No,2,20,1164.1205,0
123,746965,1788,6,3,856,32.7,7.1,1,0.6,93.9,1.13,6,2,2,Yes,red,No,1,39,1261.9705,1
124,676455,1642,5,7,685,27.1,7,4,1.8,87.7,1.51,6,8,5,Yes,red,No,2,62,1016.8705,0
130,895635,2314,2,2,1152,15.8,8.4,37,19.3,89.5,1.09,4,2,3,Yes,yellow,No,2,40,208.4205,1
133,733304,2278,2,6,924,49.1,7,10,6.2,95.3,1.54,4,6,7,Yes,green,No,2,9,42.1705,0
135,781351,1590,3,5,620,21.8,9.7,2,8,89.2,1.3,8,9,1,Yes,yellow,No,3,0,256.8705,1
136,538700,1473,2,6,200,19.3,7.5,100,22.7,89.3,1.68,1,1,9,Yes,green,No,1,31,5.1205,1
137,796675,1865,5,5,317,26.6,9.5,1,12.7,88.9,1.71,2,9,6,Yes,green,No,3,26,1071.9705,0
138,1153524,3095,5,7,670,4.2,7.3,5,6.5,92.5,1.01,4,9,1,Yes,yellow,No,3,49,553.2705,1
140,461528,1077,2,2,313,32,6.8,22,4.8,95.4,1.48,5,1,10,Yes,red,No,3,47,1031.1205,0
142,810749,1832,2,3,1156,16.2,6.7,12,14.6,93.7,0.79,1,9,6,Yes,green,No,2,28,602.6705,1
143,718256,1913,3,2,206,9.5,7.1,5,25.7,99,1.49,5,7,10,Yes,blue,No,1,59,581.7705,0
158,766853,1611,2,2,505,32.1,8.3,40,0.7,92.1,1.25,8,3,1,Yes,green,No,2,-1,1489.9705,0
162,779293,1962,5,6,346,42.7,6.4,18,0.9,95.4,0.94,7,3,3,Yes,blue,No,2,27,203.6705,0
169,809082,1658,4,2,543,17.9,7.7,49,3.9,92.4,1.21,9,6,5,Yes,blue,No,2,9,1385.4705,1
174,775375,1898,2,4,551,11.8,8,58,1.7,93.3,2.49,8,1,4,Yes,blue,No,1,27,967.4705,1
175,530743,1344,2,3,702,50.8,8.1,33,24.6,91,1.67,5,10,1,Yes,red,No,1,58,1549.8205,0
181,698559,1684,3,3,200,36.7,8.1,2,3.5,92.4,1.25,9,1,6,Yes,yellow,No,2,39,380.3705,0
185,541853,830,3,3,200,29,6.7,2,9.8,99,1.54,1,1,3,Yes,red,No,2,18,257.8205,0
188,693161,1640,2,7,766,32.3,8.2,29,11.3,92.4,1.47,6,10,6,Yes,green,No,1,50,662.5205,1
189,716645,1549,4,6,831,16,8.5,26,15.7,99,1.65,1,3,7,Yes,white,No,1,44,642.5705,1
190,864822,2212,3,6,200,43.9,9.2,4,5.3,93.5,1.13,3,6,7,Yes,red,No,2,47,310.0705,0
195,809616,1924,1,7,552,43.9,8.5,50,3.5,88.8,1.6,1,7,6,Yes,white,No,2,7,325.2705,0
199,673030,1438,4,7,673,51.8,9.4,24,5.5,90.4,1.73,7,2,8,Yes,blue,No,3,16,1380.7205,1
202,817021,1684,3,4,200,34.5,9.1,52,15.5,94.9,0.99,1,5,8,Yes,blue,No,2,44,784.1205,1
203,877352,2316,4,6,578,43.5,7.7,35,1.5,89.3,1.58,10,5,3,Yes,blue,No,1,20,1546.0205,0
205,710280,1288,4,2,929,11.1,6.7,13,7.4,85.2,1.27,7,9,4,Yes,green,No,2,34,1155.5705,0
214,690555,1537,3,5,740,36.4,6.7,1,5.2,88.5,1.15,3,9,1,Yes,yellow,No,1,38,1068.1705,0
217,719922,1545,3,5,927,5.8,7.6,33,0.5,93.6,1.25,4,3,10,Yes,blue,No,3,7,1213.5205,1
221,727689,1588,2,4,233,17.7,7.2,23,5.6,96.5,1.65,7,6,3,Yes,green,No,1,33,1343.6705,0
222,758007,1435,6,1,408,15.4,7.3,27,3.8,96.3,1.64,2,9,8,Yes,white,No,3,51,729.0205,1
224,619164,1689,2,4,200,41.2,7.4,17,14.2,93.5,1.23,5,6,10,Yes,blue,No,3,21,949.4205,0
228,592495,1459,1,2,1036,17.7,8.8,24,17.2,90.5,0.99,9,7,2,Yes,yellow,No,3,55,74.4705,0
230,1059871,2561,4,4,900,22.7,8.7,2,4.2,93.4,1.33,10,6,8,Yes,blue,No,3,48,1316.1205,0
231,636820,1416,5,7,602,35.1,7.9,15,2.7,93.2,1.82,2,2,6,Yes,white,No,1,42,368.0205,1
236,997004,2325,2,3,877,9.4,8.4,21,8.8,86.4,1.54,8,9,9,Yes,blue,No,2,17,457.3205,0
237,646936,1809,5,4,200,12.4,9.5,3,1,99,1.56,4,7,5,Yes,blue,No,3,47,501.9705,1
248,756434,1130,6,2,362,19.2,8.9,51,1.7,91.3,2.35,1,9,9,Yes,blue,No,1,19,1478.5705,0
249,840590,1685,2,2,1023,29.7,7.3,4,2,91.4,1.4,9,2,6,Yes,yellow,No,2,4,990.2705,0
254,811928,1792,4,7,865,26.4,9.3,26,6,90.2,1.63,1,4,1,Yes,white,No,1,13,780.3205,1
256,852823,2044,4,3,933,2.5,9,9,23.8,87.8,1.82,2,2,9,Yes,white,No,2,59,618.8205,0
261,561686,2097,5,2,540,45.1,7.5,46,21.1,88.2,2.2,8,6,5,Yes,yellow,No,1,46,1210.6705,0
262,875491,2074,4,4,525,14.2,8.8,83,8.8,95.8,1.4,6,10,8,Yes,blue,No,1,58,270.1705,1
276,849197,1231,4,6,702,17,8.2,14,4.2,88.7,1.28,9,9,8,Yes,red,No,1,57,37.4205,0
278,549519,1204,3,1,425,24.3,6.6,67,17.1,94.9,1.57,4,2,1,Yes,red,No,2,46,104.8705,0
279,454338,2273,3,4,945,50.2,6.2,72,36.6,89.5,1.3,4,10,10,Yes,white,No,2,1,369.9205,0
280,708363,2116,3,6,397,47.9,6.4,7,13.2,87.3,1.49,1,2,7,Yes,yellow,No,1,34,586.5205,0
292,939003,2535,5,5,1211,15.8,7.2,13,6.8,91.5,1.77,2,3,2,Yes,blue,No,1,44,445.9205,0
293,746695,1855,2,6,1061,23.9,9.5,35,19.3,90.4,1.38,9,5,1,Yes,blue,No,3,3,672.9705,1
300,702560,1064,4,1,216,29.1,8.7,20,3.4,93.7,1.23,3,8,4,Yes,blue,No,2,19,969.3705,0
304,887294,1965,1,3,200,28.7,6.9,8,5.1,88.6,1.75,5,8,9,Yes,blue,No,3,14,845.8705,1
311,813441,1609,3,1,519,18.7,8.9,15,9,90.2,0.89,10,3,1,Yes,yellow,No,1,37,525.7205,0
313,680332,1951,4,4,386,22,7.8,3,3.8,89.3,1.47,3,8,1,Yes,red,No,3,50,1217.3205,0
315,989525,2272,5,1,741,26.2,8.5,12,2.3,90.7,1.34,4,8,10,Yes,blue,No,3,61,855.3705,0
319,667612,1481,4,1,494,55.2,8.1,22,8.3,89.9,0.96,8,6,10,Yes,white,No,1,15,1476.6705,1
320,695253,1225,3,6,200,3.8,7.9,23,11.3,88.7,1.81,5,3,5,Yes,blue,No,1,62,1042.5205,1
324,1153916,3234,2,2,1693,14.2,9.6,4,23.3,89.4,0.69,8,8,5,Yes,green,No,2,16,1203.0705,1
326,760509,2275,2,7,1116,23.8,5.7,28,13.3,89.4,1.33,5,4,4,Yes,white,No,3,52,32.6705,1
335,893343,2458,4,4,362,29.9,6.9,19,1,94.6,1.1,4,8,5,Yes,red,No,2,22,1458.6205,0
336,814354,2201,1,5,429,49.7,8.2,18,4.4,91.8,1.23,9,7,4,Yes,red,No,2,-1,1018.7705,1
337,801233,2145,2,6,831,24.2,8,17,23,90.9,1.2,8,3,8,Yes,green,No,3,-4,1406.3705,0
341,957827,2299,1,2,777,17.8,8.2,0,1.1,88.9,0.91,3,3,2,Yes,red,No,2,5,103.9205,0
344,665577,1497,5,3,534,11,8.8,31,28.6,94.4,2.16,4,9,10,Yes,yellow,No,1,12,1451.9705,1
347,775377,1522,4,2,437,18.2,5.8,5,0.8,92.5,1.62,6,9,3,Yes,yellow,No,2,46,138.1205,1
351,873870,2608,2,1,443,49.6,8.5,9,2.1,88.1,1.57,9,6,7,Yes,red,No,3,37,1023.5205,0
355,1027645,2751,5,3,1220,22.5,9.3,13,3.1,92,0.88,6,4,8,Yes,blue,No,1,21,1317.0705,0
358,701888,1893,2,3,882,25.8,8.3,14,21,93.1,1.6,2,4,9,Yes,blue,No,1,48,1112.8205,0
359,777836,967,4,2,200,2.4,9.1,4,8.9,92.2,2.3,8,2,2,Yes,blue,No,3,4,454.4705,1
362,716634,1121,2,3,200,27,9.1,11,7.3,94.6,0.77,5,4,5,Yes,yellow,No,3,2,1459.5705,0
365,811620,1444,4,3,426,37.8,8.7,24,2.4,95.1,1.19,1,3,9,Yes,red,No,2,12,224.5705,0
366,1146501,3079,2,3,1305,5.3,6.7,6,6.9,95.5,1.68,6,7,2,Yes,blue,No,1,33,1224.9205,0
372,637279,1486,3,5,200,24.4,7.8,18,7.8,92.4,1.29,8,5,2,Yes,red,No,2,42,917.1205,0
373,825775,1904,4,6,750,41.7,8.1,18,3,90.6,1.53,10,5,10,Yes,yellow,No,2,13,960.8205,1
377,771136,1587,5,1,553,57.5,7,13,5.1,94.7,1.5,9,7,2,Yes,white,No,1,-2,292.9705,1
386,796488,1380,3,6,427,27.9,6.3,3,2.6,94,1.57,8,1,6,Yes,white,No,1,29,1418.7205,1
394,627206,1434,3,2,200,30.5,7,19,2.2,92.7,1.59,8,8,6,Yes,blue,No,3,60,226.4705,0
398,883671,1267,2,2,200,22.2,8.6,13,2.4,94.7,1.47,9,2,9,Yes,blue,No,3,25,904.7705,0
399,830244,1935,5,3,664,17,7.7,16,13.6,88.1,1.54,2,1,10,Yes,white,No,2,47,825.9205,1
400,967320,1844,5,4,572,19.1,6.4,14,1.9,95,1.95,10,1,3,Yes,white,No,2,9,651.1205,1
402,819545,1915,5,5,420,40.2,7.9,58,8.7,96.8,1.26,1,1,8,Yes,red,No,1,43,1413.0205,1
419,803327,2064,4,6,617,31,5.4,2,1.1,91,1.18,8,6,4,Yes,red,No,3,8,884.8205,1
420,665585,1131,3,6,690,13.9,8.4,32,2.4,94.9,1.59,9,2,4,Yes,red,No,3,8,1306.6205,0
425,677209,1053,1,5,200,9,8.9,19,4.6,90.9,1.45,9,3,4,Yes,red,No,3,-3,331.9205,0
426,827290,2155,5,4,625,48.3,8.9,1,5.1,91.9,1.63,8,5,1,Yes,yellow,No,2,58,585.5705,1
427,1011691,2199,1,4,200,10.3,9.2,37,6.7,94.8,1.49,8,3,5,Yes,green,No,2,46,891.4705,1
432,761156,1260,4,4,563,15.4,7.5,25,4.4,88.3,1.17,6,3,5,Yes,blue,No,2,13,788.8705,1
446,786752,1974,2,6,898,42,8.8,16,14.6,89.1,1.47,4,9,10,Yes,red,No,2,39,442.1205,1
451,579551,1306,3,3,254,17.9,6.6,61,2.1,99,1.38,5,10,8,Yes,green,No,2,45,1317.0705,0
453,804497,1758,1,5,200,39.8,7.4,19,9.1,95.1,1.02,10,2,9,Yes,blue,No,2,11,1508.0205,0
457,796100,1469,2,5,1185,50.5,9.7,70,6.3,91.3,0.55,4,1,9,Yes,blue,No,1,-4,322.4205,1
459,884562,2144,6,5,491,19.5,9.6,10,0.8,91.3,1.03,8,9,9,Yes,white,No,1,30,778.4205,0
461,793738,1848,1,6,853,24.5,8.6,29,3.2,93.5,1.46,4,2,3,Yes,white,No,2,60,734.7205,0
462,911663,2334,4,4,970,36.5,9.2,33,2,94.1,1,4,2,5,Yes,red,No,2,12,676.7705,0
465,772527,2440,3,1,2005,77,8.4,25,3.9,90.6,1.58,6,3,10,Yes,yellow,No,2,62,736.6205,0
469,809263,2286,3,2,715,16.1,7.7,22,33.7,91.8,1.79,6,4,7,Yes,blue,No,2,24,1512.7705,1
472,1229821,4117,2,5,1397,13.8,8.4,15,15.5,92.4,1.61,9,3,2,Yes,yellow,No,1,42,740.4205,1
476,1030532,2317,2,5,1309,13.6,8.8,39,7.1,95,1.39,6,5,7,Yes,red,No,1,15,756.5705,1
477,720899,1660,2,7,991,58.6,8.7,43,0.5,92.2,1.51,2,7,4,Yes,red,No,1,60,273.9705,1
480,679992,2294,1,2,374,37.2,6.1,13,16.2,95.8,1.17,5,9,7,Yes,white,No,2,2,791.7205,0
490,825305,919,5,2,744,37.3,7.6,51,5.3,93.5,1.13,3,4,9,Yes,red,No,1,-2,110.5705,1
496,846887,2393,2,4,817,23.2,8.2,21,26.2,88.2,1.91,1,8,5,Yes,white,No,1,11,1292.3705,1
6,721363,1348,2,1,515,16.2,8.3,17,9.5,91.7,1.56,10,9,2,Yes,yellow,No,2,51,1252.4705,1
7,1271824,4500,2,6,1960,12.3,8.6,23,9.8,92.1,2.03,4,10,10,Yes,yellow,No,3,62,542.8205,1
17,742012,1855,4,3,541,55.4,7.5,0,7.4,90,1.97,2,4,6,Yes,yellow,No,3,-5,987.4205,1
18,673802,828,6,2,565,52.4,8.6,3,1.9,97.2,2.17,7,1,5,Yes,green,No,3,-4,205.5705,1
19,687853,1661,6,6,877,26.8,7.4,14,4.3,96.4,1.48,6,9,3,Yes,green,No,3,11,471.5705,0
23,744593,2047,4,6,288,26.8,8.3,31,18.6,92.7,1.61,6,8,7,Yes,blue,No,3,20,1242.9705,0
28,1097729,2226,3,4,917,19.9,8.5,53,1.2,98.2,1.76,9,4,5,Yes,blue,No,3,15,1270.5205,0
29,1195530,3697,5,5,1503,12.2,9,18,0.5,92.1,1.01,3,6,6,Yes,white,No,2,-4,426.9205,0
31,846763,2125,4,2,317,32.2,9.3,21,3.4,96.1,1.42,5,3,9,Yes,green,No,1,14,290.1205,0
32,630084,1302,2,7,594,11.4,6.8,47,7.8,93.9,1.33,8,8,2,Yes,green,No,1,50,546.6205,1
35,831885,1555,2,6,884,8.3,9.7,4,5.2,89.3,1.1,3,2,10,Yes,red,No,3,22,939.9205,0
36,768592,1623,1,4,1056,41.3,8.6,1,4.7,95.2,0.89,2,5,9,Yes,red,No,3,8,905.7205,1
37,857131,2533,4,6,1432,5.1,8,30,11.3,93.2,1.51,2,10,2,Yes,yellow,No,2,20,1244.8705,1
44,796831,1616,2,2,885,16.8,8.5,71,3.3,94.4,1.6,7,5,4,Yes,red,No,3,12,15.5705,0
49,809499,2574,2,6,1409,52.4,6.5,8,13.6,88.7,1.68,1,2,4,Yes,red,No,2,5,64.9705,1
52,444572,932,2,6,295,37.4,6.2,31,39.9,90.5,0.97,3,10,7,Yes,white,No,1,34,196.0705,0
53,1113799,3465,2,3,1624,15.2,8.8,65,11.3,84.6,1.44,5,4,1,Yes,red,No,3,24,350.9205,1
54,795896,2063,1,4,1119,56.8,7.4,38,9.2,84.1,2.18,8,8,6,Yes,yellow,No,2,6,1044.4205,0
57,533008,716,5,4,399,54.9,7.5,2,2.3,90.3,1.12,4,1,9,Yes,red,No,3,63,45.0205,0
58,707269,1802,5,2,200,48.3,6.6,2,0.5,91.9,1.54,6,10,4,Yes,red,No,3,-3,1510.8705,0
60,885305,2488,4,6,480,37.7,8.4,41,18.1,98,1.67,2,9,7,Yes,green,No,3,55,1480.4705,0
63,507813,1302,4,5,200,26.1,9.5,66,10.8,91.3,1.07,4,8,10,Yes,red,No,1,45,1426.3205,0
68,765619,2261,3,7,705,29.5,7.1,6,14.5,90.4,1.45,4,5,1,Yes,green,No,3,1,500.0705,0
69,1091894,2431,3,1,1050,18.5,8.4,7,0.8,89.9,0.88,1,4,7,Yes,white,No,3,57,1357.9205,1
70,713650,1658,3,4,344,49.4,8.4,7,6.6,91.4,1.12,10,9,7,Yes,red,No,1,54,196.0705,0
76,548456,1220,1,6,542,45.5,8.7,61,3.1,91.5,1.9,8,4,3,Yes,yellow,No,1,50,7.9705,1
77,832478,3005,6,6,864,47,8.7,45,4.4,88.1,1.5,5,9,3,Yes,green,No,1,-3,661.5705,1
88,685802,1677,5,1,257,7.2,8.4,7,21.8,96.6,1.46,1,1,3,Yes,white,No,2,48,1137.5205,0
89,594043,1360,2,5,368,45.7,9.2,0,5.8,92.5,1.65,7,2,5,Yes,green,No,2,49,903.8205,1
92,782591,1534,3,3,200,22.7,8.8,4,9.4,93.4,1.12,4,2,4,Yes,green,No,1,10,844.9205,0
96,715444,820,2,2,591,16,8.5,20,4.5,94.7,0.78,8,10,4,Yes,yellow,No,2,11,60.2205,0
120,1043805,2996,4,2,1366,18.5,7.7,12,7.1,95.1,1.11,4,9,4,Yes,green,No,2,52,124.8205,0
124,965767,2949,3,4,692,39.6,9,28,2.2,95.2,1.37,8,2,10,Yes,white,No,3,12,680.5705,0
128,747607,2298,2,2,585,13.4,6.1,19,0.5,91.2,1.37,7,9,3,Yes,red,No,2,2,1431.0705,0
129,506964,1541,5,4,1417,25.4,5.5,8,2,90.9,1.97,3,8,5,Yes,green,No,3,21,1534.6205,0
130,551079,1522,5,4,1165,61.5,7.8,1,17.9,94.4,1.17,9,5,2,Yes,white,No,2,15,980.7705,0
133,784166,1929,5,6,1524,46.7,9.6,51,1.9,93.1,1.39,8,7,1,Yes,yellow,No,3,16,8.9205,0
137,725740,1924,1,7,656,33.3,8.6,21,7,97.8,1.35,2,1,4,Yes,green,No,2,-6,205.5705,1
141,1211025,3391,3,5,1315,24.1,8.1,19,5.5,95.9,1.68,3,5,4,Yes,red,No,2,18,772.7205,1
143,707619,1338,5,7,997,49.3,9.5,20,8.1,95.4,1.56,1,2,2,Yes,yellow,No,2,22,171.3705,1
150,777682,2468,3,6,1209,20.2,8.3,71,20.2,96.3,1.25,2,8,2,Yes,red,No,3,0,196.0705,0
152,1069257,3063,2,6,967,20.3,9.7,58,6.4,93.7,2.14,4,10,1,Yes,green,No,2,33,546.6205,1
155,754867,1430,3,1,200,37.5,9.1,70,18.3,84.7,2.22,10,5,2,Yes,green,No,2,45,267.3205,0
159,848586,1912,3,5,852,38.5,8.5,17,4.7,89.8,1.46,1,10,1,Yes,yellow,No,1,0,1161.2705,0
160,876176,2185,2,2,608,39.5,7.5,51,3.1,93.4,1.62,10,2,3,Yes,red,No,1,39,548.5205,1
165,901037,2117,3,3,776,14.7,8,8,3.1,91.6,1.39,7,2,1,Yes,red,No,3,19,899.0705,1
167,824194,2422,2,2,1143,33.9,5.8,40,3.2,96.5,1.43,1,5,5,Yes,white,No,1,55,181.8205,1
174,748674,1491,5,6,1259,16.5,9.1,7,8.5,92.4,1.71,3,9,8,Yes,blue,No,1,5,563.7205,1
178,718688,1041,4,2,237,41.7,8.9,18,0.9,94.5,1.22,4,7,7,Yes,yellow,No,3,27,471.5705,1
179,868976,1861,3,5,265,33.6,8.5,6,2.5,90.8,1.5,1,2,3,Yes,blue,No,3,44,1134.6705,0
180,760301,1641,2,2,239,41.1,9.2,51,0.5,92.3,1.65,5,7,7,Yes,yellow,No,2,32,187.5205,1
182,546684,1619,2,5,466,38.4,7.6,28,40,89.5,1.01,10,9,9,Yes,yellow,No,2,44,1025.4205,1
187,791791,2121,3,5,1132,37,8.1,19,8.2,92,0.99,2,2,10,Yes,yellow,No,2,53,219.8205,1
193,792602,1775,5,7,1141,20.4,7.9,3,19.4,92.1,1.85,9,2,8,Yes,green,No,1,53,1533.6705,0
196,1036440,2971,3,6,685,19.8,9.2,22,6.1,89.6,1.38,2,10,8,Yes,blue,No,3,59,1316.1205,1
226,756252,1802,5,3,387,9.5,8.7,100,3.9,94.3,2.1,4,10,3,Yes,red,No,3,24,640.6705,1
227,844119,2565,3,3,1083,28.3,7.9,49,1.7,98,1.73,8,5,8,Yes,yellow,No,2,-2,1008.3205,0
228,869018,2879,4,5,1482,24.4,6.1,100,1.3,97.2,1.35,7,9,6,Yes,red,No,2,4,755.6205,0
230,746941,1519,2,3,718,12.3,7.8,18,5,95.1,1.71,3,1,6,Yes,white,No,2,14,1315.1705,0
234,824755,1323,3,6,396,20.5,8.3,4,5.7,95.1,1.69,5,1,10,Yes,white,No,3,3,1455.7705,1
238,727492,2029,3,4,1394,25.4,9.1,22,32.2,85.2,1.25,7,9,8,Yes,green,No,2,29,268.2705,0
241,1004841,2081,5,5,722,12,8.8,1,0.5,89,1.38,1,4,6,Yes,yellow,No,3,35,36.4705,1
243,652805,1828,2,5,602,49.9,9,44,0.7,94.6,1.04,2,6,6,Yes,white,No,2,30,1370.2705,1
246,672364,1623,1,2,781,37.4,8.4,51,8.2,93.2,1.76,10,6,2,Yes,red,No,3,2,562.7705,1
248,572097,1203,2,5,200,8.2,8.4,8,18.7,92.7,1.28,1,2,5,Yes,yellow,No,1,19,1281.9205,1
251,939290,3327,2,4,1391,50,9.7,31,15.3,92.1,1.54,7,8,4,Yes,yellow,No,1,53,1334.1705,1
253,667518,1529,2,2,211,43.2,7.7,16,4.8,91,0.91,8,8,4,Yes,green,No,1,18,957.0205,1
254,792476,1707,6,4,506,32.6,8.5,42,12.3,95,0.5,10,3,5,Yes,yellow,No,3,62,296.7705,0
255,606781,1754,6,4,404,50.2,7,27,0.8,93.8,1.63,2,10,6,Yes,green,No,2,24,1423.4705,0
260,909577,2238,5,1,868,21.1,8.4,9,5.8,92.4,1.61,6,3,5,Yes,blue,No,2,10,103.9205,1
272,773234,1386,5,5,740,32.6,7.2,24,5.4,95.9,1.64,3,9,2,Yes,green,No,2,-5,1447.2205,0
273,699698,1692,1,3,795,7,7,1,6.1,91,1,7,7,3,Yes,red,No,2,37,1019.7205,0
281,841075,2445,2,4,828,64.1,9,14,9.7,95.9,1.48,2,5,4,Yes,red,No,3,21,1140.3705,1
282,692647,1434,5,6,288,3.5,8.6,2,30.4,90.5,1.52,2,3,6,Yes,blue,No,1,20,759.4205,0
288,749120,1144,3,1,789,40.9,9,47,4.4,93.3,1.23,1,5,7,Yes,white,No,3,44,512.4205,1
294,597180,1301,6,3,462,45.5,7.6,29,5.5,85.9,1.82,8,7,6,Yes,yellow,No,2,-5,447.8205,1
297,825015,2200,4,7,200,52.8,8.4,1,2.6,96.3,1.93,9,2,3,Yes,red,No,2,48,141.9205,1
306,694324,967,4,4,200,12.8,7.6,9,6.1,98.5,1.71,8,9,6,Yes,white,No,1,-1,93.4705,0
318,603779,2048,1,5,864,27.6,5.6,32,18,90.3,1.85,10,3,2,Yes,white,No,2,39,21.2705,1
319,939763,2066,5,2,765,20.2,8.3,6,1.8,96.2,1.64,2,6,8,Yes,yellow,No,1,62,1282.8705,1
322,1008622,2420,5,6,352,46.6,9.2,5,12.4,94.6,1.38,6,4,2,Yes,blue,No,1,54,1172.6705,0
330,758276,1583,5,2,597,34.3,7.6,15,1.5,94.5,1.15,1,6,6,Yes,yellow,No,3,15,691.0205,0
332,503158,1302,4,2,240,16.1,6.9,1,12.8,94.7,1.54,6,6,2,Yes,green,No,3,8,1509.9205,1
333,1035361,3111,5,7,1240,13.6,6.7,33,5.5,99,1.51,5,2,1,Yes,green,No,2,34,415.5205,1
340,665923,1703,2,4,633,59.1,7.3,1,1.3,91.4,1.77,1,2,3,Yes,blue,No,2,40,1128.9705,0
345,759101,1942,5,2,705,45.6,7,4,0.7,92.3,1.85,10,7,6,Yes,yellow,No,3,60,250.2205,0
348,735259,1343,1,3,200,44.2,8.8,33,6.6,95.7,0.93,5,6,3,Yes,yellow,No,2,5,1157.4705,1
356,794989,1504,2,6,200,55.3,9.3,14,1.5,93.1,1.3,10,8,5,Yes,red,No,2,0,947.5205,1
358,902764,1660,1,4,941,11.8,5.7,23,0.5,92.3,0.78,5,3,1,Yes,yellow,No,2,31,1535.5705,0
370,807154,2767,5,1,1127,25.7,6.9,70,19.4,95.3,1.48,1,2,8,Yes,blue,No,3,61,150.4705,1
376,585495,1309,4,1,200,8.5,6.4,1,8.1,90.8,1.44,6,6,8,Yes,red,No,2,19,743.2705,0
377,571100,1297,2,3,386,38,6.5,16,17,90.6,1.63,10,6,8,Yes,yellow,No,3,56,507.6705,0
387,816898,1497,4,6,482,15.1,6.2,2,0.5,94.2,1.52,9,3,5,Yes,blue,No,2,40,287.2705,0
389,888384,1573,3,5,487,8.9,8,15,1.5,90.9,1.92,2,2,9,Yes,white,No,2,18,1097.6205,1
405,660761,1058,1,7,285,34.2,7.1,42,6,95.8,0.69,5,10,7,Yes,blue,No,2,12,277.7705,0
407,747571,1556,6,3,735,15.6,8.4,20,5.7,93.9,1.49,2,4,4,Yes,blue,No,3,43,677.7205,0
418,702380,2275,2,4,1091,21.1,6,18,4,99,1.62,1,7,7,Yes,blue,No,2,7,54.5205,0
427,724294,1728,1,4,1459,16.2,7,0,8.1,97,1.03,10,6,8,Yes,blue,No,3,-2,167.5705,1
428,887009,1940,5,4,784,63,9.2,19,6.2,95,1.43,6,1,8,Yes,white,No,3,32,207.4705,0
430,802772,2541,4,5,598,34.2,6.9,47,11.2,91.9,1.71,6,6,1,Yes,green,No,2,54,896.2205,0
431,761119,2440,4,2,682,51.3,5.8,3,2.9,91.1,2.07,8,10,1,Yes,white,No,2,28,824.9705,0
432,688297,1535,5,5,1299,34.5,8.4,10,2.6,87.9,1.6,4,10,9,Yes,red,No,3,1,662.5205,1
436,1045134,3014,3,3,1146,4.4,7.6,84,1.2,88.2,1.19,3,4,6,Yes,white,No,3,1,1106.1705,1
440,917479,1569,5,3,1130,35.9,9,1,4.7,97,1.49,6,7,5,Yes,white,No,2,23,1263.8705,1
441,787841,2551,3,6,1237,37,8.3,45,9.8,94.5,1.86,5,5,4,Yes,blue,No,1,54,1444.3705,0
443,705769,2252,3,6,1064,16.7,8,84,14.9,95.2,1.43,4,8,1,Yes,white,No,2,34,1470.0205,1
444,716285,1684,2,1,750,34.9,8.1,7,6.1,91.1,1.98,2,3,9,Yes,white,No,2,13,1084.3205,0
449,691505,1686,4,2,301,50.5,8.9,2,7.3,90.5,1.79,3,5,9,Yes,yellow,No,3,41,652.0705,0
451,860857,2745,4,5,1407,33.8,9.1,5,28.7,92.6,1.68,2,1,2,Yes,yellow,No,2,6,1081.4705,0
453,972136,2119,6,2,601,37,9.3,13,2.3,98.2,2.27,1,5,1,Yes,green,No,1,48,1121.3705,1
454,963636,3065,2,5,200,6.4,6.8,17,5.3,95.4,2.05,3,4,6,Yes,blue,No,3,2,175.1705,1
455,540947,1291,2,2,200,44.9,7.5,9,6.2,95.7,1.45,2,6,1,Yes,green,No,2,18,1348.4205,0
459,775351,2678,3,2,646,34.9,5.5,6,6.1,97,2.03,1,3,6,Yes,yellow,No,1,25,1252.4705,1
460,732834,1222,6,1,801,12,8.9,1,4,81.6,1.31,7,3,10,Yes,white,No,2,-3,650.1705,0
464,681959,1244,6,2,200,19.9,9.1,39,0.5,93.2,0.94,10,2,6,Yes,white,No,2,50,1214.4705,0
465,827056,2762,3,2,678,25.9,8,45,18.5,95.2,1.92,7,6,3,Yes,green,No,3,44,1520.3705,1
469,649036,952,5,7,468,23.4,6.3,25,1.6,93.2,1.05,1,3,7,Yes,white,No,1,55,1361.7205,0
471,546347,922,2,6,415,30.8,8.3,36,6.9,92.6,1.13,9,8,7,Yes,blue,No,3,-1,207.4705,0
474,1174672,3609,3,2,979,6.2,8.2,2,5.3,86,1.89,3,6,3,Yes,red,No,1,15,866.7705,1
475,641149,2476,1,2,634,19.8,9.2,40,30.3,90.7,1.39,3,3,2,Yes,green,No,2,39,955.1205,0
479,860843,2177,3,5,887,9.9,7,7,11.7,93.7,1.42,7,1,7,Yes,blue,No,3,1,1367.4205,0
481,702633,1974,3,4,226,7.7,8.4,100,6,93.3,1.49,2,8,9,Yes,green,No,3,52,862.0205,0
486,754791,1286,4,2,702,27.9,8.5,21,0.6,92.8,2.13,9,3,6,Yes,white,No,3,23,520.0205,1
488,873063,1860,1,6,962,10.1,7.7,16,8.7,94.1,0.93,2,5,1,Yes,white,No,1,45,1066.2705,1
493,667989,1846,3,1,504,44.6,9.4,3,34.6,89.3,1.67,5,3,2,Yes,blue,No,2,51,957.9705,1
496,724582,1849,6,2,234,17.5,8.4,7,10.9,91.4,1.25,4,1,7,Yes,red,No,2,38,1148.9205,1
498,742626,1166,5,4,701,12.3,8.8,5,18.5,95.5,0.59,4,10,8,Yes,red,No,2,56,47.8705,0
1,457894,923,6,4,734,58.5,9.6,60,0.5,90.5,2.26,6,9,6,Yes,blue,No,2,30,606.4705,0
3,860221,1557,5,7,430,25.3,6.3,12,3.1,95.9,1.38,6,2,7,Yes,red,No,1,-5,512.4205,0
5,771299,2187,6,4,771,31.9,7.5,32,15.1,93.6,0.9,3,10,1,Yes,blue,No,2,46,626.4205,0
9,893081,2629,2,6,791,25.3,8.4,4,13.9,91.8,1.3,4,4,7,Yes,yellow,No,2,62,1453.8705,1
19,822005,1537,3,6,761,26.3,8.2,0,7.2,84.1,1.79,3,10,8,Yes,green,No,1,11,1404.4705,0
25,667423,936,5,7,666,52.4,8.8,43,2.1,86.3,0.81,9,10,8,Yes,yellow,No,2,33,894.3205,0
28,880177,2106,2,1,1594,19,7.1,28,0.8,97.8,1.28,4,6,8,Yes,white,No,3,32,254.9705,0
36,928303,2105,2,6,487,35.1,8.6,1,7.5,99,1.36,7,2,4,Yes,white,No,2,6,209.3705,0
39,878782,1285,4,4,1057,18.1,9.1,6,2.3,93.6,1.68,9,2,3,Yes,blue,No,3,59,1346.5205,1
40,775091,1674,5,6,211,21.9,5.6,16,7.8,89.9,1.71,5,3,5,Yes,white,No,2,4,1197.3705,1
46,468664,878,6,4,395,31.2,5.7,4,15.1,95.5,1.44,6,1,2,Yes,green,No,2,22,763.2205,0
47,824038,2701,6,2,1175,25.8,9.1,79,10.6,91.6,1.31,3,1,9,Yes,white,No,2,59,1138.4705,0
55,1069940,3304,1,5,1097,23.5,7,29,1.5,99,1.46,1,10,8,Yes,red,No,2,57,1343.6705,0
57,994078,1482,5,2,200,3.8,9.7,43,3.1,98.4,1.73,7,2,6,Yes,white,No,3,-2,1419.6705,0
61,689521,2012,3,4,502,48.7,5.8,1,15.4,93.4,1.36,5,3,1,Yes,green,No,2,41,912.3705,0
65,862871,1059,3,7,606,6.4,9,9,4.3,91.8,1.27,8,6,8,Yes,white,No,1,4,596.9705,0
68,653714,1812,6,3,516,58.4,7.1,27,21.3,95.9,1.06,4,6,10,Yes,white,No,1,18,43.1205,1
69,905857,1948,4,4,855,9.8,8.6,2,0.5,91.9,2,7,3,4,Yes,yellow,No,2,55,568.4705,1
70,879597,2294,2,4,1322,43.9,9.1,10,10.8,96.9,0.91,1,1,6,Yes,green,No,2,23,55.4705,1
71,755877,1154,2,6,651,24.5,8.6,7,3.8,85.4,0.98,1,7,4,Yes,blue,No,2,24,926.6205,0
73,734087,1932,3,4,779,51.9,5.6,18,4.4,91.3,0.98,8,5,4,Yes,green,No,1,62,26.0205,1
79,802116,1954,3,2,1271,25.4,8.3,100,5.8,92.6,1.33,9,2,7,Yes,white,No,3,56,1188.8205,0
91,550504,953,4,3,539,22.7,7.3,7,35.8,88.2,0.98,7,10,2,Yes,green,No,2,56,1422.5205,1
92,908715,2348,6,3,363,25.5,9.1,19,0.6,92,1.49,10,8,6,Yes,blue,No,2,62,1541.2705,1
106,737546,2043,2,4,306,27.7,7.2,78,3.7,97.3,0.7,5,5,1,Yes,yellow,No,2,40,57.3705,0
112,707323,1630,3,2,838,57.4,7.3,16,0.5,88,1.39,7,4,7,Yes,green,No,1,20,721.4205,0
128,917045,2855,4,3,1274,39.6,8.8,46,1.2,95.9,1.74,9,6,5,Yes,blue,No,3,35,1378.8205,1
130,787043,1559,3,5,362,14.6,9.2,33,4.8,93.7,1.48,2,2,5,Yes,green,No,1,60,1108.0705,0
132,722837,1776,1,3,731,19.5,7.2,5,17.7,94.8,0.92,3,10,6,Yes,red,No,2,41,1214.4705,1
135,632335,1826,3,3,505,55.7,6.2,3,6,89.7,1.57,6,7,5,Yes,green,No,1,-2,700.5205,0
141,959012,2421,4,3,443,10.4,6.9,18,3.2,92.4,1.46,7,4,10,Yes,green,No,2,35,997.8705,1
146,783655,2122,4,5,988,3.7,6.3,23,9.2,90.9,1.07,4,9,2,Yes,yellow,No,2,-4,693.8705,0
151,986067,2417,3,6,200,18,7.7,12,2.3,99,1.52,8,7,7,Yes,white,No,2,15,214.1205,0
156,580247,1017,5,3,200,44.9,9.1,48,1.6,92.5,1.48,6,6,5,Yes,white,No,2,54,1188.8205,0
161,601476,1456,1,4,364,42.4,9.1,8,30.9,92.2,1.59,10,2,1,Yes,yellow,No,2,54,1202.1205,1
163,740866,1533,4,4,619,8.3,7.3,17,4.9,94.8,1.21,6,5,10,Yes,red,No,3,24,754.6705,1
178,686529,1510,2,6,223,32.6,6.5,2,3.8,95.4,0.81,7,3,8,Yes,white,No,2,27,1319.9205,0
180,990038,2156,5,4,889,17.4,8,0,0.5,96,1.31,8,10,5,Yes,red,No,3,8,1400.6705,0
181,945012,2535,5,6,887,45.2,8,16,9.5,86.7,1.32,2,9,8,Yes,red,No,1,0,352.8205,0
184,804713,1603,3,5,200,44.9,9.6,42,0.5,91.1,1.73,2,3,5,Yes,green,No,2,5,1344.6205,1
194,568026,1450,6,2,787,50.1,8.3,51,12.1,91.3,1.36,3,6,4,Yes,red,No,1,27,486.7705,1
198,695983,931,4,6,387,4.6,9.2,39,9,87.8,1.09,9,9,6,Yes,yellow,No,2,40,989.3205,1
202,783878,2089,4,2,1319,7.3,8,39,2.1,92.5,0.73,10,4,6,Yes,yellow,No,2,53,1539.3705,1
208,942892,2407,3,7,1048,50,8.5,27,1.1,92.1,1.17,8,1,10,Yes,green,No,2,31,1546.9705,0
216,1059916,3358,2,7,1024,19.3,7.6,5,10.8,93.4,1.62,7,2,8,Yes,green,No,3,33,338.5705,1
218,766659,1498,2,5,499,10,6.4,40,0.5,94.5,1.16,5,4,5,Yes,yellow,No,3,45,1435.8205,0
219,690457,1392,5,3,505,19.3,8.6,24,1.1,91.7,1.65,7,6,7,Yes,blue,No,1,-2,1486.1705,0
224,761924,2296,2,5,960,18.7,7.6,24,3.6,94.5,1.86,1,2,4,Yes,green,No,2,50,1188.8205,1
227,806440,1338,4,4,200,28.5,9.1,7,1.5,88.3,1.65,4,7,4,Yes,white,No,1,14,1329.4205,1
232,522622,886,4,3,500,45.9,9.4,26,12.7,92.2,1.61,9,4,3,Yes,white,No,3,60,1324.6705,0
236,829191,1923,2,7,480,32.8,7.3,10,2,91.8,1.36,5,5,6,Yes,blue,No,3,15,355.6705,1
238,569583,1160,2,5,200,50.6,8.4,53,5.6,94.9,0.58,1,4,1,Yes,white,No,3,42,108.6705,0
246,906572,2358,4,7,1856,14,9.1,7,16.5,92.1,1.8,6,3,4,Yes,green,No,2,52,1211.6205,0
251,1033228,2223,6,4,1102,11.6,9.5,33,3.1,87.8,1.44,6,9,6,Yes,red,No,3,4,413.6205,0
256,742199,1896,4,4,415,37.3,7.3,1,1.5,90.8,1.39,10,9,9,Yes,white,No,3,44,19.3705,0
257,753778,1322,4,7,748,51.5,8.1,4,1.5,88.3,0.51,4,1,5,Yes,red,No,2,61,1014.0205,0
266,1059712,3551,6,7,1294,27.2,8.7,32,5.1,98.4,1.48,7,10,4,Yes,yellow,No,1,26,579.8705,0
267,520948,1324,6,2,252,32.8,7.7,53,3.2,92.7,1.79,2,10,6,Yes,yellow,No,2,39,744.2205,0
268,673735,1577,6,5,772,37,8.7,52,2.5,95.3,2.02,1,6,5,Yes,green,No,1,26,767.9705,1
276,843443,2893,4,1,1372,25.8,8.6,53,9.5,92.1,1.78,3,2,2,Yes,green,No,2,26,675.8205,0
279,769616,1851,3,3,744,13,5.6,26,9.9,87,1.67,6,1,3,Yes,red,No,3,34,1410.1705,0
284,806581,2446,3,4,1125,35.5,9.1,30,7.3,90.8,0.97,4,9,2,Yes,yellow,No,3,59,1238.2205,1
288,733999,1671,4,3,200,19.4,8.4,7,2.5,96,1.13,7,2,2,Yes,blue,No,2,-5,1311.3705,1
291,1041104,2957,6,7,873,16.5,9.4,0,14.6,88.8,0.95,5,10,9,Yes,yellow,No,1,1,805.9705,0
301,657100,2026,4,5,789,55.9,8.7,4,20.3,88.7,1.57,10,8,10,Yes,green,No,1,56,970.3205,0
302,794216,1296,3,4,427,21,7.8,45,2.3,99,1.35,7,3,9,Yes,red,No,2,23,275.8705,1
312,795480,2107,3,3,892,57.5,7.2,15,9.5,86.7,1.82,9,8,5,Yes,white,No,1,47,577.0205,1
313,1198736,3736,3,4,1014,24.2,9.4,23,12.4,91.9,1.37,4,2,8,Yes,blue,No,2,-3,1441.5205,0
316,886205,2082,4,7,992,32.9,9,8,0.5,97.4,1.63,5,2,1,Yes,green,No,3,19,489.6205,1
320,1373927,4054,3,1,1333,4.6,9.2,7,3.3,93.7,0.6,6,2,9,Yes,white,No,2,21,1390.2205,1
325,1047429,2649,6,2,1260,37,8.5,17,8.7,94.2,0.81,7,9,2,Yes,blue,No,1,52,1297.1205,1
330,928395,2411,2,2,819,30.4,9.1,4,9,91.2,1.57,10,7,1,Yes,red,No,3,44,1410.1705,1
342,722272,1653,6,7,464,45,7.3,7,15.2,94,1.18,3,10,2,Yes,blue,No,1,2,195.1205,1
344,803807,2768,2,5,1238,68.8,6,72,7.5,97.3,1.7,5,6,9,Yes,white,No,2,59,1090.9705,0
351,787090,1501,4,6,299,43.6,9.4,13,0.5,96.7,0.55,7,9,5,Yes,green,No,2,39,1440.5705,1
352,731915,1598,2,2,444,11,7.8,20,4.1,88.8,1.14,10,6,5,Yes,white,No,2,58,1455.7705,0
355,671609,1462,3,2,835,25.7,9.5,4,27.8,96.9,1.22,10,5,8,Yes,yellow,No,2,54,51.6705,0
361,609979,1202,5,2,960,60.4,6.3,71,6.6,99,1.49,10,2,7,Yes,yellow,No,2,5,871.5205,0
362,642495,997,5,2,688,6.8,8.2,12,4.1,98.5,1.16,10,7,3,Yes,blue,No,2,36,210.3205,1
364,527781,1120,2,3,219,45.4,8.7,22,16.2,89.4,1.99,2,6,9,Yes,green,No,2,45,1057.7205,0
365,768818,1404,4,6,754,21.8,8.1,38,3.3,95,1.64,9,2,6,Yes,blue,No,1,27,1094.7705,0
366,933691,3566,1,6,658,18.3,6.7,31,8.6,99,1.65,10,3,1,Yes,white,No,1,29,903.8205,0
371,871572,1752,1,6,716,50.1,9.7,7,1.3,95.5,1.3,3,7,3,Yes,red,No,2,25,1317.0705,1
375,741759,999,3,3,200,22,8.5,8,3.4,97.2,1.25,6,10,7,Yes,red,No,2,43,400.3205,1
379,864710,2149,5,5,911,41.3,5.9,11,10.2,93.1,1.46,2,6,9,Yes,blue,No,3,8,90.6205,0
382,1025664,2730,5,3,1787,38.2,8.8,28,1.6,92.7,0.99,2,8,8,Yes,white,No,2,53,1262.9205,1
383,541211,1939,2,4,440,16.2,8.6,29,21.9,86.9,1.8,9,9,7,Yes,red,No,2,-4,912.3705,0
386,753437,1478,2,4,491,18.1,8.4,54,4.4,90,1.8,2,6,10,Yes,blue,No,1,40,637.8205,0
389,846594,2434,3,6,661,59.2,9.2,61,3.2,91.7,1.5,2,7,10,Yes,yellow,No,2,58,757.5205,0
396,700760,1108,1,1,332,8.7,7.6,31,9.7,89.9,1.13,7,2,6,Yes,red,No,2,44,1168.8705,1
399,1104803,3986,5,5,930,55.4,9.5,60,6.8,83.3,1.4,7,9,3,Yes,green,No,3,7,537.1205,1
405,980595,2097,4,6,200,23.8,9.1,18,0.5,99,1.34,2,10,5,Yes,green,No,1,31,603.6205,0
408,719357,1881,3,5,367,32.7,6.6,14,0.5,89.2,0.9,8,2,8,Yes,white,No,2,46,18.4205,0
409,828005,1665,1,5,290,21.8,8.4,27,2.6,90.8,2.02,7,3,7,Yes,white,No,3,-3,271.1205,1
429,878020,2103,5,2,652,3.6,8.5,0,3.3,92.4,1.03,5,5,10,Yes,yellow,No,2,30,282.5205,1
430,970403,2647,2,6,831,8,8.6,22,7.4,90.9,1.24,9,9,5,Yes,white,No,2,60,64.9705,1
431,864318,2119,2,3,1214,24.5,6,19,2,90.7,1.59,1,8,4,Yes,green,No,2,25,1303.7705,0
446,709416,1207,5,5,1109,27.3,8.3,50,1.9,96.6,1.66,6,1,3,Yes,green,No,1,-2,1462.4205,1
451,747919,1523,6,6,465,14.4,8.8,21,21.4,97,2,1,6,7,Yes,green,No,3,16,625.4705,0
458,825425,1578,4,1,444,23.6,7.5,11,1.5,94.5,1.81,6,3,5,Yes,blue,No,2,7,991.2205,1
460,628588,1194,3,5,401,9.9,8.8,32,0.5,86.4,1.54,5,10,8,Yes,yellow,No,2,17,94.4205,0
463,729776,1901,4,1,327,22.2,8.3,39,4.5,92.4,1.02,3,7,10,Yes,red,No,2,48,506.7205,0
466,581263,1127,5,3,293,32.1,9,64,4,97.4,1.7,4,5,2,Yes,green,No,2,61,376.5705,0
467,643799,1558,4,4,444,44.7,8.4,91,3.2,91.1,1.87,7,1,3,Yes,green,No,2,15,117.2205,1
478,797366,861,2,2,200,22.5,8.8,21,4.4,93.4,1.78,9,10,10,Yes,white,No,2,2,645.4205,0
480,1051000,2924,5,2,401,46.5,8.8,24,14.7,94,1.61,4,10,10,Yes,blue,No,2,15,1440.5705,1
484,628391,1760,6,2,986,19.8,5.7,43,11.3,95.1,1.48,10,6,2,Yes,red,No,1,35,1508.9705,1
486,836768,1503,4,1,478,17,8.3,6,3.2,98.4,0.98,3,10,2,Yes,blue,No,2,13,612.1705,1
495,954404,2153,4,5,791,41.8,8.5,7,4.4,92.7,1.56,5,2,8,Yes,red,No,1,57,325.2705,0
496,1024005,3543,2,2,1050,20.1,8.3,13,10.8,96.9,1.37,6,2,2,Yes,green,No,2,4,1144.1705,0
498,824175,1770,1,2,881,21.4,8,16,1.9,89.5,1.16,3,2,4,Yes,blue,No,1,53,265.4205,1
13,983184,3277,3,3,1023,25.3,8.4,95,6.9,94,1.19,5,8,2,Yes,red,No,2,10,55.4705,0
18,904475,2088,1,5,1468,6.4,8,24,0.9,92.9,1.48,1,5,2,Yes,green,No,2,19,755.6205,1
20,648528,829,2,3,259,22.6,9.5,37,12.6,98.1,1.98,9,2,9,Yes,green,No,2,58,505.7705,0
22,496551,752,4,3,200,58.4,6.2,4,12.9,85.8,1.69,6,6,1,Yes,yellow,No,3,6,199.8705,1
32,951234,3449,5,6,1012,30.5,8.5,5,5.3,95.9,1.11,5,8,6,Yes,yellow,No,1,23,1035.8705,1
36,948083,3145,2,6,564,48.5,7.6,5,0.5,86.9,1.52,8,1,2,Yes,red,No,3,59,209.3705,1
37,846341,2283,5,4,1045,21.8,6.9,21,16.8,93,1.57,8,7,2,Yes,red,No,3,21,1069.1205,0
40,728089,1702,3,3,339,66.4,9.3,32,5.9,94.5,1.22,10,4,7,Yes,blue,No,3,-4,791.7205,1
41,801189,2021,5,2,407,53.5,8.3,19,7.3,89.7,1.76,6,9,9,Yes,yellow,No,1,23,1375.0205,1
45,994694,2914,1,4,792,5.9,9.7,28,3.2,96.8,2.01,2,3,8,Yes,blue,No,1,60,52.6205,0
46,847366,2008,2,3,437,38,9.4,10,9.9,94,1.15,8,10,6,Yes,yellow,No,3,27,895.2705,0
54,1322730,4335,2,2,1729,47.7,8.9,31,1.7,92.6,1.44,6,9,8,Yes,green,No,2,-1,199.8705,1
57,796893,2252,2,6,791,15.4,6.6,45,10.5,95.1,1.22,9,2,10,Yes,red,No,2,45,198.9205,0
58,827094,1879,4,7,655,26.8,9.3,85,7.9,98.5,1.08,3,7,2,Yes,yellow,No,3,12,501.9705,1
59,610260,1730,6,6,213,20.1,9.1,88,0.7,96.5,1.81,6,7,3,Yes,blue,No,2,10,216.9705,0
65,842146,2517,1,2,495,10.9,8.6,20,29.7,94.2,1.18,9,6,5,Yes,green,No,2,38,300.5705,1
66,880002,1833,6,4,489,11.4,9.9,22,3.4,88.1,1.18,3,4,5,Yes,red,No,1,36,145.7205,0
68,902449,2622,4,4,795,23.9,9.1,49,2,88.1,1.64,8,5,7,Yes,white,No,1,3,786.0205,0
71,887426,1622,4,1,200,23,9.6,3,2.8,91.3,1.29,6,7,7,Yes,white,No,1,54,1333.2205,1
72,918491,2849,3,7,1091,48.2,6.5,34,4.2,88.3,1.96,1,9,7,Yes,white,No,2,50,276.8205,0
73,652664,2014,3,3,816,39,8,15,16.4,93,1.18,4,8,9,Yes,blue,No,3,33,935.1705,0
74,697773,1926,3,4,200,17.6,8.4,34,8.2,94.3,1.34,8,3,2,Yes,white,No,3,48,1395.9205,0
77,770944,1345,2,3,1016,26,8.4,24,11.1,93.3,1.18,6,2,5,Yes,white,No,3,19,527.6205,1
80,705780,1239,2,2,200,25.9,6.9,17,20.4,90.4,0.86,4,6,2,Yes,blue,No,2,51,792.6705,1
82,931945,2868,4,3,867,33.2,8.3,20,10.6,87.2,2.07,2,8,9,Yes,green,No,2,53,1519.4205,1
83,1103330,3525,5,1,1200,24.8,6.8,25,28.4,91.9,1.83,2,4,6,Yes,red,No,2,14,764.1705,0
89,886165,2778,4,6,410,17,8.2,4,25.3,93,1.29,7,8,5,Yes,white,No,3,55,108.6705,1
104,836229,1800,1,6,509,14,5.8,32,10.4,90.3,1.54,10,9,5,Yes,white,No,1,61,1245.8205,1
109,824599,1122,3,5,200,38.8,8.6,1,6,87.3,1.81,5,7,10,Yes,yellow,No,2,18,1355.0705,0
112,661836,1872,5,2,1239,29.3,7.2,85,8.3,94.4,1.55,2,2,5,Yes,yellow,No,2,59,419.3205,0
115,998173,2294,4,1,829,18.3,8.4,2,2.7,94.1,1.4,7,2,1,Yes,green,No,2,47,623.5705,0
130,548811,1442,1,4,200,18.8,6.3,5,19,93.7,1.59,6,10,2,Yes,white,No,2,33,1311.3705,1
135,900049,2086,4,4,738,17.7,8.9,33,11.2,89.5,1.88,2,8,10,Yes,red,No,1,29,124.8205,0
151,722974,2076,6,6,1202,33.6,8.6,18,14.2,99,1.82,3,5,5,Yes,green,No,3,54,1185.0205,0
153,996980,2103,3,7,1264,12.4,8.8,47,12.6,92,1.38,4,8,1,Yes,green,No,2,61,653.9705,0
156,896284,2045,3,5,1281,35.4,7.3,2,0.5,97.8,0.96,9,4,9,Yes,green,No,1,16,1253.4205,1
167,772670,2325,4,6,862,40.9,6.5,55,4.9,92.2,1.75,3,9,7,Yes,green,No,2,11,118.1705,0
169,832263,1713,5,6,775,21.9,9.5,11,12.2,96.7,1.18,3,1,5,Yes,blue,No,3,54,55.4705,1
171,990149,2581,4,3,864,51.8,8.4,21,5.6,98.1,1.16,2,6,9,Yes,red,No,2,57,1207.8205,0
179,887498,2732,2,5,1320,17.6,7.9,20,19.6,96,1.92,4,3,7,Yes,green,No,3,36,216.9705,1
182,905250,1568,2,4,603,17.4,8.6,7,4.9,93.4,1.34,8,7,3,Yes,yellow,No,3,1,1226.8205,1
185,1053726,2223,4,3,465,26.2,9.2,14,2.5,94.9,1,2,5,2,Yes,yellow,No,2,60,1048.2205,0
187,1191823,4296,2,2,642,27.7,6.2,21,16,89.2,1.58,4,10,1,Yes,blue,No,2,20,815.4705,0
188,822488,1975,4,3,642,4.9,9.5,21,2.8,96.1,1.07,9,5,2,Yes,white,No,2,24,68.7705,0
189,1221941,2813,5,4,1395,7.9,9.6,2,9.5,97.9,1.43,1,5,7,Yes,green,No,2,58,843.0205,1
195,919119,2443,4,2,616,32.5,7.2,4,10.7,90.5,1.66,5,6,1,Yes,yellow,No,2,-2,230.2705,0
199,895692,2495,2,4,388,6.2,9.3,43,5.4,94.9,1.35,10,9,4,Yes,yellow,No,3,2,377.5205,0
207,940534,1498,4,7,307,4.5,9.6,5,14.1,96.2,1.14,8,1,6,Yes,white,No,1,17,1012.1205,1
217,1172949,4500,4,6,1535,46,8.3,9,0.7,92.7,1.19,7,8,6,Yes,blue,No,1,27,586.5205,1
232,722278,1347,5,5,671,43.1,7.6,1,0.5,94.9,1.95,9,6,3,Yes,green,No,2,19,265.4205,1
236,700236,1725,5,2,539,45.9,6.4,31,8.7,91.4,1.44,6,1,5,Yes,blue,No,2,50,722.3705,0
237,760669,1533,5,7,267,19.7,9.1,11,22.8,93.3,0.5,9,4,1,Yes,green,No,2,62,1433.9205,0
243,917330,2015,5,5,1123,11.8,8.1,8,5.5,89.7,1.18,5,6,7,Yes,green,No,3,-5,44.0705,0
245,594499,1271,2,6,552,19.3,6.9,60,25.9,84.8,1.73,7,7,10,Yes,yellow,No,3,-1,812.6205,0
247,765463,840,5,2,984,25.7,8.4,5,0.9,91.9,1.92,7,9,8,Yes,yellow,No,3,54,881.9705,1
248,787859,1916,3,3,392,50.3,7.7,5,2.5,94.6,1.87,3,4,1,Yes,white,No,2,40,67.8205,0
249,901044,2968,5,3,1090,21.1,8.1,32,14.3,93.1,1.11,3,1,8,Yes,yellow,No,3,39,760.3705,0
250,714255,1074,1,5,226,50,9.5,33,13.9,93.6,1.09,2,5,3,Yes,white,No,2,52,70.6705,1
266,675039,1811,6,7,851,25.9,9,12,8.6,89.2,1.15,6,4,10,Yes,yellow,No,1,47,210.3205,0
267,616495,1279,5,6,453,22.3,6.5,2,4.3,89.4,1.57,8,9,5,Yes,yellow,No,2,28,691.9705,0
268,943408,2841,2,2,1061,59.9,9.5,1,5.2,88,1.83,5,1,6,Yes,blue,No,2,-1,643.5205,1
269,874479,2271,6,7,710,25,8.7,7,17.7,97.9,1.18,1,9,4,Yes,red,No,2,30,1268.6205,1
274,819483,1380,5,4,736,30.4,7.2,22,1.1,93.9,1.09,4,2,1,Yes,white,No,2,22,794.5705,0
281,805222,1708,1,4,997,7,8.8,6,12.2,90.7,1.14,8,4,4,Yes,white,No,2,36,1273.3705,1
283,637576,1250,5,1,577,29.8,8.3,100,0.8,98.2,1.86,6,1,8,Yes,blue,No,3,46,1342.7205,0
285,777313,2118,2,4,612,38.2,8.9,4,2.6,92.2,1.83,10,8,2,Yes,red,No,2,33,788.8705,1
288,807094,1320,1,2,200,33.3,9.4,49,9.8,94.6,1.02,2,1,2,Yes,white,No,2,41,1313.2705,0
290,1051763,2840,3,2,1335,47,9.2,55,3.9,89.4,2.21,5,4,2,Yes,red,No,1,9,98.2205,1
291,811729,2210,4,4,931,14.4,6.5,48,5,87.4,1.95,8,3,8,Yes,yellow,No,2,13,171.3705,0
293,664313,1970,5,7,1278,10,4.6,43,6.9,86.8,1.56,1,2,8,Yes,blue,No,2,13,16.5205,1
294,749920,1655,5,4,459,38.9,9.4,3,0.5,92.7,1.31,8,4,9,Yes,blue,No,2,19,1140.3705,0
296,521115,1606,3,1,571,73.6,8.7,4,0.5,91.9,1.16,8,6,2,Yes,yellow,No,2,9,1223.9705,0
305,678475,1317,4,3,200,45.2,9.3,2,8.6,96,1.4,4,10,2,Yes,green,No,2,9,13.6705,1
309,1069747,2264,3,3,656,19.4,8.3,8,3,92.8,2.02,2,1,1,Yes,blue,No,2,9,852.5205,0
317,764856,1574,6,4,585,29.6,9.1,21,1.9,89.6,1.74,6,5,5,Yes,white,No,2,59,1117.5705,1
318,741800,1724,4,6,795,26.4,7.3,0,11.3,95.3,1.32,6,10,8,Yes,yellow,No,3,25,1123.2705,0
327,578177,1193,4,3,475,31,8.1,28,13.4,87,1.53,6,10,10,Yes,yellow,No,1,7,273.0205,1
335,623020,1282,2,1,622,45.4,6.2,33,6.3,88.3,1.8,4,7,10,Yes,red,No,1,52,476.3205,1
339,591859,1283,2,2,587,9.8,8.2,84,28.4,95.6,1.21,1,8,2,Yes,blue,No,3,48,289.1705,1
341,686287,1452,5,6,213,24,8.6,5,3.8,84.8,1.74,1,2,9,Yes,yellow,No,2,-6,553.2705,0
342,632666,1404,1,5,200,33.9,5.6,49,9.4,97.6,1.58,10,3,9,Yes,green,No,2,-1,1319.9205,0
345,930320,3161,6,2,1861,28.9,7,18,5,87.6,1.31,7,10,3,Yes,blue,No,3,-3,268.2705,1
348,641025,1531,3,5,200,44.7,6.5,12,12.1,87.1,1.52,3,5,1,Yes,blue,No,2,-3,195.1205,0
355,911895,1584,3,3,200,28.1,7.7,5,3.4,92,0.73,3,6,6,Yes,green,No,3,2,47.8705,0
358,722268,2214,5,6,853,22.3,7.1,13,3.8,93.3,1.42,4,8,7,Yes,white,No,1,0,106.7705,0
365,734533,1580,5,2,486,12.1,9.3,10,16.4,91.1,1.47,4,1,7,Yes,blue,No,1,24,142.8705,1
373,829007,1226,5,3,510,10.4,9.8,24,3.2,92,1.02,8,8,3,Yes,yellow,No,1,28,1334.1705,1
374,625429,1073,4,7,401,24.4,8.8,24,8.8,90.7,1.96,8,2,4,Yes,green,No,2,28,519.0705,0
389,687519,1892,2,6,704,45.6,7.7,7,3,96.3,1.01,2,7,5,Yes,green,No,2,57,121.9705,1
391,865729,2294,3,5,1147,31.5,8.1,1,1.4,90.3,1.21,10,8,5,Yes,blue,No,2,31,970.3205,0
393,511522,1360,5,4,200,45.3,6,6,9.7,88.6,1.85,2,9,6,Yes,yellow,No,2,25,1003.5705,1
396,932020,2556,4,7,1243,34.3,7.9,16,6.9,92.5,1.73,4,9,4,Yes,red,No,2,22,1185.0205,0
399,863592,2092,6,5,295,23.1,7.7,18,4.9,86.8,1.19,4,2,3,Yes,yellow,No,2,5,488.6705,0
405,945547,3168,2,3,539,19.7,6.9,17,40,88.3,1.94,5,2,10,Yes,red,No,1,54,899.0705,0
418,901565,2181,5,7,672,22.4,8.3,10,0.5,94.5,1.35,4,7,6,Yes,blue,No,2,11,445.9205,1
421,1097086,3446,5,7,809,25.7,8.3,2,2.3,99,1.17,4,2,4,Yes,blue,No,2,46,753.7205,0
423,857061,1594,4,1,376,41.2,9,12,2.6,99,1.45,3,5,1,Yes,green,No,2,20,752.7705,1
430,898162,1912,5,7,200,25.1,8.4,15,1,90.5,1.05,8,4,10,Yes,yellow,No,3,32,1202.1205,0
434,637459,2349,2,3,819,39.8,8.9,20,37.6,91.2,1.51,3,9,7,Yes,white,No,2,26,1447.2205,1
439,794985,1593,3,6,200,20.7,7.3,10,1.4,95.8,1.63,6,3,2,Yes,yellow,No,1,32,358.5205,1
451,892733,2156,2,2,983,9.1,7.6,34,2.8,93.3,0.78,4,4,9,Yes,red,No,3,4,1367.4205,0
452,986033,1344,2,2,200,5.9,9.3,4,0.6,91.6,1.86,6,2,4,Yes,red,No,2,34,1190.7205,0
455,714227,1469,4,1,873,26.3,9.6,35,4.3,92.4,1.56,2,10,2,Yes,white,No,2,56,1279.0705,1
466,773575,2044,5,4,497,21.6,8,43,0.5,91.4,2,9,5,1,Yes,yellow,No,3,59,344.2705,0
473,809499,2033,3,2,632,31.2,8.2,69,4,96,1.31,10,2,7,Yes,green,No,2,2,350.9205,0
477,804164,2149,2,5,1027,5.7,7.5,27,0.5,88.9,1.54,2,1,9,Yes,green,No,3,12,702.4205,0
478,920182,2987,5,4,643,51.4,8.8,45,7.3,96.2,1.64,3,6,9,Yes,yellow,No,2,35,663.4705,1
482,1034944,3196,4,4,1094,16.8,8.6,3,8,95.1,1.54,7,1,4,Yes,green,No,2,-3,913.3205,1
483,1348391,4500,1,6,1258,33.2,7.9,29,1.1,89.8,1.43,6,2,9,Yes,white,No,2,-2,1138.4705,0
490,694255,1373,5,2,640,3.5,8.3,50,7.3,95.2,1.4,9,10,4,Yes,green,No,2,35,1215.4205,1
491,596783,997,5,5,264,32.4,9,4,6.1,94.6,1.39,2,7,4,Yes,blue,No,1,9,217.9205,1
493,573417,902,3,2,771,14.1,8.2,3,5,90.9,1.06,5,5,9,Yes,red,No,1,53,919.9705,0
494,841552,2341,3,7,200,23.2,7.8,10,19.2,91.9,1.27,6,1,8,Yes,white,No,2,12,353.7705,1
4,968053,2124,1,4,421,5,9.1,30,1.5,95.7,1.29,2,2,7,Yes,blue,No,2,10,1300.9205,0
10,735949,2247,5,2,666,26.9,8.2,100,4,88.4,1.66,6,10,5,Yes,yellow,No,1,-3,532.3705,0
14,729188,1930,5,1,1350,22.8,9.2,56,16,94.1,2.08,3,5,5,Yes,white,No,2,55,1375.0205,0
17,705494,1521,5,2,200,17.4,9,1,6.5,95,1.23,6,5,2,Yes,yellow,No,2,18,1034.9205,1
18,917474,2297,5,5,1180,28.5,7.8,2,12.3,97.4,1.91,6,7,2,Yes,yellow,No,2,17,312.9205,1
19,638497,1502,6,2,406,55.2,8.7,39,6.4,92.8,1.23,7,9,6,Yes,white,No,3,0,1134.6705,0
24,811176,2368,5,6,1649,20.7,8.7,70,1.7,93.2,1.85,5,5,5,Yes,white,No,3,9,934.2205,1
25,641094,1419,5,3,543,49.2,6.9,33,2.5,89.4,2.14,8,8,8,Yes,blue,No,2,7,431.6705,0
27,669284,1369,3,2,761,22,8.8,22,5.7,92.7,1.42,9,1,4,Yes,blue,No,2,39,159.0205,0
30,801717,2383,3,4,950,35,8.4,82,1.6,92.1,1.45,5,7,1,Yes,green,No,3,41,1247.7205,0
32,687605,1096,3,5,200,12.8,7.8,24,9.8,93.6,1.36,9,5,5,Yes,red,No,2,32,1430.1205,0
35,749450,1356,5,3,1199,26.6,6,21,6.7,91.8,0.81,3,1,8,Yes,white,No,2,50,387.9705,0
37,807763,2157,5,1,1407,17.5,8.4,90,0.7,93.1,1.44,2,2,8,Yes,green,No,2,20,1147.9705,1
40,819233,1414,5,2,963,22.4,9.3,3,13.5,94.1,1.61,6,4,1,Yes,green,No,2,6,1240.1205,0
44,868527,1999,5,5,358,20.8,9.7,18,2.3,94.6,0.98,8,1,4,Yes,red,No,2,1,33.6205,1
46,595968,1557,5,4,1080,48,7.1,34,12.8,87.6,1.12,3,7,8,Yes,green,No,1,51,1518.4705,1
49,906410,1735,2,6,591,22.9,7.8,47,7.8,90.2,1.62,3,2,1,Yes,blue,No,2,19,359.4705,0
65,619262,1272,5,4,468,21.6,5.5,40,1.1,94.2,1.37,3,8,3,Yes,yellow,No,2,11,1333.2205,1
68,925481,1997,3,5,885,31.4,9.2,6,1.9,89.4,1.38,7,6,2,Yes,green,No,2,42,589.3705,1
70,976771,2603,2,2,719,13.8,8.8,70,17,95.4,1.48,5,5,7,Yes,blue,No,3,7,955.1205,0
74,967570,1711,4,7,760,26.3,9.6,19,1.9,89.3,1.19,1,5,8,Yes,yellow,No,3,11,484.8705,1
75,730999,1540,5,4,541,32.4,8.4,3,7.2,98.1,1.63,1,1,10,Yes,blue,No,2,37,1365.5205,1
78,584906,892,3,2,961,31.9,8.6,5,9.8,96.1,1.4,4,3,3,Yes,red,No,1,55,236.9205,1
81,721475,2247,5,5,1147,20.6,8.5,33,3.4,89.7,1.79,8,7,7,Yes,yellow,No,1,-3,583.6705,1
82,615355,1410,5,3,364,38.8,7,15,16.9,87.8,1.1,7,6,1,Yes,green,No,1,7,254.9705,1
87,1057789,2432,4,6,1274,10,9.6,4,0.8,89,0.5,10,1,1,Yes,white,No,3,59,1391.1705,0
89,860844,2682,4,6,658,31.4,6.6,23,8.3,98.8,1.81,1,2,1,Yes,red,No,3,58,1392.1205,1
90,689217,1572,6,5,1230,47.2,7.5,9,0.5,94.6,1.24,6,6,4,Yes,blue,No,2,25,173.2705,1
94,789566,1945,3,1,283,55.2,5.6,51,0.5,93.9,1.84,1,9,2,Yes,blue,No,3,56,1087.1705,1
101,770720,1065,4,4,465,33.1,7.1,7,2.3,99,0.83,6,9,10,Yes,red,No,2,60,1344.6205,1
104,949652,2455,6,3,360,25.1,7.1,3,0.5,94.8,1.26,1,1,1,Yes,green,No,3,57,1505.1705,1
107,706892,1624,4,7,200,23.3,5.5,3,5.7,92.4,1.98,10,7,3,Yes,blue,No,3,15,786.9705,1
108,965207,2894,4,5,1299,30.6,6.5,32,1.1,97.3,0.85,9,6,8,Yes,blue,No,1,1,1514.6705,0
109,814916,1678,5,6,396,43,7.7,4,18.6,92.3,0.8,4,4,3,Yes,blue,No,1,2,812.6205,0
112,601656,1371,3,6,595,57.3,9.1,25,9.2,93.7,1.32,1,8,4,Yes,green,No,2,40,317.6705,1
114,678858,1054,3,2,311,63.5,8.6,10,2.9,94.5,1.09,1,6,3,Yes,green,No,2,-3,1476.6705,0
116,720510,1580,2,6,341,39.8,8.7,3,7.5,94.4,1.56,3,3,5,Yes,red,No,1,9,848.7205,1
124,902008,1936,2,6,669,18.8,9.1,0,10.5,92.5,2.13,10,1,6,Yes,yellow,No,2,12,1118.5205,1
128,1083840,3378,2,2,1009,23.6,8.5,39,28.4,98.5,1.04,9,4,7,Yes,blue,No,2,-2,118.1705,0
130,1209911,3214,5,4,1454,10.7,9.7,9,0.8,92.1,1.88,6,9,5,Yes,red,No,1,9,337.6205,0
141,997840,2235,1,5,794,21.3,8.3,5,2.9,96.8,1.6,4,1,3,Yes,white,No,1,59,789.8205,1
145,535551,1058,5,3,200,9,7,100,6.1,97.5,1.06,6,9,8,Yes,white,No,2,3,1501.3705,0
147,972307,2062,2,1,844,15.9,8,2,10.3,95.8,1.68,7,8,10,Yes,blue,No,1,62,1084.3205,1
148,729735,1741,6,3,925,42.8,8.3,13,11.2,91.5,1.16,6,1,4,Yes,green,No,2,15,711.9205,0
150,902159,1960,2,2,526,10.7,6.2,5,4,90.2,1.3,9,2,7,Yes,red,No,1,57,473.4705,0
151,762334,1762,3,5,894,38.9,5.9,16,11.9,92.5,1.12,4,5,5,Yes,green,No,2,39,1292.3705,0
163,970669,1638,4,4,638,11.4,9.5,2,5,94.4,1.72,10,7,6,Yes,blue,No,2,46,1491.8705,1
172,660416,1702,6,2,997,41.2,5.9,76,6.6,92.4,1.1,2,10,2,Yes,yellow,No,3,21,845.8705,1
176,882004,2138,3,3,1143,40.5,9,25,8.9,97.9,1.59,4,4,3,Yes,green,No,2,3,852.5205,0
182,607103,1506,6,4,200,47.2,8.5,66,7.3,93.4,0.89,8,7,8,Yes,white,No,2,41,300.5705,1
186,909069,2041,3,4,1569,27.7,9.9,9,5.7,88.7,1.53,2,7,8,Yes,white,No,1,34,653.9705,1
189,797430,1556,2,3,844,5.7,8,13,11.9,87,0.84,9,10,3,Yes,green,No,2,17,1238.2205,0
195,601335,781,3,3,200,9.5,8.6,33,16,94.1,1.76,2,6,7,Yes,yellow,No,2,29,1414.9205,0
197,1039299,2643,4,7,1396,19.8,8,16,1,93,2.05,3,9,2,Yes,white,No,2,-2,1166.9705,1
200,859447,2198,6,6,975,29.7,9.5,13,3,97.5,1.75,1,6,6,Yes,white,No,3,17,495.3205,0
205,793503,1871,4,6,916,20.3,6.8,35,2.1,96,1.85,8,1,6,Yes,blue,No,2,19,356.6205,0
210,591017,1214,3,5,865,45.5,6.9,1,8.4,94,1.64,1,6,6,Yes,blue,No,2,39,860.1205,0
211,760840,1646,1,5,896,8.5,7.9,10,11.2,87.3,1.57,1,2,9,Yes,white,No,1,35,717.6205,0
218,750225,1521,2,1,960,12.6,5.4,9,4.1,91.9,1.84,10,9,7,Yes,green,No,2,3,393.6705,0
221,585955,779,6,5,643,49.2,9.8,30,18.8,98.4,0.76,3,6,5,Yes,green,No,1,-1,918.0705,1
223,846538,1797,6,3,943,8.9,8.1,1,4.2,96.3,1.38,6,5,4,Yes,yellow,No,2,61,991.2205,0
224,999119,2719,3,1,894,13.5,7.3,1,1.4,89.8,1.88,8,8,2,Yes,blue,No,3,58,663.4705,1
232,1035925,2893,2,2,1072,45,9.2,9,8.7,94,1.16,3,8,3,Yes,red,No,2,54,1004.5205,1
240,671778,1751,2,3,702,37,7.5,58,8.9,87.7,1.58,8,6,9,Yes,blue,No,3,21,881.0205,1
241,638665,945,2,3,200,13.6,7.3,15,5,93.9,1.65,2,1,7,Yes,yellow,No,2,51,739.4705,0
243,836698,1464,4,5,200,30.6,6.7,12,6.5,93.4,1.51,10,2,7,Yes,blue,No,3,18,670.1205,0
245,668693,1816,3,2,635,14.4,6.5,26,4.9,93.1,1.34,7,7,6,Yes,white,No,2,32,908.5705,1
251,857993,2623,4,2,733,11.5,7.4,59,17.2,95.6,1.28,9,6,7,Yes,green,No,3,26,964.6205,0
253,691666,1937,1,3,360,54.4,4.8,57,7.9,96.2,1.55,8,5,9,Yes,yellow,No,2,-3,520.0205,1
254,621669,1228,6,2,282,44.3,8.1,67,0.6,95.6,2.07,8,5,4,Yes,red,No,2,3,968.4205,0
256,929548,2586,3,3,823,7.9,8.4,5,6.9,93.5,1.48,4,5,5,Yes,red,No,2,57,1099.5205,0
264,550479,1625,2,7,627,65.8,8.1,95,8.7,89.6,1.62,9,2,2,Yes,yellow,No,1,54,7.0205,1
268,520895,895,2,4,582,31,9.5,3,31.4,95.7,0.98,7,3,3,Yes,green,No,2,17,343.3205,0
269,715434,1216,3,2,357,14.2,8.1,3,11.9,91.9,1.81,4,2,10,Yes,red,No,2,43,746.1205,1
275,722346,887,5,6,358,16.9,8.2,25,1.8,94.8,2.02,6,9,4,Yes,white,No,3,40,1533.6705,1
279,525064,1758,6,6,325,24.5,7,14,24,98.2,1.36,8,6,10,Yes,white,No,1,45,708.1205,0
280,805017,2045,2,6,723,37,7.7,8,2.7,95.1,0.93,10,3,2,Yes,green,No,2,43,431.6705,0
281,1096365,3745,3,2,1161,38.2,7.5,26,0.7,90.9,1.41,8,5,5,Yes,white,No,3,30,672.0205,1
283,688880,2701,4,6,988,63.4,6.8,30,40,87.4,1.56,8,4,6,Yes,red,No,2,15,1222.0705,1
292,705280,1548,2,4,863,11.6,7.2,31,18.3,96,1.28,2,4,3,Yes,green,No,2,62,741.3705,1
299,744386,1275,6,6,200,23.9,9,12,11.9,92.4,1.22,8,6,5,Yes,white,No,3,54,822.1205,0
300,767433,1364,3,3,200,34.3,8,16,1.1,84.8,1.14,7,8,3,Yes,green,No,2,4,301.5205,1
316,815755,2560,1,1,997,29.2,9.2,11,12.5,89.3,1,6,8,10,Yes,white,No,1,2,361.3705,0
318,1067525,2671,3,2,1076,32.9,9.4,9,14.5,95.4,1.08,4,7,7,Yes,red,No,2,5,406.9705,0
319,789626,1900,4,3,616,0.9,8.3,10,8.6,85.4,1.43,7,9,3,Yes,yellow,No,1,35,904.7705,0
320,820835,1600,5,4,260,12.5,8,7,3.2,95.3,0.89,3,6,9,Yes,white,No,2,49,1485.2205,0
321,949483,1788,5,3,365,16.3,7.6,2,5.8,92.2,1.2,8,2,5,Yes,blue,No,3,26,1267.6705,0
323,1058628,2759,2,6,1446,31.8,8.1,58,2,92.4,0.77,5,1,9,Yes,yellow,No,1,57,1454.8205,1
325,644973,1378,2,2,680,24.1,9.1,36,7.8,92.2,1.56,7,8,6,Yes,red,No,2,61,700.5205,1
327,795976,1461,1,5,200,11.8,8.4,31,0.5,91.1,1.04,6,8,5,Yes,white,No,3,18,1348.4205,1
328,832577,2467,4,4,1311,42.8,8,48,0.5,88.2,1.47,2,3,1,Yes,red,No,2,11,632.1205,1
331,621186,2285,5,5,510,54.7,6.4,51,13,90.4,1.93,4,7,10,Yes,green,No,1,41,538.0705,1
333,950063,2344,1,5,991,38.5,9.3,47,0.5,99,1.23,6,9,7,Yes,white,No,1,28,208.4205,0
335,757845,2124,4,2,1095,20.9,5.1,11,0.5,94.5,1.06,10,3,4,Yes,yellow,No,2,5,860.1205,0
336,804580,1436,3,3,946,22.4,9.2,24,1.2,90.5,0.95,4,7,8,Yes,blue,No,2,5,533.3205,0
337,808168,1006,2,3,285,12.1,7.6,4,3.1,93.5,1.44,5,3,1,Yes,red,No,2,7,1185.9705,1
357,747469,1949,5,5,499,19.8,7.7,32,1.4,89.7,1.27,2,2,1,Yes,red,No,1,23,709.0705,0
359,1032476,2214,3,5,247,16.8,9.6,13,1.6,92.3,1.51,1,4,9,Yes,yellow,No,2,63,681.5205,0
360,953588,2284,3,1,1147,31,8.5,55,0.5,92.4,1.88,7,9,2,Yes,yellow,No,2,58,919.0205,1
370,662320,1946,4,3,626,63.1,6.1,70,12.1,94.5,0.78,10,9,1,Yes,yellow,No,1,30,942.7705,1
371,647736,978,5,6,264,12.8,7.8,34,3,92.8,1.71,1,2,3,Yes,green,No,1,38,166.6205,1
372,750487,1487,3,2,301,9.7,8.3,43,0.5,92.4,1,8,6,3,Yes,green,No,3,58,412.6705,0
377,632691,785,1,1,200,44,8.1,20,2.9,89.3,1.57,7,1,1,Yes,yellow,No,3,15,563.7205,0
387,682807,1416,3,2,432,64.1,7.4,16,0.5,93.1,0.89,4,5,1,Yes,green,No,2,-5,668.2205,1
388,539921,1090,6,2,969,18.8,8.7,56,23.4,93.9,2.02,8,1,7,Yes,green,No,1,23,402.2205,0
390,801156,2209,6,6,552,53.2,9,17,7.3,88,0.91,6,7,10,Yes,blue,No,2,10,349.0205,1
394,712200,1494,1,5,200,12.7,7.8,19,13.9,91.2,1.64,1,9,3,Yes,blue,No,2,59,820.2205,1
399,889177,2627,4,2,715,31.4,8.3,2,9.8,89.5,1.68,10,7,1,Yes,white,No,2,54,1272.4205,1
405,440212,1723,3,1,293,57.4,8.7,46,24.6,98.6,1.4,3,5,7,Yes,green,No,3,3,1024.4705,0
417,674080,1973,1,2,200,29,5.4,24,0.5,97.6,0.83,2,8,8,Yes,green,No,3,-4,252.1205,0
418,635714,910,5,7,200,74.7,9.9,53,1,99,0.77,2,1,7,Yes,green,No,1,20,932.3205,1
432,654369,825,6,5,653,22.4,9,45,30.3,96,1.96,3,4,6,Yes,red,No,2,-3,520.9705,0
440,873799,2144,5,7,599,27.5,8.7,3,0.5,91.9,1.44,3,2,7,Yes,blue,No,2,61,310.0705,1
442,701938,1946,6,3,659,30.7,7.5,24,12.7,96.1,1.28,9,4,3,Yes,green,No,1,5,1162.2205,1
444,901912,2284,5,4,918,9.3,9.6,45,1.7,87.2,1.78,9,8,8,Yes,green,No,2,11,1125.1705,0
448,728806,1864,4,6,333,25.7,8.2,91,10.2,93.6,0.83,6,1,10,Yes,white,No,1,28,443.0705,0
453,909614,2692,1,1,549,16.4,8.3,2,2.6,91.1,1.99,1,10,2,Yes,blue,No,2,62,430.7205,1
455,896781,2805,1,3,684,31.5,8,22,9.8,95.8,1.5,4,1,9,Yes,yellow,No,1,2,758.4705,1
457,725533,1201,5,4,200,36.7,6.6,4,1.4,97.5,1.22,4,3,10,Yes,green,No,2,42,554.2205,1
458,513667,1129,3,2,405,23.9,5.9,64,11.1,88.4,0.86,3,5,4,Yes,green,No,1,47,1179.3205,1
461,1197286,2729,5,6,818,2.3,7.9,1,0.5,95.3,0.93,7,7,7,Yes,blue,No,3,39,472.5205,1
462,1030266,3439,2,4,1275,46.8,8.1,87,8.3,96.8,1.79,6,1,4,Yes,white,No,2,12,12.7205,1
463,862804,2418,2,4,1090,44.3,8.4,2,3.9,92.6,1.23,2,1,9,Yes,green,No,1,52,6.0705,1
467,853804,2424,5,3,1049,25.8,6.8,14,25.3,93,2.01,9,8,10,Yes,yellow,No,2,19,1015.9205,0
476,706468,2155,3,7,895,15.8,7.2,87,4.1,91,1.86,9,6,6,Yes,red,No,3,48,1266.7205,0
480,1061978,2603,2,6,981,50.2,7.2,32,3.9,95.4,0.8,9,6,7,Yes,white,No,2,11,648.2705,0
486,660328,1030,6,7,640,58.3,8.8,79,2.2,91.2,1.08,8,1,9,Yes,white,No,3,38,1088.1205,0
490,761746,1801,6,4,421,35.5,8.4,3,7.8,91,1.95,4,1,4,Yes,blue,No,2,50,1338.9205,0
491,848376,2067,3,5,434,26.2,7,24,4.7,91.9,1.65,3,2,10,Yes,blue,No,1,57,1463.3705,1
492,650983,1287,3,4,716,19.2,8.4,3,2.2,91,1.19,4,10,5,Yes,red,No,2,53,82.0705,1
1,600517,1287,6,6,601,30.3,7.7,6,3.2,89.3,1.26,3,6,10,Yes,green,No,2,51,1384.5205,1
3,468653,1034,1,4,630,36.5,5.5,22,19.1,95,1.43,9,3,10,Yes,blue,No,1,7,210.3205,0
11,866374,1188,6,1,333,32,9.2,4,0.5,91.2,0.89,7,7,10,Yes,red,No,2,21,1110.9205,1
15,528344,1691,5,7,644,49,5.2,53,7.5,95.8,1.27,9,1,5,Yes,red,No,1,43,995.9705,0
16,611497,1308,1,2,200,52.7,8.2,20,5.9,97.4,1.63,9,2,8,Yes,green,No,3,33,525.7205,0
36,684697,1440,2,4,820,15.8,9.2,13,9.1,98.1,1.65,6,5,3,Yes,white,No,1,37,1498.5205,0
50,744531,1660,4,2,848,52.7,8.4,49,2.8,90.4,0.75,4,9,8,Yes,yellow,No,2,58,507.6705,0
52,904545,2415,3,3,905,43,7.8,8,1.8,98.8,1.97,5,10,10,Yes,white,No,3,6,1240.1205,1
56,729510,1620,4,3,421,36.2,7.5,21,8.4,93.4,0.77,3,10,10,Yes,green,No,1,27,1339.8705,1
57,563580,1266,2,7,200,41.2,7.1,94,1.5,94.7,1.35,9,5,7,Yes,yellow,No,3,55,479.1705,1
58,718123,2042,6,7,468,27.1,7.3,11,12.4,88.1,1.94,7,8,2,Yes,yellow,No,1,5,432.6205,1
64,662559,1944,6,3,550,11.7,9.4,68,0.8,94.9,1.51,5,5,3,Yes,blue,No,1,16,991.2205,1
69,1168370,2992,3,5,836,30.7,9.1,4,0.9,93.9,1.74,3,9,4,Yes,yellow,No,2,5,1237.2705,1
73,908366,2389,3,3,864,54.8,8.8,5,14.8,93.5,1.38,10,6,4,Yes,yellow,No,3,33,6.0705,1
76,771726,1666,4,5,532,23.2,8,12,6.9,88.3,1.38,3,2,5,Yes,yellow,No,3,57,528.5705,1
77,872172,1192,2,5,1002,22.5,8.9,6,0.5,94.5,1.25,4,6,1,Yes,red,No,3,62,387.0205,1
83,750479,1796,4,6,200,22.3,8.2,25,0.9,93.8,0.99,3,7,5,Yes,white,No,3,46,181.8205,1
86,987163,2733,3,5,1139,15.8,8.2,0,7.9,93,1.25,10,2,1,Yes,red,No,2,19,330.0205,1
92,902778,1928,3,1,1206,1.9,7.8,1,7.6,87,1.31,7,1,9,Yes,yellow,No,2,59,1137.5205,0
99,845563,2086,2,5,1208,7.5,6.6,15,4.2,95.3,0.97,3,3,6,Yes,blue,No,1,3,1071.0205,0
101,540549,1669,4,4,272,11.5,7.8,23,31.9,91.1,1.46,1,5,6,Yes,green,No,3,48,447.8205,1
102,670920,2499,4,3,894,46.2,7.3,52,20.9,93.3,1.32,8,4,4,Yes,white,No,2,32,708.1205,1
110,725395,1342,3,5,200,36.7,7.2,28,0.9,92.1,1.61,6,10,2,Yes,yellow,No,3,44,1514.6705,1
111,696184,1843,2,2,669,9.1,7.2,99,6.2,93.8,1.26,9,7,6,Yes,white,No,2,13,856.3205,0
115,820612,1836,4,3,1512,48.9,9,15,3.3,91,1.77,2,2,1,Yes,blue,No,2,59,545.6705,1
116,714166,1615,4,5,613,33.9,8.8,6,20.5,90.1,2.26,1,9,4,Yes,red,No,1,14,962.7205,0
120,516396,1735,1,3,321,48.2,5.9,45,17.9,89.5,1.26,5,6,5,Yes,blue,No,3,14,316.7205,0
121,675342,1536,5,3,1041,63.1,7.8,1,0.8,90.5,1.52,7,6,3,Yes,green,No,1,33,1538.4205,1
125,827212,2039,5,4,507,27.6,7.8,43,1.9,90.1,1.76,10,10,5,Yes,green,No,2,51,331.9205,1
130,968487,2089,2,3,200,41.2,8.8,60,7.9,94.6,1.27,9,1,7,Yes,white,No,3,60,356.6205,1
133,923657,2061,2,3,1128,2.1,9.5,26,1.9,92.4,0.86,9,8,10,Yes,white,No,2,12,1125.1705,1
140,660675,700,2,4,283,9,8.4,4,3.5,95.7,0.78,6,5,6,Yes,white,No,2,52,923.7705,1
152,752827,2241,5,2,1398,45.7,9.3,14,9.9,94.2,1.48,6,6,7,Yes,blue,No,2,-4,606.4705,1
156,1389920,3827,2,3,1229,19.8,9.6,3,0.5,96.9,0.5,1,3,4,Yes,red,No,2,32,1299.9705,0
157,528795,1612,3,5,1283,31.6,7.9,100,10.1,89.5,1.92,9,2,4,Yes,green,No,2,27,1462.4205,0
162,539806,1630,3,6,773,40.3,6.9,64,9.4,91.3,1.3,10,6,4,Yes,white,No,3,7,349.0205,0
168,1006940,3224,6,1,1670,57.8,6.7,0,2.4,94,1.59,10,2,2,Yes,yellow,No,1,12,1103.3205,1
171,907103,2262,3,4,1416,8.5,9.4,8,4.4,88.9,1.28,8,2,7,Yes,green,No,2,44,314.8205,0
172,745730,1017,2,4,382,34.6,7.5,0,16.7,87,0.56,9,8,10,Yes,yellow,No,1,-4,812.6205,1
179,871255,2433,2,5,1345,37.3,8.9,38,29.9,95.3,0.74,3,6,8,Yes,green,No,3,44,1029.2205,0
181,780734,1660,2,2,200,51.5,7.8,2,6.1,90.8,1.44,2,8,8,Yes,white,No,1,54,391.7705,1
186,849197,2272,1,6,1310,20.3,9.5,3,21.7,91.5,1.29,9,7,7,Yes,red,No,2,54,1417.7705,1
187,785796,1362,3,7,794,41.3,8.3,16,3,91.1,1.28,7,10,3,Yes,red,No,3,60,997.8705,1
192,646672,1960,2,5,445,28.5,8.9,20,16,88,1.62,5,5,7,Yes,red,No,2,18,170.4205,0
195,777653,1684,3,2,291,37.5,6.5,4,2.9,94.6,1.8,6,10,10,Yes,blue,No,1,-4,634.0205,1
197,937196,2152,4,3,1004,34.5,7.9,80,10.6,91.9,1.64,2,3,1,Yes,white,No,2,7,1368.3705,1
199,732732,1881,2,3,322,8,5.9,12,0.6,95.6,1.17,9,10,6,Yes,red,No,2,27,669.1705,0
207,915702,2945,5,6,515,43.4,9.8,11,19.4,93.2,1.63,10,5,8,Yes,blue,No,1,3,758.4705,0
211,620421,1455,6,4,291,25.5,5.2,3,2.6,89.7,1.5,7,8,3,Yes,red,No,3,38,255.9205,1
213,954096,2077,3,6,1007,43.1,9.2,2,10,92.5,1.04,1,3,6,Yes,yellow,No,3,18,668.2205,1
214,878330,2040,4,2,509,33,9.5,4,14.5,98.2,1.31,8,3,6,Yes,blue,No,2,13,310.0705,1
216,702094,1776,4,2,200,39.6,8.7,5,11,88.4,0.99,7,6,2,Yes,blue,No,1,22,1030.1705,1
219,817156,2318,4,5,813,23.1,7.6,5,1.7,93.8,1.25,9,8,3,Yes,yellow,No,1,24,1069.1205,0
225,632621,1750,5,7,366,56.4,6,53,0.6,86,1.59,8,10,5,Yes,blue,No,1,48,1461.4705,1
230,751656,1812,4,6,766,25.9,7.6,8,10,97,1.07,9,7,7,Yes,green,No,2,1,977.9205,1
248,592185,1231,2,3,676,75.4,9.4,23,2.4,98.6,1.02,10,10,7,Yes,yellow,No,2,53,1431.0705,1
249,639384,1328,2,1,1242,39.8,9.3,56,3.9,96.1,1.12,3,6,7,Yes,white,No,2,43,489.6205,0
256,753326,1996,3,4,404,47,8.2,17,9.9,89.7,1.17,2,1,6,Yes,green,No,2,32,667.2705,0
259,634859,1426,3,2,751,63.2,6.1,21,3.7,94.3,1.91,8,1,2,Yes,red,No,2,4,468.7205,1
264,700411,2059,5,5,634,60.5,8.1,29,9.8,92,1.03,6,9,8,Yes,red,No,1,50,653.9705,0
265,703909,1271,2,6,459,29.7,8.6,17,3.8,89.4,1.85,9,4,5,Yes,green,No,2,24,1336.0705,0
269,837318,2581,2,7,580,11.5,8.4,51,0.5,90.2,1.92,7,9,10,Yes,yellow,No,1,9,126.7205,1
276,863152,2367,1,4,607,13.5,6.5,15,8.3,94.3,1.69,2,3,6,Yes,white,No,1,54,1280.0205,1
277,626077,1785,3,3,480,47.4,6.2,14,19.9,96.3,0.92,5,7,10,Yes,white,No,2,0,1468.1205,1
279,607717,1227,1,2,207,6.2,6.8,20,1.5,91.7,1.64,8,10,3,Yes,yellow,No,1,21,296.7705,0
282,920414,1993,1,4,437,14.1,9.8,7,4.3,93.7,1.56,6,3,5,Yes,blue,No,1,15,1232.5205,0
289,741509,866,3,5,590,40.7,8.5,13,9.8,94.6,1.22,7,4,3,Yes,green,No,2,6,17.4705,1
293,839466,1729,2,6,922,24.1,8.3,23,10.3,89.3,1.56,3,3,9,Yes,white,No,3,30,1503.2705,1
294,833349,1974,1,5,765,15.6,8.3,8,13.7,97.3,1.05,9,3,10,Yes,green,No,2,26,962.7205,0
296,686104,1156,3,5,564,37.9,8.9,11,3.1,84.8,1.44,4,2,8,Yes,green,No,3,49,1344.6205,0
298,822333,910,3,1,579,6.8,9.5,1,1.1,89.3,1.18,7,2,7,Yes,white,No,1,49,1234.4205,0
299,519955,878,3,4,826,17.2,7.6,38,21.7,95,1.28,8,3,8,Yes,blue,No,2,47,673.9205,0
304,550146,1405,4,4,328,37.3,7.5,41,28.8,86.6,1.07,3,7,1,Yes,red,No,2,38,145.7205,1
305,704274,1642,3,5,836,29.5,5.3,3,13.7,99,1.22,7,4,3,Yes,blue,No,1,25,688.1705,0
306,603629,1030,5,6,348,9.4,8.3,42,1.5,88.8,1.44,9,10,3,Yes,green,No,2,4,79.2205,1
310,732903,1554,3,4,878,36,9.2,28,9.6,99,1.56,10,9,10,Yes,white,No,3,51,455.4205,0
319,921951,2242,5,1,939,27.5,7.5,11,15.3,97.4,1.25,9,8,5,Yes,blue,No,2,47,539.0205,1
323,729131,1339,5,5,455,46.3,9.1,45,6,94.1,1.33,8,6,1,Yes,red,No,3,19,153.3205,1
325,678665,1761,6,6,1334,30.5,8.7,48,4.1,93.6,1.4,4,8,1,Yes,red,No,3,-1,739.4705,0
328,1029026,2380,2,6,726,38.8,6.6,15,0.6,88.9,0.89,8,7,10,Yes,white,No,2,37,1386.4205,1
332,707338,1188,3,2,512,37,7.4,15,3.5,95.2,1.45,9,5,4,Yes,green,No,1,11,591.2705,1
333,879556,2211,5,2,782,47.9,7.4,9,1.7,86.9,1.45,3,8,10,Yes,blue,No,3,23,16.5205,1
334,833830,2236,2,2,1142,24.2,6,55,2.5,89.1,1.79,1,9,8,Yes,red,No,2,39,755.6205,1
348,759334,1496,3,2,1036,41,8.1,17,1.9,88.6,1.4,10,8,5,Yes,red,No,3,30,645.4205,0
355,808598,2722,2,6,900,39,7,48,13.4,92.4,1.42,9,3,4,Yes,green,No,2,59,743.2705,0
358,1012927,2509,5,1,733,28.4,9.3,41,0.5,92.6,1.09,10,10,8,Yes,green,No,2,53,526.6705,1
359,900383,1884,2,7,699,56.2,8.4,19,3.2,94.2,1.54,5,10,4,Yes,blue,No,2,12,1148.9205,1
360,882737,1713,2,7,616,27.8,9.6,10,0.5,94.1,1.44,10,7,9,Yes,blue,No,3,8,644.4705,0
363,702801,1415,5,6,200,33,8.3,9,8.2,92.9,1.49,2,7,10,Yes,white,No,2,44,695.7705,1
364,644865,1122,5,5,432,6,7.7,8,4.2,99,1.61,2,5,8,Yes,yellow,No,1,34,183.7205,0
368,835337,1777,2,7,724,35.5,7.9,30,9.5,87.6,1.06,5,4,10,Yes,white,No,1,51,1332.2705,0
374,721342,1953,4,5,611,28.8,6,21,5.8,87.4,1.26,9,6,7,Yes,blue,No,2,27,1111.8705,1
375,755597,1455,1,5,555,16.4,7.5,13,4.6,94.2,1.58,5,10,9,Yes,yellow,No,3,20,1162.2205,0
377,784113,1126,2,4,200,14.1,9,1,5.6,97.3,1.39,8,1,9,Yes,green,No,1,5,198.9205,0
378,842962,2094,2,5,740,27.5,8,26,3.9,95.4,1.46,10,4,7,Yes,blue,No,2,-4,636.8705,0
380,772879,2526,4,4,705,31.9,6.9,67,13.7,99,1.74,1,3,10,Yes,red,No,3,16,1010.2205,1
381,795923,2549,3,3,488,14.4,7,58,6.9,92.4,0.72,7,5,1,Yes,green,No,2,-3,1128.9705,1
386,660635,1525,3,3,200,35.6,9,5,20.1,97.3,1.18,3,8,2,Yes,blue,No,3,53,7.9705,0
390,836543,2249,6,1,625,20,8.5,2,6.6,85.1,1.56,10,1,6,Yes,white,No,2,43,1369.3205,0
403,708016,1256,5,7,423,39.9,9.2,11,0.7,98.8,1.24,7,6,9,Yes,blue,No,1,49,159.0205,0
409,790383,1977,3,3,455,23.1,7,6,3.1,86.7,1.22,10,4,5,Yes,green,No,1,20,309.1205,0
428,810510,1957,1,3,200,74.4,7.3,14,13.2,90.6,1.18,5,9,5,Yes,white,No,2,47,887.6705,0
429,761983,1146,5,1,864,29.6,7.5,72,11.9,99,1.36,9,9,4,Yes,blue,No,2,54,1086.2205,0
431,971472,2642,6,3,989,26.2,9.1,41,0.6,93.4,0.65,4,4,9,Yes,white,No,1,42,1030.1705,0
443,811640,1853,4,2,200,28.2,8.9,20,12.9,94.3,1.54,6,6,6,Yes,red,No,2,26,1146.0705,0
445,1166213,3319,4,2,858,11.8,7.2,5,3.5,90.3,0.85,7,10,3,Yes,blue,No,2,38,911.4205,1
449,938521,1573,6,5,1508,38.3,8.2,11,0.5,91.4,0.95,3,5,10,Yes,red,No,1,27,1081.4705,0
450,825710,2096,5,1,933,23.8,8.5,23,1.3,92.3,1.73,6,9,1,Yes,white,No,1,-3,543.7705,1
452,1108013,2791,5,2,1099,3.7,7.6,2,10,92.6,1.88,6,3,5,Yes,red,No,1,-2,1206.8705,1
461,752953,1610,2,1,330,17.1,7.8,8,6.8,91.3,1.48,6,3,2,Yes,blue,No,3,29,862.9705,0
464,683848,2006,3,4,731,47,9.5,35,13.7,92.2,0.96,2,8,6,Yes,white,No,1,57,1267.6705,0
468,1020778,2663,6,5,1190,14,8.5,1,0.5,95.1,1.62,7,8,7,Yes,red,No,3,17,401.2705,0
474,578273,867,4,6,200,12.9,6.9,73,5.9,95.4,1.15,4,3,8,Yes,white,No,2,-5,1060.5705,1
477,847964,2916,6,4,1329,51.3,7,2,15.8,96.8,1.17,6,3,2,Yes,green,No,1,42,677.7205,1
488,700088,1844,4,3,1033,50.9,9.2,28,2.8,99,1.18,7,9,9,Yes,blue,No,1,62,1152.7205,0
492,1011448,2286,5,6,390,4.6,9.3,7,5.5,89,0.73,9,8,8,Yes,red,No,3,14,711.9205,0
495,764420,1430,1,2,396,23.5,8.6,52,0.5,92.4,1.95,2,4,8,Yes,white,No,2,46,1473.8205,0
500,568942,1338,6,4,506,22.2,8.1,36,2.8,97.3,1.15,2,2,5,Yes,green,No,1,12,356.6205,1
1,681811,1552,5,5,465,27.5,7.6,8,8.1,95.8,1.41,1,10,6,Yes,white,No,3,55,663.4705,1
3,584951,960,5,6,1118,47.7,9.3,40,4.9,96.2,1.31,5,8,7,Yes,blue,No,2,45,1302.8205,1
5,880771,2326,5,3,1682,33.7,8.6,3,1.3,93.5,0.99,6,9,10,Yes,red,No,1,30,3.2205,1
6,486411,1152,3,4,229,39.8,8.6,77,18,89.1,1.64,4,8,3,Yes,yellow,No,2,34,558.9705,0
13,667243,1806,4,3,200,69.6,7.7,45,12.6,90.6,1.34,2,7,1,Yes,yellow,No,3,26,656.8205,1
16,648524,1505,6,4,504,35.8,7.8,15,7.8,94.9,1.82,10,10,2,Yes,white,No,1,6,462.0705,1
21,582886,1764,2,1,506,38.5,7,1,11,90.2,1.91,1,5,1,Yes,red,No,2,41,670.1205,1
24,492965,1028,6,4,720,53.9,5,16,9.3,91.2,0.65,4,8,9,Yes,white,No,2,24,152.3705,1
31,607107,1168,2,2,800,5.7,8,7,21.3,91.5,1.3,3,2,3,Yes,yellow,No,1,0,556.1205,0
33,808600,2325,2,1,1194,38.9,8,3,5.1,86.9,1.57,7,7,8,Yes,yellow,No,2,22,1273.3705,0
38,806112,1415,2,1,361,16.4,7.9,5,13.3,99,1.68,5,8,6,Yes,red,No,1,42,874.3705,0
44,724081,1354,1,6,202,23.2,7.7,3,7.4,92.4,1.33,3,2,3,Yes,white,No,2,45,1379.7705,0
51,919335,2323,4,6,913,22.7,7.6,53,5.5,91.3,1.75,9,7,4,Yes,red,No,2,11,1422.5205,0
52,930418,2035,2,5,417,18.3,8.8,0,0.5,95.8,1.02,7,10,2,Yes,yellow,No,1,-4,60.2205,1
53,714695,2029,2,1,426,12.8,7.5,41,3.3,93.1,0.74,4,4,3,Yes,white,No,1,58,510.5205,0
54,845487,1637,3,1,244,50.6,9.9,29,5.9,91.4,0.75,7,10,1,Yes,red,No,3,55,900.9705,0
56,689305,1216,2,7,756,30,9.2,1,1.9,91.4,1.19,6,6,3,Yes,green,No,2,20,261.6205,1
63,768685,1601,3,5,256,10.7,9.7,32,8,90.2,1.54,6,3,5,Yes,yellow,No,2,5,235.9705,1
69,613828,1787,2,6,279,12.1,7.8,91,7,89.7,1.82,2,3,3,Yes,red,No,2,60,1536.5205,1
71,733684,1191,3,7,378,15.1,8.7,45,8.5,90,1.3,9,1,2,Yes,red,No,2,0,179.9205,1
80,922269,3020,4,3,1291,11.1,7.4,61,4,85.6,1.35,4,5,7,Yes,green,No,2,21,1403.5205,1
95,667709,1729,5,5,570,45.7,6.6,10,1.9,93.5,1.21,7,1,7,Yes,white,No,3,33,45.0205,0
99,734290,1376,5,7,454,32.3,7.9,14,13.3,95.7,1.45,9,6,1,Yes,blue,No,2,55,1190.7205,0
100,650711,1843,1,1,726,20.3,4.9,23,2.7,95.2,1.46,2,10,3,Yes,red,No,2,48,1014.0205,1
104,738163,1850,6,6,499,47.3,6.8,12,2.4,96.2,0.68,3,10,2,Yes,yellow,No,2,32,396.5205,0
105,701037,2071,4,4,467,33.1,8,21,8.5,89.3,1.16,3,1,4,Yes,white,No,2,58,1404.4705,0
109,804549,1236,2,1,831,47.4,8.8,10,4.1,93.1,2.22,9,4,7,Yes,blue,No,2,31,1281.9205,0
111,687623,1521,1,4,257,11.4,9.3,25,3.1,90.8,1.59,6,4,5,Yes,white,No,2,7,409.8205,1
119,728343,1035,4,4,200,54,7.7,35,4.9,93.8,0.98,4,7,9,Yes,yellow,No,2,2,551.3705,1
126,837176,1417,6,4,406,18.9,8.3,1,5.2,97.7,1.28,2,1,8,Yes,white,No,2,9,1179.3205,0
127,605022,1636,5,3,624,47.8,6.1,38,18.8,92.2,1.3,10,6,10,Yes,white,No,2,33,958.9205,0
128,787121,1791,3,4,200,35.3,8.5,9,13,95.2,1.11,10,4,9,Yes,red,No,2,6,1159.3705,0
130,894296,1863,3,4,200,13.8,8.9,25,3.1,95.3,1.57,9,6,6,Yes,blue,No,3,16,1435.8205,1
139,594708,1413,4,1,200,5.3,9.5,26,8,91,1.77,2,2,5,Yes,green,No,3,39,1522.2705,0
144,697951,1561,5,3,531,56.3,7.2,6,10,91.2,1.23,5,4,2,Yes,green,No,2,9,1375.0205,0
149,898756,2338,5,6,1071,34.4,7.7,5,2.7,94.3,1.59,2,9,6,Yes,blue,No,1,60,174.2205,1
152,700386,1336,4,3,381,31.8,9.3,30,10.4,95.8,2.13,9,5,5,Yes,yellow,No,2,60,179.9205,0
155,732457,1328,3,3,667,21.4,8.5,26,2.3,98.9,1.18,4,9,3,Yes,white,No,3,12,1293.3205,0
157,855775,1889,6,4,1340,33.7,7.9,2,10.2,92.2,0.72,8,1,9,Yes,red,No,1,12,64.0205,1
158,1463110,4500,5,6,1835,32.5,8.7,1,3.2,93.9,1.45,7,9,10,Yes,green,No,3,13,1282.8705,0
160,697802,1212,5,2,220,7.9,8.2,17,13.9,89.7,1.02,1,10,6,Yes,white,No,1,3,998.8205,0
162,607945,871,4,5,200,38.3,8.2,22,9.9,89.2,1.31,7,2,10,Yes,green,No,2,8,290.1205,0
174,641076,1271,6,1,1110,42.8,8.7,40,14.7,98.2,1.5,10,9,4,Yes,red,No,3,33,847.7705,1
175,791145,2182,6,3,208,58.1,8.7,4,24.5,87.1,1.71,6,1,5,Yes,red,No,2,38,899.0705,0
188,837927,1940,2,3,617,2,9,21,12.3,92.1,1.88,8,7,5,Yes,yellow,No,1,42,316.7205,1
196,690776,1549,5,3,463,38.4,7,18,1,96.5,1.8,9,10,3,Yes,blue,No,3,46,303.4205,1
198,776825,1600,5,2,406,17.6,7.7,100,6.3,86.2,1.33,1,9,2,Yes,red,No,2,16,206.5205,0
199,716638,1338,1,4,504,55,7.6,1,2.6,93.5,1.88,8,4,2,Yes,blue,No,3,12,40.2705,0
206,924785,2404,1,7,743,45.3,8.3,3,10.6,91.1,1.58,10,4,7,Yes,red,No,3,41,1245.8205,1
207,1017131,2701,3,3,535,1.7,9.8,74,0.9,94.5,1.48,9,5,1,Yes,blue,No,2,5,1530.8205,0
210,758316,1840,1,4,852,22.2,7.8,38,4.2,92.1,1.38,3,10,7,Yes,blue,No,3,16,969.3705,1
211,762486,1869,5,4,602,24.1,8.7,47,2.1,90.7,1.77,2,10,2,Yes,blue,No,2,1,318.6205,0
212,636198,1234,2,4,1030,22.8,7,81,0.5,94.1,1.69,6,6,10,Yes,red,No,1,11,760.3705,0
214,673073,2070,4,2,671,52.4,7,9,3.2,92.6,1.62,10,9,2,Yes,white,No,2,23,115.3205,0
217,674985,1993,2,5,709,49.3,6.9,22,6.7,89.6,1.82,6,6,3,Yes,yellow,No,1,61,806.9205,1
218,699185,1507,4,3,401,43.3,6.7,11,4,87.5,1.67,5,3,1,Yes,blue,No,1,18,1273.3705,1
224,760129,1300,2,5,648,14.1,8.9,6,14.9,94,1.06,10,4,3,Yes,red,No,2,46,918.0705,0
230,906946,2517,4,6,1095,22.5,8,14,13.2,92.4,1.58,2,2,10,Yes,yellow,No,2,4,388.9205,1
241,798591,1737,2,7,445,15.7,9,18,0.9,89.2,0.74,5,8,4,Yes,green,No,3,44,911.4205,1
247,731039,1459,5,5,1043,5.2,8,11,12.3,92.8,1.15,8,5,1,Yes,yellow,No,1,13,989.3205,1
250,910140,2088,1,3,1008,17.5,6.5,4,7.1,95.6,2.13,2,10,6,Yes,green,No,2,9,348.0705,0
254,649100,1071,4,1,672,52.4,8.7,12,4.8,98.5,1.35,3,8,3,Yes,red,No,1,23,1348.4205,1
256,661073,1210,5,4,311,38.6,9.2,48,10.4,89.2,1.16,9,10,5,Yes,yellow,No,2,57,604.5705,1
259,604352,1019,6,1,713,49.8,7.3,28,0.9,92.4,1.22,4,1,8,Yes,blue,No,2,-3,805.0205,0
260,1118901,3654,2,1,1323,22.6,9.4,54,10.3,97.2,1.46,10,10,5,Yes,yellow,No,1,25,392.7205,0
261,965632,2790,1,7,732,9.9,5.9,4,2.2,92,1.35,4,3,7,Yes,blue,No,2,40,1114.7205,1
264,846874,2083,5,7,1047,25.3,8.9,7,13,88.5,1.19,3,7,8,Yes,green,No,2,57,858.2205,0
265,974452,2731,6,3,1073,19.4,7.9,30,2.6,98.4,1.23,5,9,10,Yes,white,No,1,40,1207.8205,1
266,583824,1352,4,6,340,23.6,7.7,7,2.6,88.9,1.62,7,9,5,Yes,yellow,No,3,24,1346.5205,0
274,931538,2299,5,5,200,5.9,8.1,70,1.2,94.7,1.42,10,9,2,Yes,white,No,2,-2,260.6705,0
279,753784,1372,4,3,738,6.2,7.7,4,14.7,99,1.07,3,9,10,Yes,blue,No,1,12,1421.5705,0
280,721679,1850,3,3,744,15,6.9,3,2.1,95.9,0.92,6,10,1,Yes,green,No,3,38,565.6205,0
285,920173,3172,4,3,978,33.4,9.4,3,18.7,93.3,1.36,2,8,3,Yes,green,No,2,13,907.6205,0
287,678721,1176,6,5,619,37.5,9.1,20,1.8,94.7,1.14,9,6,3,Yes,red,No,1,26,80.1705,1
294,571600,1305,5,7,359,32.7,9.3,65,5.2,85.5,1.77,5,5,4,Yes,white,No,1,6,728.0705,1
307,853794,1721,5,4,200,25.9,9.6,0,2.4,93.1,1.16,7,9,5,Yes,yellow,No,2,6,1529.8705,1
308,703407,1336,5,4,370,48.1,8.6,55,13.6,96.8,1.55,3,4,2,Yes,white,No,2,57,1465.2705,0
309,577253,1380,2,3,200,48.1,6.8,100,2.5,98,1.18,1,4,10,Yes,red,No,3,60,951.3205,0
313,694593,1358,4,2,346,60.5,10,3,3.1,87.9,0.87,9,5,3,Yes,red,No,2,8,356.6205,0
314,865721,1923,3,5,592,29.4,8,25,0.9,85.5,1.71,9,3,7,Yes,yellow,No,2,22,261.6205,1
316,846160,1643,2,7,523,8.6,6.4,10,3,95.4,1.76,3,4,6,Yes,green,No,1,22,466.8205,0
318,825334,1666,6,7,788,46.4,9.9,21,5.7,96.4,1.02,7,2,5,Yes,blue,No,2,29,1090.0205,1
319,798247,1682,2,3,789,79.4,8.3,4,1.9,97.7,1.56,4,7,6,Yes,red,No,3,16,130.5205,0
320,1016425,2175,1,5,1247,5,8,3,5.9,93.2,1.36,3,10,3,Yes,white,No,2,18,1057.7205,0
323,1076154,2631,2,7,1538,7.8,9.6,5,7.3,96.1,1.57,6,10,5,Yes,yellow,No,2,-3,173.2705,1
325,636653,1929,4,6,200,60.5,6.3,60,4.1,98.5,1.27,5,6,6,Yes,white,No,1,-1,850.6205,1
326,871843,1794,4,3,557,4.7,7.7,19,2.9,89.2,1.35,4,2,8,Yes,red,No,1,3,1395.9205,1
337,860454,1504,2,1,475,16.6,7.7,22,12.3,92.7,1.18,5,4,5,Yes,white,No,1,15,1048.2205,1
343,517930,992,1,5,520,43.5,8.8,20,16,94.4,1.38,10,2,6,Yes,green,No,2,42,365.1705,1
347,607100,1635,5,4,333,15.8,9.4,22,39.9,99,2.04,8,5,4,Yes,yellow,No,1,5,220.7705,0
348,551289,833,2,2,200,21.9,9.4,8,33.9,95.5,2.15,4,6,9,Yes,white,No,3,40,359.4705,1
354,855306,2704,2,3,1161,15.5,9.5,20,36.3,87.8,1.57,8,5,8,Yes,yellow,No,1,60,307.2205,0
356,840083,2462,4,4,1512,34.3,6,17,1.1,99,0.65,4,5,2,Yes,blue,No,3,32,1099.5205,0
358,755446,1311,2,5,565,28,8.4,14,2.5,93.8,1.76,1,1,1,Yes,yellow,No,1,22,179.9205,0
360,441188,1635,1,2,246,50.2,5.7,91,3.3,89.8,1.78,5,6,4,Yes,red,No,3,23,315.7705,0
379,865342,2227,6,4,873,40.6,6.9,22,7.7,96,1.23,2,2,1,Yes,red,No,3,8,1078.6205,1
383,719465,1310,2,6,1041,36.7,8.3,6,4.7,95.6,1.45,4,5,5,Yes,yellow,No,1,32,335.7205,1
386,896365,1815,6,5,725,9.3,8.5,1,5.4,93.2,2,8,9,9,Yes,green,No,2,59,437.3705,0
391,556963,1409,4,5,200,19.9,8.4,15,13.8,86.3,1.44,8,10,3,Yes,yellow,No,3,15,945.6205,0
392,912266,1905,3,3,1087,28.9,8.5,6,3.1,92.6,1.1,4,3,6,Yes,white,No,1,38,1279.0705,0
395,629959,1098,2,3,488,14.5,8.9,29,10.6,84.7,1.29,4,1,2,Yes,white,No,1,51,556.1205,0
396,678834,2384,6,4,629,24.5,7.4,79,10.3,95.1,1.64,9,5,9,Yes,red,No,2,62,1277.1705,0
400,858427,2007,5,2,789,35.5,8.7,30,3.9,93.1,1.7,9,3,9,Yes,yellow,No,2,16,442.1205,0
410,1026030,2663,1,1,1330,12.4,8.7,26,0.5,92.2,1.21,7,6,4,Yes,yellow,No,2,55,656.8205,0
411,656403,1497,3,4,632,49.5,7.5,11,9.5,89.2,1.25,2,8,10,Yes,red,No,2,6,444.9705,1
414,880228,2446,3,4,676,37.7,7.4,3,7.2,92.5,0.95,10,2,3,Yes,blue,No,3,3,500.0705,0
415,751138,1404,4,1,336,16,7.1,3,7.1,95.7,1.45,9,10,6,Yes,yellow,No,2,36,1400.6705,1
418,696149,901,6,7,714,6.9,6.9,37,4.5,90.1,1.37,7,8,5,Yes,green,No,2,-5,976.9705,1
422,485166,1187,4,3,200,9.5,4.8,80,7.5,88.8,1.03,7,8,9,Yes,green,No,3,32,1242.9705,1
426,945803,2264,2,2,1493,11.1,8.3,30,0.5,96.2,1.24,7,7,5,Yes,green,No,2,32,530.4705,1
427,859221,2522,1,6,729,35.8,8.1,32,35.4,92.7,1.08,9,10,2,Yes,green,No,3,10,3.2205,1
437,847943,1764,3,3,704,8,9.7,85,1.1,91.8,0.5,6,6,7,Yes,blue,No,2,60,1397.8205,1
439,903876,2029,6,4,611,41.3,8.4,17,5.6,96.2,1.31,5,3,6,Yes,white,No,2,-6,883.8705,0
445,915674,2345,5,5,676,16.2,7.3,4,4.4,85.4,1.22,6,5,5,Yes,white,No,2,34,150.4705,1
448,1062802,3342,4,3,864,11.5,7.2,19,4.1,98.1,2.04,5,5,3,Yes,blue,No,3,42,777.4705,0
455,941066,2533,4,7,653,34.1,8.2,1,6.1,90.9,0.97,7,7,2,Yes,green,No,2,52,457.3205,0
461,848473,1777,3,5,225,13.8,7.4,8,1.4,97,1.53,2,5,6,Yes,blue,No,1,26,967.4705,0
462,951687,2267,4,5,967,12,7.4,8,24.5,92.7,1.41,9,10,4,Yes,blue,No,3,29,20.3205,1
463,955020,2636,2,4,972,22.5,9.3,11,7.4,90.7,1.44,4,9,1,Yes,yellow,No,3,-6,465.8705,1
465,392993,904,4,7,954,27.2,4.8,57,24.7,90.1,0.99,10,8,7,Yes,blue,No,3,36,726.1705,0
474,779167,1511,3,3,471,16.6,8.1,2,2.6,93.6,1.1,1,8,9,Yes,white,No,2,18,1160.3205,1
481,1212420,3574,4,4,950,40.7,9.6,2,6.8,91.1,1.73,3,9,7,Yes,yellow,No,2,10,1392.1205,0
484,916313,1823,6,6,761,3.3,7.6,22,3.5,89.7,1.37,4,6,1,Yes,white,No,3,62,502.9205,1
491,733006,1559,6,4,705,17.3,8,39,3.3,98.2,1.55,2,2,6,Yes,red,No,1,46,1293.3205,1
492,1070983,2574,3,3,862,6.3,6.3,24,2.1,99,0.95,1,5,2,Yes,yellow,No,3,38,543.7705,0
494,1211144,3731,5,7,1534,4,8.5,29,0.5,96.3,1.22,9,7,2,Yes,red,No,2,17,735.6705,0
497,843001,1721,5,2,374,20.5,8.7,14,0.7,93.1,1.57,1,3,3,Yes,red,No,2,60,1265.7705,1
498,751379,1433,5,2,1313,44.5,7.3,12,0.7,92.2,1.29,1,5,8,Yes,white,No,1,29,1110.9205,1
499,703226,835,1,4,496,6,8,9,6.5,92.5,0.88,3,8,8,Yes,green,No,3,-3,483.9205,1
500,1109960,3151,5,5,1339,5.7,9.2,16,39.6,93,0.9,9,3,7,Yes,yellow,No,1,55,1276.2205,0
2,818076,2169,5,2,765,40.7,9.1,60,0.8,87.5,1.08,7,7,4,Yes,red,No,2,6,660.6205,1
9,630245,1662,5,4,586,64.2,9.3,12,19.8,95.5,1.87,7,1,1,Yes,white,No,2,55,9.8705,0
11,889403,1887,5,2,384,39.7,7,2,2.1,93.1,1.26,9,4,2,Yes,yellow,No,2,23,417.4205,0
16,633597,1058,2,6,511,48.2,8.6,12,9.5,88.4,1.74,8,8,2,Yes,white,No,2,55,824.9705,1
21,818226,1386,2,6,662,16.9,7.5,2,2.8,90.8,1.77,10,5,7,Yes,blue,No,2,44,122.9205,1
26,787048,1453,4,4,976,25.5,8.6,25,5,87.5,1.64,9,6,7,Yes,yellow,No,2,52,529.5205,0
30,797932,1732,4,6,388,9.1,9.9,1,7.1,97.2,0.96,2,10,10,Yes,red,No,2,-1,767.9705,0
31,932660,2829,2,4,879,20.5,6.9,70,3.9,94,1.03,10,1,1,Yes,green,No,2,48,768.9205,1
32,772911,1385,5,5,490,42.4,6.9,35,10.1,94.7,1.09,4,9,9,Yes,white,No,2,7,370.8705,1
33,898410,2853,2,7,1313,44.5,6.7,22,1.4,87.8,1.84,6,10,9,Yes,red,No,1,17,313.8705,1
39,660546,1169,4,5,200,49,9.3,8,0.9,97,1.73,2,2,2,Yes,green,No,2,39,1301.8705,0
40,792969,2512,4,4,437,13,8.7,32,4.9,92.5,1.94,9,5,8,Yes,yellow,No,3,51,482.9705,0
46,525883,1003,4,6,200,45.6,8.4,3,8.2,95.8,0.63,3,7,10,Yes,yellow,No,2,4,398.4205,0
47,982727,3671,3,7,1467,26.7,8.7,35,23.8,88.9,1.63,9,5,10,Yes,green,No,3,30,535.2205,0
51,648457,1281,3,1,200,46.6,8.3,29,5.4,95.9,1.96,6,5,10,Yes,blue,No,2,6,887.6705,1
62,764115,1784,3,2,200,24.9,8.8,12,3.2,93,1.35,1,10,10,Yes,yellow,No,2,45,1324.6705,1
67,755034,2634,5,5,669,23.5,6.2,18,18.3,95.4,1.61,8,1,6,Yes,white,No,2,7,598.8705,0
79,671484,1123,4,6,631,4.3,7.7,5,5,90.6,1.07,7,3,9,Yes,blue,No,2,26,577.0205,1
96,554322,978,2,4,200,41.9,7.9,3,1,98.2,1.37,10,6,9,Yes,blue,No,3,42,924.7205,1
100,836487,2114,1,2,897,34.1,8.1,60,7.1,93,1.11,2,2,2,Yes,white,No,1,-6,1205.9205,1
102,1078713,1736,4,4,1268,19.2,9.6,10,0.9,88.3,1.74,2,7,3,Yes,green,No,1,3,913.3205,0
109,889290,2465,5,7,773,18,8.6,20,1.8,88.7,1.67,3,5,8,Yes,yellow,No,2,19,1099.5205,0
111,991271,2267,4,6,1566,22.3,9.1,4,0.8,99,1.5,4,4,1,Yes,blue,No,2,30,1517.5205,0
127,621944,2019,3,3,553,33.2,8.6,10,1,91.7,1.7,10,5,10,Yes,white,No,2,26,867.7205,1
131,709454,1389,2,3,241,4.7,7.8,7,6,86.9,1.17,9,9,2,Yes,red,No,2,44,1544.1205,0
133,647894,1898,2,4,591,39.1,6.7,2,11.3,87.7,0.82,4,9,4,Yes,red,No,2,11,1396.8705,1
134,746945,1998,3,4,513,60.3,9.1,21,3,90.8,1.49,1,7,2,Yes,red,No,2,51,731.8705,1
137,1190664,3734,2,1,1527,39.7,7.9,5,0.5,95.7,1.67,10,9,7,Yes,blue,No,3,57,64.0205,1
141,958535,2370,3,7,1545,10.6,8.8,1,5.5,92.3,1.48,7,3,10,Yes,blue,No,2,42,367.0705,1
148,1026402,3116,2,1,768,13.5,7.2,7,1.5,87.6,1.62,8,9,4,Yes,white,No,2,27,1423.4705,0
151,847551,1692,1,4,1028,8.9,7.8,44,12.1,91.7,0.84,2,2,4,Yes,green,No,3,0,1366.4705,0
152,781319,1853,3,3,244,22.5,9.1,9,13.2,88.8,1.15,8,6,2,Yes,white,No,2,22,1337.9705,0
157,1062082,2564,2,1,972,19.9,8.3,3,6.8,93.1,1.56,9,1,2,Yes,red,No,2,29,1280.0205,0
158,771678,1772,6,6,297,41.6,8.6,5,3.7,95.9,1.29,8,6,10,Yes,red,No,3,1,1500.4205,0
167,750707,2295,3,2,839,27.8,7.4,36,6.3,93.8,1.57,6,6,4,Yes,green,No,1,10,1015.9205,1
169,561829,982,1,2,200,38,8.5,3,14.4,90.9,0.5,4,4,7,Yes,blue,No,1,13,840.1705,0
170,994584,2871,5,4,690,21.6,8.9,21,4.3,90,1.39,9,10,6,Yes,green,No,3,49,1263.8705,0
177,695693,1917,5,3,529,46.8,7.7,30,1.6,85.4,0.79,3,2,3,Yes,green,No,1,19,377.5205,1
180,715219,1512,3,4,200,36.4,8.6,17,13.7,94.3,1.45,10,2,3,Yes,blue,No,3,19,545.6705,1
183,729318,1265,3,5,771,15.6,8.3,34,0.5,93,1.41,6,8,1,Yes,white,No,2,-2,1141.3205,1
188,769897,1512,5,7,317,13.6,6.9,16,5,92,1.55,5,5,3,Yes,white,No,2,2,1231.5705,0
190,883276,1697,5,7,402,18.6,8.6,1,5,90.1,1.63,6,5,4,Yes,blue,No,2,37,1225.8705,1
193,714018,2022,3,6,333,10,6.8,10,14.6,94,1.86,4,10,4,Yes,yellow,No,2,41,684.3705,1
194,583266,1248,2,7,775,42.2,6.6,27,9.7,94.2,1.04,8,7,8,Yes,red,No,2,33,603.6205,1
198,760074,1387,3,3,215,30.5,8.7,47,1.5,94.3,1.41,2,2,10,Yes,red,No,2,-4,1457.6705,0
199,904437,1735,4,6,991,26.1,8,14,0.6,95.8,0.87,2,6,8,Yes,yellow,No,1,33,425.0205,0
205,866567,1596,3,3,200,49.5,8.8,0,0.8,90.3,1.22,1,2,2,Yes,green,No,2,6,647.3205,0
206,500003,867,4,5,882,32.4,8.4,14,3.4,95.9,1.88,3,1,8,Yes,red,No,2,61,560.8705,1
209,826830,1373,1,3,787,14.2,5.1,4,2.2,94.2,1.16,6,10,7,Yes,blue,No,2,17,530.4705,1
216,849648,1551,1,3,200,11.6,8.7,11,18.2,97.1,1.78,4,10,6,Yes,blue,No,1,41,1313.2705,0
219,869272,2187,5,2,678,47.9,8,46,1.4,88.5,1.85,1,4,2,Yes,yellow,No,2,22,995.0205,1
222,919097,3289,2,5,1498,41.6,7.6,2,12.8,93.9,0.63,9,10,10,Yes,yellow,No,2,16,981.7205,0
223,835502,1376,6,1,638,29.3,6.9,19,6.1,96,1.59,4,2,9,Yes,green,No,3,21,860.1205,1
224,655128,1457,2,7,200,29.5,7,1,5.2,89.6,1.17,3,9,7,Yes,yellow,No,2,43,99.1705,0
227,384932,831,4,3,422,61.3,6.7,14,13,91.5,1.56,5,2,9,Yes,red,No,3,44,25.0705,1
228,944391,1660,6,4,710,29.8,8.8,2,0.8,96.3,0.67,10,1,5,Yes,red,No,2,55,1020.6705,1
230,729631,1767,2,6,764,17.8,8.7,1,9.7,91.2,1.24,10,5,3,Yes,white,No,2,20,834.4705,0
236,782188,1631,2,5,200,42.6,7.2,24,0.9,95.6,1.48,1,5,10,Yes,green,No,2,19,671.0705,0
239,914250,1445,2,3,200,10.8,9.1,29,11.1,92.5,1.49,7,7,8,Yes,red,No,1,52,1339.8705,0
241,957639,2026,6,1,899,41.3,7.9,4,14.1,92.8,1.83,7,5,6,Yes,white,No,2,3,359.4705,1
246,689557,2047,5,4,752,37.2,8,92,3.7,99,0.92,5,10,8,Yes,blue,No,2,-3,82.0705,1
249,812131,1789,6,4,665,11.9,8,22,14.7,93.7,1.27,10,2,1,Yes,white,No,3,12,331.9205,1
250,664792,1279,1,3,200,29.6,6.2,4,6.1,91.5,1.75,4,4,1,Yes,blue,No,2,54,919.9705,1
253,1120818,2929,4,2,1036,29.6,8.1,13,7.1,90,1.04,8,2,3,Yes,white,No,1,1,584.6205,1
254,687589,1120,4,4,200,6.8,9.4,20,6.4,91.5,1.17,5,6,3,Yes,blue,No,2,33,571.3205,0
262,788251,2157,3,2,907,33.2,8.6,48,7.8,87.7,1.45,6,10,7,Yes,white,No,2,27,737.5705,1
270,405111,1020,4,3,200,14.3,8.3,16,27.7,91.5,1.61,1,6,9,Yes,white,No,2,58,1334.1705,1
283,913207,2112,4,5,724,18,8.6,37,6.2,87.8,0.88,9,1,4,Yes,blue,No,2,29,231.2205,0
288,1163271,3552,6,5,1097,15.5,9,11,1.3,88.3,1.68,7,2,9,Yes,green,No,2,59,25.0705,1
295,832980,1629,3,2,804,10.9,7.4,7,1.1,92.3,1.33,2,5,2,Yes,green,No,1,48,303.4205,1
297,1164584,4500,3,5,1926,48.1,8.1,33,6.2,91.6,1.9,7,4,10,Yes,green,No,2,43,1055.8205,0
312,1106602,2982,5,2,1283,12.6,9,3,11.3,90.3,1.03,9,7,5,Yes,red,No,1,34,232.1705,1
317,735641,1353,3,6,200,23.4,9.2,15,8.8,98.5,0.84,5,9,6,Yes,yellow,No,2,25,53.5705,1
324,825289,2737,5,5,1127,32.1,7,100,4.5,89.9,1.32,10,7,6,Yes,green,No,2,53,1264.8205,0
328,723125,1822,3,3,1183,33.9,8.3,37,5.3,96,1.46,2,5,9,Yes,green,No,2,47,1494.7205,0
330,990766,2899,3,1,720,16,9,13,3.6,93.1,1.68,10,10,2,Yes,yellow,No,2,27,1483.3205,0
334,900628,2399,2,2,1006,6.6,7.1,26,0.5,90.3,1.79,4,5,9,Yes,green,No,1,43,1248.6705,0
339,538791,1171,4,4,520,35.4,6.2,7,8.8,96,1.55,4,6,9,Yes,yellow,No,2,31,456.3705,0
340,699664,1464,2,3,794,34.4,6.6,3,14.1,88.7,1.51,8,10,4,Yes,red,No,2,31,1483.3205,1
350,685178,1477,2,3,533,26.5,8.8,25,4,93.5,1.3,8,10,1,Yes,green,No,2,38,1138.4705,0
353,1018483,2230,2,2,1038,40.7,8.6,6,6.5,90.8,1.24,9,7,2,Yes,white,No,2,40,698.6205,0
356,577176,959,4,7,376,41.4,8.5,11,4.2,93,0.89,6,1,1,Yes,green,No,1,0,672.0205,1
363,684185,1601,5,4,447,30.7,6.1,6,12.7,92.6,1.2,7,10,6,Yes,white,No,3,16,181.8205,1
374,790992,1309,5,2,803,17.7,6.8,7,0.8,96.1,1.48,2,7,8,Yes,blue,No,1,38,1425.3705,0
375,994459,2809,3,1,1198,8.8,7.4,22,2.6,92.5,1.28,3,6,4,Yes,white,No,2,22,1217.3205,1
376,682898,1277,4,1,321,30.1,5.6,6,0.9,94,1.33,7,3,3,Yes,yellow,No,3,16,71.6205,0
395,839067,2108,4,2,475,18.7,7.3,11,8.4,94.9,1.5,9,7,2,Yes,red,No,1,15,879.1205,1
397,722912,1039,2,3,616,16.9,8.8,10,8.3,90,1.16,8,4,3,Yes,blue,No,3,31,900.9705,0
402,431504,745,6,3,354,29.5,5.3,3,5,89.7,1.67,1,2,1,Yes,blue,No,2,55,554.2205,1
406,689174,1571,5,2,946,28.6,9.3,63,10.9,97,1.2,3,3,4,Yes,blue,No,2,29,697.6705,1
411,599725,2149,3,5,627,8.5,9.3,21,40,94.3,0.5,9,6,6,Yes,red,No,1,43,847.7705,1
412,575099,1746,4,5,200,44.8,8,28,27.9,87.7,1.57,7,3,10,Yes,red,No,2,60,600.7705,0
416,596028,1317,4,3,200,19.6,7.3,8,14,90,1.19,2,3,4,Yes,yellow,No,2,48,62.1205,1
417,968330,2380,1,1,1182,0.9,9.6,12,14.7,99,1.44,7,7,8,Yes,red,No,3,32,637.8205,1
421,875856,2790,4,4,928,35.5,7.6,7,3,92.3,1.57,5,8,4,Yes,white,No,2,35,1273.3705,0
426,566101,1332,5,3,367,41.5,8.3,14,6.9,94.9,1.38,7,7,6,Yes,blue,No,1,25,336.6705,0
430,749149,2073,3,6,757,12.4,7.4,33,20.6,92.4,1.5,4,5,4,Yes,blue,No,1,17,1215.4205,0
432,716177,1362,3,5,200,61.7,8.4,26,2,99,1.73,6,8,4,Yes,blue,No,1,52,1190.7205,1
434,747803,801,3,4,960,31.5,8.7,19,3.7,98.3,1.57,4,5,10,Yes,blue,No,3,30,444.9705,0
439,984196,2783,1,5,712,36.8,7.6,30,2.8,93.8,0.97,8,9,3,Yes,blue,No,3,23,737.5705,0
441,771798,1134,2,4,299,42.1,9.4,13,5.9,92.6,1.15,1,10,8,Yes,green,No,3,60,363.2705,0
442,1013921,2358,3,4,865,61.4,9.5,8,0.5,98.8,1.52,5,10,4,Yes,red,No,1,33,781.2705,0
444,527433,1048,6,2,200,60.7,6.4,41,8.2,93.8,1.62,3,2,7,Yes,blue,No,2,61,212.2205,1
447,681471,1458,2,3,539,52.3,6.2,12,9,95.6,1.91,2,10,4,Yes,red,No,2,0,818.3205,0
459,791449,1540,6,3,316,14.5,9.1,24,8.4,92.5,1.41,10,7,6,Yes,green,No,2,47,1340.8205,0
461,513400,1354,6,3,694,48.5,6.9,59,4.1,92.8,1.34,5,7,7,Yes,green,No,2,53,1250.5705,1
462,1085158,3761,1,4,1272,14.2,8.8,47,3.6,93.2,1.18,3,10,7,Yes,red,No,2,1,1206.8705,0
464,671427,1112,4,5,376,22,8.8,17,0.7,96.2,1.24,6,2,2,Yes,yellow,No,1,55,1458.6205,1
473,795283,2288,6,3,1254,32.5,8.3,2,16.7,94,1.33,2,1,5,Yes,yellow,No,3,47,311.0205,1
474,282017,847,5,6,200,67.8,7.6,69,7.7,91.7,1.55,8,10,10,Yes,red,No,2,2,197.9705,0
478,758243,2239,3,3,912,12.2,6.5,78,7.3,99,1.07,8,10,7,Yes,green,No,2,10,438.3205,0
481,584014,1269,5,7,200,45.5,6.2,77,4.7,96,0.98,9,7,2,Yes,white,No,3,41,1084.3205,0
482,1066397,3177,4,5,1000,42.8,8.2,6,5.9,93.7,1.44,5,5,4,Yes,yellow,No,2,6,714.7705,1
486,702392,1475,5,5,520,7.8,9.3,31,14.7,95.3,1.29,9,9,3,Yes,yellow,No,2,8,189.4205,0
487,698100,1362,3,1,877,22.3,7.7,5,12.3,93.7,1.09,1,7,10,Yes,white,No,3,14,981.7205,1
489,725934,2096,6,4,1032,53.8,8.8,32,19.4,95.4,1.41,6,2,9,Yes,green,No,2,16,997.8705,1
492,803278,2004,2,3,1021,8.2,6.7,11,1.8,93.5,1.17,3,4,5,Yes,yellow,No,2,47,548.5205,1
493,761117,1269,5,5,518,44.1,8.1,1,4.6,92.7,1.29,10,6,9,Yes,yellow,No,3,26,1147.9705,1
495,1011301,2435,2,4,746,24.7,8.7,10,8.2,91.5,1.12,9,5,2,Yes,yellow,No,2,46,682.4705,1
1,711418,1219,6,2,376,7.5,7.2,22,1.8,97.9,0.96,4,8,2,Yes,red,No,2,4,251.1705,0
2,718567,1443,3,1,494,2.9,7.7,32,9.5,87.8,1.49,7,3,10,Yes,blue,No,3,35,243.5705,1
3,641760,1294,3,5,475,61.5,8,12,0.5,93.2,1.82,8,2,3,Yes,green,No,3,28,913.3205,1
4,697221,1486,5,3,852,10.4,6.9,3,6.4,96.2,1.73,7,2,8,Yes,red,No,3,34,1362.6705,0
8,580620,1033,4,6,200,20.6,7.3,22,8.3,95.4,1.3,2,5,2,Yes,blue,No,1,13,574.1705,1
10,627279,1343,3,4,300,3.7,7.5,10,14.3,94.1,2.02,1,5,8,Yes,red,No,2,62,886.7205,0
20,1015693,2522,2,2,809,24.4,7.2,51,2.6,92.2,1.54,7,3,3,Yes,blue,No,1,-3,1292.3705,1
21,862070,1964,3,3,927,31.5,9.8,39,0.5,96,1.66,5,8,5,Yes,green,No,2,26,1014.9705,0
22,911930,2070,5,7,772,14.6,8.5,24,7.6,92.2,1.71,2,5,7,Yes,white,No,1,-4,316.7205,0
24,683807,1635,4,1,200,53.7,8.8,7,7.5,91.8,2.02,9,1,9,Yes,yellow,No,3,5,704.3205,0
32,730599,1551,2,6,200,57.9,7.8,25,0.5,97.6,1.29,1,7,9,Yes,blue,No,3,60,1343.6705,1
38,560787,995,5,5,200,59.1,9.4,25,6.5,89.6,1.23,3,3,6,Yes,yellow,No,1,50,233.1205,0
39,851472,2399,2,4,444,11.9,9,53,5.3,89.3,1.39,4,4,1,Yes,yellow,No,2,29,193.2205,1
41,1025232,2514,5,7,738,4.9,6.6,0,5.9,98.8,1.65,8,5,10,Yes,red,No,2,22,870.5705,1
50,823558,1332,4,3,604,6.8,6.9,15,2.9,94.3,1,5,1,4,Yes,red,No,2,47,564.6705,0
51,825964,2915,5,3,978,53.7,5.6,15,0.8,89.6,1.14,8,9,6,Yes,green,No,2,4,1164.1205,1
53,932405,1585,5,2,219,15.4,8.7,8,7.3,90.6,1.94,7,4,6,Yes,blue,No,1,58,254.0205,1
56,780488,3043,2,4,632,12,6.7,0,11.3,88.2,1.85,8,10,5,Yes,yellow,No,2,42,935.1705,0
62,866925,2318,5,2,825,11.2,8.9,42,0.7,88.9,1.04,6,9,3,Yes,green,No,2,48,395.5705,1
74,860181,2109,5,4,1304,20.3,8.2,18,11.6,91.1,1.34,8,8,2,Yes,red,No,3,17,826.8705,1
76,668060,1374,4,4,213,26.8,9.6,15,13.6,89.8,1.9,10,9,6,Yes,red,No,3,37,224.5705,1
80,913067,2874,5,3,887,12.1,7.4,8,7.2,95.3,0.74,7,3,6,Yes,red,No,2,53,483.9205,1
92,998384,1860,2,6,451,20.1,8.4,5,2.1,96.2,1.46,2,8,9,Yes,green,No,1,30,970.3205,0
96,874405,2331,4,1,1229,17.4,7.4,44,1,91.3,1.94,5,10,10,Yes,green,No,1,50,928.5205,1
98,683349,1856,5,3,914,25.7,6.4,100,8.8,92.3,1.53,4,9,4,Yes,green,No,3,62,596.9705,1
101,816380,1465,2,5,1028,31,9.1,1,1.1,90.3,1.35,9,4,3,Yes,green,No,3,3,453.5205,0
102,804990,1951,2,5,200,12.1,9.4,21,20.8,94.1,1.55,3,9,10,Yes,green,No,3,36,934.2205,0
105,773515,1316,3,3,671,23.2,8.8,57,3.3,90.4,1.89,3,5,2,Yes,red,No,3,30,1319.9205,1
111,1106680,2591,5,3,1543,24.4,9.6,24,3.6,97.8,1.35,10,3,10,Yes,yellow,No,3,15,1253.4205,1
118,677456,1343,5,5,299,29.6,9.4,70,1.7,98.7,2.34,7,5,8,Yes,white,No,1,6,90.6205,0
119,754011,2184,2,5,534,61.8,6.9,7,6.9,93.4,1.58,2,2,1,Yes,green,No,2,18,679.6205,1
122,760479,1896,6,5,715,22.4,8.6,8,1.2,88.1,1.08,3,5,6,Yes,white,No,2,22,1476.6705,0
123,691314,1379,4,4,690,8,9.1,9,11.4,95.5,1.19,5,7,4,Yes,yellow,No,1,53,467.7705,0
125,887756,3075,3,3,1056,21,9,42,2.2,94,1.78,1,3,5,Yes,yellow,No,2,19,1082.4205,0
132,674689,1486,5,6,200,35.6,7.9,63,4.5,90.4,1.74,3,2,10,Yes,green,No,3,8,1229.6705,1
135,524913,1359,5,6,601,31.2,8.5,29,5.1,89.7,1.41,4,2,2,Yes,yellow,No,3,-5,1091.9205,0
137,1035676,2636,2,5,735,19.7,8.9,6,6.2,89.2,1.39,4,9,7,Yes,red,No,2,47,385.1205,1
142,793979,1771,2,3,267,26.4,6.5,2,6.1,94,1.46,9,5,1,Yes,yellow,No,2,51,430.7205,0
148,734627,1580,2,5,609,26.9,8.8,25,1.9,93.3,1.24,5,1,1,Yes,red,No,1,48,77.3205,0
154,926270,1327,3,4,722,17.7,9.8,4,2.8,89.1,1.61,1,10,2,Yes,blue,No,2,9,497.2205,1
155,881871,2320,1,2,429,25,9.4,100,9.2,91.7,1.24,3,10,10,Yes,red,No,1,34,530.4705,0
164,640832,1053,6,3,1101,34.1,8.7,3,1.3,90,1.47,3,3,6,Yes,yellow,No,2,18,330.9705,0
168,825025,1706,4,2,424,20.1,8.8,7,5.4,98.1,1.38,1,10,8,Yes,red,No,3,22,341.4205,0
171,585974,1321,4,3,413,44.5,4.7,16,6.6,99,1.03,3,5,2,Yes,blue,No,3,28,1535.5705,0
175,931428,2026,5,2,1480,30.7,8.7,8,5.5,94.8,1.23,6,3,4,Yes,red,No,2,57,1118.5205,0
186,726489,1385,5,5,394,33,8.1,3,3.3,95.1,1.03,6,8,4,Yes,yellow,No,2,53,448.7705,0
192,813330,1235,3,6,200,19.8,9,15,5,98,1.07,9,7,3,Yes,yellow,No,3,36,53.5705,0
193,713142,1422,2,4,537,1.7,7.2,21,15,92.9,1.27,10,2,3,Yes,blue,No,3,58,1098.5705,1
197,675200,1091,3,6,544,26.9,8.6,22,1.4,92.5,1.43,3,8,9,Yes,green,No,3,-6,465.8705,1
198,775838,1523,5,5,504,14.3,9.3,8,1.4,92.6,0.86,4,1,7,Yes,white,No,3,-5,395.5705,1
204,996672,3460,3,5,1443,4.8,4.5,24,14,94.7,1.24,8,4,4,Yes,yellow,No,1,45,1525.1205,1
207,664094,1565,2,6,720,42.4,9.3,24,16.1,93.8,1.29,1,6,5,Yes,green,No,1,11,22.2205,1
213,713873,1523,4,3,810,51.5,8.1,11,3.4,93.3,1.62,4,2,10,Yes,yellow,No,2,46,804.0705,0
220,1104161,2908,4,3,1326,8.6,8.3,4,2.4,95.2,1.08,7,6,4,Yes,green,No,3,35,411.7205,0
221,996464,2739,4,6,1021,12.4,7.2,10,1.1,88.1,1.25,2,8,8,Yes,yellow,No,1,-2,319.5705,1
227,737501,1093,2,5,573,13.8,8,13,3.9,95.7,1.48,1,8,4,Yes,blue,No,1,53,1091.9205,0
229,974263,2406,2,7,723,23.4,8.1,42,2.6,94.7,1.26,8,6,8,Yes,blue,No,2,5,718.5705,0
235,730757,1666,4,2,883,23.2,9.1,31,24.7,92.4,1.68,2,10,3,Yes,yellow,No,1,11,749.9205,0
251,783641,1475,3,3,641,54.4,8.8,12,5.9,94.4,1.41,4,5,5,Yes,red,No,2,51,869.6205,0
255,674535,1572,5,7,338,44.4,6.8,46,4.3,96.3,1.05,6,4,7,Yes,green,No,1,60,579.8705,1
259,777104,1267,2,4,200,35.2,8.8,9,2.8,87.1,1.6,1,10,1,Yes,blue,No,1,63,1378.8205,1
261,881395,2955,5,4,780,30.6,6.5,47,0.7,90,1.23,7,6,3,Yes,green,No,2,4,1381.6705,1
266,786353,1890,4,4,1304,27.5,8.4,36,7.1,89.9,1.02,6,7,9,Yes,white,No,3,0,722.3705,0
267,941178,1847,2,5,792,52.9,9,15,2.6,89.3,1.57,5,4,8,Yes,red,No,2,37,658.7205,0
272,759313,2334,2,4,829,22.5,7.7,10,8.8,92.9,1.62,2,6,3,Yes,blue,No,1,21,333.8205,1
275,763297,1563,5,6,690,16.1,8.8,76,6.5,91.1,1.66,1,1,8,Yes,blue,No,2,15,727.1205,0
276,904110,1854,4,2,200,16.7,8.5,38,12.9,89.7,1.52,6,2,6,Yes,yellow,No,2,40,1433.9205,0
279,599866,1179,3,2,474,29.9,8.2,100,1.1,89.7,1.51,6,2,5,Yes,red,No,2,22,547.5705,1
281,753832,1873,4,5,755,13,6.5,3,7.4,88,1.47,1,6,10,Yes,blue,No,2,29,69.7205,1
288,952996,2299,4,4,1432,27.5,9.3,46,1,83.4,1.52,5,10,7,Yes,green,No,2,60,1050.1205,0
291,668308,1654,3,5,323,40.7,5.2,44,8.2,91.9,0.54,4,8,2,Yes,white,No,2,31,1441.5205,1
293,863486,2148,2,5,593,21.6,9.2,24,8,93.6,1.31,8,7,9,Yes,white,No,2,11,277.7705,1
294,909009,2097,5,3,465,14.3,7.7,21,4.2,88.4,1.2,2,8,5,Yes,blue,No,1,52,1424.4205,1
298,670729,1210,6,5,457,24.1,7.6,29,1.3,92.7,0.87,6,5,7,Yes,blue,No,1,49,993.1205,0
308,870733,2430,2,3,1129,29.8,8.4,45,6.2,97,1.18,3,10,7,Yes,white,No,2,27,1169.8205,1
311,917423,1687,2,3,583,33.9,9.8,39,0.5,93.7,1.66,4,6,1,Yes,red,No,2,10,688.1705,1
313,595468,1166,4,5,918,51.5,7.5,4,4.5,89.1,0.98,1,6,7,Yes,white,No,1,34,1233.4705,0
315,827317,2647,3,2,709,38.6,9.9,42,17.7,98.1,1.66,4,2,5,Yes,white,No,2,52,67.8205,0
316,610006,2313,4,5,200,47.3,8.8,36,40,90.6,1.02,9,8,6,Yes,blue,No,2,35,711.9205,0
319,948298,2516,3,7,727,26.2,8.9,2,2.9,92.3,1.71,5,1,3,Yes,blue,No,2,8,1341.7705,0
321,1042156,2772,3,2,1193,16.4,9.6,9,1.2,91.9,1.74,5,7,5,Yes,white,No,3,-6,84.9205,0
325,715215,1515,2,5,367,51.6,8.8,9,1.9,94.3,1.19,1,5,4,Yes,yellow,No,3,23,539.9705,0
326,674237,1098,5,6,200,37.8,9.2,30,0.8,90.5,1.37,5,3,3,Yes,white,No,3,58,1193.5705,1
327,751140,1502,5,3,388,77.8,9.5,0,4.2,93.6,1.56,7,4,3,Yes,green,No,3,2,1208.7705,0
333,628114,1541,4,3,1070,32.7,6.4,69,0.5,95.1,1.36,7,6,8,Yes,red,No,2,24,1473.8205,0
334,840294,1627,3,2,200,18.6,9.2,36,4.7,97.3,1.08,2,6,2,Yes,green,No,2,39,480.1205,1
344,796326,1699,5,6,1124,39.7,8.5,16,1.3,89.4,1.39,1,1,6,Yes,blue,No,1,43,735.6705,1
346,618389,1848,4,6,905,51.8,6.6,14,7.2,93.9,1.19,7,7,1,Yes,blue,No,2,57,625.4705,0
351,1369780,4500,2,4,1438,21.4,8.3,3,0.5,91.5,1.38,9,10,4,Yes,red,No,1,1,1356.0205,1
358,405942,1048,4,3,244,19.8,6.2,26,26.8,95.9,0.96,9,1,5,Yes,green,No,2,52,1374.0705,0
361,885237,2465,1,3,298,14.2,8.1,11,2,91.9,1.16,4,1,3,Yes,yellow,No,3,28,1212.5705,1
364,840315,2286,4,3,1138,14.1,7.5,90,0.9,91.7,1.09,10,4,9,Yes,blue,No,1,23,881.9705,1
368,648938,804,5,6,200,17.8,7.4,12,0.5,98.5,1.15,1,9,9,Yes,yellow,No,2,56,655.8705,1
369,959294,1351,5,7,390,8.1,8.9,14,12.9,92.4,1.33,2,5,1,Yes,red,No,2,42,757.5205,0
372,489435,1685,4,4,1131,31.7,4.8,91,12.4,92.8,1.59,9,2,3,Yes,green,No,2,29,1439.6205,1
374,917415,2812,4,1,1031,20.4,7.4,30,4.5,96.1,1.55,7,1,9,Yes,green,No,1,29,298.6705,0
385,844898,2099,6,3,1046,8.2,8.6,43,15.9,93.1,1.99,9,7,3,Yes,green,No,1,5,363.2705,0
387,903626,1785,5,2,200,32.7,8.4,5,1.6,92.1,1.35,2,8,3,Yes,yellow,No,2,41,476.3205,1
388,597695,1094,2,2,661,49,8.6,8,7.5,97.2,1.29,3,4,7,Yes,red,No,2,42,281.5705,1
392,830359,1798,2,2,855,50.3,7.6,26,6.5,94.3,0.92,5,6,6,Yes,red,No,1,8,767.9705,1
399,880212,2449,2,4,534,27.2,8.1,44,4.3,99,1.5,4,8,8,Yes,green,No,1,27,1128.9705,1
403,751904,1584,3,3,200,21,9,11,3.8,98.3,1.8,9,10,4,Yes,green,No,2,22,32.6705,1
404,860143,2147,2,4,1398,37.6,9.4,35,2.4,92.8,0.97,7,7,2,Yes,white,No,2,28,340.4705,1
405,845339,2160,3,2,864,4.4,7.6,4,3.6,93.8,2.06,7,2,3,Yes,green,No,2,44,84.9205,0
406,1018627,2874,2,5,1169,36.3,8.5,28,5.4,93.3,1.78,5,1,1,Yes,green,No,2,9,1265.7705,1
407,787573,1749,1,5,578,26.7,8.6,10,3.6,94.8,1.1,1,2,2,Yes,yellow,No,2,30,441.1705,0
411,713619,2099,3,4,732,59.4,7.8,30,15.4,94.9,1.98,7,2,2,Yes,blue,No,2,4,784.1205,0
413,573506,957,5,6,200,24.4,7.6,23,5.7,96.1,1.41,6,5,1,Yes,blue,No,3,58,928.5205,1
415,871689,2045,4,5,434,11.1,7.8,14,6.7,92.3,1.44,10,1,6,Yes,blue,No,1,40,1182.1705,0
418,989768,3017,3,5,942,40.1,7.5,19,0.5,93.8,1.26,3,5,6,Yes,red,No,2,1,1155.5705,1
421,614251,1209,5,4,676,58.5,8.6,28,0.5,86.8,1.23,6,3,4,Yes,yellow,No,3,4,408.8705,1
423,989269,2840,3,4,1482,12.1,8.8,35,8.5,94.8,1.56,9,1,7,Yes,blue,No,2,20,440.2205,1
425,861711,1485,3,7,579,23.2,8.2,13,1,93.5,1.52,8,2,7,Yes,red,No,2,34,812.6205,1
429,1042726,2890,4,3,957,29.3,6.8,7,2.3,93,1.63,9,7,7,Yes,blue,No,1,63,246.4205,0
434,640189,1126,5,4,434,14.2,9.3,37,3.5,93.5,1.36,4,2,5,Yes,blue,No,2,39,1525.1205,1
435,984102,1887,4,6,242,5.6,7.6,40,3.9,94,1.09,10,9,5,Yes,green,No,2,23,730.9205,1
444,812535,2468,2,5,1017,53.4,6.8,13,19,91.1,1.03,6,2,3,Yes,white,No,2,-4,599.8205,0
452,953984,2528,2,3,1033,37.3,8.6,12,8.3,90,1.59,3,2,1,Yes,white,No,3,50,312.9205,0
454,838856,1449,2,7,799,10.5,9.1,32,11.3,99,1.3,9,1,4,Yes,white,No,3,8,1517.5205,0
456,691271,1267,2,5,1017,41.8,8.8,44,7.8,91.1,1.19,6,2,4,Yes,blue,No,2,47,765.1205,0
464,908011,2220,2,3,982,6.7,8.4,5,6.8,90.5,1.33,9,2,5,Yes,yellow,No,1,59,919.9705,1
467,769884,1337,3,4,773,29.4,8.2,4,0.9,97.1,1.8,8,4,6,Yes,yellow,No,1,44,1287.6205,1
470,662516,1427,4,1,200,51.4,8.3,35,4.5,98.8,1.42,9,2,3,Yes,green,No,1,-6,1176.4705,0
474,521379,782,5,6,737,16.5,6.6,4,2.4,96.6,2.14,6,5,2,Yes,red,No,1,47,857.2705,0
480,719985,1996,4,3,200,37.6,8.6,24,8.3,88.8,1.64,9,3,3,Yes,red,No,3,53,294.8705,0
485,763516,2302,2,5,955,17.8,7.4,37,21.9,91.6,1.64,10,8,5,Yes,yellow,No,2,22,302.4705,1
487,588679,1662,4,2,200,38.4,8.6,27,6.4,97.7,2.09,10,2,9,Yes,blue,No,2,8,529.5205,1
490,952508,2858,5,2,1039,45.4,7,22,10.1,93.4,1.29,2,8,7,Yes,red,No,3,45,692.9205,1
493,925353,2517,5,1,823,24,7.9,33,2.2,97.1,1.9,9,3,9,Yes,red,No,3,-4,1547.9205,0
499,795366,1759,5,2,1002,35.5,9.4,19,4.5,97.3,1.47,9,5,1,Yes,white,No,2,43,1086.2205,1
3,914179,2099,5,6,1317,31.1,7.9,8,0.5,95.8,1.69,5,8,10,Yes,blue,No,2,51,17.4705,0
7,1021488,2806,2,6,1079,12.1,8.4,1,6.1,93.1,1.56,1,2,9,Yes,red,No,1,7,925.6705,0
8,738026,2138,5,5,657,52.5,6,8,5.8,88.9,1.72,9,3,3,Yes,blue,No,3,0,924.7205,1
11,946912,3098,4,6,1435,41.1,6.8,39,2.6,90.1,1.73,9,1,3,Yes,blue,No,3,5,1258.1705,0
15,899887,1894,4,5,788,30.6,8,13,0.6,90.2,1.42,4,10,4,Yes,blue,No,2,62,1455.7705,1
18,909598,1893,6,4,903,35.8,9.6,7,6.8,89.4,1.77,1,3,1,Yes,red,No,3,46,1298.0705,1
23,766170,1582,3,1,200,21,8.4,35,8.6,94,1.71,6,4,6,Yes,blue,No,2,44,1228.7205,0
24,709770,2388,1,5,447,18.8,6.2,9,19.1,97.7,1.22,8,10,9,Yes,white,No,1,63,573.2205,1
29,724558,1812,4,6,322,27.4,6.5,2,0.5,93.5,1.8,7,1,3,Yes,blue,No,2,10,1502.3205,1
30,756507,1359,5,5,706,36.1,8.2,10,4.4,96.6,1.86,8,5,7,Yes,green,No,2,40,1352.2205,0
33,1028647,3086,4,7,1292,41.4,5.7,38,1.3,91.2,1.08,5,4,10,Yes,blue,No,1,51,1394.0205,0
39,700794,1502,3,6,506,10.5,7.9,17,8.5,86.6,1.56,9,7,10,Yes,green,No,2,23,762.2705,0
40,765450,1258,5,4,567,21.4,8.8,44,1,97.8,0.98,4,2,4,Yes,red,No,2,62,378.4705,0
43,708821,975,5,5,376,26.3,8.5,29,3.9,95.4,1.14,5,4,9,Yes,yellow,No,3,40,535.2205,0
44,853685,1692,4,1,316,12.1,9.2,21,4.6,95.7,0.81,2,1,6,Yes,green,No,1,31,1413.9705,1
50,568675,2207,3,6,695,64.4,8.5,70,22.3,94.9,1.18,7,8,8,Yes,blue,No,1,20,825.9205,1
54,666435,1386,2,2,384,19.5,6.8,16,7.1,91.4,1.02,7,1,3,Yes,yellow,No,2,44,389.8705,0
57,829158,1733,2,3,857,46.2,9.5,9,9.1,90.8,1.43,7,4,3,Yes,blue,No,3,-4,532.3705,0
62,813150,2883,2,5,968,36.8,7.2,39,3.6,98.5,1.57,9,4,7,Yes,red,No,2,35,202.7205,0
64,1038236,3013,2,6,200,9.3,7.3,9,1,92.7,1.49,8,6,9,Yes,red,No,3,20,133.3705,0
67,1009949,3016,1,2,758,30.6,8.6,49,0.5,90.9,1.42,10,6,8,Yes,green,No,2,13,837.3205,0
68,750989,1682,3,4,1102,14.9,8.2,27,3.3,93.9,1.33,4,2,10,Yes,white,No,2,60,1532.7205,0
69,818129,1943,5,6,200,10.6,8,26,1.3,89.1,1.9,1,1,5,Yes,yellow,No,2,62,335.7205,0
73,1198969,3811,3,6,1450,48.2,9,23,0.5,93.3,1.7,6,7,4,Yes,red,No,2,11,115.3205,0
76,911690,2698,4,5,1145,24.7,6.1,1,3.4,92.5,1.51,2,10,4,Yes,red,No,2,54,1247.7205,1
77,832588,1455,5,4,537,35.5,6.6,15,5.5,94.5,1.91,8,9,1,Yes,white,No,1,26,560.8705,1
79,837356,1967,1,2,726,33.8,7.7,40,14.6,95.5,1.1,1,5,9,Yes,yellow,No,2,21,111.5205,0
89,639994,1323,5,2,200,13.2,9,39,12.3,92.1,1.52,10,7,6,Yes,yellow,No,3,52,1211.6205,1
90,790048,1978,2,3,200,18.3,9.1,28,15.7,93,1.04,10,8,10,Yes,blue,No,3,7,1325.6205,0
91,711828,1669,4,6,289,37.5,6.6,37,7.4,88.9,1.8,2,2,6,Yes,white,No,2,24,2.2705,0
92,565439,1192,2,5,339,38.3,9.4,19,4.5,94.4,1.87,5,8,3,Yes,white,No,1,40,561.8205,1
105,739014,1763,1,6,357,33.4,5.9,0,5.2,91.3,1.5,6,3,3,Yes,blue,No,3,38,980.7705,0
106,554801,992,3,2,303,19,6.9,27,11,91.3,1.46,3,4,3,Yes,yellow,No,2,58,509.5705,0
108,726590,1922,4,3,975,17.5,8,31,3.6,92.5,1.32,3,5,9,Yes,yellow,No,2,9,821.1705,1
110,809721,1933,3,4,318,15.5,8.7,18,15.1,92.6,0.95,5,3,2,Yes,blue,No,2,6,505.7705,1
111,665093,2285,5,5,549,57.6,7.7,51,37.2,88.7,0.67,7,6,3,Yes,green,No,3,0,563.7205,1
113,585118,1172,5,3,842,1.3,5.7,1,12.6,97.4,1.47,6,4,4,Yes,green,No,2,8,923.7705,0
118,1234488,4119,3,6,1753,9.4,8.4,5,11.2,93.3,1.55,1,10,6,Yes,yellow,No,2,55,422.1705,1
120,750919,1664,4,3,457,8.3,8.1,47,2.7,91.4,2.03,1,10,10,Yes,green,No,1,33,946.5705,1
121,584632,783,4,3,555,34,8.4,8,15.3,99,1.2,7,4,9,Yes,white,No,2,33,705.2705,1
124,717456,1775,6,4,632,28.9,8.8,4,8.6,84.3,1.43,1,3,3,Yes,yellow,No,2,27,492.4705,1
127,1026770,2051,4,3,611,13.6,8.9,25,1.9,98.6,1.37,4,10,2,Yes,blue,No,2,42,1440.5705,0
129,631480,1464,2,2,200,73.5,7.9,38,31.4,91.9,0.65,3,5,10,Yes,blue,No,2,53,275.8705,1
130,652111,2100,3,7,886,43.2,6.7,100,6.5,92.8,1.45,8,10,7,Yes,white,No,1,61,589.3705,1
131,470730,1040,4,2,764,37.3,6.7,50,22.3,93.8,1.76,5,6,10,Yes,red,No,3,0,382.2705,1
135,602637,1379,5,4,489,43.4,6.5,100,2.9,92.9,0.75,8,5,1,Yes,green,No,3,28,204.6205,1
136,722063,1568,6,2,802,35.1,9.1,21,8.2,96.7,1.29,9,9,2,Yes,yellow,No,2,25,1474.7705,0
145,745178,1278,3,3,610,8.3,8.9,28,18.1,94.7,1.53,10,1,2,Yes,red,No,1,36,1534.6205,1
152,578643,1596,6,5,625,69.8,8.3,20,13.6,97.9,1.09,10,1,9,Yes,green,No,2,16,858.2205,0
158,848863,3082,3,6,874,48,6.2,20,13.8,92.6,1.08,6,4,9,Yes,green,No,2,9,60.2205,0
159,753939,1731,2,2,624,38.8,9,41,11.7,89.5,1.54,1,7,7,Yes,red,No,1,4,165.6705,1
161,863248,2409,2,5,1144,18.8,7.8,10,14.1,84.2,0.58,7,9,4,Yes,blue,No,2,-3,1269.5705,1
162,603491,1444,5,7,275,56.7,8.2,27,0.8,94.7,1.66,6,4,9,Yes,yellow,No,2,3,672.0205,1
165,769324,1399,4,6,751,9.5,6.4,1,12.3,96.7,1.21,4,9,6,Yes,red,No,2,55,578.9205,0
167,642751,1161,5,5,649,22.6,7.9,19,18.5,94.4,1.19,2,7,10,Yes,blue,No,2,55,1004.5205,1
173,983800,2048,2,4,405,20.5,9.1,5,3.9,88.8,1.17,1,1,4,Yes,yellow,No,2,33,1126.1205,1
176,904658,2362,2,5,638,48.2,7.9,10,7.8,91.5,1.58,3,6,2,Yes,green,No,2,26,439.2705,1
182,864643,1977,5,5,882,7.4,8.5,1,5.4,91.5,1.69,9,8,1,Yes,green,No,1,-3,1138.4705,0
183,734741,2312,4,6,1048,35,8.9,50,39.4,85.9,1.64,9,10,7,Yes,white,No,2,9,242.6205,0
184,1025982,1768,2,4,1452,19.4,8.3,17,3.9,91.4,1.21,4,3,5,Yes,white,No,2,12,353.7705,0
186,581018,1893,2,7,748,28.9,7.4,33,0.9,91.7,1.32,5,9,9,Yes,green,No,2,31,11.7705,1
194,720882,2119,3,2,936,29.3,8.7,4,13.7,91,1.4,6,3,3,Yes,white,No,3,0,933.2705,0
196,525737,1234,2,6,360,16.4,6.7,2,15.1,87.1,1.73,9,7,2,Yes,red,No,3,40,894.3205,1
198,885203,2671,6,5,642,12.4,7.9,32,3.4,91.8,1.51,7,5,5,Yes,yellow,No,3,34,1327.5205,1
202,912752,1710,5,5,743,12,9.7,21,1.3,89.2,1.89,5,2,2,Yes,yellow,No,3,1,718.5705,1
204,636593,1103,6,4,412,30.2,7.6,26,1.8,90.4,1.63,7,7,8,Yes,white,No,2,12,1509.9205,0
209,921165,3003,1,4,623,35.2,8.7,37,4.3,89.7,1.01,10,7,6,Yes,red,No,1,3,1015.9205,0
210,626105,1626,5,2,200,45.6,8.6,2,7.6,89.3,2.09,5,6,8,Yes,white,No,2,28,353.7705,1
211,1177237,2620,5,1,1474,10.6,7.6,38,8.2,91.5,1.56,7,10,6,Yes,yellow,No,2,44,1045.3705,0
216,787626,2115,1,5,452,37.2,8.5,6,9.7,93.5,1.6,3,1,2,Yes,blue,No,2,53,1444.3705,0
219,1140152,3315,4,5,935,4.5,9.5,4,2.5,92.4,1.55,4,3,6,Yes,blue,No,2,8,989.3205,0
225,826048,1511,2,7,584,27,7,5,0.6,97,1.35,5,7,6,Yes,white,No,1,7,1475.7205,0
228,649582,1665,3,2,200,16.2,7,6,3.9,93.1,1.73,8,2,1,Yes,green,No,3,-3,1398.7705,1
232,545435,1321,6,4,200,39.2,9.2,76,16.4,95,1.79,7,7,7,Yes,green,No,2,26,1222.0705,0
237,966968,2391,4,2,988,35.2,9,17,6,92.6,2.07,4,5,7,Yes,green,No,3,22,887.6705,1
239,1341631,4500,3,3,1598,32.6,7.7,9,2.7,87.6,1.32,6,1,3,Yes,white,No,2,-3,31.7205,0
241,671590,989,2,3,200,9.9,6,10,2.7,96.4,1.65,5,7,10,Yes,red,No,1,8,803.1205,1
242,620766,1569,5,2,584,49.8,8.5,25,7.6,91.7,2.02,8,10,9,Yes,green,No,3,37,657.7705,0
246,635072,1303,4,2,784,21.5,7.6,4,15.2,93.1,1.41,1,3,7,Yes,blue,No,3,3,1355.0705,1
251,709466,2461,4,3,1238,36.5,6.3,57,5.4,93,1.37,2,3,2,Yes,red,No,2,31,1486.1705,1
252,767261,1377,5,7,533,4.5,7,13,23.4,87.9,1.71,3,2,5,Yes,yellow,No,1,15,1207.8205,1
261,985166,2398,3,7,1097,25.4,7.7,10,3.8,92.5,1.07,3,10,10,Yes,yellow,No,1,52,671.0705,0
268,800596,1987,3,7,385,40.6,7.7,11,2.4,86.2,1.12,3,3,1,Yes,blue,No,1,43,431.6705,1
273,602781,828,5,2,200,43.1,8.6,52,12.1,92.4,1.95,10,2,8,Yes,green,No,2,12,1284.7705,1
278,877705,2016,2,3,661,26.2,9.1,32,3.4,97,1.03,10,1,1,Yes,white,No,1,0,1227.7705,0
282,689102,1806,4,3,603,20.7,7.5,15,6,91.9,1.78,9,6,4,Yes,white,No,1,29,1248.6705,1
287,944028,2533,4,4,384,12.4,7.8,1,6.9,90.2,1.62,8,5,10,Yes,green,No,3,-4,5.1205,0
292,793679,1536,2,2,200,9.8,9.1,21,10.2,92.3,1.41,6,5,7,Yes,green,No,2,43,1330.3705,0
293,920807,2458,6,4,200,12.3,9.9,6,19.6,90,1.1,4,10,2,Yes,green,No,2,18,1167.9205,1
294,550428,1455,6,5,727,32.9,6.4,37,8.2,93,1.44,6,2,7,Yes,yellow,No,2,42,979.8205,0
301,544131,1291,2,3,200,43.7,7.3,32,18.2,89.2,1.15,3,9,6,Yes,green,No,2,15,532.3705,1
305,706996,1330,3,4,200,10.2,8.6,6,4.1,89.3,1.13,6,1,7,Yes,yellow,No,1,49,903.8205,1
325,770650,2340,3,5,1431,31.4,6.9,20,6.6,91.8,1.97,8,8,1,Yes,yellow,No,3,5,1370.2705,1
327,532398,1066,2,3,200,6,5.7,32,16.6,96.6,0.66,2,1,1,Yes,yellow,No,2,3,115.3205,1
330,948876,1545,2,4,433,16.1,8.4,1,0.5,93.5,1.27,8,6,9,Yes,yellow,No,1,20,846.8205,0
333,619697,1203,4,2,316,47.1,8.8,1,40,89.5,1.52,10,3,10,Yes,blue,No,2,53,512.4205,0
336,713155,1192,2,5,897,18.7,7.7,9,1.2,94.5,1.55,3,2,8,Yes,red,No,2,-2,921.8705,1
337,1020422,2491,3,4,897,30,7.1,5,9,92.7,1.5,6,10,8,Yes,yellow,No,2,49,562.7705,0
340,890276,1645,4,5,350,25,9.4,6,5,92.9,1.22,6,5,2,Yes,red,No,2,1,456.3705,0
341,706492,1441,4,1,522,52.1,9,25,8.8,98.4,1.03,6,10,5,Yes,yellow,No,2,1,423.1205,0
343,1050770,3465,4,2,979,19.6,7.7,15,9,90,1.24,7,6,1,Yes,blue,No,1,1,58.3205,0
344,791903,1336,6,2,2035,16.3,9.7,36,13.6,94.5,1.3,4,5,1,Yes,green,No,3,29,463.0205,0
345,1387132,4230,5,6,1837,27.7,8.9,11,9.3,92.1,1.13,5,6,2,Yes,green,No,3,50,1264.8205,1
346,883944,2098,4,6,1036,38.6,6.6,5,7.7,94.4,1.5,10,4,6,Yes,green,No,2,4,763.2205,1
350,702325,1271,4,2,1103,14,8.9,27,1.5,89.5,1.11,8,5,9,Yes,yellow,No,2,4,132.4205,0
351,458197,1216,2,6,1067,61.3,5,32,13.6,93.9,0.89,10,3,6,Yes,red,No,3,9,986.4705,1
355,887163,1814,3,2,305,12.7,8.8,44,20.3,92.3,1.41,10,2,7,Yes,blue,No,2,55,810.7205,0
362,1249533,3435,4,3,1723,10.9,8.1,14,0.5,92.1,1.7,10,10,3,Yes,red,No,2,45,800.2705,1
363,936193,3541,5,3,1082,48.5,8,18,22.6,92.2,0.97,8,6,10,Yes,red,No,3,62,941.8205,0
367,772502,2640,1,4,996,42.7,6.9,65,16.6,88.9,1.51,7,9,8,Yes,red,No,2,24,1347.4705,1
374,758734,1535,5,2,607,11.5,8,3,0.6,95.3,1.9,2,5,9,Yes,yellow,No,1,-4,1200.2205,0
377,805833,2183,4,4,666,5.9,6.9,9,7.6,96.7,1.62,8,5,4,Yes,blue,No,2,45,887.6705,1
402,819560,1835,5,5,692,23.1,7.6,49,10.7,91,1.43,8,3,4,Yes,red,No,1,58,710.9705,1
403,861390,2087,3,5,1111,15,9.3,12,10.9,95.7,1.2,6,3,4,Yes,yellow,No,3,30,706.2205,1
405,682603,1583,2,4,200,35.3,8.5,100,0.5,88.9,1.41,8,6,8,Yes,yellow,No,2,7,986.4705,1
406,754429,1991,3,6,414,21.5,4.5,36,2.4,94.3,1.18,1,5,4,Yes,green,No,2,21,1459.5705,0
409,543426,1332,6,5,882,35.8,6.2,73,14.7,85.9,1.16,7,4,2,Yes,white,No,2,31,662.5205,1
412,1061110,2876,4,4,900,10.5,8.6,3,1.6,98.6,1.34,3,7,7,Yes,green,No,1,35,136.2205,0
414,927805,2705,3,4,749,7,7.8,55,1.9,90.9,0.79,6,7,3,Yes,green,No,3,51,901.9205,1
415,894395,2617,4,5,986,17.5,7.8,5,15.7,94.5,1.13,6,8,5,Yes,red,No,1,50,1361.7205,1
421,848026,1970,4,1,736,32.6,9.3,3,3.8,98.4,1.14,5,3,2,Yes,red,No,2,21,1031.1205,0
438,752067,1532,5,5,677,14.6,7.6,46,2.2,98.6,1.63,6,4,6,Yes,green,No,2,-3,132.4205,1
439,668738,1549,2,2,288,10.5,9.1,4,2,92,1.07,4,1,2,Yes,blue,No,1,53,1536.5205,0
446,933919,2630,5,6,783,22.2,8.3,51,2.5,99,1.08,2,10,5,Yes,blue,No,1,14,348.0705,1
447,763414,946,4,5,737,20.2,9.5,21,0.6,92.4,1.9,9,1,5,Yes,blue,No,1,22,1250.5705,1
450,911960,2302,6,7,1456,17,5.3,62,0.5,92.5,1.81,1,7,3,Yes,yellow,No,2,34,981.7205,0
451,677960,1129,6,6,486,24.7,8.2,41,0.7,96.7,1.21,10,4,10,Yes,white,No,2,44,1509.9205,1
455,785079,1269,3,4,625,7.2,8.7,23,1,90.8,1.44,6,8,3,Yes,green,No,2,44,1272.4205,1
459,1234645,4500,6,3,1894,48.7,7.7,0,3.2,93.2,1.25,10,8,8,Yes,red,No,2,39,1026.3705,1
462,572213,1952,2,4,887,31.7,5.8,100,3.9,92,1.62,10,1,1,Yes,yellow,No,3,-4,964.6205,1
470,957430,2404,2,3,1191,32.2,7.7,11,7.7,98.5,1.28,1,7,7,Yes,yellow,No,2,25,453.5205,1
472,748697,1768,6,5,245,11.4,7.2,2,0.9,89.4,1.35,8,4,8,Yes,blue,No,1,16,1152.7205,0
473,978734,3515,3,6,1332,61.1,9.3,12,9.8,89.1,1.06,5,10,8,Yes,red,No,2,52,1052.9705,1
477,1011397,2014,2,4,981,19.1,9.1,88,6.5,93.3,1.58,10,8,4,Yes,yellow,No,2,37,271.1205,0
482,947583,2847,6,2,851,15.9,9.5,74,0.5,88.3,2.23,3,6,4,Yes,red,No,2,48,1411.1205,0
483,698341,1634,5,3,994,32.5,8.7,31,10.6,93.9,1.47,1,5,1,Yes,yellow,No,2,4,1380.7205,0
487,567218,1102,6,4,200,30.4,8.7,33,1.2,90.4,1.35,4,3,2,Yes,blue,No,3,22,976.0205,1
493,963184,2506,5,2,1040,36.2,8,15,18.9,91.5,1.28,1,1,7,Yes,green,No,2,16,1034.9205,1
494,909625,2621,2,4,791,41.9,8.1,53,6.3,94,1.2,4,4,5,Yes,blue,No,2,47,1098.5705,0
496,633030,1622,3,6,732,42.6,6.7,30,12.4,99,1.64,6,7,3,Yes,white,No,3,46,813.5705,0
499,692749,1797,2,5,858,13.9,8.4,16,2.2,98.4,1.63,2,6,7,Yes,blue,No,3,19,1324.6705,0
5,764356,2306,4,2,927,45.8,8.4,34,12,91.9,2.02,2,9,10,Yes,yellow,No,3,51,14.6205,1
6,673152,2362,4,4,1463,23.2,6.7,30,2.4,88.2,1.99,5,9,9,Yes,white,No,2,37,1049.1705,0
11,812293,1993,5,4,1228,64.8,8,14,2.3,91.8,1.51,7,7,10,Yes,red,No,3,-4,365.1705,1
20,780254,1835,4,1,990,30.2,5,10,1.1,91.4,1.49,1,8,5,Yes,blue,No,2,41,841.1205,0
23,714558,1481,4,5,807,45.9,7.1,8,6,88.4,1.73,6,1,3,Yes,green,No,2,43,1326.5705,0
27,858786,2007,5,3,820,24.5,8,12,10.9,91.9,0.99,6,7,4,Yes,blue,No,1,48,1192.6205,1
41,965983,2354,4,4,890,23.7,9,56,1.7,95.9,1.24,1,4,3,Yes,red,No,1,30,637.8205,0
42,731567,1557,4,6,906,43.4,8.3,5,4.1,84.5,1.23,8,8,4,Yes,blue,No,3,18,1515.6205,0
45,907176,2380,3,2,849,41.1,6,6,15,93.4,1.26,10,4,4,Yes,blue,No,2,19,74.4705,0
55,853762,1892,3,6,795,20.5,8,58,3.5,93.6,1.21,1,6,3,Yes,blue,No,1,30,1299.0205,1
56,810811,984,3,5,200,14.9,7.1,10,13.3,89.8,1.18,2,10,10,Yes,white,No,2,12,302.4705,1
59,1093508,3566,5,6,1177,30,7.4,2,0.5,95.7,1.48,6,2,1,Yes,white,No,3,2,1349.3705,1
60,918629,2289,6,2,473,10.5,9.1,22,19.3,91.7,1.13,3,2,5,Yes,white,No,3,23,896.2205,1
62,904549,2219,1,4,1272,62.9,8.1,9,7.9,87.6,1.33,4,5,5,Yes,red,No,2,19,1507.0705,1
66,871168,1296,4,7,541,35.6,8.8,13,6.7,95.2,1.56,9,7,6,Yes,white,No,2,1,921.8705,1
77,972140,2382,2,4,1068,40.7,5.9,62,3.5,96.6,1.61,2,7,6,Yes,green,No,3,42,1226.8205,1
78,1270292,3701,5,3,1148,15.2,9.5,12,3.9,85.4,0.97,7,9,1,Yes,blue,No,2,-2,3.2205,0
79,810792,2189,5,4,741,29.9,7.3,74,1,92.9,1.64,7,9,6,Yes,blue,No,1,24,1548.8705,1
81,843797,2030,2,2,637,33.6,9.4,3,2.2,91.8,1.51,4,5,5,Yes,red,No,1,4,1024.4705,1
83,934535,1370,2,1,616,10.9,8,17,2,93.1,1.08,7,10,6,Yes,white,No,3,23,209.3705,0
87,584781,1889,6,6,701,26.1,6.7,48,1.3,94.1,1.43,1,5,5,Yes,white,No,2,63,175.1705,1
91,699149,1523,1,5,583,34,8.4,60,5,94.7,1.34,8,7,10,Yes,blue,No,3,4,533.3205,1
103,741235,1866,2,5,1097,3.6,7.3,72,8.1,99,1.85,3,8,10,Yes,green,No,3,-5,1030.1705,0
109,531060,786,5,7,200,61,8.2,1,14,95.9,1.29,5,7,10,Yes,yellow,No,2,26,757.5205,1
113,1138298,2851,6,3,1419,21.6,8.3,11,4.6,90.6,1.42,7,10,6,Yes,white,No,2,53,1299.0205,0
116,680431,1547,2,2,1077,49.1,7.9,7,10.2,90.4,1.63,10,1,5,Yes,yellow,No,2,35,144.7705,0
117,1171548,3325,6,4,1460,37.6,9.1,2,3.8,92.5,2.15,3,4,10,Yes,blue,No,3,37,381.3205,1
123,710342,1523,2,2,770,13.8,9.6,5,24.2,94.1,0.91,10,10,7,Yes,red,No,2,25,517.1705,0
124,695521,1772,3,5,242,77.5,7.9,14,4.6,94.1,1.73,9,1,2,Yes,yellow,No,2,53,362.3205,1
125,1070972,2879,1,5,1296,39.4,7.6,31,4.5,94.5,1.1,2,3,10,Yes,white,No,1,13,1386.4205,0
136,811280,2156,5,2,779,11.5,7.7,6,8,94.7,1.78,8,7,7,Yes,green,No,1,44,471.5705,1
138,799885,1453,4,1,446,26.9,7.8,25,3.3,99,1.06,8,1,6,Yes,green,No,3,17,502.9205,0
141,719551,700,6,6,200,14.9,7.6,22,0.5,87.7,1.88,1,8,5,Yes,yellow,No,3,18,1443.4205,0
143,705923,1822,5,5,323,10,7.3,21,5,95.7,1.53,7,5,7,Yes,yellow,No,1,56,1369.3205,0
144,816830,999,4,5,255,33.3,8.5,10,0.7,89.6,1.64,1,9,5,Yes,yellow,No,2,29,1397.8205,0
150,771045,1390,2,1,200,14.2,8.9,45,11.6,91.4,1.71,7,10,4,Yes,white,No,3,39,625.4705,1
153,735447,1324,5,2,292,34,9.8,22,3.6,99,1.75,7,4,3,Yes,blue,No,2,-4,976.9705,1
166,801063,1728,2,2,200,4.5,8,9,0.5,93.8,1.63,4,2,10,Yes,red,No,3,27,1099.5205,1
167,1021060,3497,5,5,1216,23.2,8.6,41,13.6,89.9,2.1,1,7,3,Yes,red,No,2,41,729.9705,0
170,621928,1824,6,7,433,48.6,6.7,2,2.6,92.5,1.67,10,5,8,Yes,blue,No,1,45,303.4205,1
178,665606,1284,2,5,1053,43,6.7,97,3.1,89,1.11,2,7,7,Yes,white,No,2,20,1208.7705,0
182,790673,1587,2,6,733,27.3,9.4,7,3.2,94.2,1.68,1,10,1,Yes,white,No,3,16,857.2705,1
183,851287,2324,4,4,1154,33.9,8.9,12,13,92.9,1.23,7,1,4,Yes,white,No,2,43,639.7205,1
192,900294,1821,6,4,200,7.4,9.5,2,1.8,96.1,2,9,1,8,Yes,yellow,No,1,7,69.7205,1
196,758323,1998,6,1,401,9.3,6.7,1,8.8,94.2,1.52,4,7,3,Yes,white,No,2,55,1507.0705,1
198,664647,1735,5,6,420,32.9,8.7,3,20.1,99,0.86,9,4,7,Yes,red,No,3,43,83.0205,1
203,765947,2393,5,2,556,31.3,4.7,5,3,94,0.88,7,7,5,Yes,green,No,1,5,1254.3705,1
204,591642,1340,6,6,1433,21.6,9.3,87,1.7,95.5,1.31,10,5,10,Yes,red,No,2,16,5.1205,0
206,812592,1902,6,6,464,30.1,7,29,0.5,99,1.04,10,5,1,Yes,red,No,2,42,25.0705,1
208,1122072,3032,2,7,897,39,8.8,20,2.2,91.7,1.32,6,2,4,Yes,yellow,No,1,59,165.6705,0
209,618345,1154,3,5,986,30.8,8.5,20,0.5,94.6,1.53,5,1,5,Yes,blue,No,3,31,956.0705,1
210,899155,2696,5,4,639,36.3,9.4,100,4.1,85.8,1.41,10,7,9,Yes,blue,No,3,63,1250.5705,1
214,679974,1561,6,4,1212,39.4,7.4,3,1.7,92.1,1.47,3,6,3,Yes,white,No,1,32,1223.0205,0
215,702248,1809,3,4,237,39.2,9.2,18,9.1,88.4,1.84,5,9,8,Yes,yellow,No,2,14,1317.0705,0
217,777996,1463,3,4,200,48.1,7.4,35,6.5,93.2,1.09,4,8,8,Yes,red,No,1,27,932.3205,1
220,762586,979,3,6,519,27.3,8.5,3,4,92.4,1.26,10,7,2,Yes,yellow,No,3,-3,766.0705,0
235,593283,1445,3,3,200,9.7,8.1,54,22.4,87.4,1.21,1,3,2,Yes,yellow,No,3,38,1155.5705,0
240,548841,1270,3,4,483,17.4,6.9,64,18.7,93.1,1.93,7,10,1,Yes,white,No,2,16,275.8705,1
241,794012,2290,5,4,1505,26.2,8.4,8,20.6,96.6,1.47,7,9,10,Yes,white,No,1,7,631.1705,0
250,811889,1076,1,3,743,20.7,9.7,2,0.6,91.4,1.26,3,8,4,Yes,blue,No,1,47,1363.6205,1
251,839863,2025,2,6,713,35.3,8.8,6,5.9,95.4,1.67,1,9,9,Yes,green,No,1,47,491.5205,0
252,708300,1391,3,2,200,6.5,7.8,12,1,96.6,1.51,9,6,3,Yes,red,No,2,15,231.2205,0
263,881511,2061,2,2,597,27,6.9,53,0.5,96.4,1.31,6,8,3,Yes,red,No,3,62,690.0705,0
266,868983,1430,1,6,839,31.8,8,0,1.3,91.2,1.62,1,6,5,Yes,white,No,3,55,1188.8205,1
270,691886,1344,2,1,200,10.1,9.3,38,15.2,93.1,1.11,3,10,4,Yes,white,No,1,36,1491.8705,1
271,487540,987,2,5,323,51.5,8.8,41,13.8,94.3,1.38,3,10,6,Yes,yellow,No,2,34,928.5205,0
276,695186,1407,4,4,350,17.4,8.5,40,3.5,96.6,1,6,7,9,Yes,green,No,2,20,66.8705,0
278,767515,1758,3,5,489,60.8,9.4,5,3.3,92.2,1.51,6,5,5,Yes,red,No,3,32,371.8205,1
286,786842,1244,4,7,200,19.6,8.9,46,1,93.7,1.64,4,9,1,Yes,green,No,1,38,180.8705,0
293,774255,1446,3,6,468,9.8,7.2,46,3.6,89.7,1.27,2,7,7,Yes,yellow,No,3,57,1079.5705,1
299,781793,1401,2,5,200,48.4,6.5,12,5.9,97.6,1.42,5,7,4,Yes,blue,No,3,42,845.8705,1
302,690536,1503,4,5,586,16.2,9,36,11.9,91.9,1.03,6,6,7,Yes,yellow,No,3,29,1030.1705,0
308,1067905,2976,1,1,505,14.7,8.5,21,0.5,92.7,0.86,9,4,7,Yes,red,No,2,60,152.3705,0
309,729573,1246,5,1,1391,21.9,9.1,22,8.6,91.7,1.04,3,6,2,Yes,white,No,2,49,1173.6205,1
314,568730,911,6,5,353,41.1,9.2,30,2.7,90.7,1.23,5,10,5,Yes,green,No,1,14,115.3205,1
320,705082,956,6,1,859,31.6,8.4,52,0.8,96.3,1.27,6,10,6,Yes,white,No,3,21,983.6205,0
324,908914,1961,1,4,737,32.6,7.6,24,6.8,87,1.33,2,6,4,Yes,yellow,No,2,22,1144.1705,0
330,805767,1525,2,5,1058,5.7,8.7,25,9.8,98.3,1.74,10,1,5,Yes,red,No,2,37,238.8205,1
334,981935,2933,5,1,1147,5.3,7.1,1,6.2,95.9,1.84,10,9,9,Yes,yellow,No,3,30,1123.2705,1
336,864631,2000,5,5,200,28.3,8.1,45,5.7,91.7,1.21,8,3,4,Yes,blue,No,3,-1,546.6205,1
348,675573,1147,3,3,525,26.3,8.1,9,17.1,98,1.07,3,4,4,Yes,red,No,2,9,308.1705,1
350,1016106,2958,5,4,1260,24.5,8.5,14,2.7,94.5,1.6,9,5,6,Yes,blue,No,1,30,382.2705,1
354,954732,2719,3,3,236,31,7.5,32,0.8,94,1.64,10,4,1,Yes,green,No,3,6,1321.8205,1
356,888288,2436,1,3,834,20,9.7,42,6.6,91.5,1.66,7,3,6,Yes,blue,No,3,19,504.8205,0
357,734001,2004,2,4,412,2.8,8.6,29,15.9,95.9,0.9,8,1,10,Yes,red,No,1,28,237.8705,1
358,804214,1660,6,3,339,28.9,8.2,7,7.5,92.1,1.39,9,3,1,Yes,white,No,2,-1,633.0705,0
359,639332,1186,2,3,510,7.7,8.2,70,6.8,92.9,1.1,9,5,8,Yes,blue,No,3,51,813.5705,0
361,653599,1380,2,1,200,23.4,8.5,25,5,90.9,1.69,9,4,9,Yes,green,No,2,36,1396.8705,0
369,851545,1148,5,6,200,15.9,9.4,2,2.1,89.8,1.34,10,10,2,Yes,blue,No,1,60,500.0705,1
370,662310,1508,2,5,535,32.7,7.8,32,3.4,89.3,1.39,3,4,5,Yes,red,No,2,17,1289.5205,0
373,491874,1568,4,4,650,43.5,8.4,76,2.2,92.7,1.64,3,7,5,Yes,red,No,1,26,748.0205,0
379,957223,2199,2,6,326,21,8.6,40,3.4,91,1.14,10,9,7,Yes,green,No,2,10,899.0705,1
381,1011685,2494,1,2,545,41.9,9.2,5,2.4,88.9,1.77,8,1,5,Yes,yellow,No,1,53,895.2705,1
382,930845,2067,6,3,848,23.8,9,35,0.6,91.3,1.52,10,5,3,Yes,yellow,No,2,9,1127.0705,1
385,747787,1650,1,2,320,36.2,8.9,64,3,94.1,1.05,4,2,9,Yes,red,No,3,7,173.2705,0
391,874876,2820,3,6,714,39.8,6.7,29,5.4,99,1.73,4,8,2,Yes,white,No,2,14,1512.7705,1
392,722875,1850,5,5,788,50.6,7.9,46,14.1,94.4,1.27,4,1,1,Yes,green,No,3,37,1050.1205,0
396,578285,947,2,5,219,14.6,8,10,19.8,91.3,1.37,6,10,5,Yes,blue,No,2,52,1500.4205,1
404,893611,1688,6,5,1158,26,9.1,7,1.6,94.7,0.52,1,6,8,Yes,white,No,3,-5,1279.0705,1
406,1079736,3224,2,5,1151,55,8.4,11,3,90.8,2.02,7,6,4,Yes,green,No,3,-4,548.5205,1
413,829506,1663,5,6,1317,57.9,6,12,7.8,94.4,1.89,2,2,2,Yes,yellow,No,3,-4,1374.0705,0
423,491427,1210,1,1,200,61.1,7.5,22,9.9,92,1.37,8,10,7,Yes,green,No,2,41,976.0205,1
428,495655,1195,5,5,200,9.2,5.6,7,18.9,91.8,0.94,3,8,9,Yes,red,No,2,14,844.9205,0
434,638949,1302,6,6,676,44.7,8.8,32,3.2,91.3,1.26,9,10,4,Yes,white,No,2,5,464.9205,1
437,785302,1374,5,6,715,17.2,8.2,5,8.2,88.6,1.34,1,5,6,Yes,blue,No,2,61,6.0705,0
438,646974,1764,3,1,200,52.3,7.7,50,3,88.6,1.63,10,8,5,Yes,blue,No,2,51,1130.8705,0
440,1019625,2245,3,1,1036,8.3,9.2,39,9.9,94.9,1.07,7,4,7,Yes,white,No,2,41,392.7205,1
443,707655,1858,5,1,774,25.1,9.1,57,4.9,95.6,1.39,4,5,2,Yes,green,No,1,39,1088.1205,0
444,732154,2372,1,1,1081,45.7,6.6,39,17.7,95.1,1.1,8,4,5,Yes,red,No,2,33,961.7705,0
456,690237,1246,4,6,582,7.1,7.5,33,9,93.3,1.03,4,8,4,Yes,white,No,1,1,521.9205,1
471,924628,2508,2,5,1502,16,6.4,4,11.8,87.6,0.95,2,4,8,Yes,blue,No,2,15,691.9705,1
475,721035,1741,1,5,272,23.6,7,0,16.2,89.9,1.2,6,5,4,Yes,yellow,No,2,4,1001.6705,1
478,719175,1927,2,2,647,24,5.7,0,10.1,91.6,0.98,9,8,4,Yes,blue,No,2,28,1487.1205,1
482,1007122,1996,1,3,807,28.1,7.8,39,1.1,94.9,1.55,10,4,9,Yes,blue,No,3,63,1479.5205,1
483,718990,1480,2,7,569,6.1,8.5,52,1,95.2,1.01,5,8,8,Yes,green,No,3,41,1438.6705,0
486,543636,1445,5,3,200,16.4,8.7,19,37.6,95.5,1.87,7,5,1,Yes,green,No,1,24,1060.5705,0
487,1027136,2767,5,3,802,48,7.8,19,3.5,89.3,1.56,2,6,1,Yes,blue,No,3,28,1163.1705,1
493,608725,1458,3,7,200,52.8,7.7,11,8.8,92.1,1.77,6,5,7,Yes,green,No,2,12,282.5205,0
496,796575,1511,5,3,307,26.5,9.3,13,9.4,99,1.27,3,8,2,Yes,yellow,No,2,14,117.2205,0
497,619922,1503,4,2,728,18.7,7.3,31,7.7,90.2,1.63,5,7,7,Yes,yellow,No,2,17,550.4205,0
498,1109996,3786,2,6,1577,29.2,8.3,21,14.2,96.8,1.88,3,6,8,Yes,white,No,1,50,1215.4205,0
3,645852,2343,5,4,577,14.7,7.6,31,21.3,91.8,0.98,8,10,2,Yes,red,No,2,9,14.6205,0
17,1292719,3360,5,3,1101,12.2,9.3,37,0.5,94,1.62,8,10,5,Yes,red,No,2,-5,210.3205,0
18,929711,1651,5,2,775,14.2,9,3,1.1,96.4,1.5,8,6,4,Yes,red,No,1,32,298.6705,1
21,998282,2541,6,5,918,7.4,9.2,20,12.5,99,1.87,5,10,10,Yes,green,No,2,2,1271.4705,1
33,787721,1856,5,6,619,28.3,6.9,26,0.9,94.1,1.02,7,3,2,Yes,white,No,3,26,895.2705,0
39,840250,1391,2,7,200,21,9.4,6,2,99,1.19,10,2,4,Yes,yellow,No,2,-4,971.2705,0
40,849893,1614,6,4,200,48.9,9.5,18,12.1,92.2,0.87,2,9,1,Yes,blue,No,2,4,295.8205,1
42,741655,1775,3,4,1164,29.1,8.4,22,2.7,93,1.69,2,4,8,Yes,white,No,3,63,443.0705,1
45,909427,2607,2,7,493,39.1,7.8,51,0.5,96.4,1.29,9,1,5,Yes,blue,No,2,49,419.3205,0
51,811513,2029,1,4,1156,21.8,8.3,2,0.6,89.1,1.43,6,2,6,Yes,green,No,1,34,154.2705,1
52,1083922,3521,6,2,900,71.5,8.8,39,7.3,93.3,1.46,8,5,5,Yes,white,No,2,46,835.4205,1
54,482197,1202,5,3,467,43.9,7.3,8,13.6,91.1,1.47,1,9,8,Yes,blue,No,2,9,687.2205,0
59,572799,1328,5,5,766,38,8.4,32,3.4,98.1,1.7,3,7,6,Yes,white,No,1,48,426.9205,0
61,455037,1053,3,6,668,57.7,5.9,18,22.1,92.7,1.34,7,4,2,Yes,yellow,No,2,52,339.5205,1
69,986420,2717,5,3,1175,10.4,6.5,58,2,92.7,1.1,8,6,6,Yes,red,No,2,3,637.8205,0
70,746209,1467,4,3,1104,10.4,8.1,57,0.8,87.6,1.05,7,7,3,Yes,red,No,2,15,332.8705,1
75,835493,1392,5,7,200,25.3,8.5,1,3.1,92.2,1.41,5,9,8,Yes,white,No,1,26,1463.3705,1
80,688359,1092,1,2,1140,28,8.8,19,5.6,91.9,1.58,4,9,9,Yes,green,No,2,10,193.2205,0
82,1030851,2274,3,2,989,21,8.8,9,9.2,99,1.04,1,4,3,Yes,white,No,3,46,532.3705,0
84,889982,2902,4,3,1325,36.9,6.2,15,0.6,88.8,1.79,7,4,4,Yes,white,No,2,14,835.4205,1
85,881600,2270,2,4,369,56.9,8.1,31,15.2,95.6,1.63,1,1,6,Yes,blue,No,1,-6,659.6705,1
88,730911,2397,3,2,330,41.6,5.9,17,6.6,87.8,1.52,3,1,2,Yes,red,No,1,22,266.3705,0
92,890554,2227,5,5,1232,21.9,7.8,17,1,90.8,1.35,7,9,7,Yes,white,No,2,53,1251.5205,1
95,1041326,2987,5,3,909,60.9,9,11,4.6,94.2,1.66,5,4,9,Yes,white,No,1,24,1117.5705,0
96,735568,1428,6,1,297,25.7,8.6,0,6.3,93.7,2.13,10,4,10,Yes,green,No,3,-5,235.0205,1
100,675367,1968,4,4,449,55.4,5.2,12,4.7,92.6,2.19,8,1,2,Yes,white,No,1,43,316.7205,1
102,571196,1506,2,3,451,35,5.7,17,3.2,90.1,1.26,10,6,5,Yes,red,No,2,40,860.1205,0
105,1028600,2003,2,1,1414,21.8,8.7,2,0.5,91.4,1.52,7,5,8,Yes,white,No,1,20,7.9705,0
106,655515,1394,2,5,342,11.9,8.2,11,25.3,92,1.45,7,5,5,Yes,green,No,2,31,411.7205,0
109,578006,1578,3,3,502,58.6,5.6,11,0.6,89.5,1.16,5,9,2,Yes,blue,No,1,39,291.0705,0
110,651938,1769,3,7,200,10.1,9.2,43,2.9,88,1.36,9,6,6,Yes,blue,No,1,23,1407.3205,1
114,779036,1569,4,6,605,35.4,9.1,82,4.7,95.5,1.03,4,7,10,Yes,blue,No,1,51,318.6205,0
120,606213,2066,5,4,291,39.4,7.3,39,23.4,97.1,1.79,4,6,5,Yes,blue,No,2,44,1147.9705,1
131,931790,2620,6,5,1018,16,8.4,54,7.6,99,1.64,8,4,9,Yes,green,No,1,59,1400.6705,0
140,700953,949,5,3,525,19,8.3,1,4.8,93.3,2.09,3,4,10,Yes,white,No,3,49,217.9205,1
144,736663,1805,2,1,250,37.3,6.2,23,8.2,87.6,1.61,1,5,10,Yes,white,No,2,28,1447.2205,0
146,853716,1483,1,3,832,10.3,9.5,12,3.2,99,1,4,9,8,Yes,red,No,2,35,258.7705,1
154,673860,2131,4,3,215,37.4,8.8,26,39.3,89.1,1.69,2,8,10,Yes,red,No,1,43,669.1705,0
157,945604,3064,3,5,859,41.9,6.2,5,0.5,94.1,1.7,3,10,6,Yes,yellow,No,3,23,1405.4205,0
159,818901,2348,5,2,293,24.3,9.1,36,10.7,92.5,1.63,9,2,6,Yes,white,No,2,29,401.2705,0
160,609698,1342,4,2,839,53.3,8.5,4,12.2,88.3,1.72,4,5,8,Yes,red,No,2,-3,932.3205,1
161,1006572,2910,5,7,504,29.7,8.7,21,1.4,96,0.96,7,1,9,Yes,green,No,2,23,693.8705,1
164,941076,2270,2,4,1158,7,5.8,20,0.9,94.9,1.47,4,5,3,Yes,blue,No,1,29,1023.5205,1
170,765791,1774,1,3,555,18.4,8.1,95,0.5,93.6,2.08,8,4,3,Yes,yellow,No,1,16,1038.7205,1
172,704806,889,2,2,200,41.6,8,8,10.9,93,2.05,9,8,9,Yes,white,No,2,57,1265.7705,1
173,676894,2023,3,6,794,38.6,6.5,100,11.4,90.5,1.71,10,1,5,Yes,green,No,3,35,998.8205,1
175,674592,1342,2,6,415,25.9,9,22,10.4,95.4,1.21,3,10,10,Yes,blue,No,3,36,22.2205,1
176,655385,1388,3,7,373,56.1,4.5,27,0.5,91.5,1.48,5,9,10,Yes,yellow,No,2,62,1069.1205,0
178,532010,700,4,3,200,7.6,9.2,1,12.2,90.4,1.33,6,1,3,Yes,yellow,No,3,53,1514.6705,0
179,685929,1408,6,2,385,52.5,8.1,6,0.8,89.6,1.18,8,6,7,Yes,blue,No,2,-5,747.0705,0
180,696893,1325,5,1,466,18.1,6.7,1,0.5,91.9,1.3,1,9,6,Yes,yellow,No,2,-6,90.6205,1
181,736228,2169,5,4,897,48.8,9.3,9,13.5,95.1,1.79,9,7,3,Yes,yellow,No,1,44,1512.7705,0
182,597914,1358,4,7,412,34.1,7.5,36,10,86.4,1.23,6,8,8,Yes,green,No,2,53,341.4205,0
184,1006751,3088,2,6,591,34.4,9.5,30,22.6,93.7,2.06,10,9,4,Yes,yellow,No,2,18,1375.0205,1
185,1001185,2549,2,4,1801,24.3,9.1,9,11.6,92.1,1.41,1,7,9,Yes,yellow,No,2,16,836.3705,1
192,728814,1461,3,2,595,30.6,6,8,12.4,92.7,1.27,10,7,6,Yes,yellow,No,2,4,1505.1705,1
198,652120,1099,1,4,379,14.1,6.6,21,5.5,96.4,1.73,10,10,8,Yes,blue,No,2,8,741.3705,1
203,802277,1430,6,5,817,22.4,8.3,8,5.3,84.9,1.7,8,4,6,Yes,green,No,1,21,1494.7205,0
204,888682,2549,2,5,1103,18.7,9.2,9,19.6,89.2,1.83,2,7,10,Yes,blue,No,1,18,1271.4705,0
207,1035749,3125,3,2,1462,35.5,8.9,22,0.5,92.4,1.87,8,2,2,Yes,red,No,1,-5,1438.6705,1
208,677207,1770,5,2,329,52.3,6.3,50,8.1,89.3,0.84,2,3,8,Yes,red,No,2,47,827.8205,1
211,868089,2022,1,5,333,32.9,9.4,52,4.4,85.6,1.69,7,5,2,Yes,yellow,No,3,20,1093.8205,0
213,491993,1651,1,5,683,40.5,7.4,80,19.3,92.9,1.66,8,5,7,Yes,yellow,No,1,28,1267.6705,1
216,943441,2274,2,3,749,26.8,7.1,3,13.5,94.6,1.25,8,10,6,Yes,white,No,3,12,293.9205,0
222,1099911,2978,4,6,479,10.6,9.6,63,1.7,91.7,1.47,8,6,9,Yes,red,No,3,-4,1129.9205,1
227,669790,1148,4,6,256,11.3,9,26,5.9,95.4,1.43,9,4,6,Yes,white,No,2,2,437.3705,0
231,684146,3089,6,6,959,51.8,7.5,68,16.5,95.1,0.5,7,5,5,Yes,green,No,2,50,959.8705,0
237,1336594,4500,5,2,1467,16.9,7.9,39,6.4,92,1.2,3,6,3,Yes,blue,No,2,37,1264.8205,0
238,732139,2159,5,6,437,32.3,8.2,38,18.3,97.7,1.54,6,9,5,Yes,blue,No,1,57,637.8205,1
244,980920,2220,5,3,937,2.8,7.8,9,0.5,93.5,0.98,8,1,10,Yes,red,No,2,-4,1355.0705,0
246,703136,1356,3,6,472,30.7,9,2,7.5,93.9,1.31,1,3,10,Yes,white,No,1,4,498.1705,0
247,899421,2958,2,2,1452,19,6.8,80,8.3,94.9,1.35,6,9,5,Yes,green,No,3,10,1320.8705,1
251,811166,1814,6,2,1409,32.7,7.7,18,0.8,88.9,1.39,8,10,5,Yes,blue,No,2,38,1326.5705,1
254,647744,1397,4,4,272,36.1,9.5,31,6.8,93.7,1.31,4,10,3,Yes,green,No,2,11,913.3205,0
261,984547,2851,4,3,777,20.1,8.5,65,9.6,98,0.89,9,6,2,Yes,white,No,3,13,685.3205,0
263,582823,1257,3,1,354,42.8,7.2,16,23.7,92.2,1.67,9,2,5,Yes,blue,No,2,47,1140.3705,1
272,741835,1676,3,6,200,65.3,9,2,2.2,91.2,0.95,6,3,6,Yes,white,No,3,-3,815.4705,0
277,1112270,2590,5,6,1082,34.7,7.9,18,2.3,96.3,1.77,10,7,2,Yes,white,No,3,32,183.7205,1
279,576061,1662,1,5,601,57.6,6.6,2,33.7,93.3,1.88,2,10,2,Yes,green,No,3,0,1103.3205,1
280,768615,1295,2,2,427,14.3,9.6,25,5.8,95.2,1.42,1,10,10,Yes,green,No,2,57,495.3205,1
281,656615,1572,4,4,916,31.6,9.2,71,4.4,88.3,2.04,5,2,9,Yes,white,No,1,53,1347.4705,0
287,774424,1868,5,6,399,23.9,5.3,19,3,94,1.21,2,7,8,Yes,blue,No,2,20,562.7705,0
289,663831,1764,3,6,476,21.2,7.9,39,22,94.1,1.65,6,6,10,Yes,yellow,No,3,9,354.7205,1
292,600272,1364,2,5,443,23.5,5.7,8,11,93,1.4,10,7,3,Yes,white,No,2,16,248.3205,0
296,935769,2733,5,4,966,49.5,9.1,13,5.9,97.1,1.12,2,4,9,Yes,blue,No,2,31,5.1205,1
298,805071,1609,4,2,388,12.3,7.4,16,2.6,89.3,1.16,9,6,3,Yes,white,No,2,0,41.2205,1
300,656659,947,4,6,200,41.3,8.3,8,1.7,94.1,0.6,2,4,2,Yes,blue,No,1,10,1.3205,1
307,822665,2091,5,6,1490,26.6,8.7,0,30.4,94.6,1.2,4,8,9,Yes,green,No,2,-2,1034.9205,1
312,733397,1691,6,4,1015,32.1,8,32,4.7,89.8,1.16,8,8,5,Yes,yellow,No,2,25,1478.5705,1
319,895142,1538,2,5,200,21.4,9.1,8,2.3,98.3,1.84,5,7,8,Yes,blue,No,2,30,1380.7205,1
321,862780,2220,6,1,325,27,6.8,19,24.1,89.1,1.07,9,4,10,Yes,yellow,No,2,0,205.5705,1
322,856341,2427,2,3,513,12.6,9.9,14,11.5,87.2,1.51,9,2,2,Yes,red,No,2,11,1545.0705,1
331,1000613,1682,2,3,1301,22.7,9.3,3,0.5,90.6,1.68,5,2,10,Yes,green,No,1,31,1432.0205,1
332,998677,2336,6,6,1105,6.1,8.2,28,6.4,95.3,1.9,3,5,6,Yes,red,No,2,12,1500.4205,0
333,921718,2253,3,3,1027,52.6,8.5,3,2,91,2.5,10,2,1,Yes,blue,No,2,4,984.5705,0
337,877040,2303,6,6,988,32.6,8.9,1,12.7,95.1,1.58,4,3,9,Yes,blue,No,1,60,559.9205,0
340,885420,1586,3,3,269,8,8.9,2,2.9,96.3,1.13,3,5,8,Yes,yellow,No,2,12,101.0705,1
341,728860,1761,4,2,200,27.3,6,11,2.4,91.3,1.38,5,6,6,Yes,yellow,No,1,1,645.4205,0
351,1092132,3628,5,2,1877,19.2,7.9,17,14.9,87.5,1.14,2,3,8,Yes,red,No,3,30,534.2705,0
352,818100,1616,6,2,648,4.8,7.5,13,0.9,89.1,1.69,1,8,9,Yes,yellow,No,1,61,510.5205,0
353,792692,2042,2,5,737,48.1,8.7,55,0.5,95,1.4,4,7,7,Yes,blue,No,3,60,83.9705,1
359,508234,700,2,3,200,67.2,7.5,11,11.7,90.1,1.12,3,8,1,Yes,blue,No,2,0,1064.3705,1
362,814333,1896,5,1,978,40.8,8.8,14,0.7,89.9,0.77,5,7,1,Yes,blue,No,3,45,500.0705,0
363,571450,1096,4,7,425,27.6,8.2,0,24.9,92.3,1.58,5,2,10,Yes,blue,No,2,28,439.2705,1
366,686320,1261,6,5,650,32,8.3,0,0.5,91.6,0.61,8,1,3,Yes,blue,No,1,9,33.6205,1
374,328139,1313,2,4,933,66.9,5.1,40,8.9,87.9,1.02,4,1,9,Yes,green,No,3,59,234.0705,1
375,1343735,4500,6,4,794,11,8.4,5,3.7,90.4,1.42,5,7,2,Yes,green,No,2,41,1375.0205,1
377,718663,1463,2,4,200,22.6,10,35,4.9,93.9,0.72,4,1,8,Yes,white,No,1,22,569.4205,1
379,838645,1468,2,6,996,11.7,9.2,27,1.2,89.1,1.39,1,10,9,Yes,green,No,1,57,794.5705,1
383,948784,2823,2,2,720,6.8,7.2,36,1.6,95.2,1.26,9,1,6,Yes,white,No,1,6,966.5205,0
385,755011,1891,4,1,722,45.5,8.7,14,1.6,95.7,1.44,6,2,6,Yes,yellow,No,3,28,871.5205,1
391,872248,1908,2,5,792,29.3,6.9,5,2.8,90.4,1.19,6,4,1,Yes,red,No,3,26,850.6205,1
392,973107,2608,2,3,1119,10.3,5.5,29,18.7,91.4,1.45,10,7,3,Yes,blue,No,2,-4,900.0205,0
395,631952,914,4,3,744,45.8,7.2,16,5.6,90.8,1.6,7,5,7,Yes,blue,No,2,31,709.0705,1
399,832079,1126,5,6,540,18.8,9.6,8,1.4,94.1,1.27,10,9,9,Yes,yellow,No,3,62,899.0705,0
404,718511,1194,2,1,410,31.3,8.8,1,0.5,93.5,0.5,4,6,5,Yes,green,No,1,39,1396.8705,0
405,881312,2657,2,6,748,38.7,8.6,16,1.6,86.6,1.76,8,2,1,Yes,red,No,2,24,263.5205,0
407,615423,1855,5,3,753,69,4.3,8,21.7,93.4,1.4,4,4,3,Yes,green,No,1,29,1257.2205,1
409,873319,2359,2,2,962,39.4,8.8,14,7.9,90.8,1.23,4,9,7,Yes,red,No,3,11,552.3205,1
410,992159,2368,2,3,1872,4.8,7.2,14,0.5,93.1,1.42,6,5,6,Yes,red,No,1,14,580.8205,0
412,976459,2193,5,3,472,4.9,9.3,44,7.4,94.2,1.15,7,4,2,Yes,green,No,2,16,1278.1205,1
419,620448,1414,4,6,319,19.9,7.8,20,10.2,97.1,1.65,6,4,10,Yes,red,No,1,42,487.7205,0
423,703514,1159,4,5,714,51.1,9.1,29,1.9,91.9,0.99,8,2,7,Yes,white,No,2,-6,68.7705,0
424,946130,2826,2,1,1369,19.7,7.9,17,8.8,92.4,1.2,10,8,1,Yes,white,No,3,46,1088.1205,0
427,668997,1311,6,6,200,32.4,8.2,5,5.4,91,1.39,6,9,8,Yes,yellow,No,2,15,109.6205,1
428,929531,1892,2,2,525,32.4,9,44,3.9,87.3,1.47,3,2,2,Yes,green,No,3,61,1202.1205,0
437,636025,828,4,2,200,45.8,9.5,7,15,98.3,1.23,8,1,4,Yes,green,No,2,5,746.1205,1
441,678786,903,2,3,249,21.2,8.6,2,2.5,93.9,1.49,5,7,10,Yes,green,No,3,15,872.4705,1
447,915807,2665,3,6,544,23.3,7.7,19,19.7,93.6,1.4,2,3,3,Yes,green,No,3,14,316.7205,1
456,977502,3753,3,6,1514,36.6,8,32,0.5,88.8,1.3,4,2,6,Yes,yellow,No,3,37,1353.1705,1
474,751986,1505,5,7,200,29.9,8.4,7,3.4,90.4,1.3,3,10,4,Yes,yellow,No,2,37,1312.3205,1
481,471701,1300,3,3,474,35.3,5.4,20,18.7,97.6,1.58,8,4,3,Yes,yellow,No,3,24,288.2205,1
493,912587,3194,1,3,678,37.3,8.7,66,8.4,96,1.97,2,2,3,Yes,green,No,2,57,902.8705,1
495,647294,1405,5,4,283,7.7,7.6,25,4.2,96.5,1.34,9,5,5,Yes,yellow,No,2,-3,576.0705,0
499,1201961,3210,4,1,1386,36.5,7.4,2,12.5,91.3,1.46,5,4,9,Yes,yellow,No,1,29,223.6205,0
4,876274,2312,1,2,794,42.2,7.7,12,3.9,91.3,1.25,10,6,7,Yes,yellow,No,1,50,529.5205,1
6,849613,2198,6,7,202,35.9,7.7,19,18.9,87.2,1.35,5,5,3,Yes,yellow,No,2,21,454.4705,1
10,851938,2582,4,5,1263,48.7,8.6,7,10.5,90.5,1.32,9,6,10,Yes,white,No,2,6,1473.8205,1
17,709818,1393,3,6,200,49.6,7.4,18,6.4,92,0.87,4,7,9,Yes,green,No,3,52,1101.4205,1
20,1005156,2535,5,4,941,14.1,8.4,25,3.9,95.1,0.93,9,9,10,Yes,white,No,2,16,1146.0705,1
27,323837,1207,3,7,335,28.6,5.4,73,11.2,90.5,1.54,2,3,4,Yes,blue,No,3,45,1177.4205,0
28,773762,1838,4,4,597,11.3,6.5,8,8.6,95.8,1.45,4,5,1,Yes,green,No,1,-1,1106.1705,0
29,566713,1019,4,1,244,31.9,8.1,32,40,94.7,1.59,8,5,7,Yes,blue,No,3,30,869.6205,1
35,677853,1606,5,1,573,14.5,9.5,11,27.8,92.9,1.62,10,9,4,Yes,green,No,2,48,1356.0205,1
41,726991,1677,4,3,491,42.7,7.4,1,2.7,90.9,1.19,3,10,6,Yes,blue,No,2,-4,1058.6705,1
43,423712,1087,2,7,282,58.4,5.3,12,13.7,91.8,1.08,4,9,6,Yes,yellow,No,3,-2,466.8205,0
49,890079,1145,3,5,458,15.3,8.7,3,0.7,94.1,1.68,2,1,6,Yes,white,No,2,48,1267.6705,0
52,657411,1192,5,5,200,35.5,6.9,5,0.5,98.7,0.91,10,8,9,Yes,white,No,2,4,1239.1705,0
53,778383,1552,3,5,1392,12.5,7.2,5,5.6,98,1.79,10,3,1,Yes,blue,No,3,43,114.3705,0
55,663570,1491,3,7,740,31.6,7.8,1,6.5,94.7,0.86,6,8,2,Yes,yellow,No,2,40,1155.5705,1
64,969421,2550,1,5,528,44.3,9.4,14,9.8,93.3,1.52,3,1,10,Yes,blue,No,3,8,538.0705,0
65,525419,1322,3,5,200,40.5,5.1,42,9.3,89.9,1.61,4,9,5,Yes,green,No,3,-2,950.3705,0
66,629282,1858,4,2,996,54.5,9.2,100,0.5,93,1.44,4,4,1,Yes,yellow,No,1,42,1056.7705,1
67,1031269,2706,1,1,989,13.5,9.5,30,0.9,92.3,1.62,10,6,5,Yes,red,No,2,6,1115.6705,0
71,939547,2508,4,3,1215,18.3,7.4,68,1.3,91.7,2.1,1,5,2,Yes,green,No,1,46,1190.7205,0
76,589330,1900,1,5,915,39,6.6,69,1.3,92.4,1.75,4,6,6,Yes,yellow,No,1,52,596.0205,1
81,842757,1410,1,4,882,19.2,7.6,11,2.2,97.1,1.84,4,7,9,Yes,yellow,No,1,37,590.3205,0
86,849094,1954,1,2,904,29.7,7.2,13,0.8,90.2,1.2,6,7,8,Yes,yellow,No,3,25,1102.3705,1
88,570066,1639,1,7,200,44.2,4.8,23,1,92.3,1.41,7,2,7,Yes,green,No,2,18,766.0705,0
91,738965,1246,3,6,200,20.2,8.8,7,4.3,89.8,1.33,5,10,7,Yes,blue,No,2,48,1010.2205,0
93,898070,1736,5,6,792,43.3,9.5,8,1.7,94,1.06,1,7,7,Yes,blue,No,1,5,350.9205,1
105,449176,1200,2,3,840,36.5,5.1,57,11.5,92.3,1.56,1,7,7,Yes,blue,No,2,18,178.0205,1
107,809449,1776,2,1,501,26,9.9,4,13.5,92.1,1.51,1,9,4,Yes,green,No,1,48,1373.1205,1
109,784999,2652,2,4,1306,44.6,7.4,3,7.8,93.2,1.48,5,5,6,Yes,red,No,2,25,1441.5205,0
111,788949,1285,3,1,275,32.8,9.2,2,18.7,95.3,1.21,4,8,4,Yes,white,No,2,10,12.7205,0
117,542257,1262,3,6,200,40.6,4.7,2,3.2,94.2,1.55,9,7,9,Yes,yellow,No,2,9,310.0705,1
119,791468,1659,4,6,740,32,6.7,4,1.1,92.3,1.47,8,4,1,Yes,blue,No,2,55,556.1205,0
121,885616,2683,4,7,877,63,8.1,33,1.8,88.2,1.19,8,9,9,Yes,white,No,1,13,464.9205,0
124,719854,1791,4,3,802,8,5.6,29,3.5,94.1,1.05,8,10,10,Yes,yellow,No,2,37,1000.7205,0
126,830836,2454,3,5,997,52.2,7.6,6,19.5,97.2,2.04,3,1,9,Yes,yellow,No,1,33,293.9205,0
127,835249,2448,5,3,965,7.6,5.3,1,16.2,98.3,1.75,8,5,8,Yes,red,No,2,36,1052.0205,1
136,736032,1724,4,7,728,28.4,6.4,14,8,93.1,1.27,6,7,8,Yes,red,No,3,1,733.7705,0
138,943223,2224,4,4,698,37.9,7,17,4.5,90.8,1.49,9,8,6,Yes,yellow,No,3,7,451.6205,1
139,638121,1022,6,5,506,13.1,6.5,3,6.3,95.1,0.98,4,3,4,Yes,yellow,No,2,15,1103.3205,1
142,764700,1392,2,3,1306,25.6,7.9,2,8,88.9,2.12,4,7,9,Yes,white,No,2,10,297.7205,0
143,538127,1085,4,4,200,29.1,8.1,34,9.4,95.7,1.44,8,2,2,Yes,blue,No,2,14,376.5705,1
149,871221,1974,3,6,722,26.8,7.5,36,1.5,90.1,1.42,2,1,7,Yes,blue,No,1,61,1231.5705,0
153,796541,1509,4,3,200,36,9.1,3,1.7,97.1,1.19,4,4,8,Yes,green,No,2,51,477.2705,1
154,581184,1057,1,3,1049,6.8,7.2,100,3.4,99,0.81,4,4,6,Yes,yellow,No,2,-1,446.8705,1
156,853344,1573,2,2,519,22.4,8.9,43,2.7,99,1.11,5,2,7,Yes,green,No,2,13,333.8205,0
158,690122,1253,6,2,261,29.4,9,55,39.2,96.8,1.64,9,10,4,Yes,yellow,No,2,33,1485.2205,0
159,1052637,2097,2,6,686,22,9.7,6,2.9,90.6,1.08,3,4,5,Yes,white,No,2,34,154.2705,1
162,947362,2447,4,3,1545,28.5,8.2,16,6.4,90.2,1.2,5,4,3,Yes,yellow,No,3,4,609.3205,1
166,1314352,4500,1,6,1511,21.1,8.4,8,7,94.8,1.61,4,9,7,Yes,green,No,2,-3,1388.3205,1
167,1077720,3316,2,2,800,7.7,8.2,13,23.2,88.2,1.7,6,7,4,Yes,green,No,2,45,527.6205,0
168,629171,2318,3,5,399,36.3,6.9,44,36.3,92.2,0.85,10,2,1,Yes,yellow,No,1,32,917.1205,1
170,725444,1730,3,4,711,24.7,8,56,14.4,96,1.83,8,9,8,Yes,red,No,2,-2,1111.8705,0
174,570078,1368,4,4,200,41.1,8.4,2,4.1,90.8,1.28,9,10,2,Yes,white,No,1,32,1090.0205,1
176,935897,2665,5,3,1512,35.5,7,0,6.8,92.7,1.53,4,6,1,Yes,green,No,2,7,61.1705,0
186,603251,1132,5,5,200,23.4,8.4,39,6.3,97.2,1.01,10,7,9,Yes,yellow,No,3,26,1447.2205,0
188,819036,2246,2,7,541,41.4,6.7,9,11.7,91.8,1.65,5,4,1,Yes,red,No,3,19,189.4205,1
190,865574,2507,4,4,1187,47.9,6.4,16,3.6,93.8,1.38,4,3,7,Yes,blue,No,2,11,544.7205,1
194,772198,1858,1,2,410,11.8,5.3,2,12.6,90.7,1.64,2,4,1,Yes,white,No,2,12,269.2205,1
197,979385,2255,1,4,1196,40.2,9,7,14.6,93.5,0.86,7,3,4,Yes,red,No,3,25,1459.5705,0
198,1233210,3724,2,7,1866,23.7,8.4,24,1.7,92.9,1.15,3,1,5,Yes,red,No,3,31,92.5205,1
211,897449,2239,5,1,492,16.1,7.3,14,6.7,99,1.29,7,4,4,Yes,blue,No,2,-6,1408.2705,0
212,827096,2253,2,5,767,48.7,7.8,1,14.4,90.8,1.65,3,5,5,Yes,yellow,No,1,6,1483.3205,0
214,602282,1278,4,7,676,57,8.4,52,15.8,95.4,1.48,5,6,9,Yes,blue,No,2,36,1108.0705,0
216,903390,1958,4,5,1103,28.2,9.3,11,10.3,92.9,1.29,6,8,5,Yes,red,No,1,12,1440.5705,0
217,933811,3027,5,2,1131,30.2,8.4,34,0.7,92.1,1.37,6,7,6,Yes,white,No,2,11,1166.0205,0
219,748901,1666,3,2,512,44.4,9,61,3,90.3,1.94,8,10,4,Yes,blue,No,2,17,484.8705,1
230,971945,2328,2,2,1204,50,9.4,0,0.5,86.1,1.36,1,4,5,Yes,white,No,2,38,92.5205,0
234,594637,1470,4,2,240,30.5,6.7,56,25.9,92.8,1.32,6,6,10,Yes,green,No,1,24,1132.7705,0
243,850113,1694,5,2,464,42.5,6.4,9,0.8,90.7,1.07,6,10,1,Yes,white,No,2,15,586.5205,1
247,702849,1813,6,7,357,35,7.8,16,10.7,91,1.3,5,7,1,Yes,white,No,2,18,1001.6705,0
257,1029877,2665,1,1,623,31.6,6.6,50,5.1,88.6,1.95,7,4,9,Yes,blue,No,1,56,291.0705,0
258,719331,1950,1,5,675,48.9,5.3,43,0.5,94.9,1.92,2,6,4,Yes,green,No,1,39,1086.2205,1
261,660704,1501,5,6,289,39.3,8.6,72,7.7,93.3,0.5,1,4,10,Yes,yellow,No,3,31,761.3205,0
267,845746,2412,2,1,1236,21.3,6.5,11,14.3,97.7,1.44,3,4,8,Yes,yellow,No,2,42,1024.4705,0
277,1246229,4258,2,3,1720,24.7,7.8,18,0.8,91.3,1.34,8,4,9,Yes,white,No,3,22,340.4705,0
278,828464,2366,5,3,368,55,7.8,12,1.6,92.8,1.84,10,7,10,Yes,white,No,3,17,871.5205,1
284,527634,700,6,5,200,32.2,7.9,78,7.2,89.3,1.83,5,2,10,Yes,white,No,2,22,1415.8705,0
286,840861,2505,3,1,983,41.6,7.4,7,4.1,90.7,1.09,9,6,3,Yes,green,No,2,47,905.7205,0
289,753586,1442,6,2,388,61.4,6.2,4,14.4,84.3,1.45,4,5,7,Yes,yellow,No,2,5,1108.0705,0
290,565001,924,5,1,200,30.1,6.7,18,29.9,98.2,1.46,9,5,4,Yes,white,No,2,20,429.7705,0
291,659097,1745,2,2,1214,8.6,8.3,51,7.5,94.8,1.82,10,6,6,Yes,green,No,2,8,97.2705,0
293,807277,2386,3,3,993,19.2,5.2,2,3.8,94.1,1.24,9,5,5,Yes,white,No,2,32,865.8205,0
295,675177,2451,6,1,789,47.6,9.3,55,7.4,87.9,2.1,3,3,5,Yes,red,No,2,48,232.1705,1
314,889079,1336,4,3,557,15.9,9,1,1.9,96.2,1.42,5,4,10,Yes,white,No,2,20,1259.1205,1
315,925217,2436,5,3,1330,23,8.4,8,8.9,95,1.94,7,5,6,Yes,white,No,1,38,1536.5205,1
319,589119,1348,4,4,835,33.2,7,48,4.2,91.7,2.05,7,7,10,Yes,yellow,No,2,15,1378.8205,1
325,679395,1842,5,3,1140,20.3,8.5,21,18.8,90.6,1.03,10,4,3,Yes,red,No,2,13,59.2705,1
327,706726,1702,1,6,397,32.8,6.7,2,9.2,90.1,1.3,3,4,3,Yes,blue,No,1,40,1054.8705,1
329,760678,1836,6,3,1575,25.8,6.3,2,3.5,90.4,1.49,6,6,8,Yes,yellow,No,2,37,100.1205,1
333,931751,1897,2,4,705,22,7.8,19,9.4,95.9,1.8,2,3,7,Yes,green,No,2,16,255.9205,1
335,1019952,2583,2,6,469,45.8,9.7,30,1.2,93.9,1.18,9,2,7,Yes,blue,No,2,52,833.5205,0
336,710618,2062,2,2,750,44.7,7.4,8,22.4,96.7,0.63,1,3,4,Yes,red,No,2,33,940.8705,1
344,765506,1130,1,6,550,44.4,8.8,35,7.9,97.5,1.69,9,7,6,Yes,blue,No,2,24,980.7705,0
347,836819,1578,4,2,336,24.9,8.4,19,1.5,95.2,1.41,8,3,5,Yes,blue,No,1,18,302.4705,1
353,789558,2091,5,2,880,43,8.8,100,2.3,96.2,0.96,10,2,9,Yes,blue,No,2,18,1135.6205,1
354,901748,2357,3,2,749,16.2,9.6,24,1.5,91.3,0.98,10,4,10,Yes,red,No,1,14,1043.4705,1
356,958689,2515,5,3,333,15.2,6.6,33,4.4,91.5,1.29,2,2,10,Yes,yellow,No,1,39,169.4705,0
360,628982,1463,6,3,200,44.3,5.4,18,1.5,91.1,1.71,10,10,10,Yes,yellow,No,2,9,114.3705,1
362,957749,1969,1,2,1022,22.9,8.4,0,0.6,98.4,1.17,9,6,8,Yes,blue,No,2,0,427.8705,1
366,795316,2036,5,6,564,14.5,9.4,10,9,94,1.67,4,10,5,Yes,blue,No,1,25,830.6705,0
367,807808,2196,3,4,636,31.1,8.7,23,6.4,90,1.29,8,4,6,Yes,yellow,No,2,12,298.6705,0
368,766461,2058,5,6,1004,33,8.1,12,24.4,90.9,0.69,8,4,8,Yes,red,No,1,51,1299.0205,1
371,699348,1573,4,2,399,46.2,8.1,0,2.3,90.3,0.77,10,6,2,Yes,white,No,2,49,1125.1705,0
372,757560,1306,5,6,783,13.1,9.5,19,0.8,94,1.44,9,8,2,Yes,blue,No,1,31,823.0705,1
378,586754,1301,4,1,200,27.8,8.9,0,40,94.4,1.57,5,3,9,Yes,red,No,2,-1,188.4705,1
382,789366,2004,2,7,200,7,9.1,20,40,93.2,0.5,1,5,5,Yes,red,No,2,0,706.2205,0
383,800252,1859,3,7,1130,56.1,4.4,44,3.4,96.1,1.45,3,6,8,Yes,red,No,1,49,1280.9705,1
387,1133328,3185,5,1,1212,24.7,7.9,14,9.8,99,1.2,2,7,9,Yes,red,No,3,47,1011.1705,1
392,708320,1728,4,6,1000,31.2,8.3,4,2,99,2,6,2,7,Yes,yellow,No,2,36,80.1705,1
393,887848,3123,6,3,1230,54.4,7.8,32,6.3,91.4,1.42,4,4,9,Yes,yellow,No,2,-1,1527.9705,1
394,626053,1595,2,4,329,15,5.3,10,15.9,84.2,1.23,10,9,10,Yes,yellow,No,2,8,937.0705,0
395,704323,1343,4,4,396,33,8.7,9,27.3,93.2,1.41,5,2,3,Yes,green,No,3,25,494.3705,1
401,735944,1954,4,1,904,32.8,5.8,4,3.9,85,0.88,3,1,4,Yes,blue,No,1,52,9.8705,1
403,867301,2240,2,6,1263,31,8.4,73,1,94.8,1.08,1,4,4,Yes,blue,No,2,-1,1278.1205,0
404,872536,1696,6,5,502,31.3,7,0,17.1,91,1.33,2,4,1,Yes,red,No,2,29,1529.8705,1
406,608645,787,1,2,507,16.4,9,62,12.7,96.6,1.49,9,4,2,Yes,yellow,No,2,21,1247.7205,0
407,909071,3691,3,4,1246,29.8,5.9,20,3.7,91.5,2.07,8,5,9,Yes,yellow,No,3,-3,455.4205,1
408,614414,991,6,7,377,42.8,9,12,4.2,99,1.44,3,3,8,Yes,white,No,1,19,74.4705,0
410,821836,1774,5,2,627,9,8.6,20,4.6,95.1,1.7,9,5,7,Yes,blue,No,2,-4,138.1205,1
424,773364,1328,3,3,531,10,7.5,4,1.3,97.8,1.59,7,1,2,Yes,yellow,No,2,25,1449.1205,0
429,532003,966,1,1,834,51,7.6,100,3.7,99,1.23,5,3,3,Yes,white,No,1,-1,793.6205,0
431,729991,1377,1,2,670,56.1,8.1,36,7.2,91.9,0.54,6,4,2,Yes,white,No,2,29,1177.4205,1
437,821584,1902,4,7,1750,16.2,7.8,43,12.4,93.8,1.3,10,6,9,Yes,green,No,2,39,537.1205,0
441,711803,1362,2,6,520,8.4,7.2,6,20.5,91.4,1.25,3,10,2,Yes,green,No,3,37,548.5205,0
442,1008255,2938,2,2,607,23.1,7.3,36,2.8,94.7,1.61,7,1,1,Yes,blue,No,2,38,85.8705,1
443,485240,1657,1,4,542,46.1,6.1,56,18.9,90.8,1.07,4,2,7,Yes,blue,No,1,4,228.3705,1
446,654849,1336,5,6,895,34.8,8.8,51,9.6,88,1.34,1,10,6,Yes,red,No,2,-3,1427.2705,0
452,781539,2110,5,6,1007,32,7,89,10.7,90.2,1.97,7,3,8,Yes,yellow,No,1,-5,298.6705,1
457,798104,2561,4,3,399,15.9,4.8,28,9.5,90.3,0.69,3,5,5,Yes,yellow,No,3,21,1484.2705,0
460,1044231,3140,5,4,1273,33.9,9,5,2.9,93,0.96,8,2,2,Yes,green,No,2,43,686.2705,0
465,988206,2544,2,4,1133,17.4,9.1,3,2.9,89.3,1.33,6,7,2,Yes,red,No,3,63,346.1705,0
471,911532,1753,2,3,432,20.8,8.9,4,1,93.6,1.38,4,2,9,Yes,red,No,3,6,1140.3705,1
475,875443,2128,2,6,1009,28.3,9.3,9,1.6,88.2,1.99,3,8,2,Yes,yellow,No,2,32,1511.8205,1
484,666927,1132,4,4,213,7.8,7.5,30,13.2,87.7,1.11,7,10,6,Yes,yellow,No,1,6,148.5705,1
487,814060,2083,3,6,606,43.7,8.8,1,4,88.7,1.38,7,8,2,Yes,green,No,1,43,1479.5205,1
489,827638,2198,1,4,409,18.4,8.3,43,36,90,1.52,2,2,2,Yes,blue,No,1,55,585.5705,0
494,780815,1482,4,2,200,29.1,8.8,7,1.2,96.6,0.98,10,10,4,Yes,yellow,No,3,16,1001.6705,0
3,1140900,3494,4,3,1761,49.7,8.1,0,5.4,94.8,1.61,10,4,9,Yes,green,No,2,13,963.6705,1
8,690481,1342,3,3,332,3.4,6.6,89,6.4,99,1.31,8,3,7,Yes,yellow,No,2,12,994.0705,1
12,1029356,2209,6,5,1411,18.2,9.8,2,0.5,95.5,1.12,1,1,1,Yes,red,No,3,7,237.8705,0
18,1039045,2826,3,2,1233,48.5,8.3,23,5.6,92.6,1.67,8,5,8,Yes,yellow,No,3,18,987.4205,1
24,536589,1261,5,4,1035,20.3,5.8,7,9.3,90.1,0.92,7,1,1,Yes,white,No,2,-5,554.2205,0
26,544941,1244,4,4,945,42.5,8,27,16.7,89,1.15,2,7,4,Yes,yellow,No,2,23,1282.8705,0
27,685493,1607,2,6,547,12.9,8.7,9,5.5,96.8,2.13,6,7,9,Yes,red,No,3,17,398.4205,0
32,645155,1086,2,2,663,19.2,7.5,2,2.3,87.7,1.2,3,5,8,Yes,yellow,No,1,35,346.1705,1
33,933530,2129,3,7,630,17.7,8.2,19,1.5,95.9,1.43,7,8,7,Yes,red,No,2,29,1338.9205,0
35,1024857,2804,5,4,602,12.8,9.1,71,0.5,98.8,1.47,3,6,3,Yes,blue,No,1,13,376.5705,0
37,847242,2251,4,7,1080,26.7,8.8,95,5.5,92.6,1.23,2,4,9,Yes,yellow,No,2,24,848.7205,0
38,1023455,3261,3,1,1490,52.8,6.9,41,1.9,94,0.7,7,9,2,Yes,white,No,2,57,153.3205,1
41,584590,1609,5,4,877,31.6,7,16,5.2,94.2,1.34,5,8,9,Yes,yellow,No,3,62,944.6705,0
44,551865,1794,4,4,598,52.3,5.9,29,6.9,88.5,1.2,2,8,2,Yes,red,No,2,-1,1537.4705,1
47,883501,1852,2,5,663,9.8,6.9,5,4,99,1.21,5,2,1,Yes,yellow,No,2,-5,589.3705,0
48,937627,2719,3,4,1001,55,8.6,11,1.2,93.9,1.79,8,4,6,Yes,blue,No,3,22,1478.5705,0
52,844023,1388,5,6,200,25.4,7.8,10,1.7,93.6,1.68,3,2,8,Yes,red,No,3,57,387.9705,1
55,876346,2504,2,6,479,23.8,8.4,24,10.9,94.2,1.27,8,9,7,Yes,green,No,3,13,332.8705,1
57,643230,1591,5,4,694,32.6,6.3,66,2.8,97.2,1.09,7,8,9,Yes,white,No,3,-2,510.5205,1
60,1005123,2704,2,2,540,36.2,9.4,27,6.1,99,1.19,3,9,9,Yes,red,No,2,-3,1314.2205,0
68,781950,2165,3,6,597,50.1,8.5,22,6.5,95.4,2.5,8,10,6,Yes,white,No,1,60,1515.6205,0
73,849483,2078,5,6,662,17.4,8.3,8,7.4,90.1,2.05,10,5,6,Yes,white,No,2,62,855.3705,1
86,750605,2187,4,6,1464,30.7,8.1,31,10.3,93.4,1.76,2,7,9,Yes,green,No,1,3,408.8705,1
87,1055900,3456,5,4,925,29.8,8.3,18,7.2,95.1,1.44,5,7,7,Yes,yellow,No,2,19,835.4205,0
95,661254,1741,4,2,200,52.9,6.9,16,5.7,94.2,1.3,2,9,7,Yes,red,No,3,6,1011.1705,1
98,807438,2598,4,3,713,12.3,8.3,17,13.3,91.5,1.3,4,1,9,Yes,green,No,1,60,327.1705,1
101,719165,1574,6,6,552,29.4,8.1,0,5,87.3,1.4,2,7,3,Yes,green,No,1,44,159.9705,1
104,710499,2084,6,2,714,29.5,7.7,36,25.3,98.5,1.61,5,7,3,Yes,blue,No,2,18,429.7705,0
111,711357,1533,2,5,200,11.8,7.6,34,15.9,99,1.28,8,9,1,Yes,green,No,2,10,1265.7705,0
114,842846,1698,6,3,1299,33.7,8.8,2,6.1,88.5,1.43,6,9,4,Yes,red,No,1,52,1433.9205,1
115,957227,1792,5,5,645,18.1,7.4,8,4.1,91.3,1.74,5,8,3,Yes,white,No,3,46,1305.6705,0
116,645894,1278,1,5,200,17.3,7,17,8.2,91.6,1.88,3,6,3,Yes,white,No,3,4,488.6705,0
119,763707,2295,4,6,1021,34.8,9,32,13.5,91.3,1.49,10,8,1,Yes,blue,No,1,42,1308.5205,1
122,949385,2294,3,3,891,9.8,8.3,16,6.9,98.1,1.5,9,8,8,Yes,yellow,No,2,43,627.3705,1
124,960159,2730,1,2,1476,57.9,8.4,10,4.2,89.2,1.49,3,4,9,Yes,red,No,3,6,492.4705,0
125,779204,2574,2,4,218,9.4,6.1,24,10.6,99,1.53,2,4,8,Yes,blue,No,2,38,653.0205,0
126,980154,1938,6,4,677,6.2,9.2,13,1.1,99,1.33,5,6,5,Yes,blue,No,3,43,533.3205,1
127,684769,1598,3,4,1079,46.2,7.8,23,8.5,95.5,2.5,7,8,9,Yes,blue,No,2,6,176.1205,1
129,865584,2257,6,5,1036,27.8,6.9,4,17.6,92.7,1.02,3,3,7,Yes,red,No,3,3,972.2205,1
130,716759,1417,4,4,367,20,8.3,5,6.9,94.4,1.79,5,3,8,Yes,red,No,2,18,802.1705,1
133,927627,3059,3,6,1326,46,5.3,24,3.4,95.1,1.31,3,2,2,Yes,blue,No,2,14,914.2705,1
138,654316,1210,2,6,200,28.8,7.7,16,0.5,96.6,1.15,2,5,9,Yes,blue,No,1,33,693.8705,0
139,824541,2151,2,6,538,34.9,7,3,6.6,97.8,1.5,10,4,4,Yes,white,No,3,-5,1004.5205,0
153,873169,2192,2,2,1198,49.9,8.6,7,18.4,93.9,1.68,5,2,4,Yes,blue,No,3,58,130.5205,0
164,1058109,3223,1,2,1327,36.9,8.6,2,0.5,94.1,1.43,1,3,9,Yes,green,No,1,28,1511.8205,1
165,579083,1607,5,2,232,20,9.1,55,0.7,94.8,1.3,8,1,6,Yes,green,No,3,52,1515.6205,0
167,624276,1276,5,2,863,45.6,9.2,3,19.4,93.8,1.23,9,7,3,Yes,green,No,2,36,1028.2705,1
170,765655,2380,2,6,923,49.4,5.3,13,8.5,87.6,1.84,7,8,10,Yes,green,No,2,60,741.3705,0
171,766951,2665,1,7,515,34.7,8.5,83,24.7,88.6,1.39,3,6,9,Yes,blue,No,2,23,1027.3205,1
172,1222548,3118,4,4,1440,32.2,9.1,5,2.8,93.4,1.66,2,2,8,Yes,white,No,2,11,843.0205,0
181,799076,1215,6,6,598,9.5,8.9,12,6,88.3,1.55,8,9,3,Yes,green,No,2,22,706.2205,1
183,590841,997,6,1,807,29.3,8.7,35,10.3,90.8,0.84,4,2,3,Yes,white,No,2,-1,879.1205,1
188,992119,2918,4,2,698,8.9,8.2,7,0.5,88.9,0.64,4,9,6,Yes,blue,No,2,36,103.9205,1
189,990930,3672,5,2,557,44.8,9.5,28,7.1,90.1,1.63,2,6,1,Yes,blue,No,3,50,786.0205,0
191,708982,2152,5,2,1120,22.9,7.7,100,8.5,95.6,1.81,6,10,9,Yes,blue,No,1,0,1083.3705,0
192,841862,1932,6,4,657,16.5,7.7,20,12.9,95.2,1.2,8,7,3,Yes,white,No,2,46,20.3205,1
200,668460,1191,6,3,200,42.3,7.4,6,2.2,97.1,1.09,10,5,8,Yes,red,No,1,8,697.6705,1
201,1208516,3142,1,2,1036,11.3,9.4,13,6.5,93.9,1.85,9,5,6,Yes,blue,No,2,52,1320.8705,0
203,728272,1086,4,6,824,25.8,8.6,30,2.9,91.7,1.3,9,2,9,Yes,blue,No,3,39,449.7205,1
212,774011,1536,2,3,778,14.1,9.5,34,3.8,93.5,1.96,4,7,4,Yes,yellow,No,1,14,1447.2205,1
213,775998,1196,6,2,853,14.1,7.4,5,8.8,92.4,1.23,3,1,3,Yes,blue,No,3,27,131.4705,0
217,790506,2255,1,5,1196,30.4,7.6,19,2,96.3,1.04,10,2,7,Yes,green,No,1,53,335.7205,1
222,960990,1925,4,1,1236,11.4,7.9,1,2.6,94,1.59,5,8,3,Yes,yellow,No,2,33,1198.3205,0
224,642686,2013,5,4,200,40.8,9.8,6,37.6,88.3,1.81,9,10,5,Yes,green,No,2,49,1039.6705,1
231,709677,1537,2,6,200,29.4,7,4,4.1,94.2,1.49,1,8,8,Yes,red,No,1,42,1261.0205,1
234,534896,932,4,4,786,46.4,8.7,53,15.4,96.7,1.71,10,6,8,Yes,white,No,2,18,1315.1705,0
235,670676,1039,5,5,484,45.4,7.6,1,0.6,91.9,1.26,10,9,4,Yes,white,No,3,26,1546.0205,1
237,799942,1935,3,3,1232,24.1,9.1,31,23.9,93.4,1.7,4,6,9,Yes,yellow,No,2,-5,193.2205,0
242,1107226,3064,4,2,1257,19.3,9.4,21,1.8,90.7,1.3,8,1,8,Yes,green,No,2,25,1414.9205,1
245,1259653,3690,5,1,1730,37,7.4,31,3.2,91.5,1.6,6,8,9,Yes,yellow,No,2,37,1284.7705,1
248,747931,1636,4,2,200,11.2,8.2,24,1.7,94.8,1.43,7,2,5,Yes,yellow,No,2,16,448.7705,1
250,725856,1615,3,2,736,5.7,6.4,9,9.7,90.4,0.96,4,1,10,Yes,red,No,2,50,901.9205,1
252,709482,2175,4,2,700,32.7,6.7,5,8.9,90.9,1.15,3,7,5,Yes,yellow,No,1,29,159.9705,1
261,871507,2529,5,6,684,64.1,6.1,26,1,89.6,1.39,5,2,6,Yes,blue,No,1,20,1541.2705,0
263,850328,1188,3,6,670,25.2,8.1,4,1,93.1,1.14,1,1,8,Yes,blue,No,3,54,1393.0705,0
267,836508,2568,4,6,1028,10.1,8.2,9,16.4,90.2,1.28,5,8,1,Yes,blue,No,1,1,354.7205,1
269,907497,1833,4,4,200,21.4,9.8,8,5.7,99,1.64,10,5,5,Yes,blue,No,3,12,799.3205,0
272,945351,3117,5,5,1102,30.9,6.5,24,40,94.4,1.01,6,10,7,Yes,red,No,2,54,1470.0205,0
277,779377,1596,5,1,742,13,8.3,14,28.7,94,1.63,6,6,8,Yes,yellow,No,1,30,83.9705,1
279,908694,2699,3,6,829,20.1,8.1,4,3.9,93,1.82,5,9,4,Yes,green,No,1,21,866.7705,1
281,824988,1392,4,2,490,28.7,8.8,38,1.2,90.6,0.73,6,10,2,Yes,white,No,1,16,336.6705,1
282,837255,2515,2,5,610,28.2,6.2,43,9.1,91.9,0.69,10,6,5,Yes,white,No,2,18,940.8705,0
285,721878,1181,5,4,278,51.3,9.8,36,12.1,86.1,1.71,3,9,9,Yes,blue,No,1,4,1455.7705,1
286,795182,1948,3,7,740,5.3,7.6,20,3.8,92.4,1.36,8,2,4,Yes,white,No,2,61,876.2705,0
289,861266,2283,4,2,388,27.4,8.1,0,2.1,86.3,1.44,7,9,6,Yes,red,No,1,41,1019.7205,0
290,630838,1404,5,3,200,47,9,22,9.2,90.5,1.73,9,1,8,Yes,yellow,No,2,54,726.1705,0
293,836610,1840,2,1,389,23.7,8.4,3,2.5,97.8,1.97,2,4,6,Yes,green,No,2,39,909.5205,1
296,509625,953,5,6,200,30.8,4.8,27,8.3,98.6,2.06,10,8,6,Yes,green,No,2,57,253.0705,0
301,727781,1353,2,7,883,28.2,7.6,22,0.6,97.4,1.74,5,5,6,Yes,white,No,2,41,216.9705,1
303,880271,2142,6,4,628,30.4,7.9,80,1.5,88.5,1.55,4,5,7,Yes,white,No,1,23,284.4205,0
307,620942,1329,6,4,425,39.2,7.9,30,5.9,90.5,1.12,5,1,6,Yes,blue,No,1,22,342.3705,1
312,928828,2021,2,5,1102,59.1,8.6,8,3.3,89,1.14,10,1,3,Yes,blue,No,2,60,1242.9705,1
318,783788,1852,6,4,288,8.6,8,56,3.9,88.2,1.73,1,7,10,Yes,blue,No,3,8,1145.1205,0
319,909161,2133,3,1,922,15.6,8.9,6,4.4,93.7,1.3,5,9,5,Yes,yellow,No,2,33,956.0705,0
320,788765,1977,2,3,200,39,8.7,23,2.9,98,1.83,2,2,10,Yes,red,No,2,44,962.7205,0
324,646993,1434,3,2,200,63.9,8.9,3,13.8,92.4,1.26,6,1,7,Yes,blue,No,2,-2,634.9705,0
325,869677,2452,3,5,1242,29.3,8.7,57,1.2,96.1,1.21,5,6,7,Yes,white,No,3,51,746.1205,1
327,725149,1233,4,2,238,17.3,9.6,45,2.7,91.7,1.43,2,9,4,Yes,green,No,2,34,598.8705,0
333,620962,1518,6,2,497,30,8.5,55,6.7,96.6,1.35,9,8,9,Yes,red,No,3,12,754.6705,1
338,723423,1122,5,3,490,26,7.5,2,14.2,89.6,1.01,10,8,9,Yes,blue,No,3,21,1384.5205,1
339,855745,2959,5,6,1291,30.3,8.2,3,29.2,96.9,1.31,10,2,7,Yes,white,No,2,62,1487.1205,0
341,716870,1406,5,2,563,32.5,8,27,0.8,91.2,1.81,7,3,9,Yes,yellow,No,2,10,883.8705,1
349,827385,1511,2,5,620,9.5,9.8,19,4.3,93.2,1.34,10,8,3,Yes,yellow,No,2,46,1468.1205,1
358,873925,1886,3,5,851,17.9,8.1,12,2,95.4,0.96,1,3,6,Yes,white,No,2,11,953.2205,1
360,567201,954,3,6,524,49.5,9.3,29,4.2,93.4,1.28,8,10,6,Yes,white,No,1,-1,1399.7205,1
363,702711,1551,5,6,281,25.9,7,24,19.9,93.8,1.51,5,5,8,Yes,green,No,1,53,1400.6705,0
364,547498,1008,5,2,206,55.2,8.1,39,23.6,86.7,0.96,7,8,10,Yes,white,No,3,35,558.0205,1
366,1022848,2809,1,7,943,34.1,8.7,23,19.5,92.2,1.29,6,4,5,Yes,green,No,3,15,1340.8205,1
374,840475,1620,6,6,1123,9.3,9.9,5,1.5,91.6,1.37,7,3,8,Yes,white,No,1,55,53.5705,1
381,467038,846,3,4,342,9,8.5,70,8.7,85.5,2.4,6,7,9,Yes,red,No,3,31,1517.5205,1
403,530806,1279,3,2,200,27.4,7.1,6,5.3,87.8,1.71,7,9,6,Yes,red,No,3,54,399.3705,0
405,671117,1552,1,3,695,52.8,9.5,79,4.2,93.7,1.4,9,5,8,Yes,white,No,1,20,391.7705,1
406,923060,1377,2,2,528,6.4,8.2,20,3.6,95.2,1.52,9,1,10,Yes,blue,No,2,18,371.8205,0
408,553443,1051,3,2,443,44.1,8.3,15,7.4,93.8,0.72,10,8,7,Yes,blue,No,2,39,158.0705,0
410,687095,2287,4,2,1108,69.7,8,18,18.2,90.8,1.18,6,7,5,Yes,white,No,1,4,487.7205,0
412,807538,1351,4,4,200,18,8.5,3,6.9,86.1,1.06,5,3,8,Yes,white,No,3,57,62.1205,1
416,834061,2095,1,3,1052,42.7,6.1,1,1.7,91.6,1.37,10,4,10,Yes,yellow,No,3,45,1323.7205,1
418,679728,1507,4,2,593,29.3,8.3,14,1.6,91.2,1.73,5,8,4,Yes,red,No,3,17,292.9705,0
420,602932,2403,2,2,1138,62,8.8,15,28.1,95.9,1.71,7,1,9,Yes,white,No,3,11,559.9205,0
424,550284,1724,5,5,378,19,8.5,63,13.9,93.7,1.58,2,2,7,Yes,red,No,2,59,1294.2705,0
425,792571,1217,3,3,200,63.3,9.1,2,3.5,92.2,1.15,6,3,1,Yes,red,No,1,13,599.8205,0
427,682296,1122,3,6,371,43.4,8.3,7,12,93.5,1.46,5,1,5,Yes,white,No,2,50,189.4205,1
430,762252,1882,4,1,491,73.7,9.2,1,3,90.7,1.06,7,2,4,Yes,white,No,3,9,130.5205,0
435,872769,2242,4,4,955,39,9,1,8.4,95.9,1.51,7,10,6,Yes,white,No,2,9,1412.0705,1
436,757992,1770,4,7,314,21.7,6.5,4,8.5,94.7,1.18,3,8,10,Yes,red,No,2,8,605.5205,0
440,702376,1706,5,6,725,5.5,8.8,0,17.1,95.5,1.41,3,7,1,Yes,green,No,2,41,454.4705,0
442,1158090,3430,1,5,895,1.9,7.6,4,3,91.2,0.5,1,1,5,Yes,white,No,1,4,626.4205,1
444,711025,2033,3,2,1183,12.8,6,8,8.8,95.6,1.07,4,9,3,Yes,white,No,2,35,472.5205,1
447,608149,1679,2,5,675,32.5,6.9,88,5.8,88.2,1.44,5,9,3,Yes,yellow,No,2,59,1405.4205,0
450,1021387,2190,4,2,866,18.7,8.3,3,9.3,93.5,1.58,1,3,9,Yes,red,No,1,24,1463.3705,0
452,706034,1178,5,5,570,34.4,6.9,11,8.7,90.2,1.2,10,4,4,Yes,blue,No,3,-6,420.2705,0
456,889217,2600,3,2,1054,15.8,7.8,22,11.1,96.8,1.62,9,1,9,Yes,blue,No,1,55,211.2705,0
460,667723,1621,5,5,200,10.3,6.5,43,20.1,93,1.12,8,7,3,Yes,green,No,3,53,168.5205,0
461,734999,2115,5,2,1170,63.6,9.5,34,1.8,88.1,1.06,4,8,8,Yes,yellow,No,2,37,1062.4705,1
463,628547,1969,3,2,263,76.1,7.4,1,6,86.9,1.73,7,9,8,Yes,red,No,2,52,1090.9705,1
464,730379,1662,5,6,825,30.6,6.7,4,0.8,86,1.56,4,8,4,Yes,green,No,3,8,799.3205,1
466,583750,1048,3,5,200,15.9,8.2,77,3.2,89,1.3,10,8,4,Yes,green,No,3,1,413.6205,0
467,763182,1585,2,2,200,20.6,8.8,3,2.7,93,2.03,7,8,3,Yes,blue,No,1,53,346.1705,0
470,1033632,3035,3,2,691,39.9,7.9,5,5.3,91.9,1.78,5,3,2,Yes,white,No,2,26,1498.5205,0
475,862227,2396,6,1,787,31.3,7.2,14,13.9,93.6,1.52,9,10,5,Yes,white,No,3,54,254.0205,1
476,731666,1307,5,2,503,9.8,8.7,2,3.1,94.1,1.22,5,10,8,Yes,yellow,No,2,58,1465.2705,1
477,735491,2004,3,6,1408,55.9,8.7,22,0.5,87.2,1.26,3,1,10,Yes,blue,No,1,35,233.1205,0
478,598049,1768,5,2,203,36.9,7.4,4,19.4,90.7,1.1,2,8,10,Yes,white,No,2,47,1530.8205,0
479,859116,2241,3,4,1201,37.4,6.8,33,11.4,94,1.8,2,7,5,Yes,blue,No,3,21,1204.9705,0
494,644284,954,3,3,444,18.4,7.5,19,6.9,89.1,1.3,6,7,3,Yes,yellow,No,2,9,447.8205,1
495,739144,1788,5,6,200,20.4,8.8,25,4.6,91.2,1.02,7,10,2,Yes,green,No,2,-2,920.9205,0
497,965264,2708,5,2,674,43,9.4,11,22,92.7,1.92,4,1,7,Yes,green,No,1,34,976.9705,1