,SquareFootage_capped,BackyardSpace_capped,CrimeRate_capped,AgeOfHome_capped,DistanceToCityCenter_capped,EmploymentRate_capped,PropertyTaxRate_capped,SchoolRating_Encoded,Fireplace_Encoded,Garage_Encoded
6317,1864.0,200.0,58.5,1.0,0.8,93.4,1.16,2.0,0,0
740,1196.0,234.0,52.3,53.0,18.2,97.0,1.19,2.0,0,1
3781,2065.0,1711.0,48.7,6.0,10.1,90.3,1.24,2.0,1,1
7850,2039.0,507.0,27.6,43.0,1.9,90.1,1.76,2.0,1,0
2963,1680.0,209.0,33.8,2.0,5.2,89.6,1.71,2.0,1,1
6808,2361.0,738.0,45.7,53.0,5.2,95.9,0.94,2.0,0,0
3960,1694.0,1267.0,14.2,51.0,12.3,97.6,1.13,2.0,1,1
5308,1004.0,579.0,39.9,72.0,4.5,99.0,1.57,2.0,0,1
3395,2346.0,472.0,8.5,18.0,2.0,98.6,1.25,2.0,1,1
2485,1992.0,791.0,6.7,17.0,1.3,86.6,1.12,2.0,0,1
5033,3566.625,1153.0,5.4,74.5,23.55,90.6,1.71,2.0,0,1
4568,1400.0,703.0,6.0,29.0,1.6,90.2,1.19,2.0,0,1
4374,2244.0,861.0,35.2,12.0,23.55,88.5,1.59,2.0,1,1
4139,1934.0,848.0,53.5,74.5,15.6,94.4,1.82,2.0,1,1
2094,1641.0,535.0,35.1,13.0,4.3,95.3,1.49,2.0,0,1
435,2542.0,1007.0,44.5,18.0,12.7,90.0,0.91,2.0,0,1
5360,1833.0,753.0,36.9,15.0,0.7,96.4,1.26,2.0,0,1
5999,1410.0,1032.0,22.8,36.0,1.6,89.6,1.36,2.0,0,1
308,1607.0,987.0,48.3,27.0,0.5,98.6,1.64,2.0,0,1
8829,2240.0,1263.0,31.0,73.0,1.0,94.8,1.08,2.0,1,0
8809,1578.0,336.0,24.9,19.0,1.5,95.2,1.41,2.0,1,0
4126,1780.0,949.0,11.3,1.0,1.9,85.7,0.87,2.0,1,1
87,2243.0,997.0,9.2,61.0,0.5,97.6,0.82,2.0,0,1
3320,1829.0,445.0,16.0,21.0,23.55,87.0,1.07,2.0,1,1
2897,1336.0,368.0,10.1,12.0,21.0,99.0,1.32,2.0,1,1
401,3566.625,1572.0,26.9,69.0,23.5,94.7,0.91,2.0,0,1
4180,1379.0,200.0,36.4,14.0,12.5,93.2,1.66,2.0,1,1
1020,2434.0,1030.0,32.3,15.0,2.5,97.2,1.33,2.0,0,1
881,1452.0,282.0,20.2,19.0,15.5,93.5,1.75,2.0,0,1
2592,896.0,498.0,38.5,7.0,7.0,93.4,1.85,1.0,0,1
6510,1562.0,297.0,33.2,50.0,9.1,89.2,1.39,2.0,0,0
5733,2539.0,1312.0,47.2,65.0,0.5,90.3,2.15,2.0,0,1
6662,1810.0,462.0,14.5,0.0,1.6,91.8,1.32,2.0,0,0
6984,3566.625,842.0,34.1,9.0,23.55,94.8,1.1,2.0,0,0
6870,2741.0,1124.0,62.6,2.0,0.5,91.6,0.62,2.0,0,0
7308,1121.0,200.0,27.0,11.0,7.3,94.6,0.77,2.0,1,0
6040,2434.0,867.0,44.6,74.0,10.2,99.0,2.09,2.0,0,0
257,1034.0,200.0,8.5,35.0,3.3,87.5,1.81,2.0,0,1
4475,3138.0,1373.0,7.7,1.0,6.7,96.7,0.88,2.0,1,1
288,1644.0,845.0,62.5,20.0,2.4,98.6,1.15,2.0,0,1
8035,2227.0,873.0,40.6,22.0,7.7,96.0,1.23,2.0,1,0
7792,978.0,264.0,12.8,34.0,3.0,92.8,1.71,2.0,1,0
6435,2506.0,1442.0,47.7,23.0,16.8,97.0,1.23,2.0,0,0
4198,2459.0,551.0,30.8,72.0,2.3,95.3,1.2,2.0,1,1
8224,1359.0,601.0,31.2,29.0,5.1,89.7,1.41,2.0,1,0
5660,1228.0,748.0,47.7,31.0,17.7,91.4,0.96,2.0,0,1
4686,1376.0,358.0,18.5,25.0,3.1,94.8,1.16,2.0,0,1
4871,2765.0,1217.0,25.6,8.0,1.3,89.1,1.46,2.0,0,1
7615,2325.0,862.0,40.9,55.0,4.9,92.2,1.75,2.0,1,0
737,2785.0,1563.0,30.9,35.0,6.8,92.4,1.33,2.0,0,1
4696,1059.0,536.0,35.2,42.0,0.5,92.3,1.18,2.0,0,1
7397,2565.0,1083.0,28.3,49.0,1.7,98.0,1.73,2.0,1,0
5274,855.0,200.0,20.0,5.0,3.9,94.7,1.89,2.0,0,1
1817,1251.0,200.0,22.2,21.0,13.8,92.1,1.91,2.0,0,1
8687,3566.625,794.0,11.0,5.0,3.7,90.4,1.42,2.0,1,0
543,1524.0,240.0,35.2,3.0,5.4,94.2,1.89,1.0,0,1
4929,1828.0,1073.0,23.6,28.0,3.7,91.0,1.89,2.0,0,1
7978,1889.0,1340.0,33.7,2.0,10.2,92.2,0.72,2.0,1,0
4123,1533.0,803.0,63.7,74.5,6.0,89.4,1.45,2.0,1,1
4415,3002.0,1031.0,12.1,8.0,0.5,96.8,0.83,2.0,1,1
5862,3246.0,1325.0,9.0,34.0,2.0,88.6,1.68,2.0,0,1
8541,2958.0,1260.0,24.5,14.0,2.7,94.5,1.6,2.0,1,0
1839,2038.0,381.0,28.7,4.0,0.8,90.0,1.42,2.0,0,1
2344,909.0,200.0,25.4,74.5,1.6,92.9,1.6,2.0,0,1
4334,2488.0,884.0,38.9,64.0,0.5,95.1,1.45,2.0,1,1
2133,1179.0,200.0,22.6,17.0,23.55,95.3,0.79,2.0,0,1
6188,1088.0,1265.0,24.7,57.0,5.8,98.9,1.1,2.0,0,0
2029,1064.0,200.0,27.3,1.0,16.6,90.8,1.63,2.0,0,1
2948,1880.0,1268.0,27.4,17.0,1.1,92.6,1.14,2.0,1,1
800,2063.0,607.0,36.3,41.0,1.3,91.0,1.95,2.0,0,1
6231,1631.0,307.0,34.3,8.0,14.8,96.7,1.32,2.0,0,0
1405,1295.0,392.0,40.0,74.0,8.9,92.2,1.68,2.0,0,1
56,2603.0,812.0,12.6,14.0,2.3,91.1,1.49,2.0,0,1
69,1519.0,365.0,20.7,13.0,4.5,89.0,1.36,2.0,0,1
8038,1409.0,200.0,19.9,15.0,13.8,86.3,1.44,2.0,1,0
711,3566.625,1754.0,6.3,6.0,5.2,96.7,1.36,2.0,0,1
5708,1848.0,682.0,54.0,5.0,1.1,97.5,1.8,2.0,0,1
265,2938.0,791.0,62.5,15.0,6.9,94.5,0.98,2.0,0,1
1586,1504.0,327.0,25.4,3.0,16.2,94.3,0.76,1.0,0,1
5151,906.0,200.0,43.5,1.0,3.2,93.3,0.92,2.0,0,1
2407,2177.0,1456.0,16.8,8.0,6.6,99.0,0.66,2.0,0,1
4631,3472.0,1749.0,45.0,74.5,12.0,94.4,1.21,2.0,0,1
2022,1748.0,200.0,12.7,9.0,0.5,97.0,1.81,2.0,0,1
1965,1900.0,873.0,26.7,11.0,23.55,90.0,1.29,2.0,0,1
4029,1324.0,200.0,12.9,17.0,11.0,96.6,1.68,2.0,1,1
4890,2912.0,786.0,17.6,1.0,9.4,95.0,1.4,2.0,0,1
5950,1290.0,209.0,9.0,47.0,7.6,85.0,1.88,1.0,0,1
8848,2128.0,1009.0,28.3,9.0,1.6,88.2,1.99,2.0,1,0
8113,1248.0,775.0,42.2,27.0,9.7,94.2,1.04,2.0,1,0
2705,2145.0,421.0,18.4,25.0,14.9,95.5,1.57,2.0,0,1
4936,1035.0,200.0,50.1,3.0,10.5,97.9,1.88,2.0,0,1
3123,3031.0,1003.0,15.2,26.0,7.3,88.0,1.97,2.0,1,1
7694,1930.0,1350.0,22.8,56.0,16.0,94.1,2.08,2.0,1,0
2025,1233.0,226.0,42.9,74.5,2.9,94.2,1.42,2.0,0,1
7710,1997.0,885.0,31.4,6.0,1.9,89.4,1.38,2.0,1,0
2302,2367.0,232.0,17.1,19.0,14.8,92.5,2.24,1.0,0,1
7094,1055.0,200.0,21.9,4.0,8.2,93.8,1.55,2.0,0,0
2083,1874.0,405.0,12.9,32.0,5.3,89.8,1.16,2.0,0,1
6686,2442.0,1248.0,9.5,60.0,4.3,91.1,1.35,2.0,0,0
4512,1025.0,446.0,53.4,0.0,23.55,92.9,1.9,2.0,0,1
5766,1820.0,871.0,29.1,22.0,5.1,92.1,0.72,2.0,0,1
4245,2473.0,982.0,21.4,21.0,11.5,96.3,1.52,2.0,1,1
6092,1780.0,1073.0,27.7,5.0,9.6,87.9,1.53,2.0,0,0
4690,1269.0,853.0,58.1,2.0,12.8,94.2,1.91,2.0,0,1
8133,2929.0,1036.0,29.6,13.0,7.1,90.0,1.04,2.0,1,0
1329,2220.0,638.0,22.5,33.0,18.4,91.7,1.73,2.0,0,1
8204,2915.0,978.0,53.7,15.0,0.8,89.6,1.14,1.0,1,0
1684,2232.0,1332.0,38.2,10.0,11.9,88.4,1.5,2.0,0,1
8675,2253.0,1027.0,52.6,3.0,2.0,91.0,2.3449999999999998,2.0,1,0
5795,1377.0,324.0,31.4,11.0,0.8,92.9,1.68,2.0,0,1
1777,1080.0,200.0,62.1,1.0,5.0,93.6,1.44,2.0,0,1
2918,1447.0,316.0,8.5,1.0,23.55,89.1,1.6,2.0,1,1
751,2926.0,902.0,18.8,32.0,13.9,95.9,1.51,2.0,0,1
4292,1383.0,1218.0,23.5,0.0,0.9,94.6,0.96,2.0,1,1
3317,1282.0,486.0,56.3,46.0,2.6,86.2,1.53,2.0,1,1
5627,1324.0,709.0,42.0,26.0,7.7,88.1,1.8,2.0,0,1
4856,1484.0,986.0,44.0,13.0,18.6,93.8,1.6,2.0,0,1
476,1063.0,200.0,10.2,45.0,3.3,88.9,1.45,2.0,0,1
6275,1583.0,228.0,4.4,41.0,5.5,96.7,1.1,2.0,0,0
3708,1837.0,662.0,3.7,18.0,8.5,94.9,1.52,1.0,1,1
3007,1863.0,853.0,16.1,9.0,9.9,92.9,1.85,2.0,1,1
211,1819.0,223.0,27.8,74.5,10.7,91.2,1.08,2.0,0,1
468,2334.0,969.0,30.6,15.0,1.0,99.0,1.59,1.0,0,1
1545,3132.0,1308.0,15.7,74.5,6.7,92.3,1.27,2.0,0,1
7329,1469.0,1185.0,50.5,70.0,6.3,91.3,0.55,2.0,1,0
6111,1087.0,761.0,11.1,13.0,9.8,93.6,0.91,2.0,0,0
8649,2159.0,437.0,32.3,38.0,18.3,97.7,1.54,2.0,1,0
6014,3566.625,1350.0,5.4,41.0,13.3,85.5,1.61,2.0,0,0
7713,1540.0,541.0,32.4,3.0,7.2,98.1,1.63,2.0,1,0
3312,1693.0,822.0,40.5,7.0,5.4,92.4,0.83,2.0,1,1
1025,1927.0,1433.0,19.0,1.0,9.6,90.4,1.21,2.0,0,1
3256,1558.0,200.0,19.9,5.0,20.3,90.8,1.52,2.0,1,1
6267,2094.0,1217.0,40.1,61.0,16.7,93.1,1.29,2.0,0,0
5716,2126.0,1434.0,23.8,10.0,4.4,94.5,0.72,2.0,0,1
8542,2719.0,236.0,31.0,32.0,0.8,94.0,1.64,2.0,1,0
1470,2560.0,1102.0,20.0,31.0,8.9,94.1,1.79,2.0,0,1
3684,1634.0,874.0,40.1,34.0,10.8,96.6,1.11,2.0,1,1
7070,1456.0,545.0,68.2,1.0,7.0,86.8,1.4,2.0,0,0
7258,830.0,200.0,29.0,2.0,9.8,99.0,1.54,2.0,1,0
5786,2129.0,900.0,16.6,2.0,9.6,85.7,1.53,2.0,0,1
773,1332.0,200.0,13.5,1.0,1.3,95.8,1.87,2.0,0,1
1954,1781.0,691.0,12.7,5.0,14.3,90.6,1.85,2.0,0,1
2883,2285.0,1654.0,18.8,16.0,9.0,93.0,1.24,1.0,1,1
2199,1726.0,387.0,34.5,15.0,11.1,90.1,1.63,2.0,0,1
5965,1681.0,944.0,6.3,3.0,7.5,92.6,1.27,2.0,0,1
641,1693.0,573.0,23.9,51.0,11.0,92.3,1.11,2.0,0,1
3055,1520.0,863.0,73.6625,4.0,5.7,92.2,1.13,2.0,1,1
196,2033.0,230.0,16.7,8.0,9.1,88.5,1.44,2.0,0,1
7097,1352.0,745.0,37.6,25.0,13.1,94.4,1.07,2.0,0,0
1155,1764.0,981.0,33.7,29.0,4.2,96.7,1.4,2.0,0,1
1144,2687.0,1188.0,18.5,23.0,6.0,91.3,1.36,2.0,0,1
7165,1874.0,482.0,39.0,38.0,15.2,98.0,1.57,2.0,0,0
1108,1914.0,1099.0,40.0,27.0,0.7,93.7,1.94,2.0,0,1
6725,3462.0,926.0,11.9,24.0,15.1,97.8,1.1,2.0,0,0
7288,1855.0,1061.0,23.9,35.0,19.3,90.4,1.38,2.0,1,0
1420,2882.0,729.0,37.3,13.0,13.0,98.0,1.61,2.0,0,1
6532,3566.625,1284.0,24.5,2.0,0.5,93.3,1.44,1.0,0,0
5648,2354.0,695.0,13.4,4.0,11.9,89.4,1.22,2.0,0,1
3859,2671.0,837.0,22.2,23.0,12.9,90.0,2.19,2.0,1,1
2968,1591.0,638.0,38.3,54.0,2.7,91.4,1.14,2.0,1,1
7029,2462.0,822.0,39.7,11.0,2.3,93.3,1.08,2.0,0,0
3857,2283.0,835.0,7.3,4.0,12.9,83.54999999999998,1.1,2.0,1,1
1758,1117.0,613.0,24.6,2.0,4.6,88.8,0.53,2.0,0,1
957,2550.0,416.0,21.3,48.0,11.4,94.3,1.35,2.0,0,1
6885,2893.0,880.0,30.7,5.0,21.3,94.8,0.68,2.0,0,0
1680,905.0,634.0,14.4,19.0,8.0,95.7,0.84,1.0,0,1
5414,1442.0,469.0,46.3,4.0,3.9,90.4,1.67,2.0,0,1
633,1637.0,200.0,22.2,19.0,4.9,88.6,1.31,2.0,0,1
3133,2084.0,1032.0,18.7,22.0,4.8,93.7,1.3,2.0,1,1
2884,3029.0,1273.0,33.9,16.0,14.1,89.6,1.88,2.0,1,1
4997,1506.0,679.0,15.6,16.0,13.7,95.9,1.57,2.0,0,1
1261,1128.0,638.0,41.0,3.0,9.4,94.7,1.74,2.0,0,1
118,2906.0,1025.0,9.0,74.5,9.4,92.3,1.21,2.0,0,1
6558,1527.0,253.0,18.8,15.0,1.4,91.1,1.7,2.0,0,0
8350,1763.0,357.0,33.4,0.0,5.2,91.3,1.5,1.0,1,0
7961,1729.0,570.0,45.7,10.0,1.9,93.5,1.21,2.0,1,0
4965,2339.0,342.0,15.6,2.0,4.2,95.1,1.39,2.0,0,1
3090,2607.0,1212.0,26.3,18.0,4.1,97.1,1.45,2.0,1,1
8247,1475.0,641.0,54.4,12.0,5.9,94.4,1.41,2.0,1,0
4657,1371.0,616.0,15.0,12.0,23.55,97.7,1.72,1.0,0,1
5030,1220.0,891.0,4.3,9.0,5.8,91.7,1.15,1.0,0,1
8217,2591.0,1543.0,24.4,24.0,3.6,97.8,1.35,2.0,1,0
7462,1974.0,226.0,7.7,74.5,6.0,93.3,1.49,2.0,1,0
5281,2009.0,763.0,14.8,15.0,3.4,93.7,1.25,2.0,0,1
2446,1597.0,200.0,33.1,25.0,2.5,96.1,0.9,2.0,0,1
5316,1887.0,754.0,38.1,15.0,12.2,94.3,1.38,2.0,0,1
3880,1631.0,1206.0,29.2,11.0,3.6,97.6,1.8,2.0,1,1
7765,1216.0,357.0,14.2,3.0,11.9,91.9,1.81,2.0,1,0
2131,1575.0,200.0,44.4,2.0,12.0,94.1,0.98,2.0,0,1
1172,2982.0,674.0,39.0,14.0,3.8,94.3,1.66,2.0,0,1
6739,1814.0,953.0,55.0,74.5,1.5,96.9,1.45,2.0,0,0
5058,1530.0,310.0,5.5,37.0,12.3,94.2,0.73,2.0,0,1
3658,1688.0,861.0,24.7,16.0,3.5,94.5,0.69,2.0,1,1
7856,1612.0,1283.0,31.6,74.5,10.1,89.5,1.92,2.0,1,0
7915,1126.0,200.0,14.1,1.0,5.6,97.3,1.39,2.0,1,0
92,1100.0,647.0,66.6,30.0,18.8,96.2,1.58,2.0,0,1
3626,1517.0,1039.0,34.0,0.0,5.1,96.8,1.7,2.0,1,1
5140,1854.0,591.0,51.9,41.0,6.0,96.7,1.57,2.0,0,1
5785,2097.0,977.0,33.9,54.0,3.5,86.2,1.98,2.0,0,1
5152,2326.0,841.0,57.0,74.5,13.8,93.9,1.22,1.0,0,1
5216,1693.0,863.0,23.6,26.0,15.2,92.5,1.22,2.0,0,1
2210,1885.0,329.0,34.4,48.0,18.2,99.0,1.65,2.0,0,1
4825,1437.0,504.0,43.4,47.0,4.6,95.9,1.38,2.0,0,1
6274,2519.0,1430.0,21.4,13.0,4.9,94.2,1.78,2.0,0,0
3734,1734.0,681.0,11.9,19.0,8.7,98.1,1.45,2.0,1,1
7548,1404.0,754.0,21.8,38.0,3.3,95.0,1.64,2.0,1,0
8914,2255.0,1196.0,30.4,19.0,2.0,96.3,1.04,2.0,1,0
6713,889.0,200.0,14.5,34.0,0.9,84.4,1.86,2.0,0,0
8540,1147.0,525.0,26.3,9.0,17.1,98.0,1.07,2.0,1,0
5103,1632.0,339.0,52.5,6.0,3.8,93.7,1.68,2.0,0,1
6221,1641.0,753.0,11.8,11.0,3.9,87.2,1.13,2.0,0,0
815,1383.0,369.0,35.1,6.0,4.6,94.0,1.48,2.0,0,1
4963,1039.0,200.0,62.3,24.0,7.8,91.0,1.79,2.0,0,1
618,1804.0,1801.5,22.7,12.0,8.1,94.9,1.47,2.0,0,1
4398,1736.0,375.0,16.2,25.0,0.7,88.9,1.44,2.0,1,1
4412,2807.0,381.0,41.4,7.0,10.3,95.6,1.83,2.0,1,1
4855,3566.625,776.0,30.9,15.0,2.5,95.3,1.48,2.0,0,1
7023,1276.0,200.0,43.6,18.0,23.55,95.9,1.27,2.0,0,0
1042,1719.0,636.0,3.8,9.0,5.2,98.0,2.07,2.0,0,1
2372,2022.0,279.0,32.7,1.0,0.8,99.0,1.17,2.0,0,1
2751,2632.0,200.0,27.9,0.0,8.6,88.6,1.73,2.0,0,1
3298,1455.0,619.0,42.5,46.0,1.3,94.1,1.35,2.0,1,1
1074,1042.0,823.0,4.0,10.0,14.3,88.9,1.56,2.0,0,1
1396,2575.0,200.0,22.5,20.0,0.6,94.4,1.47,2.0,0,1
8790,3566.625,1720.0,24.7,18.0,0.8,91.3,1.34,2.0,1,0
5804,943.0,200.0,27.9,50.0,15.7,90.4,1.04,2.0,0,1
3803,2337.0,533.0,65.6,25.0,0.5,88.0,1.7,2.0,1,1
179,2317.0,672.0,7.4,39.0,8.2,92.9,1.77,2.0,0,1
8316,2858.0,1039.0,45.4,22.0,10.1,93.4,1.29,2.0,1,0
2647,3019.0,661.0,16.9,41.0,23.55,94.7,1.36,2.0,0,1
5572,2016.0,663.0,24.7,4.0,15.7,91.4,1.29,2.0,0,1
7346,2047.0,288.0,26.8,31.0,18.6,92.7,1.61,2.0,1,0
2456,1873.0,746.0,54.6,4.0,5.0,89.1,0.5,2.0,0,1
8361,1464.0,200.0,73.5,38.0,23.55,91.9,0.65,2.0,1,0
1157,1751.0,200.0,41.5,2.0,14.0,94.5,1.68,2.0,0,1
6482,2390.0,717.0,33.0,66.0,22.2,92.7,1.29,2.0,0,0
1532,3491.0,1428.0,26.1,19.0,7.9,94.4,1.48,2.0,0,1
3065,1556.0,573.0,27.7,14.0,2.1,98.0,1.57,2.0,1,1
3106,1262.0,200.0,26.5,4.0,4.7,92.3,2.09,2.0,1,1
8619,3064.0,859.0,41.9,5.0,0.5,94.1,1.7,2.0,1,0
3274,1215.0,702.0,28.5,3.0,2.1,90.8,1.6,2.0,1,1
8183,1475.0,520.0,7.8,31.0,14.7,95.3,1.29,2.0,1,0
2439,1652.0,502.0,26.8,10.0,3.6,97.5,0.88,2.0,0,1
1535,1859.0,280.0,17.6,10.0,6.7,94.8,1.79,2.0,0,1
1345,1301.0,200.0,8.9,34.0,0.6,87.4,1.76,2.0,0,1
2473,2114.0,1327.0,10.6,27.0,2.6,92.8,1.24,2.0,0,1
8706,1892.0,525.0,32.4,44.0,3.9,87.3,1.47,2.0,1,0
6085,700.0,207.0,40.3,19.0,4.4,94.6,0.79,2.0,0,0
5418,1273.0,363.0,23.0,21.0,11.0,87.6,1.49,2.0,0,1
8797,2386.0,993.0,19.2,2.0,3.8,94.1,1.24,1.0,1,0
5673,1359.0,546.0,57.1,29.0,6.0,92.0,0.88,2.0,0,1
6422,1357.0,343.0,13.2,52.0,2.6,98.3,1.32,2.0,0,0
2272,1174.0,549.0,30.1,28.0,22.4,94.0,0.54,2.0,0,1
1480,3233.0,1518.0,4.2,32.0,1.5,92.4,1.77,2.0,0,1
3717,969.0,505.0,35.0,28.0,14.6,93.2,2.34,2.0,1,1
8799,1336.0,557.0,15.9,1.0,1.9,96.2,1.42,2.0,1,0
8939,1840.0,389.0,23.7,3.0,2.5,97.8,1.97,2.0,1,0
2648,3057.0,675.0,20.0,4.0,12.6,91.4,1.79,2.0,0,1
1952,1834.0,977.0,26.5,15.0,4.1,95.5,1.66,0.0,0,1
6639,1471.0,1420.0,36.4,17.0,0.9,94.3,1.52,2.0,0,0
2864,1084.0,200.0,23.9,0.0,7.5,91.5,0.5,1.0,1,1
1163,1621.0,200.0,16.5,8.0,3.6,91.4,1.45,2.0,0,1
8610,1578.0,502.0,58.6,11.0,0.6,89.5,1.16,1.0,1,0
4972,2670.0,670.0,58.7,36.0,15.6,93.7,1.14,2.0,0,1
3815,1667.0,240.0,15.8,13.0,23.55,99.0,1.87,2.0,1,1
6519,2206.0,317.0,37.8,3.0,16.1,87.9,1.08,2.0,0,0
4215,1349.0,548.0,5.9,16.0,5.5,91.8,1.23,2.0,1,1
3290,1730.0,763.0,42.2,21.0,8.7,90.5,1.18,2.0,1,1
1598,1918.0,1028.0,14.3,2.0,8.1,95.7,0.67,2.0,0,1
8081,2512.0,437.0,13.0,32.0,4.9,92.5,1.94,2.0,1,0
300,1207.0,200.0,37.8,10.0,4.0,92.8,1.73,2.0,0,1
8804,1836.0,1575.0,25.8,2.0,3.5,90.4,1.49,2.0,1,0
2478,1543.0,294.0,19.1,16.0,2.0,88.4,1.51,2.0,0,1
2075,1547.0,200.0,5.5,27.0,8.4,99.0,1.46,2.0,0,1
4461,1583.0,200.0,9.5,29.0,5.8,91.0,1.3,2.0,1,1
7782,2467.0,1311.0,42.8,48.0,0.5,88.2,1.47,2.0,1,0
1359,1474.0,856.0,16.6,14.0,9.0,91.5,1.72,2.0,0,1
3128,3566.625,636.0,66.8,14.0,23.55,98.8,0.86,2.0,1,1
4684,2614.0,1303.0,44.7,18.0,2.0,98.4,1.32,2.0,0,1
4582,1877.0,521.0,14.8,74.0,23.55,90.0,1.32,2.0,0,1
486,2306.0,1310.0,32.4,3.0,23.55,93.1,1.36,2.0,0,1
5498,3073.0,857.0,9.4,3.0,1.6,91.6,1.55,2.0,0,1
7612,2076.0,1202.0,33.6,18.0,14.2,99.0,1.82,2.0,1,0
1152,1942.0,370.0,12.1,10.0,0.5,96.2,1.11,2.0,0,1
3991,2465.0,1019.0,11.7,2.0,3.2,90.1,1.61,2.0,1,1
6608,1318.0,206.0,15.5,60.0,0.5,91.5,1.22,2.0,0,0
6318,2126.0,649.0,46.3,1.0,3.2,99.0,1.56,2.0,0,0
8731,2550.0,528.0,44.3,14.0,9.8,93.3,1.52,2.0,1,0
6702,1384.0,1192.0,39.3,31.0,9.8,93.5,1.44,2.0,0,0
5747,863.0,200.0,55.1,10.0,0.8,91.7,1.48,2.0,0,1
665,1723.0,589.0,13.4,14.0,13.6,87.7,1.21,2.0,0,1
2684,1608.0,384.0,31.1,1.0,4.7,91.9,2.14,2.0,0,1
6624,1506.0,556.0,3.7,47.0,10.9,93.5,1.15,2.0,0,0
642,1948.0,200.0,28.7,9.0,2.0,96.0,1.44,2.0,0,1
176,2784.0,1040.0,48.4,4.0,9.1,91.8,1.05,2.0,0,1
8917,1537.0,200.0,29.4,4.0,4.1,94.2,1.49,2.0,1,0
2233,1936.0,200.0,46.0,7.0,0.5,90.9,1.2,2.0,0,1
786,1933.0,1235.0,7.7,18.0,2.4,89.6,1.57,2.0,0,1
5128,2422.0,852.0,19.6,2.0,17.0,92.7,1.87,2.0,0,1
3661,781.0,382.0,32.7,0.0,4.7,92.9,1.33,2.0,1,1
2984,1226.0,391.0,58.7,30.0,3.4,95.6,1.12,2.0,1,1
91,1084.0,495.0,17.6,15.0,8.7,99.0,1.19,2.0,0,1
5425,1847.0,873.0,61.1,30.0,23.55,85.6,1.23,2.0,0,1
6689,2250.0,1115.0,52.5,74.5,0.8,91.6,1.94,2.0,0,0
7172,1812.0,426.0,24.6,7.0,15.2,90.0,1.18,2.0,0,0
1971,1539.0,888.0,27.1,44.0,7.3,88.0,1.09,2.0,0,1
530,2499.0,847.0,17.1,2.0,2.3,95.9,1.1,2.0,0,1
996,2862.0,979.0,16.4,20.0,16.6,88.4,1.28,2.0,0,1
3424,2179.0,213.0,28.6,17.0,5.8,91.8,1.36,2.0,1,1
3307,2376.0,546.0,30.6,19.0,6.3,91.2,1.79,2.0,1,1
1427,1642.0,474.0,48.2,25.0,0.6,92.9,1.59,2.0,0,1
4519,2080.0,706.0,10.7,34.0,8.0,91.1,1.76,2.0,0,1
2303,1167.0,322.0,50.8,10.0,6.2,94.6,1.25,2.0,0,1
2840,2414.0,1162.0,23.3,19.0,0.6,90.8,1.51,2.0,1,1
5239,1531.0,721.0,27.5,7.0,6.3,93.1,1.92,2.0,0,1
6680,2191.0,1134.0,29.6,74.5,1.6,89.6,0.98,2.0,0,0
7583,3449.0,1012.0,30.5,5.0,5.3,95.9,1.11,2.0,1,0
3548,3566.625,1137.0,38.8,3.0,15.6,93.6,1.56,2.0,1,1
2868,2397.0,614.0,22.0,6.0,4.9,90.6,1.43,2.0,1,1
6860,1094.0,836.0,51.4,1.0,19.9,93.3,1.27,2.0,0,0
3745,2317.0,881.0,64.6,20.0,7.8,92.4,1.37,2.0,1,1
2748,1629.0,394.0,15.2,51.0,3.1,94.1,1.6,2.0,0,1
694,2241.0,200.0,25.3,3.0,4.7,94.8,1.51,2.0,0,1
5679,2294.0,679.0,58.5,31.0,9.6,94.0,1.89,2.0,0,1
1738,3387.0,1477.0,21.0,22.0,0.6,94.1,0.93,2.0,0,1
167,3144.0,671.0,52.7,11.0,21.0,96.8,1.02,2.0,0,1
3912,1265.0,538.0,48.6,1.0,13.7,99.0,0.67,2.0,1,1
7193,2250.0,285.0,27.3,26.0,0.5,90.8,1.24,2.0,0,0
8209,1374.0,213.0,26.8,15.0,13.6,89.8,1.9,2.0,1,0
5587,1719.0,436.0,37.6,7.0,4.7,91.6,1.2,2.0,0,1
4019,1875.0,200.0,33.6,3.0,0.7,94.1,1.0,2.0,1,1
2333,1158.0,200.0,14.3,9.0,23.55,96.1,1.5,2.0,0,1
2605,1452.0,221.0,54.1,39.0,4.0,97.1,1.2,2.0,0,1
7671,2092.0,295.0,23.1,18.0,4.9,86.8,1.19,2.0,1,0
5664,2358.0,1084.0,8.9,74.5,17.5,93.5,1.18,2.0,0,1
6428,2419.0,344.0,38.7,67.0,7.0,94.8,1.3,2.0,0,0
2921,1796.0,308.0,55.8,73.0,3.3,88.3,1.97,2.0,1,1
6746,2513.0,1159.0,14.6,5.0,4.3,90.0,1.44,2.0,0,0
2755,2160.0,494.0,21.8,21.0,0.9,92.0,1.62,2.0,0,1
6399,1530.0,563.0,27.6,59.0,1.9,93.1,1.6,2.0,0,0
3646,2290.0,869.0,50.7,7.0,5.6,96.7,0.95,2.0,1,1
100,2518.0,997.0,22.3,11.0,0.5,90.7,1.37,2.0,0,1
4885,2091.0,437.0,34.4,45.0,2.4,93.5,1.21,1.0,0,1
5041,2858.0,200.0,21.0,54.0,16.6,86.9,0.5,2.0,0,1
6171,2399.0,1521.0,27.3,50.0,21.9,94.6,1.58,2.0,0,0
8101,1853.0,244.0,22.5,9.0,13.2,88.8,1.15,2.0,1,0
8301,1485.0,579.0,23.2,13.0,1.0,93.5,1.52,2.0,1,0
2441,1660.0,691.0,33.0,4.0,6.8,88.9,1.54,2.0,0,1
1465,1065.0,496.0,33.9,1.0,15.1,92.1,1.12,2.0,0,1
4053,1902.0,836.0,1.7,25.0,18.6,94.7,1.08,2.0,1,1
1744,1482.0,826.0,25.2,9.0,23.55,95.1,1.74,2.0,0,1
4606,1831.0,500.0,12.5,63.0,8.7,93.8,1.35,2.0,0,1
8107,1917.0,529.0,46.8,30.0,1.6,85.4,0.79,2.0,1,0
4428,1975.0,224.0,10.8,21.0,2.8,91.0,1.88,2.0,1,1
8995,1768.0,203.0,36.9,4.0,19.4,90.7,1.1,2.0,1,0
7928,1573.0,1508.0,38.3,11.0,0.5,91.4,0.95,2.0,1,0
8300,2840.0,1482.0,12.1,35.0,8.5,94.8,1.56,2.0,1,0
6117,1119.0,200.0,22.6,0.0,12.5,92.9,1.81,2.0,0,0
5528,1666.0,363.0,26.1,41.0,9.8,93.7,1.11,2.0,0,1
4306,1244.0,387.0,54.9,19.0,0.9,91.3,1.12,2.0,1,1
8478,2030.0,637.0,33.6,3.0,2.2,91.8,1.51,2.0,1,0
2121,1494.0,821.0,4.2,7.0,0.6,92.7,1.67,1.0,0,1
8515,979.0,519.0,27.3,3.0,4.0,92.4,1.26,2.0,1,0
7201,1596.0,437.0,2.2,5.0,2.2,92.3,1.57,2.0,0,0
4192,2011.0,1101.0,33.2,10.0,0.6,94.6,1.19,2.0,1,1
7942,2326.0,1682.0,33.7,3.0,1.3,93.5,0.99,2.0,1,0
6219,1508.0,874.0,53.6,33.0,0.5,89.5,1.42,2.0,0,0
1203,1365.0,722.0,7.8,4.0,6.0,93.4,1.46,2.0,0,1
8858,1244.0,945.0,42.5,27.0,16.7,89.0,1.15,2.0,1,0
1926,1242.0,504.0,41.8,11.0,19.4,88.2,1.88,2.0,0,1
5914,1269.0,200.0,38.6,57.0,23.55,90.2,1.23,2.0,0,1
4868,1534.0,200.0,62.9,7.0,0.5,88.7,1.21,2.0,0,1
2337,1648.0,250.0,44.3,12.0,12.9,94.1,1.86,2.0,0,1
6358,3566.625,874.0,26.9,10.0,10.2,99.0,1.5,2.0,0,0
2499,1118.0,614.0,14.2,26.0,3.2,94.1,1.52,2.0,0,1
3379,1866.0,509.0,25.2,0.0,5.5,93.7,1.37,2.0,1,1
805,2102.0,888.0,49.3,16.0,0.8,93.8,1.65,2.0,0,1
7106,700.0,899.0,31.4,47.0,7.1,91.7,1.62,2.0,0,0
2319,1755.0,751.0,43.7,15.0,0.7,98.6,1.41,2.0,0,1
7851,2089.0,200.0,41.2,60.0,7.9,94.6,1.27,2.0,1,0
7934,867.0,200.0,12.9,73.0,5.9,95.4,1.15,2.0,1,0
3981,1416.0,200.0,24.6,48.0,4.3,95.1,1.63,2.0,1,1
1242,2911.0,711.0,26.7,63.0,0.8,84.1,1.02,2.0,0,1
5594,1881.0,1032.0,48.4,13.0,3.9,93.5,1.52,2.0,0,1
4482,1203.0,268.0,16.7,2.0,3.1,91.6,1.77,2.0,0,1
547,2489.0,1014.0,55.6,3.0,2.4,92.5,1.28,1.0,0,1
26,2040.0,1276.0,43.7,17.0,11.5,91.2,1.33,2.0,0,1
3881,1721.0,467.0,0.3,20.0,10.7,93.7,1.72,2.0,1,1
2880,2919.0,772.0,14.8,9.0,21.9,89.1,1.56,2.0,1,1
4348,1330.0,545.0,25.8,1.0,2.8,96.9,1.2,2.0,1,1
1302,2017.0,772.0,16.5,4.0,1.7,95.9,2.04,2.0,0,1
5245,1430.0,200.0,6.2,23.0,23.55,93.2,1.68,2.0,0,1
6789,2241.0,751.0,28.9,34.0,11.4,94.2,1.44,2.0,0,0
1221,1640.0,287.0,18.2,19.0,2.2,90.4,1.39,2.0,0,1
7712,1711.0,760.0,26.3,19.0,1.9,89.3,1.19,2.0,1,0
437,2026.0,411.0,5.3,5.0,8.3,88.0,1.07,2.0,0,1
5849,2733.0,582.0,29.5,3.0,6.2,91.5,1.7,1.0,0,1
3102,1257.0,582.0,17.1,45.0,5.8,95.3,1.26,2.0,1,1
6021,2223.0,602.0,15.4,23.0,9.9,86.0,0.79,2.0,0,0
6174,1619.0,200.0,28.8,13.0,9.1,94.9,1.56,2.0,0,0
3404,1185.0,344.0,30.0,54.0,22.9,92.9,1.23,2.0,1,1
6170,1416.0,373.0,26.9,16.0,1.9,90.5,1.43,2.0,0,0
6998,3566.625,1801.5,29.1,34.0,3.4,92.3,1.06,2.0,0,0
3025,1742.0,396.0,61.7,52.0,5.5,96.7,1.74,2.0,1,1
326,1375.0,702.0,35.3,23.0,4.1,88.6,1.93,1.0,0,1
1039,1225.0,271.0,7.9,1.0,10.0,89.1,1.43,2.0,0,1
4279,1986.0,200.0,62.2,1.0,14.7,96.5,0.81,1.0,1,1
6755,1416.0,200.0,33.0,33.0,8.3,89.0,1.74,2.0,0,0
1870,1995.0,761.0,37.1,2.0,4.7,89.6,1.63,2.0,0,1
5688,2517.0,1169.0,24.6,71.0,3.8,97.9,1.38,2.0,0,1
534,1937.0,806.0,10.6,9.0,3.0,93.3,1.16,2.0,0,1
8676,2303.0,988.0,32.6,1.0,12.7,95.1,1.58,2.0,1,0
585,903.0,383.0,31.8,2.0,5.2,94.1,1.85,2.0,0,1
8921,3064.0,1257.0,19.3,21.0,1.8,90.7,1.3,2.0,1,0
1703,1309.0,200.0,34.7,6.0,5.3,97.8,1.46,2.0,0,1
6539,1450.0,825.0,6.6,7.0,11.9,98.4,1.35,2.0,0,0
4487,2230.0,663.0,39.6,23.0,6.1,91.0,1.52,2.0,0,1
491,2090.0,511.0,38.5,5.0,11.5,93.7,1.73,2.0,0,1
5284,1570.0,308.0,9.0,6.0,15.6,99.0,1.22,2.0,0,1
6703,1512.0,591.0,61.3,19.0,8.1,85.8,1.83,2.0,0,0
3617,1183.0,248.0,10.7,4.0,4.5,89.8,1.11,2.0,1,1
3995,1927.0,518.0,33.8,57.0,2.1,99.0,1.06,2.0,1,1
3514,1501.0,225.0,27.0,30.0,2.8,91.1,1.47,2.0,1,1
6488,1519.0,1050.0,28.3,3.0,10.3,91.9,1.34,2.0,0,0
1916,1137.0,443.0,27.7,28.0,6.3,91.9,1.79,2.0,0,1
3889,1612.0,214.0,56.7,9.0,10.9,92.4,1.29,2.0,1,1
8422,2098.0,1036.0,38.6,5.0,7.7,94.4,1.5,2.0,1,0
7852,2061.0,1128.0,2.1,26.0,1.9,92.4,0.86,2.0,1,0
3044,1650.0,832.0,43.0,3.0,22.0,91.2,1.75,2.0,1,1
3755,2278.0,1108.0,24.5,1.0,11.2,88.7,1.76,2.0,1,1
8080,1169.0,200.0,49.0,8.0,0.9,97.0,1.73,2.0,1,0
397,1565.0,762.0,24.3,22.0,15.6,88.7,1.61,2.0,0,1
1317,1236.0,1028.0,28.8,0.0,2.7,92.7,1.72,2.0,0,1
5354,3566.625,1117.0,21.9,60.0,8.0,91.2,1.76,2.0,0,1
121,1140.0,901.0,15.1,32.0,18.5,88.4,1.45,2.0,0,1
2579,1623.0,200.0,24.6,11.0,5.0,89.1,0.84,2.0,0,1
1566,1186.0,200.0,28.0,12.0,5.0,96.2,1.45,2.0,0,1
1984,1639.0,905.0,40.9,4.0,23.55,87.6,1.25,2.0,0,1
4035,1278.0,385.0,17.5,10.0,9.3,96.6,1.43,2.0,1,1
2173,2995.0,1434.0,10.8,24.0,23.55,85.7,1.46,2.0,0,1
7705,1414.0,963.0,22.4,3.0,13.5,94.1,1.61,2.0,1,0
7259,1640.0,766.0,32.3,29.0,11.3,92.4,1.47,2.0,1,0
573,1690.0,859.0,35.4,9.0,23.55,91.4,0.98,2.0,0,1
8784,1694.0,464.0,42.5,9.0,0.8,90.7,1.07,2.0,1,0
8122,1376.0,638.0,29.3,19.0,6.1,96.0,1.59,2.0,1,0
8737,1410.0,882.0,19.2,11.0,2.2,97.1,1.84,2.0,1,0
3045,1891.0,695.0,8.2,9.0,12.7,86.5,0.73,2.0,1,1
1407,3282.0,496.0,19.4,1.0,9.9,89.6,1.34,2.0,0,1
535,1280.0,649.0,17.2,14.0,2.2,94.3,1.45,2.0,0,1
5555,1668.0,858.0,59.6,16.0,0.6,90.4,1.15,2.0,0,1
5987,1977.0,1097.0,14.3,8.0,0.8,91.6,1.55,2.0,0,1
1434,1501.0,255.0,54.3,17.0,2.0,91.8,1.7,2.0,0,1
7058,2167.0,968.0,2.6,1.0,21.4,89.9,2.08,2.0,0,0
1867,1650.0,521.0,22.6,0.0,2.9,94.9,1.04,2.0,0,1
1454,1554.0,501.0,15.4,14.0,1.9,96.3,1.12,2.0,0,1
8522,2061.0,597.0,27.0,53.0,0.5,96.4,1.31,2.0,1,0
8867,1852.0,663.0,9.8,5.0,4.0,99.0,1.21,2.0,1,0
1820,1444.0,804.0,28.2,74.5,4.3,93.7,1.11,2.0,0,1
51,1540.0,210.0,29.5,74.5,14.4,87.4,1.13,2.0,0,1
4603,1433.0,1148.0,23.9,23.0,6.1,89.1,1.87,2.0,0,1
6525,1613.0,338.0,59.7,36.0,1.9,94.2,1.2,2.0,0,0
469,1848.0,535.0,68.4,65.0,7.0,95.4,1.7,2.0,0,1
4718,1960.0,1141.0,60.1,34.0,13.3,91.1,1.97,2.0,0,1
3181,1724.0,795.0,7.5,17.0,3.8,98.3,1.26,2.0,1,1
5617,2446.0,1017.0,49.6,9.0,19.3,95.8,1.34,2.0,0,1
2862,2458.0,1072.0,15.2,0.0,9.6,92.8,2.3,2.0,1,1
1858,2903.0,1265.0,30.7,42.0,13.7,88.0,2.07,2.0,0,1
7377,1929.0,1524.0,46.7,51.0,1.9,93.1,1.39,2.0,1,0
865,3566.625,1317.0,11.3,7.0,11.2,97.8,1.13,2.0,0,1
5803,1464.0,904.0,36.0,6.0,1.9,92.8,1.33,2.0,0,1
3837,2527.0,952.0,1.8,12.0,15.3,90.7,1.07,2.0,1,1
2598,1852.0,684.0,45.3,29.0,4.5,93.8,1.13,2.0,0,1
8944,2021.0,1102.0,59.1,8.0,3.3,89.0,1.14,2.0,1,0
4373,1450.0,657.0,20.3,4.0,23.55,94.2,1.32,2.0,1,1
425,1289.0,200.0,34.0,3.0,16.0,92.2,1.51,2.0,0,1
188,1099.0,387.0,63.4,3.0,2.8,88.6,0.91,2.0,0,1
4534,1612.0,348.0,27.4,9.0,16.0,89.0,1.07,1.0,0,1
4995,1138.0,721.0,44.0,35.0,4.9,90.4,0.93,2.0,0,1
228,1989.0,809.0,7.5,66.0,2.2,89.7,1.65,2.0,0,1
2715,1081.0,699.0,22.7,6.0,2.4,97.1,1.34,2.0,0,1
1041,1254.0,662.0,54.2,12.0,10.5,96.3,1.42,2.0,0,1
3550,3178.0,1408.0,21.2,4.0,19.4,90.8,1.55,2.0,1,1
2688,1124.0,362.0,28.7,24.0,7.7,90.1,1.34,2.0,0,1
8441,1549.0,288.0,10.5,4.0,2.0,92.0,1.07,2.0,1,0
1905,2729.0,977.0,5.9,8.0,1.5,94.3,1.1,1.0,0,1
7769,3566.625,1161.0,38.2,26.0,0.7,90.9,1.41,2.0,1,0
801,1966.0,940.0,57.0,46.0,6.5,90.3,1.42,2.0,0,1
1487,2533.0,1040.0,59.1,12.0,14.1,95.3,1.33,2.0,0,1
8678,1761.0,200.0,27.3,11.0,2.4,91.3,1.38,1.0,1,0
1128,1046.0,629.0,29.7,16.0,8.9,92.2,1.15,2.0,0,1
7285,2273.0,945.0,50.2,72.0,23.55,89.5,1.3,2.0,1,0
2208,2080.0,742.0,49.6,4.0,1.5,93.4,1.61,1.0,0,1
4229,2712.0,1186.0,17.8,18.0,2.1,92.5,1.09,1.0,1,1
7812,2729.0,818.0,2.3,1.0,0.5,95.3,0.93,2.0,1,0
5137,1209.0,1334.0,5.8,10.0,13.3,95.4,1.79,1.0,0,1
3114,1284.0,200.0,28.4,12.0,0.5,96.7,0.79,2.0,1,1
5007,2233.0,588.0,4.0,8.0,17.5,94.9,0.86,2.0,0,1
8635,2549.0,1801.0,24.3,9.0,11.6,92.1,1.41,2.0,1,0
2144,2333.0,989.0,30.1,20.0,23.55,93.4,1.39,2.0,0,1
5953,2162.0,200.0,6.3,11.0,14.2,94.2,0.92,2.0,0,1
1632,1352.0,470.0,29.4,63.0,3.2,96.2,1.97,2.0,0,1
6669,1365.0,227.0,28.9,18.0,5.0,95.1,1.19,2.0,0,0
4010,1821.0,552.0,16.0,9.0,3.1,93.2,1.23,2.0,1,1
156,2026.0,1222.0,14.6,23.0,4.7,98.4,1.18,2.0,0,1
2420,1963.0,200.0,36.7,8.0,21.1,92.8,1.4,2.0,0,1
6360,1777.0,710.0,30.1,7.0,6.2,94.7,1.53,2.0,0,0
3213,1699.0,258.0,16.1,63.0,1.5,88.2,0.61,2.0,1,1
2770,1375.0,434.0,36.8,0.0,7.8,96.7,1.44,2.0,0,1
4442,1116.0,463.0,39.7,21.0,0.5,88.2,1.41,2.0,1,1
5564,1513.0,200.0,11.9,13.0,11.1,93.6,1.52,2.0,0,1
6277,1425.0,912.0,19.1,9.0,4.0,87.1,1.38,2.0,0,0
6392,1641.0,1063.0,2.5,22.0,1.9,87.6,1.54,2.0,0,0
3916,1356.0,560.0,25.3,13.0,5.3,97.8,1.54,2.0,1,1
2807,1158.0,200.0,41.5,12.0,5.1,91.5,1.71,2.0,1,1
4341,1440.0,1175.0,27.8,74.0,10.9,94.5,1.4,2.0,1,1
3024,1526.0,391.0,34.7,15.0,12.1,99.0,1.83,2.0,1,1
2729,1739.0,415.0,21.2,14.0,9.2,90.2,1.23,2.0,0,1
3209,1786.0,531.0,56.8,63.0,10.8,92.7,2.02,2.0,1,1
6606,897.0,207.0,46.2,74.5,0.5,90.5,1.54,2.0,0,0
847,1800.0,1294.0,24.6,22.0,13.8,90.1,0.88,2.0,0,1
7517,886.0,500.0,45.9,26.0,12.7,92.2,1.61,2.0,1,0
8748,2683.0,877.0,63.0,33.0,1.8,88.2,1.19,2.0,1,0
756,1400.0,740.0,33.5,22.0,11.3,92.5,1.19,2.0,0,1
8707,828.0,200.0,45.8,7.0,15.0,98.3,1.23,2.0,1,0
5229,1339.0,200.0,9.5,15.0,1.7,92.8,1.51,1.0,0,1
2812,1159.0,743.0,15.9,30.0,2.6,87.5,1.8,2.0,1,1
8912,1536.0,778.0,14.1,34.0,3.8,93.5,1.96,2.0,1,0
2061,1869.0,302.0,28.4,10.0,7.7,93.3,1.45,2.0,0,1
549,2743.0,590.0,25.1,6.0,1.1,94.5,0.91,2.0,0,1
7628,1347.0,671.0,43.1,1.0,0.5,94.9,1.95,2.0,1,0
7619,1568.0,603.0,17.4,7.0,4.9,93.4,1.34,2.0,1,0
7981,871.0,200.0,38.3,22.0,9.9,89.2,1.31,2.0,1,0
4058,978.0,370.0,11.3,25.0,1.0,89.6,2.0,2.0,1,1
3693,1480.0,597.0,3.2,40.0,5.3,88.0,1.76,2.0,1,1
1259,1675.0,272.0,15.8,16.0,1.1,90.9,1.88,2.0,0,1
6332,2321.0,769.0,10.9,6.0,0.5,92.7,0.77,2.0,0,0
5296,2816.0,1154.0,29.6,8.0,15.3,97.9,1.53,2.0,0,1
7507,1603.0,200.0,44.9,42.0,0.5,91.1,1.73,2.0,1,0
1024,1390.0,585.0,29.5,7.0,0.5,91.3,1.7,2.0,0,1
752,2058.0,470.0,39.2,1.0,4.0,93.1,1.35,2.0,0,1
4625,1812.0,503.0,26.1,30.0,17.3,96.7,1.14,2.0,0,1
3399,1779.0,391.0,45.8,67.0,5.7,94.9,1.5,2.0,1,1
1951,2307.0,896.0,29.2,74.5,0.7,95.5,1.58,2.0,0,1
7544,1462.0,835.0,25.7,4.0,23.55,96.9,1.22,2.0,1,0
351,1618.0,200.0,19.8,15.0,6.8,95.1,0.98,1.0,0,1
1511,1917.0,744.0,20.0,7.0,9.6,86.6,1.94,2.0,0,1
6607,2821.0,965.0,47.1,6.0,1.5,90.9,1.41,2.0,0,0
3154,3075.0,1179.0,10.2,17.0,1.8,98.0,0.95,2.0,1,1
3527,1255.0,565.0,11.3,3.0,1.0,91.4,1.27,2.0,1,1
701,2230.0,1238.0,9.7,7.0,3.0,92.1,1.49,2.0,0,1
2586,1483.0,454.0,24.4,53.0,2.6,87.8,1.81,2.0,0,1
3429,1647.0,855.0,7.8,56.0,3.2,94.5,2.32,2.0,1,1
561,2180.0,1078.0,20.7,1.0,4.7,83.54999999999998,1.16,1.0,0,1
2318,2124.0,200.0,3.7,18.0,6.9,89.5,1.12,2.0,0,1
2458,2335.0,826.0,14.7,53.0,11.4,92.5,1.49,2.0,0,1
5112,2095.0,1187.0,1.0,51.0,3.7,88.5,1.27,2.0,0,1
8027,1504.0,475.0,16.6,22.0,12.3,92.7,1.18,2.0,1,0
6243,1328.0,792.0,26.2,19.0,1.5,92.7,1.13,2.0,0,0
2644,2215.0,823.0,15.9,19.0,4.6,92.0,1.46,2.0,0,1
1047,1322.0,831.0,30.1,5.0,0.5,93.5,1.67,2.0,0,1
7086,1496.0,794.0,18.2,16.0,8.9,95.1,1.03,2.0,0,0
414,1359.0,383.0,30.1,40.0,0.5,94.9,1.42,2.0,0,1
3528,1750.0,870.0,64.1,4.0,21.2,89.7,2.01,2.0,1,1
8569,1246.0,582.0,7.1,33.0,9.0,93.3,1.03,2.0,1,0
3443,1778.0,200.0,43.7,19.0,2.9,92.7,0.95,2.0,1,1
3378,1339.0,200.0,13.5,26.0,2.7,99.0,2.01,2.0,1,1
5920,700.0,200.0,14.0,74.5,4.2,93.4,1.88,2.0,0,1
1469,1057.0,200.0,9.4,21.0,9.5,96.9,0.5,2.0,0,1
7203,1782.0,901.0,7.7,10.0,3.5,90.9,1.15,2.0,0,0
4170,1602.0,755.0,51.8,33.0,11.3,95.2,1.17,2.0,1,1
7541,2768.0,1238.0,68.8,72.0,7.5,97.3,1.7,1.0,1,0
6553,1986.0,700.0,12.9,8.0,3.0,98.1,1.28,2.0,0,0
1583,1121.0,212.0,17.2,16.0,3.7,84.5,1.5,2.0,0,1
1412,1358.0,1215.0,17.0,39.0,1.3,96.3,1.67,1.0,0,1
6153,1883.0,1038.0,20.5,15.0,18.3,94.9,0.79,1.0,0,0
5809,2042.0,965.0,10.2,25.0,9.1,98.8,1.07,2.0,0,1
1722,1442.0,894.0,36.5,26.0,7.8,94.9,0.87,2.0,0,1
2917,2236.0,953.0,23.6,25.0,8.9,95.2,1.49,2.0,1,1
4355,2612.0,1067.0,14.7,15.0,0.8,90.1,1.46,2.0,1,1
1507,2028.0,639.0,17.9,23.0,5.0,98.3,1.55,2.0,0,1
6071,1205.0,1045.0,21.7,0.0,8.5,99.0,1.74,2.0,0,0
8203,1332.0,604.0,6.8,15.0,2.9,94.3,1.0,2.0,1,0
1321,1645.0,683.0,25.6,9.0,3.3,99.0,0.71,2.0,0,1
842,3237.0,1012.0,28.1,5.0,1.3,98.6,1.0,2.0,0,1
1146,2352.0,1042.0,4.7,9.0,0.7,94.2,1.7,2.0,0,1
5067,1688.0,200.0,18.7,14.0,0.5,91.8,1.68,2.0,0,1
8043,2663.0,1330.0,12.4,26.0,0.5,92.2,1.21,2.0,1,0
463,1957.0,659.0,38.5,3.0,7.2,91.2,1.81,2.0,0,1
3942,1068.0,475.0,53.6,48.0,19.2,93.8,1.26,2.0,1,1
2549,1833.0,298.0,14.2,1.0,4.2,93.7,1.84,1.0,0,1
6029,2120.0,433.0,16.0,29.0,2.6,97.8,1.39,2.0,0,0
8508,1902.0,464.0,30.1,29.0,0.5,99.0,1.04,2.0,1,0
7242,1642.0,685.0,27.1,4.0,1.8,87.7,1.51,2.0,1,0
7767,1758.0,325.0,24.5,14.0,23.55,98.2,1.36,2.0,1,0
4075,1663.0,200.0,34.2,15.0,22.7,93.5,1.55,2.0,1,1
378,2551.0,745.0,53.2,32.0,16.6,94.3,0.88,2.0,0,1
6615,2781.0,835.0,8.4,14.0,11.3,94.3,1.73,2.0,0,0
1335,1937.0,588.0,14.2,23.0,0.5,94.0,1.17,2.0,0,1
1223,2134.0,606.0,21.2,67.0,3.0,96.4,1.86,2.0,0,1
6858,1721.0,807.0,70.6,17.0,7.0,94.5,1.4,2.0,0,0
2999,3292.0,1250.0,15.0,74.5,3.4,92.9,1.26,2.0,1,1
4048,1520.0,200.0,48.6,74.5,8.0,91.4,2.13,1.0,1,1
7062,1179.0,593.0,46.8,11.0,8.8,91.4,2.11,2.0,0,0
1811,2338.0,1458.0,47.8,6.0,2.5,93.8,1.46,2.0,0,1
3333,2492.0,884.0,37.4,52.0,5.9,93.5,1.37,2.0,1,1
3944,2138.0,1094.0,59.6,12.0,0.5,95.5,1.29,2.0,1,1
3332,2139.0,1143.0,47.8,19.0,2.5,90.4,1.49,2.0,1,1
1894,1365.0,200.0,50.2,26.0,7.6,93.9,0.5,2.0,0,1
5350,2922.0,1052.0,17.3,74.0,4.4,93.3,1.83,2.0,0,1
3480,2331.0,200.0,35.5,15.0,8.1,91.4,1.47,2.0,1,1
5303,1246.0,631.0,33.8,38.0,1.9,87.3,1.52,2.0,0,1
4080,1879.0,200.0,13.5,74.5,8.0,93.2,0.78,2.0,1,1
6060,2035.0,200.0,33.5,26.0,0.7,99.0,1.34,2.0,0,0
5459,1939.0,457.0,60.4,17.0,0.9,92.8,1.14,2.0,0,1
1189,2810.0,1303.0,67.7,41.0,6.1,92.8,1.71,2.0,0,1
6611,2447.0,1130.0,38.1,39.0,9.4,95.4,1.41,2.0,0,0
898,1113.0,799.0,33.0,74.5,4.6,88.0,1.39,1.0,0,1
5492,1943.0,433.0,20.3,1.0,7.8,88.1,2.09,2.0,0,1
4248,2093.0,685.0,23.8,2.0,17.9,91.5,0.92,2.0,1,1
2885,2620.0,1367.0,55.8,1.0,8.3,93.0,1.66,2.0,1,1
2531,1520.0,692.0,14.8,38.0,1.6,91.3,1.35,2.0,0,1
8958,1551.0,281.0,25.9,24.0,19.9,93.8,1.51,2.0,1,0
8345,1967.0,726.0,33.8,40.0,14.6,95.5,1.1,2.0,1,0
8919,1039.0,484.0,45.4,1.0,0.6,91.9,1.26,2.0,1,0
7948,1168.0,800.0,5.7,7.0,21.3,91.5,1.3,2.0,1,0
5457,2011.0,773.0,9.6,22.0,8.6,99.0,1.05,2.0,0,1
4649,3324.0,1720.0,24.3,11.0,19.7,91.7,2.05,2.0,0,1
1030,1442.0,1092.0,29.1,22.0,4.2,91.7,1.34,2.0,0,1
3422,1233.0,503.0,42.9,10.0,12.9,89.8,1.95,2.0,1,1
6225,2402.0,499.0,64.3,30.0,1.8,96.7,1.37,2.0,0,0
4953,2934.0,345.0,10.6,29.0,1.3,96.1,1.7,2.0,0,1
7711,2603.0,719.0,13.8,70.0,17.0,95.4,1.48,2.0,1,0
1755,1820.0,905.0,11.8,14.0,2.1,96.0,1.31,2.0,0,1
8920,1935.0,1232.0,24.1,31.0,23.55,93.4,1.7,2.0,1,0
231,1502.0,1189.0,6.8,49.0,8.9,88.9,1.29,2.0,0,1
6135,1875.0,1234.0,18.3,21.0,0.5,91.1,0.98,2.0,0,0
4803,947.0,299.0,35.9,4.0,3.8,96.4,1.28,2.0,0,1
6769,1778.0,200.0,24.5,6.0,6.2,89.7,1.93,2.0,0,0
4730,1433.0,200.0,13.3,16.0,2.4,98.2,0.92,2.0,0,1
3535,2195.0,276.0,39.7,50.0,11.1,84.6,1.75,2.0,1,1
4901,1437.0,387.0,18.9,2.0,5.0,94.9,1.31,2.0,0,1
2317,1808.0,1073.0,29.5,61.0,5.5,93.2,1.14,2.0,0,1
4775,2502.0,1801.5,39.5,1.0,4.0,90.9,1.87,2.0,0,1
1515,1316.0,825.0,31.3,13.0,0.7,90.2,0.61,2.0,0,1
216,1976.0,732.0,21.8,4.0,9.5,91.5,1.51,2.0,0,1
8095,1898.0,591.0,39.1,2.0,11.3,87.7,0.82,2.0,1,0
2263,1739.0,707.0,45.5,14.0,0.5,95.0,1.17,2.0,0,1
7606,1800.0,509.0,14.0,32.0,10.4,90.3,1.54,1.0,1,0
2766,1364.0,866.0,21.5,74.5,12.8,95.4,1.83,2.0,0,1
4013,2015.0,1218.0,27.7,28.0,20.1,89.8,1.15,2.0,1,1
893,1605.0,807.0,42.7,14.0,23.55,89.1,1.58,2.0,0,1
2908,1968.0,1251.0,73.6625,23.0,1.6,96.0,1.63,2.0,1,1
1850,2608.0,657.0,7.6,15.0,1.2,96.9,1.51,2.0,0,1
6322,1126.0,662.0,44.8,16.0,0.5,93.6,1.69,2.0,0,0
6951,2267.0,926.0,39.0,71.0,15.7,98.3,1.32,2.0,0,0
324,3238.0,1540.0,24.7,8.0,1.0,95.2,1.29,2.0,0,1
1215,1280.0,200.0,42.6,35.0,1.8,92.2,1.25,2.0,0,1
5544,1960.0,200.0,18.9,1.0,2.9,94.6,1.48,1.0,0,1
4970,1978.0,933.0,8.9,7.0,2.6,91.3,0.92,2.0,0,1
1129,2821.0,279.0,44.0,4.0,10.3,95.5,1.14,2.0,0,1
6319,2709.0,712.0,4.8,14.0,0.5,97.1,1.56,2.0,0,0
7665,1226.0,510.0,10.4,24.0,3.2,92.0,1.02,2.0,1,0
7429,1660.0,941.0,11.8,23.0,0.5,92.3,0.78,1.0,1,0
208,1651.0,636.0,40.9,41.0,4.5,97.4,1.47,2.0,0,1
4102,2118.0,1313.0,12.1,26.0,4.2,90.1,1.44,2.0,1,1
798,2199.0,1476.0,25.3,30.0,12.2,95.9,1.42,2.0,0,1
8176,3566.625,1272.0,14.2,47.0,3.6,93.2,1.18,2.0,1,0
734,917.0,553.0,15.1,23.0,4.3,86.8,1.53,2.0,0,1
2753,1311.0,754.0,30.1,2.0,19.6,94.8,1.89,2.0,0,1
2760,2513.0,1210.0,26.3,1.0,1.1,99.0,0.95,2.0,0,1
1174,2642.0,1080.0,27.1,28.0,7.2,97.7,0.82,2.0,0,1
6879,3566.625,1489.0,71.7,69.0,7.1,99.0,0.93,2.0,0,0
7033,3566.625,1168.0,13.5,37.0,23.55,96.4,0.79,2.0,0,0
1831,2357.0,1267.0,29.7,45.0,7.7,89.5,1.97,2.0,0,1
6426,1509.0,601.0,47.1,68.0,0.5,92.0,1.66,2.0,0,0
7866,1684.0,291.0,37.5,4.0,2.9,94.6,1.8,2.0,1,0
6347,1428.0,440.0,32.3,1.0,18.1,94.6,1.77,2.0,0,0
3334,1499.0,461.0,9.4,8.0,6.2,91.7,1.88,2.0,1,1
198,1928.0,228.0,34.2,21.0,4.8,96.7,0.72,2.0,0,1
3886,1179.0,461.0,39.5,16.0,0.5,87.3,1.46,2.0,1,1
4584,1843.0,558.0,20.7,5.0,8.5,92.9,1.37,2.0,0,1
1097,2004.0,640.0,23.0,11.0,7.1,96.1,1.22,2.0,0,1
548,1857.0,260.0,7.0,8.0,2.3,94.9,1.01,2.0,0,1
2992,2285.0,1373.0,73.6625,22.0,7.4,90.4,1.75,2.0,1,1
2945,3111.0,1054.0,6.9,43.0,7.0,98.3,1.27,2.0,1,1
8642,2022.0,333.0,32.9,52.0,4.4,85.6,1.69,2.0,1,0
6830,1808.0,1100.0,13.1,1.0,1.0,94.2,1.77,2.0,0,0
2314,1652.0,674.0,58.1,2.0,6.3,97.7,1.96,2.0,0,1
5362,1401.0,613.0,8.8,13.0,4.8,96.4,1.45,2.0,0,1
6511,2676.0,1127.0,22.2,32.0,3.0,93.0,1.22,2.0,0,0
8321,2138.0,657.0,52.5,8.0,5.8,88.9,1.72,1.0,1,0
2510,1055.0,200.0,13.3,13.0,3.1,95.3,1.23,1.0,0,1
6603,1121.0,200.0,20.7,7.0,0.5,94.8,1.39,2.0,0,0
6326,1577.0,622.0,18.7,31.0,1.5,91.4,1.63,2.0,0,0
616,2113.0,789.0,12.3,13.0,23.3,92.8,1.37,2.0,0,1
1118,2175.0,1480.0,50.3,1.0,18.7,91.6,1.56,1.0,0,1
937,1587.0,415.0,22.1,38.0,0.5,91.0,1.88,1.0,0,1
622,1492.0,364.0,21.2,11.0,9.8,93.4,1.53,2.0,0,1
6723,2096.0,200.0,5.6,33.0,5.3,93.7,1.54,2.0,0,0
8185,2096.0,1032.0,53.8,32.0,19.4,95.4,1.41,2.0,1,0
3945,1681.0,484.0,43.4,28.0,8.2,99.0,1.11,2.0,1,1
7750,1521.0,960.0,12.6,9.0,4.1,91.9,1.84,1.0,1,0
5169,2244.0,809.0,71.0,28.0,0.8,92.5,1.35,2.0,0,1
2932,2152.0,847.0,29.4,13.0,2.3,93.2,1.51,2.0,1,1
5168,1927.0,708.0,21.5,19.0,8.9,89.9,1.49,2.0,0,1
8411,2340.0,1431.0,31.4,20.0,6.6,91.8,1.97,2.0,1,0
3437,1490.0,200.0,39.3,6.0,3.4,86.4,1.15,2.0,1,1
2201,2471.0,614.0,34.2,2.0,23.55,91.6,1.41,2.0,0,1
1160,1315.0,200.0,18.1,36.0,3.1,91.9,1.22,2.0,0,1
6567,1651.0,519.0,34.9,20.0,9.3,88.6,1.03,2.0,0,0
8721,1207.0,335.0,28.6,73.0,11.2,90.5,1.54,1.0,1,0
8820,1301.0,200.0,27.8,0.0,23.55,94.4,1.57,2.0,1,0
7152,2331.0,825.0,29.9,24.0,0.5,91.7,1.49,2.0,0,0
478,2013.0,200.0,15.4,74.5,4.8,93.3,2.08,2.0,0,1
1352,1481.0,817.0,15.7,16.0,5.8,91.7,1.26,2.0,0,1
8628,1388.0,373.0,56.1,27.0,0.5,91.5,1.48,1.0,1,0
6246,2101.0,724.0,40.6,68.0,0.5,92.3,1.56,2.0,0,0
7036,3183.0,1408.0,1.1,30.0,7.2,94.2,1.77,2.0,0,0
7394,1775.0,1141.0,20.4,3.0,19.4,92.1,1.85,2.0,1,0
4127,3566.625,1036.0,6.7,27.0,0.5,92.0,1.16,2.0,1,1
1033,1873.0,433.0,6.3,68.0,9.6,92.5,1.17,2.0,0,1
4004,3160.0,937.0,26.3,4.0,14.0,90.8,1.7,1.0,1,1
3969,2582.0,678.0,5.7,43.0,9.3,95.7,1.18,2.0,1,1
3467,1116.0,358.0,56.5,36.0,0.5,97.1,1.78,2.0,1,1
3377,2506.0,780.0,39.5,12.0,1.2,94.8,1.05,2.0,1,1
3132,1455.0,200.0,20.4,74.5,9.0,93.4,2.15,2.0,1,1
7063,2097.0,506.0,44.9,18.0,4.9,91.9,1.66,2.0,0,0
8739,1639.0,200.0,44.2,23.0,1.0,92.3,1.41,1.0,1,0
3269,1224.0,720.0,39.4,9.0,13.8,96.3,1.86,2.0,1,1
2543,1514.0,421.0,2.4,52.0,8.6,89.9,1.49,2.0,0,1
1425,1856.0,200.0,62.4,74.5,6.8,93.2,1.5,2.0,0,1
6793,2429.0,217.0,13.6,45.0,5.8,90.3,1.42,2.0,0,0
1871,965.0,200.0,1.5,19.0,6.5,91.1,1.26,2.0,0,1
3949,1444.0,434.0,20.7,41.0,23.55,96.0,1.67,2.0,1,1
8637,1099.0,379.0,14.1,21.0,5.5,96.4,1.73,2.0,1,0
7015,1087.0,328.0,38.4,66.0,3.9,97.6,1.66,2.0,0,0
527,1322.0,875.0,10.8,19.0,4.1,89.8,1.48,2.0,0,1
7945,1505.0,504.0,35.8,15.0,7.8,94.9,1.82,2.0,1,0
7562,2103.0,652.0,3.6,0.0,3.3,92.4,1.03,2.0,1,0
3254,2277.0,545.0,43.3,5.0,23.55,92.8,1.66,2.0,1,1
220,1215.0,234.0,22.3,39.0,5.7,87.3,2.03,2.0,0,1
8256,1179.0,474.0,29.9,74.5,1.1,89.7,1.51,2.0,1,0
7254,1658.0,543.0,17.9,49.0,3.9,92.4,1.21,2.0,1,0
4938,3165.0,1073.0,10.3,1.0,4.8,94.1,1.91,2.0,0,1
2602,902.0,200.0,22.6,10.0,15.8,86.9,1.42,2.0,0,1
2846,2138.0,580.0,24.4,56.0,9.8,94.6,1.45,2.0,1,1
8594,1053.0,668.0,57.7,18.0,22.1,92.7,1.34,1.0,1,0
6661,2075.0,453.0,10.3,8.0,13.8,92.6,1.45,2.0,0,0
4942,1779.0,430.0,40.5,31.0,5.8,94.9,1.74,2.0,0,1
8160,2149.0,627.0,8.5,21.0,23.55,94.3,0.5,2.0,1,0
8976,2242.0,955.0,39.0,1.0,8.4,95.9,1.51,2.0,1,0
6054,1602.0,566.0,40.5,19.0,0.5,96.1,0.95,2.0,0,0
2391,1940.0,770.0,51.1,18.0,0.5,99.0,1.64,2.0,0,1
2955,1601.0,441.0,45.8,15.0,6.3,91.4,1.26,2.0,1,1
5196,2132.0,391.0,55.8,12.0,1.7,89.2,1.42,2.0,0,1
1983,2126.0,1408.0,42.3,2.0,0.5,92.1,1.58,2.0,0,1
6671,1627.0,1346.0,33.6,4.0,1.4,99.0,2.01,2.0,0,0
1554,2492.0,1090.0,27.7,27.0,8.6,92.9,1.47,2.0,0,1
8158,745.0,354.0,29.5,3.0,5.0,89.7,1.67,1.0,1,0
5696,996.0,237.0,47.2,5.0,1.8,88.8,0.88,2.0,0,1
7465,1846.0,504.0,44.6,3.0,23.55,89.3,1.67,2.0,1,0
7168,1399.0,560.0,30.4,6.0,0.5,91.3,1.39,2.0,0,0
2628,1666.0,970.0,24.1,19.0,9.7,90.7,1.54,2.0,0,1
1677,1558.0,200.0,37.2,14.0,15.5,93.8,1.47,2.0,0,1
4401,2652.0,814.0,18.5,41.0,0.5,85.7,2.0,1.0,1,1
3034,1368.0,248.0,12.4,6.0,7.0,96.8,1.36,2.0,1,1
901,976.0,635.0,11.8,15.0,0.5,87.0,1.45,2.0,0,1
2296,2374.0,200.0,43.8,19.0,1.8,93.8,1.18,2.0,0,1
2771,1682.0,615.0,12.9,6.0,0.6,95.7,0.89,2.0,0,1
296,2600.0,517.0,43.4,22.0,11.8,90.3,1.27,2.0,0,1
7622,1975.0,642.0,4.9,21.0,2.8,96.1,1.07,2.0,1,0
57,2156.0,1123.0,50.4,9.0,4.0,90.6,1.64,2.0,0,1
5829,2267.0,1292.0,38.0,65.0,0.5,91.0,1.09,2.0,0,1
3035,1182.0,409.0,49.6,16.0,3.4,97.1,1.41,2.0,1,1
6974,1536.0,1124.0,14.0,16.0,10.3,95.6,2.04,2.0,0,0
5641,1465.0,200.0,11.6,53.0,6.8,98.7,1.52,2.0,0,1
5285,1293.0,1336.0,47.5,9.0,7.7,97.9,1.33,2.0,0,1
5402,1349.0,910.0,39.9,26.0,13.6,90.8,1.76,2.0,0,1
2603,1670.0,1248.0,36.6,26.0,1.8,92.1,1.39,2.0,0,1
6163,1379.0,367.0,40.7,52.0,0.5,93.1,1.43,2.0,0,0
295,3566.625,1617.0,68.8,60.0,17.0,92.1,1.52,2.0,0,1
2580,1985.0,200.0,72.0,27.0,2.0,91.6,1.68,2.0,0,1
3283,3566.625,1726.0,30.2,33.0,1.4,97.5,1.8,2.0,1,1
3202,2376.0,690.0,36.6,26.0,8.0,94.6,1.45,1.0,1,1
648,1368.0,815.0,15.8,12.0,9.1,91.7,1.62,2.0,0,1
1370,2644.0,1190.0,20.1,6.0,21.6,95.3,1.36,2.0,0,1
5634,2178.0,1114.0,12.5,9.0,7.1,93.5,1.44,2.0,0,1
4157,1819.0,819.0,10.2,0.0,20.0,96.6,1.12,2.0,1,1
5609,3566.625,1117.0,11.9,9.0,0.5,93.1,1.28,2.0,0,1
5157,1137.0,200.0,24.4,12.0,4.8,88.1,1.2,2.0,0,1
5610,1929.0,1000.0,17.5,7.0,4.0,90.4,1.33,2.0,0,1
681,2274.0,807.0,12.4,39.0,9.7,94.9,1.87,2.0,0,1
434,2091.0,811.0,9.2,60.0,9.1,86.6,1.7,2.0,0,1
4645,1785.0,200.0,37.9,9.0,8.6,88.9,0.78,2.0,0,1
3686,2528.0,1062.0,34.2,51.0,9.0,98.2,1.88,2.0,1,1
1489,3211.0,788.0,35.1,8.0,10.3,84.2,1.65,2.0,0,1
812,1167.0,446.0,55.1,9.0,2.4,93.2,1.73,2.0,0,1
1882,3523.0,1624.0,47.0,22.0,1.9,92.8,1.33,2.0,0,1
8018,1358.0,346.0,60.5,3.0,3.1,87.9,0.87,2.0,1,0
6308,914.0,343.0,20.2,11.0,7.1,95.4,0.98,2.0,0,0
1940,2583.0,896.0,20.3,4.0,13.3,92.4,1.55,2.0,0,1
3026,1147.0,200.0,27.8,29.0,8.1,98.8,1.31,2.0,1,1
7603,2868.0,867.0,33.2,20.0,10.6,87.2,2.07,2.0,1,0
4533,2261.0,978.0,44.5,4.0,2.0,98.9,1.39,2.0,0,1
1181,1022.0,200.0,27.6,30.0,3.4,94.7,0.82,2.0,0,1
1375,742.0,200.0,46.8,5.0,3.0,89.1,1.97,2.0,0,1
6888,1273.0,510.0,31.5,11.0,0.8,85.9,1.39,2.0,0,0
3286,2340.0,1002.0,33.4,2.0,4.8,86.8,1.66,2.0,1,1
626,2030.0,210.0,22.1,26.0,6.4,92.0,0.85,2.0,0,1
7174,1859.0,858.0,34.0,3.0,2.2,94.0,1.52,2.0,0,0
1669,2498.0,616.0,22.4,74.5,6.7,95.5,1.48,2.0,0,1
2112,1688.0,200.0,29.6,0.0,5.9,92.4,1.06,2.0,0,1
3365,3566.625,1686.0,73.6625,8.0,7.4,96.8,1.93,2.0,1,1
2615,2590.0,1184.0,14.7,9.0,11.1,95.9,1.08,2.0,0,1
5270,2332.0,603.0,14.5,0.0,0.8,87.3,1.74,2.0,0,1
84,1787.0,974.0,15.4,57.0,21.8,95.8,1.44,2.0,0,1
5628,1514.0,818.0,17.5,17.0,2.4,86.7,1.05,2.0,0,1
3616,2772.0,753.0,26.7,13.0,23.55,97.1,1.59,2.0,1,1
2283,3084.0,897.0,27.8,47.0,4.2,95.8,1.92,2.0,0,1
3728,1818.0,593.0,12.5,18.0,5.8,90.3,1.51,2.0,1,1
7460,2476.0,634.0,19.8,40.0,23.55,90.7,1.39,2.0,1,0
418,1120.0,536.0,39.8,24.0,16.7,99.0,1.77,2.0,0,1
7105,969.0,200.0,52.0,74.5,1.9,86.9,1.9,2.0,0,0
7018,1012.0,318.0,27.7,26.0,11.1,87.7,1.21,2.0,0,0
2357,1266.0,200.0,6.6,41.0,0.8,93.4,1.17,2.0,0,1
6074,1305.0,769.0,7.0,9.0,1.6,94.3,1.13,2.0,0,0
1366,1337.0,861.0,17.8,70.0,0.5,91.1,1.34,2.0,0,1
293,2553.0,1386.0,35.2,21.0,2.1,89.5,1.65,2.0,0,1
8506,2393.0,556.0,31.3,5.0,3.0,94.0,0.88,1.0,1,0
1506,2427.0,771.0,13.6,12.0,9.6,92.2,1.23,2.0,0,1
8047,901.0,714.0,6.9,37.0,4.5,90.1,1.37,2.0,1,0
7743,1556.0,844.0,5.7,13.0,11.9,87.0,0.84,2.0,1,0
1634,2069.0,200.0,35.4,10.0,4.4,91.4,1.25,2.0,0,1
5856,1909.0,863.0,48.3,13.0,1.5,94.4,1.27,2.0,0,1
6803,1364.0,751.0,21.8,34.0,4.0,88.9,1.47,2.0,0,0
2826,1527.0,712.0,33.1,26.0,3.4,84.3,1.21,2.0,1,1
5082,2586.0,807.0,11.0,1.0,11.8,91.1,1.62,2.0,0,1
1563,1462.0,200.0,55.5,37.0,6.1,99.0,1.62,2.0,0,1
7401,2029.0,1394.0,25.4,22.0,23.55,85.2,1.25,2.0,1,0
4436,1628.0,1038.0,57.6,0.0,1.7,89.3,1.71,2.0,1,1
1979,3072.0,734.0,47.7,9.0,2.1,93.8,1.32,2.0,0,1
1883,1591.0,894.0,19.8,4.0,12.5,99.0,1.06,2.0,0,1
438,1623.0,1077.0,6.8,1.0,2.8,92.2,1.98,2.0,0,1
7430,2767.0,1127.0,25.7,70.0,19.4,95.3,1.48,2.0,1,0
5478,1090.0,200.0,14.4,48.0,23.55,85.7,1.27,2.0,0,1
8601,2270.0,369.0,56.9,31.0,15.2,95.6,1.63,2.0,1,0
7531,2957.0,873.0,16.5,0.0,14.6,88.8,0.95,2.0,1,0
2280,2494.0,631.0,50.0,20.0,3.4,93.8,1.97,2.0,0,1
3107,1276.0,593.0,66.0,3.0,3.2,93.2,1.48,2.0,1,1
7407,1529.0,211.0,43.2,16.0,4.8,91.0,0.91,2.0,1,0
6494,1635.0,383.0,19.5,64.0,23.55,90.5,1.81,2.0,0,0
373,3566.625,1018.0,4.7,18.0,0.6,96.0,1.27,2.0,0,1
4250,1389.0,657.0,9.8,59.0,0.5,97.1,0.93,2.0,1,1
2585,1481.0,853.0,73.6625,25.0,6.2,93.0,1.35,2.0,0,1
8011,1850.0,744.0,15.0,3.0,2.1,95.9,0.92,2.0,1,0
6445,1022.0,221.0,45.1,31.0,5.7,91.4,1.7,2.0,0,0
6901,2809.0,981.0,73.6625,40.0,4.1,94.0,1.5,2.0,0,0
5807,1257.0,200.0,65.5,16.0,4.6,95.2,1.06,2.0,0,1
1784,2289.0,517.0,9.3,6.0,0.9,94.8,0.89,1.0,0,1
5304,1988.0,483.0,48.4,9.0,6.5,89.1,1.81,2.0,0,1
4486,1928.0,672.0,36.5,32.0,12.8,89.2,1.3,2.0,0,1
6341,2897.0,985.0,46.3,74.5,6.1,91.4,2.11,2.0,0,0
6589,2579.0,1168.0,19.1,30.0,13.8,90.2,2.03,1.0,0,0
3006,2288.0,414.0,9.8,17.0,3.3,94.4,1.16,2.0,1,1
4862,2207.0,823.0,42.5,1.0,2.5,97.1,1.2,2.0,0,1
2835,1420.0,379.0,41.9,40.0,10.3,92.8,1.64,2.0,1,1
4514,1134.0,229.0,42.1,26.0,3.1,91.5,1.89,2.0,0,1
7471,2629.0,791.0,25.3,4.0,13.9,91.8,1.3,2.0,1,0
5728,2211.0,766.0,10.9,72.0,12.9,93.1,1.66,2.0,0,1
8280,2286.0,1138.0,14.1,74.5,0.9,91.7,1.09,2.0,1,0
4766,3566.625,1345.0,27.2,18.0,0.5,90.9,1.03,2.0,0,1
4769,2193.0,808.0,41.4,10.0,10.4,91.0,1.08,1.0,0,1
7972,1863.0,200.0,13.8,25.0,3.1,95.3,1.57,2.0,1,0
8507,1340.0,1433.0,21.6,74.5,1.7,95.5,1.31,2.0,1,0
1541,2630.0,550.0,23.8,64.0,3.2,97.7,1.86,2.0,0,1
7481,1482.0,200.0,3.8,43.0,3.1,98.4,1.73,2.0,1,0
322,3566.625,1079.0,32.4,16.0,0.5,92.9,1.84,2.0,0,1
2031,2041.0,611.0,53.5,11.0,3.6,94.8,1.81,2.0,0,1
993,923.0,200.0,56.7,2.0,8.4,89.2,1.36,1.0,0,1
6818,2217.0,634.0,26.6,12.0,8.4,88.6,0.93,2.0,0,0
7563,2647.0,831.0,8.0,22.0,7.4,90.9,1.24,2.0,1,0
6084,2083.0,1148.0,41.7,73.0,1.2,99.0,1.7,2.0,0,0
3146,1479.0,332.0,44.3,27.0,6.6,90.0,1.11,2.0,1,1
6340,1808.0,933.0,28.8,56.0,5.0,93.1,1.38,2.0,0,0
2184,1630.0,1113.0,37.4,23.0,9.8,87.9,0.8,2.0,0,1
110,988.0,569.0,17.6,17.0,20.3,95.4,1.6,1.0,0,1
8704,2826.0,1369.0,19.7,17.0,8.8,92.4,1.2,2.0,1,0
8136,1020.0,200.0,14.3,16.0,23.55,91.5,1.61,2.0,1,0
1079,1743.0,778.0,19.3,1.0,6.3,99.0,1.26,2.0,0,1
2226,1639.0,406.0,33.3,65.0,2.3,89.1,1.11,2.0,0,1
2881,2291.0,951.0,20.9,74.5,13.2,91.8,1.4,2.0,1,1
8211,1860.0,451.0,20.1,5.0,2.1,96.2,1.46,2.0,1,0
5496,2116.0,871.0,46.6,13.0,0.5,88.0,0.94,2.0,0,1
7003,3566.625,573.0,30.8,18.0,9.3,86.4,1.89,2.0,0,0
1164,1467.0,200.0,26.9,37.0,23.55,88.2,1.44,2.0,0,1
6764,1243.0,200.0,45.7,33.0,0.6,90.5,1.74,2.0,0,0
1450,1657.0,802.0,7.9,3.0,3.5,93.6,1.75,2.0,0,1
7461,2177.0,887.0,9.9,7.0,11.7,93.7,1.42,2.0,1,0
6505,3566.625,1513.0,17.4,3.0,5.1,85.5,2.3449999999999998,2.0,0,0
4927,1879.0,936.0,20.9,4.0,5.5,92.9,1.59,2.0,0,1
7581,829.0,259.0,22.6,37.0,12.6,98.1,1.98,2.0,1,0
8484,2851.0,1419.0,21.6,11.0,4.6,90.6,1.42,2.0,1,0
6215,1895.0,882.0,35.0,1.0,18.1,94.3,1.45,2.0,0,0
6884,1303.0,900.0,22.9,3.0,5.2,96.9,1.94,2.0,0,0
3647,1763.0,220.0,38.2,24.0,9.5,97.7,1.12,2.0,1,1
6504,2535.0,835.0,9.2,3.0,4.1,89.6,1.81,2.0,0,0
8190,1443.0,494.0,2.9,32.0,9.5,87.8,1.49,2.0,1,0
5156,2023.0,532.0,22.4,10.0,10.3,93.8,1.26,2.0,0,1
8026,1794.0,557.0,4.7,19.0,2.9,89.2,1.35,2.0,1,0
7246,1473.0,200.0,19.3,74.5,22.7,89.3,1.68,2.0,1,0
1514,2202.0,213.0,22.8,17.0,3.0,90.0,1.69,2.0,0,1
2313,3496.0,874.0,45.9,11.0,1.3,90.7,1.53,2.0,0,1
8227,1580.0,609.0,26.9,25.0,1.9,93.3,1.24,2.0,1,0
1451,1726.0,372.0,27.1,21.0,11.3,90.3,1.2,2.0,0,1
2020,2950.0,1026.0,40.1,2.0,3.8,92.9,1.75,2.0,0,1
3411,952.0,200.0,45.0,8.0,9.9,90.3,1.75,2.0,1,1
8215,1951.0,200.0,12.1,21.0,20.8,94.1,1.55,2.0,1,0
4085,700.0,210.0,39.9,15.0,7.8,91.2,1.67,2.0,1,1
4504,2685.0,911.0,0.6,33.0,12.3,93.3,1.38,2.0,0,1
838,847.0,526.0,10.1,6.0,8.0,87.4,2.3449999999999998,2.0,0,1
8922,3566.625,1730.0,37.0,31.0,3.2,91.5,1.6,2.0,1,0
2374,2720.0,990.0,24.5,11.0,9.2,93.8,1.38,2.0,0,1
4952,2847.0,1493.0,36.4,32.0,5.8,94.6,1.36,2.0,0,1
2906,3566.625,977.0,32.8,10.0,9.9,92.9,1.55,2.0,1,1
8931,1596.0,742.0,13.0,14.0,23.55,94.0,1.63,2.0,1,0
3337,1283.0,365.0,44.5,16.0,9.1,91.0,1.83,2.0,1,1
6175,2306.0,907.0,9.1,57.0,1.5,99.0,1.47,2.0,0,0
7378,1924.0,656.0,33.3,21.0,7.0,97.8,1.35,2.0,1,0
450,2248.0,639.0,32.3,0.0,6.8,88.0,1.17,2.0,0,1
4453,2193.0,1014.0,56.4,0.0,5.0,88.5,1.43,2.0,1,1
1714,1348.0,1156.0,13.2,5.0,2.5,95.8,0.84,2.0,0,1
5259,1330.0,697.0,35.5,66.0,4.3,92.8,1.1,2.0,0,1
4734,2626.0,828.0,32.0,29.0,12.8,93.3,0.76,1.0,0,1
339,1796.0,321.0,71.1,14.0,6.7,90.2,1.37,1.0,0,1
8037,1815.0,725.0,9.3,1.0,5.4,93.2,2.0,2.0,1,0
4981,2264.0,1433.0,54.4,20.0,10.0,89.5,1.26,1.0,0,1
4121,1060.0,300.0,50.8,4.0,0.7,95.0,1.36,2.0,1,1
7363,2261.0,705.0,29.5,6.0,14.5,90.4,1.45,2.0,1,0
2670,2452.0,1342.0,34.0,52.0,3.6,98.7,1.51,2.0,0,1
1419,1134.0,257.0,7.2,32.0,7.8,91.2,1.96,2.0,0,1
34,1597.0,816.0,25.8,4.0,5.9,92.9,1.41,2.0,0,1
7298,2458.0,362.0,29.9,19.0,1.0,94.6,1.1,2.0,1,0
5845,1943.0,200.0,30.2,49.0,7.4,96.0,1.14,2.0,0,1
3161,2817.0,1297.0,32.4,15.0,0.8,89.8,1.77,2.0,1,1
8355,1172.0,842.0,1.3,1.0,12.6,97.4,1.47,1.0,1,0
1410,2988.0,1801.5,59.2,26.0,15.6,92.3,0.81,2.0,0,1
4149,2332.0,1333.0,1.2,0.0,8.9,95.1,1.11,2.0,1,1
2170,1021.0,403.0,2.0,8.0,7.9,93.2,1.62,2.0,0,1
8367,1596.0,625.0,69.8,20.0,13.6,97.9,1.09,2.0,1,0
889,1148.0,883.0,29.0,7.0,1.7,95.8,0.75,2.0,0,1
8453,2847.0,851.0,15.9,74.0,0.5,88.3,2.23,2.0,1,0
3082,3514.0,1205.0,22.7,74.5,3.9,91.7,1.23,2.0,1,1
8911,1086.0,824.0,25.8,30.0,2.9,91.7,1.3,2.0,1,0
2244,1572.0,705.0,20.4,74.5,2.6,93.8,1.94,2.0,0,1
4264,2489.0,946.0,48.6,9.0,13.4,94.4,1.17,2.0,1,1
8013,1176.0,619.0,37.5,20.0,1.8,94.7,1.14,2.0,1,0
8511,2696.0,639.0,36.3,74.5,4.1,85.8,1.41,2.0,1,0
5702,2262.0,469.0,31.7,28.0,5.3,96.4,1.95,2.0,0,1
432,1239.0,424.0,33.7,26.0,8.0,96.6,1.86,2.0,0,1
1654,878.0,1169.0,37.7,16.0,10.5,90.9,1.76,2.0,0,1
178,1581.0,200.0,63.9,8.0,6.8,93.7,1.29,2.0,0,1
4383,1966.0,765.0,42.9,6.0,7.6,91.5,1.23,2.0,1,1
6735,1940.0,542.0,52.8,28.0,17.2,95.0,1.55,2.0,0,0
7334,2286.0,715.0,16.1,22.0,23.55,91.8,1.79,2.0,1,0
2997,854.0,1010.0,19.6,54.0,1.8,89.5,0.5,2.0,1,1
1886,1690.0,950.0,2.2,5.0,7.1,96.4,1.63,2.0,0,1
8075,1453.0,976.0,25.5,25.0,5.0,87.5,1.64,2.0,1,0
1786,1570.0,200.0,33.3,74.5,23.55,93.8,1.59,2.0,0,1
4394,1866.0,539.0,35.8,10.0,13.1,85.5,1.08,2.0,1,1
8036,1310.0,1041.0,36.7,6.0,4.7,95.6,1.45,2.0,1,0
4489,1615.0,525.0,68.3,45.0,5.2,96.5,1.52,2.0,0,1
2181,748.0,200.0,45.1,47.0,2.3,98.0,1.59,2.0,0,1
7248,3095.0,670.0,4.2,5.0,6.5,92.5,1.01,2.0,1,0
6867,758.0,758.0,25.3,62.0,23.55,99.0,1.64,2.0,0,0
2069,1129.0,200.0,45.7,38.0,13.1,91.8,1.03,2.0,0,1
6450,2232.0,488.0,23.1,6.0,1.3,92.6,1.81,2.0,0,0
4906,1303.0,200.0,14.6,41.0,2.5,92.2,1.55,2.0,0,1
8660,1295.0,427.0,14.3,25.0,5.8,95.2,1.42,2.0,1,0
880,3566.625,1124.0,34.7,0.0,2.8,93.5,1.98,2.0,0,1
4712,1409.0,860.0,19.5,2.0,11.0,87.9,1.39,2.0,0,1
4924,2911.0,1018.0,18.9,20.0,7.7,99.0,1.18,1.0,0,1
8097,3566.625,1527.0,39.7,5.0,0.5,95.7,1.67,2.0,1,0
6685,2088.0,403.0,24.7,7.0,23.55,87.6,1.19,2.0,0,0
4134,2115.0,706.0,20.9,12.0,2.8,94.7,1.4,2.0,1,1
3790,1318.0,1072.0,45.6,15.0,4.4,94.9,1.95,2.0,1,1
4919,1301.0,1043.0,51.0,57.0,2.6,98.1,1.49,2.0,0,1
2887,1127.0,200.0,2.1,8.0,12.9,93.7,1.41,2.0,1,1
5837,2297.0,1394.0,47.7,15.0,6.2,91.1,1.4,2.0,0,1
1706,1072.0,200.0,3.8,16.0,16.1,88.7,1.9,2.0,0,1
1158,1491.0,747.0,14.8,33.0,5.6,91.2,1.23,1.0,0,1
2306,2032.0,792.0,46.1,16.0,21.3,92.8,1.33,2.0,0,1
7183,2523.0,585.0,46.0,4.0,9.0,91.6,1.14,2.0,0,0
7680,1344.0,200.0,5.9,4.0,0.6,91.6,1.86,2.0,1,0
5353,1557.0,506.0,8.4,50.0,19.1,94.4,1.14,2.0,0,1
8964,1552.0,695.0,52.8,74.5,4.2,93.7,1.4,2.0,1,0
6264,1198.0,897.0,42.1,5.0,3.1,88.2,1.77,2.0,0,0
7383,1430.0,200.0,37.5,70.0,18.3,84.7,2.22,2.0,1,0
8832,3566.625,1246.0,29.8,20.0,3.7,91.5,2.07,1.0,1,0
7030,1720.0,926.0,35.9,15.0,7.3,88.7,1.08,2.0,0,0
4560,1792.0,1121.0,37.5,19.0,1.2,90.4,1.37,2.0,0,1
1564,1251.0,438.0,10.7,4.0,0.5,90.5,1.51,2.0,0,1
1782,1906.0,946.0,6.7,6.0,2.9,93.9,0.77,2.0,0,1
3799,1151.0,200.0,12.5,2.0,0.5,99.0,1.27,2.0,1,1
3605,1043.0,273.0,16.4,33.0,1.1,91.5,1.61,2.0,1,1
3149,2575.0,845.0,72.7,74.5,5.6,96.3,1.22,2.0,1,1
904,1468.0,244.0,69.1,34.0,2.3,99.0,1.25,2.0,0,1
8700,2368.0,1801.5,4.8,14.0,0.5,93.1,1.42,2.0,1,0
4607,1979.0,200.0,32.5,19.0,3.1,92.3,1.27,2.0,0,1
7361,2488.0,480.0,37.7,41.0,18.1,98.0,1.67,2.0,1,0
6073,2106.0,745.0,13.5,42.0,16.7,90.7,1.71,2.0,0,0
2080,1939.0,782.0,1.2,50.0,6.3,97.0,1.17,2.0,0,1
1565,3008.0,1363.0,13.5,19.0,1.2,93.8,1.48,2.0,0,1
4818,1877.0,743.0,61.0,24.0,6.6,86.3,1.61,2.0,0,1
8254,1563.0,690.0,16.1,74.5,6.5,91.1,1.66,2.0,1,0
5204,700.0,259.0,9.5,46.0,0.5,95.1,1.25,2.0,0,1
3544,862.0,625.0,29.4,8.0,13.8,94.6,0.95,2.0,1,1
5599,2587.0,1435.0,37.6,34.0,1.2,96.7,1.23,2.0,0,1
5378,1246.0,443.0,29.9,6.0,23.55,90.1,1.54,2.0,0,1
5993,1067.0,858.0,26.8,25.0,3.7,99.0,1.19,2.0,0,1
5186,991.0,200.0,1.8,11.0,1.1,92.2,2.04,2.0,0,1
1113,1284.0,200.0,34.1,2.0,9.6,84.9,1.95,2.0,0,1
2646,2515.0,221.0,59.3,2.0,23.3,93.2,1.57,2.0,0,1
4580,1538.0,757.0,24.8,31.0,3.1,92.2,1.54,2.0,0,1
5762,1176.0,384.0,63.1,10.0,5.8,91.0,0.87,2.0,0,1
7089,2278.0,1384.0,24.6,48.0,2.3,92.4,0.83,2.0,0,0
5265,1179.0,589.0,60.2,20.0,14.7,90.5,1.66,2.0,0,1
2300,1949.0,682.0,29.7,40.0,0.8,95.0,1.37,2.0,0,1
8557,947.0,219.0,14.6,10.0,19.8,91.3,1.37,2.0,1,0
254,1928.0,916.0,66.3,0.0,0.5,91.8,1.35,2.0,0,1
7008,3166.0,809.0,17.3,0.0,23.55,92.3,1.74,2.0,0,0
3352,1235.0,439.0,21.3,48.0,5.5,98.8,1.5,2.0,1,1
3314,3396.0,982.0,60.8,14.0,7.8,92.6,1.72,2.0,1,1
5694,1648.0,200.0,34.6,17.0,8.2,98.4,1.61,2.0,0,1
5682,1086.0,200.0,19.5,41.0,13.7,91.2,1.29,2.0,0,1
7623,2813.0,1395.0,7.9,2.0,9.5,97.9,1.43,2.0,1,0
6463,1362.0,494.0,59.9,5.0,15.1,94.5,0.63,2.0,0,0
5411,901.0,200.0,34.3,18.0,0.5,93.3,1.61,2.0,0,1
2589,1434.0,1070.0,9.3,44.0,4.8,96.7,1.62,2.0,0,1
7085,2714.0,760.0,54.4,4.0,8.1,86.4,1.61,2.0,0,0
303,2014.0,818.0,12.0,3.0,1.9,91.0,1.19,1.0,0,1
5020,1684.0,929.0,12.6,5.0,6.0,98.6,2.08,2.0,0,1
3150,1885.0,807.0,30.4,59.0,14.0,93.4,0.72,2.0,1,1
5540,2848.0,953.0,53.0,4.0,0.5,95.0,1.3,2.0,0,1
3826,1617.0,200.0,21.0,1.0,23.55,92.5,1.16,2.0,1,1
3019,2801.0,1052.0,16.8,74.5,10.4,90.0,1.38,2.0,1,1
1436,1699.0,895.0,28.5,1.0,6.9,94.1,1.6,2.0,0,1
3032,1947.0,965.0,11.3,28.0,4.6,91.8,1.35,1.0,1,1
6727,1173.0,572.0,25.6,32.0,9.0,94.8,1.43,2.0,0,0
376,1584.0,805.0,28.0,23.0,7.7,90.0,1.62,2.0,0,1
1869,2174.0,1121.0,41.9,19.0,0.5,94.0,1.8,2.0,0,1
8756,1085.0,200.0,29.1,34.0,9.4,95.7,1.44,2.0,1,0
3143,1894.0,766.0,28.8,4.0,7.3,92.3,1.29,2.0,1,1
8084,1281.0,200.0,46.6,29.0,5.4,95.9,1.96,2.0,1,0
1658,1225.0,498.0,24.0,16.0,9.7,96.2,0.97,1.0,0,1
755,3438.0,1294.0,23.6,15.0,2.5,92.5,2.1,2.0,0,1
6880,1918.0,1074.0,28.5,13.0,7.2,98.6,1.28,2.0,0,0
4367,1812.0,774.0,53.4,2.0,5.9,84.9,1.55,2.0,1,1
6498,2423.0,463.0,25.0,48.0,0.9,96.0,1.67,1.0,0,0
290,1850.0,883.0,36.7,20.0,1.3,92.7,1.02,2.0,0,1
2236,2123.0,320.0,7.5,46.0,2.5,90.9,1.5,2.0,0,1
4793,2052.0,449.0,23.2,29.0,2.2,86.2,1.33,2.0,0,1
7374,2298.0,585.0,13.4,19.0,0.5,91.2,1.37,2.0,1,0
2118,1470.0,322.0,26.0,5.0,5.1,97.7,1.87,2.0,0,1
6232,1310.0,614.0,11.9,17.0,7.7,90.1,0.72,2.0,0,0
8250,2955.0,780.0,30.6,47.0,0.7,90.0,1.23,2.0,1,0
501,1169.0,241.0,27.8,37.0,7.9,86.6,1.28,2.0,0,1
3768,975.0,329.0,42.3,50.0,2.1,95.7,1.48,2.0,1,1
5042,2958.0,1801.5,7.6,31.0,5.9,93.5,1.18,2.0,0,1
8520,2025.0,713.0,35.3,6.0,5.9,95.4,1.67,2.0,1,0
1539,1762.0,518.0,47.3,12.0,15.2,92.8,2.3449999999999998,2.0,0,1
4949,2670.0,656.0,58.4,56.0,16.4,92.8,1.68,2.0,0,1
1211,1154.0,1069.0,33.7,15.0,21.8,89.7,1.57,2.0,0,1
7552,2149.0,911.0,41.3,11.0,10.2,93.1,1.46,1.0,1,0
8198,1635.0,200.0,53.7,7.0,7.5,91.8,2.02,2.0,1,0
672,1824.0,986.0,20.5,5.0,11.5,92.9,1.6,2.0,0,1
6419,1910.0,1304.0,23.2,18.0,9.0,97.2,1.44,2.0,0,0
5167,1537.0,970.0,25.8,21.0,17.1,89.2,1.75,2.0,0,1
2954,3566.625,992.0,30.4,13.0,4.7,90.8,0.7,2.0,1,1
5723,1261.0,362.0,39.3,24.0,9.6,92.7,1.46,2.0,0,1
5144,1368.0,730.0,13.5,16.0,7.1,92.0,1.18,2.0,0,1
8938,1404.0,200.0,47.0,22.0,9.2,90.5,1.73,2.0,1,0
1464,1430.0,859.0,40.8,9.0,3.2,94.1,1.04,2.0,0,1
5164,2241.0,914.0,16.7,12.0,2.8,85.7,1.34,2.0,0,1
8139,1629.0,804.0,10.9,7.0,1.1,92.3,1.33,2.0,1,0
1192,2273.0,470.0,17.5,8.0,2.0,95.7,1.56,2.0,0,1
3272,2196.0,952.0,22.8,74.5,8.2,91.8,1.12,2.0,1,1
2264,1452.0,524.0,27.8,20.0,8.4,90.1,1.07,2.0,0,1
421,2097.0,706.0,5.0,8.0,7.3,91.9,1.39,2.0,0,1
505,1732.0,790.0,33.9,12.0,1.9,94.7,1.25,1.0,0,1
6518,1591.0,780.0,24.6,5.0,6.3,98.7,1.43,2.0,0,0
2623,1381.0,849.0,64.7,7.0,0.5,96.3,1.51,2.0,0,1
1582,1399.0,200.0,16.6,8.0,3.0,97.8,1.6,2.0,0,1
506,1581.0,647.0,56.9,33.0,5.1,93.1,1.12,2.0,0,1
3739,1943.0,423.0,17.3,9.0,13.5,99.0,1.68,2.0,1,1
2405,1864.0,582.0,49.3,1.0,15.4,87.3,1.63,1.0,0,1
8257,1873.0,755.0,13.0,3.0,7.4,88.0,1.47,2.0,1,0
5019,2333.0,776.0,24.9,25.0,8.9,87.5,1.52,2.0,0,1
621,1116.0,870.0,20.8,33.0,23.55,97.0,1.92,2.0,0,1
2126,1367.0,421.0,47.8,24.0,1.2,91.9,1.83,2.0,0,1
8365,1568.0,802.0,35.1,21.0,8.2,96.7,1.29,2.0,1,0
4866,1529.0,200.0,18.4,6.0,1.4,87.6,1.38,2.0,0,1
3787,1875.0,219.0,33.8,1.0,12.8,95.0,1.48,2.0,1,1
2933,2582.0,1491.0,9.5,35.0,0.9,95.1,0.88,2.0,1,1
8341,1943.0,200.0,10.6,26.0,1.3,89.1,1.9,2.0,1,0
347,2928.0,826.0,61.3,74.5,6.4,88.8,1.31,2.0,0,1
797,3206.0,1070.0,14.3,5.0,0.5,90.9,1.36,2.0,0,1
7746,2198.0,975.0,29.7,13.0,3.0,97.5,1.75,2.0,1,0
2829,1561.0,604.0,73.6625,18.0,5.0,92.3,1.66,2.0,1,1
4562,2532.0,1065.0,47.0,10.0,5.5,91.5,1.22,2.0,0,1
8381,1234.0,360.0,16.4,2.0,15.1,87.1,1.73,2.0,1,0
7547,1120.0,219.0,45.4,22.0,16.2,89.4,1.99,2.0,1,0
8690,2823.0,720.0,6.8,36.0,1.6,95.2,1.26,2.0,1,0
312,1917.0,200.0,6.1,21.0,11.1,89.0,1.15,2.0,0,1
4629,2440.0,921.0,15.6,21.0,12.3,91.9,1.68,2.0,0,1
746,867.0,446.0,11.0,58.0,1.8,95.5,1.7,2.0,0,1
790,1687.0,309.0,32.4,10.0,1.7,94.0,1.11,2.0,0,1
2476,2285.0,931.0,20.3,5.0,5.4,94.2,1.25,2.0,0,1
2024,1406.0,281.0,25.0,15.0,12.2,93.9,2.06,2.0,0,1
6280,1239.0,1155.0,10.1,22.0,2.4,99.0,1.46,2.0,0,0
2570,2217.0,415.0,40.4,10.0,1.2,94.0,1.82,2.0,0,1
3463,3143.0,1199.0,28.7,2.0,4.3,94.7,1.83,2.0,1,1
4252,781.0,578.0,15.1,56.0,3.1,96.3,0.84,2.0,1,1
8439,1970.0,736.0,32.6,3.0,3.8,98.4,1.14,2.0,1,0
5407,1630.0,767.0,27.8,24.0,10.6,95.0,1.14,2.0,0,1
4333,1080.0,200.0,62.0,10.0,7.8,87.2,1.58,2.0,1,1
4622,1992.0,586.0,2.7,19.0,2.3,99.0,0.91,2.0,0,1
259,2447.0,235.0,15.1,1.0,17.2,94.8,1.83,2.0,0,1
2163,1742.0,792.0,57.3,28.0,1.6,96.5,0.97,2.0,0,1
8237,1091.0,544.0,26.9,22.0,1.4,92.5,1.43,2.0,1,0
380,1649.0,645.0,37.5,50.0,6.1,95.2,1.62,2.0,0,1
4907,3066.0,1135.0,12.0,8.0,18.4,96.6,1.36,2.0,0,1
4291,969.0,200.0,29.5,6.0,4.5,89.6,0.98,2.0,1,1
1912,1955.0,1465.0,18.7,37.0,7.8,98.0,1.77,2.0,0,1
3309,1403.0,1555.0,11.2,47.0,5.4,95.1,2.26,2.0,1,1
599,2283.0,1460.0,39.3,39.0,7.8,96.4,1.66,2.0,0,1
45,2371.0,794.0,27.3,5.0,1.0,96.3,2.08,1.0,0,1
1444,1341.0,200.0,18.9,25.0,2.0,99.0,1.74,2.0,0,1
1652,2355.0,554.0,25.9,3.0,17.0,98.1,1.79,2.0,0,1
2699,1924.0,936.0,17.7,7.0,7.0,95.3,2.14,1.0,0,1
7909,1713.0,616.0,27.8,10.0,0.5,94.1,1.44,2.0,1,0
1893,2108.0,663.0,44.6,4.0,2.0,94.9,0.65,2.0,0,1
1944,1129.0,345.0,56.6,18.0,1.1,90.4,1.03,2.0,0,1
2406,1004.0,712.0,34.4,41.0,5.4,90.6,1.61,2.0,0,1
5361,1242.0,489.0,19.6,2.0,3.2,93.9,0.79,2.0,0,1
8788,1501.0,289.0,39.3,72.0,7.7,93.3,0.5,2.0,1,0
4992,1295.0,200.0,53.2,2.0,1.0,94.9,0.86,2.0,0,1
1966,1898.0,506.0,30.6,21.0,1.8,92.4,2.05,2.0,0,1
3027,2740.0,750.0,23.3,50.0,23.55,88.8,1.66,2.0,1,1
5861,1449.0,413.0,41.2,11.0,8.4,87.3,1.65,2.0,0,1
5753,1168.0,975.0,32.4,69.0,4.2,88.9,1.25,2.0,0,1
5621,1211.0,742.0,46.8,7.0,3.3,92.5,0.9,2.0,0,1
1600,1419.0,922.0,44.5,38.0,3.6,97.4,1.3,1.0,0,1
6006,1391.0,434.0,41.4,33.0,3.7,89.6,1.38,2.0,0,0
1392,1425.0,424.0,28.7,74.5,4.9,95.3,0.77,2.0,0,1
4522,1641.0,215.0,31.2,3.0,5.6,98.8,1.55,2.0,0,1
5357,1667.0,852.0,25.5,71.0,2.1,89.9,1.24,2.0,0,1
4156,1231.0,559.0,43.4,31.0,3.9,90.2,1.17,2.0,1,1
4254,955.0,502.0,55.1,3.0,7.1,91.8,1.63,2.0,1,1
6495,2848.0,1387.0,47.9,8.0,9.2,98.3,1.52,2.0,0,0
426,1042.0,757.0,51.4,14.0,7.0,96.1,1.44,2.0,0,1
6123,1252.0,200.0,38.8,15.0,8.0,90.7,1.44,2.0,0,0
8899,1276.0,863.0,45.6,3.0,19.4,93.8,1.23,2.0,1,0
410,1494.0,200.0,31.1,74.5,0.8,89.6,1.08,2.0,0,1
8177,1112.0,376.0,22.0,17.0,0.7,96.2,1.24,2.0,1,0
8003,1019.0,713.0,49.8,28.0,0.9,92.4,1.22,2.0,1,0
4511,2844.0,933.0,16.0,5.0,17.7,90.6,0.65,2.0,0,1
2486,1345.0,200.0,39.7,7.0,0.6,90.4,1.04,2.0,0,1
8307,1449.0,799.0,10.5,32.0,11.3,99.0,1.3,2.0,1,0
779,2589.0,724.0,21.1,3.0,7.9,88.4,1.41,2.0,0,1
4377,1095.0,405.0,8.8,16.0,23.55,86.1,1.23,2.0,1,1
8299,1209.0,676.0,58.5,28.0,0.5,86.8,1.23,2.0,1,0
5538,2199.0,868.0,9.1,14.0,1.8,96.5,1.18,2.0,0,1
210,2092.0,1020.0,26.1,23.0,0.5,92.2,2.24,2.0,0,1
2487,1484.0,714.0,31.5,49.0,3.0,95.0,1.86,2.0,0,1
6137,2020.0,751.0,57.7,34.0,7.6,89.6,1.3,1.0,0,0
4934,958.0,661.0,42.9,36.0,15.2,91.9,1.29,2.0,0,1
5835,1697.0,744.0,33.1,11.0,0.7,92.2,1.31,2.0,0,1
7853,700.0,283.0,9.0,4.0,3.5,95.7,0.78,2.0,1,0
1049,1801.0,1056.0,20.5,6.0,7.4,84.5,1.95,2.0,0,1
8089,2114.0,897.0,34.1,60.0,7.1,93.0,1.11,2.0,1,0
4731,1877.0,568.0,56.2,28.0,3.4,93.5,1.31,2.0,0,1
8134,1120.0,200.0,6.8,20.0,6.4,91.5,1.17,2.0,1,0
4209,1876.0,429.0,58.9,74.5,7.9,92.4,1.45,2.0,1,1
8588,1775.0,1164.0,29.1,22.0,2.7,93.0,1.69,2.0,1,0
5550,1765.0,473.0,50.2,32.0,0.9,94.8,1.14,2.0,0,1
1972,1433.0,666.0,9.3,3.0,0.7,95.8,1.26,2.0,0,1
8505,1735.0,420.0,32.9,3.0,20.1,99.0,0.86,2.0,1,0
2099,3389.0,1007.0,58.4,24.0,1.4,92.6,1.6,2.0,0,1
1499,1611.0,739.0,73.6625,24.0,6.3,92.8,1.65,2.0,0,1
1109,1425.0,683.0,22.2,7.0,12.0,92.3,1.43,2.0,0,1
5566,1960.0,744.0,38.2,1.0,14.4,85.8,0.91,2.0,0,1
5751,1901.0,520.0,26.3,10.0,6.7,93.9,1.5,2.0,0,1
652,2456.0,810.0,41.7,25.0,13.0,97.9,0.68,2.0,0,1
6400,1192.0,421.0,29.8,52.0,11.6,94.6,1.28,2.0,0,0
2732,1990.0,609.0,4.9,70.0,0.5,92.4,1.06,2.0,0,1
242,1056.0,200.0,27.7,5.0,11.6,99.0,1.55,2.0,0,1
1795,1335.0,520.0,11.0,62.0,13.6,98.5,1.81,2.0,0,1
1702,2769.0,1486.0,37.7,5.0,2.8,93.0,1.18,2.0,0,1
3955,3121.0,1173.0,27.1,0.0,7.0,93.8,1.95,2.0,1,1
5615,2421.0,884.0,25.3,1.0,5.0,85.3,1.43,2.0,0,1
4148,1807.0,415.0,8.4,4.0,1.9,89.0,1.19,2.0,1,1
1498,2104.0,1281.0,48.6,65.0,5.2,95.1,1.6,1.0,0,1
2756,1857.0,590.0,41.8,28.0,10.9,98.3,1.98,2.0,0,1
3534,3566.625,990.0,50.6,20.0,2.7,95.0,1.18,2.0,1,1
5060,1346.0,200.0,18.6,37.0,2.1,95.3,0.95,2.0,0,1
2178,3566.625,1118.0,28.6,38.0,2.0,87.0,1.36,1.0,0,1
7533,1296.0,427.0,21.0,45.0,2.3,99.0,1.35,2.0,1,0
4362,1540.0,660.0,50.4,10.0,2.8,87.6,1.28,2.0,1,1
8060,1511.0,471.0,16.6,2.0,2.6,93.6,1.1,2.0,1,0
5198,2113.0,672.0,30.8,19.0,3.4,95.4,1.38,1.0,0,1
6871,935.0,1082.0,60.3,25.0,10.4,93.6,2.01,2.0,0,0
705,1964.0,867.0,23.3,6.0,7.5,87.6,1.25,2.0,0,1
1872,3046.0,463.0,34.0,0.0,20.5,86.3,1.04,2.0,0,1
3720,1169.0,358.0,32.3,52.0,0.7,96.1,1.23,2.0,1,1
4060,3566.625,1801.5,4.8,29.0,5.3,86.9,2.25,2.0,1,1
4709,2227.0,1240.0,11.8,17.0,1.7,95.2,1.11,2.0,0,1
5072,1589.0,941.0,28.7,16.0,2.4,95.7,1.54,2.0,0,1
8432,2087.0,1111.0,15.0,12.0,10.9,95.7,1.2,2.0,1,0
7991,1869.0,602.0,24.1,47.0,2.1,90.7,1.77,2.0,1,0
4302,3566.625,1439.0,9.7,0.0,7.6,99.0,1.31,2.0,1,1
6531,1853.0,813.0,20.8,8.0,4.9,98.7,2.06,2.0,0,0
4660,2124.0,693.0,26.8,5.0,6.3,96.4,1.52,2.0,0,1
6811,1258.0,200.0,16.8,38.0,3.0,91.9,1.84,2.0,0,0
565,1813.0,206.0,52.4,14.0,6.1,91.0,1.3,2.0,0,1
5771,1238.0,216.0,28.5,9.0,3.8,96.2,1.43,2.0,0,1
7821,1287.0,716.0,19.2,3.0,2.2,91.0,1.19,2.0,1,0
8451,3515.0,1332.0,61.1,12.0,9.8,89.1,1.06,2.0,1,0
2987,1223.0,859.0,22.9,57.0,18.0,97.6,1.29,2.0,1,1
640,1761.0,410.0,24.7,7.0,9.8,92.2,1.75,2.0,0,1
4791,1576.0,1142.0,43.2,9.0,11.9,96.1,1.14,2.0,0,1
7364,2431.0,1050.0,18.5,7.0,0.8,89.9,0.88,2.0,1,0
2778,1351.0,212.0,22.0,34.0,2.9,90.1,2.02,2.0,1,1
507,2297.0,480.0,8.8,37.0,8.9,96.5,1.73,2.0,0,1
6055,1327.0,533.0,23.8,74.5,23.55,89.0,1.61,2.0,0,0
1964,918.0,200.0,26.6,10.0,6.5,94.0,1.38,2.0,0,1
6492,2176.0,680.0,8.6,44.0,18.8,88.7,1.82,2.0,0,0
1534,1703.0,477.0,18.5,2.0,12.8,92.1,1.22,2.0,0,1
325,1262.0,622.0,35.9,71.0,19.5,91.3,1.53,2.0,0,1
6315,1754.0,664.0,60.5,74.5,3.1,91.9,1.16,2.0,0,0
2338,1163.0,643.0,67.8,42.0,10.1,90.2,0.92,2.0,0,1
3410,3556.0,1385.0,24.7,3.0,16.4,87.1,1.35,2.0,1,1
4076,2622.0,679.0,21.1,1.0,7.8,94.5,1.21,2.0,1,1
3649,1122.0,375.0,11.6,21.0,8.2,91.4,1.69,2.0,1,1
2237,1338.0,398.0,12.1,27.0,1.3,91.1,1.94,2.0,0,1
6485,1764.0,602.0,19.8,20.0,11.4,88.3,1.54,2.0,0,0
4601,3512.0,1692.0,28.3,5.0,1.5,90.2,2.09,2.0,0,1
7338,2294.0,374.0,37.2,13.0,16.2,95.8,1.17,2.0,1,0
8698,1855.0,753.0,69.0,8.0,21.7,93.4,1.4,1.0,1,0
7187,1644.0,200.0,36.0,2.0,9.9,98.7,1.68,2.0,0,0
3574,1897.0,764.0,57.8,21.0,2.2,92.4,0.8,2.0,1,1
864,3388.0,852.0,53.3,20.0,0.8,90.9,1.22,2.0,0,1
4722,1421.0,327.0,27.9,47.0,12.5,95.5,1.43,2.0,0,1
8233,2026.0,1480.0,30.7,8.0,5.5,94.8,1.23,2.0,1,0
3095,2450.0,801.0,22.9,52.0,0.7,92.6,1.08,2.0,1,1
4756,1447.0,480.0,55.6,6.0,7.6,95.9,1.54,2.0,0,1
2815,1920.0,999.0,20.3,15.0,3.7,91.2,1.44,2.0,1,1
6202,974.0,455.0,31.3,14.0,2.9,96.1,1.59,1.0,0,0
5282,1412.0,514.0,47.8,74.5,8.5,93.8,1.61,2.0,0,1
371,1456.0,449.0,36.5,17.0,4.9,87.0,1.41,2.0,0,1
4472,1616.0,865.0,39.1,2.0,9.7,96.5,1.56,2.0,1,1
4609,2345.0,349.0,26.1,34.0,19.4,88.9,1.65,2.0,0,1
5821,1491.0,573.0,5.9,11.0,23.55,87.2,1.81,2.0,0,1
2542,2127.0,354.0,56.1,21.0,1.9,89.2,1.8,2.0,0,1
8587,1614.0,200.0,48.9,18.0,12.1,92.2,0.87,2.0,1,0
4747,1528.0,610.0,28.1,31.0,2.0,97.0,1.49,2.0,0,1
6932,1531.0,200.0,14.0,16.0,2.9,94.8,1.78,2.0,0,0
6797,1394.0,469.0,16.5,4.0,7.9,94.5,1.6,2.0,0,0
8803,1702.0,397.0,32.8,2.0,9.2,90.1,1.3,2.0,1,0
2364,1564.0,200.0,11.4,21.0,1.6,88.6,1.35,2.0,0,1
5554,1386.0,942.0,5.8,43.0,0.5,91.0,1.67,2.0,0,1
1360,2489.0,780.0,16.8,6.0,10.7,90.1,1.61,2.0,0,1
911,1953.0,653.0,39.4,3.0,1.3,91.3,1.04,2.0,0,1
8068,835.0,496.0,6.0,9.0,6.5,92.5,0.88,2.0,1,0
7618,2732.0,1320.0,17.6,20.0,19.6,96.0,1.92,2.0,1,0
5255,3187.0,589.0,11.4,47.0,13.6,89.8,0.96,2.0,0,1
7841,2086.0,1208.0,7.5,15.0,4.2,95.3,0.97,2.0,1,0
3733,2214.0,1085.0,9.4,38.0,8.2,93.1,0.77,2.0,1,1
7913,1953.0,611.0,28.8,21.0,5.8,87.4,1.26,1.0,1,0
964,2015.0,1111.0,9.6,5.0,17.4,93.8,1.63,2.0,0,1
3933,1411.0,314.0,40.5,26.0,2.9,90.6,1.63,2.0,1,1
1423,1668.0,711.0,34.9,34.0,13.2,90.9,1.28,2.0,0,1
122,2147.0,832.0,12.4,18.0,6.6,95.5,1.38,2.0,0,1
479,1610.0,200.0,56.9,5.0,9.2,96.7,1.32,2.0,0,1
662,2198.0,963.0,64.1,25.0,23.55,91.8,1.39,2.0,0,1
7375,1541.0,1417.0,25.4,8.0,2.0,90.9,1.97,1.0,1,0
3704,3276.0,1343.0,9.2,53.0,3.2,95.3,0.8,2.0,1,1
3248,2563.0,1507.0,12.3,39.0,7.0,96.4,1.28,2.0,1,1
6383,2574.0,659.0,21.8,34.0,8.6,92.4,2.07,2.0,0,0
2988,1944.0,833.0,15.0,1.0,6.5,92.6,1.12,2.0,1,1
5155,1653.0,1195.0,17.0,20.0,4.2,91.5,1.12,2.0,0,1
2776,1784.0,682.0,55.6,46.0,10.3,88.3,1.62,2.0,1,1
439,1266.0,679.0,37.9,15.0,1.7,94.3,1.27,2.0,0,1
1379,2663.0,947.0,66.5,7.0,8.3,90.7,1.25,2.0,0,1
8222,3075.0,1056.0,21.0,42.0,2.2,94.0,1.78,2.0,1,0
3382,2296.0,1212.0,47.6,15.0,23.3,88.3,1.26,2.0,1,1
6851,1275.0,227.0,17.3,8.0,3.6,89.0,1.04,2.0,0,0
4693,1440.0,214.0,12.4,28.0,0.5,95.6,1.57,2.0,0,1
1443,1586.0,336.0,36.6,1.0,6.3,91.0,1.61,2.0,0,1
5359,1750.0,246.0,4.2,11.0,13.9,92.9,1.7,2.0,0,1
6706,2365.0,967.0,28.8,74.5,23.55,93.1,0.99,2.0,0,0
1477,1852.0,936.0,30.3,13.0,19.6,88.6,1.15,2.0,0,1
2039,1521.0,200.0,30.8,11.0,3.8,99.0,1.56,2.0,0,1
1173,1790.0,200.0,27.1,23.0,2.5,94.9,1.07,2.0,0,1
5537,1290.0,614.0,47.7,8.0,23.55,93.8,1.6,2.0,0,1
8238,1523.0,504.0,14.3,8.0,1.4,92.6,0.86,2.0,1,0
8348,1669.0,289.0,37.5,37.0,7.4,88.9,1.8,2.0,1,0
4896,2691.0,280.0,35.6,5.0,23.55,92.3,1.15,2.0,0,1
5120,1270.0,509.0,7.1,74.5,11.4,99.0,1.77,2.0,0,1
7148,2278.0,809.0,41.5,28.0,18.0,94.1,1.15,2.0,0,0
2893,2783.0,851.0,26.2,21.0,3.6,96.1,1.4,2.0,1,1
2669,1648.0,342.0,29.9,4.0,13.0,92.6,1.01,2.0,0,1
4231,1071.0,631.0,40.4,18.0,23.55,87.9,1.22,2.0,1,1
279,2067.0,946.0,52.0,36.0,19.0,94.1,1.29,2.0,0,1
7067,1298.0,643.0,10.9,24.0,4.9,94.6,1.26,2.0,0,0
5422,1159.0,200.0,35.9,64.0,16.5,93.4,1.56,2.0,0,1
4920,2532.0,823.0,34.9,7.0,3.6,88.2,1.06,2.0,0,1
2571,1739.0,801.0,36.6,47.0,0.7,96.9,1.13,2.0,0,1
8309,2220.0,982.0,6.7,5.0,6.8,90.5,1.33,2.0,1,0
1101,1821.0,200.0,54.4,39.0,1.5,97.6,1.04,2.0,0,1
568,1262.0,508.0,36.5,11.0,2.5,89.2,1.58,2.0,0,1
1694,1821.0,561.0,22.7,28.0,3.6,93.9,0.76,2.0,0,1
3182,2113.0,614.0,10.1,54.0,21.5,93.7,1.83,1.0,1,1
3771,2101.0,556.0,51.7,8.0,5.6,86.6,1.43,2.0,1,1
3593,2581.0,952.0,41.4,16.0,1.4,90.4,1.18,2.0,1,1
8357,1664.0,457.0,8.3,47.0,2.7,91.4,2.03,2.0,1,0
3296,3184.0,1801.5,17.9,11.0,5.3,92.9,0.5,2.0,1,1
577,2116.0,643.0,32.7,2.0,6.2,91.2,1.29,2.0,0,1
59,2514.0,1305.0,18.5,0.0,1.0,89.6,1.17,2.0,0,1
8149,1477.0,533.0,26.5,25.0,4.0,93.5,1.3,2.0,1,0
787,1496.0,600.0,23.4,4.0,17.2,92.8,1.56,2.0,0,1
3723,1610.0,717.0,27.6,28.0,12.8,93.1,1.09,2.0,1,1
4284,1530.0,1122.0,7.8,33.0,2.1,92.0,0.85,2.0,1,1
3206,2020.0,1474.0,33.2,36.0,10.5,93.3,1.77,2.0,1,1
6255,1922.0,421.0,34.4,9.0,6.1,92.5,1.49,2.0,0,0
5267,3213.0,837.0,57.0,51.0,19.4,91.4,1.66,2.0,0,1
5945,1805.0,530.0,35.3,3.0,0.5,89.6,1.11,2.0,0,1
7224,2388.0,625.0,27.7,3.0,6.5,96.3,1.45,2.0,1,0
3469,1890.0,200.0,14.9,0.0,1.0,88.9,0.65,2.0,1,1
3322,957.0,200.0,63.0,14.0,19.2,89.0,1.89,2.0,1,1
7188,2105.0,200.0,28.1,41.0,23.55,94.6,0.87,2.0,0,0
4698,1790.0,238.0,30.8,74.5,9.7,89.4,1.24,2.0,0,1
335,1312.0,416.0,17.5,27.0,0.7,93.9,1.29,2.0,0,1
7162,1615.0,935.0,22.4,37.0,1.7,89.5,1.58,2.0,0,0
4626,3237.0,937.0,12.9,29.0,2.3,86.9,1.43,2.0,0,1
3524,2527.0,1525.0,25.9,4.0,5.2,91.1,1.65,2.0,1,1
4937,1895.0,742.0,24.1,9.0,12.7,86.5,1.51,2.0,0,1
467,3196.0,1446.0,18.4,40.0,0.8,93.1,0.75,2.0,0,1
184,2309.0,802.0,10.7,1.0,5.5,90.5,1.75,1.0,0,1
3656,3059.0,1406.0,46.0,13.0,0.5,93.7,1.02,1.0,1,1
4372,817.0,200.0,35.6,74.5,9.3,89.5,1.66,2.0,1,1
420,1855.0,520.0,25.6,14.0,16.0,87.2,1.54,2.0,0,1
2350,2180.0,840.0,35.3,14.0,2.0,93.0,1.07,2.0,0,1
553,1208.0,480.0,32.2,47.0,1.9,87.8,1.14,2.0,0,1
1397,3200.0,1207.0,39.8,4.0,0.5,91.2,1.22,2.0,0,1
1384,2865.0,834.0,37.3,4.0,20.4,90.7,1.75,2.0,0,1
3573,1545.0,438.0,16.3,14.0,3.3,99.0,1.23,1.0,1,1
4057,1841.0,804.0,25.4,7.0,8.6,92.5,1.54,2.0,1,1
1760,2145.0,515.0,41.4,54.0,4.0,90.6,1.11,2.0,0,1
3509,1216.0,200.0,33.9,3.0,13.8,91.1,1.14,2.0,1,1
297,2650.0,1801.5,25.9,25.0,2.4,89.4,1.03,2.0,0,1
443,1583.0,533.0,36.9,46.0,2.0,95.3,1.42,1.0,0,1
777,2863.0,1278.0,39.3,11.0,1.9,91.4,1.45,1.0,0,1
1119,751.0,611.0,15.0,48.0,0.5,92.2,1.79,2.0,0,1
5227,1115.0,200.0,36.0,26.0,2.1,87.1,1.59,2.0,0,1
7739,1702.0,997.0,41.2,74.5,6.6,92.4,1.1,1.0,1,0
6088,1761.0,1562.0,34.1,37.0,7.5,89.9,1.4,2.0,0,0
1921,1226.0,1123.0,37.0,25.0,23.55,95.1,1.77,2.0,0,1
655,1456.0,515.0,15.9,24.0,9.5,90.0,1.47,2.0,0,1
8228,1327.0,722.0,17.7,4.0,2.8,89.1,1.61,2.0,1,0
2229,2275.0,275.0,55.4,5.0,1.2,91.2,0.85,2.0,0,1
7488,1932.0,779.0,51.9,18.0,4.4,91.3,0.98,1.0,1,0
2842,1228.0,477.0,25.7,14.0,7.2,93.1,0.99,2.0,1,1
2537,3123.0,920.0,10.4,9.0,12.2,85.6,1.73,2.0,0,1
6118,1540.0,674.0,14.1,6.0,1.4,93.3,2.12,1.0,0,0
6771,1667.0,546.0,19.0,35.0,9.9,99.0,1.55,1.0,0,0
2540,1533.0,461.0,33.2,52.0,2.6,91.7,1.35,2.0,0,1
3909,1790.0,200.0,38.0,71.0,0.5,98.0,1.81,2.0,1,1
5187,1621.0,574.0,41.0,27.0,6.5,89.4,2.3,2.0,0,1
2457,2005.0,588.0,22.6,28.0,4.9,91.7,2.03,2.0,0,1
2578,1412.0,635.0,26.6,18.0,8.1,87.4,1.04,2.0,0,1
7580,2088.0,1468.0,6.4,24.0,0.9,92.9,1.48,2.0,1,0
3455,1527.0,687.0,1.5,27.0,14.7,88.5,1.18,2.0,1,1
7837,1192.0,1002.0,22.5,6.0,0.5,94.5,1.25,2.0,1,0
2758,1681.0,802.0,25.7,36.0,6.7,91.3,1.79,2.0,0,1
6577,1257.0,560.0,32.0,7.0,0.5,99.0,0.99,2.0,0,0
5929,1606.0,1100.0,9.5,34.0,2.6,86.1,1.77,2.0,0,1
558,1662.0,736.0,32.1,34.0,0.5,85.7,1.28,2.0,0,1
320,3566.625,1517.0,32.7,3.0,6.5,90.4,1.51,2.0,0,1
3039,3327.0,1286.0,23.2,18.0,0.5,91.4,0.51,2.0,1,1
1371,1577.0,303.0,13.6,40.0,2.2,95.6,1.69,2.0,0,1
8655,2851.0,777.0,20.1,65.0,9.6,98.0,0.89,2.0,1,0
907,1235.0,339.0,19.2,2.0,0.8,89.5,2.19,2.0,0,1
5331,3375.0,1346.0,46.7,6.0,17.4,94.6,1.06,2.0,0,1
1433,1603.0,276.0,43.5,74.5,12.3,83.9,1.52,2.0,0,1
7793,1487.0,301.0,9.7,43.0,0.5,92.4,1.0,2.0,1,0
5396,2224.0,1271.0,10.1,27.0,9.7,92.8,2.3,2.0,0,1
8414,1203.0,316.0,47.1,1.0,23.55,89.5,1.52,2.0,1,0
7297,2275.0,1116.0,23.8,28.0,13.3,89.4,1.33,1.0,1,0
6850,1295.0,260.0,21.2,13.0,1.4,98.7,1.47,2.0,0,0
3159,2144.0,216.0,14.7,32.0,8.0,93.1,1.95,2.0,1,1
6940,3129.0,504.0,25.4,20.0,3.2,94.9,1.73,2.0,0,0
926,1657.0,529.0,57.7,9.0,0.5,95.2,1.55,2.0,0,1
4951,2365.0,1041.0,46.7,33.0,0.5,92.4,0.95,2.0,0,1
2470,1916.0,510.0,23.5,4.0,16.5,98.4,1.53,2.0,0,1
15,1399.0,200.0,49.6,8.0,8.1,96.1,1.73,2.0,0,1
143,1212.0,223.0,28.5,5.0,8.4,85.7,1.54,2.0,0,1
7814,2418.0,1090.0,44.3,2.0,3.9,92.6,1.23,2.0,1,0
2363,1348.0,580.0,4.3,39.0,0.5,96.6,1.93,2.0,0,1
5262,1394.0,650.0,34.3,14.0,5.4,97.2,1.62,2.0,0,1
7784,2344.0,991.0,38.5,47.0,0.5,99.0,1.23,2.0,1,0
1161,1171.0,200.0,24.7,32.0,1.7,92.7,0.81,2.0,0,1
4721,2866.0,729.0,50.4,74.5,1.9,94.0,1.5,2.0,0,1
3349,2059.0,333.0,28.6,21.0,0.5,93.4,1.47,2.0,1,1
4411,1578.0,800.0,10.6,59.0,1.0,93.8,1.72,2.0,1,1
5386,1780.0,200.0,9.2,74.5,0.9,93.6,1.51,2.0,0,1
1204,1822.0,1029.0,9.2,28.0,10.6,93.6,0.61,2.0,0,1
6827,2015.0,567.0,32.1,5.0,2.3,93.0,1.32,2.0,0,0
1362,1416.0,200.0,49.6,42.0,3.3,91.6,1.84,2.0,0,1
4280,1636.0,419.0,9.2,8.0,12.1,84.6,1.16,2.0,1,1
1212,2275.0,916.0,18.4,17.0,7.0,91.4,1.25,2.0,0,1
1876,2348.0,308.0,25.9,12.0,23.55,88.2,1.5,2.0,0,1
7927,3319.0,858.0,11.8,5.0,3.5,90.3,0.85,2.0,1,0
7220,893.0,200.0,53.1,54.0,5.5,98.9,1.6,2.0,0,0
7384,1912.0,852.0,38.5,17.0,4.7,89.8,1.46,2.0,1,0
7607,1122.0,200.0,38.8,1.0,6.0,87.3,1.81,2.0,1,0
7965,2071.0,467.0,33.1,21.0,8.5,89.3,1.16,2.0,1,0
7399,1519.0,718.0,12.3,18.0,5.0,95.1,1.71,2.0,1,0
1170,2828.0,1246.0,9.1,66.0,13.7,92.8,1.27,2.0,0,1
579,2039.0,507.0,57.9,39.0,23.55,92.4,0.68,2.0,0,1
2182,1943.0,931.0,22.0,10.0,6.7,92.6,1.51,2.0,0,1
4022,2326.0,863.0,8.0,7.0,2.4,90.3,1.53,2.0,1,1
3624,1684.0,200.0,12.9,4.0,17.6,98.1,1.41,2.0,1,1
3885,2551.0,835.0,6.7,25.0,23.0,95.4,1.5,2.0,1,1
1833,1776.0,832.0,24.1,3.0,12.8,89.0,1.69,2.0,0,1
6720,1164.0,351.0,18.8,5.0,1.5,94.0,1.45,2.0,0,0
1825,3566.625,1485.0,1.4,4.0,2.1,89.9,0.89,2.0,0,1
6462,1893.0,911.0,23.9,49.0,22.3,93.6,1.39,2.0,0,0
1859,1444.0,442.0,24.0,6.0,4.3,92.0,1.14,2.0,0,1
3742,1162.0,492.0,40.0,16.0,9.8,96.8,0.95,2.0,1,1
3615,1636.0,582.0,21.7,6.0,1.3,93.5,1.44,2.0,1,1
2685,2073.0,434.0,14.3,1.0,0.8,93.3,1.2,2.0,0,1
5125,1760.0,277.0,20.1,56.0,4.9,93.9,1.37,2.0,0,1
3749,1443.0,500.0,20.9,17.0,5.5,93.4,1.34,2.0,1,1
4528,2190.0,600.0,13.4,25.0,4.9,89.1,1.51,2.0,0,1
3121,2991.0,1235.0,18.0,3.0,0.6,93.1,1.03,2.0,1,1
387,1987.0,758.0,15.4,7.0,8.4,91.5,1.69,2.0,0,1
7139,3168.0,592.0,32.6,11.0,4.1,88.4,1.2,2.0,0,0
1032,1187.0,200.0,17.2,10.0,21.7,94.9,1.32,2.0,0,1
6314,2240.0,1184.0,50.6,2.0,5.2,95.0,1.76,2.0,0,0
2488,1932.0,888.0,26.7,10.0,3.0,94.8,1.46,2.0,0,1
2286,2019.0,1404.0,11.9,15.0,12.7,95.6,1.88,2.0,0,1
3187,2398.0,779.0,27.8,16.0,17.7,94.5,1.63,2.0,1,1
2629,3159.0,983.0,54.8,13.0,8.8,94.0,0.96,2.0,0,1
3813,2286.0,909.0,27.3,7.0,8.5,93.2,1.17,1.0,1,1
6211,2633.0,1131.0,23.0,6.0,6.2,97.9,1.01,2.0,0,0
3058,923.0,276.0,23.5,43.0,1.4,93.2,1.61,1.0,1,1
4879,1160.0,223.0,6.2,11.0,9.3,94.8,1.82,2.0,0,1
931,2367.0,200.0,20.0,15.0,21.0,97.2,1.32,2.0,0,1
6586,1898.0,442.0,11.6,13.0,11.6,91.6,1.39,2.0,0,0
691,2218.0,1318.0,53.4,16.0,12.1,92.5,1.57,2.0,0,1
7762,2586.0,823.0,7.9,5.0,6.9,93.5,1.48,2.0,1,0
1891,3566.625,1027.0,21.4,10.0,6.9,98.1,1.06,2.0,0,1
2268,2176.0,1163.0,26.6,12.0,18.5,96.2,0.98,2.0,0,1
5366,1670.0,628.0,26.3,43.0,0.9,90.0,0.89,2.0,0,1
829,2101.0,823.0,9.6,34.0,2.6,97.3,1.04,2.0,0,1
5180,1920.0,672.0,21.3,5.0,7.4,91.4,1.48,2.0,0,1
7882,1271.0,459.0,29.7,17.0,3.8,89.4,1.85,2.0,1,0
3685,1873.0,200.0,33.1,2.0,2.0,92.1,1.52,1.0,1,1
8492,700.0,200.0,14.9,22.0,0.5,87.7,1.88,2.0,1,0
44,1997.0,845.0,53.8,43.0,5.7,94.1,1.74,2.0,0,1
3101,1235.0,877.0,23.6,2.0,10.5,89.9,2.2,2.0,1,1
4230,2221.0,722.0,21.1,20.0,8.7,92.2,1.59,2.0,1,1
3012,2016.0,1412.0,11.4,18.0,23.0,95.2,1.68,2.0,1,1
3454,2511.0,1509.0,14.0,2.0,23.55,98.4,1.21,2.0,1,1
3355,2577.0,841.0,41.7,74.5,18.4,92.6,1.1,2.0,1,1
223,1495.0,763.0,18.8,26.0,17.5,97.0,0.9,2.0,0,1
2965,1629.0,337.0,21.8,21.0,5.3,96.2,1.18,2.0,1,1
1187,2165.0,565.0,28.7,12.0,1.6,90.9,2.03,2.0,0,1
7122,1425.0,972.0,8.8,20.0,3.5,89.6,1.69,2.0,0,0
837,1819.0,472.0,63.9,45.0,10.9,94.1,1.82,2.0,0,1
3396,1185.0,1153.0,28.5,4.0,14.8,88.4,1.51,2.0,1,1
1683,1419.0,507.0,58.2,67.0,8.4,94.6,0.81,2.0,0,1
7523,1322.0,748.0,51.5,4.0,1.5,88.3,0.51,2.0,1,0
3059,1846.0,1057.0,43.8,61.0,2.4,84.8,1.11,2.0,1,1
7766,887.0,358.0,16.9,25.0,1.8,94.8,2.02,2.0,1,0
6936,2987.0,1180.0,26.2,23.0,4.7,93.3,1.4,2.0,0,0
63,2283.0,806.0,64.2,29.0,3.1,94.3,1.12,2.0,0,1
3092,1312.0,848.0,49.6,15.0,6.3,92.7,1.44,2.0,1,1
617,1572.0,787.0,59.7,1.0,23.55,92.8,1.7,2.0,0,1
5015,2669.0,1017.0,55.7,23.0,0.5,93.0,1.46,2.0,0,1
6361,2750.0,645.0,32.8,8.0,2.6,89.7,1.41,2.0,0,0
227,1453.0,549.0,12.4,30.0,23.55,93.5,1.34,2.0,0,1
5040,1651.0,444.0,33.5,10.0,2.9,94.5,1.56,2.0,0,1
6915,3224.0,1451.0,12.0,15.0,23.55,97.5,0.75,2.0,0,0
8055,2533.0,653.0,34.1,1.0,6.1,90.9,0.97,2.0,1,0
3195,2566.0,954.0,14.0,37.0,6.1,92.6,1.57,2.0,1,1
7594,2517.0,495.0,10.9,20.0,23.55,94.2,1.18,2.0,1,0
5339,1395.0,759.0,39.8,4.0,23.55,98.6,0.78,2.0,0,1
4513,1920.0,535.0,34.3,2.0,1.8,90.9,1.1,2.0,0,1
969,1747.0,581.0,5.2,8.0,0.5,92.0,1.37,2.0,0,1
1805,1827.0,768.0,51.3,11.0,11.4,89.7,1.14,2.0,0,1
2447,1220.0,200.0,9.5,24.0,22.2,96.8,1.7,2.0,0,1
925,2352.0,706.0,25.4,37.0,7.0,87.4,1.17,2.0,0,1
6788,2404.0,709.0,52.6,1.0,11.6,96.6,1.31,2.0,0,0
5814,1104.0,509.0,36.6,15.0,4.2,92.5,1.25,2.0,0,1
5193,1455.0,200.0,69.8,23.0,0.8,96.8,0.76,2.0,0,1
8833,991.0,377.0,42.8,12.0,4.2,99.0,1.44,2.0,1,0
4532,2155.0,200.0,29.1,5.0,8.5,91.5,1.89,2.0,0,1
2851,1972.0,1188.0,8.1,3.0,9.3,92.0,1.54,2.0,1,1
7293,2272.0,741.0,26.2,12.0,2.3,90.7,1.34,2.0,1,0
4169,2649.0,1322.0,3.9,52.0,0.8,99.0,1.99,2.0,1,1
1860,2201.0,979.0,28.6,48.0,4.8,94.1,1.59,2.0,0,1
5935,1369.0,688.0,29.9,11.0,23.55,88.4,0.91,2.0,0,1
4808,1836.0,731.0,22.2,1.0,15.6,91.1,0.88,2.0,0,1
6279,1470.0,377.0,7.1,74.5,23.55,97.7,1.36,2.0,0,0
7538,2649.0,1260.0,37.0,17.0,8.7,94.2,0.81,2.0,1,0
6674,1196.0,527.0,29.8,33.0,23.55,87.6,1.03,2.0,0,0
252,2105.0,886.0,44.4,17.0,23.55,96.5,1.87,2.0,0,1
8103,1772.0,297.0,41.6,5.0,3.7,95.9,1.29,2.0,1,0
6352,1382.0,200.0,34.5,4.0,8.7,95.7,2.04,2.0,0,0
1789,2006.0,1172.0,38.9,27.0,5.7,96.3,1.26,2.0,0,1
6740,1274.0,452.0,55.6,21.0,2.6,92.8,1.46,2.0,0,0
2059,2286.0,260.0,25.4,49.0,23.55,94.7,1.7,2.0,0,1
7154,1788.0,444.0,11.4,48.0,4.3,91.2,1.77,2.0,0,0
3047,909.0,751.0,62.9,5.0,2.8,94.8,0.97,2.0,1,1
3543,2327.0,1486.0,46.9,24.0,23.55,94.1,1.06,2.0,1,1
5841,2185.0,258.0,17.3,8.0,5.8,86.2,2.16,2.0,0,1
1902,1103.0,456.0,47.1,5.0,1.1,87.1,1.3,2.0,0,1
2750,1734.0,643.0,14.4,25.0,6.2,89.4,1.63,2.0,0,1
2119,1485.0,200.0,8.1,11.0,8.2,87.8,1.64,2.0,0,1
7226,2148.0,1098.0,17.5,53.0,11.3,93.9,1.96,2.0,1,0
8005,2790.0,732.0,9.9,4.0,2.2,92.0,1.35,1.0,1,0
3979,1405.0,219.0,20.5,46.0,11.2,97.1,1.21,2.0,1,1
2689,1881.0,898.0,13.1,26.0,18.4,96.8,1.83,2.0,0,1
5848,1969.0,238.0,42.4,2.0,1.9,96.4,1.32,2.0,0,1
4275,778.0,445.0,25.4,21.0,5.7,94.3,1.25,2.0,1,1
1923,1857.0,764.0,13.7,58.0,1.9,93.5,1.47,2.0,0,1
5577,1191.0,719.0,69.3,74.5,2.4,94.2,1.35,2.0,0,1
75,2116.0,200.0,10.7,3.0,12.1,92.3,1.9,2.0,0,1
2345,1707.0,747.0,55.8,66.0,0.6,91.2,1.33,2.0,0,1
2351,1677.0,948.0,9.6,47.0,18.7,97.6,0.85,2.0,0,1
6742,3566.625,1577.0,9.7,2.0,12.7,89.2,1.41,2.0,0,0
430,2483.0,1029.0,27.8,40.0,13.1,97.5,2.31,2.0,0,1
6670,1131.0,200.0,28.5,4.0,3.0,95.6,1.16,2.0,0,0
8822,1859.0,1130.0,56.1,44.0,3.4,96.1,1.45,1.0,1,0
5532,2066.0,570.0,44.6,3.0,0.6,91.1,1.56,2.0,0,1
5428,1337.0,1023.0,47.4,0.0,0.8,98.1,1.2,2.0,0,1
8456,2506.0,1040.0,36.2,15.0,18.9,91.5,1.28,2.0,1,0
4024,2782.0,635.0,58.7,19.0,7.9,97.4,2.07,2.0,1,1
7370,1534.0,200.0,22.7,4.0,9.4,93.4,1.12,2.0,1,0
6547,2081.0,200.0,11.0,18.0,2.3,99.0,2.0,2.0,0,0
6664,851.0,372.0,8.6,13.0,1.2,91.1,2.3449999999999998,2.0,0,0
3412,2208.0,1166.0,19.3,33.0,9.5,91.2,1.87,2.0,1,1
6146,2368.0,604.0,17.6,19.0,0.6,91.8,1.78,2.0,0,0
240,1925.0,1013.0,43.8,27.0,2.9,94.5,1.66,2.0,0,1
783,1902.0,630.0,4.2,8.0,1.5,93.1,1.3,2.0,0,1
1354,2888.0,714.0,32.4,6.0,0.8,87.5,1.9,1.0,0,1
3066,1077.0,200.0,11.9,1.0,23.55,91.8,1.61,1.0,1,1
6380,3338.0,200.0,36.9,10.0,4.9,93.1,1.34,2.0,0,0
977,1156.0,599.0,53.8,1.0,5.8,91.9,2.01,2.0,0,1
809,1582.0,462.0,37.3,6.0,5.9,96.9,1.77,2.0,0,1
2168,2093.0,670.0,45.8,12.0,2.3,92.2,1.25,2.0,0,1
4812,1802.0,200.0,31.9,31.0,8.3,86.6,1.68,2.0,0,1
4704,2816.0,971.0,26.5,3.0,3.9,96.8,1.41,2.0,0,1
1599,1739.0,877.0,12.2,13.0,2.0,99.0,1.96,2.0,0,1
2941,2061.0,933.0,11.6,41.0,2.6,98.6,0.66,2.0,1,1
3964,3566.625,1801.5,29.6,3.0,3.9,91.4,1.44,2.0,1,1
3668,2343.0,932.0,24.9,17.0,14.0,94.8,1.29,2.0,1,1
7678,1593.0,200.0,20.7,10.0,1.4,95.8,1.63,2.0,1,0
684,2619.0,980.0,45.9,9.0,0.9,99.0,1.16,2.0,0,1
6502,2533.0,694.0,30.1,40.0,6.9,84.5,1.26,2.0,0,0
6128,2928.0,518.0,28.4,32.0,2.2,94.3,1.14,2.0,0,0
1620,2072.0,818.0,48.2,12.0,3.3,94.5,1.63,2.0,0,1
7157,2555.0,838.0,22.1,12.0,0.8,96.3,1.99,2.0,0,0
1482,2410.0,1444.0,48.4,6.0,14.1,91.8,1.33,2.0,0,1
2146,965.0,413.0,19.5,34.0,4.4,93.4,1.36,2.0,0,1
1801,2223.0,505.0,15.8,32.0,1.2,94.4,0.96,2.0,0,1
2095,3566.625,1801.5,51.7,9.0,5.9,93.1,1.97,2.0,0,1
4891,1436.0,203.0,48.3,7.0,2.0,93.1,1.04,2.0,0,1
1357,1566.0,200.0,40.5,5.0,3.3,92.6,1.02,2.0,0,1
6478,2175.0,444.0,20.6,9.0,3.4,90.2,1.03,2.0,0,0
4128,1332.0,200.0,15.4,74.5,1.4,88.8,1.6,2.0,1,1
6240,1799.0,919.0,47.5,62.0,0.6,90.7,1.92,2.0,0,0
8466,2354.0,890.0,23.7,56.0,1.7,95.9,1.24,2.0,1,0
4438,1878.0,395.0,24.1,11.0,15.1,94.6,0.93,2.0,1,1
4561,1848.0,446.0,15.9,4.0,7.1,99.0,1.58,2.0,0,1
3869,1651.0,1212.0,22.3,74.5,0.5,89.3,2.2,2.0,1,1
4386,3204.0,1474.0,55.6,18.0,6.1,90.1,1.64,2.0,1,1
1609,2148.0,787.0,32.9,10.0,1.7,95.3,1.62,2.0,0,1
4898,2818.0,736.0,41.6,51.0,9.2,85.4,1.83,2.0,0,1
494,2555.0,609.0,14.3,56.0,3.8,97.8,1.21,2.0,0,1
3721,2198.0,964.0,17.5,41.0,20.0,86.9,1.66,2.0,1,1
3319,1491.0,535.0,41.9,4.0,6.5,95.6,1.15,2.0,1,1
3662,2336.0,578.0,25.6,45.0,23.55,96.5,1.35,2.0,1,1
2017,1730.0,600.0,63.8,29.0,1.3,91.7,0.95,2.0,0,1
4845,2736.0,1141.0,22.7,10.0,0.5,90.7,1.3,1.0,0,1
2328,1526.0,200.0,29.9,15.0,1.6,89.0,1.28,2.0,0,1
29,2526.0,762.0,6.0,10.0,13.7,95.5,1.79,2.0,0,1
7567,1578.0,444.0,23.6,11.0,1.5,94.5,1.81,2.0,1,0
4343,1785.0,460.0,10.3,4.0,2.0,91.5,1.56,2.0,1,1
8819,1306.0,783.0,13.1,19.0,0.8,94.0,1.44,2.0,1,0
3118,1277.0,499.0,28.5,2.0,2.0,98.0,1.84,2.0,1,1
1092,1202.0,200.0,73.6625,26.0,23.55,88.2,1.18,2.0,0,1
3246,2210.0,1000.0,16.9,41.0,1.5,84.4,1.52,2.0,1,1
124,1822.0,623.0,37.2,8.0,23.55,96.1,1.15,2.0,0,1
8644,2274.0,749.0,26.8,3.0,13.5,94.6,1.25,2.0,1,0
8458,1622.0,732.0,42.6,30.0,12.4,99.0,1.64,2.0,1,0
4271,1080.0,200.0,13.1,20.0,2.1,96.1,1.51,2.0,1,1
5991,2984.0,892.0,51.8,6.0,2.8,92.4,0.93,2.0,0,1
8849,1132.0,213.0,7.8,30.0,13.2,87.7,1.11,2.0,1,0
2298,3566.625,1379.0,35.1,43.0,2.0,92.8,1.63,2.0,0,1
8509,3032.0,897.0,39.0,20.0,2.2,91.7,1.32,2.0,1,0
1553,2870.0,1212.0,25.3,11.0,16.6,91.5,1.53,2.0,0,1
8230,1053.0,1101.0,34.1,3.0,1.3,90.0,1.47,2.0,1,0
3341,1071.0,566.0,21.0,5.0,2.8,92.2,1.4,2.0,1,1
598,1518.0,357.0,56.2,28.0,0.5,90.4,1.11,2.0,0,1
2123,1627.0,230.0,51.0,8.0,6.3,96.3,0.96,2.0,0,1
7424,3111.0,1240.0,13.6,33.0,5.5,99.0,1.51,2.0,1,0
1416,1073.0,200.0,19.5,16.0,10.2,93.2,1.36,2.0,0,1
4739,1972.0,307.0,4.8,74.5,12.4,89.1,0.76,2.0,0,1
6345,2906.0,831.0,28.1,2.0,5.0,93.7,1.33,2.0,0,0
5715,2897.0,1081.0,41.5,10.0,0.5,89.4,1.28,2.0,0,1
8267,2313.0,200.0,47.3,36.0,23.55,90.6,1.02,2.0,1,0
5680,1966.0,695.0,4.1,27.0,3.1,92.8,1.66,2.0,0,1
7895,1642.0,836.0,29.5,3.0,13.7,99.0,1.22,1.0,1,0
8752,1724.0,728.0,28.4,14.0,8.0,93.1,1.27,2.0,1,0
2197,2408.0,314.0,56.5,3.0,7.7,94.1,1.23,2.0,0,1
4877,2156.0,984.0,23.5,51.0,9.6,92.0,0.7,2.0,0,1
3362,2313.0,763.0,16.6,33.0,2.2,96.5,1.07,2.0,1,1
5518,2042.0,284.0,23.6,12.0,12.0,98.9,1.6,2.0,0,1
725,1375.0,252.0,19.5,12.0,3.2,93.3,1.68,2.0,0,1
6447,1908.0,294.0,34.0,8.0,3.2,99.0,1.46,2.0,0,0
4028,3566.625,1586.0,15.6,16.0,2.5,96.5,1.23,2.0,1,1
808,1315.0,200.0,22.2,37.0,6.4,96.7,1.01,2.0,0,1
3903,2664.0,796.0,23.2,3.0,2.1,92.1,1.69,1.0,1,1
7954,2029.0,426.0,12.8,41.0,3.3,93.1,0.74,2.0,1,0
958,963.0,319.0,31.0,32.0,2.0,95.6,1.27,2.0,0,1
6658,2491.0,888.0,46.3,9.0,0.5,93.4,0.94,2.0,0,0
8996,2241.0,1201.0,37.4,33.0,11.4,94.0,1.8,2.0,1,0
8835,1328.0,531.0,10.0,4.0,1.3,97.8,1.59,2.0,1,0
810,700.0,657.0,24.9,1.0,0.5,92.4,0.61,2.0,0,1
8046,1404.0,336.0,16.0,3.0,7.1,95.7,1.45,2.0,1,0
834,2714.0,757.0,9.9,10.0,3.5,94.0,0.91,2.0,0,1
4054,2107.0,665.0,41.0,38.0,20.7,93.5,1.6,2.0,1,1
2423,1278.0,434.0,51.1,40.0,1.9,96.4,1.43,2.0,0,1
6114,1571.0,1477.0,55.4,16.0,0.5,89.4,1.34,2.0,0,0
3817,1321.0,427.0,41.9,4.0,0.5,94.7,1.05,1.0,1,1
1235,2168.0,630.0,28.7,8.0,13.9,96.5,1.19,2.0,0,1
1225,1359.0,382.0,23.1,22.0,8.1,95.6,1.91,2.0,0,1
6451,2060.0,241.0,16.4,26.0,8.9,93.3,1.29,2.0,0,0
6708,2724.0,468.0,40.3,5.0,1.7,89.8,1.98,2.0,0,0
8363,1040.0,764.0,37.3,50.0,22.3,93.8,1.76,2.0,1,0
4700,1587.0,438.0,22.1,1.0,23.55,92.8,0.66,2.0,0,1
4100,1937.0,968.0,23.7,30.0,16.4,93.1,1.62,2.0,1,1
3217,961.0,200.0,32.9,6.0,5.1,87.8,1.17,2.0,1,1
6180,1049.0,200.0,37.4,10.0,1.9,95.6,1.34,2.0,0,0
287,2582.0,565.0,46.8,59.0,1.7,93.9,0.73,2.0,0,1
3989,2130.0,1131.0,28.9,12.0,4.1,99.0,0.86,2.0,1,1
2966,1646.0,200.0,35.9,7.0,12.5,94.4,1.09,2.0,1,1
3164,3566.625,1066.0,18.8,1.0,2.5,95.1,0.75,2.0,1,1
4832,1468.0,497.0,12.6,11.0,1.7,94.0,1.07,2.0,0,1
8875,2187.0,1464.0,30.7,31.0,10.3,93.4,1.76,2.0,1,0
7160,1715.0,549.0,16.0,7.0,6.6,93.9,1.34,2.0,0,0
1657,1566.0,248.0,50.3,74.5,11.4,92.6,1.57,2.0,0,1
1975,1320.0,653.0,41.6,7.0,19.6,90.8,1.57,2.0,0,1
2397,1288.0,298.0,21.3,5.0,0.7,95.4,1.68,2.0,0,1
452,1718.0,537.0,9.8,35.0,4.9,90.6,1.44,2.0,0,1
6452,1995.0,1315.0,21.0,3.0,2.0,92.7,1.55,2.0,0,0
5717,3162.0,875.0,18.8,21.0,10.5,95.6,1.83,2.0,0,1
7545,1202.0,960.0,60.4,71.0,6.6,99.0,1.49,2.0,1,0
5173,1502.0,528.0,16.7,2.0,1.5,90.7,1.06,2.0,0,1
2619,1123.0,228.0,17.6,56.0,2.9,91.0,1.6,2.0,0,1
422,2470.0,1157.0,15.4,21.0,0.5,98.2,1.91,2.0,0,1
7638,1279.0,453.0,22.3,2.0,4.3,89.4,1.57,2.0,1,0
1220,1278.0,429.0,25.0,2.0,1.3,94.9,1.2,2.0,0,1
2929,2942.0,771.0,46.1,25.0,15.7,93.0,1.59,2.0,1,1
657,1485.0,312.0,27.2,7.0,4.0,92.8,1.41,2.0,0,1
3301,2618.0,1070.0,6.0,22.0,15.4,88.5,1.56,2.0,1,1
5325,1312.0,747.0,36.7,28.0,9.7,92.6,1.5,2.0,0,1
2845,1832.0,388.0,10.0,55.0,5.6,97.9,1.58,2.0,1,1
3023,1671.0,253.0,38.8,28.0,2.7,91.2,2.11,2.0,1,1
6223,3566.625,1325.0,4.7,1.0,2.7,97.6,1.74,2.0,0,0
8671,2220.0,325.0,27.0,19.0,23.55,89.1,1.07,2.0,1,0
1001,1838.0,1040.0,24.3,21.0,3.9,89.8,0.86,2.0,0,1
102,3566.625,1216.0,34.1,11.0,1.7,94.4,1.86,2.0,0,1
2418,830.0,200.0,34.1,1.0,5.9,94.5,1.15,1.0,0,1
7565,1207.0,1109.0,27.3,50.0,1.9,96.6,1.66,2.0,1,0
6120,1820.0,478.0,22.9,2.0,10.9,89.2,1.46,2.0,0,0
6785,1402.0,329.0,26.5,23.0,9.3,91.7,1.37,1.0,0,0
1580,1712.0,870.0,26.6,11.0,5.6,95.9,1.51,2.0,0,1
4055,3351.0,979.0,38.6,5.0,10.2,99.0,2.14,2.0,1,1
2206,1615.0,200.0,42.3,30.0,4.8,91.9,1.27,2.0,0,1
170,1009.0,200.0,31.4,25.0,19.9,91.6,1.65,2.0,0,1
8313,1996.0,200.0,37.6,24.0,8.3,88.8,1.64,2.0,1,0
135,1684.0,844.0,30.3,46.0,2.6,94.4,0.94,2.0,0,1
757,1966.0,714.0,62.7,1.0,0.5,98.8,1.27,2.0,0,1
5520,1101.0,200.0,10.6,6.0,17.3,89.6,1.79,2.0,0,1
1310,908.0,482.0,21.1,29.0,8.5,92.8,1.58,2.0,0,1
1217,1812.0,831.0,54.8,24.0,14.0,94.4,1.5,2.0,0,1
2284,1859.0,278.0,29.8,28.0,13.2,90.4,1.55,2.0,0,1
8088,978.0,200.0,41.9,3.0,1.0,98.2,1.37,2.0,1,0
2905,1159.0,794.0,65.8,64.0,7.3,91.2,1.45,2.0,1,1
5515,1818.0,446.0,38.0,1.0,8.0,92.3,1.44,2.0,0,1
3555,1552.0,200.0,59.4,68.0,2.5,91.3,1.38,2.0,1,1
5603,1611.0,393.0,13.0,39.0,4.0,92.5,0.62,2.0,0,1
1935,1670.0,282.0,13.5,39.0,6.1,93.8,1.41,2.0,0,1
6346,2788.0,961.0,11.7,13.0,1.5,93.5,1.93,2.0,0,0
4056,1073.0,438.0,23.3,5.0,0.5,94.7,1.66,2.0,1,1
4039,2847.0,1508.0,59.1,55.0,11.9,91.0,1.64,2.0,1,1
807,1403.0,776.0,5.4,24.0,8.0,92.0,1.12,1.0,0,1
2045,1191.0,217.0,43.8,23.0,15.5,93.4,1.11,2.0,0,1
5612,2016.0,865.0,49.2,32.0,6.5,86.4,1.16,2.0,0,1
462,2703.0,809.0,12.5,74.5,1.4,88.2,1.73,2.0,0,1
2927,2078.0,1489.0,30.6,12.0,1.9,94.6,1.94,2.0,1,1
1956,984.0,200.0,12.8,16.0,19.5,92.7,2.01,2.0,0,1
2445,1646.0,536.0,17.7,2.0,3.4,97.6,1.56,2.0,0,1
5516,870.0,277.0,35.9,7.0,0.5,90.7,1.41,2.0,0,1
4717,1259.0,550.0,36.7,2.0,2.8,96.3,1.31,1.0,0,1
4947,1649.0,200.0,25.7,74.0,9.8,94.1,1.21,2.0,0,1
3235,1902.0,706.0,40.6,13.0,8.6,91.9,1.11,2.0,1,1
799,1620.0,407.0,9.3,19.0,4.2,88.0,0.96,2.0,0,1
2402,1769.0,262.0,29.5,15.0,8.3,94.7,1.64,2.0,0,1
4618,1677.0,848.0,9.9,34.0,6.9,91.9,1.37,2.0,0,1
1073,1039.0,200.0,22.4,10.0,22.0,92.0,1.39,2.0,0,1
4434,2214.0,712.0,32.7,5.0,4.9,96.5,1.86,2.0,1,1
6548,1702.0,384.0,21.8,7.0,2.1,91.1,1.76,2.0,0,0
144,2167.0,1033.0,38.9,53.0,23.55,90.5,1.53,2.0,0,1
6601,1669.0,628.0,31.0,21.0,22.1,92.1,1.45,2.0,0,0
1340,2231.0,1199.0,27.7,17.0,6.1,95.6,1.78,2.0,0,1
4098,1510.0,674.0,18.1,28.0,5.4,90.9,1.24,2.0,1,1
7588,2914.0,792.0,5.9,28.0,3.2,96.8,2.01,2.0,1,0
2091,2054.0,519.0,18.1,5.0,12.3,94.1,1.42,2.0,0,1
6861,1435.0,446.0,6.5,44.0,20.3,97.5,1.51,2.0,0,0
5674,1477.0,1062.0,39.5,54.0,0.5,97.1,1.43,2.0,0,1
5794,1708.0,780.0,19.1,45.0,0.5,91.5,1.34,1.0,0,1
5471,1566.0,200.0,6.9,7.0,13.2,94.1,1.7,2.0,0,1
5825,2638.0,1118.0,41.4,24.0,14.4,94.4,1.4,2.0,0,1
5960,1711.0,200.0,11.1,10.0,18.3,94.2,1.54,2.0,0,1
3540,1536.0,464.0,23.7,13.0,17.2,87.7,1.4,2.0,1,1
4738,2918.0,1173.0,13.6,0.0,12.2,93.5,0.88,2.0,0,1
5507,1393.0,869.0,38.8,2.0,3.2,94.6,1.28,2.0,0,1
1003,2787.0,1313.0,38.0,54.0,12.1,93.2,1.06,2.0,0,1
4368,2769.0,1470.0,5.8,57.0,13.5,88.8,1.99,2.0,1,1
5842,1645.0,459.0,45.3,5.0,0.5,91.2,2.33,2.0,0,1
5107,1231.0,1083.0,19.3,62.0,0.5,98.0,0.99,2.0,0,1
3470,1493.0,510.0,17.9,37.0,4.6,89.2,1.6,1.0,1,1
4270,2363.0,1297.0,16.3,1.0,23.55,98.3,0.69,1.0,1,1
555,1313.0,642.0,7.3,3.0,5.6,99.0,1.65,2.0,0,1
3891,2588.0,912.0,17.5,5.0,3.9,91.2,1.01,2.0,1,1
4823,2187.0,828.0,37.4,27.0,4.3,93.3,0.98,2.0,0,1
8214,1465.0,1028.0,31.0,1.0,1.1,90.3,1.35,2.0,1,0
1485,1881.0,588.0,23.1,10.0,3.1,96.5,1.28,2.0,0,1
7000,2322.0,200.0,25.9,5.0,1.9,90.0,1.94,2.0,0,0
1272,1713.0,1265.0,11.2,47.0,3.0,97.3,1.61,2.0,0,1
7345,1661.0,877.0,26.8,14.0,4.3,96.4,1.48,2.0,1,0
1411,1325.0,200.0,13.8,20.0,1.6,89.3,1.73,2.0,0,1
8418,1441.0,522.0,52.1,25.0,8.8,98.4,1.03,2.0,1,0
753,2355.0,505.0,13.5,34.0,16.1,92.2,1.63,2.0,0,1
1471,2638.0,618.0,13.1,7.0,23.55,90.9,1.09,1.0,0,1
4326,3566.625,1314.0,18.5,9.0,3.4,94.1,1.27,2.0,1,1
7650,1606.0,571.0,73.6,4.0,0.5,91.9,1.16,2.0,1,0
8945,1852.0,288.0,8.6,56.0,3.9,88.2,1.73,2.0,1,0
6947,2729.0,731.0,38.1,53.0,1.6,97.4,0.62,2.0,0,0
3076,2108.0,357.0,49.0,12.0,2.6,91.2,1.02,2.0,1,1
5653,2264.0,969.0,3.7,40.0,5.8,88.1,1.4,2.0,0,1
6449,1876.0,800.0,34.5,13.0,1.0,93.0,1.41,2.0,0,0
3288,1617.0,753.0,9.9,53.0,23.55,93.5,1.32,2.0,1,1
4753,2032.0,507.0,38.7,67.0,3.8,99.0,1.56,2.0,0,1
7433,1497.0,482.0,15.1,2.0,0.5,94.2,1.52,2.0,1,0
981,1707.0,200.0,36.9,6.0,2.2,99.0,1.23,1.0,0,1
8241,1523.0,810.0,51.5,11.0,3.4,93.3,1.62,2.0,1,0
4119,2115.0,543.0,34.4,39.0,3.6,96.7,1.38,1.0,1,1
2722,2462.0,1040.0,22.6,23.0,10.3,98.9,1.26,2.0,0,1
8419,3465.0,979.0,19.6,15.0,9.0,90.0,1.24,2.0,1,0
1268,2063.0,612.0,17.1,53.0,23.55,89.1,1.79,2.0,0,1
2462,945.0,200.0,41.8,21.0,2.2,96.0,1.31,1.0,0,1
4405,1655.0,694.0,49.1,57.0,23.55,99.0,2.04,2.0,1,1
268,1929.0,690.0,45.3,7.0,3.3,95.8,1.27,2.0,0,1
654,2993.0,1085.0,49.9,22.0,23.55,95.1,1.82,1.0,0,1
5523,1470.0,200.0,6.3,53.0,8.3,95.1,1.06,2.0,0,1
5070,1624.0,691.0,45.9,40.0,11.7,99.0,1.28,2.0,0,1
8213,1856.0,914.0,25.7,74.5,8.8,92.3,1.53,2.0,1,0
2413,1471.0,409.0,21.8,8.0,3.2,89.7,1.44,2.0,0,1
6004,2014.0,538.0,18.0,57.0,2.1,92.4,1.34,1.0,0,0
2821,3026.0,1217.0,28.8,68.0,8.0,93.7,1.58,2.0,1,1
428,1998.0,830.0,16.6,2.0,5.4,92.5,2.12,2.0,0,1
589,1867.0,626.0,34.9,21.0,15.7,88.5,1.35,1.0,0,1
495,1972.0,503.0,6.3,30.0,1.4,95.0,1.57,2.0,0,1
4032,2247.0,1178.0,5.6,3.0,23.55,91.6,1.05,2.0,1,1
4228,1534.0,587.0,9.4,63.0,1.4,95.3,1.21,2.0,1,1
5369,1762.0,462.0,26.2,56.0,17.5,95.0,1.13,2.0,0,1
5403,1370.0,581.0,36.9,74.5,14.5,98.5,0.84,2.0,0,1
6157,885.0,217.0,70.7,1.0,15.8,93.6,1.94,2.0,0,0
6410,1790.0,200.0,20.5,67.0,2.8,95.1,1.12,2.0,0,0
528,1387.0,386.0,73.6625,1.0,6.5,87.5,1.32,2.0,0,1
1808,886.0,568.0,56.1,14.0,7.3,99.0,1.09,2.0,0,1
7749,1646.0,896.0,8.5,10.0,11.2,87.3,1.57,2.0,1,0
2055,700.0,200.0,46.8,7.0,10.0,90.9,1.73,2.0,0,1
1231,2440.0,1029.0,9.2,31.0,0.5,94.6,1.19,2.0,0,1
2028,1897.0,862.0,9.8,31.0,14.1,95.0,1.27,2.0,0,1
5493,1746.0,645.0,41.8,36.0,13.1,89.4,1.38,2.0,0,1
677,1446.0,885.0,10.7,9.0,9.4,91.2,1.52,2.0,0,1
7095,2748.0,992.0,8.9,30.0,0.5,89.0,1.36,2.0,0,0
6593,2408.0,1232.0,57.0,26.0,23.55,90.4,1.58,1.0,0,0
6416,847.0,200.0,23.3,18.0,5.1,94.9,1.82,2.0,0,0
8406,1536.0,200.0,9.8,21.0,10.2,92.3,1.41,2.0,1,0
7440,2541.0,598.0,34.2,47.0,11.2,91.9,1.71,2.0,1,0
2741,2179.0,792.0,35.9,74.5,3.7,96.0,1.62,2.0,0,1
4091,1811.0,557.0,19.1,21.0,8.8,89.7,1.5,2.0,1,1
4011,2680.0,653.0,42.6,54.0,12.5,92.4,1.53,2.0,1,1
8805,1897.0,705.0,22.0,19.0,9.4,95.9,1.8,2.0,1,0
2432,2123.0,565.0,12.6,23.0,18.4,91.8,1.26,2.0,0,1
5092,1345.0,200.0,13.6,26.0,2.9,91.4,1.28,2.0,0,1
5388,1381.0,402.0,50.7,18.0,7.4,90.7,1.47,2.0,0,1
551,1086.0,569.0,52.7,16.0,6.8,95.4,1.98,2.0,0,1
5022,1167.0,220.0,33.4,13.0,1.9,88.4,1.18,2.0,0,1
4042,712.0,750.0,51.6,20.0,8.1,85.7,1.29,2.0,1,1
3783,1568.0,438.0,31.6,74.5,2.6,92.5,1.84,2.0,1,1
1611,1225.0,342.0,28.6,32.0,9.3,95.8,1.54,2.0,0,1
4421,2244.0,885.0,47.7,14.0,0.5,90.5,1.55,2.0,1,1
5211,2341.0,1722.0,22.3,55.0,9.5,92.7,1.83,2.0,0,1
8245,2406.0,723.0,23.4,42.0,2.6,94.7,1.26,2.0,1,0
3794,1124.0,757.0,12.7,10.0,6.6,93.2,1.83,2.0,1,1
673,1084.0,291.0,21.2,18.0,12.3,99.0,1.41,2.0,0,1
7178,2376.0,827.0,23.8,44.0,2.1,90.0,1.3,2.0,0,0
4881,2119.0,352.0,10.2,5.0,14.8,94.6,0.61,2.0,0,1
7020,1383.0,253.0,14.9,27.0,5.2,86.9,0.76,2.0,0,0
5071,1755.0,734.0,13.7,4.0,5.5,96.4,0.85,2.0,0,1
8514,1463.0,200.0,48.1,35.0,6.5,93.2,1.09,2.0,1,0
4588,2275.0,200.0,35.2,16.0,12.1,92.0,1.37,2.0,0,1
605,1460.0,236.0,73.6625,15.0,9.0,96.5,1.7,2.0,0,1
5729,1510.0,323.0,70.1,41.0,15.3,92.9,1.53,2.0,0,1
7051,2483.0,200.0,19.0,17.0,23.55,93.2,1.81,2.0,0,0
5778,1963.0,1039.0,18.1,15.0,11.0,94.5,1.69,2.0,0,1
1468,2312.0,200.0,46.9,28.0,20.2,91.5,1.31,2.0,0,1
7883,2581.0,580.0,11.5,51.0,0.5,90.2,1.92,2.0,1,0
1982,2018.0,397.0,25.0,13.0,6.3,89.6,1.73,2.0,0,1
4785,2786.0,637.0,26.3,37.0,23.55,99.0,1.23,2.0,0,1
890,2695.0,1130.0,11.2,68.0,11.2,94.6,1.1,2.0,0,1
6832,2443.0,200.0,24.7,3.0,1.1,86.1,1.46,2.0,0,0
8015,1721.0,200.0,25.9,0.0,2.4,93.1,1.16,2.0,1,0
843,1293.0,230.0,27.0,65.0,15.4,94.3,1.32,2.0,0,1
2155,1301.0,480.0,47.6,9.0,18.3,93.3,1.63,2.0,0,1
4773,1632.0,501.0,38.3,18.0,0.5,90.2,1.55,2.0,0,1
8794,1442.0,388.0,61.4,4.0,14.4,84.3,1.45,2.0,1,0
2077,2479.0,335.0,20.9,15.0,9.6,89.0,1.2,2.0,0,1
5584,1319.0,651.0,29.4,66.0,17.1,87.3,0.98,2.0,0,1
5006,1450.0,278.0,28.7,48.0,14.5,90.1,1.54,2.0,0,1
5474,2536.0,986.0,15.1,22.0,8.6,90.6,1.36,2.0,0,1
3520,2666.0,830.0,22.1,49.0,2.2,92.9,1.86,2.0,1,1
4694,2959.0,836.0,60.3,56.0,18.6,91.2,0.92,2.0,0,1
2799,2369.0,848.0,8.5,41.0,13.3,99.0,1.19,2.0,1,1
5832,1456.0,442.0,36.7,12.0,12.1,95.9,1.15,2.0,0,1
584,937.0,237.0,30.9,50.0,20.3,96.4,1.45,2.0,0,1
3268,3566.625,1368.0,53.9,19.0,9.6,92.9,1.81,2.0,1,1
8388,2115.0,452.0,37.2,6.0,9.7,93.5,1.6,2.0,1,0
4002,1786.0,721.0,19.8,24.0,1.5,92.8,1.04,2.0,1,1
5436,853.0,602.0,29.0,13.0,0.5,94.7,2.12,2.0,0,1
4125,1241.0,488.0,47.3,1.0,2.0,92.3,0.86,2.0,1,1
5824,1390.0,917.0,46.1,11.0,1.1,97.3,1.34,2.0,0,1
8182,3177.0,1000.0,42.8,6.0,5.9,93.7,1.44,2.0,1,0
6261,1774.0,331.0,61.4,6.0,18.5,88.7,1.4,2.0,0,0
4162,1721.0,768.0,71.9,16.0,3.8,90.3,1.12,2.0,1,1
4535,2348.0,1243.0,16.1,19.0,15.6,94.2,1.38,2.0,0,1
6005,776.0,330.0,6.8,29.0,16.4,96.9,1.42,2.0,0,0
4586,3183.0,1154.0,25.0,10.0,23.55,93.2,0.93,2.0,0,1
4210,1514.0,200.0,19.1,19.0,6.8,91.1,1.44,2.0,1,1
8824,1728.0,1000.0,31.2,4.0,2.0,99.0,2.0,2.0,1,0
2550,2326.0,774.0,52.1,20.0,1.7,90.5,1.43,2.0,0,1
6907,1407.0,698.0,18.2,3.0,6.2,89.3,1.76,2.0,0,0
6312,915.0,326.0,66.5,19.0,9.1,92.4,1.16,2.0,0,0
344,2632.0,867.0,45.6,28.0,0.9,97.5,1.6,2.0,0,1
2185,1451.0,200.0,30.8,6.0,12.5,98.9,1.44,2.0,0,1
5165,1463.0,216.0,32.8,27.0,0.9,93.0,0.78,2.0,0,1
7012,1622.0,505.0,8.5,74.5,5.3,95.4,1.4,2.0,0,0
6425,1359.0,259.0,39.3,6.0,1.2,92.6,1.75,2.0,0,0
3838,1833.0,698.0,25.7,3.0,8.7,92.7,1.77,2.0,1,1
8703,1159.0,714.0,51.1,29.0,1.9,91.9,0.99,2.0,1,0
871,1421.0,1054.0,15.0,36.0,2.5,93.1,1.29,2.0,0,1
4463,1710.0,200.0,14.1,19.0,1.6,92.1,1.13,2.0,1,1
8476,3566.625,1148.0,15.2,12.0,3.9,85.4,0.97,2.0,1,0
5889,1887.0,662.0,33.2,13.0,7.5,88.7,1.08,2.0,0,1
8692,1908.0,792.0,29.3,5.0,2.8,90.4,1.19,2.0,1,0
90,1960.0,713.0,15.6,4.0,12.6,91.1,0.58,2.0,0,1
8398,2461.0,1238.0,36.5,57.0,5.4,93.0,1.37,2.0,1,0
5171,1443.0,535.0,3.4,8.0,0.9,98.2,1.59,2.0,0,1
6076,1453.0,240.0,50.8,26.0,1.8,92.2,1.48,2.0,0,0
6143,2165.0,1337.0,22.2,74.5,3.7,96.8,0.79,2.0,0,0
7884,2367.0,607.0,13.5,15.0,8.3,94.3,1.69,2.0,1,0
8165,1332.0,367.0,41.5,14.0,6.9,94.9,1.38,2.0,1,0
6355,1301.0,595.0,25.7,57.0,5.9,92.3,1.56,2.0,0,0
2117,1445.0,200.0,45.4,23.0,3.1,90.4,1.03,2.0,0,1
2937,1972.0,226.0,20.2,44.0,7.4,94.7,1.32,2.0,1,1
8310,1337.0,773.0,29.4,4.0,0.9,97.1,1.8,2.0,1,0
7436,1556.0,735.0,15.6,20.0,5.7,93.9,1.49,2.0,1,0
2836,2734.0,849.0,20.6,74.5,14.8,93.7,1.24,2.0,1,1
3096,2711.0,873.0,38.7,65.0,4.2,90.1,1.13,2.0,1,1
5605,1817.0,763.0,34.2,16.0,23.55,94.4,1.05,2.0,0,1
5647,1619.0,838.0,57.9,58.0,3.3,95.9,1.4,2.0,0,1
947,2169.0,617.0,24.9,9.0,18.5,94.4,1.4,2.0,0,1
2925,2303.0,696.0,7.9,4.0,4.0,94.2,1.3,2.0,1,1
4338,1996.0,528.0,36.7,52.0,2.2,92.3,1.29,2.0,1,1
3214,1028.0,200.0,12.8,5.0,4.7,93.6,1.11,2.0,1,1
7865,1960.0,445.0,28.5,20.0,16.0,88.0,1.62,2.0,1,0
6144,926.0,401.0,23.0,3.0,15.4,98.5,1.74,2.0,0,0
883,1731.0,329.0,11.5,23.0,2.4,97.3,1.36,2.0,0,1
7627,3566.625,1535.0,46.0,9.0,0.7,92.7,1.19,2.0,1,0
5670,2302.0,971.0,33.8,31.0,11.8,92.5,1.88,2.0,0,1
7256,1344.0,702.0,50.8,33.0,23.55,91.0,1.67,2.0,1,0
5677,1244.0,424.0,20.8,65.0,0.5,92.8,1.82,2.0,0,1
627,1661.0,879.0,23.0,18.0,0.5,94.3,1.72,2.0,0,1
1456,1271.0,560.0,28.0,5.0,0.7,94.8,1.64,2.0,0,1
8600,2902.0,1325.0,36.9,15.0,0.6,88.8,1.79,2.0,1,0
7231,1926.0,959.0,52.7,22.0,23.55,98.1,1.0,1.0,1,0
6555,2120.0,493.0,40.6,10.0,6.0,98.0,1.46,2.0,0,0
7774,2560.0,997.0,29.2,11.0,12.5,89.3,1.0,2.0,1,0
5838,1984.0,1538.0,19.2,16.0,6.8,94.0,1.1,2.0,0,1
6537,1272.0,200.0,30.0,3.0,8.4,92.3,1.31,2.0,0,0
8631,1325.0,466.0,18.1,1.0,0.5,91.9,1.3,2.0,1,0
7017,1439.0,344.0,41.3,21.0,1.4,94.3,1.75,2.0,0,0
6874,1955.0,200.0,10.5,45.0,3.7,91.2,1.79,1.0,0,0
2415,1855.0,776.0,32.8,68.0,13.6,90.7,1.51,2.0,0,1
5927,1505.0,200.0,38.8,4.0,23.55,97.7,1.66,2.0,0,1
7423,1302.0,240.0,16.1,1.0,12.8,94.7,1.54,2.0,1,0
4466,1631.0,445.0,20.1,49.0,2.0,96.7,1.09,2.0,1,1
5489,1482.0,291.0,13.5,10.0,23.55,92.8,1.63,2.0,0,1
6590,1522.0,200.0,33.1,3.0,16.4,94.4,0.76,2.0,0,0
8317,2517.0,823.0,24.0,33.0,2.2,97.1,1.9,2.0,1,0
2899,1613.0,244.0,28.4,61.0,23.1,88.4,1.63,2.0,1,1
433,1751.0,987.0,40.5,29.0,3.6,93.9,1.35,2.0,0,1
2398,1381.0,200.0,26.4,4.0,20.4,94.7,1.59,2.0,0,1
2209,1659.0,527.0,28.0,11.0,2.7,91.2,1.59,2.0,0,1
1710,969.0,1015.0,40.0,2.0,8.3,97.9,1.29,1.0,0,1
3353,1925.0,420.0,39.4,3.0,2.3,86.2,1.77,2.0,1,1
8470,984.0,200.0,14.9,10.0,13.3,89.8,1.18,2.0,1,0
104,1497.0,200.0,38.9,2.0,3.2,86.6,1.35,2.0,0,1
5756,2312.0,627.0,23.9,22.0,5.9,89.0,1.09,1.0,0,1
1186,1252.0,682.0,23.7,28.0,1.7,90.5,2.05,1.0,0,1
7839,2733.0,1139.0,15.8,0.0,7.9,93.0,1.25,2.0,1,0
3184,1971.0,1109.0,20.8,21.0,5.8,91.9,1.5,2.0,1,1
8811,2357.0,749.0,16.2,24.0,1.5,91.3,0.98,2.0,1,0
6397,1372.0,487.0,59.1,48.0,0.7,92.7,1.07,2.0,0,0
7046,1925.0,722.0,47.9,47.0,7.2,89.2,1.65,2.0,0,0
8416,2491.0,897.0,30.0,5.0,9.0,92.7,1.5,2.0,1,0
8897,3223.0,1327.0,36.9,2.0,0.5,94.1,1.43,2.0,1,0
151,1553.0,426.0,5.9,7.0,13.6,88.0,1.28,2.0,0,1
3282,2300.0,1224.0,35.8,4.0,2.1,96.3,1.0,2.0,1,1
6169,2114.0,1112.0,13.5,40.0,0.5,92.2,1.53,2.0,0,0
5013,2993.0,1609.0,35.5,19.0,4.0,93.3,1.48,2.0,0,1
915,1145.0,422.0,24.9,18.0,2.2,90.8,1.3,2.0,0,1
1305,1810.0,1206.0,38.7,38.0,1.0,83.8,2.14,2.0,0,1
4397,2167.0,1165.0,14.2,44.0,18.0,92.0,1.13,2.0,1,1
3049,2817.0,1066.0,10.4,5.0,14.3,97.2,1.27,2.0,1,1
8449,2404.0,1191.0,32.2,11.0,7.7,98.5,1.28,2.0,1,0
8106,2871.0,690.0,21.6,21.0,4.3,90.0,1.39,2.0,1,0
8566,2245.0,1036.0,8.3,39.0,9.9,94.9,1.07,2.0,1,0
7031,1710.0,629.0,42.8,38.0,8.1,90.1,1.22,2.0,0,0
5763,1715.0,1353.0,6.7,1.0,6.9,96.6,1.52,1.0,0,1
5153,2011.0,881.0,8.5,6.0,8.9,99.0,1.69,2.0,0,1
3921,2058.0,1424.0,7.5,36.0,4.5,92.6,1.79,2.0,1,1
6473,1943.0,900.0,27.6,34.0,10.5,90.0,1.47,2.0,0,0
2796,2251.0,598.0,20.9,13.0,0.5,90.5,1.41,2.0,1,1
2701,1644.0,200.0,44.7,4.0,4.5,91.1,1.83,2.0,0,1
1398,2064.0,617.0,23.7,6.0,23.55,94.3,1.27,2.0,0,1
2519,1540.0,1069.0,54.0,21.0,12.6,96.8,1.74,1.0,0,1
3358,1479.0,316.0,48.5,8.0,1.2,90.7,1.89,2.0,1,1
8273,1541.0,1070.0,32.7,69.0,0.5,95.1,1.36,2.0,1,0
183,1579.0,200.0,6.7,14.0,0.7,97.2,1.15,2.0,0,1
4043,2268.0,1112.0,55.4,22.0,23.55,94.3,1.65,2.0,1,1
366,1541.0,200.0,16.0,33.0,23.55,99.0,1.42,2.0,0,1
8928,2568.0,1028.0,10.1,9.0,16.4,90.2,1.28,2.0,1,0
6086,3566.625,954.0,30.8,15.0,12.2,90.5,1.07,2.0,0,0
8652,2958.0,1452.0,19.0,74.5,8.3,94.9,1.35,2.0,1,0
6113,1734.0,589.0,26.4,3.0,9.0,95.3,1.51,2.0,0,0
2417,1592.0,424.0,11.1,18.0,3.8,86.7,1.86,2.0,0,1
471,1927.0,1146.0,12.7,43.0,4.6,95.0,1.83,2.0,0,1
967,1369.0,725.0,2.5,19.0,0.5,86.7,1.39,2.0,0,1
6545,934.0,1096.0,23.4,6.0,0.5,95.3,1.1,2.0,0,0
6460,1538.0,1200.0,15.7,1.0,3.9,90.7,1.43,2.0,0,0
2656,1386.0,699.0,56.1,9.0,9.0,93.5,0.95,2.0,0,1
6778,1701.0,249.0,62.6,8.0,2.6,93.1,1.24,2.0,0,0
209,1006.0,200.0,43.4,30.0,5.2,92.9,1.04,2.0,0,1
1961,1440.0,930.0,8.3,49.0,23.55,94.8,1.29,2.0,0,1
896,2721.0,1131.0,21.7,2.0,8.1,99.0,1.99,2.0,0,1
8613,2066.0,291.0,39.4,39.0,23.4,97.1,1.79,2.0,1,0
3819,1893.0,369.0,9.9,0.0,3.0,90.8,1.5,2.0,1,1
8568,2372.0,1081.0,45.7,39.0,17.7,95.1,1.1,2.0,1,0
1773,862.0,750.0,73.6625,74.5,10.7,92.0,1.97,2.0,0,1
5146,2458.0,1243.0,24.0,6.0,12.8,89.2,0.77,2.0,0,1
2299,1368.0,411.0,15.9,36.0,0.6,96.1,2.21,2.0,0,1
1209,2649.0,856.0,29.1,74.5,5.2,91.0,1.99,2.0,0,1
6798,1829.0,664.0,7.8,74.5,14.6,86.8,1.49,2.0,0,0
5579,2299.0,200.0,35.7,16.0,1.0,95.9,1.49,2.0,0,1
8974,1122.0,371.0,43.4,7.0,12.0,93.5,1.46,2.0,1,0
1270,1990.0,837.0,21.9,43.0,2.1,94.2,1.06,2.0,0,1
1251,1153.0,436.0,14.5,10.0,15.9,90.4,0.81,2.0,0,1
3176,1275.0,1033.0,33.4,34.0,1.2,89.8,1.53,2.0,1,1
7620,2223.0,465.0,26.2,14.0,2.5,94.9,1.0,2.0,1,0
8535,956.0,859.0,31.6,52.0,0.8,96.3,1.27,2.0,1,0
8390,1511.0,584.0,27.0,5.0,0.6,97.0,1.35,2.0,1,0
3973,1314.0,200.0,26.8,74.5,5.5,91.0,1.98,2.0,1,1
1292,1932.0,1473.0,39.7,66.0,9.6,90.9,1.71,2.0,0,1
6688,1465.0,550.0,38.0,7.0,9.9,96.3,1.35,2.0,0,0
5264,1199.0,592.0,47.9,8.0,0.5,95.7,1.46,2.0,0,1
3370,1119.0,312.0,15.0,30.0,10.3,99.0,1.1,2.0,1,1
5990,924.0,416.0,14.7,74.5,3.5,93.0,1.46,1.0,0,1
4663,1446.0,200.0,7.7,67.0,1.2,92.6,1.34,2.0,0,1
5190,1996.0,908.0,27.5,74.5,7.7,86.6,1.06,2.0,0,1
3651,1871.0,707.0,20.7,15.0,3.2,98.6,1.3,2.0,1,1
3315,2821.0,806.0,18.2,10.0,13.9,91.3,1.16,2.0,1,1
4078,1438.0,200.0,23.7,5.0,7.6,97.0,1.27,2.0,1,1
292,2481.0,728.0,28.8,32.0,4.5,91.6,1.25,2.0,0,1
6121,1547.0,457.0,25.1,40.0,0.7,90.7,1.29,2.0,0,0
8140,3566.625,1801.5,48.1,33.0,6.2,91.6,1.9,2.0,1,0
1051,2026.0,411.0,10.1,58.0,5.4,89.2,1.02,2.0,0,1
4782,1549.0,617.0,11.2,35.0,2.2,93.6,1.94,2.0,0,1
4848,1368.0,606.0,33.8,6.0,0.5,89.8,1.34,2.0,0,1
7213,2094.0,1015.0,37.2,4.0,0.5,90.7,1.45,2.0,0,0
272,3566.625,1356.0,45.2,31.0,0.5,95.9,1.08,2.0,0,1
2042,1154.0,239.0,54.6,17.0,0.7,96.7,1.68,2.0,0,1
5184,3308.0,1058.0,32.5,13.0,3.5,92.0,1.33,2.0,0,1
3918,2636.0,787.0,10.4,3.0,6.8,98.6,1.6,2.0,1,1
4185,1695.0,301.0,18.6,74.5,0.5,90.7,1.13,2.0,1,1
103,1459.0,200.0,3.1,5.0,6.2,96.1,1.25,2.0,0,1
1086,1244.0,634.0,16.3,12.0,6.9,92.4,1.25,2.0,0,1
4664,2158.0,956.0,11.6,64.0,0.5,96.1,1.53,2.0,0,1
7807,1864.0,333.0,25.7,74.5,10.2,93.6,0.83,2.0,1,0
5117,2170.0,937.0,20.6,54.0,6.5,94.7,0.5,2.0,0,1
4691,1670.0,200.0,40.8,18.0,12.7,93.0,1.14,2.0,0,1
2903,2186.0,545.0,55.3,2.0,4.1,87.2,1.46,1.0,1,1
5381,2449.0,744.0,41.7,18.0,19.1,85.3,1.48,2.0,0,1
7019,1867.0,877.0,19.0,11.0,23.55,98.4,1.66,1.0,0,0
4046,1730.0,346.0,28.3,57.0,0.5,94.4,1.43,2.0,1,1
5595,1116.0,415.0,12.2,47.0,9.6,94.1,1.5,1.0,0,1
6781,1309.0,200.0,26.7,11.0,8.4,90.9,1.39,2.0,0,0
6605,1790.0,1219.0,40.5,23.0,7.7,97.2,1.11,2.0,0,0
6810,700.0,459.0,12.1,33.0,22.4,90.2,1.35,2.0,0,0
4447,2092.0,800.0,50.1,5.0,1.6,94.8,0.73,2.0,1,1
4122,3566.625,1801.5,49.4,32.0,6.5,92.3,1.48,2.0,1,1
6291,1201.0,1006.0,30.6,5.0,2.6,91.2,0.75,2.0,0,0
613,2086.0,427.0,22.0,1.0,8.0,93.0,1.86,2.0,0,1
8885,2295.0,1021.0,34.8,32.0,13.5,91.3,1.49,2.0,1,0
5332,854.0,315.0,34.2,52.0,3.5,91.4,1.29,2.0,0,1
4706,1943.0,1019.0,12.8,21.0,2.0,86.0,1.66,2.0,0,1
5589,1921.0,762.0,28.5,74.5,6.2,91.9,1.72,2.0,0,1
3478,1617.0,950.0,35.8,60.0,21.1,89.0,1.04,2.0,1,1
5730,3080.0,814.0,13.1,2.0,0.8,89.0,1.58,2.0,0,1
1748,2356.0,1241.0,32.2,11.0,0.9,96.8,1.77,2.0,0,1
732,1609.0,1112.0,20.9,3.0,0.8,93.9,1.09,2.0,0,1
8240,1565.0,720.0,42.4,24.0,16.1,93.8,1.29,2.0,1,0
4478,1658.0,200.0,51.2,46.0,23.55,97.6,0.78,2.0,0,1
3872,1503.0,200.0,22.7,2.0,2.5,96.3,1.2,2.0,1,1
7702,1096.0,200.0,12.8,24.0,9.8,93.6,1.36,2.0,1,0
2910,1560.0,545.0,27.1,14.0,4.4,95.6,2.1,2.0,1,1
6198,1958.0,517.0,30.8,22.0,1.0,96.5,1.4,2.0,0,0
2662,1931.0,295.0,8.3,11.0,5.6,91.0,1.25,2.0,0,1
7238,1187.0,653.0,6.2,25.0,7.4,94.5,1.84,2.0,1,0
4692,1769.0,232.0,34.1,74.5,4.2,88.5,1.14,2.0,0,1
8578,1511.0,307.0,26.5,13.0,9.4,99.0,1.27,2.0,1,0
3113,1257.0,200.0,34.9,9.0,2.6,99.0,1.63,2.0,1,1
3303,2057.0,680.0,41.6,14.0,2.7,93.9,1.45,2.0,1,1
2154,1952.0,620.0,37.2,8.0,3.7,96.3,1.52,2.0,0,1
1344,1771.0,787.0,43.7,1.0,4.9,97.5,1.15,1.0,0,1
8844,2561.0,399.0,15.9,28.0,9.5,90.3,0.69,1.0,1,0
3261,1453.0,200.0,27.3,43.0,8.7,92.0,0.93,2.0,1,1
7355,2574.0,1409.0,52.4,8.0,13.6,88.7,1.68,2.0,1,0
3992,2712.0,956.0,26.0,5.0,2.4,92.2,1.04,2.0,1,1
5231,3060.0,888.0,25.5,4.0,1.1,96.2,1.35,1.0,0,1
952,1714.0,779.0,10.0,3.0,23.55,92.6,0.86,2.0,0,1
6334,1984.0,1094.0,31.4,38.0,2.5,92.0,1.55,2.0,0,0
3021,1009.0,578.0,10.1,6.0,8.7,93.7,1.18,2.0,1,1
3308,1622.0,795.0,3.2,31.0,2.9,93.5,1.71,2.0,1,1
1504,1870.0,722.0,34.9,12.0,9.9,87.1,1.05,2.0,0,1
5095,1673.0,629.0,11.2,17.0,2.8,95.7,1.56,2.0,0,1
1806,2289.0,624.0,24.2,69.0,4.6,92.5,1.02,2.0,0,1
5023,1907.0,260.0,12.4,74.5,9.5,93.7,1.63,2.0,0,1
8243,2739.0,1021.0,12.4,10.0,1.1,88.1,1.25,2.0,1,0
3791,1092.0,200.0,53.7,6.0,7.6,92.0,2.05,2.0,1,1
1121,828.0,405.0,6.9,26.0,8.7,96.6,1.74,2.0,0,1
5527,3150.0,897.0,12.8,16.0,3.9,93.9,1.37,2.0,0,1
8565,1764.0,200.0,52.3,50.0,3.0,88.6,1.63,2.0,1,0
5893,1520.0,721.0,46.5,9.0,2.8,88.9,1.27,2.0,0,1
4755,1251.0,247.0,13.9,15.0,20.1,88.9,2.3,2.0,0,1
4838,2005.0,861.0,18.0,13.0,9.0,90.8,2.01,2.0,0,1
5928,736.0,774.0,11.1,10.0,3.7,94.5,1.89,2.0,0,1
5846,2126.0,1211.0,13.0,9.0,7.1,97.2,1.06,2.0,0,1
6375,2927.0,484.0,24.7,34.0,18.2,93.8,1.07,2.0,0,0
1848,1261.0,707.0,39.9,38.0,23.55,95.0,1.65,2.0,0,1
416,1631.0,200.0,26.1,7.0,6.0,87.4,1.25,2.0,0,1
2973,1267.0,288.0,20.0,52.0,0.5,90.9,1.92,2.0,1,1
5793,2531.0,957.0,43.2,8.0,2.1,95.1,1.36,2.0,0,1
2431,2130.0,1105.0,31.5,12.0,7.1,91.2,1.16,2.0,0,1
2518,2416.0,1141.0,23.5,32.0,3.7,88.6,1.16,2.0,0,1
564,1736.0,200.0,59.5,18.0,0.5,99.0,1.42,2.0,0,1
2526,1838.0,434.0,16.5,19.0,9.4,98.7,1.94,2.0,0,1
5484,2732.0,495.0,60.1,9.0,8.4,93.4,1.16,2.0,0,1
4860,3444.0,1801.5,41.9,72.0,6.6,91.3,1.15,2.0,0,1
3251,1743.0,734.0,12.1,2.0,0.5,91.2,0.96,2.0,1,1
1224,2966.0,1593.0,19.9,8.0,1.7,99.0,1.71,2.0,0,1
142,1332.0,200.0,39.5,73.0,4.3,90.4,1.47,2.0,0,1
7718,2682.0,658.0,31.4,23.0,8.3,98.8,1.81,2.0,1,0
1490,1958.0,299.0,50.6,10.0,5.7,88.7,1.25,2.0,0,1
7598,2849.0,1091.0,48.2,34.0,4.2,88.3,1.96,2.0,1,0
4840,1958.0,1006.0,39.2,15.0,1.5,97.4,0.99,2.0,0,1
1590,3566.625,1404.0,36.2,56.0,8.3,86.8,0.89,1.0,0,1
5102,1633.0,405.0,28.7,35.0,3.6,88.5,1.51,2.0,0,1
4786,1422.0,811.0,8.1,74.5,2.8,95.3,1.13,2.0,0,1
2653,1709.0,884.0,15.0,49.0,4.7,97.4,1.69,2.0,0,1
2004,1858.0,200.0,34.6,23.0,5.9,88.7,1.8,2.0,0,1
1194,1721.0,1006.0,52.4,46.0,9.6,92.1,1.25,2.0,0,1
4235,1107.0,1010.0,13.2,9.0,0.5,95.5,1.12,2.0,1,1
3409,1251.0,200.0,18.3,37.0,8.3,95.1,0.93,2.0,1,1
1117,1573.0,200.0,53.3,74.5,22.3,90.6,1.78,2.0,0,1
7476,1285.0,1057.0,18.1,6.0,2.3,93.6,1.68,2.0,1,0
1756,2326.0,614.0,10.2,40.0,1.6,94.5,1.14,1.0,0,1
497,976.0,227.0,13.3,32.0,3.4,94.7,1.98,2.0,0,1
3997,1752.0,1001.0,43.4,7.0,14.4,92.4,1.36,2.0,1,1
12,907.0,789.0,40.1,4.0,17.1,95.8,1.73,2.0,0,1
870,742.0,296.0,39.9,11.0,2.3,96.5,1.47,2.0,0,1
3357,1295.0,200.0,44.3,27.0,23.55,96.1,1.77,2.0,1,1
912,1947.0,200.0,19.2,15.0,1.4,92.7,1.18,2.0,0,1
3582,1743.0,649.0,17.6,57.0,3.1,95.0,1.12,2.0,1,1
721,1516.0,987.0,14.2,7.0,9.3,95.9,1.22,2.0,0,1
4001,3566.625,882.0,28.8,15.0,2.8,96.8,1.4,1.0,1,1
8947,1977.0,200.0,39.0,23.0,2.9,98.0,1.83,2.0,1,0
7128,1241.0,200.0,19.4,41.0,0.8,96.8,1.3,2.0,0,0
8629,700.0,200.0,7.6,1.0,12.2,90.4,1.33,2.0,1,0
5307,2499.0,737.0,14.8,72.0,7.3,85.1,1.58,2.0,0,1
1496,1670.0,323.0,36.6,0.0,4.1,93.9,1.66,2.0,0,1
6845,882.0,200.0,54.6,17.0,4.3,97.6,1.65,2.0,0,0
1520,1775.0,200.0,20.6,43.0,4.3,96.1,0.86,2.0,0,1
8909,1191.0,200.0,42.3,6.0,2.2,97.1,1.09,2.0,1,0
6914,1278.0,852.0,50.9,25.0,8.0,97.2,1.78,2.0,0,0
2746,1366.0,466.0,68.7,28.0,17.3,90.8,1.38,1.0,0,1
8065,3566.625,1534.0,4.0,29.0,0.5,96.3,1.22,2.0,1,0
5755,1809.0,1153.0,47.3,9.0,3.8,94.1,1.32,2.0,0,1
314,2482.0,1127.0,55.9,10.0,15.0,93.6,1.24,2.0,0,1
6872,1667.0,200.0,21.0,29.0,8.2,92.5,1.71,2.0,0,0
7889,1729.0,922.0,24.1,23.0,10.3,89.3,1.56,2.0,1,0
8936,1948.0,740.0,5.3,20.0,3.8,92.4,1.36,2.0,1,0
3350,1213.0,1241.0,43.8,7.0,1.4,92.5,0.94,2.0,1,1
108,2138.0,1278.0,14.5,17.0,4.3,89.7,1.14,2.0,0,1
1754,2983.0,1083.0,73.6625,33.0,3.4,98.6,1.0,2.0,0,1
6876,1073.0,200.0,49.4,9.0,3.0,98.8,1.05,2.0,0,0
1351,819.0,968.0,43.9,4.0,0.8,95.5,2.17,2.0,0,1
3129,1485.0,1049.0,35.6,35.0,23.55,97.0,1.45,2.0,1,1
7205,1766.0,200.0,25.7,24.0,5.3,92.6,1.24,2.0,0,0
6203,1656.0,494.0,18.7,0.0,0.7,84.1,1.84,2.0,0,0
5427,1216.0,593.0,40.9,8.0,11.5,94.6,1.04,2.0,0,1
480,1362.0,308.0,63.5,62.0,1.2,91.2,0.96,2.0,0,1
6564,1234.0,200.0,17.4,25.0,23.55,92.6,1.89,2.0,0,0
1973,1334.0,700.0,33.8,45.0,6.7,90.3,1.24,2.0,0,1
336,2066.0,860.0,30.5,3.0,21.6,93.2,0.6,2.0,0,1
2764,2036.0,253.0,31.5,13.0,1.2,89.3,0.78,2.0,0,1
6160,2057.0,998.0,16.6,19.0,13.1,89.9,1.11,2.0,0,0
6902,2310.0,1156.0,48.9,11.0,4.6,91.0,1.29,2.0,0,0
4518,2522.0,1211.0,53.4,42.0,3.3,89.4,1.39,2.0,0,1
2985,1465.0,874.0,13.0,3.0,7.5,93.2,0.8,2.0,1,1
4550,2040.0,1398.0,41.3,1.0,2.5,96.8,1.39,2.0,0,1
5574,1113.0,755.0,0.9,24.0,3.3,99.0,1.71,2.0,0,1
524,1445.0,364.0,36.1,74.5,10.0,95.9,2.18,2.0,0,1
6931,1818.0,596.0,52.6,2.0,12.0,92.2,1.98,2.0,0,0
3477,1985.0,1502.0,24.8,8.0,3.7,93.5,1.02,2.0,1,1
5720,1175.0,747.0,27.0,2.0,5.5,89.8,2.06,2.0,0,1
3558,3160.0,776.0,35.8,25.0,1.6,95.1,1.58,2.0,1,1
8881,1533.0,200.0,11.8,34.0,15.9,99.0,1.28,2.0,1,0
2809,2143.0,200.0,18.0,60.0,0.6,89.3,1.25,2.0,1,1
724,1518.0,200.0,29.5,4.0,1.4,91.5,1.59,1.0,0,1
765,1349.0,478.0,32.1,8.0,19.7,95.6,1.41,2.0,0,1
5306,1237.0,200.0,15.0,9.0,3.3,94.3,0.95,2.0,0,1
5883,1606.0,200.0,15.7,7.0,5.7,88.6,1.49,2.0,0,1
5499,2456.0,1190.0,19.9,1.0,18.2,92.7,1.31,2.0,0,1
6718,1116.0,631.0,50.7,4.0,10.9,88.9,1.29,1.0,0,0
307,1415.0,200.0,14.5,8.0,1.3,87.7,1.25,1.0,0,1
3773,2707.0,831.0,22.9,63.0,5.1,94.6,2.01,2.0,1,1
3908,2064.0,413.0,22.9,46.0,20.7,96.3,1.18,2.0,1,1
1278,2792.0,1153.0,54.3,8.0,2.7,92.3,1.88,2.0,0,1
348,2188.0,1050.0,24.1,74.5,16.6,91.9,0.97,2.0,0,1
8991,3035.0,691.0,39.9,5.0,5.3,91.9,1.78,2.0,1,0
7621,3566.625,642.0,27.7,21.0,16.0,89.2,1.58,2.0,1,0
5957,2107.0,663.0,24.3,61.0,2.2,88.8,1.58,2.0,0,1
6805,3339.0,1634.0,17.6,11.0,2.0,87.4,1.58,2.0,0,0
8547,1380.0,200.0,23.4,25.0,5.0,90.9,1.69,2.0,1,0
1791,2904.0,814.0,3.6,37.0,1.4,90.1,0.94,2.0,0,1
8994,2004.0,1408.0,55.9,22.0,0.5,87.2,1.26,2.0,1,0
7890,1974.0,765.0,15.6,8.0,13.7,97.3,1.05,2.0,1,0
3682,1383.0,912.0,11.7,45.0,20.1,96.0,1.52,2.0,1,1
7032,1114.0,200.0,34.4,18.0,23.55,89.6,1.82,2.0,0,0
8607,1506.0,451.0,35.0,17.0,3.2,90.1,1.26,1.0,1,0
2053,3073.0,221.0,25.9,3.0,1.7,88.5,1.33,1.0,0,1
2232,1427.0,1128.0,16.7,13.0,13.5,93.6,1.6,2.0,0,1
4335,2890.0,906.0,43.5,54.0,7.6,89.4,1.01,2.0,1,1
71,3187.0,1029.0,14.1,21.0,12.5,94.7,1.6,2.0,0,1
4439,1005.0,274.0,14.6,22.0,2.8,90.4,1.64,2.0,1,1
2759,1927.0,847.0,6.2,13.0,14.0,90.9,1.19,2.0,0,1
4994,1838.0,837.0,25.7,32.0,10.8,97.0,1.01,2.0,0,1
8125,1660.0,710.0,29.8,2.0,0.8,96.3,0.67,2.0,1,0
5027,1013.0,673.0,21.4,29.0,4.1,94.7,1.56,2.0,0,1
5651,2078.0,1464.0,9.7,9.0,18.6,94.4,1.2,2.0,0,1
8868,2719.0,1001.0,55.0,11.0,1.2,93.9,1.79,2.0,1,0
6543,2420.0,1032.0,40.9,19.0,18.7,96.6,1.78,2.0,0,0
2805,1693.0,567.0,12.2,11.0,3.3,91.6,0.98,2.0,1,1
1260,2590.0,1029.0,30.0,10.0,9.8,93.2,1.04,2.0,0,1
1666,2060.0,1139.0,35.0,12.0,3.7,93.1,1.36,2.0,0,1
5012,1507.0,605.0,11.0,10.0,3.3,99.0,1.69,2.0,0,1
7131,2205.0,695.0,14.4,24.0,21.8,98.2,1.26,2.0,0,0
4983,2508.0,672.0,24.8,13.0,3.7,94.4,1.2,2.0,0,1
5206,1941.0,582.0,30.2,74.5,5.5,95.6,0.98,2.0,0,1
4322,2416.0,874.0,34.2,18.0,3.9,90.5,1.29,2.0,1,1
2167,1274.0,551.0,31.7,49.0,3.3,91.6,1.6,2.0,0,1
1445,1914.0,402.0,20.0,2.0,1.0,91.4,1.83,1.0,0,1
4205,1847.0,966.0,28.0,11.0,1.4,92.6,1.29,2.0,1,1
2533,2231.0,200.0,16.6,4.0,2.3,92.5,1.14,2.0,0,1
4527,1207.0,262.0,20.3,34.0,9.8,84.4,1.19,2.0,0,1
1695,2400.0,411.0,41.7,7.0,14.2,94.5,0.71,2.0,0,1
2892,2028.0,558.0,29.0,20.0,4.3,93.0,1.16,2.0,1,1
5826,3566.625,1801.5,6.3,29.0,0.5,92.0,0.87,2.0,0,1
1095,1770.0,614.0,18.9,15.0,1.1,93.0,0.75,2.0,0,1
7798,1494.0,200.0,12.7,19.0,13.9,91.2,1.64,2.0,1,0
7170,1849.0,625.0,3.8,28.0,0.5,87.2,0.84,2.0,0,0
3203,1581.0,1349.0,11.1,72.0,8.6,94.5,2.03,2.0,1,1
4787,1344.0,886.0,16.4,6.0,1.9,97.8,1.54,2.0,0,1
1630,1582.0,430.0,16.9,8.0,8.7,98.3,1.13,2.0,0,1
6001,1936.0,980.0,11.9,25.0,0.5,94.0,1.15,2.0,0,0
1881,3298.0,1097.0,45.2,6.0,6.0,85.2,1.65,2.0,0,1
5268,1453.0,481.0,42.8,34.0,1.4,96.8,1.68,2.0,0,1
6580,1685.0,620.0,21.1,20.0,2.1,93.2,1.65,2.0,0,0
1612,1062.0,669.0,29.9,16.0,1.9,92.4,2.25,2.0,0,1
978,2722.0,1113.0,13.6,11.0,4.8,94.0,1.56,2.0,0,1
1413,1423.0,564.0,54.9,5.0,5.5,97.9,1.28,2.0,0,1
6972,1883.0,340.0,46.5,59.0,0.8,95.6,1.15,2.0,0,0
6100,1457.0,697.0,47.9,41.0,14.6,93.9,1.04,2.0,0,0
848,1586.0,420.0,41.6,7.0,3.1,91.0,1.4,2.0,0,1
7322,1053.0,200.0,9.0,19.0,4.6,90.9,1.45,2.0,1,0
4985,1111.0,494.0,23.0,0.0,0.5,95.0,0.82,2.0,0,1
7414,1434.0,288.0,3.5,2.0,23.55,90.5,1.52,2.0,1,0
2877,1719.0,536.0,42.2,5.0,5.3,89.0,1.16,2.0,1,1
2271,1459.0,614.0,28.4,53.0,1.5,88.3,1.03,2.0,0,1
2392,2346.0,200.0,8.7,52.0,6.7,89.5,1.28,2.0,0,1
7727,1054.0,311.0,63.5,10.0,2.9,94.5,1.09,2.0,1,0
3779,1800.0,538.0,52.7,74.5,23.55,95.1,1.64,1.0,1,1
1830,1749.0,1144.0,7.3,49.0,1.9,99.0,1.22,1.0,0,1
6804,1432.0,200.0,13.8,3.0,6.8,87.4,1.07,2.0,0,0
7232,2962.0,1553.0,25.8,10.0,2.1,93.4,1.48,2.0,1,0
4450,1619.0,200.0,12.4,18.0,23.55,87.0,1.17,2.0,1,1
47,1318.0,200.0,50.7,36.0,17.0,90.8,1.3,2.0,0,1
5143,1229.0,609.0,27.1,20.0,8.5,91.2,1.51,2.0,0,1
6306,2280.0,1055.0,12.7,7.0,1.4,94.5,1.5,2.0,0,0
1350,3566.625,1347.0,18.8,6.0,8.2,96.9,1.38,2.0,0,1
8665,2733.0,966.0,49.5,13.0,5.9,97.1,1.12,2.0,1,0
1234,1713.0,606.0,20.2,3.0,6.7,89.8,1.07,2.0,0,1
8074,1386.0,662.0,16.9,2.0,2.8,90.8,1.77,2.0,1,0
8534,911.0,353.0,41.1,30.0,2.7,90.7,1.23,2.0,1,0
3915,1837.0,372.0,31.7,14.0,1.5,99.0,0.82,2.0,1,1
446,1191.0,200.0,5.4,18.0,4.0,88.9,1.68,1.0,0,1
2248,1215.0,200.0,33.8,14.0,2.8,93.5,1.58,2.0,0,1
1743,909.0,714.0,18.2,1.0,11.9,90.2,1.37,2.0,0,1
844,1202.0,200.0,37.2,35.0,7.7,95.9,1.56,2.0,0,1
8929,1833.0,200.0,21.4,8.0,5.7,99.0,1.64,2.0,1,0
7751,779.0,643.0,49.2,30.0,18.8,98.4,0.76,2.0,1,0
7065,1664.0,507.0,43.8,2.0,11.5,96.2,0.89,2.0,0,0
3289,922.0,200.0,30.1,3.0,2.7,92.6,0.56,1.0,1,1
2707,1027.0,920.0,43.6,24.0,23.55,95.7,1.92,2.0,0,1
39,1273.0,645.0,51.3,17.0,3.8,97.5,1.28,2.0,0,1
2440,1766.0,608.0,41.1,6.0,4.6,92.2,1.13,2.0,0,1
3103,2168.0,997.0,3.6,23.0,8.0,92.6,1.88,2.0,1,1
7263,1438.0,673.0,51.8,24.0,5.5,90.4,1.73,2.0,1,0
6627,1460.0,490.0,15.2,74.5,1.3,96.0,1.55,2.0,0,0
678,1837.0,1097.0,69.6,0.0,1.1,99.0,2.0,2.0,0,1
4554,1875.0,984.0,15.9,21.0,2.7,89.8,0.76,2.0,0,1
8643,1651.0,683.0,40.5,74.5,19.3,92.9,1.66,2.0,1,0
5504,3566.625,1801.5,20.2,7.0,5.2,96.0,1.65,2.0,0,1
1294,2396.0,534.0,6.3,10.0,11.0,99.0,1.56,2.0,0,1
6955,1517.0,200.0,34.1,17.0,9.3,94.5,1.0,2.0,0,0
6337,2525.0,1150.0,24.2,48.0,2.4,94.4,1.43,2.0,0,0
3984,1780.0,396.0,32.2,7.0,3.9,99.0,1.94,2.0,1,1
8500,1284.0,1053.0,43.0,74.5,3.1,89.0,1.11,2.0,1,0
971,1918.0,330.0,18.0,17.0,23.55,86.3,1.62,2.0,0,1
3442,3169.0,943.0,4.1,74.5,5.9,92.1,1.39,2.0,1,1
7013,1881.0,370.0,42.4,16.0,3.5,90.0,1.83,2.0,0,0
7827,1440.0,820.0,15.8,13.0,9.1,98.1,1.65,2.0,1,0
1112,2155.0,885.0,34.9,17.0,16.8,84.1,1.27,2.0,0,1
3980,1074.0,200.0,7.9,57.0,1.9,96.7,1.73,2.0,1,1
4921,1923.0,200.0,56.4,7.0,10.1,86.6,0.97,2.0,0,1
776,1047.0,354.0,73.6625,3.0,1.1,91.3,1.19,2.0,0,1
8742,1200.0,840.0,36.5,57.0,11.5,92.3,1.56,1.0,1,0
2231,1708.0,1158.0,15.4,16.0,4.0,96.1,1.34,2.0,0,1
2228,1756.0,410.0,24.1,21.0,3.8,88.8,1.51,2.0,0,1
2153,1956.0,1065.0,39.7,53.0,14.8,93.1,1.46,2.0,0,1
8870,2504.0,479.0,23.8,24.0,10.9,94.2,1.27,2.0,1,0
4821,2282.0,1621.0,34.7,5.0,2.3,96.5,1.42,2.0,0,1
7610,1442.0,200.0,18.8,5.0,19.0,93.7,1.59,2.0,1,0
4315,2678.0,856.0,26.9,19.0,5.5,90.9,1.66,2.0,1,1
8538,2933.0,1147.0,5.3,1.0,6.2,95.9,1.84,2.0,1,0
7351,1555.0,884.0,8.3,4.0,5.2,89.3,1.1,2.0,1,0
5662,888.0,200.0,15.9,23.0,13.7,97.1,1.29,2.0,0,1
6978,2089.0,555.0,25.4,7.0,7.7,96.6,1.15,2.0,0,0
3183,1219.0,991.0,27.6,29.0,3.9,97.3,2.3449999999999998,2.0,1,1
6087,1198.0,551.0,17.9,7.0,16.0,86.6,1.42,2.0,0,0
3199,1183.0,431.0,39.7,52.0,16.7,93.6,0.69,2.0,1,1
5659,1902.0,494.0,56.3,35.0,2.5,93.8,2.15,2.0,0,1
1289,1789.0,1107.0,15.4,13.0,1.6,95.2,1.11,2.0,0,1
4989,1711.0,750.0,43.8,35.0,0.5,96.0,1.09,1.0,0,1
7877,1231.0,676.0,73.6625,23.0,2.4,98.6,1.02,2.0,1,0
6883,1846.0,953.0,20.4,7.0,10.7,88.1,1.11,2.0,0,0
5456,1194.0,200.0,19.5,22.0,6.7,93.6,1.79,2.0,0,1
6613,1675.0,697.0,31.0,25.0,1.8,87.1,1.99,2.0,0,0
3966,1898.0,466.0,21.1,8.0,11.9,90.0,1.32,2.0,1,1
1879,1583.0,200.0,23.5,16.0,0.9,89.1,1.55,2.0,0,1
7103,1287.0,429.0,40.9,11.0,13.1,93.6,1.4,2.0,0,0
5500,1374.0,944.0,31.1,25.0,4.5,92.2,0.51,2.0,0,1
7590,3566.625,1729.0,47.7,31.0,1.7,92.6,1.44,2.0,1,0
5925,3340.0,1213.0,58.9,8.0,12.8,91.9,1.81,2.0,0,1
6780,2000.0,1019.0,28.2,19.0,12.5,89.6,1.17,2.0,0,0
8761,1253.0,261.0,29.4,55.0,23.55,96.8,1.64,2.0,1,0
1036,3239.0,956.0,12.7,74.5,0.5,96.4,0.61,2.0,0,1
636,2391.0,727.0,28.7,25.0,7.7,94.3,0.8,2.0,0,1
4441,1887.0,575.0,31.6,12.0,16.5,89.5,1.88,2.0,1,1
4295,1756.0,764.0,45.3,30.0,2.7,97.9,1.54,2.0,1,1
1083,1460.0,403.0,18.6,1.0,11.2,93.1,1.54,2.0,0,1
861,1699.0,793.0,24.8,7.0,8.5,86.6,1.22,2.0,0,1
903,2146.0,752.0,20.4,0.0,4.4,88.2,1.73,2.0,0,1
191,3327.0,1512.0,27.3,15.0,5.5,93.2,1.43,2.0,0,1
109,3417.0,1185.0,7.0,74.5,2.4,87.9,1.44,2.0,0,1
1942,1396.0,643.0,62.3,15.0,14.4,96.7,0.77,2.0,0,1
4253,1477.0,534.0,38.1,7.0,23.55,89.7,1.89,2.0,1,1
8401,1987.0,385.0,40.6,11.0,2.4,86.2,1.12,2.0,1,0
6975,771.0,200.0,30.4,2.0,6.7,99.0,1.61,2.0,0,0
7042,1910.0,936.0,25.8,18.0,12.1,90.8,1.41,2.0,0,0
6756,2142.0,1018.0,56.7,2.0,0.5,93.3,1.2,2.0,0,0
2775,2065.0,683.0,58.6,74.5,2.5,92.0,1.62,2.0,1,1
2323,3566.625,1801.5,19.3,25.0,12.5,98.5,1.64,2.0,0,1
8516,1445.0,200.0,9.7,54.0,22.4,87.4,1.21,2.0,1,0
2617,2114.0,200.0,61.7,15.0,3.4,86.9,1.47,2.0,0,1
6758,3067.0,394.0,35.2,5.0,8.6,87.7,1.69,2.0,0,0
1094,2147.0,541.0,62.3,5.0,4.0,98.1,1.46,2.0,0,1
8765,3316.0,800.0,7.7,13.0,23.2,88.2,1.7,2.0,1,0
4503,920.0,969.0,18.0,5.0,4.5,97.4,1.6,2.0,0,1
3135,1966.0,438.0,35.5,7.0,15.8,92.3,1.41,2.0,1,1
4581,1239.0,200.0,40.0,21.0,8.8,94.3,1.07,1.0,0,1
3805,1332.0,376.0,73.6625,1.0,9.3,89.9,1.47,2.0,1,1
7500,2417.0,200.0,18.0,12.0,2.3,99.0,1.52,2.0,1,0
2654,3220.0,1151.0,26.1,9.0,2.4,96.3,1.47,2.0,0,1
4273,2695.0,1191.0,9.9,71.0,21.2,91.9,1.21,2.0,1,1
4984,1281.0,200.0,28.7,7.0,6.6,96.1,1.4,2.0,0,1
6382,2775.0,982.0,35.0,3.0,3.5,98.7,1.52,2.0,0,0
5431,2022.0,661.0,63.0,12.0,2.0,90.8,1.51,2.0,0,1
6133,2805.0,1288.0,23.8,35.0,0.5,96.2,1.71,2.0,0,0
4575,1919.0,1099.0,12.5,54.0,0.6,92.6,1.6,2.0,0,1
8716,2312.0,794.0,42.2,12.0,3.9,91.3,1.25,2.0,1,0
2202,1103.0,349.0,48.3,26.0,13.5,93.4,1.36,2.0,0,1
4922,2282.0,1184.0,27.9,9.0,1.0,92.4,1.25,2.0,0,1
7551,999.0,200.0,22.0,8.0,3.4,97.2,1.25,2.0,1,0
4299,1508.0,1397.0,15.8,4.0,7.2,97.9,1.56,1.0,1,1
975,1271.0,945.0,36.1,23.0,4.7,94.9,1.24,2.0,0,1
4689,3097.0,1443.0,64.6,55.0,11.4,87.7,1.34,2.0,0,1
941,2733.0,828.0,3.5,9.0,7.8,86.0,1.6,2.0,0,1
2387,1242.0,694.0,24.3,5.0,2.1,90.9,1.78,2.0,0,1
3221,1772.0,688.0,8.3,7.0,20.0,96.4,1.28,2.0,1,1
3882,818.0,614.0,15.0,32.0,0.7,98.8,1.67,2.0,1,1
8490,2156.0,779.0,11.5,6.0,8.0,94.7,1.78,2.0,1,0
5338,1284.0,200.0,44.5,50.0,4.1,92.8,1.3,2.0,0,1
4762,1226.0,200.0,30.9,28.0,3.8,95.4,1.32,2.0,0,1
2789,2238.0,762.0,26.3,4.0,6.2,91.6,0.88,2.0,1,1
944,1760.0,200.0,7.8,63.0,11.8,94.8,1.1,2.0,0,1
7786,1436.0,946.0,22.4,24.0,1.2,90.5,0.95,2.0,1,0
8117,867.0,882.0,32.4,14.0,3.4,95.9,1.88,2.0,1,0
7422,1583.0,597.0,34.3,15.0,1.5,94.5,1.15,2.0,1,0
4108,2720.0,1200.0,43.8,37.0,23.55,98.2,1.76,1.0,1,1
7134,2682.0,526.0,43.6,50.0,4.4,93.4,1.51,2.0,0,0
3255,2055.0,752.0,37.8,16.0,11.8,93.2,1.32,2.0,1,1
2690,3548.0,865.0,27.9,15.0,12.5,94.3,1.58,2.0,0,1
6620,2706.0,881.0,53.3,3.0,3.3,96.7,2.08,2.0,0,0
1319,2082.0,647.0,11.6,14.0,4.5,88.3,1.16,2.0,0,1
8891,2257.0,1036.0,27.8,4.0,17.6,92.7,1.02,2.0,1,0
4687,1778.0,1380.0,41.3,2.0,3.8,90.7,1.34,2.0,0,1
5470,2587.0,849.0,44.6,32.0,7.0,94.8,1.5,2.0,0,1
5608,1461.0,526.0,25.9,1.0,11.0,99.0,1.79,2.0,0,1
3475,2379.0,866.0,14.0,15.0,2.5,92.6,0.78,2.0,1,1
3505,2246.0,1270.0,9.7,17.0,13.3,94.5,1.74,2.0,1,1
2477,2500.0,1202.0,3.1,34.0,17.8,91.3,1.5,2.0,0,1
8288,1798.0,855.0,50.3,26.0,6.5,94.3,0.92,2.0,1,0
5906,1584.0,968.0,36.2,43.0,8.9,88.9,1.17,2.0,0,1
8343,2698.0,1145.0,24.7,1.0,3.4,92.5,1.51,2.0,1,0
8874,2078.0,662.0,17.4,8.0,7.4,90.1,2.05,2.0,1,0
1874,1647.0,957.0,45.2,74.5,5.9,90.3,0.85,2.0,0,1
7605,2778.0,410.0,17.0,4.0,23.55,93.0,1.29,2.0,1,0
4239,1851.0,200.0,16.6,24.0,9.0,95.6,1.35,2.0,1,1
2904,1164.0,626.0,33.8,53.0,2.0,92.9,1.49,2.0,1,1
570,2119.0,702.0,40.4,74.5,19.0,91.9,1.37,1.0,0,1
1448,1733.0,764.0,44.3,33.0,5.1,92.9,1.15,2.0,0,1
4801,1886.0,781.0,14.6,74.5,15.9,90.6,1.67,2.0,0,1
7829,2415.0,905.0,43.0,8.0,1.8,98.8,1.97,2.0,1,0
5118,2019.0,748.0,43.2,8.0,14.5,93.3,0.91,2.0,0,1
6698,1577.0,1146.0,15.1,14.0,8.3,96.9,1.37,2.0,0,0
5253,1627.0,948.0,15.1,50.0,11.0,91.7,1.83,2.0,0,1
3226,1094.0,863.0,10.5,25.0,5.0,93.6,1.57,2.0,1,1
8766,2318.0,399.0,36.3,44.0,23.55,92.2,0.85,2.0,1,0
3978,2107.0,287.0,15.9,5.0,2.9,88.7,1.44,2.0,1,1
6151,1880.0,846.0,42.5,29.0,0.5,94.7,1.27,2.0,0,0
3539,2388.0,903.0,37.6,11.0,3.6,91.7,1.41,2.0,1,1
5665,2799.0,1465.0,23.6,12.0,8.3,90.3,1.55,2.0,0,1
2827,1976.0,1081.0,36.6,10.0,7.9,95.8,1.45,2.0,1,1
5430,1612.0,952.0,19.2,10.0,10.4,91.9,1.9,2.0,0,1
1338,1360.0,293.0,56.2,10.0,0.8,88.3,1.52,1.0,0,1
3262,1655.0,855.0,4.3,15.0,3.5,91.0,1.39,2.0,1,1
5148,1169.0,221.0,43.6,6.0,5.6,87.4,1.51,2.0,0,1
650,2131.0,544.0,28.2,37.0,5.0,98.5,1.1,2.0,0,1
2902,2085.0,831.0,14.3,40.0,21.7,87.2,1.27,2.0,1,1
2258,1588.0,200.0,41.4,37.0,0.8,95.1,1.53,2.0,0,1
6017,1067.0,318.0,28.6,11.0,4.0,88.4,0.68,2.0,0,0
8091,2465.0,773.0,18.0,20.0,1.8,88.7,1.67,2.0,1,0
8057,2267.0,967.0,12.0,8.0,23.55,92.7,1.41,2.0,1,0
4429,2025.0,964.0,15.6,1.0,17.2,90.3,1.5,2.0,1,1
7475,2105.0,487.0,35.1,1.0,7.5,99.0,1.36,2.0,1,0
6939,1540.0,477.0,26.0,31.0,2.4,91.1,1.34,2.0,0,0
2584,2522.0,696.0,4.6,13.0,4.5,92.8,1.76,2.0,0,1
3196,1734.0,277.0,16.4,39.0,0.5,87.7,1.5,2.0,1,1
6178,961.0,200.0,17.1,7.0,10.3,96.8,1.16,2.0,0,0
4329,1117.0,620.0,22.4,31.0,14.6,96.2,1.45,2.0,1,1
1258,2211.0,988.0,50.3,28.0,9.2,93.6,1.15,2.0,0,1
4246,2018.0,1075.0,59.3,6.0,9.1,94.6,1.19,2.0,1,1
991,2423.0,624.0,34.6,27.0,8.7,92.9,1.4,2.0,0,1
3504,1336.0,735.0,31.2,74.5,8.4,91.8,1.43,2.0,1,1
113,2238.0,1415.0,21.4,14.0,23.55,91.5,1.89,1.0,0,1
919,2367.0,1129.0,20.1,74.5,4.2,99.0,1.54,2.0,0,1
2509,1739.0,1250.0,24.7,4.0,0.7,95.6,0.78,2.0,0,1
8460,2306.0,927.0,45.8,34.0,12.0,91.9,2.02,2.0,1,0
7176,2527.0,786.0,55.7,6.0,0.5,92.9,1.16,2.0,0,0
4382,1375.0,362.0,47.5,10.0,5.9,90.7,0.95,2.0,1,1
949,2613.0,850.0,7.6,9.0,20.1,90.4,0.94,2.0,0,1
4613,2251.0,1071.0,5.8,1.0,0.9,87.8,1.34,2.0,0,1
3770,1283.0,1302.0,63.8,34.0,0.9,96.1,1.25,2.0,1,1
7435,1058.0,285.0,34.2,42.0,6.0,95.8,0.69,2.0,1,0
2850,2287.0,1344.0,25.2,24.0,12.0,92.1,1.5,2.0,1,1
5219,1859.0,477.0,57.4,7.0,9.6,89.8,1.38,2.0,0,1
4317,1686.0,200.0,38.5,34.0,12.9,96.4,1.18,1.0,1,1
7977,1328.0,667.0,21.4,26.0,2.3,98.9,1.18,2.0,1,0
6696,1984.0,387.0,28.5,23.0,7.4,91.4,1.38,2.0,0,0
2505,1480.0,226.0,33.9,10.0,0.5,90.5,1.74,2.0,0,1
1114,2135.0,379.0,22.3,15.0,15.4,96.1,0.95,2.0,0,1
8608,2003.0,1414.0,21.8,2.0,0.5,91.4,1.52,2.0,1,0
298,2727.0,785.0,35.8,69.0,1.7,95.2,0.87,2.0,0,1
1675,2160.0,655.0,45.2,1.0,3.3,98.5,1.79,2.0,0,1
3347,2326.0,241.0,47.0,0.0,7.6,93.7,1.44,2.0,1,1
2735,1485.0,229.0,29.2,2.0,2.7,93.7,1.87,1.0,0,1
8787,1950.0,675.0,48.9,43.0,0.5,94.9,1.92,1.0,1,0
8206,3043.0,632.0,12.0,0.0,11.3,88.2,1.85,2.0,1,0
4678,1775.0,603.0,54.1,39.0,9.5,92.2,1.43,2.0,0,1
7797,2209.0,552.0,53.2,17.0,7.3,88.0,0.91,2.0,1,0
7983,2182.0,208.0,58.1,4.0,23.55,87.1,1.71,2.0,1,0
4416,1144.0,404.0,28.6,2.0,3.4,91.6,1.14,2.0,1,1
6310,1341.0,255.0,23.0,0.0,0.5,88.0,1.62,1.0,0,0
2103,2011.0,948.0,15.2,5.0,8.6,91.9,1.66,2.0,0,1
5277,1732.0,497.0,14.9,2.0,6.1,92.4,1.71,2.0,0,1
5446,1413.0,200.0,9.4,4.0,1.8,92.6,1.54,2.0,0,1
5982,3402.0,1205.0,10.8,22.0,0.5,98.4,1.27,2.0,0,1
1837,1554.0,1053.0,26.2,5.0,17.5,92.2,2.1,2.0,0,1
6351,1538.0,602.0,26.2,74.5,1.5,89.6,1.64,2.0,0,0
8651,1356.0,472.0,30.7,2.0,7.5,93.9,1.31,2.0,1,0
6562,1559.0,645.0,15.7,40.0,4.4,89.5,1.14,2.0,0,0
607,2161.0,326.0,35.2,40.0,1.7,90.1,1.8,2.0,0,1
1093,1930.0,1510.0,23.4,9.0,4.5,92.4,1.23,2.0,0,1
4371,2754.0,574.0,5.6,30.0,9.0,91.4,1.69,2.0,1,1
5100,1816.0,416.0,4.5,7.0,8.4,92.8,1.51,2.0,0,1
7932,2006.0,731.0,47.0,35.0,13.7,92.2,0.96,2.0,1,0
160,2588.0,942.0,38.0,13.0,20.5,95.8,1.06,1.0,0,1
203,1291.0,292.0,36.3,26.0,4.9,89.3,0.82,2.0,0,1
5672,1962.0,746.0,38.0,74.5,10.5,99.0,1.81,2.0,0,1
4742,2714.0,361.0,27.0,10.0,5.6,91.7,1.26,2.0,0,1
2934,2428.0,608.0,18.0,74.5,17.9,98.0,1.42,2.0,1,1
5888,1788.0,256.0,23.4,10.0,3.0,94.7,1.23,2.0,0,1
2435,1505.0,289.0,10.0,57.0,0.8,87.3,1.65,2.0,0,1
1230,1246.0,200.0,29.3,8.0,0.5,96.1,1.52,2.0,0,1
7434,1573.0,487.0,8.9,15.0,1.5,90.9,1.92,2.0,1,0
8791,2366.0,368.0,55.0,12.0,1.6,92.8,1.84,2.0,1,0
8685,1261.0,650.0,32.0,0.0,0.5,91.6,0.61,2.0,1,0
4610,2341.0,678.0,16.7,5.0,23.55,98.8,1.17,2.0,0,1
6165,2027.0,776.0,10.7,28.0,13.5,91.2,1.36,2.0,0,0
5162,1352.0,1174.0,22.2,23.0,12.1,93.0,1.07,2.0,0,1
4251,3566.625,1384.0,15.8,0.0,9.8,99.0,1.39,2.0,1,1
7922,1977.0,455.0,23.1,6.0,3.1,86.7,1.22,2.0,1,0
4034,1708.0,873.0,18.4,1.0,9.6,91.5,1.1,2.0,1,1
6513,1274.0,839.0,6.8,74.5,7.0,99.0,1.53,2.0,0,0
4771,1986.0,1014.0,20.1,0.0,5.6,89.2,1.15,2.0,0,1
3877,1544.0,489.0,19.4,20.0,2.2,91.1,1.53,2.0,1,1
4376,2031.0,973.0,44.0,28.0,1.3,92.8,1.5,2.0,1,1
857,3141.0,1084.0,3.2,1.0,4.2,91.7,0.91,2.0,0,1
8048,1187.0,200.0,9.5,74.5,7.5,88.8,1.03,1.0,1,0
6889,995.0,1050.0,9.4,25.0,3.2,99.0,1.8,2.0,0,0
2561,2913.0,1283.0,36.2,28.0,23.55,86.8,1.14,2.0,0,1
3801,1615.0,200.0,51.7,25.0,12.0,88.5,1.75,2.0,1,1
2640,1580.0,467.0,55.5,14.0,9.5,96.3,1.72,2.0,0,1
4509,3096.0,898.0,38.6,4.0,4.2,87.1,1.33,2.0,0,1
2347,2423.0,991.0,21.7,8.0,1.4,96.0,1.45,2.0,0,1
6653,3532.0,818.0,11.9,38.0,9.0,92.8,1.39,2.0,0,0
2781,2064.0,200.0,34.1,5.0,0.7,90.7,1.7,2.0,1,1
4556,2403.0,1218.0,11.2,30.0,1.3,92.3,1.42,2.0,0,1
8531,1503.0,586.0,16.2,36.0,11.9,91.9,1.03,2.0,1,0
7438,1728.0,1459.0,16.2,0.0,8.1,97.0,1.03,2.0,1,0
615,2099.0,868.0,6.2,1.0,3.1,90.7,1.4,2.0,0,1
7007,2086.0,367.0,16.3,12.0,23.55,92.6,1.17,2.0,0,0
2575,1427.0,200.0,12.7,20.0,11.0,90.9,1.2,2.0,0,1
7484,1812.0,516.0,58.4,27.0,21.3,95.9,1.06,2.0,1,0
3340,1933.0,704.0,7.2,4.0,12.1,96.7,1.4,2.0,1,1
5669,2239.0,703.0,48.6,20.0,2.1,91.6,1.61,2.0,0,1
1705,1140.0,411.0,25.3,9.0,8.6,84.2,1.76,1.0,0,1
6953,1111.0,277.0,53.8,14.0,1.8,95.2,1.24,2.0,0,0
4404,1994.0,767.0,15.6,5.0,0.5,92.0,1.49,2.0,1,1
1493,2158.0,840.0,56.7,21.0,11.1,87.8,1.91,2.0,0,1
8965,1377.0,528.0,6.4,20.0,3.6,95.2,1.52,2.0,1,0
4537,1852.0,503.0,65.6,46.0,8.4,94.1,1.16,2.0,0,1
803,982.0,200.0,24.0,10.0,7.6,94.8,1.77,2.0,0,1
8990,1585.0,200.0,20.6,3.0,2.7,93.0,2.03,2.0,1,0
5722,1240.0,596.0,13.0,34.0,1.8,84.7,1.58,2.0,0,1
990,1318.0,521.0,26.6,12.0,5.9,87.4,1.7,2.0,0,1
6597,3197.0,1660.0,7.7,47.0,4.1,93.2,1.42,1.0,0,0
5998,961.0,257.0,25.3,6.0,2.0,96.0,1.5,2.0,0,1
7602,1239.0,200.0,25.9,17.0,20.4,90.4,0.86,2.0,1,0
3513,1513.0,484.0,59.3,16.0,4.0,92.6,1.44,2.0,1,1
4414,1906.0,200.0,51.5,22.0,0.5,92.2,1.68,2.0,1,1
6927,2237.0,912.0,6.2,16.0,5.2,83.54999999999998,1.61,2.0,0,0
219,1305.0,200.0,38.0,2.0,4.2,98.7,0.78,2.0,0,1
4464,1956.0,1084.0,36.2,7.0,0.6,92.7,1.42,2.0,1,1
1288,3566.625,1242.0,60.7,7.0,2.9,93.2,1.1,2.0,0,1
3163,1167.0,789.0,35.9,1.0,0.8,97.4,1.75,2.0,1,1
2618,3566.625,1656.0,6.9,22.0,12.8,94.1,1.36,2.0,0,1
3612,3122.0,608.0,25.7,29.0,5.8,93.2,1.86,2.0,1,1
43,2393.0,624.0,19.2,52.0,12.4,89.9,1.49,2.0,0,1
6770,720.0,971.0,39.0,20.0,0.5,96.2,0.81,1.0,0,0
3792,1844.0,1073.0,19.0,26.0,0.5,90.7,1.16,2.0,1,1
3571,1775.0,539.0,31.9,29.0,3.6,97.1,1.63,2.0,1,1
7096,2576.0,1338.0,20.7,5.0,1.2,93.5,1.58,2.0,0,0
1503,2757.0,505.0,36.7,2.0,1.4,93.9,0.7,2.0,0,1
4477,1658.0,526.0,44.9,3.0,20.8,99.0,0.94,2.0,0,1
8846,2544.0,1133.0,17.4,3.0,2.9,89.3,1.33,2.0,1,0
3439,2162.0,569.0,12.6,8.0,17.2,98.7,1.48,1.0,1,1
1892,2276.0,1435.0,14.1,60.0,13.1,92.2,1.02,2.0,0,1
8384,1103.0,412.0,30.2,26.0,1.8,90.4,1.63,2.0,1,0
8087,1123.0,631.0,4.3,5.0,5.0,90.6,1.07,2.0,1,0
5045,2289.0,846.0,7.8,2.0,23.55,92.1,1.42,2.0,0,1
1505,3078.0,1148.0,71.1,13.0,6.8,92.0,1.13,2.0,0,1
670,1668.0,680.0,42.1,58.0,5.1,89.7,1.35,2.0,0,1
7828,1660.0,848.0,52.7,49.0,2.8,90.4,0.75,2.0,1,0
5685,1776.0,842.0,34.8,21.0,9.5,92.2,1.43,2.0,0,1
897,1510.0,480.0,35.6,21.0,5.5,89.6,1.54,2.0,0,1
4978,2677.0,1103.0,35.7,8.0,23.55,91.9,0.85,2.0,0,1
2666,3566.625,1604.0,45.9,10.0,11.7,89.9,1.95,2.0,0,1
3193,1825.0,913.0,10.3,40.0,1.2,95.5,1.84,2.0,1,1
2890,1414.0,558.0,29.2,3.0,15.4,90.6,1.33,2.0,1,1
8181,1269.0,200.0,45.5,74.5,4.7,96.0,0.98,2.0,1,0
4836,2070.0,895.0,18.6,74.5,11.8,89.8,1.14,2.0,0,1
6379,961.0,371.0,18.0,41.0,8.6,94.9,1.21,2.0,0,0
7467,1166.0,701.0,12.3,5.0,18.5,95.5,0.59,2.0,1,0
2370,2776.0,1196.0,4.3,16.0,0.5,83.54999999999998,1.42,2.0,0,1
6362,1309.0,796.0,42.1,56.0,3.4,95.6,1.35,2.0,0,0
1769,1114.0,200.0,7.3,18.0,4.4,96.9,1.66,2.0,0,1
7121,1873.0,508.0,24.0,8.0,14.6,98.4,1.48,2.0,0,0
4851,2318.0,1199.0,7.0,74.5,0.5,90.1,2.17,2.0,0,1
531,2406.0,1172.0,13.6,19.0,1.1,88.2,1.02,2.0,0,1
8428,2640.0,996.0,42.7,65.0,16.6,88.9,1.51,2.0,1,0
7388,1491.0,1259.0,16.5,7.0,8.5,92.4,1.71,2.0,1,0
7054,1314.0,200.0,54.4,48.0,10.7,90.0,1.26,2.0,0,0
7967,1521.0,257.0,11.4,25.0,3.1,90.8,1.59,2.0,1,0
8022,1682.0,789.0,73.6625,4.0,1.9,97.7,1.56,2.0,1,0
731,1750.0,200.0,3.2,31.0,4.0,91.8,1.18,2.0,0,1
3406,2266.0,400.0,29.1,14.0,6.5,99.0,0.83,2.0,1,1
2339,1543.0,1166.0,6.0,56.0,7.8,98.3,1.08,2.0,0,1
4872,1676.0,200.0,12.6,1.0,2.8,94.5,1.98,2.0,0,1
4701,2399.0,1278.0,36.6,21.0,1.4,94.4,2.02,2.0,0,1
2565,1133.0,200.0,41.3,74.5,3.0,99.0,0.87,2.0,0,1
6213,752.0,200.0,53.9,22.0,14.5,94.4,1.07,2.0,0,0
8270,1515.0,367.0,51.6,9.0,1.9,94.3,1.19,2.0,1,0
5412,1049.0,444.0,17.5,60.0,19.4,90.8,1.34,2.0,0,1
5637,2056.0,1192.0,11.7,41.0,1.6,96.0,1.15,2.0,0,1
4417,1760.0,934.0,36.5,30.0,1.6,95.4,1.6,2.0,1,1
7306,1893.0,882.0,25.8,14.0,21.0,93.1,1.6,2.0,1,0
7947,1028.0,720.0,53.9,16.0,9.3,91.2,0.65,1.0,1,0
1255,1712.0,583.0,41.9,34.0,2.8,95.4,1.38,2.0,0,1
2104,1062.0,200.0,6.7,17.0,0.9,93.1,1.01,2.0,0,1
5395,2616.0,509.0,34.6,67.0,4.9,93.4,1.39,2.0,0,1
5014,2053.0,848.0,31.9,56.0,8.1,91.6,1.28,2.0,0,1
8223,1486.0,200.0,35.6,63.0,4.5,90.4,1.74,2.0,1,0
7908,1884.0,699.0,56.2,19.0,3.2,94.2,1.54,2.0,1,0
7177,1717.0,549.0,30.1,32.0,0.6,86.5,0.7,2.0,0,0
3484,2346.0,1501.0,46.7,56.0,6.3,85.6,1.81,2.0,1,1
8539,2000.0,200.0,28.3,45.0,5.7,91.7,1.21,2.0,1,0
3816,1841.0,201.0,41.8,20.0,0.9,99.0,0.7,2.0,1,1
5559,1596.0,641.0,35.8,23.0,0.5,89.5,1.26,2.0,0,1
7039,3232.0,1371.0,22.3,12.0,11.5,93.3,2.1,2.0,0,0
6304,3157.0,486.0,18.4,1.0,2.7,94.3,1.23,2.0,0,0
4469,1997.0,633.0,28.0,23.0,6.2,94.3,2.09,2.0,1,1
1621,1311.0,550.0,24.5,74.5,21.6,91.9,1.0,2.0,0,1
8479,1370.0,616.0,10.9,17.0,2.0,93.1,1.08,2.0,1,0
6013,1908.0,879.0,51.9,1.0,8.7,92.2,1.75,2.0,0,0
5028,3220.0,984.0,31.6,42.0,8.1,91.0,1.18,2.0,0,1
7813,3439.0,1275.0,46.8,74.5,8.3,96.8,1.79,2.0,1,0
1096,1035.0,200.0,9.2,22.0,7.4,91.1,1.49,2.0,0,1
5131,2740.0,752.0,45.9,15.0,8.3,93.3,1.56,2.0,0,1
8603,2227.0,1232.0,21.9,17.0,1.0,90.8,1.35,2.0,1,0
2463,3566.625,1801.5,20.2,5.0,7.1,90.1,1.44,2.0,0,1
8798,2451.0,789.0,47.6,55.0,7.4,87.9,2.1,2.0,1,0
1788,2890.0,905.0,33.6,74.5,1.3,86.5,0.83,2.0,0,1
7104,3089.0,750.0,44.7,0.0,2.2,88.1,0.84,2.0,0,0
4988,1700.0,872.0,22.4,14.0,6.7,96.6,1.64,2.0,0,1
4999,1800.0,1139.0,12.7,34.0,3.5,93.7,1.09,2.0,0,1
192,869.0,200.0,22.3,32.0,23.55,86.3,1.55,2.0,0,1
820,2098.0,740.0,38.8,19.0,22.9,94.9,0.91,2.0,0,1
4602,1103.0,448.0,29.2,1.0,4.8,86.5,1.57,2.0,0,1
6795,2198.0,261.0,34.2,23.0,10.2,91.7,1.61,2.0,0,0
5992,2041.0,704.0,33.2,2.0,1.7,93.9,1.84,2.0,0,1
4166,3442.0,1446.0,5.4,26.0,2.5,88.7,1.59,2.0,1,1
2687,2210.0,595.0,15.2,28.0,6.5,92.4,1.63,2.0,0,1
7295,1225.0,200.0,3.8,23.0,11.3,88.7,1.81,2.0,1,0
6009,2795.0,1801.5,15.3,13.0,10.1,94.3,0.94,2.0,0,0
4813,1195.0,468.0,25.2,18.0,3.6,93.7,1.95,2.0,0,1
5426,1708.0,771.0,47.5,74.5,1.6,90.8,1.48,1.0,0,1
2607,1911.0,274.0,16.3,74.5,3.1,99.0,0.95,2.0,0,1
5994,3566.625,1801.5,25.2,1.0,1.7,89.0,0.95,2.0,0,1
238,2048.0,1044.0,16.1,2.0,11.8,93.6,1.84,2.0,0,1
4015,809.0,200.0,10.9,0.0,19.4,92.1,1.96,2.0,1,1
8328,1359.0,706.0,36.1,10.0,4.4,96.6,1.86,2.0,1,0
2977,3418.0,1422.0,46.4,74.5,1.4,84.1,1.08,2.0,1,1
5649,2049.0,854.0,25.5,8.0,23.55,86.0,1.02,2.0,0,1
5271,1745.0,1297.0,37.7,10.0,3.7,91.5,1.24,2.0,0,1
945,1748.0,682.0,17.1,17.0,3.1,96.4,1.29,2.0,0,1
5170,1358.0,762.0,41.5,26.0,1.5,98.1,1.8,2.0,0,1
6177,1903.0,771.0,42.1,41.0,0.5,96.3,1.23,2.0,0,0
5632,1869.0,878.0,18.7,10.0,6.0,98.3,1.42,2.0,0,1
7249,1077.0,313.0,32.0,22.0,4.8,95.4,1.48,2.0,1,0
3552,2619.0,643.0,13.1,4.0,4.0,93.2,2.0,1.0,1,1
8064,2574.0,862.0,6.3,24.0,2.1,99.0,0.95,2.0,1,0
3360,1002.0,679.0,71.9,1.0,9.4,98.2,1.51,2.0,1,1
4474,1420.0,884.0,46.0,54.0,17.9,93.9,1.08,2.0,1,1
2410,1830.0,477.0,37.9,20.0,0.5,91.2,1.84,2.0,0,1
7038,2021.0,512.0,7.5,20.0,1.1,90.0,1.1,2.0,0,0
3982,1148.0,581.0,5.5,31.0,11.1,93.7,1.39,2.0,1,1
146,1705.0,622.0,35.6,7.0,1.6,91.4,1.15,2.0,0,1
5358,1743.0,1128.0,17.4,35.0,3.0,92.2,0.5,2.0,0,1
2294,1838.0,1015.0,32.3,5.0,23.55,94.4,2.06,2.0,0,1
7207,2186.0,866.0,41.7,14.0,6.9,93.1,1.27,2.0,0,0
3611,2901.0,1107.0,26.3,18.0,4.2,86.6,1.66,2.0,1,1
1736,2523.0,1257.0,7.1,0.0,11.7,90.2,1.2,2.0,0,1
6159,2271.0,200.0,20.4,8.0,3.0,91.7,2.21,2.0,0,0
114,2309.0,796.0,15.2,12.0,5.2,99.0,1.4,2.0,0,1
7744,781.0,200.0,9.5,33.0,16.0,94.1,1.76,2.0,1,0
4553,1347.0,619.0,17.1,0.0,7.6,88.2,1.65,2.0,0,1
498,2584.0,967.0,17.2,17.0,10.0,95.7,1.47,2.0,0,1
720,2111.0,375.0,30.2,18.0,9.7,90.9,1.45,2.0,0,1
5780,1101.0,214.0,6.0,57.0,8.9,98.5,1.85,2.0,0,1
3089,2251.0,1617.0,12.3,74.5,23.55,90.4,1.69,2.0,1,1
5816,2413.0,868.0,16.8,24.0,2.2,91.4,1.1,2.0,0,1
5875,2013.0,762.0,32.1,0.0,2.4,90.9,1.75,2.0,0,1
596,966.0,436.0,9.4,27.0,10.2,95.1,1.49,2.0,0,1
8279,2465.0,298.0,14.2,11.0,2.0,91.9,1.16,2.0,1,0
8757,1974.0,722.0,26.8,36.0,1.5,90.1,1.42,2.0,1,0
1647,1448.0,960.0,21.2,11.0,10.4,93.8,0.99,2.0,0,1
8857,1261.0,1035.0,20.3,7.0,9.3,90.1,0.92,1.0,1,0
2700,1546.0,612.0,46.6,7.0,0.5,94.9,1.03,2.0,0,1
5963,1272.0,886.0,11.7,11.0,0.7,90.7,0.94,2.0,0,1
1700,1678.0,481.0,29.2,18.0,9.0,94.5,1.78,2.0,0,1
7886,1227.0,207.0,6.2,20.0,1.5,91.7,1.64,2.0,1,0
5810,1504.0,795.0,31.3,53.0,2.5,91.4,2.19,2.0,0,1
4772,1761.0,741.0,60.0,67.0,0.7,96.9,1.2,2.0,0,1
2942,3566.625,693.0,22.8,12.0,1.1,93.0,1.55,2.0,1,1
5074,2086.0,550.0,14.2,13.0,4.0,94.0,1.52,2.0,0,1
86,1615.0,216.0,40.4,11.0,3.7,99.0,1.52,1.0,0,1
2308,1952.0,885.0,24.7,18.0,2.2,90.1,1.1,2.0,0,1
2677,2951.0,823.0,47.4,3.0,11.6,90.8,1.4,2.0,0,1
8616,1805.0,250.0,37.3,23.0,8.2,87.6,1.61,2.0,1,0
6216,2152.0,1294.0,34.8,21.0,7.6,91.4,1.68,2.0,0,0
2594,1228.0,1119.0,27.8,2.0,5.9,89.0,1.38,2.0,0,1
8109,1265.0,771.0,15.6,34.0,0.5,93.0,1.41,2.0,1,0
1029,2012.0,1107.0,7.7,0.0,6.7,91.6,1.44,2.0,0,1
136,1346.0,761.0,57.5,21.0,12.8,95.9,1.17,2.0,0,1
5502,2478.0,1159.0,48.2,3.0,0.5,94.8,1.39,2.0,0,1
4950,1559.0,754.0,43.7,37.0,9.3,92.4,1.45,2.0,0,1
7726,1371.0,595.0,57.3,25.0,9.2,93.7,1.32,2.0,1,0
4409,2450.0,899.0,15.5,14.0,8.3,96.4,1.65,2.0,1,1
1200,1938.0,875.0,48.5,7.0,6.7,91.3,1.38,2.0,0,1
8562,1195.0,200.0,9.2,7.0,18.9,91.8,0.94,1.0,1,0
5312,2272.0,268.0,43.5,3.0,9.4,93.1,0.93,2.0,0,1
566,1451.0,897.0,46.8,21.0,2.6,93.3,1.63,2.0,0,1
5847,1646.0,497.0,61.8,4.0,2.7,94.1,1.37,2.0,0,1
3927,2436.0,928.0,10.7,25.0,9.1,86.8,0.74,2.0,1,1
8339,3016.0,758.0,30.6,49.0,0.5,90.9,1.42,2.0,1,0
7289,1064.0,216.0,29.1,20.0,3.4,93.7,1.23,2.0,1,0
4564,1608.0,489.0,56.5,9.0,3.1,93.7,1.33,2.0,0,1
5294,1921.0,788.0,73.6625,45.0,4.1,92.5,1.63,2.0,0,1
5260,2592.0,1378.0,48.0,21.0,0.8,95.9,1.99,2.0,0,1
6710,1552.0,682.0,13.4,8.0,14.8,89.2,1.98,2.0,0,0
2330,2148.0,747.0,32.8,74.5,2.4,92.9,2.09,2.0,0,1
3515,2611.0,200.0,35.1,24.0,4.3,93.8,0.5,1.0,1,1
2187,2686.0,1103.0,9.5,22.0,4.2,97.6,1.04,2.0,0,1
195,1123.0,429.0,5.1,11.0,13.9,87.8,2.06,2.0,0,1
4567,1952.0,627.0,17.6,2.0,23.55,94.2,1.06,2.0,0,1
802,2598.0,644.0,49.0,35.0,5.7,88.8,1.06,2.0,0,1
7299,2201.0,429.0,49.7,18.0,4.4,91.8,1.23,2.0,1,0
6343,1244.0,377.0,7.6,6.0,4.3,94.2,1.6,2.0,0,0
2068,1043.0,653.0,33.6,2.0,21.1,99.0,0.87,2.0,0,1
5873,1595.0,644.0,14.0,4.0,17.0,95.5,1.61,2.0,0,1
8639,2549.0,1103.0,18.7,9.0,19.6,89.2,1.83,2.0,1,0
644,2403.0,1288.0,13.7,54.0,4.7,93.4,1.5,2.0,0,1
8960,2809.0,943.0,34.1,23.0,19.5,92.2,1.29,2.0,1,0
6820,1177.0,539.0,33.4,74.5,2.0,92.6,1.46,2.0,0,0
120,2059.0,200.0,40.9,74.5,6.3,89.3,1.34,2.0,0,1
2981,1761.0,616.0,50.9,10.0,1.2,92.3,1.54,2.0,1,1
3074,1580.0,256.0,49.6,50.0,5.7,94.1,1.71,1.0,1,1
7862,1660.0,200.0,51.5,2.0,6.1,90.8,1.44,2.0,1,0
3278,3566.625,1291.0,30.4,15.0,13.3,94.2,1.81,2.0,1,1
2135,3083.0,1145.0,19.3,23.0,2.4,91.8,1.3,2.0,0,1
4990,1801.0,467.0,19.2,74.5,17.8,86.2,1.2,2.0,0,1
134,3068.0,750.0,3.6,35.0,10.4,95.6,1.84,2.0,0,1
6218,1289.0,970.0,56.1,41.0,2.3,94.3,1.84,2.0,0,0
8673,1682.0,1301.0,22.7,3.0,0.5,90.6,1.68,2.0,1,0
2559,2729.0,537.0,19.5,3.0,0.5,95.6,1.15,2.0,0,1
62,1401.0,200.0,23.9,1.0,0.8,91.8,1.72,2.0,0,1
1358,2692.0,494.0,52.8,7.0,17.7,92.7,2.1,2.0,0,1
4685,1124.0,200.0,8.8,22.0,3.6,91.2,1.37,2.0,0,1
2467,1478.0,617.0,48.6,16.0,8.5,94.4,1.02,2.0,0,1
679,1187.0,451.0,19.5,7.0,4.4,91.4,1.29,2.0,0,1
5473,2056.0,510.0,18.8,26.0,8.3,90.8,1.93,2.0,0,1
741,1490.0,447.0,46.1,21.0,12.8,87.0,1.18,2.0,0,1
5968,1277.0,200.0,43.6,25.0,17.1,87.5,1.21,2.0,0,1
3641,1692.0,442.0,19.0,2.0,3.8,99.0,1.15,2.0,1,1
8711,1505.0,200.0,29.9,7.0,3.4,90.4,1.3,2.0,1,0
8144,1822.0,1183.0,33.9,37.0,5.3,96.0,1.46,2.0,1,0
3258,2091.0,391.0,11.2,7.0,0.5,90.1,1.05,2.0,1,1
1873,1520.0,503.0,7.3,38.0,2.8,89.6,1.66,2.0,0,1
2596,2150.0,756.0,42.0,4.0,23.55,91.3,1.02,2.0,0,1
1717,1392.0,446.0,22.3,49.0,23.55,98.2,1.95,2.0,0,1
8112,2022.0,333.0,10.0,10.0,14.6,94.0,1.86,2.0,1,0
2843,2296.0,525.0,18.0,2.0,5.2,92.5,1.8,2.0,1,1
4027,2731.0,1540.0,28.6,22.0,12.0,93.5,1.08,2.0,1,1
7360,1802.0,200.0,48.3,2.0,0.5,91.9,1.54,2.0,1,0
6459,1302.0,559.0,62.1,68.0,3.3,92.7,1.47,2.0,0,0
6747,1570.0,590.0,18.7,8.0,0.7,97.3,2.13,2.0,0,0
489,1674.0,378.0,21.2,8.0,5.9,91.0,0.83,2.0,0,1
493,1185.0,343.0,30.9,14.0,7.1,90.4,1.29,2.0,0,1
690,1310.0,980.0,8.6,63.0,11.4,93.0,1.29,2.0,0,1
3821,3129.0,1288.0,18.6,2.0,4.6,92.9,1.38,2.0,1,1
602,2116.0,485.0,24.2,15.0,5.3,88.3,1.53,2.0,0,1
1911,1440.0,708.0,6.7,35.0,1.3,89.5,1.22,1.0,0,1
6752,1540.0,606.0,33.7,1.0,3.1,90.9,1.35,2.0,0,0
5613,1313.0,558.0,54.4,63.0,2.6,93.2,0.73,2.0,0,1
6956,2653.0,537.0,57.7,74.5,4.8,93.5,1.46,2.0,0,0
4641,1064.0,395.0,27.2,23.0,8.9,93.5,1.36,2.0,0,1
3757,1344.0,200.0,24.6,4.0,2.0,97.0,0.96,2.0,1,1
2366,1816.0,200.0,47.6,37.0,6.4,89.1,1.61,2.0,0,1
4370,1399.0,1211.0,2.9,3.0,5.3,91.5,2.02,2.0,1,1
5885,1579.0,200.0,19.7,20.0,2.7,96.1,1.64,2.0,0,1
5650,1738.0,229.0,28.5,6.0,7.4,88.8,1.67,2.0,0,1
1361,967.0,704.0,16.9,1.0,0.9,90.8,1.43,2.0,0,1
4816,727.0,1155.0,9.8,32.0,18.5,94.4,1.71,2.0,0,1
1526,1082.0,200.0,18.9,8.0,9.3,89.0,1.94,2.0,0,1
7847,1615.0,613.0,33.9,6.0,20.5,90.1,2.26,2.0,1,0
4899,1843.0,971.0,64.7,36.0,1.9,97.3,1.67,1.0,0,1
7371,820.0,591.0,16.0,20.0,4.5,94.7,0.78,2.0,1,0
1551,1993.0,708.0,30.6,17.0,1.9,95.5,1.18,2.0,0,1
5048,2485.0,780.0,19.9,46.0,23.55,92.5,1.22,2.0,0,1
8717,2198.0,202.0,35.9,19.0,18.9,87.2,1.35,2.0,1,0
1337,1374.0,200.0,45.9,3.0,4.9,91.2,1.29,2.0,0,1
3901,700.0,489.0,7.9,51.0,2.7,90.8,1.46,2.0,1,1
3010,2515.0,1198.0,11.3,48.0,9.0,92.0,1.33,2.0,1,1
7690,902.0,771.0,14.1,3.0,5.0,90.9,1.06,2.0,1,0
2250,2327.0,987.0,59.3,31.0,6.0,90.8,1.19,2.0,0,1
2346,1986.0,702.0,38.1,54.0,15.1,96.5,1.18,2.0,0,1
8346,1323.0,200.0,13.2,39.0,12.3,92.1,1.52,2.0,1,0
2784,2774.0,404.0,25.2,27.0,2.9,94.8,1.23,2.0,1,1
5382,2289.0,721.0,13.6,18.0,23.55,90.4,1.54,2.0,0,1
150,2066.0,522.0,46.1,16.0,9.6,96.3,1.05,2.0,0,1
2804,1347.0,591.0,8.1,31.0,1.4,92.4,1.83,2.0,1,1
4723,1091.0,200.0,67.4,26.0,4.4,93.6,0.89,2.0,0,1
2086,1611.0,650.0,39.7,13.0,11.7,94.4,1.45,2.0,0,1
3751,1441.0,619.0,32.1,60.0,6.5,94.1,1.08,2.0,1,1
2259,2273.0,923.0,18.4,26.0,4.8,90.2,1.24,2.0,0,1
4017,2599.0,368.0,22.4,20.0,0.5,89.2,1.84,2.0,1,1
7919,1525.0,200.0,35.6,5.0,20.1,97.3,1.18,2.0,1,0
4880,1995.0,275.0,18.3,26.0,3.7,92.3,1.38,2.0,0,1
7550,1752.0,716.0,50.1,7.0,1.3,95.5,1.3,2.0,1,0
8193,1033.0,200.0,20.6,22.0,8.3,95.4,1.3,2.0,1,0
3856,1612.0,761.0,8.7,0.0,8.8,97.0,1.23,2.0,1,1
859,1716.0,200.0,33.8,32.0,9.5,94.5,1.42,2.0,0,1
6983,1493.0,809.0,36.0,53.0,5.9,88.5,1.39,2.0,0,0
6501,1295.0,563.0,43.0,18.0,0.9,91.4,1.24,2.0,0,0
8876,3456.0,925.0,29.8,18.0,7.2,95.1,1.44,2.0,1,0
7229,1124.0,683.0,33.7,74.5,1.8,89.2,1.18,2.0,1,0
7278,1685.0,1023.0,29.7,4.0,2.0,91.4,1.4,2.0,1,0
4462,1711.0,427.0,32.2,5.0,4.0,93.1,1.79,2.0,1,1
6875,2357.0,1089.0,21.1,11.0,16.1,92.7,1.41,1.0,0,0
1779,1100.0,570.0,42.6,9.0,0.5,98.6,1.76,2.0,0,1
4720,2112.0,377.0,49.1,3.0,23.55,98.8,0.99,2.0,0,1
5106,1453.0,949.0,4.2,23.0,8.3,94.9,2.07,2.0,0,1
1818,1961.0,1036.0,18.0,3.0,1.1,98.6,1.16,2.0,0,1
6271,2448.0,1090.0,36.4,4.0,2.4,85.9,1.26,2.0,0,0
2704,1022.0,200.0,24.0,31.0,0.8,91.7,0.58,2.0,0,1
175,3047.0,933.0,21.1,68.0,8.8,99.0,1.23,2.0,0,1
2093,2380.0,1133.0,21.5,16.0,23.55,98.5,1.69,2.0,0,1
7117,1237.0,335.0,35.0,74.5,2.4,92.3,0.85,2.0,0,0
3491,922.0,200.0,37.9,16.0,13.8,98.6,1.45,2.0,1,1
7844,1342.0,200.0,36.7,28.0,0.9,92.1,1.61,2.0,1,0
82,2004.0,453.0,7.8,29.0,2.0,89.0,1.27,2.0,0,1
816,1223.0,391.0,44.6,15.0,3.9,88.3,1.54,2.0,0,1
5910,1848.0,200.0,21.0,23.0,4.9,93.5,1.45,2.0,0,1
6965,2054.0,637.0,40.7,2.0,14.1,90.4,1.08,2.0,0,0
6813,1573.0,443.0,29.5,13.0,2.9,87.6,1.39,2.0,0,0
283,1216.0,407.0,45.8,4.0,1.9,96.3,1.31,2.0,0,1
7686,3196.0,1094.0,16.8,3.0,8.0,95.1,1.54,2.0,1,0
6008,1824.0,591.0,48.2,74.5,1.2,94.8,1.44,2.0,0,0
7761,1228.0,282.0,44.3,67.0,0.6,95.6,2.07,2.0,1,0
2915,1134.0,200.0,19.4,15.0,1.9,93.1,1.5,2.0,1,1
1813,3102.0,719.0,48.0,38.0,1.3,99.0,1.41,2.0,0,1
1271,1392.0,204.0,38.3,41.0,0.9,96.4,1.53,2.0,0,1
4767,1107.0,487.0,38.7,69.0,10.7,92.8,1.5,2.0,0,1
8632,2169.0,897.0,48.8,9.0,13.5,95.1,1.79,2.0,1,0
7292,1951.0,386.0,22.0,3.0,3.8,89.3,1.47,2.0,1,0
5911,1782.0,289.0,35.4,7.0,0.7,93.3,1.39,1.0,0,1
2642,1484.0,200.0,13.7,33.0,23.55,93.7,0.8,2.0,0,1
8923,1636.0,200.0,11.2,24.0,1.7,94.8,1.43,2.0,1,0
4508,1305.0,200.0,18.2,25.0,1.3,94.3,0.93,2.0,0,1
2305,1965.0,918.0,19.7,34.0,4.1,89.6,1.71,2.0,0,1
7417,2200.0,200.0,52.8,1.0,2.6,96.3,1.93,2.0,1,0
4195,2310.0,1320.0,23.4,14.0,1.1,94.6,1.06,2.0,1,1
6817,1813.0,200.0,24.7,32.0,3.1,91.9,1.5,2.0,0,0
4168,1270.0,590.0,17.9,17.0,2.3,95.1,1.06,2.0,1,1
3849,1459.0,618.0,54.3,20.0,9.7,96.0,1.27,2.0,1,1
8861,2129.0,630.0,17.7,19.0,1.5,95.9,1.43,2.0,1,0
6928,1128.0,770.0,27.5,6.0,0.5,91.0,1.55,2.0,0,0
6336,2299.0,648.0,34.7,9.0,3.1,92.9,1.45,2.0,0,0
2414,2981.0,844.0,20.1,8.0,14.0,95.9,1.56,2.0,0,1
3554,2307.0,1335.0,19.4,20.0,12.0,98.4,1.42,2.0,1,1
4498,1078.0,432.0,22.4,34.0,0.9,93.1,0.88,2.0,0,1
2195,1758.0,748.0,9.9,9.0,15.5,94.2,0.94,2.0,0,1
2600,1240.0,862.0,45.7,9.0,17.5,89.6,1.71,2.0,0,1
6868,1362.0,433.0,7.2,8.0,14.9,88.1,0.5,2.0,0,0
4314,1494.0,613.0,10.5,4.0,2.7,91.8,1.05,2.0,1,1
3366,1887.0,684.0,30.8,5.0,9.2,91.0,0.94,2.0,1,1
6741,1274.0,967.0,41.5,57.0,5.4,92.0,1.84,2.0,0,0
6401,2121.0,979.0,17.7,68.0,21.9,91.0,2.11,2.0,0,0
2633,2343.0,634.0,14.4,39.0,1.7,94.5,1.23,2.0,0,1
6578,1607.0,791.0,47.5,5.0,0.5,90.9,1.39,2.0,0,0
2434,2883.0,1321.0,73.2,39.0,15.6,98.6,0.92,2.0,0,1
6711,2464.0,1526.0,32.5,27.0,5.2,95.2,1.45,2.0,0,0
5549,1732.0,553.0,42.1,24.0,3.9,93.6,1.33,2.0,0,1
5327,1970.0,545.0,24.3,2.0,4.0,90.1,1.43,2.0,0,1
4520,1752.0,834.0,31.0,73.0,9.0,90.8,1.48,2.0,0,1
3545,3566.625,1445.0,43.6,0.0,10.7,90.6,1.53,2.0,1,1
7836,1666.0,532.0,23.2,12.0,6.9,88.3,1.38,2.0,1,0
7662,1584.0,200.0,28.1,5.0,3.4,92.0,0.73,2.0,1,0
517,1863.0,883.0,29.0,4.0,11.6,98.8,1.33,2.0,0,1
4925,1651.0,1123.0,19.9,31.0,6.8,92.3,2.03,2.0,0,1
8856,2826.0,1233.0,48.5,23.0,5.6,92.6,1.67,2.0,1,0
1415,1303.0,879.0,27.7,18.0,0.5,89.7,1.34,2.0,0,1
4456,1706.0,363.0,61.7,54.0,0.9,94.6,1.51,2.0,1,1
7815,2424.0,1049.0,25.8,14.0,23.55,93.0,2.01,2.0,1,0
127,3201.0,376.0,31.7,8.0,1.6,97.5,1.39,2.0,0,1
3474,1964.0,287.0,21.9,3.0,1.1,92.9,1.88,2.0,1,1
6407,2377.0,911.0,28.3,37.0,7.8,93.9,1.12,2.0,0,0
4310,1239.0,501.0,18.8,10.0,8.7,91.2,1.08,2.0,1,1
2438,3228.0,1261.0,64.2,37.0,8.2,87.9,1.36,2.0,0,1
3765,3231.0,1582.0,14.7,12.0,6.6,95.3,0.81,1.0,1,1
5598,2140.0,975.0,32.0,4.0,0.6,92.6,1.11,2.0,0,1
8012,3172.0,978.0,33.4,3.0,18.7,93.3,1.36,2.0,1,0
8789,2412.0,1236.0,21.3,11.0,14.3,97.7,1.44,2.0,1,0
1473,1316.0,200.0,19.5,24.0,12.2,90.4,1.91,2.0,0,1
5570,2380.0,879.0,26.8,22.0,22.3,91.0,1.23,2.0,0,1
3560,1931.0,1468.0,13.4,25.0,11.2,89.7,1.82,2.0,1,1
3951,1196.0,624.0,6.4,50.0,20.3,90.6,1.23,2.0,1,1
49,1665.0,523.0,1.3,23.0,23.55,94.9,1.24,2.0,0,1
7296,3234.0,1693.0,14.2,4.0,23.3,89.4,0.69,2.0,1,0
887,3497.0,1801.5,27.3,63.0,3.3,87.5,1.58,2.0,0,1
2616,1517.0,863.0,29.4,37.0,3.7,95.9,1.01,1.0,0,1
516,1967.0,929.0,41.0,15.0,9.7,92.9,1.73,2.0,0,1
3168,1154.0,670.0,8.5,65.0,3.7,96.2,0.84,2.0,1,1
2949,3566.625,1174.0,3.2,8.0,5.0,83.54999999999998,1.7,2.0,1,1
1424,1457.0,777.0,32.2,5.0,1.2,90.5,1.59,2.0,0,1
139,1831.0,795.0,26.9,48.0,17.8,96.9,0.92,2.0,0,1
1924,934.0,803.0,60.7,3.0,14.1,95.7,1.29,2.0,0,1
2378,1284.0,200.0,35.1,1.0,1.1,92.9,1.78,2.0,0,1
3197,1015.0,200.0,32.8,0.0,14.3,95.8,1.5,2.0,1,1
112,1729.0,419.0,2.0,60.0,8.2,96.3,1.8,1.0,0,1
4559,1720.0,218.0,34.1,45.0,5.3,89.3,0.95,2.0,0,1
4595,1650.0,589.0,29.1,1.0,9.9,94.0,1.55,2.0,0,1
3250,1065.0,275.0,15.1,26.0,12.8,90.6,1.4,2.0,1,1
8239,3460.0,1443.0,4.8,24.0,14.0,94.7,1.24,1.0,1,0
6790,1333.0,331.0,14.6,19.0,7.5,91.8,1.42,2.0,0,0
4546,1873.0,1056.0,20.9,14.0,10.7,96.6,1.28,2.0,0,1
5491,1294.0,631.0,18.9,63.0,14.2,94.5,2.08,2.0,0,1
3277,1745.0,522.0,49.1,13.0,0.9,94.1,2.24,2.0,1,1
5059,3308.0,1415.0,20.4,11.0,3.5,86.3,1.51,2.0,0,1
7518,1923.0,480.0,32.8,10.0,2.0,91.8,1.36,2.0,1,0
7896,1030.0,348.0,9.4,42.0,1.5,88.8,1.44,2.0,1,0
6952,1361.0,200.0,28.2,24.0,3.3,93.7,0.67,2.0,0,0
7267,1537.0,740.0,36.4,1.0,5.2,88.5,1.15,2.0,1,0
5933,2512.0,1276.0,50.6,24.0,6.3,94.2,0.88,2.0,0,1
3222,1919.0,896.0,7.7,24.0,23.4,90.1,0.96,2.0,1,1
6610,2264.0,449.0,19.4,6.0,3.6,91.3,1.52,2.0,0,0
451,2654.0,1374.0,21.8,64.0,5.4,91.5,1.63,2.0,0,1
3731,3566.625,1491.0,34.3,74.5,4.0,97.4,1.09,2.0,1,1
7910,1415.0,200.0,33.0,9.0,8.2,92.9,1.49,2.0,1,0
7661,1531.0,200.0,44.7,12.0,12.1,87.1,1.52,2.0,1,0
2763,2306.0,659.0,31.3,11.0,8.4,91.9,1.05,2.0,0,1
658,2432.0,843.0,38.0,25.0,2.5,95.2,1.32,2.0,0,1
6173,2657.0,1334.0,27.6,3.0,7.4,88.2,1.37,1.0,0,0
4620,2709.0,1143.0,14.2,42.0,0.5,95.8,1.67,2.0,0,1
999,1947.0,823.0,5.1,17.0,10.2,98.6,1.01,2.0,0,1
389,2270.0,683.0,29.9,4.0,8.0,98.7,1.52,2.0,0,1
3407,2622.0,612.0,40.9,13.0,23.55,87.6,1.58,2.0,1,1
1476,1905.0,200.0,30.8,19.0,4.8,90.7,1.78,2.0,0,1
2240,2117.0,200.0,14.2,7.0,7.9,94.6,1.55,2.0,0,1
2386,1504.0,393.0,26.7,74.5,3.6,91.5,1.08,2.0,0,1
8161,1746.0,200.0,44.8,28.0,23.55,87.7,1.57,2.0,1,0
3922,1774.0,212.0,19.7,23.0,3.0,91.6,1.47,2.0,1,1
2972,2034.0,532.0,10.2,74.5,10.4,92.2,1.44,2.0,1,1
3386,1512.0,578.0,1.2,5.0,6.1,91.9,1.72,2.0,1,1
1293,2159.0,891.0,37.4,46.0,20.6,92.1,1.86,2.0,0,1
1824,1467.0,873.0,36.0,16.0,5.5,94.3,1.23,2.0,0,1
2873,2597.0,973.0,24.5,11.0,0.9,89.0,1.2,2.0,1,1
4173,1626.0,482.0,22.3,29.0,10.1,91.5,1.46,2.0,1,1
2535,1645.0,864.0,23.0,13.0,0.8,99.0,1.45,2.0,0,1
8207,2318.0,825.0,11.2,42.0,0.7,88.9,1.04,2.0,1,0
1907,1338.0,200.0,44.6,12.0,0.5,90.1,1.09,2.0,0,1
6763,1458.0,506.0,27.1,1.0,8.7,96.3,1.45,2.0,0,0
368,3277.0,1069.0,9.9,6.0,1.7,96.6,0.93,2.0,0,1
1151,2334.0,971.0,1.3,26.0,1.2,99.0,0.87,2.0,0,1
8952,1122.0,490.0,26.0,2.0,14.2,89.6,1.01,2.0,1,0
5736,1681.0,200.0,47.6,16.0,23.55,97.9,0.78,2.0,0,1
6220,1690.0,396.0,32.9,4.0,2.4,88.4,1.28,2.0,0,0
6152,1520.0,320.0,1.1,4.0,0.6,89.6,1.41,2.0,0,0
6043,1556.0,542.0,24.2,55.0,7.1,90.9,1.13,2.0,0,0
4160,1737.0,200.0,27.2,37.0,11.3,97.7,1.28,2.0,1,1
4287,2489.0,1222.0,33.8,2.0,23.3,95.2,1.27,2.0,1,1
6251,1969.0,200.0,30.0,5.0,4.9,91.5,1.34,2.0,0,0
7926,1853.0,200.0,28.2,20.0,12.9,94.3,1.54,2.0,1,0
174,1868.0,1100.0,23.7,7.0,19.6,93.1,1.42,2.0,0,1
1903,1781.0,1482.0,58.7,15.0,12.5,96.4,1.64,1.0,0,1
1099,2735.0,654.0,8.6,16.0,1.0,94.5,1.82,2.0,0,1
6515,987.0,400.0,8.4,24.0,2.3,90.9,0.98,2.0,0,0
3408,1484.0,718.0,37.1,15.0,8.1,93.0,1.26,2.0,1,1
1538,983.0,207.0,12.0,74.5,3.7,91.5,0.99,2.0,0,1
2292,1754.0,761.0,41.9,22.0,20.9,93.6,1.99,1.0,0,1
8364,1379.0,489.0,43.4,74.5,2.9,92.9,0.75,2.0,1,0
1363,1452.0,1254.0,47.8,45.0,1.7,91.9,1.52,2.0,0,1
5623,1949.0,804.0,38.2,5.0,0.6,91.4,1.25,2.0,0,1
5340,2579.0,776.0,12.7,30.0,4.0,92.9,1.52,2.0,0,1
7737,1762.0,894.0,38.9,16.0,11.9,92.5,1.12,1.0,1,0
5686,2724.0,1241.0,26.0,30.0,1.9,88.8,1.57,2.0,0,1
680,2812.0,722.0,11.8,10.0,0.5,93.4,1.91,2.0,0,1
6149,2025.0,1092.0,43.0,20.0,8.7,95.8,0.73,2.0,0,0
3664,1573.0,200.0,30.6,16.0,1.8,94.4,1.4,2.0,1,1
1661,3378.0,1197.0,12.4,7.0,3.6,98.4,0.84,2.0,0,1
508,1602.0,374.0,38.2,61.0,15.9,90.6,1.0,2.0,0,1
166,1365.0,605.0,12.9,71.0,7.1,90.8,1.8,2.0,0,1
6753,3152.0,1433.0,38.7,6.0,3.7,91.1,1.53,2.0,0,0
1006,780.0,719.0,27.1,5.0,1.5,95.8,1.62,2.0,0,1
6848,873.0,200.0,15.7,31.0,0.5,96.5,0.97,2.0,0,0
7958,1787.0,279.0,12.1,74.5,7.0,89.7,1.82,2.0,1,0
3494,2288.0,851.0,25.2,3.0,19.0,96.4,1.81,1.0,1,1
6743,2954.0,1323.0,19.0,32.0,10.7,87.3,2.15,2.0,0,0
8772,2507.0,1187.0,47.9,16.0,3.6,93.8,1.38,2.0,1,0
2536,1520.0,200.0,8.4,74.5,0.5,89.5,1.81,2.0,0,1
1104,2549.0,883.0,48.4,41.0,23.55,89.9,1.04,1.0,0,1
3875,1090.0,200.0,24.3,72.0,0.5,98.9,1.59,2.0,1,1
6041,3566.625,769.0,40.4,20.0,0.9,93.1,1.97,2.0,0,0
1752,1659.0,419.0,4.3,1.0,8.4,95.9,1.59,2.0,0,1
5614,2504.0,1287.0,36.0,6.0,9.6,96.6,1.28,2.0,0,1
2916,933.0,200.0,48.1,19.0,12.9,89.2,1.32,2.0,1,1
6475,1318.0,362.0,14.6,10.0,7.9,87.2,0.94,2.0,0,0
152,3566.625,1021.0,61.7,7.0,11.8,99.0,1.06,2.0,0,1
3907,1853.0,374.0,49.9,16.0,4.4,90.1,1.49,2.0,1,1
8210,2874.0,887.0,12.1,8.0,7.2,95.3,0.74,2.0,1,0
2552,2231.0,978.0,16.8,28.0,23.55,85.6,1.46,2.0,0,1
2773,1515.0,616.0,37.0,10.0,5.6,92.7,0.9,2.0,1,1
4914,2233.0,807.0,23.9,15.0,13.5,90.6,1.62,2.0,0,1
3551,996.0,200.0,14.9,7.0,2.4,97.0,1.55,2.0,1,1
3722,2426.0,927.0,4.7,8.0,14.0,91.2,1.68,2.0,1,1
5351,3139.0,595.0,18.7,3.0,21.5,90.4,1.27,2.0,0,1
7200,1569.0,200.0,31.3,16.0,17.9,95.8,1.44,2.0,0,0
6455,3566.625,1535.0,59.3,9.0,1.9,89.2,1.5,2.0,0,0
4538,2635.0,986.0,49.5,58.0,1.8,90.5,1.44,2.0,0,1
5458,1805.0,1508.0,46.2,3.0,14.8,98.0,1.69,2.0,0,1
1822,2315.0,479.0,68.5,74.5,14.6,93.6,1.37,2.0,0,1
4086,1217.0,487.0,38.8,6.0,4.2,93.7,1.48,2.0,1,1
4955,1356.0,200.0,4.6,5.0,2.5,96.4,1.66,2.0,0,1
8842,1336.0,895.0,34.8,51.0,9.6,88.0,1.34,2.0,1,0
5894,2417.0,733.0,5.7,31.0,2.9,94.7,1.28,2.0,0,1
6224,1226.0,886.0,25.7,41.0,2.4,86.8,1.89,2.0,0,0
309,2427.0,670.0,47.3,29.0,3.3,96.6,0.92,2.0,0,1
6209,2432.0,1117.0,28.3,13.0,6.4,99.0,0.72,2.0,0,0
5882,1964.0,699.0,34.7,22.0,7.3,90.9,1.0,2.0,0,1
3599,2149.0,681.0,35.3,3.0,5.7,99.0,0.96,2.0,1,1
3622,1822.0,394.0,34.8,40.0,8.0,93.9,1.35,2.0,1,1
7028,1831.0,641.0,19.3,32.0,0.5,90.3,1.4,2.0,0,0
3450,2651.0,958.0,53.8,33.0,2.0,93.9,0.69,2.0,1,1
4591,1253.0,457.0,22.2,11.0,17.8,92.7,1.29,1.0,0,1
205,1407.0,387.0,13.1,46.0,23.55,98.5,1.44,2.0,0,1
1135,1358.0,200.0,55.9,30.0,2.9,95.8,1.86,2.0,0,1
2749,3566.625,1177.0,12.8,74.5,0.5,88.8,1.6,2.0,0,1
3613,2860.0,1025.0,34.9,35.0,23.55,92.4,1.68,2.0,1,1
305,3145.0,494.0,22.3,30.0,1.7,98.1,0.73,2.0,0,1
1849,2848.0,811.0,32.0,20.0,9.1,90.6,1.66,2.0,0,1
6842,3327.0,1263.0,40.8,12.0,2.8,87.0,1.7,2.0,0,0
1988,1214.0,348.0,41.0,74.5,11.2,90.3,1.69,2.0,0,1
3240,1701.0,599.0,9.6,33.0,1.0,89.7,1.41,2.0,1,1
2798,3566.625,1610.0,34.6,23.0,16.8,95.0,1.98,2.0,1,1
4515,1994.0,595.0,6.4,12.0,7.0,94.5,1.76,2.0,0,1
6204,2552.0,845.0,30.0,7.0,23.55,97.4,1.51,2.0,0,0
3109,1048.0,417.0,30.0,2.0,0.5,94.4,1.49,2.0,1,1
4059,1986.0,1189.0,26.8,42.0,11.2,87.4,0.95,2.0,1,1
1987,1726.0,1047.0,30.4,4.0,17.8,94.9,0.92,2.0,0,1
6599,1653.0,478.0,24.4,5.0,1.2,89.1,1.63,2.0,0,0
383,2150.0,756.0,20.1,36.0,1.0,98.1,1.27,2.0,0,1
4307,2966.0,1269.0,50.5,21.0,2.5,95.4,1.35,2.0,1,1
3388,1991.0,750.0,9.0,45.0,10.6,88.9,1.47,2.0,1,1
7854,2241.0,1398.0,45.7,14.0,9.9,94.2,1.48,2.0,1,0
2727,1909.0,278.0,37.5,2.0,5.2,93.8,1.56,2.0,0,1
6027,3566.625,764.0,25.2,5.0,4.1,92.6,1.38,2.0,0,0
5057,1230.0,678.0,47.4,34.0,0.5,90.4,1.75,2.0,0,1
7456,2762.0,678.0,25.9,45.0,18.5,95.2,1.92,2.0,1,0
4863,1580.0,633.0,11.5,28.0,10.5,94.2,1.51,2.0,0,1
3832,1883.0,818.0,52.1,74.5,5.7,97.6,1.43,1.0,1,1
7493,1630.0,838.0,57.4,16.0,0.5,88.0,1.39,2.0,1,0
4776,2182.0,845.0,10.6,10.0,0.9,90.7,2.07,2.0,0,1
4276,973.0,241.0,17.5,19.0,14.8,89.8,1.14,2.0,1,1
253,2254.0,414.0,33.8,34.0,1.6,87.5,1.24,2.0,0,1
8627,1342.0,415.0,25.9,22.0,10.4,95.4,1.21,2.0,1,0
6363,3554.0,1597.0,17.7,2.0,4.6,90.8,1.41,2.0,0,0
278,1446.0,200.0,25.2,35.0,9.6,90.5,1.03,1.0,0,1
3252,1763.0,237.0,28.5,31.0,0.7,88.3,1.77,2.0,1,1
2480,3566.625,1126.0,26.3,6.0,8.3,94.1,1.88,2.0,0,1
289,1755.0,461.0,3.1,21.0,3.4,93.8,1.51,2.0,0,1
4903,1909.0,1170.0,12.7,74.5,5.5,95.4,1.19,2.0,0,1
3075,1420.0,763.0,26.3,13.0,3.5,98.5,1.71,1.0,1,1
6507,1370.0,200.0,11.2,4.0,1.4,94.0,1.89,2.0,0,0
6110,1594.0,200.0,29.8,49.0,16.5,92.9,1.32,2.0,0,0
5159,2595.0,1171.0,22.3,45.0,2.4,86.9,1.22,2.0,0,1
6765,1532.0,984.0,28.7,50.0,3.7,87.1,1.02,2.0,0,0
8743,1776.0,501.0,26.0,4.0,13.5,92.1,1.51,2.0,1,0
6929,2056.0,331.0,42.4,32.0,23.55,88.7,1.87,1.0,0,0
6979,1798.0,212.0,31.0,20.0,3.9,93.2,0.83,2.0,0,0
6234,3233.0,866.0,34.4,2.0,7.8,88.8,1.55,2.0,0,0
270,1473.0,727.0,40.7,2.0,10.0,88.1,0.93,2.0,0,1
4570,2430.0,498.0,16.3,40.0,23.55,98.0,1.69,2.0,0,1
6323,2041.0,350.0,31.7,62.0,14.5,88.7,1.21,1.0,0,0
6432,1555.0,253.0,30.0,27.0,5.6,92.3,1.14,2.0,0,0
7061,1711.0,773.0,8.0,10.0,1.4,86.6,1.93,2.0,0,0
7609,2294.0,829.0,18.3,2.0,2.7,94.1,1.4,2.0,1,0
4207,1419.0,502.0,34.0,7.0,8.3,94.8,1.34,2.0,1,1
3218,1566.0,200.0,52.9,1.0,1.2,98.0,0.98,2.0,1,1
1391,907.0,381.0,16.4,42.0,11.4,92.7,1.91,1.0,0,1
3975,1917.0,499.0,4.6,14.0,1.1,89.7,1.68,2.0,1,1
4316,2387.0,1042.0,37.2,17.0,1.8,91.0,2.15,2.0,1,1
5398,1280.0,455.0,33.4,15.0,16.2,91.1,2.26,2.0,0,1
5905,1680.0,662.0,16.5,60.0,14.7,89.2,1.56,2.0,0,1
7109,1738.0,367.0,37.6,10.0,0.8,94.7,1.94,2.0,0,0
83,2338.0,1005.0,10.0,37.0,8.1,99.0,1.76,2.0,0,1
873,3566.625,1349.0,24.6,10.0,1.0,93.8,1.75,2.0,0,1
8641,1770.0,329.0,52.3,50.0,8.1,89.3,0.84,2.0,1,0
6405,1496.0,200.0,23.5,10.0,1.8,96.4,1.81,2.0,0,0
4557,2393.0,807.0,14.2,45.0,2.4,91.7,0.91,2.0,0,1
4500,3483.0,1485.0,13.3,8.0,10.6,89.8,1.68,2.0,0,1
4647,2637.0,1017.0,57.5,74.5,4.0,88.9,1.04,2.0,0,1
2038,1908.0,675.0,46.9,36.0,4.6,88.5,1.27,2.0,0,1
8723,1019.0,244.0,31.9,32.0,23.55,94.7,1.59,2.0,1,0
8389,3315.0,935.0,4.5,4.0,2.5,92.4,1.55,2.0,1,0
2450,1655.0,200.0,30.3,9.0,7.7,96.4,1.92,2.0,0,1
3954,1553.0,443.0,32.4,30.0,7.0,96.1,1.63,1.0,1,1
2329,2247.0,327.0,35.5,13.0,1.7,94.4,1.1,2.0,0,1
8200,995.0,200.0,59.1,25.0,6.5,89.6,1.23,2.0,1,0
5676,2129.0,1610.0,12.2,13.0,5.9,94.2,0.9,2.0,0,1
8423,1271.0,1103.0,14.0,27.0,1.5,89.5,1.11,2.0,1,0
4746,2702.0,1098.0,61.8,7.0,5.4,89.0,1.4,2.0,0,1
8426,3435.0,1723.0,10.9,14.0,0.5,92.1,1.7,2.0,1,0
5224,1657.0,719.0,37.0,56.0,4.6,92.4,1.75,2.0,0,1
8465,2007.0,820.0,24.5,12.0,10.9,91.9,0.99,2.0,1,0
5123,2063.0,884.0,25.8,7.0,0.5,94.0,1.95,2.0,0,1
6591,1398.0,403.0,31.6,10.0,8.5,96.3,1.03,2.0,0,0
1216,2256.0,742.0,33.7,26.0,9.2,91.7,1.33,2.0,0,1
7477,1674.0,211.0,21.9,16.0,7.8,89.9,1.71,1.0,1,0
5531,1022.0,966.0,36.2,7.0,1.5,92.9,1.92,2.0,0,1
1064,1984.0,780.0,48.3,7.0,4.6,97.5,1.62,2.0,0,1
3786,3566.625,1110.0,15.9,63.0,3.9,96.5,0.98,2.0,1,1
4410,2236.0,1444.0,14.3,74.5,17.0,93.6,1.71,2.0,1,1
6760,921.0,374.0,18.4,61.0,3.3,89.9,1.23,2.0,0,0
7699,1419.0,543.0,49.2,33.0,2.5,89.4,2.14,2.0,1,0
7923,1957.0,200.0,73.6625,14.0,13.2,90.6,1.18,2.0,1,0
3008,2833.0,817.0,46.3,1.0,1.3,91.0,1.46,2.0,1,1
1105,1996.0,1182.0,55.2,17.0,3.0,92.2,1.42,2.0,0,1
5363,2535.0,810.0,12.5,32.0,1.6,86.7,1.21,2.0,0,1
7216,2618.0,1001.0,13.6,17.0,7.2,91.5,1.21,2.0,0,0
6107,1921.0,337.0,27.9,24.0,1.7,91.5,0.93,2.0,0,0
7327,1306.0,254.0,17.9,61.0,2.1,99.0,1.38,2.0,1,0
8818,1573.0,399.0,46.2,0.0,2.3,90.3,0.77,2.0,1,0
4369,2104.0,253.0,58.6,2.0,23.0,94.9,1.72,2.0,1,1
2765,1421.0,200.0,25.4,4.0,1.0,91.8,1.5,2.0,0,1
3929,1303.0,771.0,12.7,6.0,23.55,92.3,0.96,2.0,1,1
5744,1874.0,772.0,13.2,5.0,4.6,88.8,1.54,2.0,0,1
8184,1362.0,877.0,22.3,5.0,12.3,93.7,1.09,2.0,1,0
6046,2577.0,200.0,3.3,0.0,0.5,96.9,1.56,2.0,0,0
5681,3012.0,810.0,40.7,6.0,17.3,94.4,1.23,2.0,0,1
7626,1498.0,307.0,4.5,5.0,14.1,96.2,1.14,2.0,1,0
2451,2701.0,840.0,22.9,48.0,3.3,90.2,1.05,2.0,0,1
5026,1028.0,200.0,16.1,5.0,0.6,90.0,1.37,2.0,0,1
6529,700.0,200.0,11.0,74.5,6.0,94.0,2.09,2.0,0,0
3824,1178.0,590.0,18.6,12.0,3.5,88.8,1.54,2.0,1,1
7953,2035.0,417.0,18.3,0.0,0.5,95.8,1.02,2.0,1,0
2652,1891.0,1201.0,32.8,19.0,10.3,97.0,1.52,2.0,0,1
8179,847.0,200.0,67.8,69.0,7.7,91.7,1.55,2.0,1,0
3743,1821.0,200.0,2.8,37.0,0.5,93.5,1.18,2.0,1,1
2176,1545.0,329.0,49.2,23.0,1.1,98.3,1.41,2.0,0,1
8329,3086.0,1292.0,41.4,38.0,1.3,91.2,1.08,1.0,1,0
3318,1446.0,200.0,37.8,45.0,17.5,96.8,2.05,2.0,1,1
5114,1477.0,200.0,13.5,22.0,2.1,97.3,0.94,2.0,0,1
2787,1536.0,200.0,45.8,25.0,10.4,90.5,1.03,2.0,1,1
4105,1595.0,562.0,25.3,37.0,4.1,93.2,1.53,2.0,1,1
8323,1894.0,788.0,30.6,13.0,0.6,90.2,1.42,2.0,1,0
1676,1650.0,259.0,42.3,11.0,3.5,92.1,1.24,2.0,0,1
3947,3226.0,1005.0,47.2,25.0,9.7,94.1,1.1,2.0,1,1
7219,1641.0,513.0,23.0,35.0,9.5,94.7,1.41,2.0,0,0
7159,2153.0,550.0,40.0,38.0,1.5,93.2,1.89,1.0,0,0
5368,1829.0,375.0,7.6,7.0,5.1,88.8,1.04,2.0,0,1
6244,2188.0,282.0,21.9,31.0,1.1,93.3,1.71,2.0,0,0
5974,1861.0,660.0,24.5,5.0,12.5,87.0,1.97,2.0,0,1
2503,1927.0,708.0,19.6,46.0,2.9,92.1,1.31,2.0,0,1
7080,1094.0,425.0,19.4,1.0,6.0,95.3,1.5,2.0,0,0
2369,1527.0,780.0,39.9,6.0,14.9,85.9,1.27,2.0,0,1
2217,1695.0,519.0,26.4,21.0,23.55,96.3,1.31,2.0,0,1
2218,1634.0,448.0,38.6,68.0,4.0,90.1,1.09,2.0,0,1
3326,1805.0,851.0,43.3,22.0,7.4,94.0,1.35,2.0,1,1
7595,1833.0,489.0,11.4,22.0,3.4,88.1,1.18,2.0,1,0
3583,2377.0,467.0,38.2,21.0,6.3,96.4,1.16,2.0,1,1
8284,2812.0,1031.0,20.4,30.0,4.5,96.1,1.55,2.0,1,0
6584,1215.0,380.0,21.5,58.0,9.2,95.9,1.48,2.0,0,0
8775,3566.625,1801.5,23.7,24.0,1.7,92.9,1.15,2.0,1,0
8668,2091.0,1490.0,26.6,0.0,23.55,94.6,1.2,2.0,1,0
7672,3168.0,539.0,19.7,17.0,23.55,88.3,1.94,2.0,1,0
85,1463.0,643.0,20.6,14.0,10.5,89.4,1.56,2.0,0,1
2801,2659.0,551.0,16.1,18.0,4.3,97.6,1.19,2.0,1,1
3671,1808.0,827.0,33.8,14.0,11.1,89.6,1.92,2.0,1,1
3667,1428.0,554.0,22.1,7.0,6.9,93.0,1.38,2.0,1,1
8812,2515.0,333.0,15.2,33.0,4.4,91.5,1.29,2.0,1,0
4590,1495.0,795.0,15.7,5.0,4.6,89.7,1.61,2.0,0,1
2019,1557.0,574.0,2.0,18.0,9.8,97.7,1.18,2.0,0,1
6297,1742.0,200.0,11.1,40.0,1.0,91.1,1.38,2.0,0,0
2525,2488.0,764.0,27.0,20.0,23.55,95.0,1.54,2.0,0,1
5880,1252.0,594.0,17.7,74.5,2.3,93.7,1.26,2.0,0,1
5018,1267.0,309.0,40.1,24.0,5.8,89.0,1.01,2.0,0,1
7569,1901.0,327.0,22.2,39.0,4.5,92.4,1.02,2.0,1,0
7227,1794.0,422.0,46.5,4.0,23.55,91.4,1.45,2.0,1,0
5447,904.0,200.0,37.7,18.0,17.6,94.0,1.0,2.0,0,1
2895,1133.0,768.0,13.4,31.0,19.7,86.6,1.93,2.0,1,1
7557,1108.0,332.0,8.7,31.0,9.7,89.9,1.13,2.0,1,0
4714,1482.0,272.0,12.6,6.0,11.4,98.6,1.13,2.0,0,1
8275,1699.0,1124.0,39.7,16.0,1.3,89.4,1.39,2.0,1,0
3425,842.0,726.0,53.7,17.0,17.0,96.0,1.22,2.0,1,1
5583,2963.0,1169.0,47.1,6.0,12.8,96.9,1.21,2.0,0,1
5417,1689.0,521.0,51.0,23.0,3.1,91.8,0.91,2.0,0,1
5808,1693.0,1000.0,36.4,20.0,15.1,93.9,1.29,2.0,0,1
4977,1989.0,253.0,71.7,3.0,8.0,94.5,1.33,2.0,0,1
5836,1851.0,526.0,22.4,1.0,5.9,89.5,1.49,2.0,0,1
2001,2386.0,715.0,71.8,24.0,2.6,86.7,0.56,2.0,0,1
7316,1267.0,200.0,22.2,13.0,2.4,94.7,1.47,2.0,1,0
869,2148.0,1376.0,41.2,11.0,6.6,97.0,0.96,2.0,0,1
356,1600.0,537.0,13.7,7.0,1.7,93.9,1.36,2.0,0,1
6576,932.0,540.0,13.3,10.0,8.6,96.5,1.72,2.0,0,0
6194,2184.0,449.0,5.5,30.0,2.7,91.0,0.9,2.0,0,0
1275,2069.0,677.0,39.6,44.0,8.8,93.4,1.24,2.0,0,1
1890,3315.0,766.0,24.7,11.0,7.3,96.9,1.32,2.0,0,1
7458,922.0,415.0,30.8,36.0,6.9,92.6,1.13,2.0,1,0
6596,1959.0,938.0,10.3,0.0,5.5,95.8,1.09,2.0,0,0
8251,1890.0,1304.0,27.5,36.0,7.1,89.9,1.02,2.0,1,0
3563,1854.0,770.0,21.3,20.0,7.9,88.6,1.77,2.0,1,1
4958,3150.0,862.0,15.4,32.0,4.3,84.0,1.6,2.0,0,1
6919,1453.0,270.0,59.4,40.0,11.4,91.1,1.99,2.0,0,0
2380,1638.0,475.0,57.7,35.0,4.0,90.8,0.84,2.0,0,1
3823,1642.0,796.0,30.9,5.0,0.5,93.1,1.67,2.0,1,1
8598,1092.0,1140.0,28.0,19.0,5.6,91.9,1.58,2.0,1,0
6926,1396.0,629.0,19.0,13.0,5.7,96.9,0.99,2.0,0,0
3306,2129.0,617.0,56.4,68.0,4.2,93.3,1.77,2.0,1,1
7582,752.0,200.0,58.4,4.0,12.9,85.8,1.69,2.0,1,0
3499,1348.0,1011.0,58.5,30.0,5.4,91.9,1.05,2.0,1,1
5371,2096.0,679.0,6.8,20.0,23.55,90.4,1.89,2.0,0,1
1116,1323.0,445.0,11.6,1.0,0.9,92.3,1.3,2.0,0,1
8878,2598.0,713.0,12.3,17.0,13.3,91.5,1.3,2.0,1,0
7698,2368.0,1649.0,20.7,70.0,1.7,93.2,1.85,2.0,1,0
6847,1110.0,351.0,15.0,14.0,23.55,92.2,1.51,2.0,0,0
7237,1328.0,200.0,4.3,0.0,0.8,97.9,1.41,2.0,1,0
7831,1266.0,200.0,41.2,74.5,1.5,94.7,1.35,2.0,1,0
3645,1869.0,1161.0,30.0,19.0,14.4,90.3,1.21,2.0,1,1
2500,2256.0,1161.0,32.5,0.0,6.9,88.6,1.37,2.0,0,1
5244,753.0,414.0,25.3,22.0,6.3,97.8,1.03,2.0,0,1
2783,1975.0,1136.0,22.6,37.0,4.8,90.2,1.82,2.0,1,1
3809,2001.0,537.0,34.8,4.0,3.4,91.3,1.15,2.0,1,1
5333,2113.0,545.0,21.2,1.0,23.55,92.2,1.28,2.0,0,1
7382,3063.0,967.0,20.3,58.0,6.4,93.7,2.14,2.0,1,0
6282,3108.0,490.0,22.9,56.0,12.3,95.9,1.25,2.0,0,0
1696,2741.0,803.0,19.0,11.0,14.8,94.6,1.49,2.0,0,1
5908,1760.0,438.0,26.9,36.0,7.1,95.7,0.97,2.0,0,1
2052,2374.0,901.0,37.7,8.0,3.9,93.9,0.87,2.0,0,1
1776,3237.0,1409.0,15.9,12.0,2.4,88.3,1.93,2.0,0,1
5283,975.0,573.0,25.5,32.0,23.55,92.7,1.63,2.0,0,1
3313,1794.0,558.0,31.6,3.0,2.0,91.1,1.53,2.0,1,1
4781,1947.0,1133.0,27.3,20.0,5.8,89.4,2.01,2.0,0,1
7047,2516.0,962.0,35.6,11.0,8.2,98.2,0.99,2.0,0,0
5460,1271.0,200.0,10.7,10.0,0.6,91.7,1.34,2.0,0,1
1592,1722.0,210.0,40.2,39.0,2.5,94.3,0.86,2.0,0,1
1723,2564.0,1257.0,7.0,2.0,10.5,89.5,1.1,2.0,0,1
7660,3161.0,1801.5,28.9,18.0,5.0,87.6,1.31,2.0,1,0
7568,1194.0,401.0,9.9,32.0,0.5,86.4,1.54,2.0,1,0
6679,1230.0,240.0,19.7,33.0,16.0,94.6,1.69,2.0,0,0
490,1904.0,533.0,21.5,37.0,1.1,86.0,1.45,2.0,0,1
8734,2706.0,989.0,13.5,30.0,0.9,92.3,1.62,2.0,1,0
3483,1390.0,205.0,30.8,19.0,10.2,91.7,1.32,2.0,1,1
3431,1504.0,274.0,15.2,22.0,3.5,95.1,1.87,2.0,1,1
7269,1588.0,233.0,17.7,23.0,5.6,96.5,1.65,2.0,1,0
6200,1485.0,516.0,41.9,15.0,7.1,91.9,1.63,2.0,0,0
25,2400.0,1380.0,5.3,34.0,7.3,90.6,1.77,2.0,0,1
3512,2491.0,200.0,73.6625,64.0,2.2,88.3,1.43,2.0,1,1
2409,957.0,200.0,22.1,46.0,12.5,88.3,1.56,2.0,0,1
3270,1855.0,730.0,30.3,27.0,1.8,97.6,2.02,2.0,1,1
1552,1585.0,448.0,51.2,8.0,0.7,95.5,1.1,2.0,0,1
8265,1166.0,918.0,51.5,4.0,4.5,89.1,0.98,2.0,1,0
7584,3145.0,564.0,48.5,5.0,0.5,86.9,1.52,2.0,1,0
3871,2472.0,1099.0,38.5,7.0,2.4,84.9,1.28,2.0,1,1
3402,2429.0,948.0,29.9,12.0,14.5,89.5,0.79,2.0,1,1
4529,2630.0,749.0,27.5,6.0,8.9,91.8,1.55,2.0,0,1
979,1677.0,916.0,17.0,7.0,7.4,89.6,1.64,2.0,0,1
2655,2121.0,899.0,28.5,50.0,1.2,93.3,0.72,2.0,0,1
1847,1537.0,256.0,24.3,21.0,16.2,93.5,1.15,2.0,0,1
6403,1755.0,299.0,13.7,4.0,0.9,94.9,1.69,2.0,0,0
6660,2079.0,542.0,50.1,74.5,3.1,94.5,1.41,2.0,0,0
8114,1387.0,215.0,30.5,47.0,1.5,94.3,1.41,2.0,1,0
7283,1231.0,702.0,17.0,14.0,4.2,88.7,1.28,2.0,1,0
5798,1141.0,922.0,21.6,44.0,11.4,99.0,1.74,1.0,0,1
1102,1423.0,432.0,24.4,13.0,7.2,94.0,1.16,2.0,0,1
3276,2185.0,475.0,17.1,56.0,8.1,93.1,1.67,2.0,1,1
5937,1265.0,341.0,5.3,8.0,5.7,96.1,0.99,2.0,0,1
7275,2325.0,877.0,9.4,21.0,8.8,86.4,1.54,2.0,1,0
6826,1670.0,468.0,2.2,57.0,5.3,97.0,1.71,2.0,0,0
3996,2173.0,1187.0,11.6,21.0,2.1,85.0,0.92,2.0,1,1
194,989.0,429.0,30.0,33.0,13.3,89.4,1.61,2.0,0,1
8171,2358.0,865.0,61.4,8.0,0.5,98.8,1.52,2.0,1,0
643,1582.0,200.0,11.3,10.0,22.4,92.2,0.78,2.0,0,1
3285,1260.0,200.0,7.0,56.0,6.6,87.0,0.5,2.0,1,1
3116,2091.0,200.0,6.6,52.0,0.5,94.5,1.18,2.0,1,1
3575,2065.0,1199.0,22.3,19.0,23.55,95.5,1.47,2.0,1,1
8023,2175.0,1247.0,5.0,3.0,5.9,93.2,1.36,2.0,1,0
4320,3514.0,1678.0,49.5,12.0,14.8,96.2,1.47,2.0,1,1
8992,2396.0,787.0,31.3,14.0,13.9,93.6,1.52,2.0,1,0
2207,2472.0,1128.0,33.9,26.0,3.7,89.2,2.0,2.0,0,1
4552,2392.0,883.0,11.2,10.0,3.5,94.1,1.83,2.0,0,1
5884,1880.0,595.0,19.7,14.0,5.2,91.0,1.51,2.0,0,1
3718,1574.0,795.0,21.6,58.0,10.9,99.0,1.62,2.0,1,1
972,1558.0,1157.0,38.2,2.0,13.1,93.2,1.62,1.0,0,1
7324,2199.0,200.0,10.3,37.0,6.7,94.8,1.49,2.0,1,0
719,2399.0,1094.0,32.3,3.0,2.8,93.7,1.2,2.0,0,1
8483,786.0,200.0,61.0,1.0,14.0,95.9,1.29,2.0,1,0
3896,2766.0,938.0,24.7,12.0,4.2,96.5,1.41,2.0,1,1
2803,1665.0,998.0,18.1,37.0,6.0,97.4,0.98,2.0,1,1
2566,2538.0,1064.0,47.7,3.0,6.3,88.4,1.44,2.0,0,1
4025,1616.0,280.0,32.0,4.0,15.5,89.3,1.46,2.0,1,1
32,1997.0,257.0,1.4,24.0,3.5,90.5,0.6,2.0,0,1
6774,1495.0,477.0,17.0,36.0,2.3,87.6,0.88,2.0,0,0
7697,1502.0,406.0,55.2,39.0,6.4,92.8,1.23,2.0,1,0
4063,1792.0,861.0,12.0,20.0,11.1,98.2,1.76,0.0,1,1
7900,1761.0,1334.0,30.5,48.0,4.1,93.6,1.4,2.0,1,0
1697,2287.0,1054.0,27.1,9.0,6.6,94.9,1.86,2.0,0,1
2792,1045.0,562.0,11.8,19.0,10.4,99.0,1.54,2.0,1,1
2222,1202.0,440.0,31.2,1.0,14.2,86.4,0.99,2.0,0,1
3764,700.0,523.0,20.0,14.0,4.0,95.3,1.61,2.0,1,1
3866,1890.0,535.0,28.5,62.0,5.8,87.5,1.2,2.0,1,1
7499,2122.0,988.0,3.7,23.0,9.2,90.9,1.07,2.0,1,0
7881,2059.0,634.0,60.5,29.0,9.8,92.0,1.03,2.0,1,0
5377,948.0,595.0,29.9,21.0,3.8,91.4,1.47,2.0,0,1
6906,1687.0,200.0,9.2,27.0,0.8,96.2,1.4,2.0,0,0
3758,1592.0,372.0,25.2,47.0,17.6,93.9,1.28,2.0,1,1
8807,2062.0,750.0,44.7,8.0,22.4,96.7,0.63,2.0,1,0
3227,1615.0,691.0,20.6,27.0,7.7,94.7,1.1,2.0,1,1
6273,2837.0,863.0,29.2,63.0,9.1,89.2,0.54,2.0,0,0
6886,3039.0,1238.0,28.2,7.0,9.5,94.8,1.62,2.0,0,0
3904,2204.0,1247.0,73.6625,17.0,1.6,94.7,0.81,2.0,1,1
2277,1073.0,270.0,22.2,21.0,2.9,96.2,1.19,2.0,0,1
5485,1960.0,972.0,14.1,40.0,6.9,96.6,1.94,2.0,0,1
1401,1670.0,700.0,73.5,7.0,5.9,99.0,1.46,2.0,0,1
739,1653.0,200.0,8.7,8.0,3.2,88.4,0.95,2.0,0,1
4266,1363.0,342.0,48.5,18.0,2.4,98.1,1.46,2.0,1,1
8872,2704.0,540.0,36.2,27.0,6.1,99.0,1.19,2.0,1,0
5909,1083.0,200.0,36.8,67.0,1.7,95.2,1.07,2.0,0,1
6101,832.0,200.0,17.5,20.0,6.0,93.9,1.46,2.0,0,0
3851,2140.0,430.0,25.4,10.0,12.3,92.3,2.08,2.0,1,1
7352,1623.0,1056.0,41.3,1.0,4.7,95.2,0.89,2.0,1,0
6594,1438.0,1011.0,23.0,3.0,2.4,89.2,1.3,2.0,0,0
5234,2023.0,673.0,27.1,56.0,3.9,91.6,0.51,2.0,0,1
5513,1486.0,200.0,13.8,19.0,8.8,98.0,1.94,2.0,0,1
674,2552.0,1057.0,52.8,35.0,13.1,94.5,1.39,1.0,0,1
5709,2707.0,1571.0,44.6,36.0,17.0,92.2,0.54,2.0,0,1
5129,1456.0,200.0,12.7,6.0,0.6,93.3,1.29,2.0,0,1
3841,1296.0,800.0,10.4,17.0,8.2,93.7,1.21,2.0,1,1
1815,1216.0,809.0,61.6,74.5,0.6,85.7,1.37,2.0,0,1
6823,2080.0,739.0,37.9,48.0,4.9,93.8,1.5,1.0,0,0
8854,1342.0,332.0,3.4,74.5,6.4,99.0,1.31,2.0,1,0
8269,2772.0,1193.0,16.4,9.0,1.2,91.9,1.74,2.0,1,0
4653,1740.0,846.0,28.7,59.0,4.5,91.4,1.29,2.0,0,1
8611,1769.0,200.0,10.1,43.0,2.9,88.0,1.36,2.0,1,0
2100,2310.0,894.0,43.4,0.0,7.4,93.1,1.38,2.0,0,1
1673,2124.0,1018.0,10.6,23.0,3.9,86.2,1.75,2.0,0,1
2101,1282.0,912.0,30.1,7.0,3.4,99.0,1.13,2.0,0,1
4213,2707.0,1040.0,14.5,18.0,11.9,91.3,1.74,2.0,1,1
5606,1830.0,804.0,55.6,42.0,12.1,91.3,1.69,2.0,0,1
1548,1013.0,939.0,29.8,6.0,1.3,88.2,1.3,2.0,0,1
8523,1430.0,839.0,31.8,0.0,1.3,91.2,1.62,2.0,1,0
3323,2159.0,1801.5,4.2,15.0,11.7,95.6,1.78,2.0,1,1
5839,1613.0,300.0,29.6,27.0,15.3,93.7,0.97,2.0,0,1
355,2758.0,779.0,22.4,12.0,0.5,92.8,2.1,2.0,0,1
1461,2767.0,838.0,3.6,4.0,4.8,90.7,1.88,2.0,0,1
7222,3380.0,1259.0,28.1,3.0,0.5,90.2,1.09,2.0,1,0
8444,2302.0,1456.0,17.0,62.0,0.5,92.5,1.81,1.0,1,0
3220,1978.0,439.0,32.4,29.0,8.6,91.6,1.12,2.0,1,1
7001,1750.0,1172.0,30.2,30.0,23.55,86.6,1.49,2.0,0,0
7936,1844.0,1033.0,50.9,28.0,2.8,99.0,1.18,2.0,1,0
1751,2312.0,490.0,5.4,2.0,6.9,91.0,1.57,1.0,0,1
6438,2468.0,468.0,17.6,74.5,23.55,97.8,1.44,2.0,0,0
6109,1300.0,235.0,23.9,32.0,3.2,96.8,1.94,2.0,0,0
1772,1433.0,878.0,49.8,74.5,3.9,95.0,1.67,2.0,0,1
1196,1852.0,538.0,32.8,46.0,4.8,99.0,0.99,2.0,0,1
1878,1456.0,426.0,15.7,74.5,13.8,94.1,1.53,2.0,0,1
2668,3179.0,1074.0,40.1,19.0,1.1,92.6,1.19,2.0,0,1
3171,1305.0,551.0,16.5,10.0,2.6,90.3,1.4,2.0,1,1
2016,1779.0,504.0,24.9,2.0,1.1,94.6,0.99,2.0,0,1
2005,1444.0,200.0,10.8,12.0,7.5,93.5,1.11,2.0,0,1
7505,2156.0,889.0,17.4,0.0,0.5,96.0,1.31,2.0,1,0
3893,1869.0,270.0,16.2,20.0,6.2,92.8,1.67,2.0,1,1
3237,2000.0,807.0,46.0,35.0,3.4,93.8,1.86,2.0,1,1
4424,2794.0,962.0,28.1,26.0,3.3,99.0,0.94,2.0,1,1
4744,1586.0,200.0,42.9,25.0,4.6,97.2,1.87,2.0,0,1
2078,3169.0,918.0,26.7,74.5,4.0,90.0,1.73,2.0,0,1
396,1544.0,678.0,31.4,0.0,2.1,93.4,1.36,2.0,0,1
2788,2000.0,815.0,69.3,16.0,20.2,92.6,1.38,2.0,1,1
8278,1048.0,244.0,19.8,26.0,23.55,95.9,0.96,2.0,1,0
5235,3485.0,1205.0,4.6,59.0,3.4,97.7,1.34,2.0,0,1
4072,3403.0,1102.0,34.3,19.0,1.7,92.1,1.22,1.0,1,1
8102,2564.0,972.0,19.9,3.0,6.8,93.1,1.56,2.0,1,0
8552,2494.0,545.0,41.9,5.0,2.4,88.9,1.77,2.0,1,0
5822,1352.0,1126.0,16.2,5.0,2.7,93.7,2.09,2.0,0,1
1519,1047.0,623.0,46.3,13.0,13.5,92.2,1.46,2.0,0,1
6581,1746.0,871.0,34.1,14.0,8.3,92.5,1.47,2.0,0,0
1378,1166.0,875.0,46.2,10.0,2.8,90.6,1.63,2.0,0,1
1023,2495.0,404.0,37.0,13.0,1.2,99.0,1.3,2.0,0,1
2587,1676.0,360.0,27.7,7.0,7.6,92.2,1.72,2.0,0,1
6142,1124.0,365.0,42.6,5.0,9.8,90.8,1.57,2.0,0,0
5008,1538.0,1085.0,38.7,13.0,6.6,84.6,1.83,2.0,0,1
2857,1132.0,738.0,4.8,60.0,23.55,97.2,1.28,2.0,1,1
6676,1920.0,1170.0,4.6,24.0,1.8,88.6,1.59,2.0,0,0
5761,1786.0,609.0,32.7,74.5,19.1,93.4,1.25,2.0,0,1
1629,706.0,200.0,52.5,3.0,3.1,84.9,1.37,2.0,0,1
4888,2236.0,957.0,5.0,2.0,1.7,87.4,1.13,2.0,0,1
4526,1899.0,1160.0,33.4,3.0,0.5,88.0,1.56,2.0,0,1
3523,1958.0,465.0,7.8,11.0,9.9,99.0,1.06,2.0,1,1
6256,1772.0,426.0,37.3,13.0,2.0,98.2,1.52,2.0,0,0
3607,2828.0,926.0,23.7,63.0,14.7,87.5,1.69,1.0,1,1
8474,1296.0,541.0,35.6,13.0,6.7,95.2,1.56,2.0,1,0
234,2285.0,990.0,33.4,22.0,14.5,96.0,1.85,2.0,0,1
7153,2047.0,200.0,16.8,34.0,5.3,94.6,1.0,2.0,0,0
3796,1062.0,555.0,52.6,4.0,23.55,93.2,2.3449999999999998,2.0,1,1
4118,1094.0,900.0,65.0,9.0,2.8,91.0,1.75,2.0,1,1
5001,2403.0,1347.0,13.6,54.0,1.6,94.5,1.16,1.0,0,1
3800,2013.0,680.0,6.6,28.0,18.9,95.1,0.5,2.0,1,1
6064,1255.0,220.0,29.4,7.0,4.8,88.4,1.76,2.0,0,0
8771,2246.0,541.0,41.4,9.0,11.7,91.8,1.65,2.0,1,0
5024,1960.0,1157.0,65.2,17.0,7.4,99.0,0.9,2.0,0,1
1948,1091.0,381.0,72.3,8.0,1.7,89.9,1.53,2.0,0,1
470,1448.0,814.0,5.9,27.0,0.5,97.5,1.71,2.0,0,1
6070,3041.0,1158.0,13.9,46.0,2.6,90.5,1.06,2.0,0,0
3492,1528.0,850.0,73.6625,16.0,12.1,95.1,1.93,2.0,1,1
2671,1752.0,375.0,23.7,11.0,8.5,88.8,1.24,2.0,0,1
8147,1171.0,520.0,35.4,7.0,8.8,96.0,1.55,2.0,1,0
2224,1781.0,270.0,32.6,32.0,23.55,89.4,1.39,2.0,0,1
1106,1372.0,676.0,13.7,6.0,4.2,88.7,1.59,2.0,0,1
8066,1721.0,374.0,20.5,14.0,0.7,93.1,1.57,2.0,1,0
818,2310.0,1184.0,17.7,5.0,1.0,93.8,2.16,1.0,0,1
4523,3566.625,1415.0,41.2,74.5,7.2,94.8,1.6,2.0,0,1
7625,2495.0,388.0,6.2,43.0,5.4,94.9,1.35,2.0,1,0
8572,1927.0,647.0,24.0,0.0,10.1,91.6,0.98,1.0,1,0
8429,1535.0,607.0,11.5,3.0,0.6,95.3,1.9,2.0,1,0
8450,1768.0,245.0,11.4,2.0,0.9,89.4,1.35,2.0,1,0
888,1914.0,760.0,10.6,6.0,11.3,95.9,1.0,2.0,0,1
2437,1703.0,492.0,12.1,5.0,0.5,88.9,1.04,2.0,0,1
817,2868.0,1677.0,20.4,34.0,17.8,98.8,1.14,2.0,0,1
3414,1238.0,451.0,25.0,34.0,3.6,97.2,1.18,2.0,1,1
2341,1806.0,994.0,20.5,38.0,2.5,91.6,1.33,2.0,0,1
8034,1635.0,246.0,50.2,74.5,3.3,89.8,1.78,1.0,1,0
3167,836.0,200.0,25.9,3.0,5.2,93.0,2.32,2.0,1,1
8385,3003.0,623.0,35.2,37.0,4.3,89.7,1.01,2.0,1,0
8669,1691.0,1015.0,32.1,32.0,4.7,89.8,1.16,2.0,1,0
1264,1657.0,519.0,39.5,10.0,7.6,93.2,1.13,2.0,0,1
5086,2711.0,1162.0,56.6,8.0,5.8,86.1,1.41,2.0,0,1
5194,1486.0,684.0,18.3,21.0,23.55,90.5,1.62,2.0,0,1
4449,1721.0,835.0,21.2,44.0,23.55,91.3,0.65,2.0,1,1
4945,2483.0,734.0,23.9,21.0,2.9,97.1,1.72,2.0,0,1
4045,1764.0,593.0,52.8,2.0,13.0,93.9,1.49,1.0,1,1
7074,1383.0,687.0,13.5,47.0,6.5,87.0,1.5,2.0,0,0
7887,1993.0,437.0,14.1,7.0,4.3,93.7,1.56,2.0,1,0
1228,1632.0,631.0,35.5,30.0,0.5,91.5,1.03,2.0,0,1
8073,1058.0,511.0,48.2,12.0,9.5,88.4,1.74,2.0,1,0
8536,1961.0,737.0,32.6,24.0,6.8,87.0,1.33,2.0,1,0
5141,1997.0,1222.0,2.8,1.0,1.0,94.1,0.58,2.0,0,1
52,1940.0,895.0,19.5,8.0,10.5,93.2,1.47,2.0,0,1
6126,1065.0,200.0,57.2,46.0,10.1,93.0,1.36,2.0,0,0
8033,1311.0,565.0,28.0,14.0,2.5,93.8,1.76,2.0,1,0
159,2023.0,1106.0,16.6,74.5,13.7,87.0,0.93,2.0,0,1
6067,1729.0,245.0,17.0,13.0,1.9,95.0,1.69,2.0,0,0
1587,1644.0,200.0,23.1,14.0,5.4,87.4,1.16,2.0,0,1
1589,1841.0,1047.0,37.5,11.0,11.6,95.1,1.73,2.0,0,1
6442,1168.0,637.0,21.9,19.0,3.1,90.0,0.96,2.0,0,0
5314,1326.0,524.0,16.3,7.0,3.5,93.2,1.61,2.0,0,1
8332,975.0,376.0,26.3,29.0,3.9,95.4,1.14,2.0,1,0
3858,1466.0,573.0,16.7,24.0,1.9,89.6,1.3,2.0,1,1
7824,1188.0,333.0,32.0,4.0,0.5,91.2,0.89,2.0,1,0
8127,1631.0,200.0,42.6,24.0,0.9,95.6,1.48,2.0,1,0
2828,2460.0,811.0,26.1,21.0,23.4,90.6,1.23,2.0,1,1
436,1591.0,200.0,63.1,12.0,11.8,99.0,1.29,2.0,0,1
7341,1348.0,515.0,16.2,17.0,9.5,91.7,1.56,2.0,1,0
3878,1350.0,362.0,22.2,20.0,5.7,95.9,1.58,2.0,1,1
1588,2644.0,1051.0,10.6,24.0,6.7,90.1,1.16,2.0,0,1
2780,1716.0,383.0,8.1,2.0,10.2,89.9,1.71,2.0,1,1
7960,3020.0,1291.0,11.1,61.0,4.0,85.6,1.35,2.0,1,0
7225,2127.0,200.0,2.3,17.0,6.5,92.7,1.1,2.0,1,0
7204,1946.0,728.0,15.7,74.5,0.9,87.1,1.32,2.0,0,0
4727,2298.0,1223.0,8.0,30.0,1.0,96.5,1.83,2.0,0,1
973,1107.0,946.0,27.4,3.0,0.5,90.0,1.76,2.0,0,1
1238,1924.0,925.0,9.4,10.0,11.8,95.1,1.08,2.0,0,1
2951,2769.0,609.0,14.7,1.0,12.5,93.7,1.09,2.0,1,1
2342,1459.0,650.0,33.9,25.0,3.0,95.8,1.27,2.0,0,1
6270,1794.0,869.0,64.8,15.0,22.4,89.8,1.25,2.0,0,0
2158,2257.0,652.0,19.8,34.0,2.8,99.0,1.13,2.0,0,1
5309,1950.0,841.0,30.8,26.0,2.3,89.1,0.96,2.0,0,1
1497,2683.0,497.0,60.1,4.0,23.55,88.9,1.07,2.0,0,1
4545,2704.0,596.0,11.0,1.0,11.8,92.6,1.59,2.0,0,1
4257,1688.0,651.0,41.8,7.0,2.4,95.0,1.0,1.0,1,1
2422,1523.0,424.0,12.7,17.0,8.2,94.5,1.57,2.0,0,1
5185,1769.0,872.0,12.2,3.0,0.5,97.4,0.97,2.0,0,1
357,2510.0,1095.0,13.3,70.0,4.2,98.1,1.37,2.0,0,1
5242,1924.0,279.0,39.6,0.0,8.0,94.8,0.96,2.0,0,1
8935,1181.0,278.0,51.3,36.0,12.1,86.1,1.71,2.0,1,0
8579,1503.0,728.0,18.7,31.0,7.7,90.2,1.63,2.0,1,0
2092,2994.0,422.0,33.1,74.5,2.5,91.4,1.35,2.0,0,1
2015,3566.625,1407.0,13.4,15.0,0.5,95.2,1.46,2.0,0,1
8093,2019.0,553.0,33.2,10.0,1.0,91.7,1.7,2.0,1,0
7142,2016.0,978.0,2.6,32.0,0.5,91.6,1.09,2.0,0,0
187,2599.0,1066.0,4.9,12.0,3.4,93.2,1.5,2.0,0,1
6499,3566.625,1801.5,25.9,15.0,3.3,92.8,2.0,2.0,0,0
3655,1995.0,1320.0,12.4,38.0,0.5,91.4,1.68,2.0,1,1
3426,2847.0,1106.0,17.9,21.0,3.4,92.4,0.76,2.0,1,1
5787,2323.0,510.0,25.4,7.0,3.9,87.6,0.81,2.0,0,1
1381,1244.0,522.0,45.9,4.0,6.8,91.6,1.44,2.0,0,1
8105,982.0,200.0,38.0,3.0,14.4,90.9,0.5,2.0,1,0
413,1348.0,200.0,61.6,5.0,3.6,90.0,1.85,2.0,0,1
5037,1145.0,358.0,19.2,66.0,18.5,93.5,2.09,2.0,0,1
4897,3468.0,1633.0,26.5,13.0,13.4,88.3,0.67,2.0,0,1
3336,1234.0,464.0,32.1,12.0,5.6,87.8,1.19,2.0,1,1
3606,1128.0,528.0,22.5,41.0,7.7,91.4,0.99,2.0,1,1
3175,1822.0,714.0,25.8,27.0,3.3,99.0,1.19,2.0,1,1
8061,3566.625,950.0,40.7,2.0,6.8,91.1,1.73,2.0,1,0
8736,1900.0,915.0,39.0,69.0,1.3,92.4,1.75,2.0,1,0
6268,1212.0,453.0,40.8,3.0,3.4,96.2,0.92,2.0,0,0
256,1744.0,1167.0,34.8,1.0,8.3,89.2,1.65,2.0,0,1
5689,2141.0,402.0,25.2,5.0,15.8,96.5,1.3,2.0,0,1
200,1817.0,702.0,55.4,45.0,4.8,90.3,2.08,2.0,0,1
2235,1996.0,468.0,7.5,10.0,3.2,87.8,1.06,2.0,0,1
4743,1581.0,200.0,30.2,56.0,1.6,95.7,1.2,2.0,0,1
1767,3081.0,974.0,22.1,27.0,1.9,88.9,0.8,2.0,0,1
4236,1774.0,1306.0,36.4,1.0,11.9,95.0,2.02,2.0,1,1
7010,1171.0,200.0,48.0,1.0,8.5,96.8,1.25,1.0,0,0
1572,2227.0,386.0,15.6,46.0,23.55,94.3,1.95,2.0,0,1
24,3112.0,1611.0,11.9,11.0,14.8,88.8,1.44,2.0,0,1
7738,1638.0,638.0,11.4,2.0,5.0,94.4,1.72,2.0,1,0
1088,1029.0,200.0,56.7,0.0,5.6,93.4,1.74,2.0,0,1
4674,2410.0,911.0,19.3,5.0,2.0,94.1,1.72,2.0,0,1
2694,3500.0,912.0,18.0,2.0,4.8,88.5,1.6,2.0,0,1
7282,2074.0,525.0,14.2,74.5,8.8,95.8,1.4,2.0,1,0
3398,1339.0,973.0,53.1,53.0,14.3,92.7,0.92,2.0,1,1
3559,2228.0,447.0,43.5,27.0,6.0,99.0,1.25,2.0,1,1
8229,2320.0,429.0,25.0,74.5,9.2,91.7,1.24,2.0,1,0
2841,2364.0,1069.0,41.7,74.5,5.4,89.9,1.77,2.0,1,1
2311,2700.0,1180.0,17.4,20.0,5.8,90.7,1.37,2.0,0,1
7729,1936.0,669.0,18.8,0.0,10.5,92.5,2.13,2.0,1,0
3234,2551.0,497.0,24.7,64.0,3.7,92.4,1.09,2.0,1,1
4152,1974.0,819.0,41.2,4.0,23.55,92.1,1.12,2.0,1,1
1309,1678.0,522.0,24.2,0.0,2.1,95.4,1.61,2.0,0,1
695,2207.0,775.0,20.6,47.0,10.6,95.5,0.98,2.0,0,1
5375,1194.0,647.0,12.1,4.0,7.7,95.1,1.86,2.0,0,1
3752,2042.0,746.0,20.0,5.0,19.7,95.7,2.14,2.0,1,1
1227,1325.0,200.0,25.8,53.0,1.2,94.1,0.78,2.0,0,1
1999,2103.0,786.0,40.2,25.0,0.8,97.3,1.45,2.0,0,1
276,2258.0,601.0,56.4,48.0,2.8,96.3,0.75,2.0,0,1
5452,968.0,285.0,42.8,2.0,23.55,85.1,1.7,2.0,0,1
5701,1764.0,200.0,14.0,9.0,8.7,91.7,1.04,2.0,0,1
7755,1751.0,702.0,37.0,58.0,8.9,87.7,1.58,2.0,1,0
3637,1378.0,200.0,23.8,16.0,0.5,89.4,0.66,2.0,1,1
6642,2804.0,344.0,24.7,2.0,9.9,89.6,1.37,2.0,0,0
4778,1128.0,302.0,56.4,5.0,10.1,90.6,1.07,2.0,0,1
8727,1145.0,458.0,15.3,3.0,0.7,94.1,1.68,2.0,1,0
4117,1825.0,806.0,17.2,35.0,1.4,89.7,1.53,2.0,1,1
5663,1319.0,671.0,40.5,19.0,4.2,98.5,1.57,2.0,0,1
1137,1670.0,836.0,18.8,4.0,6.7,89.7,1.21,2.0,0,1
2767,1616.0,830.0,38.5,12.0,10.4,99.0,1.76,2.0,0,1
6582,829.0,825.0,27.2,21.0,17.2,94.9,1.64,2.0,0,0
6196,1154.0,200.0,44.3,74.5,4.8,95.3,1.98,2.0,0,0
942,2213.0,661.0,30.2,21.0,13.2,93.5,1.17,2.0,0,1
6162,2613.0,541.0,29.4,3.0,23.55,90.6,0.79,2.0,0,0
8435,1332.0,882.0,35.8,73.0,14.7,85.9,1.16,2.0,1,0
4935,1976.0,490.0,30.2,15.0,8.7,92.6,1.51,2.0,0,1
3935,1198.0,906.0,49.1,0.0,0.6,86.9,1.74,2.0,1,1
7653,1574.0,585.0,29.6,21.0,1.9,89.6,1.74,2.0,1,0
2384,1780.0,535.0,27.0,14.0,5.7,88.5,1.56,2.0,0,1
115,1214.0,200.0,10.8,57.0,8.3,98.1,1.48,2.0,0,1
7842,1669.0,272.0,11.5,23.0,23.55,91.1,1.46,2.0,1,0
8977,1770.0,314.0,21.7,4.0,8.5,94.7,1.18,2.0,1,0
3119,961.0,519.0,17.7,17.0,11.7,93.1,1.91,2.0,1,1
4258,2506.0,875.0,34.3,13.0,2.6,88.8,1.97,2.0,1,1
5404,2629.0,1198.0,6.8,17.0,0.7,95.2,1.54,2.0,0,1
7052,2015.0,861.0,64.7,5.0,6.1,87.6,1.67,2.0,0,0
2819,2135.0,732.0,32.1,1.0,18.7,87.4,1.78,2.0,1,1
3822,1575.0,200.0,39.8,10.0,11.4,89.0,1.26,2.0,1,1
8148,1464.0,794.0,34.4,3.0,14.1,88.7,1.51,2.0,1,0
4699,1495.0,438.0,39.3,24.0,6.5,86.0,1.26,2.0,0,1
7846,1836.0,1512.0,48.9,15.0,3.3,91.0,1.77,2.0,1,0
3802,1974.0,497.0,57.9,25.0,23.55,93.5,1.38,2.0,1,1
3536,1769.0,836.0,54.8,15.0,3.3,99.0,1.66,1.0,1,1
3825,2446.0,1311.0,35.5,54.0,4.7,93.9,1.44,2.0,1,1
7376,1522.0,1165.0,61.5,1.0,17.9,94.4,1.17,2.0,1,0
7309,1444.0,426.0,37.8,24.0,2.4,95.1,1.19,2.0,1,0
4810,3033.0,1009.0,47.9,8.0,4.1,85.3,1.09,2.0,0,1
1946,2719.0,1177.0,3.3,47.0,8.6,93.6,1.7,2.0,0,1
6307,987.0,200.0,20.7,12.0,1.1,92.4,1.35,2.0,0,0
5746,3191.0,888.0,43.2,41.0,12.3,97.3,1.12,2.0,0,1
5335,1185.0,346.0,15.4,2.0,13.3,97.7,0.95,2.0,0,1
3488,1688.0,1177.0,5.8,17.0,1.0,91.3,1.43,2.0,1,1
1610,1315.0,625.0,21.8,5.0,0.5,93.5,1.5,2.0,0,1
5687,1187.0,511.0,22.0,12.0,0.5,90.1,1.62,1.0,0,1
4677,2602.0,1346.0,45.3,59.0,23.55,94.6,1.52,2.0,0,1
4959,2190.0,530.0,6.2,45.0,17.6,93.4,1.32,2.0,0,1
7604,3525.0,1200.0,24.8,25.0,23.55,91.9,1.83,2.0,1,0
4761,1764.0,769.0,12.5,16.0,2.0,87.9,1.59,2.0,0,1
2194,1415.0,962.0,29.0,17.0,1.3,90.9,1.1,2.0,0,1
6629,1311.0,987.0,6.6,20.0,6.9,92.6,1.21,2.0,0,0
5113,1111.0,467.0,20.5,7.0,23.55,98.7,1.45,2.0,0,1
557,1826.0,651.0,31.2,4.0,18.8,90.7,1.23,2.0,0,1
8614,2620.0,1018.0,16.0,54.0,7.6,99.0,1.64,2.0,1,0
7478,878.0,395.0,31.2,4.0,15.1,95.5,1.44,1.0,1,0
1207,1801.0,374.0,21.6,15.0,3.7,95.7,1.63,2.0,0,1
5666,1174.0,200.0,6.8,25.0,1.3,93.6,1.48,2.0,0,1
8602,2397.0,330.0,41.6,17.0,6.6,87.8,1.52,1.0,1,0
1510,3566.625,1282.0,27.0,67.0,9.7,90.7,1.43,2.0,0,1
3829,1621.0,1157.0,11.3,22.0,23.55,91.1,1.69,2.0,1,1
3732,1715.0,791.0,35.6,37.0,4.3,95.9,1.23,2.0,1,1
6398,1942.0,652.0,27.6,3.0,2.7,98.2,0.54,2.0,0,0
3211,1948.0,746.0,30.2,19.0,7.3,92.2,1.66,2.0,1,1
3630,2417.0,1354.0,13.6,35.0,3.5,95.9,1.47,2.0,1,1
8141,2982.0,1283.0,12.6,3.0,11.3,90.3,1.03,2.0,1,0
6701,1071.0,200.0,16.3,28.0,1.2,91.3,1.4,1.0,0,0
266,1435.0,541.0,24.2,70.0,21.4,93.8,1.53,2.0,0,1
1140,1555.0,703.0,11.7,27.0,12.2,98.5,1.55,2.0,0,1
3162,3566.625,1766.0,16.9,8.0,4.8,93.1,1.07,2.0,1,1
8413,1545.0,433.0,16.1,1.0,0.5,93.5,1.27,2.0,1,0
3730,1417.0,313.0,31.4,4.0,1.5,93.5,2.3,2.0,1,1
1909,2549.0,858.0,20.8,2.0,11.1,97.5,1.97,2.0,0,1
5876,1100.0,781.0,32.0,15.0,18.9,86.5,1.94,2.0,0,1
2660,1042.0,200.0,59.5,73.0,7.0,88.8,1.72,2.0,0,1
656,3286.0,1268.0,47.2,54.0,1.6,94.0,1.3,2.0,0,1
6942,1631.0,342.0,61.2,3.0,0.6,94.2,0.7,2.0,0,0
6296,1808.0,315.0,35.4,14.0,19.0,88.5,2.03,2.0,0,0
998,2510.0,587.0,57.8,6.0,8.6,91.9,1.69,2.0,0,1
5967,1819.0,394.0,8.8,37.0,1.0,94.1,1.14,2.0,0,1
2834,1421.0,246.0,32.5,24.0,3.2,93.3,1.17,2.0,1,1
8246,1666.0,883.0,23.2,31.0,23.55,92.4,1.68,2.0,1,0
1237,2441.0,508.0,7.4,12.0,1.8,96.4,1.12,2.0,0,1
8151,959.0,376.0,41.4,11.0,4.2,93.0,0.89,2.0,1,0
6366,3296.0,1509.0,56.5,13.0,2.7,88.1,1.37,2.0,0,0
7715,2247.0,1147.0,20.6,33.0,3.4,89.7,1.79,2.0,1,0
5091,1414.0,200.0,10.4,30.0,1.9,96.0,2.0,2.0,0,1
2186,3170.0,1473.0,14.4,71.0,2.3,94.9,1.46,2.0,0,1
1134,1533.0,509.0,8.3,66.0,16.5,95.2,1.66,2.0,0,1
5004,767.0,200.0,13.1,22.0,3.9,96.8,1.85,2.0,0,1
1303,2158.0,1164.0,34.3,53.0,2.2,89.2,1.56,2.0,0,1
1627,1987.0,1080.0,15.3,9.0,6.2,91.4,1.64,2.0,0,1
7975,2338.0,1071.0,34.4,5.0,2.7,94.3,1.59,2.0,1,0
1522,2611.0,1566.0,32.2,9.0,1.7,97.1,1.21,2.0,0,1
8826,1595.0,329.0,15.0,10.0,15.9,84.2,1.23,1.0,1,0
358,736.0,568.0,34.7,46.0,3.9,93.0,1.02,2.0,0,1
138,1471.0,587.0,42.6,20.0,19.2,94.8,1.54,2.0,0,1
299,2251.0,1033.0,39.6,74.5,3.8,90.3,1.31,2.0,0,1
1556,2560.0,642.0,14.7,14.0,20.9,93.9,1.76,2.0,0,1
5099,1376.0,314.0,23.7,11.0,16.0,91.4,2.18,2.0,0,1
382,1836.0,1088.0,33.5,5.0,3.9,97.6,1.43,1.0,0,1
6784,1608.0,930.0,23.9,10.0,11.1,88.3,1.18,1.0,0,0
5597,977.0,660.0,9.4,74.5,10.4,94.9,1.17,2.0,0,1
4857,1401.0,457.0,64.4,37.0,11.4,95.6,1.59,2.0,0,1
7789,2214.0,247.0,16.8,13.0,1.6,92.3,1.51,2.0,1,0
7115,1583.0,667.0,8.8,42.0,22.3,92.6,1.39,2.0,0,0
5743,1265.0,495.0,7.1,5.0,0.9,93.6,1.23,2.0,0,1
7920,2249.0,625.0,20.0,2.0,6.6,85.1,1.56,2.0,1,0
6761,1478.0,200.0,41.5,23.0,4.2,87.1,1.24,2.0,0,0
5698,2325.0,200.0,42.8,4.0,4.0,93.9,1.69,2.0,0,1
8297,2045.0,434.0,11.1,14.0,6.7,92.3,1.44,2.0,1,0
2721,2151.0,749.0,17.4,26.0,4.4,94.2,0.97,2.0,0,1
1932,1255.0,429.0,45.2,53.0,2.9,94.5,0.82,2.0,0,1
8078,1385.0,490.0,42.4,35.0,10.1,94.7,1.09,2.0,1,0
3236,1053.0,658.0,36.4,74.5,6.2,92.3,1.45,2.0,1,1
3140,1152.0,329.0,42.3,4.0,13.6,92.1,1.26,2.0,1,1
4163,2133.0,559.0,49.8,1.0,23.55,92.2,1.74,2.0,1,1
7796,1090.0,969.0,18.8,56.0,23.4,93.9,2.02,2.0,1,0
3807,1674.0,259.0,51.7,9.0,0.6,94.4,0.76,2.0,1,1
8525,987.0,323.0,51.5,41.0,13.8,94.3,1.38,2.0,1,0
8686,1313.0,933.0,66.9,40.0,8.9,87.9,1.02,1.0,1,0
4154,2530.0,601.0,45.6,2.0,6.9,99.0,1.18,2.0,1,1
4172,2253.0,1011.0,58.3,24.0,13.2,93.5,1.37,2.0,1,1
796,1405.0,200.0,5.7,33.0,11.2,96.4,1.28,2.0,0,1
2416,1560.0,582.0,36.9,1.0,1.8,93.2,1.58,2.0,0,1
785,1334.0,551.0,20.7,6.0,3.3,86.7,1.68,2.0,0,1
3158,1833.0,299.0,46.8,35.0,4.7,92.9,1.75,2.0,1,1
123,1734.0,880.0,50.0,47.0,0.8,96.1,0.86,2.0,0,1
2172,1673.0,939.0,17.9,21.0,2.3,99.0,1.76,2.0,0,1
7081,2865.0,1004.0,18.3,2.0,11.0,94.7,1.59,2.0,0,0
7021,1223.0,819.0,13.7,9.0,2.4,93.0,1.89,2.0,0,0
8360,2051.0,611.0,13.6,25.0,1.9,98.6,1.37,2.0,1,0
4340,1780.0,200.0,16.4,30.0,1.4,99.0,1.01,2.0,1,1
910,2032.0,895.0,27.0,60.0,4.6,96.6,0.71,2.0,0,1
2309,3458.0,1320.0,19.7,4.0,1.2,98.0,0.88,2.0,0,1
8688,1463.0,200.0,22.6,35.0,4.9,93.9,0.72,2.0,1,0
3634,1858.0,911.0,15.1,58.0,14.2,98.2,1.17,2.0,1,1
1257,1103.0,472.0,31.2,6.0,3.3,84.7,1.35,2.0,0,1
4458,3244.0,482.0,18.2,74.5,5.9,90.0,1.29,1.0,1,1
1178,888.0,898.0,17.3,43.0,22.0,97.9,1.67,2.0,0,1
4652,3259.0,764.0,30.9,3.0,7.8,93.1,1.43,2.0,0,1
3650,1542.0,481.0,37.0,74.0,0.5,95.0,1.9,2.0,1,1
442,1656.0,852.0,38.6,1.0,23.55,94.7,1.54,2.0,0,1
7525,1324.0,252.0,32.8,53.0,3.2,92.7,1.79,2.0,1,0
1399,2077.0,784.0,40.8,8.0,4.0,92.5,1.58,2.0,0,1
1457,1304.0,906.0,47.6,8.0,7.9,94.4,1.69,2.0,0,1
8440,1532.0,677.0,14.6,46.0,2.2,98.6,1.63,2.0,1,0
1054,1503.0,323.0,27.2,49.0,0.5,93.4,1.6,2.0,0,1
5556,1808.0,604.0,36.5,14.0,5.0,88.0,1.38,2.0,0,1
3275,869.0,200.0,11.9,18.0,0.5,96.3,1.81,2.0,1,1
7514,1392.0,505.0,19.3,24.0,1.1,91.7,1.65,2.0,1,0
3699,2042.0,1124.0,22.3,74.5,2.6,96.0,1.71,2.0,1,1
3759,1662.0,340.0,23.7,26.0,7.2,89.3,1.61,2.0,1,1
929,1778.0,989.0,34.7,13.0,10.6,92.3,1.65,2.0,0,1
7171,1229.0,300.0,59.5,44.0,21.5,94.4,1.58,2.0,0,0
1829,2976.0,1198.0,35.3,17.0,5.5,88.4,1.76,2.0,0,1
2928,1332.0,200.0,7.5,28.0,4.0,85.2,1.51,2.0,1,1
8436,2876.0,900.0,10.5,3.0,1.6,98.6,1.34,2.0,1,0
4221,2320.0,617.0,47.0,4.0,2.2,93.5,2.04,2.0,1,1
3546,1687.0,280.0,17.0,1.0,1.8,99.0,1.38,2.0,1,1
7880,1426.0,751.0,63.2,21.0,3.7,94.3,1.91,2.0,1,0
6523,2815.0,675.0,22.1,14.0,7.0,99.0,1.36,2.0,0,0
2011,3487.0,846.0,17.2,4.0,23.55,93.1,1.46,2.0,0,1
7427,1343.0,200.0,44.2,33.0,6.6,95.7,0.93,2.0,1,0
6672,2689.0,644.0,10.7,53.0,6.2,92.1,1.44,1.0,0,0
3219,1565.0,1049.0,22.5,21.0,4.4,99.0,1.32,2.0,1,1
2606,1619.0,1135.0,28.5,69.0,23.55,93.9,1.87,2.0,0,1
3264,3488.0,1587.0,29.0,15.0,8.7,92.6,2.03,2.0,1,1
4928,2183.0,1466.0,40.7,30.0,9.6,92.2,1.13,2.0,0,1
8882,1698.0,1299.0,33.7,2.0,6.1,88.5,1.43,2.0,1,0
6526,1627.0,422.0,30.2,4.0,0.9,89.2,1.36,2.0,0,0
6,2009.0,446.0,33.3,74.5,7.4,94.1,1.02,2.0,0,1
2980,1101.0,819.0,39.5,2.0,1.8,94.2,1.94,2.0,1,1
3361,2074.0,991.0,17.1,49.0,0.7,91.5,1.35,2.0,1,1
4774,1039.0,580.0,36.5,41.0,1.1,89.6,1.4,2.0,0,1
1943,1324.0,768.0,28.5,3.0,8.7,89.2,1.95,2.0,0,1
5981,1996.0,629.0,13.7,30.0,23.55,98.1,1.42,2.0,0,1
1635,1632.0,893.0,24.7,13.0,2.6,97.5,1.64,2.0,0,1
1141,2033.0,1653.0,33.6,20.0,12.1,85.6,1.43,2.0,0,1
7521,2223.0,1102.0,11.6,33.0,3.1,87.8,1.44,2.0,1,0
6286,966.0,352.0,32.2,6.0,18.6,94.5,1.67,2.0,0,0
2070,1010.0,811.0,26.4,23.0,5.7,86.8,0.95,2.0,0,1
3134,967.0,226.0,35.9,55.0,3.1,95.7,1.65,2.0,1,1
5160,1815.0,853.0,52.2,3.0,11.9,93.6,1.11,2.0,0,1
6239,905.0,1003.0,27.0,41.0,22.3,90.0,1.96,2.0,0,0
6728,2538.0,1020.0,45.8,16.0,10.7,94.6,1.33,2.0,0,0
2242,1435.0,200.0,68.1,0.0,1.7,94.6,1.42,2.0,0,1
1474,1313.0,200.0,22.1,12.0,17.8,86.7,1.52,2.0,0,1
7272,1459.0,1036.0,17.7,24.0,17.2,90.5,0.99,2.0,1,0
1889,1512.0,577.0,26.1,49.0,2.1,93.4,1.51,1.0,0,1
3435,1425.0,277.0,28.0,24.0,1.2,93.9,1.17,2.0,1,1
6533,1045.0,451.0,34.5,7.0,3.3,91.7,1.77,2.0,0,0
6187,3566.625,1509.0,34.3,54.0,0.5,92.0,1.32,2.0,0,0
3705,1565.0,645.0,18.2,32.0,5.3,98.8,1.9,2.0,1,1
2021,1101.0,200.0,40.6,2.0,5.3,92.3,1.51,1.0,0,1
4020,869.0,509.0,45.1,29.0,15.3,98.0,2.09,2.0,1,1
7696,2297.0,1180.0,28.5,2.0,12.3,97.4,1.91,2.0,1,0
6997,1608.0,659.0,15.9,57.0,0.6,90.3,2.07,2.0,0,0
7540,1653.0,464.0,45.0,7.0,15.2,94.0,1.18,2.0,1,0
2658,2330.0,1620.0,71.0,3.0,3.3,99.0,1.53,2.0,0,1
1130,1105.0,509.0,29.1,2.0,0.6,90.1,1.67,2.0,0,1
7633,840.0,984.0,25.7,5.0,0.9,91.9,1.92,2.0,1,0
1819,1645.0,593.0,43.8,17.0,20.0,94.0,1.36,1.0,0,1
6011,934.0,977.0,13.4,74.5,11.0,94.2,1.15,2.0,0,0
4318,2584.0,1446.0,46.8,28.0,15.2,94.0,1.0,1.0,1,1
8640,3125.0,1462.0,35.5,22.0,0.5,92.4,1.87,2.0,1,0
4144,1070.0,513.0,24.9,23.0,23.55,90.1,1.24,2.0,1,1
4669,3566.625,1613.0,62.4,46.0,4.1,95.3,1.55,2.0,0,1
1236,3566.625,1466.0,4.9,58.0,6.0,94.2,1.27,2.0,0,1
5476,2637.0,1558.0,37.1,74.5,5.5,97.7,1.88,2.0,0,1
8852,1482.0,200.0,29.1,7.0,1.2,96.6,0.98,2.0,1,0
1856,2099.0,916.0,18.0,14.0,3.0,94.5,1.66,2.0,0,1
2282,2043.0,1038.0,44.9,27.0,1.7,95.7,1.41,2.0,0,1
6946,1440.0,744.0,24.5,22.0,14.7,94.7,1.76,2.0,0,0
8382,2671.0,642.0,12.4,32.0,3.4,91.8,1.51,2.0,1,0
4093,2425.0,693.0,8.1,5.0,23.55,93.1,1.14,1.0,1,1
7503,1533.0,619.0,8.3,17.0,4.9,94.8,1.21,2.0,1,0
5200,1781.0,499.0,8.5,30.0,2.0,99.0,1.0,2.0,0,1
3421,1685.0,842.0,8.5,9.0,3.3,93.7,1.23,2.0,1,1
386,2004.0,554.0,19.9,16.0,8.9,93.8,1.44,2.0,0,1
1628,1290.0,844.0,17.7,1.0,1.8,94.0,1.43,2.0,0,1
3585,1213.0,1155.0,16.1,24.0,5.9,87.9,1.52,2.0,1,1
7894,1405.0,328.0,37.3,41.0,23.55,86.6,1.07,2.0,1,0
2714,1853.0,1202.0,24.0,10.0,15.1,95.0,0.5,2.0,0,1
5770,2588.0,1102.0,44.2,27.0,14.1,86.1,1.43,2.0,0,1
6982,1268.0,862.0,18.7,37.0,8.8,97.1,1.65,2.0,0,0
8383,1710.0,743.0,12.0,21.0,1.3,89.2,1.89,2.0,1,0
3189,2768.0,417.0,46.0,28.0,1.4,93.7,1.98,2.0,1,1
8970,1507.0,593.0,29.3,14.0,1.6,91.2,1.73,2.0,1,0
4305,1565.0,522.0,39.7,52.0,0.5,95.1,1.28,2.0,1,1
909,1220.0,316.0,39.1,8.0,8.1,95.6,1.57,2.0,0,1
5385,1040.0,200.0,14.3,62.0,23.4,94.0,1.49,2.0,0,1
7403,1828.0,602.0,49.9,44.0,0.7,94.6,1.04,2.0,1,0
1866,1787.0,200.0,21.0,8.0,2.4,89.0,1.02,2.0,0,1
1842,2076.0,660.0,36.6,19.0,3.1,89.4,0.62,2.0,0,1
2497,1698.0,439.0,48.1,71.0,1.7,92.5,1.52,2.0,0,1
8009,2299.0,200.0,5.9,70.0,1.2,94.7,1.42,2.0,1,0
6354,3085.0,1521.0,28.4,3.0,6.7,96.8,1.42,2.0,0,0
7716,1410.0,364.0,38.8,15.0,16.9,87.8,1.1,2.0,1,0
5054,1509.0,911.0,28.7,26.0,10.4,89.6,1.63,1.0,0,1
4006,2443.0,421.0,41.5,2.0,2.7,94.3,1.28,2.0,1,1
2702,1297.0,678.0,29.9,6.0,3.4,91.5,1.65,2.0,0,1
8042,2007.0,789.0,35.5,30.0,3.9,93.1,1.7,2.0,1,0
331,2188.0,780.0,18.3,13.0,21.9,84.8,1.48,2.0,0,1
5748,1729.0,814.0,47.8,33.0,9.9,86.0,1.36,2.0,0,1
7924,1146.0,864.0,29.6,72.0,11.9,99.0,1.36,2.0,1,0
6554,1480.0,837.0,26.5,19.0,0.5,90.3,1.77,2.0,0,0
5775,1406.0,397.0,24.9,5.0,13.5,88.6,1.22,2.0,0,1
2459,1688.0,486.0,35.7,4.0,0.6,93.8,1.2,2.0,0,1
1774,930.0,410.0,34.3,6.0,7.5,96.2,1.17,2.0,0,1
6108,1451.0,200.0,54.0,13.0,1.2,90.6,1.24,2.0,0,0
6418,2068.0,1241.0,21.5,6.0,10.0,91.0,1.34,2.0,0,0
2686,1931.0,585.0,60.6,12.0,9.8,96.5,1.75,2.0,0,1
8220,1896.0,715.0,22.4,8.0,1.2,88.1,1.08,2.0,1,0
7949,2325.0,1194.0,38.9,3.0,5.1,86.9,1.57,2.0,1,0
5668,1883.0,519.0,17.6,2.0,5.0,94.3,1.0,2.0,0,1
6838,1459.0,373.0,11.8,4.0,2.6,90.2,1.5,2.0,0,0
7202,2237.0,1104.0,17.4,35.0,16.3,89.2,1.35,2.0,0,0
7542,1501.0,299.0,43.6,13.0,0.5,96.7,0.55,2.0,1,0
7482,2012.0,502.0,48.7,1.0,15.4,93.4,1.36,1.0,1,0
6993,1784.0,546.0,34.1,14.0,5.7,92.2,1.53,2.0,0,0
7369,1360.0,368.0,45.7,0.0,5.8,92.5,1.65,2.0,1,0
5462,2154.0,200.0,48.6,9.0,2.1,95.3,1.54,2.0,0,1
173,1488.0,600.0,21.9,74.5,15.4,93.6,1.08,1.0,0,1
8714,1405.0,283.0,7.7,25.0,4.2,96.5,1.34,2.0,1,0
4615,1759.0,200.0,21.0,74.5,18.4,92.3,1.54,2.0,0,1
3321,3447.0,1362.0,14.8,7.0,21.6,91.5,1.31,2.0,1,1
8663,1764.0,476.0,21.2,39.0,22.0,94.1,1.65,2.0,1,0
3372,1425.0,237.0,25.4,15.0,18.3,88.2,0.73,2.0,1,1
3311,1284.0,628.0,42.8,9.0,4.7,91.7,1.48,2.0,1,1
5867,928.0,416.0,32.0,46.0,2.3,83.54999999999998,2.31,2.0,0,1
6098,1443.0,1295.0,5.4,18.0,15.0,93.6,1.35,2.0,0,0
7669,1360.0,200.0,45.3,6.0,9.7,88.6,1.85,1.0,1,0
6551,1292.0,474.0,25.5,2.0,18.0,95.9,1.18,2.0,0,0
4679,1503.0,702.0,18.3,44.0,1.8,91.0,1.49,2.0,0,1
3403,2624.0,1369.0,47.5,1.0,3.9,87.6,0.82,2.0,1,1
18,2021.0,200.0,13.7,15.0,1.9,90.8,1.42,2.0,0,1
3691,1697.0,376.0,12.1,9.0,1.5,94.0,1.29,2.0,1,1
7396,1802.0,387.0,9.5,74.5,3.9,94.3,2.1,2.0,1,0
4096,1307.0,200.0,19.2,23.0,1.3,92.3,1.43,2.0,1,1
3628,1758.0,1313.0,29.0,5.0,2.2,83.7,1.7,2.0,1,1
7747,1871.0,916.0,20.3,35.0,2.1,96.0,1.85,2.0,1,0
2174,1015.0,344.0,45.1,26.0,2.5,96.7,1.68,1.0,0,1
1356,1188.0,397.0,6.5,6.0,1.3,99.0,1.68,2.0,0,1
5002,1329.0,200.0,15.1,60.0,19.5,92.1,0.89,1.0,0,1
5939,2349.0,856.0,14.4,7.0,23.4,88.5,1.07,2.0,0,1
8548,1148.0,200.0,15.9,2.0,2.1,89.8,1.34,2.0,1,0
3112,2305.0,673.0,9.1,14.0,0.6,85.0,1.59,2.0,1,1
182,1174.0,200.0,52.9,10.0,11.2,93.2,1.57,2.0,0,1
7644,2118.0,612.0,38.2,4.0,2.6,92.2,1.83,2.0,1,0
7740,2138.0,1143.0,40.5,25.0,8.9,97.9,1.59,2.0,1,0
1812,1146.0,853.0,26.6,2.0,0.5,93.7,1.29,1.0,0,1
6330,1904.0,484.0,11.8,6.0,11.6,90.3,1.37,2.0,0,0
6992,2140.0,514.0,33.3,3.0,17.4,97.0,1.41,2.0,0,0
4912,2421.0,200.0,43.1,9.0,2.6,93.0,1.87,2.0,0,1
7191,3301.0,1129.0,9.7,4.0,3.5,92.6,1.74,2.0,0,0
1800,1697.0,363.0,3.5,44.0,1.0,95.5,1.04,2.0,0,1
2429,3566.625,1325.0,31.0,74.5,5.5,92.0,1.6,2.0,0,1
5482,3211.0,1178.0,40.8,48.0,0.8,93.7,1.48,2.0,0,1
7558,3566.625,930.0,55.4,60.0,6.8,83.54999999999998,1.4,2.0,1,0
6032,1763.0,502.0,28.7,27.0,10.1,83.8,1.43,1.0,0,0
1968,1204.0,458.0,12.9,16.0,0.8,96.8,1.3,2.0,0,1
6829,1733.0,596.0,22.2,18.0,23.55,95.8,1.62,2.0,0,0
6535,1517.0,346.0,31.6,7.0,4.0,91.3,1.29,2.0,0,0
6057,1953.0,923.0,38.1,6.0,2.3,97.8,1.31,2.0,0,0
4987,1783.0,738.0,45.2,67.0,1.1,96.3,1.96,2.0,0,1
8777,2253.0,767.0,48.7,1.0,14.4,90.8,1.65,2.0,1,0
4650,2103.0,839.0,12.3,7.0,21.4,93.2,1.83,2.0,0,1
1159,3285.0,1209.0,15.6,74.5,16.0,89.5,0.96,2.0,0,1
1213,2277.0,671.0,19.1,1.0,2.7,93.9,1.03,2.0,0,1
5900,1691.0,1062.0,3.9,14.0,3.2,88.4,1.42,2.0,0,1
1325,1980.0,854.0,23.8,9.0,5.5,97.0,0.96,2.0,0,1
6033,1930.0,999.0,11.1,49.0,4.0,99.0,1.38,2.0,0,0
7529,2446.0,1125.0,35.5,30.0,7.3,90.8,0.97,2.0,1,0
4796,2228.0,643.0,18.4,12.0,7.5,88.2,1.55,2.0,0,1
1455,1184.0,493.0,20.2,16.0,6.6,97.5,1.94,2.0,0,1
5410,2036.0,703.0,68.2,74.5,2.7,95.2,1.28,2.0,0,1
5741,1624.0,224.0,22.6,20.0,3.2,90.4,1.33,2.0,0,1
6968,1238.0,200.0,35.4,3.0,14.1,95.0,1.94,2.0,0,0
4962,1734.0,578.0,36.8,20.0,14.3,92.3,2.11,1.0,0,1
7490,953.0,539.0,22.7,7.0,23.55,88.2,0.98,2.0,1,0
1644,3145.0,630.0,11.1,1.0,6.3,93.3,1.37,2.0,0,1
2140,3516.0,1284.0,67.4,48.0,14.0,87.7,1.21,2.0,0,1
4536,1657.0,674.0,37.3,6.0,0.6,90.5,1.44,2.0,0,1
4457,988.0,375.0,43.1,0.0,7.9,94.9,1.8,2.0,1,1
7907,2509.0,733.0,28.4,41.0,0.5,92.6,1.09,2.0,1,0
5586,1763.0,1022.0,9.6,22.0,2.9,92.0,0.92,2.0,0,1
4378,1375.0,560.0,25.2,23.0,4.2,92.6,1.06,2.0,1,1
729,1780.0,1086.0,21.2,34.0,23.55,99.0,1.3,2.0,0,1
4357,1547.0,200.0,13.6,4.0,4.0,97.0,1.22,2.0,1,1
8274,1627.0,200.0,18.6,36.0,4.7,97.3,1.08,2.0,1,0
1936,1669.0,224.0,19.6,13.0,4.3,93.5,2.04,2.0,0,1
3793,2396.0,844.0,18.3,50.0,4.4,90.3,1.32,2.0,1,1
3736,1434.0,376.0,50.3,21.0,23.55,90.8,1.31,2.0,1,1
2261,2866.0,1525.0,13.5,4.0,13.8,96.4,1.33,2.0,0,1
6994,2358.0,874.0,17.8,26.0,8.5,87.1,1.37,2.0,0,0
1110,1562.0,618.0,38.8,38.0,5.8,94.4,1.58,2.0,0,1
7952,2323.0,913.0,22.7,53.0,5.5,91.3,1.75,2.0,1,0
5480,1222.0,267.0,48.7,69.0,6.2,89.3,1.05,2.0,0,1
2998,2150.0,617.0,24.0,4.0,3.6,94.2,1.96,2.0,1,1
2394,1471.0,482.0,15.8,74.5,0.5,99.0,1.79,2.0,0,1
1185,2315.0,972.0,41.3,30.0,7.7,99.0,0.82,2.0,0,1
2007,2582.0,782.0,31.5,17.0,0.5,89.9,0.94,2.0,0,1
193,2648.0,904.0,35.6,2.0,0.9,91.1,2.2,2.0,0,1
5611,2398.0,898.0,39.9,74.5,0.7,90.6,1.33,2.0,0,1
7819,1801.0,421.0,35.5,3.0,7.8,91.0,1.95,2.0,1,0
578,1428.0,797.0,45.6,26.0,1.9,97.3,1.16,2.0,0,1
5525,941.0,267.0,35.2,5.0,13.7,94.9,1.49,2.0,0,1
771,3566.625,1801.5,20.1,8.0,3.0,98.3,1.45,1.0,0,1
2395,3566.625,1617.0,65.4,2.0,0.7,93.8,1.82,2.0,0,1
1478,2721.0,371.0,73.6625,4.0,6.7,92.7,1.54,2.0,0,1
1846,1459.0,459.0,34.9,20.0,0.5,95.7,1.27,2.0,0,1
8180,2239.0,912.0,12.2,74.5,7.3,99.0,1.07,2.0,1,0
4274,2096.0,718.0,15.1,26.0,12.4,90.2,1.59,2.0,1,1
3740,768.0,888.0,12.4,49.0,10.4,89.3,1.42,1.0,1,1
4600,2489.0,777.0,36.2,19.0,5.4,92.7,1.56,2.0,0,1
8670,1538.0,200.0,21.4,8.0,2.3,98.3,1.84,2.0,1,0
6522,1695.0,1069.0,73.6625,48.0,14.4,95.5,1.3,2.0,0,0
4915,2388.0,318.0,33.5,2.0,0.5,93.3,1.15,2.0,0,1
2073,2107.0,833.0,44.9,0.0,11.6,89.9,1.36,2.0,0,1
4754,1714.0,364.0,5.1,35.0,5.0,90.9,1.83,2.0,0,1
1896,2799.0,1045.0,32.5,13.0,9.7,91.3,1.24,2.0,0,1
7210,1373.0,862.0,13.5,3.0,23.55,93.9,0.86,1.0,0,0
3659,2107.0,359.0,38.2,12.0,23.55,91.4,1.31,2.0,1,1
2379,973.0,1050.0,12.3,56.0,8.6,89.8,1.67,2.0,0,1
1447,1218.0,715.0,27.8,8.0,1.1,97.5,1.44,2.0,0,1
342,2172.0,844.0,44.5,9.0,23.55,88.7,0.82,2.0,0,1
5127,1773.0,1437.0,56.0,12.0,4.8,87.2,1.45,2.0,0,1
3136,2883.0,1547.0,33.8,74.5,2.1,94.3,1.39,2.0,1,1
2527,2462.0,1212.0,22.6,31.0,3.0,89.7,1.42,2.0,0,1
727,2217.0,233.0,1.5,29.0,0.5,89.7,1.83,2.0,0,1
4577,2029.0,432.0,43.2,8.0,18.6,93.7,1.57,2.0,0,1
976,1334.0,527.0,35.9,30.0,7.7,91.4,2.16,2.0,0,1
6913,1911.0,406.0,4.7,52.0,3.6,90.4,1.99,2.0,0,0
8052,2029.0,611.0,41.3,17.0,5.6,96.2,1.31,2.0,1,0
3516,2888.0,1282.0,16.9,6.0,2.7,90.6,2.04,2.0,1,1
7760,1937.0,360.0,54.4,57.0,7.9,96.2,1.55,1.0,1,0
8806,2583.0,469.0,45.8,30.0,1.2,93.9,1.18,2.0,1,0
3940,3242.0,200.0,33.5,0.0,2.6,89.7,1.32,2.0,1,1
1299,1035.0,418.0,39.0,24.0,5.3,94.2,1.7,2.0,0,1
8785,1813.0,357.0,35.0,16.0,10.7,91.0,1.3,2.0,1,0
1348,1214.0,200.0,66.1,11.0,14.9,91.9,1.8,2.0,0,1
660,2983.0,1498.0,16.9,39.0,3.2,90.3,0.86,2.0,0,1
1492,2173.0,1233.0,12.6,20.0,17.5,92.7,1.12,2.0,0,1
6604,1856.0,453.0,29.0,24.0,0.8,94.6,1.97,2.0,0,0
6822,2375.0,1207.0,34.2,2.0,21.9,90.7,1.59,2.0,0,0
7838,1796.0,200.0,22.3,25.0,0.9,93.8,0.99,2.0,1,0
5154,1052.0,200.0,51.9,5.0,18.6,95.5,1.04,2.0,0,1
2315,1383.0,604.0,16.7,21.0,0.5,94.1,1.54,2.0,0,1
8648,3566.625,1467.0,16.9,39.0,6.4,92.0,1.2,2.0,1,0
8615,949.0,525.0,19.0,1.0,4.8,93.3,2.09,2.0,1,0
1085,1534.0,951.0,5.6,20.0,0.6,90.0,1.61,2.0,0,1
2524,2199.0,995.0,64.9,3.0,8.6,93.1,1.64,2.0,0,1
7072,2839.0,563.0,43.1,6.0,4.1,91.5,1.28,2.0,0,0
5374,3184.0,921.0,22.2,67.0,2.4,92.7,1.33,2.0,0,1
3198,2617.0,809.0,22.4,24.0,1.8,92.9,1.97,2.0,1,1
7591,2252.0,791.0,15.4,45.0,10.5,95.1,1.22,2.0,1,0
8681,2042.0,737.0,48.1,55.0,0.5,95.0,1.4,2.0,1,0
67,2074.0,200.0,61.1,2.0,4.1,88.3,1.18,2.0,0,1
7778,1788.0,365.0,16.3,2.0,5.8,92.2,1.2,2.0,1,0
2269,1488.0,537.0,9.5,52.0,0.6,96.6,2.07,2.0,0,1
6921,1472.0,200.0,27.0,27.0,12.6,92.4,1.13,2.0,0,0
5903,3229.0,1607.0,42.2,7.0,7.3,92.6,1.07,2.0,0,1
7709,1272.0,468.0,21.6,40.0,1.1,94.2,1.37,1.0,1,0
8153,1309.0,803.0,17.7,7.0,0.8,96.1,1.48,2.0,1,0
5322,2610.0,675.0,18.0,19.0,4.7,91.7,1.33,2.0,0,1
3447,1438.0,1118.0,50.9,17.0,3.8,95.1,0.72,2.0,1,1
2367,1342.0,469.0,33.7,20.0,7.2,98.8,0.83,2.0,0,1
5820,1284.0,1269.0,22.7,34.0,0.5,91.8,2.0,2.0,0,1
6556,1488.0,229.0,38.1,20.0,3.9,94.0,1.78,2.0,0,0
2512,2036.0,792.0,8.8,1.0,3.2,93.3,1.34,2.0,0,1
2723,1520.0,282.0,51.7,0.0,8.0,94.7,1.32,2.0,0,1
8253,2334.0,829.0,22.5,10.0,8.8,92.9,1.62,2.0,1,0
7247,1865.0,317.0,26.6,1.0,12.7,88.9,1.71,2.0,1,0
1143,2142.0,1197.0,21.2,2.0,1.4,89.5,1.6,2.0,0,1
8758,1509.0,200.0,36.0,3.0,1.7,97.1,1.19,2.0,1,0
5813,3389.0,1379.0,14.8,3.0,1.0,96.4,1.32,2.0,0,1
8260,2148.0,593.0,21.6,24.0,8.0,93.6,1.31,2.0,1,0
8287,1094.0,661.0,49.0,8.0,7.5,97.2,1.29,2.0,1,0
4728,2066.0,453.0,12.3,16.0,0.5,93.2,1.43,2.0,0,1
5494,1642.0,730.0,16.4,25.0,19.7,96.6,1.21,2.0,0,1
7534,2107.0,892.0,57.5,15.0,9.5,86.7,1.82,2.0,1,0
3789,1016.0,200.0,50.3,36.0,21.7,87.8,1.07,2.0,1,1
2220,1504.0,262.0,25.0,1.0,0.9,94.8,1.56,2.0,0,1
5075,2234.0,970.0,22.0,74.5,2.1,90.7,1.18,2.0,0,1
2331,2437.0,466.0,63.2,1.0,4.0,93.6,1.11,2.0,0,1
5394,1845.0,401.0,19.9,74.5,0.9,88.8,1.17,2.0,0,1
5973,2109.0,1162.0,69.8,5.0,23.55,87.8,1.3,2.0,0,1
6481,3566.625,1612.0,57.8,4.0,5.2,95.7,0.87,2.0,0,0
8397,1303.0,784.0,21.5,4.0,15.2,93.1,1.41,2.0,1,0
4088,1535.0,551.0,18.8,48.0,10.8,85.5,1.91,2.0,1,1
1967,1666.0,939.0,18.9,8.0,2.2,92.6,1.83,2.0,0,1
7971,1791.0,200.0,35.3,9.0,13.0,95.2,1.11,2.0,1,0
7654,1724.0,795.0,26.4,0.0,11.3,95.3,1.32,2.0,1,0
8623,2270.0,1158.0,7.0,20.0,0.9,94.9,1.47,1.0,1,0
4365,1918.0,877.0,55.4,12.0,3.0,92.0,1.24,2.0,1,1
423,1813.0,735.0,34.2,54.0,2.0,86.2,1.03,2.0,0,1
280,2177.0,929.0,20.2,21.0,7.5,89.3,2.0,2.0,0,1
1904,1479.0,1027.0,24.3,12.0,23.55,93.3,1.14,2.0,0,1
595,2284.0,910.0,30.7,40.0,4.1,96.0,1.63,2.0,0,1
7250,1832.0,1156.0,16.2,12.0,14.6,93.7,0.79,2.0,1,0
3917,2521.0,881.0,20.2,4.0,8.0,90.9,1.69,1.0,1,1
5661,2289.0,641.0,17.5,2.0,5.7,91.6,1.29,2.0,0,1
3618,1502.0,573.0,9.4,16.0,2.2,93.7,1.1,2.0,1,1
839,1604.0,647.0,12.1,39.0,10.5,97.0,1.44,2.0,0,1
4596,1026.0,200.0,22.3,7.0,15.1,96.1,1.38,2.0,0,1
6022,1822.0,738.0,20.0,15.0,2.7,90.7,1.53,2.0,0,0
141,1178.0,203.0,15.2,54.0,5.5,92.9,1.05,2.0,0,1
8076,1732.0,388.0,9.1,1.0,7.1,97.2,0.96,2.0,1,0
1377,2735.0,900.0,13.5,15.0,23.55,94.2,2.11,2.0,0,1
3674,2598.0,1370.0,20.4,48.0,16.5,93.6,1.18,2.0,1,1
7611,2086.0,738.0,17.7,33.0,11.2,89.5,1.88,2.0,1,0
8903,1215.0,598.0,9.5,12.0,6.0,88.3,1.55,2.0,1,0
4741,1423.0,650.0,33.7,31.0,2.9,96.0,1.23,2.0,0,1
3808,2713.0,1108.0,19.0,17.0,10.7,94.3,2.0,2.0,1,1
1138,2607.0,747.0,26.5,2.0,3.3,93.9,1.06,1.0,0,1
2257,1487.0,701.0,27.7,74.5,23.55,90.0,1.04,2.0,0,1
6325,1890.0,1152.0,24.6,74.5,16.5,87.1,0.92,2.0,0,0
1787,1496.0,696.0,65.1,20.0,23.55,92.4,1.23,2.0,0,1
3938,2737.0,661.0,70.9,20.0,6.8,94.8,1.5,2.0,1,1
6350,1281.0,200.0,31.8,1.0,15.1,91.0,0.75,1.0,0,0
4646,1486.0,619.0,11.0,35.0,3.7,88.3,1.83,2.0,0,1
459,1245.0,964.0,47.6,18.0,2.9,93.1,1.59,2.0,0,1
8583,1651.0,775.0,14.2,3.0,1.1,96.4,1.5,2.0,1,0
948,2757.0,841.0,22.7,5.0,17.9,94.4,1.86,2.0,0,1
3700,1477.0,255.0,25.9,8.0,17.6,84.8,1.29,2.0,1,1
1336,977.0,200.0,10.1,1.0,8.0,91.9,1.91,2.0,0,1
4628,2054.0,605.0,6.4,26.0,6.1,95.4,1.39,2.0,0,1
7791,1946.0,626.0,63.1,70.0,12.1,94.5,0.78,2.0,1,0
1602,1661.0,457.0,31.0,22.0,6.1,92.6,1.21,2.0,0,1
2238,1828.0,203.0,29.7,1.0,7.5,91.9,0.82,2.0,0,1
639,1661.0,500.0,71.1,6.0,0.6,94.0,1.74,2.0,0,1
8836,966.0,834.0,51.0,74.5,3.7,99.0,1.23,2.0,1,0
3830,1588.0,987.0,46.1,43.0,5.7,96.6,1.22,2.0,1,1
8452,2014.0,981.0,19.1,74.5,6.5,93.3,1.58,2.0,1,0
6417,1782.0,463.0,22.1,6.0,11.3,93.6,1.55,2.0,0,0
8860,1086.0,663.0,19.2,2.0,2.3,87.7,1.2,2.0,1,0
1958,2708.0,1244.0,41.3,31.0,1.6,87.7,0.92,2.0,0,1
1070,700.0,520.0,28.1,26.0,4.7,93.2,1.07,2.0,0,1
155,2018.0,535.0,54.8,21.0,4.8,92.8,1.75,2.0,0,1
2295,1683.0,594.0,50.7,19.0,2.7,94.1,1.1,2.0,0,1
6252,1793.0,551.0,41.7,1.0,9.0,98.1,1.28,1.0,0,0
4578,2720.0,1011.0,26.6,27.0,6.8,98.8,1.33,2.0,0,1
1089,1530.0,200.0,11.2,4.0,0.9,92.7,1.54,2.0,0,1
2940,2866.0,493.0,10.0,26.0,14.5,92.8,1.3,2.0,1,1
723,1762.0,495.0,61.2,7.0,2.1,93.9,1.42,2.0,0,1
4384,833.0,359.0,28.4,3.0,3.6,93.2,1.4,2.0,1,1
930,1939.0,519.0,38.3,27.0,5.0,93.6,1.44,2.0,0,1
2909,1316.0,835.0,24.7,67.0,4.4,89.0,1.62,1.0,1,1
6309,2610.0,1450.0,14.7,58.0,23.55,99.0,1.58,2.0,0,0
895,1589.0,200.0,35.6,12.0,5.8,93.9,0.58,2.0,0,1
3247,1097.0,442.0,34.0,1.0,0.5,93.3,1.19,2.0,1,1
2326,936.0,262.0,36.8,29.0,8.3,89.3,1.51,2.0,0,1
7495,1559.0,362.0,14.6,33.0,4.8,93.7,1.48,2.0,1,0
6846,2314.0,587.0,19.6,27.0,9.4,89.4,0.73,1.0,0,0
7180,1229.0,200.0,44.7,2.0,1.6,92.5,0.94,2.0,0,0
5038,2124.0,727.0,11.1,46.0,0.5,92.1,1.97,2.0,0,1
4136,700.0,433.0,13.0,18.0,14.5,94.4,1.56,2.0,1,1
8314,2302.0,955.0,17.8,37.0,21.9,91.6,1.64,2.0,1,0
1715,1497.0,546.0,5.6,46.0,6.6,93.5,1.64,2.0,0,1
1698,1211.0,617.0,11.1,16.0,0.6,89.1,1.31,2.0,0,1
8720,2535.0,941.0,14.1,25.0,3.9,95.1,0.93,2.0,1,0
8590,2029.0,1156.0,21.8,2.0,0.6,89.1,1.43,2.0,1,0
8973,1217.0,200.0,63.3,2.0,3.5,92.2,1.15,2.0,1,0
6632,1137.0,200.0,12.7,24.0,0.5,97.4,1.37,2.0,0,0
3831,1484.0,855.0,15.0,0.0,1.6,91.0,1.86,2.0,1,1
3348,1680.0,1111.0,30.8,6.0,20.2,85.8,2.03,2.0,1,1
8563,1302.0,676.0,44.7,32.0,3.2,91.3,1.26,2.0,1,0
985,1395.0,590.0,20.2,16.0,16.9,98.7,1.78,2.0,0,1
1821,920.0,484.0,8.8,0.0,11.2,95.6,1.35,2.0,0,1
4571,3078.0,1572.0,53.8,8.0,8.6,97.1,0.86,2.0,0,1
587,2209.0,1171.0,7.0,4.0,16.8,95.5,1.33,2.0,0,1
8778,1278.0,676.0,57.0,52.0,15.8,95.4,1.48,2.0,1,0
5077,1056.0,200.0,32.9,6.0,6.0,95.0,2.05,2.0,0,1
6538,1822.0,350.0,39.1,8.0,2.1,89.2,1.58,2.0,0,0
6807,2804.0,689.0,18.5,1.0,9.7,90.5,1.68,2.0,0,0
8567,1858.0,774.0,25.1,57.0,4.9,95.6,1.39,2.0,1,0
8969,2095.0,1052.0,42.7,1.0,1.7,91.6,1.37,2.0,1,0
5483,1107.0,457.0,28.0,24.0,6.6,88.7,0.98,2.0,0,1
6227,1640.0,288.0,48.5,3.0,2.3,93.2,1.2,2.0,0,0
8326,2388.0,447.0,18.8,9.0,19.1,97.7,1.22,2.0,1,0
5514,1526.0,328.0,45.4,3.0,2.4,93.0,1.51,2.0,0,1
7764,895.0,582.0,31.0,3.0,23.55,95.7,0.98,2.0,1,0
5553,717.0,402.0,9.6,36.0,8.9,89.9,1.6,2.0,0,1
3557,1675.0,789.0,25.0,23.0,0.5,89.4,1.36,2.0,1,1
1395,3500.0,1202.0,23.0,2.0,7.5,93.3,1.09,2.0,0,1
264,2253.0,542.0,20.0,37.0,3.9,90.7,1.33,2.0,0,1
3547,2825.0,1248.0,73.6625,24.0,4.3,89.6,1.6,2.0,1,1
6134,1032.0,657.0,31.9,23.0,0.5,96.6,1.64,2.0,0,0
3069,2461.0,712.0,21.0,9.0,0.9,96.6,1.45,2.0,1,1
5025,3032.0,1376.0,35.5,8.0,0.5,96.5,1.2,2.0,0,1
6923,3394.0,567.0,58.1,25.0,2.1,94.2,0.75,2.0,0,0
3864,2930.0,1039.0,14.1,11.0,6.2,90.6,1.63,2.0,1,1
8119,1551.0,200.0,11.6,11.0,18.2,97.1,1.78,2.0,1,0
2400,1325.0,487.0,60.4,58.0,4.1,94.5,1.45,2.0,0,1
7084,1634.0,200.0,18.6,14.0,0.5,92.3,1.95,2.0,0,0
3711,2069.0,1209.0,42.2,44.0,13.1,92.2,1.15,2.0,1,1
246,1960.0,244.0,47.9,13.0,3.0,86.5,0.99,2.0,0,1
1594,2344.0,1094.0,38.4,15.0,3.5,96.2,1.37,2.0,0,1
1529,2515.0,1334.0,50.0,34.0,1.8,94.1,1.38,2.0,0,1
6631,2152.0,259.0,20.2,10.0,5.1,99.0,1.34,2.0,0,0
923,1830.0,625.0,21.2,50.0,8.5,90.1,1.64,2.0,0,1
6068,1938.0,899.0,44.1,15.0,3.1,95.2,0.51,2.0,0,0
4364,1546.0,1230.0,12.7,28.0,5.5,92.1,1.74,2.0,1,1
669,1404.0,267.0,8.7,8.0,2.9,89.8,1.05,2.0,0,1
3604,1792.0,746.0,55.9,74.5,1.6,95.5,0.9,2.0,1,1
5108,2180.0,796.0,49.0,23.0,8.5,98.2,0.75,2.0,0,1
1910,1337.0,393.0,3.9,25.0,11.8,96.5,1.94,2.0,0,1
6835,1314.0,418.0,9.8,11.0,23.55,90.5,1.91,2.0,0,0
5248,1466.0,479.0,20.9,23.0,4.2,90.2,1.18,2.0,0,1
3958,861.0,200.0,29.3,8.0,1.2,93.0,1.51,2.0,1,1
5643,1315.0,261.0,18.3,17.0,5.9,99.0,0.66,2.0,0,1
2696,2652.0,1339.0,19.6,28.0,5.9,92.7,1.74,2.0,0,1
2591,1044.0,368.0,61.0,51.0,0.5,90.6,1.03,2.0,0,1
1781,2037.0,720.0,27.4,32.0,4.2,93.1,1.37,2.0,0,1
3013,3318.0,989.0,14.6,8.0,11.6,98.9,1.03,2.0,1,1
2307,1419.0,845.0,47.5,0.0,10.9,89.8,1.47,2.0,0,1
8712,1300.0,474.0,35.3,20.0,18.7,97.6,1.58,1.0,1,0
3690,2589.0,1255.0,13.1,52.0,5.5,90.4,1.58,2.0,1,1
687,2069.0,937.0,15.1,37.0,8.1,93.6,1.61,2.0,0,1
612,2143.0,292.0,13.6,61.0,0.5,90.9,0.92,2.0,0,1
6145,1109.0,927.0,26.6,37.0,3.3,90.2,1.58,2.0,0,0
3200,2430.0,235.0,28.5,12.0,0.5,91.9,1.48,2.0,1,1
2267,2383.0,1195.0,5.1,17.0,1.2,96.7,1.1,2.0,0,1
8813,1463.0,200.0,44.3,18.0,1.5,91.1,1.71,1.0,1,0
7442,1535.0,1299.0,34.5,10.0,2.6,87.9,1.6,2.0,1,0
1898,2886.0,537.0,27.0,13.0,11.5,92.8,0.9,2.0,0,1
8574,1480.0,569.0,6.1,52.0,1.0,95.2,1.01,2.0,1,0
6207,828.0,200.0,30.0,18.0,2.4,89.1,1.41,2.0,0,0
258,3046.0,936.0,8.5,14.0,1.4,91.6,2.0,2.0,0,1
2924,1852.0,964.0,30.3,34.0,1.6,91.6,1.3,2.0,1,1
4943,2803.0,1426.0,12.8,13.0,9.4,96.8,0.6,2.0,0,1
2822,1613.0,735.0,16.9,33.0,0.7,99.0,1.0,2.0,1,1
3339,1370.0,340.0,26.0,26.0,0.5,90.5,1.4,1.0,1,1
3525,2609.0,1202.0,39.4,56.0,17.6,86.5,1.91,2.0,1,1
4563,1710.0,533.0,31.8,28.0,3.7,88.4,1.26,2.0,0,1
5329,2478.0,558.0,21.1,2.0,8.4,96.7,1.29,2.0,0,1
5223,2363.0,200.0,24.4,74.5,2.8,92.7,0.94,2.0,0,1
2285,2480.0,1580.0,43.0,22.0,0.9,92.9,0.93,2.0,0,1
4654,1487.0,200.0,3.6,1.0,0.5,93.6,1.72,2.0,0,1
7826,1308.0,200.0,52.7,20.0,5.9,97.4,1.63,2.0,1,0
484,1719.0,255.0,47.6,6.0,6.3,89.2,1.46,2.0,0,1
2211,2453.0,449.0,35.0,15.0,3.0,89.4,1.82,2.0,0,1
5416,1513.0,200.0,4.5,2.0,2.1,88.2,1.57,2.0,0,1
7055,1818.0,641.0,49.6,43.0,5.1,93.9,1.58,2.0,0,0
2555,1931.0,412.0,27.3,6.0,1.6,89.9,0.73,2.0,0,1
7,1098.0,617.0,38.0,29.0,22.2,95.3,0.91,2.0,0,1
3657,2057.0,592.0,34.9,74.5,4.8,88.9,1.77,2.0,1,1
8236,1422.0,537.0,1.7,21.0,15.0,92.9,1.27,2.0,1,0
4874,2047.0,200.0,51.2,13.0,4.1,87.6,1.2,2.0,0,1
4402,2195.0,919.0,51.2,53.0,4.6,92.2,0.95,2.0,1,1
5546,1535.0,200.0,24.3,4.0,9.7,94.8,1.65,2.0,0,1
8380,2119.0,936.0,29.3,4.0,13.7,91.0,1.4,2.0,1,0
2426,1765.0,840.0,39.5,7.0,3.7,92.6,1.74,2.0,0,1
1814,3566.625,1782.0,9.5,13.0,3.2,87.9,1.93,1.0,0,1
8658,2590.0,1082.0,34.7,18.0,2.3,96.3,1.77,2.0,1,0
2274,2331.0,892.0,21.9,72.0,1.0,96.6,1.18,2.0,0,1
1011,3199.0,1660.0,14.7,5.0,0.7,93.4,1.46,2.0,0,1
6641,1397.0,513.0,43.0,19.0,7.4,87.4,1.13,2.0,0,0
1067,1401.0,903.0,31.4,8.0,2.2,88.1,1.1,1.0,0,1
1991,1599.0,646.0,73.6625,20.0,1.3,91.9,1.6,2.0,0,1
3970,1358.0,507.0,18.3,2.0,8.7,93.7,1.74,2.0,1,1
8455,1102.0,200.0,30.4,33.0,1.2,90.4,1.35,2.0,1,0
5879,1633.0,917.0,58.3,18.0,1.8,89.8,1.73,2.0,0,1
6973,1432.0,713.0,16.7,34.0,15.3,88.4,1.23,2.0,0,0
4542,1601.0,293.0,21.7,30.0,17.9,89.8,1.88,2.0,0,1
8387,2620.0,1474.0,10.6,38.0,8.2,91.5,1.56,2.0,1,0
3867,3566.625,1047.0,27.9,34.0,23.55,89.7,1.71,1.0,1,1
8471,3566.0,1177.0,30.0,2.0,0.5,95.7,1.48,2.0,1,0
3048,1741.0,607.0,10.5,19.0,14.8,97.2,0.87,2.0,1,1
781,2110.0,695.0,26.9,74.5,2.0,98.0,1.37,2.0,0,1
2675,1563.0,200.0,28.1,74.5,8.6,99.0,1.56,2.0,0,1
1749,2070.0,922.0,24.0,7.0,2.6,94.5,1.14,2.0,0,1
2791,1237.0,498.0,63.0,8.0,3.2,90.0,2.11,2.0,1,1
5774,1402.0,294.0,26.3,12.0,14.0,92.7,1.07,2.0,0,1
4979,2216.0,908.0,53.1,48.0,2.0,90.5,1.24,1.0,0,1
1091,1560.0,785.0,23.7,44.0,5.0,97.4,1.44,2.0,0,1
6773,1356.0,956.0,41.2,9.0,18.7,87.1,1.18,2.0,0,0
4627,1541.0,739.0,5.6,16.0,10.0,94.4,1.65,2.0,0,1
2324,1373.0,903.0,30.2,54.0,23.55,97.1,1.17,2.0,0,1
8262,1210.0,457.0,24.1,29.0,1.3,92.7,0.87,2.0,1,0
5055,1749.0,1045.0,12.9,7.0,2.1,93.7,0.99,2.0,0,1
2608,1904.0,509.0,31.4,27.0,23.55,92.2,1.4,2.0,0,1
8020,1643.0,523.0,8.6,10.0,3.0,95.4,1.76,2.0,1,0
2290,1803.0,669.0,66.1,11.0,15.0,90.5,1.49,2.0,0,1
1727,1318.0,409.0,22.6,57.0,0.9,89.0,1.32,2.0,0,1
610,2456.0,464.0,22.2,74.5,3.3,97.4,1.58,2.0,0,1
4666,2603.0,1029.0,8.5,34.0,1.6,97.6,1.59,2.0,0,1
7725,1678.0,396.0,43.0,4.0,18.6,92.3,0.8,2.0,1,0
343,1794.0,763.0,25.1,0.0,7.6,93.2,1.38,2.0,0,1
6854,1184.0,344.0,32.3,16.0,0.5,93.1,1.75,2.0,0,0
7631,2015.0,1123.0,11.8,8.0,5.5,89.7,1.18,2.0,1,0
3750,1432.0,800.0,9.2,60.0,2.6,93.7,0.62,2.0,1,1
7016,1272.0,457.0,13.8,21.0,4.6,86.9,1.14,1.0,0,0
8371,1444.0,275.0,56.7,27.0,0.8,94.7,1.66,2.0,1,0
3215,1176.0,332.0,12.0,5.0,2.3,94.5,1.73,2.0,1,1
97,2072.0,774.0,31.5,1.0,0.9,87.8,1.23,2.0,0,1
6357,2248.0,1112.0,73.6625,5.0,2.4,87.9,1.42,2.0,0,0
5176,1181.0,200.0,7.2,12.0,4.7,91.9,0.9,2.0,0,1
1537,1134.0,425.0,21.5,8.0,8.7,85.8,1.43,2.0,0,1
3588,1540.0,1096.0,21.4,5.0,23.55,92.9,1.05,2.0,1,1
5958,1546.0,848.0,35.4,18.0,4.3,92.0,1.27,2.0,0,1
3648,1666.0,252.0,23.4,4.0,20.2,87.1,1.23,2.0,1,1
7788,1949.0,499.0,19.8,32.0,1.4,89.7,1.27,2.0,1,0
6069,1371.0,396.0,43.5,45.0,10.7,93.7,1.59,2.0,0,0
1517,2760.0,979.0,31.9,74.5,5.0,91.9,1.7,2.0,0,1
5061,2084.0,448.0,40.5,32.0,9.0,98.5,1.84,2.0,0,1
8409,1291.0,200.0,43.7,32.0,18.2,89.2,1.15,2.0,1,0
4624,882.0,200.0,18.7,8.0,1.8,89.0,1.83,2.0,0,1
4272,3566.625,689.0,12.6,5.0,17.1,91.3,1.6,2.0,1,1
3669,1452.0,924.0,7.7,28.0,3.6,99.0,0.54,2.0,1,1
5800,2047.0,504.0,33.2,48.0,8.1,92.8,1.07,1.0,0,1
2090,3566.625,1801.5,17.0,21.0,8.0,94.6,1.36,2.0,0,1
572,1804.0,694.0,33.9,11.0,3.7,96.2,0.86,2.0,0,1
8599,2274.0,989.0,21.0,9.0,9.2,99.0,1.04,2.0,1,0
8421,3566.625,1801.5,27.7,11.0,9.3,92.1,1.13,2.0,1,0
8121,3289.0,1498.0,41.6,2.0,12.8,93.9,0.63,2.0,1,0
3062,1458.0,1071.0,28.0,30.0,1.2,96.6,1.8,2.0,1,1
6217,1268.0,200.0,14.9,6.0,4.2,95.4,1.56,2.0,0,0
7093,972.0,677.0,29.5,34.0,12.1,93.9,0.78,2.0,0,0
6372,1611.0,671.0,51.9,6.0,13.7,97.5,1.82,2.0,0,0
6349,2574.0,667.0,16.3,28.0,16.3,91.3,1.39,2.0,0,0
6569,2605.0,1302.0,28.0,0.0,1.9,91.2,1.41,2.0,0,0
4479,984.0,270.0,22.1,9.0,12.3,94.3,1.54,2.0,0,1
4948,1991.0,1045.0,43.2,31.0,1.8,98.0,1.66,2.0,0,1
370,1673.0,787.0,32.5,2.0,1.3,98.1,1.41,2.0,0,1
1938,2235.0,868.0,28.6,2.0,2.5,96.1,1.17,2.0,0,1
6935,1946.0,736.0,19.0,10.0,20.9,86.3,1.15,2.0,0,0
1753,2884.0,895.0,28.7,1.0,1.5,91.0,1.24,2.0,0,1
3670,1334.0,895.0,60.0,9.0,3.4,93.9,1.25,2.0,1,1
3652,1221.0,708.0,7.4,30.0,8.5,89.9,1.39,2.0,1,1
5201,1425.0,392.0,24.8,25.0,0.5,92.5,1.44,2.0,0,1
2361,2007.0,816.0,14.4,18.0,19.1,95.1,2.2,2.0,0,1
4260,1444.0,671.0,15.8,61.0,12.6,97.9,1.44,2.0,1,1
5432,1665.0,399.0,10.8,66.0,4.4,84.5,0.88,2.0,0,1
4991,1378.0,437.0,20.7,9.0,2.2,90.2,0.8,2.0,0,1
6112,1757.0,200.0,45.4,23.0,2.8,95.4,1.28,2.0,0,0
8510,1154.0,986.0,30.8,20.0,0.5,94.6,1.53,2.0,1,0
3737,1656.0,840.0,30.9,14.0,14.1,95.7,1.34,2.0,1,1
6039,2619.0,950.0,16.3,15.0,11.1,94.9,1.57,2.0,0,0
6762,1843.0,283.0,14.1,3.0,14.2,92.5,1.54,1.0,0,0
8558,1688.0,1158.0,26.0,7.0,1.6,94.7,0.52,2.0,1,0
5591,2225.0,918.0,20.2,54.0,19.7,91.3,1.65,2.0,0,1
1171,1595.0,803.0,55.5,43.0,0.5,90.9,1.07,2.0,0,1
6384,1309.0,814.0,36.0,10.0,5.3,88.7,1.45,2.0,0,0
1422,1830.0,1068.0,24.4,10.0,2.1,89.1,1.87,2.0,0,1
8495,1390.0,200.0,14.2,45.0,11.6,91.4,1.71,2.0,1,0
8410,1330.0,200.0,10.2,6.0,4.1,89.3,1.13,2.0,1,0
7257,1684.0,200.0,36.7,2.0,3.5,92.4,1.25,2.0,1,0
8235,1235.0,200.0,19.8,15.0,5.0,98.0,1.07,2.0,1,0
874,1345.0,682.0,30.4,41.0,7.4,92.1,1.25,2.0,0,1
2297,1102.0,391.0,52.6,49.0,1.1,93.9,1.96,2.0,0,1
2643,1920.0,433.0,22.3,13.0,9.8,88.1,1.83,2.0,0,1
7149,1726.0,1345.0,9.3,4.0,23.55,95.0,0.65,2.0,0,0
1719,1018.0,671.0,21.5,7.0,11.4,94.7,1.54,2.0,0,1
5347,2197.0,1010.0,28.5,11.0,5.1,88.9,0.84,1.0,0,1
5932,1740.0,1395.0,9.7,8.0,1.8,96.6,1.29,2.0,0,1
840,754.0,200.0,49.0,28.0,5.2,92.2,1.26,2.0,0,1
8942,2142.0,628.0,30.4,74.5,1.5,88.5,1.55,2.0,1,0
581,3566.625,1539.0,39.3,6.0,0.5,94.0,1.29,2.0,0,1
204,1879.0,358.0,11.9,20.0,6.0,94.0,1.66,2.0,0,1
1641,1134.0,1027.0,34.0,24.0,1.3,94.7,1.62,2.0,0,1
2014,1344.0,1216.0,6.8,8.0,16.7,94.5,1.43,2.0,0,1
3253,1024.0,200.0,28.4,34.0,5.7,87.1,1.29,2.0,1,1
6056,1846.0,767.0,37.0,11.0,0.9,95.0,0.98,2.0,0,0
905,1355.0,588.0,10.6,2.0,7.5,87.8,1.8,1.0,0,1
631,1748.0,320.0,48.9,2.0,12.1,91.4,1.41,2.0,0,1
7843,2499.0,894.0,46.2,52.0,20.9,93.3,1.32,2.0,1,0
6290,1213.0,253.0,36.5,26.0,1.5,98.3,0.83,2.0,0,0
1974,1180.0,346.0,55.9,38.0,5.7,87.8,1.48,2.0,0,1
162,1638.0,233.0,12.1,6.0,23.55,91.4,1.35,2.0,0,1
4998,1560.0,200.0,16.3,14.0,0.6,88.5,1.58,2.0,0,1
6692,1731.0,1116.0,14.4,74.5,4.2,89.5,1.69,2.0,0,0
8499,1824.0,433.0,48.6,2.0,2.6,92.5,1.67,2.0,1,0
6242,3566.625,1217.0,11.7,44.0,7.4,98.3,1.5,2.0,0,0
4713,1759.0,807.0,28.9,10.0,8.9,95.7,0.5,2.0,0,1
875,2416.0,657.0,16.6,5.0,15.1,89.6,1.31,2.0,0,1
1431,2951.0,752.0,26.2,40.0,14.5,95.0,1.19,2.0,0,1
4643,2670.0,1171.0,10.6,17.0,4.8,89.5,1.66,2.0,0,1
5080,2988.0,457.0,36.7,1.0,8.4,94.3,1.18,2.0,0,1
5783,1645.0,891.0,32.6,32.0,4.7,94.5,1.38,2.0,0,1
8212,2331.0,1229.0,17.4,44.0,1.0,91.3,1.94,2.0,1,0
6125,1658.0,438.0,44.9,1.0,0.5,93.2,1.4,2.0,0,0
6461,1126.0,200.0,29.7,37.0,10.9,99.0,1.43,2.0,0,0
6237,1343.0,285.0,10.2,21.0,10.7,98.7,1.1,2.0,0,0
8489,2879.0,1296.0,39.4,31.0,4.5,94.5,1.1,2.0,1,0
2856,2146.0,662.0,22.1,26.0,4.7,95.7,1.94,2.0,1,1
1861,1374.0,827.0,53.4,54.0,2.0,96.3,1.16,2.0,0,1
2659,1843.0,1096.0,64.3,52.0,3.9,90.7,1.51,2.0,0,1
3384,2130.0,796.0,40.3,17.0,3.3,85.0,1.35,2.0,1,1
8604,2987.0,909.0,60.9,11.0,4.6,94.2,1.66,2.0,1,0
8795,924.0,200.0,30.1,18.0,23.55,98.2,1.46,2.0,1,0
6497,2897.0,1515.0,31.2,8.0,8.5,93.6,1.66,2.0,0,0
6837,1030.0,611.0,31.5,2.0,2.3,90.8,1.16,2.0,0,0
4733,3245.0,1179.0,6.8,74.5,2.7,95.6,1.33,2.0,0,1
3331,2139.0,1201.0,11.2,6.0,23.55,93.9,1.56,2.0,1,1
7999,1459.0,1043.0,5.2,11.0,12.3,92.8,1.15,2.0,1,0
7365,1658.0,344.0,49.4,7.0,6.6,91.4,1.12,2.0,1,0
6836,1134.0,321.0,14.5,6.0,15.9,94.1,1.34,2.0,0,0
2096,1686.0,413.0,29.8,20.0,0.5,95.0,0.8,2.0,0,1
2003,2889.0,1318.0,17.7,40.0,17.6,90.3,1.74,2.0,0,1
7589,2008.0,437.0,38.0,10.0,9.9,94.0,1.15,2.0,1,0
6666,1238.0,200.0,29.4,6.0,5.3,91.3,1.76,2.0,0,0
5017,1700.0,933.0,40.6,2.0,0.5,93.0,1.54,2.0,0,1
546,1717.0,760.0,36.5,9.0,9.1,90.4,1.31,2.0,0,1
1449,1904.0,1052.0,18.6,27.0,10.1,93.5,1.15,2.0,0,1
6800,1921.0,200.0,42.2,11.0,6.4,93.7,1.2,2.0,0,0
2610,2496.0,1363.0,15.6,16.0,6.0,93.9,1.29,1.0,0,1
1900,3240.0,1488.0,38.7,74.5,4.2,91.1,1.39,2.0,0,1
7706,1999.0,358.0,20.8,18.0,2.3,94.6,0.98,2.0,1,0
2757,1680.0,810.0,38.7,4.0,2.1,93.3,1.15,2.0,0,1
1885,1242.0,508.0,32.1,14.0,6.5,96.9,1.74,2.0,0,1
8839,1362.0,520.0,8.4,6.0,20.5,91.4,1.25,2.0,1,0
5738,1724.0,750.0,52.5,25.0,1.4,99.0,1.6,2.0,0,1
8494,999.0,255.0,33.3,10.0,0.7,89.6,1.64,2.0,1,0
5890,1403.0,200.0,19.5,36.0,9.4,88.1,1.43,2.0,0,1
2097,1515.0,200.0,51.1,2.0,3.1,94.2,1.41,2.0,0,1
8353,1933.0,318.0,15.5,18.0,15.1,92.6,0.95,2.0,1,0
5692,1646.0,557.0,35.2,6.0,10.8,89.8,0.64,2.0,0,1
499,1222.0,882.0,10.9,28.0,3.5,92.9,1.28,2.0,0,1
5624,1479.0,660.0,26.2,25.0,6.1,88.6,1.1,2.0,0,1
836,2185.0,343.0,30.4,10.0,1.7,87.2,1.37,2.0,0,1
3471,1066.0,962.0,31.5,10.0,0.5,96.6,1.34,2.0,1,1
4697,1692.0,613.0,44.5,2.0,16.7,97.5,1.48,2.0,0,1
7785,2124.0,1095.0,20.9,11.0,0.5,94.5,1.06,1.0,1,0
2171,1409.0,533.0,16.1,18.0,5.9,99.0,1.0,2.0,0,1
8298,3017.0,942.0,40.1,19.0,0.5,93.8,1.26,2.0,1,0
5678,2401.0,765.0,9.5,40.0,2.0,91.9,1.75,2.0,0,1
8252,1847.0,792.0,52.9,15.0,2.6,89.3,1.57,2.0,1,0
398,1947.0,881.0,3.8,48.0,5.0,87.7,1.35,1.0,0,1
2010,2014.0,877.0,21.0,1.0,10.8,89.6,1.72,2.0,0,1
5166,1959.0,832.0,28.7,6.0,5.6,91.7,1.37,2.0,0,1
5871,1574.0,200.0,12.3,35.0,11.1,93.9,1.5,2.0,0,1
8810,2091.0,880.0,43.0,74.5,2.3,96.2,0.96,2.0,1,0
1283,2335.0,799.0,23.8,74.5,0.5,91.5,1.03,2.0,0,1
6912,1764.0,403.0,22.5,12.0,4.9,94.1,1.76,2.0,0,0
7161,1549.0,679.0,37.8,11.0,5.3,92.4,0.96,2.0,0,0
4256,2369.0,268.0,29.4,9.0,4.9,89.4,1.41,2.0,1,1
1836,700.0,200.0,25.5,6.0,11.8,84.2,1.82,2.0,0,1
8111,1697.0,402.0,18.6,1.0,5.0,90.1,1.63,2.0,1,0
1019,1814.0,1012.0,6.8,11.0,15.9,91.1,1.41,2.0,0,1
7088,2057.0,1641.0,28.6,27.0,23.55,91.9,1.76,2.0,0,0
1326,1486.0,821.0,52.4,27.0,1.3,96.0,1.03,2.0,0,1
6079,2099.0,200.0,69.5,29.0,22.1,93.9,1.44,2.0,0,0
475,1748.0,200.0,19.9,5.0,10.7,89.8,1.33,2.0,0,1
2810,2683.0,1765.0,35.4,40.0,4.5,92.2,1.59,2.0,1,1
7354,1616.0,885.0,16.8,71.0,3.3,94.4,1.6,2.0,1,0
1651,2086.0,1234.0,12.0,24.0,1.3,94.6,1.76,2.0,0,1
8645,2978.0,479.0,10.6,63.0,1.7,91.7,1.47,2.0,1,0
1169,1633.0,630.0,59.1,11.0,1.1,89.2,0.79,2.0,0,1
2528,2599.0,613.0,1.0,40.0,6.0,92.2,0.8,2.0,0,1
1206,2158.0,730.0,10.1,36.0,14.3,93.3,1.7,2.0,0,1
6373,1139.0,930.0,41.3,6.0,3.8,95.1,0.9,1.0,0,0
5469,2130.0,360.0,41.0,20.0,9.9,92.5,0.5,2.0,0,1
8442,2630.0,783.0,22.2,51.0,2.5,99.0,1.08,2.0,1,0
7532,2026.0,789.0,55.9,4.0,20.3,88.7,1.57,2.0,1,0
8697,2657.0,748.0,38.7,16.0,1.6,86.6,1.76,2.0,1,0
867,1850.0,200.0,21.8,11.0,18.0,95.2,1.88,2.0,0,1
2974,1741.0,635.0,32.7,40.0,13.0,95.0,1.37,2.0,1,1
5236,1104.0,683.0,22.2,6.0,1.4,92.4,1.41,2.0,0,1
5093,1957.0,975.0,26.5,42.0,0.6,88.0,1.25,2.0,0,1
5433,1343.0,201.0,13.1,21.0,4.9,96.9,1.72,2.0,0,1
541,1350.0,471.0,20.3,8.0,6.1,92.4,1.35,2.0,0,1
5195,1400.0,407.0,36.5,10.0,12.6,93.8,1.4,2.0,0,1
1132,2086.0,928.0,36.1,15.0,20.4,95.7,1.42,2.0,0,1
8853,3494.0,1761.0,49.7,0.0,5.4,94.8,1.61,2.0,1,0
7717,2432.0,1274.0,10.0,4.0,0.8,89.0,0.5,2.0,1,0
8394,3566.625,1598.0,32.6,9.0,2.7,87.6,1.32,2.0,1,0
3390,1469.0,605.0,43.7,25.0,0.5,90.9,1.42,2.0,1,1
7050,1739.0,514.0,25.9,17.0,0.8,96.1,1.41,2.0,0,0
2962,1967.0,664.0,17.4,74.5,13.5,88.6,1.73,2.0,1,1
4155,2044.0,209.0,32.7,46.0,1.3,93.7,1.68,2.0,1,1
3259,1632.0,1265.0,47.3,11.0,14.6,94.6,1.29,2.0,1,1
6034,2640.0,1326.0,11.3,25.0,0.5,94.6,1.11,2.0,0,0
6365,2589.0,956.0,9.6,38.0,8.5,90.4,1.46,2.0,0,0
8941,1353.0,883.0,28.2,22.0,0.6,97.4,1.74,2.0,1,0
2583,1687.0,1037.0,19.0,4.0,7.8,91.9,0.69,2.0,0,1
2813,2543.0,1203.0,6.3,11.0,15.5,98.2,1.81,2.0,1,1
7592,1879.0,655.0,26.8,74.5,7.9,98.5,1.08,2.0,1,0
2947,863.0,200.0,14.8,74.5,0.5,99.0,0.92,1.0,1,1
5174,1047.0,530.0,39.9,8.0,0.5,98.8,1.17,2.0,0,1
6751,3069.0,823.0,35.9,9.0,0.5,87.9,2.3449999999999998,2.0,0,0
3586,1153.0,914.0,6.0,11.0,10.5,93.0,2.06,2.0,1,1
8295,2099.0,732.0,59.4,30.0,15.4,94.9,1.98,2.0,1,0
8983,1178.0,570.0,34.4,11.0,8.7,90.2,1.2,2.0,1,0
2563,1694.0,672.0,26.8,74.5,23.55,88.5,1.46,2.0,0,1
2630,1433.0,571.0,57.1,13.0,4.6,95.4,1.28,2.0,0,1
7834,2992.0,836.0,30.7,4.0,0.9,93.9,1.74,2.0,1,0
6253,1133.0,580.0,4.0,15.0,9.9,90.0,1.77,2.0,0,0
5036,1812.0,1256.0,21.9,58.0,1.9,91.4,1.29,2.0,0,1
1080,1628.0,541.0,6.7,5.0,1.3,92.1,1.49,2.0,0,1
4283,2032.0,1298.0,35.6,11.0,3.5,97.1,1.32,2.0,1,1
6427,3566.625,1801.5,12.3,37.0,9.8,97.5,1.3,2.0,0,0
2085,1330.0,976.0,22.8,4.0,5.3,90.9,1.41,2.0,0,1
2452,2233.0,702.0,14.2,8.0,9.6,96.2,2.06,2.0,0,1
4966,3566.625,1314.0,43.5,74.5,6.3,96.6,2.08,2.0,0,1
2023,2373.0,492.0,48.2,18.0,13.8,93.1,1.36,2.0,0,1
6483,2070.0,795.0,12.2,5.0,9.8,93.9,1.03,2.0,0,0
7968,1035.0,200.0,54.0,35.0,4.9,93.8,0.98,2.0,1,0
7520,2358.0,1801.5,14.0,7.0,16.5,92.1,1.8,2.0,1,0
226,1474.0,723.0,0.9,13.0,5.6,96.7,2.09,2.0,0,1
1013,1811.0,200.0,12.3,6.0,11.0,93.6,1.39,2.0,0,1
1929,2630.0,1543.0,17.7,0.0,6.2,95.0,1.73,2.0,0,1
7118,1264.0,617.0,22.2,8.0,1.3,92.4,1.18,2.0,0,0
5251,2089.0,1087.0,48.4,3.0,10.6,94.5,0.85,2.0,0,1
1404,1609.0,1203.0,48.3,4.0,2.8,91.1,1.2,2.0,0,1
2179,2231.0,200.0,57.8,74.5,3.6,88.1,2.09,2.0,0,1
697,2034.0,718.0,27.1,1.0,0.5,93.2,1.09,2.0,0,1
1124,1636.0,865.0,12.9,27.0,1.2,85.4,2.01,2.0,0,1
3895,2552.0,1574.0,27.7,4.0,0.8,91.5,1.34,2.0,1,1
6618,1909.0,413.0,26.0,28.0,1.2,94.3,1.61,2.0,0,0
5110,1212.0,200.0,0.3,2.0,0.5,93.2,1.98,2.0,0,1
1778,1760.0,1483.0,11.8,2.0,23.55,96.1,1.45,2.0,0,1
6260,1214.0,200.0,11.6,32.0,12.8,95.9,1.95,2.0,0,0
2634,1337.0,200.0,62.9,34.0,10.5,94.9,1.59,2.0,0,1
3489,1959.0,1143.0,17.9,21.0,2.7,96.6,1.14,2.0,1,1
6684,2468.0,652.0,73.6625,3.0,1.2,92.8,1.73,2.0,0,0
1037,1664.0,435.0,17.7,8.0,8.4,96.4,0.9,2.0,0,1
6093,2160.0,864.0,11.4,36.0,2.1,92.1,1.28,2.0,0,0
2256,2022.0,464.0,47.1,74.5,2.6,99.0,1.36,2.0,0,1
6572,2876.0,1563.0,26.8,1.0,8.0,92.7,1.54,2.0,0,0
2613,1280.0,200.0,28.2,74.5,3.2,87.7,1.58,2.0,0,1
313,2930.0,1104.0,40.9,27.0,1.4,96.4,1.28,2.0,0,1
2649,1663.0,200.0,23.9,44.0,22.1,87.3,1.83,2.0,0,1
2281,1687.0,604.0,57.1,2.0,2.9,95.3,0.96,2.0,0,1
7024,1664.0,203.0,43.4,74.5,0.9,93.1,1.63,2.0,0,0
2547,1593.0,1205.0,39.9,12.0,7.4,86.2,0.98,2.0,0,1
5512,2039.0,1115.0,57.6,4.0,7.1,88.1,1.36,2.0,0,1
5132,1515.0,488.0,14.4,2.0,2.6,86.9,1.45,2.0,0,1
2159,1417.0,1109.0,12.5,19.0,1.2,99.0,1.64,2.0,0,1
3137,2161.0,200.0,28.5,14.0,5.9,90.4,1.74,2.0,1,1
8131,1789.0,665.0,11.9,22.0,14.7,93.7,1.27,2.0,1,0
5850,1512.0,909.0,28.3,27.0,3.2,96.3,0.7,2.0,0,1
3967,1450.0,1174.0,27.8,55.0,23.55,99.0,1.29,2.0,1,1
1428,924.0,508.0,10.1,43.0,14.5,89.4,1.33,2.0,0,1
6961,3566.625,1801.5,36.4,40.0,1.3,92.7,2.04,2.0,0,0
2520,1283.0,633.0,39.1,7.0,7.7,92.3,2.12,2.0,0,1
6712,2248.0,854.0,5.2,3.0,0.7,96.4,1.45,2.0,0,0
7090,1718.0,427.0,4.8,17.0,14.7,92.5,1.71,2.0,0,0
7243,2314.0,1152.0,15.8,37.0,19.3,89.5,1.09,2.0,1,0
7358,2063.0,1119.0,56.8,38.0,9.2,84.1,2.18,2.0,1,0
5602,874.0,200.0,19.6,74.5,22.5,92.2,1.43,2.0,0,1
8879,1574.0,552.0,29.4,0.0,5.0,87.3,1.4,2.0,1,0
448,2155.0,937.0,22.8,10.0,5.6,92.7,1.44,2.0,0,1
6193,3376.0,1349.0,5.1,4.0,5.5,91.0,0.73,2.0,0,0
1284,1992.0,376.0,32.3,10.0,4.2,93.2,1.32,2.0,0,1
5995,1110.0,541.0,23.7,74.5,23.55,90.0,1.34,2.0,0,1
3727,1141.0,258.0,28.1,34.0,2.9,90.0,1.36,2.0,1,1
361,2176.0,715.0,9.9,49.0,6.9,93.7,1.46,2.0,0,1
5230,1212.0,1315.0,32.1,31.0,2.8,95.3,1.48,2.0,0,1
7885,1785.0,480.0,47.4,14.0,19.9,96.3,0.92,2.0,1,0
7800,1723.0,293.0,57.4,46.0,23.55,98.6,1.4,2.0,1,0
5926,1860.0,666.0,31.2,6.0,3.9,94.1,1.8,2.0,0,1
5149,2184.0,730.0,23.4,51.0,2.7,91.8,1.11,2.0,0,1
2460,2581.0,1379.0,10.0,4.0,4.9,93.6,1.61,2.0,0,1
22,2557.0,1096.0,14.1,10.0,0.9,98.5,1.32,2.0,0,1
2066,1360.0,485.0,37.8,22.0,13.0,90.8,1.2,2.0,0,1
1653,1799.0,857.0,37.0,5.0,23.55,94.1,1.08,2.0,0,1
702,1717.0,437.0,13.0,11.0,12.2,92.2,1.08,2.0,0,1
7530,1671.0,200.0,19.4,7.0,2.5,96.0,1.13,2.0,1,0
2743,1745.0,493.0,18.6,1.0,10.5,95.9,1.59,2.0,0,1
1376,2323.0,714.0,21.2,30.0,13.2,93.4,1.3,2.0,0,1
8324,1893.0,903.0,35.8,7.0,6.8,89.4,1.77,2.0,1,0
2468,1039.0,919.0,31.0,23.0,23.55,87.3,1.85,2.0,0,1
3754,2930.0,1374.0,32.4,1.0,12.9,95.8,1.6,2.0,1,1
2325,3566.625,1517.0,6.6,18.0,9.9,95.5,1.24,1.0,0,1
460,2510.0,734.0,40.4,6.0,1.6,96.2,2.0,2.0,0,1
5163,2047.0,921.0,28.2,38.0,5.2,94.9,1.44,2.0,0,1
4183,2836.0,685.0,48.2,51.0,2.0,91.5,2.23,2.0,1,1
8032,2462.0,1512.0,34.3,17.0,1.1,99.0,0.65,1.0,1,0
4082,1243.0,200.0,46.4,20.0,13.4,97.5,1.88,2.0,1,1
1486,1463.0,738.0,24.1,42.0,23.2,90.0,0.5,2.0,0,1
3678,1798.0,552.0,41.8,5.0,14.0,94.5,1.51,2.0,1,1
282,2691.0,1252.0,37.4,10.0,7.7,99.0,1.33,2.0,0,1
4558,2016.0,543.0,30.0,74.5,8.2,95.9,1.55,1.0,0,1
4308,1978.0,854.0,19.1,6.0,0.5,90.7,1.39,2.0,1,1
4865,1216.0,436.0,12.2,7.0,16.1,88.1,1.45,2.0,0,1
3537,2309.0,954.0,32.9,60.0,2.7,96.3,1.37,2.0,1,1
6894,3566.625,1698.0,12.5,21.0,3.7,91.3,1.07,2.0,0,0
2581,1188.0,876.0,21.1,2.0,23.55,93.2,1.44,2.0,0,1
1368,1787.0,294.0,9.7,17.0,2.1,94.6,1.24,2.0,0,1
8517,1270.0,483.0,17.4,64.0,18.7,93.1,1.93,2.0,1,0
6587,1258.0,200.0,14.3,24.0,4.1,90.2,1.45,2.0,0,0
597,2033.0,1366.0,23.8,69.0,23.55,89.5,1.21,2.0,0,1
4351,3566.625,1512.0,40.7,31.0,17.3,96.7,1.34,2.0,1,1
7951,1354.0,202.0,23.2,3.0,7.4,92.4,1.33,2.0,1,0
4758,1684.0,346.0,33.9,9.0,3.1,85.7,0.88,2.0,0,1
646,1509.0,200.0,17.3,17.0,3.8,83.54999999999998,1.04,2.0,0,1
8726,1087.0,282.0,58.4,12.0,13.7,91.8,1.08,1.0,1,0
6023,2425.0,855.0,59.2,16.0,6.3,98.3,1.73,2.0,0,0
8925,2175.0,700.0,32.7,5.0,8.9,90.9,1.15,2.0,1,0
3468,2081.0,294.0,11.3,56.0,3.8,89.7,1.4,2.0,1,1
8342,3566.625,1450.0,48.2,23.0,0.5,93.3,1.7,2.0,1,0
2990,1927.0,684.0,55.1,15.0,9.0,89.5,0.95,2.0,1,1
8463,1835.0,990.0,30.2,10.0,1.1,91.4,1.49,1.0,1,0
4875,2478.0,963.0,18.4,13.0,6.5,92.2,0.96,2.0,0,1
2544,1044.0,200.0,9.5,3.0,2.6,93.0,0.85,2.0,0,1
7279,1792.0,865.0,26.4,26.0,6.0,90.2,1.63,2.0,1,0
5341,2651.0,790.0,33.9,48.0,5.1,91.9,1.17,2.0,0,1
7175,1329.0,918.0,35.2,74.5,7.5,99.0,1.45,2.0,0,0
4066,1541.0,503.0,6.5,3.0,5.5,96.8,0.98,2.0,1,1
3988,1813.0,298.0,40.5,65.0,0.5,99.0,1.58,2.0,1,1
2160,1839.0,200.0,37.6,11.0,9.9,97.7,1.22,2.0,0,1
685,2502.0,788.0,51.0,0.0,9.2,93.3,2.31,2.0,0,1
6258,1164.0,632.0,41.1,2.0,19.2,95.0,1.42,2.0,0,0
3243,2056.0,995.0,17.4,21.0,0.9,91.2,1.25,2.0,1,1
7048,1130.0,505.0,33.5,22.0,0.7,95.8,1.69,2.0,0,0
6561,2188.0,782.0,18.3,26.0,1.6,87.9,1.25,2.0,0,0
7573,2924.0,401.0,46.5,24.0,14.7,94.0,1.61,2.0,1,0
4083,2665.0,1180.0,21.7,61.0,10.1,99.0,1.45,2.0,1,1
2837,2961.0,1718.0,18.3,65.0,10.4,92.0,1.33,2.0,1,1
3697,1518.0,821.0,17.2,21.0,1.7,99.0,1.29,2.0,1,1
4941,1870.0,415.0,24.4,9.0,1.0,90.9,1.2,2.0,0,1
5946,2313.0,1572.0,8.4,3.0,23.55,93.3,1.18,2.0,0,1
4583,1052.0,564.0,26.9,74.5,0.5,92.8,0.78,2.0,0,1
5784,2291.0,1552.0,16.3,9.0,3.6,90.2,0.99,2.0,0,1
4040,1432.0,305.0,22.0,13.0,23.55,87.0,1.4,2.0,1,1
2230,1382.0,200.0,5.9,53.0,23.55,95.1,1.56,2.0,0,1
7150,841.0,200.0,39.9,8.0,8.4,91.5,1.66,2.0,0,0
2320,1164.0,529.0,40.5,7.0,0.5,92.6,1.13,2.0,0,1
4878,2377.0,200.0,8.7,58.0,8.2,88.5,1.18,2.0,0,1
521,2912.0,966.0,55.7,54.0,6.4,96.2,0.95,2.0,0,1
522,852.0,200.0,3.1,20.0,3.2,90.8,1.0,2.0,0,1
5345,1753.0,342.0,39.8,2.0,2.8,96.7,1.07,2.0,0,1
7639,2841.0,1061.0,59.9,1.0,5.2,88.0,1.83,2.0,1,0
7874,2318.0,813.0,23.1,5.0,1.7,93.8,1.25,2.0,1,0
7870,1455.0,291.0,25.5,3.0,2.6,89.7,1.5,1.0,1,0
7387,2422.0,1143.0,33.9,40.0,3.2,96.5,1.43,1.0,1,0
780,1058.0,587.0,37.6,4.0,23.55,88.9,1.52,2.0,0,1
7652,2264.0,656.0,19.4,8.0,3.0,92.8,2.02,2.0,1,0
6647,1442.0,728.0,53.0,74.5,4.7,97.2,1.63,2.0,0,0
5607,1650.0,896.0,42.1,11.0,0.5,93.3,1.88,2.0,0,1
5978,1890.0,200.0,54.7,50.0,1.9,98.9,2.3,2.0,0,1
651,1167.0,200.0,22.3,7.0,8.8,88.2,1.12,2.0,0,1
7305,2751.0,1220.0,22.5,13.0,3.1,92.0,0.88,2.0,1,0
2196,2104.0,851.0,16.3,16.0,4.7,97.3,1.65,1.0,0,1
6954,3373.0,1173.0,8.7,52.0,3.7,85.5,1.16,2.0,0,0
369,1114.0,506.0,45.5,15.0,10.1,93.2,1.1,2.0,0,1
6433,2975.0,732.0,7.4,43.0,1.8,89.4,1.77,2.0,0,0
4214,1763.0,200.0,57.6,24.0,13.7,93.0,0.94,2.0,1,1
377,2315.0,815.0,15.5,74.5,7.9,97.9,1.5,2.0,0,1
7049,2062.0,372.0,8.4,20.0,14.7,93.7,1.28,2.0,0,0
2216,2265.0,803.0,13.0,11.0,15.9,96.7,0.73,2.0,0,1
7453,2678.0,646.0,34.9,6.0,6.1,97.0,2.03,1.0,1,0
1613,1575.0,200.0,25.4,26.0,8.5,99.0,0.98,2.0,0,1
1827,2444.0,968.0,32.2,31.0,6.8,98.5,1.24,2.0,0,1
3632,1957.0,1193.0,30.7,66.0,6.4,95.6,0.95,2.0,1,1
962,1539.0,616.0,13.9,9.0,5.1,99.0,1.21,2.0,0,1
2993,1616.0,200.0,52.7,9.0,4.7,95.3,0.82,1.0,1,1
8702,1414.0,319.0,19.9,20.0,10.2,97.1,1.65,2.0,1,0
8086,2634.0,669.0,23.5,18.0,18.3,95.4,1.61,2.0,1,0
6648,2672.0,995.0,17.5,5.0,13.6,91.9,1.01,2.0,0,0
359,1116.0,664.0,14.5,5.0,6.0,95.2,1.01,2.0,0,1
3839,2042.0,1649.0,10.8,16.0,1.9,89.7,1.58,2.0,1,1
6568,1804.0,992.0,29.1,11.0,2.8,95.0,1.4,2.0,0,0
1246,1202.0,270.0,38.4,14.0,3.0,89.2,1.54,2.0,0,1
6839,1712.0,450.0,29.6,24.0,4.4,96.5,1.56,2.0,0,0
5087,1773.0,501.0,8.8,5.0,2.0,99.0,1.14,2.0,0,1
3694,700.0,200.0,42.9,18.0,3.7,98.0,1.34,2.0,1,1
1573,1795.0,750.0,12.5,7.0,2.9,91.7,1.13,2.0,0,1
6281,2705.0,1801.5,42.9,2.0,1.1,95.7,1.36,2.0,0,0
7181,1673.0,930.0,11.5,38.0,9.6,90.1,1.1,2.0,0,0
2567,751.0,200.0,37.6,21.0,9.4,96.2,1.01,2.0,0,1
3423,1452.0,200.0,5.2,10.0,6.0,96.4,1.66,2.0,1,1
2037,2704.0,1034.0,17.4,9.0,11.2,94.9,1.23,2.0,0,1
772,1705.0,266.0,3.1,10.0,16.3,91.8,0.97,2.0,0,1
5380,1736.0,702.0,13.6,56.0,4.2,91.0,1.78,2.0,0,1
8606,1968.0,449.0,55.4,12.0,4.7,92.6,2.19,1.0,1,0
3562,1888.0,1302.0,4.1,34.0,23.55,90.0,1.74,2.0,1,1
562,2099.0,200.0,35.7,26.0,0.9,96.5,1.47,2.0,0,1
2546,2424.0,484.0,39.2,7.0,23.55,86.9,1.27,1.0,0,1
5510,2828.0,1074.0,17.7,55.0,0.6,94.6,1.39,2.0,0,1
5330,2201.0,1005.0,31.8,39.0,6.7,96.8,1.36,2.0,0,1
6500,1629.0,456.0,29.8,5.0,15.5,89.2,1.04,2.0,0,0
4531,1296.0,200.0,18.0,23.0,1.3,87.3,1.3,2.0,0,1
1674,1407.0,200.0,9.2,7.0,23.55,95.1,1.49,2.0,0,1
365,1783.0,269.0,30.7,5.0,19.2,95.2,0.99,2.0,0,1
6444,3193.0,1347.0,16.8,12.0,17.2,93.6,1.62,2.0,0,0
7888,866.0,590.0,40.7,13.0,9.8,94.6,1.22,2.0,1,0
4327,2208.0,1070.0,28.1,2.0,10.1,95.4,1.06,2.0,1,1
147,1968.0,610.0,1.7,63.0,23.55,89.8,1.1,2.0,0,1
1668,1426.0,582.0,28.4,3.0,0.8,91.1,1.01,2.0,0,1
3088,939.0,235.0,21.8,21.0,0.9,91.3,2.02,2.0,1,1
7719,1572.0,1230.0,47.2,9.0,0.5,94.6,1.24,2.0,1,0
407,2016.0,553.0,36.1,20.0,7.6,94.5,1.24,2.0,0,1
8621,1342.0,839.0,53.3,4.0,12.2,88.3,1.72,2.0,1,0
3456,2204.0,509.0,34.0,2.0,0.5,91.1,1.17,2.0,1,1
6186,1367.0,489.0,29.5,46.0,5.2,91.0,1.62,2.0,0,0
4182,2023.0,429.0,44.1,51.0,2.6,93.4,1.95,2.0,1,1
3576,1832.0,839.0,44.0,36.0,0.5,92.0,1.52,2.0,1,1
3271,1925.0,950.0,39.9,10.0,14.0,89.9,1.28,2.0,1,1
4940,1639.0,413.0,27.5,1.0,6.6,92.4,1.02,2.0,0,1
1031,1923.0,1513.0,30.4,1.0,3.2,93.5,1.02,2.0,0,1
6424,3038.0,1794.0,6.3,29.0,3.4,85.2,1.44,2.0,0,0
7905,1496.0,1036.0,41.0,17.0,1.9,88.6,1.4,2.0,1,0
8827,1343.0,396.0,33.0,9.0,23.55,93.2,1.41,2.0,1,0
855,1709.0,798.0,43.7,12.0,15.5,93.0,1.3,1.0,0,1
3926,3400.0,1207.0,37.2,22.0,23.55,94.1,1.29,2.0,1,1
78,3566.625,1398.0,5.3,14.0,1.4,90.3,1.96,1.0,0,1
2247,1641.0,1115.0,40.9,58.0,0.5,90.7,1.57,2.0,0,1
7255,1898.0,551.0,11.8,58.0,1.7,93.3,2.3449999999999998,2.0,1,0
8953,2959.0,1291.0,30.3,3.0,23.55,96.9,1.31,2.0,1,0
8609,1394.0,342.0,11.9,11.0,23.55,92.0,1.45,2.0,1,0
7571,1558.0,444.0,44.7,74.5,3.2,91.1,1.87,2.0,1,0
6745,1920.0,521.0,29.3,30.0,1.0,86.6,1.58,2.0,0,0
788,2184.0,918.0,54.1,13.0,23.55,86.3,0.72,2.0,0,1
2279,2582.0,293.0,14.7,49.0,8.4,93.3,1.18,2.0,0,1
4095,1313.0,462.0,26.1,21.0,18.0,92.2,1.36,2.0,1,1
3897,1645.0,552.0,12.0,31.0,23.55,97.2,1.85,2.0,1,1
6388,1608.0,570.0,37.3,7.0,3.8,91.7,1.82,2.0,0,0
8126,1767.0,764.0,17.8,1.0,9.7,91.2,1.24,2.0,1,0
8501,1587.0,733.0,27.3,7.0,3.2,94.2,1.68,2.0,1,0
3631,1130.0,432.0,49.1,2.0,8.8,99.0,1.69,2.0,1,1
7333,2440.0,1801.5,73.6625,25.0,3.9,90.6,1.58,2.0,1,0
6272,2986.0,604.0,40.8,1.0,3.9,91.1,1.24,1.0,0,0
424,1688.0,1007.0,39.3,23.0,8.1,94.3,1.41,1.0,0,1
392,2210.0,406.0,5.4,6.0,4.9,94.5,1.19,2.0,0,1
7469,1557.0,430.0,25.3,12.0,3.1,95.9,1.38,2.0,1,0
16,2030.0,643.0,8.6,3.0,8.0,99.0,1.55,2.0,0,1
7321,1131.0,690.0,13.9,32.0,2.4,94.9,1.59,2.0,1,0
4200,1260.0,629.0,38.1,43.0,7.5,96.2,2.17,2.0,1,1
2672,1088.0,538.0,44.3,2.0,22.7,87.6,1.25,2.0,0,1
2444,1473.0,497.0,19.8,2.0,4.1,92.9,1.11,2.0,0,1
7011,2301.0,352.0,15.3,74.5,0.5,90.0,1.33,2.0,0,0
6630,2333.0,771.0,4.0,3.0,13.0,91.7,1.54,2.0,0,0
3493,1380.0,458.0,35.3,9.0,9.0,96.8,0.91,2.0,1,1
6044,1801.0,455.0,35.3,11.0,5.2,92.1,1.1,2.0,0,0
1459,1527.0,200.0,54.3,5.0,1.0,90.5,1.18,2.0,0,1
7075,1420.0,923.0,12.2,18.0,4.3,94.5,1.14,2.0,0,0
7143,1530.0,200.0,64.6,36.0,2.2,93.7,1.3,2.0,0,0
6625,1990.0,808.0,36.4,47.0,0.6,91.6,1.32,2.0,0,0
6512,3148.0,764.0,38.4,26.0,3.4,90.9,1.19,2.0,0,0
3835,1640.0,648.0,19.0,11.0,10.9,89.7,1.45,2.0,1,1
8377,2312.0,1048.0,35.0,50.0,23.55,85.9,1.64,2.0,1,0
5683,1520.0,813.0,27.9,67.0,10.8,95.1,1.59,2.0,0,1
8877,1741.0,200.0,52.9,16.0,5.7,94.2,1.3,2.0,1,0
5827,1183.0,200.0,14.5,7.0,3.1,95.5,1.48,2.0,0,1
8770,1132.0,200.0,23.4,39.0,6.3,97.2,1.01,2.0,1,0
4724,929.0,200.0,41.6,47.0,4.7,91.3,1.78,2.0,0,1
7596,2622.0,795.0,23.9,49.0,2.0,88.1,1.64,2.0,1,0
5887,3192.0,1289.0,17.5,21.0,3.2,93.6,1.5,2.0,0,1
2355,1862.0,495.0,46.7,8.0,0.5,88.6,1.4,2.0,0,1
6036,1927.0,605.0,12.8,60.0,5.0,95.1,0.72,2.0,0,0
4798,1892.0,862.0,49.1,45.0,5.1,93.8,1.46,2.0,0,1
2442,1638.0,641.0,20.6,33.0,15.0,90.4,1.24,2.0,0,1
6636,1223.0,200.0,20.1,9.0,6.1,98.0,1.63,2.0,0,0
4592,1731.0,794.0,36.6,25.0,2.1,91.1,1.38,2.0,0,1
7613,2103.0,1264.0,12.4,47.0,12.6,92.0,1.38,2.0,1,0
464,1432.0,200.0,46.7,10.0,2.4,93.8,2.14,2.0,0,1
163,2346.0,200.0,23.7,5.0,13.6,93.8,1.41,2.0,0,1
8327,1812.0,322.0,27.4,2.0,0.5,93.5,1.8,2.0,1,0
8486,3325.0,1460.0,37.6,2.0,3.8,92.5,2.15,2.0,1,0
8312,782.0,737.0,16.5,4.0,2.4,96.6,2.14,2.0,1,0
8796,1745.0,1214.0,8.6,51.0,7.5,94.8,1.82,2.0,1,0
241,1257.0,519.0,14.2,20.0,13.1,93.0,0.93,2.0,0,1
2009,1431.0,614.0,9.6,59.0,6.9,93.9,1.96,2.0,0,1
6356,2781.0,921.0,39.4,22.0,0.5,88.0,1.04,2.0,0,0
3084,1920.0,1024.0,30.8,46.0,8.3,93.1,1.39,1.0,1,1
6208,2598.0,1187.0,26.8,59.0,3.4,90.1,1.53,2.0,0,0
900,2760.0,693.0,26.2,31.0,7.3,90.7,1.54,2.0,0,1
5542,2217.0,1321.0,10.6,7.0,3.8,95.1,1.24,2.0,0,1
7487,1154.0,651.0,24.5,7.0,3.8,85.4,0.98,2.0,1,0
7656,1282.0,622.0,45.4,33.0,6.3,88.3,1.8,2.0,1,0
4837,1813.0,556.0,16.3,38.0,1.6,91.4,1.58,2.0,0,1
2293,1783.0,813.0,23.8,2.0,22.4,92.0,1.5,2.0,0,1
8192,1486.0,852.0,10.4,3.0,6.4,96.2,1.73,2.0,1,0
4481,1663.0,1145.0,37.8,4.0,10.3,96.0,1.18,1.0,0,1
5302,2317.0,855.0,52.1,8.0,4.8,97.9,1.37,2.0,0,1
4605,1330.0,720.0,24.4,7.0,2.1,97.2,1.24,2.0,0,1
3716,1078.0,599.0,38.1,31.0,16.2,94.5,1.53,2.0,1,1
8118,1373.0,787.0,14.2,4.0,2.2,94.2,1.16,1.0,1,0
6140,2152.0,482.0,27.9,71.0,23.55,94.1,1.43,2.0,0,0
1764,1202.0,200.0,41.4,4.0,0.7,95.3,1.48,2.0,0,1
1549,1746.0,380.0,28.0,54.0,14.8,94.9,1.8,2.0,0,1
3029,1822.0,970.0,19.8,74.5,4.4,96.0,1.74,2.0,1,1
7395,2971.0,685.0,19.8,22.0,6.1,89.6,1.38,2.0,1,0
6298,1153.0,639.0,40.9,0.0,1.3,91.5,0.96,2.0,0,0
2044,1807.0,825.0,54.2,12.0,4.6,96.2,1.34,2.0,0,1
767,1930.0,1458.0,12.7,3.0,3.4,88.6,2.0,2.0,0,1
5693,1657.0,433.0,31.0,21.0,5.8,95.0,1.9,2.0,0,1
1508,1848.0,500.0,34.1,20.0,7.0,97.6,1.72,2.0,0,1
3302,2809.0,983.0,24.3,10.0,0.6,92.1,0.96,2.0,1,1
4517,1186.0,904.0,16.2,6.0,18.9,96.0,1.44,2.0,0,1
4219,3006.0,1166.0,29.0,50.0,2.1,86.9,2.05,2.0,1,1
8625,889.0,200.0,41.6,8.0,10.9,93.0,2.05,2.0,1,0
6421,1315.0,200.0,12.8,18.0,11.9,94.5,0.88,1.0,0,0
3292,1846.0,660.0,13.4,41.0,16.1,94.4,1.18,2.0,1,1
819,932.0,503.0,18.0,42.0,23.55,99.0,0.77,2.0,0,1
1403,1706.0,812.0,5.2,6.0,5.5,91.9,1.47,2.0,0,1
1382,1590.0,235.0,15.0,21.0,23.55,97.7,0.94,2.0,0,1
2148,1642.0,894.0,33.5,10.0,0.5,94.6,1.53,2.0,0,1
5671,1295.0,855.0,58.1,8.0,0.9,91.4,1.38,2.0,0,1
1638,2940.0,976.0,13.0,18.0,17.3,97.6,1.2,2.0,0,1
5891,1152.0,200.0,24.8,7.0,2.8,95.8,1.27,2.0,0,1
608,2260.0,686.0,35.8,16.0,0.5,87.5,1.49,2.0,0,1
399,1096.0,299.0,38.8,6.0,11.2,90.3,1.25,2.0,0,1
6406,1235.0,380.0,27.1,0.0,0.5,96.7,1.69,2.0,0,0
882,2296.0,505.0,65.2,31.0,18.7,92.0,1.33,2.0,0,1
3565,3268.0,1004.0,34.7,34.0,6.9,89.2,1.06,2.0,1,1
4285,2631.0,644.0,38.3,15.0,23.55,95.9,1.83,2.0,1,1
1179,1663.0,200.0,17.5,74.5,10.1,94.0,1.28,2.0,0,1
5448,3566.625,999.0,35.4,65.0,1.5,92.4,1.55,1.0,0,1
4244,2748.0,1468.0,14.4,12.0,7.4,94.8,1.65,2.0,1,1
5218,1760.0,402.0,48.2,30.0,5.5,93.4,1.25,2.0,0,1
6691,1934.0,793.0,49.1,10.0,16.8,90.1,1.24,2.0,0,0
2130,845.0,200.0,31.7,24.0,2.1,91.8,0.95,2.0,0,1
5078,1218.0,200.0,16.5,4.0,6.7,93.3,1.46,2.0,0,1
456,1665.0,200.0,16.5,15.0,22.2,93.9,1.77,2.0,0,1
7443,3014.0,1146.0,4.4,74.5,1.2,88.2,1.19,2.0,1,0
5175,2129.0,450.0,46.7,15.0,0.5,97.0,1.29,2.0,0,1
1950,1937.0,1230.0,37.1,57.0,17.0,90.4,0.74,2.0,0,1
5372,2126.0,723.0,8.2,31.0,0.5,95.5,1.82,2.0,0,1
689,1810.0,706.0,16.5,11.0,2.4,95.4,2.02,2.0,0,1
7733,1058.0,200.0,9.0,74.5,6.1,97.5,1.06,2.0,1,0
8837,1377.0,670.0,56.1,36.0,7.2,91.9,0.54,2.0,1,0
1953,1100.0,566.0,17.4,14.0,4.2,92.8,1.56,2.0,0,1
5636,842.0,337.0,55.6,4.0,0.5,94.8,1.6,2.0,0,1
6963,1741.0,838.0,12.2,7.0,5.7,91.5,2.08,2.0,0,0
2710,3258.0,1693.0,0.5,17.0,16.0,89.0,2.09,2.0,0,1
7233,1929.0,701.0,26.4,31.0,0.5,89.4,1.43,2.0,1,0
7271,1689.0,200.0,41.2,17.0,14.2,93.5,1.23,2.0,1,0
4349,2113.0,473.0,58.3,4.0,19.4,88.1,1.31,2.0,1,1
4138,1425.0,685.0,33.0,18.0,0.5,86.8,1.44,2.0,1,1
1884,1599.0,296.0,14.6,23.0,17.7,90.1,1.79,2.0,0,1
7372,2996.0,1366.0,18.5,12.0,7.1,95.1,1.11,2.0,1,0
4485,2401.0,830.0,2.7,15.0,16.7,94.9,0.79,1.0,0,1
2494,2208.0,724.0,10.2,7.0,2.1,96.1,1.78,2.0,0,1
6989,1078.0,268.0,50.8,19.0,2.9,94.6,1.6,2.0,0,0
3036,1567.0,648.0,9.1,17.0,5.8,93.7,1.8,2.0,1,1
5777,2580.0,200.0,50.9,13.0,0.5,89.5,1.31,2.0,0,1
3603,2529.0,1126.0,31.8,74.5,4.5,95.3,0.94,2.0,1,1
845,2646.0,633.0,37.7,20.0,11.1,96.5,1.21,2.0,0,1
542,1430.0,636.0,69.0,31.0,0.5,91.6,1.79,2.0,0,1
3724,1750.0,1307.0,42.2,74.5,3.0,87.8,1.82,2.0,1,1
4187,1003.0,354.0,26.0,74.5,7.8,91.3,1.19,2.0,1,1
3679,1579.0,200.0,5.2,16.0,10.5,93.8,1.12,2.0,1,1
7918,2549.0,488.0,14.4,58.0,6.9,92.4,0.72,2.0,1,0
6075,1162.0,200.0,16.1,49.0,4.9,87.7,1.77,2.0,0,0
6633,1922.0,889.0,16.2,4.0,0.7,94.1,1.44,2.0,0,0
8000,2088.0,1008.0,17.5,4.0,7.1,95.6,2.13,2.0,1,0
6734,1243.0,200.0,15.3,35.0,16.5,95.4,1.5,2.0,0,0
2964,1675.0,200.0,25.7,40.0,5.0,91.1,1.26,2.0,1,1
2529,2854.0,1322.0,5.8,73.0,6.8,88.3,1.72,2.0,0,1
5772,2148.0,308.0,34.1,17.0,6.3,99.0,1.25,2.0,0,1
1048,1653.0,570.0,23.7,28.0,23.55,91.2,1.07,2.0,0,1
1960,2223.0,784.0,29.9,48.0,3.9,98.2,1.41,1.0,0,1
2530,1929.0,973.0,35.1,1.0,10.9,96.2,1.33,2.0,0,1
7212,2154.0,822.0,16.2,15.0,3.3,88.7,1.34,2.0,0,0
237,2746.0,1526.0,10.6,17.0,3.2,92.6,1.14,2.0,0,1
4917,3276.0,637.0,21.3,54.0,5.0,86.0,1.65,2.0,0,1
6479,1268.0,596.0,47.4,50.0,5.0,87.2,1.65,2.0,0,0
1133,2450.0,951.0,18.7,27.0,9.3,90.7,1.88,2.0,0,1
5901,3566.625,984.0,19.2,30.0,17.6,93.4,1.25,2.0,0,1
8090,1736.0,1268.0,19.2,10.0,0.9,88.3,1.74,2.0,1,0
4259,2513.0,722.0,18.5,11.0,8.6,95.9,1.12,2.0,1,1
8431,1835.0,692.0,23.1,49.0,10.7,91.0,1.43,2.0,1,0
8979,3430.0,895.0,1.9,4.0,3.0,91.2,0.5,2.0,1,0
8512,1561.0,1212.0,39.4,3.0,1.7,92.1,1.47,2.0,1,0
7359,716.0,399.0,54.9,2.0,2.3,90.3,1.12,2.0,1,0
5656,3404.0,1365.0,31.6,41.0,10.0,94.2,2.0,2.0,0,1
7549,3566.0,658.0,18.3,31.0,8.6,99.0,1.65,2.0,1,0
8524,1344.0,200.0,10.1,38.0,15.2,93.1,1.11,2.0,1,0
5907,2251.0,1089.0,44.5,34.0,1.4,98.2,1.51,2.0,0,1
2978,2393.0,1084.0,29.2,12.0,1.4,92.4,1.49,2.0,1,1
7745,2643.0,1396.0,19.8,16.0,1.0,93.0,2.05,2.0,1,0
5524,1094.0,737.0,44.5,13.0,11.4,95.4,1.43,2.0,0,1
7527,2893.0,1372.0,25.8,53.0,9.5,92.1,1.78,2.0,1,0
6621,1710.0,200.0,45.7,74.5,7.5,97.3,1.83,2.0,0,0
7302,1497.0,534.0,11.0,31.0,23.55,94.4,2.16,2.0,1,0
3919,1926.0,413.0,7.6,30.0,7.3,95.7,1.27,2.0,1,1
3138,2457.0,773.0,35.5,10.0,0.5,94.3,1.37,2.0,1,1
8472,2289.0,473.0,10.5,22.0,19.3,91.7,1.13,2.0,1,0
5789,1879.0,200.0,30.5,11.0,10.0,93.2,1.2,2.0,0,1
4073,1850.0,1034.0,24.8,13.0,23.55,86.8,2.12,2.0,1,1
3287,1407.0,652.0,21.3,29.0,3.5,88.5,1.13,2.0,1,1
3229,2833.0,718.0,18.0,21.0,4.5,88.4,1.39,2.0,1,1
1826,1710.0,797.0,25.0,43.0,23.55,90.1,1.34,2.0,0,1
5548,1392.0,200.0,20.8,74.5,13.4,89.7,1.48,2.0,0,1
593,1930.0,303.0,20.8,11.0,2.5,97.8,1.23,2.0,0,1
2725,1664.0,200.0,28.6,5.0,5.1,87.3,1.36,2.0,0,1
4137,1878.0,984.0,17.8,17.0,20.4,91.8,1.22,2.0,1,1
560,1814.0,1006.0,21.2,48.0,8.6,90.4,1.48,2.0,0,1
7663,2214.0,853.0,22.3,13.0,3.8,93.3,1.42,2.0,1,0
6903,2215.0,694.0,5.2,11.0,3.3,87.9,1.75,2.0,0,0
243,3113.0,1330.0,6.9,16.0,11.9,88.3,0.89,1.0,0,1
5435,1986.0,652.0,37.1,3.0,10.4,90.5,0.98,2.0,0,1
4437,1389.0,793.0,17.8,7.0,20.8,87.6,1.51,1.0,1,1
6802,2426.0,425.0,25.6,1.0,14.7,99.0,2.01,2.0,0,0
405,1682.0,589.0,22.7,74.5,2.3,92.1,1.0,2.0,0,1
1442,2718.0,1131.0,22.2,26.0,14.3,91.8,1.98,2.0,0,1
261,1817.0,366.0,51.4,2.0,1.1,89.6,1.57,2.0,0,1
6579,3284.0,1569.0,26.2,12.0,6.6,95.9,1.15,2.0,0,0
8577,1458.0,200.0,52.8,11.0,8.8,92.1,1.77,2.0,1,0
1689,781.0,200.0,16.8,3.0,0.5,94.5,0.65,2.0,0,1
1725,1491.0,310.0,9.0,48.0,5.1,88.6,1.7,2.0,0,1
7980,1212.0,220.0,7.9,17.0,13.9,89.7,1.02,2.0,1,0
4930,2878.0,848.0,24.6,41.0,15.2,94.2,1.36,2.0,0,1
5962,2205.0,922.0,28.2,8.0,1.2,94.8,1.44,2.0,0,1
2496,2615.0,788.0,14.5,29.0,1.4,84.6,1.18,2.0,0,1
6106,1836.0,727.0,4.3,32.0,0.6,88.9,1.46,2.0,0,0
6595,1312.0,301.0,17.9,7.0,1.6,89.8,1.33,2.0,0,0
340,2547.0,549.0,4.1,28.0,23.55,93.1,1.09,2.0,0,1
6841,1385.0,200.0,22.5,10.0,1.2,87.7,1.56,2.0,0,0
1601,1148.0,200.0,9.9,31.0,8.2,98.3,1.23,2.0,0,1
6859,1933.0,773.0,46.3,74.5,6.3,94.3,0.99,2.0,0,0
5782,1464.0,1073.0,28.5,33.0,2.7,89.3,1.27,2.0,0,1
4576,856.0,200.0,31.3,11.0,2.3,90.8,1.68,2.0,0,1
3725,1934.0,200.0,44.7,31.0,4.2,94.8,1.84,2.0,1,1
2556,1205.0,377.0,17.0,49.0,7.7,97.1,0.93,2.0,0,1
2785,1714.0,200.0,50.0,3.0,0.5,96.4,1.64,2.0,1,1
1523,1396.0,373.0,45.2,23.0,8.6,96.8,1.44,2.0,0,1
8051,1764.0,704.0,8.0,74.5,1.1,91.8,0.5,2.0,1,0
2831,723.0,200.0,32.3,12.0,10.3,91.9,1.92,2.0,1,1
1012,1331.0,470.0,25.5,35.0,3.4,91.6,1.0,2.0,0,1
6908,1150.0,948.0,6.2,27.0,1.3,89.9,1.27,2.0,0,0
7912,1777.0,724.0,35.5,30.0,9.5,87.6,1.06,2.0,1,0
1766,1783.0,883.0,15.7,8.0,9.4,95.9,1.83,2.0,0,1
4551,1412.0,200.0,44.3,7.0,2.1,93.0,1.68,2.0,0,1
6549,2084.0,688.0,18.7,52.0,0.5,90.9,1.12,2.0,0,0
4037,1545.0,873.0,27.9,24.0,8.7,83.54999999999998,1.53,2.0,1,1
6705,1535.0,285.0,37.9,22.0,12.1,91.6,1.55,2.0,0,0
8968,1351.0,200.0,18.0,3.0,6.9,86.1,1.06,2.0,1,0
7937,2286.0,390.0,4.6,7.0,5.5,89.0,0.73,2.0,1,0
8682,700.0,200.0,67.2,11.0,11.7,90.1,1.12,2.0,1,0
363,1073.0,249.0,19.8,74.5,8.5,92.7,1.52,2.0,0,1
5367,1688.0,526.0,9.5,67.0,3.3,96.5,1.1,1.0,0,1
8949,2452.0,1242.0,29.3,57.0,1.2,96.1,1.21,2.0,1,0
8169,2783.0,712.0,36.8,30.0,2.8,93.8,0.97,2.0,1,0
8502,2324.0,1154.0,33.9,12.0,13.0,92.9,1.23,2.0,1,0
4725,881.0,375.0,7.2,2.0,3.8,86.1,1.15,2.0,0,1
4443,2607.0,675.0,16.8,9.0,9.9,92.4,1.09,2.0,1,1
7801,1973.0,200.0,29.0,24.0,0.5,97.6,0.83,1.0,1,0
8622,2910.0,504.0,29.7,21.0,1.4,96.0,0.96,2.0,1,0
2562,1708.0,383.0,19.9,7.0,4.5,97.7,0.7,2.0,0,1
6857,2202.0,866.0,43.2,7.0,1.3,87.1,1.35,2.0,0,0
8638,1430.0,817.0,22.4,8.0,5.3,84.9,1.7,2.0,1,0
5519,1780.0,808.0,29.3,74.5,2.1,96.5,1.08,2.0,0,1
8647,3089.0,959.0,51.8,68.0,16.5,95.1,0.5,2.0,1,0
3083,1150.0,348.0,42.3,30.0,13.6,91.1,1.12,2.0,1,1
2959,3122.0,1609.0,10.1,3.0,5.3,93.0,0.91,2.0,1,1
2102,2022.0,600.0,21.4,25.0,23.55,87.6,1.01,2.0,0,1
632,1487.0,297.0,44.8,35.0,6.6,95.8,1.14,2.0,0,1
2493,2594.0,1065.0,12.9,74.5,2.2,91.9,1.95,2.0,0,1
2665,787.0,393.0,27.6,41.0,0.5,90.7,1.63,2.0,0,1
7197,742.0,200.0,50.5,3.0,8.6,91.0,1.73,2.0,0,0
4406,3020.0,1014.0,63.2,7.0,13.3,94.9,1.7,2.0,1,1
7198,2142.0,1397.0,27.3,11.0,5.7,91.9,1.97,2.0,0,0
7757,1464.0,200.0,30.6,12.0,6.5,93.4,1.51,2.0,1,0
2334,2584.0,444.0,44.0,7.0,4.8,90.4,1.99,1.0,0,1
7508,1450.0,787.0,50.1,51.0,12.1,91.3,1.36,2.0,1,0
3619,1491.0,637.0,14.6,20.0,1.4,91.8,1.77,2.0,1,1
5561,3566.625,1140.0,18.6,7.0,0.5,95.9,0.87,2.0,0,1
3883,1636.0,1216.0,39.3,59.0,7.3,98.5,1.89,2.0,1,1
6659,985.0,200.0,29.5,1.0,19.2,88.0,1.56,2.0,0,0
4211,1988.0,504.0,21.3,3.0,2.0,91.2,0.72,2.0,1,1
8551,2199.0,326.0,21.0,40.0,3.4,91.0,1.14,2.0,1,0
1494,2695.0,1376.0,1.2,74.5,9.1,90.4,1.54,2.0,0,1
2401,2192.0,409.0,16.6,17.0,5.7,94.2,1.47,2.0,0,1
3874,1426.0,376.0,32.5,18.0,7.8,93.4,1.03,2.0,1,1
1232,2888.0,959.0,29.9,63.0,3.2,86.8,1.62,2.0,0,1
2661,2706.0,779.0,66.4,8.0,4.7,96.3,1.0,2.0,0,1
2817,3079.0,713.0,17.4,74.5,11.2,92.2,0.74,2.0,1,1
6699,1719.0,200.0,13.8,19.0,8.3,90.3,0.85,2.0,0,0
2774,2609.0,606.0,6.9,66.0,2.5,93.0,1.72,2.0,1,1
8831,787.0,507.0,16.4,62.0,12.7,96.6,1.49,2.0,1,0
7768,2045.0,723.0,37.0,8.0,2.7,95.1,0.93,2.0,1,0
4153,1670.0,201.0,21.6,3.0,5.9,89.6,1.19,2.0,1,1
7301,2299.0,777.0,17.8,0.0,1.1,88.9,0.91,2.0,1,0
3061,1739.0,737.0,25.9,14.0,2.9,95.0,1.3,2.0,1,1
66,1524.0,668.0,36.6,49.0,16.2,87.7,0.96,1.0,0,1
8950,1233.0,238.0,17.3,45.0,2.7,91.7,1.43,2.0,1,0
1735,1549.0,392.0,18.9,15.0,16.0,90.6,1.28,1.0,0,1
2823,1800.0,1217.0,20.4,11.0,7.0,90.5,1.34,2.0,1,1
6292,1276.0,886.0,25.5,22.0,23.55,93.9,1.53,2.0,0,0
7466,1849.0,234.0,17.5,7.0,10.9,91.4,1.25,2.0,1,0
6730,1297.0,375.0,24.6,8.0,10.1,94.7,1.24,2.0,0,0
2475,1151.0,200.0,19.8,6.0,1.8,87.3,1.64,2.0,0,1
2564,1338.0,331.0,26.6,9.0,5.7,93.1,1.34,2.0,0,1
8984,2600.0,1054.0,15.8,22.0,11.1,96.8,1.62,2.0,1,0
3713,1888.0,787.0,22.5,13.0,8.1,94.7,1.48,2.0,1,1
8325,1582.0,200.0,21.0,35.0,8.6,94.0,1.71,2.0,1,0
707,1103.0,489.0,28.5,17.0,3.0,91.4,1.59,2.0,0,1
3046,904.0,200.0,41.7,3.0,4.6,94.2,1.23,2.0,1,1
8259,1654.0,323.0,40.7,44.0,8.2,91.9,0.54,1.0,1,0
5189,3180.0,1233.0,12.4,15.0,2.9,94.3,1.24,2.0,0,1
7474,2106.0,1594.0,19.0,28.0,0.8,97.8,1.28,2.0,1,0
5472,2776.0,616.0,58.7,0.0,7.6,95.1,1.2,2.0,0,1
72,1091.0,200.0,10.5,5.0,22.1,94.3,1.3,1.0,0,1
6018,1888.0,1315.0,31.6,24.0,2.1,90.0,0.95,2.0,0,0
4448,2027.0,729.0,28.1,7.0,6.3,94.2,1.34,1.0,1,1
5860,1226.0,995.0,37.0,2.0,2.7,96.3,1.41,2.0,0,1
4839,3266.0,865.0,23.1,39.0,6.9,95.1,1.99,2.0,0,1
4131,1168.0,628.0,38.0,29.0,14.7,95.6,1.38,2.0,1,1
5101,1791.0,342.0,28.7,27.0,9.6,91.8,1.26,2.0,0,1
1190,1272.0,205.0,38.6,74.5,23.55,99.0,1.16,2.0,0,1
6431,1335.0,565.0,32.6,46.0,1.5,96.1,1.66,2.0,0,0
2601,1686.0,1311.0,6.4,41.0,1.5,94.7,1.49,2.0,0,1
1125,1119.0,837.0,13.2,11.0,5.3,92.1,1.78,2.0,0,1
1241,1164.0,918.0,25.8,16.0,7.8,93.1,2.05,2.0,0,1
7579,3277.0,1023.0,25.3,74.5,6.9,94.0,1.19,2.0,1,0
3602,1340.0,406.0,25.8,18.0,0.5,95.5,1.32,2.0,1,1
8070,2169.0,765.0,40.7,60.0,0.8,87.5,1.08,2.0,1,0
7349,2125.0,317.0,32.2,21.0,3.4,96.1,1.42,2.0,1,0
3351,1734.0,318.0,3.3,63.0,23.55,92.8,1.38,2.0,1,1
5094,1824.0,678.0,65.1,37.0,10.6,95.4,1.42,2.0,0,1
6602,2686.0,727.0,45.1,10.0,4.5,98.6,1.3,2.0,0,0
4008,2828.0,1236.0,8.8,45.0,11.7,97.6,1.51,2.0,1,1
1577,1854.0,245.0,21.8,11.0,23.55,93.5,1.1,2.0,0,1
3906,1985.0,428.0,8.8,17.0,7.0,85.7,1.34,2.0,1,1
3729,2298.0,633.0,34.7,59.0,0.5,87.1,1.12,2.0,1,1
4358,1659.0,623.0,36.6,6.0,0.5,92.2,1.6,2.0,1,1
5922,1647.0,345.0,31.7,9.0,4.8,96.1,1.9,2.0,0,1
1343,1017.0,371.0,34.0,21.0,1.9,95.1,1.62,2.0,0,1
8988,1662.0,825.0,30.6,4.0,0.8,86.0,1.56,2.0,1,0
7448,1686.0,301.0,50.5,2.0,7.3,90.5,1.79,2.0,1,0
440,1786.0,622.0,10.9,68.0,9.7,99.0,1.74,2.0,0,1
1100,1498.0,403.0,58.5,12.0,3.6,93.5,1.7,2.0,0,1
2637,2067.0,1129.0,25.7,37.0,0.5,98.8,1.01,2.0,0,1
6920,1100.0,788.0,27.1,2.0,1.0,91.6,1.98,2.0,0,0
649,2123.0,609.0,66.5,2.0,6.5,93.9,1.11,2.0,0,1
1546,2540.0,1217.0,17.9,7.0,4.4,94.4,1.78,2.0,0,1
8083,3566.625,1467.0,26.7,35.0,23.55,88.9,1.63,2.0,1,0
7473,936.0,666.0,52.4,43.0,2.1,86.3,0.81,2.0,1,0
2852,1582.0,572.0,26.8,29.0,2.4,97.1,1.09,2.0,1,1
3503,1418.0,602.0,51.6,24.0,1.4,90.9,1.02,2.0,1,1
7066,1703.0,822.0,44.5,31.0,7.5,93.2,2.19,2.0,0,0
630,1066.0,557.0,70.4,56.0,0.5,90.7,1.32,2.0,0,1
4768,3566.625,1655.0,34.2,7.0,10.5,90.5,0.92,2.0,0,1
1249,2404.0,1410.0,15.8,74.5,5.1,89.1,1.32,2.0,0,1
7437,2275.0,1091.0,21.1,18.0,4.0,99.0,1.62,1.0,1,0
482,848.0,330.0,16.7,54.0,3.9,91.5,1.16,2.0,0,1
1584,870.0,557.0,57.0,2.0,0.5,83.54999999999998,1.07,2.0,0,1
4676,1233.0,225.0,34.9,22.0,6.3,93.3,1.55,2.0,0,1
6385,1451.0,511.0,53.8,23.0,4.2,97.8,1.24,2.0,0,0
1462,1476.0,839.0,43.4,23.0,18.8,93.5,1.6,2.0,0,1
3040,3266.0,1426.0,12.7,13.0,23.55,90.6,1.82,2.0,1,1
5010,806.0,200.0,18.4,0.0,2.7,99.0,1.22,2.0,0,1
7535,3566.625,1014.0,24.2,23.0,12.4,91.9,1.37,2.0,1,0
3273,1247.0,200.0,40.1,6.0,7.4,93.6,0.92,2.0,1,1
3683,2058.0,742.0,32.7,5.0,2.7,92.2,1.65,2.0,1,1
4145,1548.0,353.0,60.7,21.0,19.3,89.1,1.37,2.0,1,1
8760,1573.0,519.0,22.4,43.0,2.7,99.0,1.11,2.0,1,0
6918,1382.0,200.0,73.6625,22.0,8.9,96.6,1.42,2.0,0,0
4954,999.0,200.0,9.5,4.0,10.5,89.8,1.7,2.0,0,1
3225,1496.0,289.0,3.2,70.0,23.55,91.6,1.0,2.0,1,1
1072,2188.0,947.0,66.0,6.0,8.9,92.2,1.02,2.0,0,1
4815,1471.0,758.0,47.8,63.0,3.9,95.7,1.51,2.0,0,1
8887,2730.0,1476.0,57.9,10.0,4.2,89.2,1.49,2.0,1,0
2631,2776.0,852.0,23.7,3.0,23.55,91.3,1.09,2.0,0,1
1660,1424.0,771.0,32.6,6.0,4.3,97.2,1.13,2.0,0,1
5752,3566.625,758.0,36.4,14.0,15.2,87.5,1.91,2.0,0,1
2425,2263.0,837.0,11.9,71.0,6.6,92.6,0.81,2.0,0,1
5079,2661.0,543.0,37.0,6.0,3.6,89.5,1.24,2.0,0,1
8219,2184.0,534.0,61.8,7.0,6.9,93.4,1.58,2.0,1,0
5902,3251.0,1252.0,7.3,14.0,4.3,94.0,0.77,2.0,0,1
7444,1569.0,1130.0,35.9,1.0,4.7,97.0,1.49,2.0,1,0
3097,1042.0,316.0,16.6,54.0,10.8,91.4,1.37,2.0,1,1
3976,1353.0,635.0,20.8,55.0,5.7,94.1,1.85,2.0,1,1
1243,1374.0,780.0,29.2,42.0,7.3,89.5,1.25,2.0,0,1
1300,1429.0,622.0,18.0,10.0,7.5,90.1,1.25,2.0,0,1
6284,1423.0,373.0,57.0,1.0,23.55,98.5,1.35,2.0,0,0
6977,2370.0,673.0,33.9,4.0,9.2,90.5,1.28,2.0,0,0
5481,1681.0,200.0,41.9,14.0,12.1,87.9,1.39,2.0,0,1
7754,2893.0,1072.0,45.0,9.0,8.7,94.0,1.16,2.0,1,0
5495,1600.0,547.0,14.4,56.0,0.5,93.9,1.3,2.0,0,1
5291,1184.0,558.0,23.2,15.0,10.3,92.9,1.59,2.0,0,1
1408,2436.0,435.0,14.1,48.0,3.2,91.1,0.77,1.0,0,1
1845,2320.0,837.0,14.1,18.0,0.5,95.4,1.59,1.0,0,1
1798,1388.0,318.0,26.8,11.0,9.5,91.5,1.0,1.0,0,1
3957,2296.0,591.0,14.0,22.0,18.5,93.1,1.37,2.0,1,1
1475,1225.0,200.0,20.4,17.0,8.2,91.4,1.81,2.0,0,1
7100,1207.0,200.0,36.6,14.0,4.2,93.3,1.08,2.0,0,0
35,1778.0,1187.0,23.2,8.0,1.4,93.9,1.91,2.0,0,1
7452,1291.0,200.0,44.9,9.0,6.2,95.7,1.45,2.0,1,0
6441,2103.0,1110.0,16.5,10.0,7.0,99.0,1.33,2.0,0,0
444,1785.0,658.0,16.4,12.0,0.5,89.3,1.73,1.0,0,1
2359,1315.0,352.0,36.8,68.0,0.7,92.0,2.06,1.0,0,1
3654,1385.0,441.0,16.9,18.0,8.1,99.0,1.4,2.0,1,1
6302,1573.0,874.0,32.4,8.0,7.9,90.2,1.41,2.0,0,0
7685,2987.0,643.0,51.4,45.0,7.3,96.2,1.64,2.0,1,0
3179,1344.0,428.0,10.6,17.0,1.0,93.0,1.17,2.0,1,1
1286,2024.0,513.0,15.7,48.0,18.9,96.0,1.79,2.0,0,1
7281,2097.0,540.0,45.1,46.0,21.1,88.2,2.2,2.0,1,0
4445,1634.0,466.0,18.2,12.0,23.4,90.1,1.43,2.0,1,1
3416,1461.0,408.0,20.1,3.0,9.0,94.2,0.99,2.0,1,1
2137,1046.0,296.0,18.6,24.0,5.7,93.8,1.41,2.0,0,1
2636,3229.0,843.0,32.6,8.0,8.2,92.2,1.77,2.0,0,1
4016,1369.0,446.0,41.5,7.0,17.3,90.4,1.39,2.0,1,1
4097,1881.0,200.0,19.2,21.0,8.2,96.2,1.61,2.0,1,1
1681,1750.0,307.0,24.0,5.0,3.2,92.3,1.54,2.0,0,1
8773,1858.0,410.0,11.8,2.0,12.6,90.7,1.64,1.0,1,0
7597,1622.0,200.0,23.0,3.0,2.8,91.3,1.29,2.0,1,0
5767,1667.0,510.0,67.6,2.0,23.55,97.4,1.28,2.0,0,1
6792,2311.0,786.0,54.8,15.0,3.8,94.6,1.8,2.0,0,0
5275,2094.0,609.0,7.6,32.0,2.3,92.6,1.34,2.0,0,1
1692,1902.0,978.0,15.6,28.0,11.2,92.4,1.69,2.0,0,1
7235,1709.0,583.0,48.7,3.0,14.0,92.5,1.17,2.0,1,0
7794,785.0,200.0,44.0,20.0,2.9,89.3,1.57,2.0,1,0
3635,1675.0,287.0,25.6,22.0,4.2,93.5,1.78,2.0,1,1
372,3411.0,1143.0,20.1,56.0,1.4,96.6,1.5,2.0,0,1
7524,3551.0,1294.0,27.2,32.0,5.1,98.4,1.48,2.0,1,0
6012,2255.0,776.0,52.7,2.0,3.9,93.0,1.49,2.0,0,0
5453,2123.0,855.0,43.9,10.0,11.6,98.5,1.27,2.0,0,1
5921,2726.0,623.0,42.2,3.0,1.6,92.1,2.04,2.0,0,1
4882,1392.0,623.0,50.2,12.0,10.3,86.1,1.74,2.0,0,1
4565,1350.0,200.0,12.5,6.0,4.5,93.2,0.99,2.0,0,1
140,1971.0,751.0,57.0,0.0,0.5,91.8,1.62,2.0,0,1
4884,1261.0,271.0,39.1,4.0,19.8,88.6,1.58,2.0,0,1
4419,1112.0,691.0,35.4,3.0,0.5,94.2,1.33,2.0,1,1
8978,1706.0,725.0,5.5,0.0,17.1,95.5,1.41,2.0,1,0
8039,1905.0,1087.0,28.9,6.0,3.1,92.6,1.1,2.0,1,0
714,3101.0,656.0,20.8,27.0,13.4,97.3,1.41,2.0,0,1
5923,2668.0,276.0,30.0,31.0,8.7,88.6,1.82,1.0,0,1
6542,2100.0,1130.0,38.1,29.0,1.5,97.2,0.96,2.0,0,0
5243,1506.0,200.0,27.2,15.0,3.7,92.9,1.37,2.0,0,1
3188,1916.0,911.0,19.6,20.0,10.7,90.3,1.69,2.0,1,1
8425,1814.0,305.0,12.7,44.0,20.3,92.3,1.41,2.0,1,0
4431,2504.0,445.0,17.2,39.0,6.7,91.4,2.3,2.0,1,1
8943,1329.0,425.0,39.2,30.0,5.9,90.5,1.12,2.0,1,0
406,2245.0,1231.0,35.8,29.0,2.6,90.7,1.86,2.0,0,1
20,1222.0,568.0,40.6,10.0,3.1,89.8,1.27,1.0,0,1
1004,1129.0,647.0,58.8,61.0,4.0,93.0,1.15,2.0,0,1
6890,2401.0,814.0,38.5,6.0,0.9,94.7,1.31,1.0,0,0
4986,1438.0,722.0,29.3,0.0,2.1,88.8,1.83,2.0,0,1
2411,1573.0,907.0,18.0,3.0,9.0,98.5,1.55,2.0,0,1
2545,1550.0,200.0,18.3,74.5,13.7,91.2,1.09,2.0,0,1
8695,1126.0,540.0,18.8,8.0,1.4,94.1,1.27,2.0,1,0
2390,1409.0,459.0,18.9,3.0,10.4,88.8,1.92,2.0,0,1
7861,2433.0,1345.0,37.3,38.0,23.55,95.3,0.74,2.0,1,0
42,2125.0,840.0,7.7,10.0,2.5,93.4,0.73,2.0,0,1
2830,1868.0,578.0,25.6,7.0,3.6,86.5,0.97,2.0,1,1
5859,2901.0,801.0,21.6,54.0,11.3,90.9,1.26,2.0,0,1
3371,2034.0,442.0,20.4,23.0,8.2,95.6,1.57,2.0,1,1
3022,2222.0,270.0,37.4,19.0,4.3,91.7,1.15,2.0,1,1
3364,1983.0,405.0,19.2,19.0,4.2,98.3,1.6,2.0,1,1
4399,2077.0,297.0,6.9,18.0,19.5,90.7,1.62,2.0,1,1
5252,1404.0,880.0,27.1,74.5,4.9,93.5,1.1,2.0,0,1
11,3442.0,1121.0,36.6,31.0,5.5,89.4,1.96,2.0,0,1
4760,2141.0,781.0,17.5,6.0,13.6,95.9,1.38,2.0,0,1
1177,700.0,377.0,35.9,23.0,3.6,97.6,1.5,2.0,0,1
6772,1501.0,631.0,10.6,22.0,13.7,92.6,1.52,2.0,0,0
1947,1907.0,539.0,17.9,14.0,7.0,88.0,1.12,2.0,0,1
2501,1616.0,642.0,10.6,17.0,3.0,89.1,1.19,2.0,0,1
8344,1455.0,537.0,35.5,15.0,5.5,94.5,1.91,2.0,1,0
2863,1300.0,599.0,40.5,11.0,4.2,93.5,1.59,2.0,1,1
7432,1297.0,386.0,38.0,16.0,17.0,90.6,1.63,2.0,1,0
3865,2292.0,263.0,35.7,15.0,6.8,87.7,0.8,2.0,1,1
6228,2290.0,398.0,26.1,33.0,19.2,90.1,1.39,2.0,0,0
1026,1935.0,670.0,37.9,19.0,1.9,96.4,1.56,2.0,0,1
3848,1124.0,767.0,35.1,31.0,5.5,89.7,1.53,2.0,1,1
2989,2720.0,815.0,46.8,6.0,17.2,97.7,2.13,2.0,1,1
961,1909.0,570.0,3.8,26.0,7.4,97.9,0.87,2.0,0,1
2889,1772.0,235.0,47.3,12.0,4.4,84.3,1.77,2.0,1,1
3015,1455.0,522.0,37.4,44.0,15.2,91.1,1.3,2.0,1,1
3338,1060.0,399.0,12.8,70.0,14.0,93.4,0.97,2.0,1,1
6105,2525.0,1233.0,20.7,10.0,0.8,92.1,1.87,2.0,0,0
6245,1460.0,200.0,30.4,1.0,0.5,94.5,1.02,2.0,0,0
7217,928.0,704.0,73.6625,74.5,0.7,91.8,0.95,2.0,0,0
6434,1542.0,619.0,17.5,74.5,21.4,93.5,0.97,2.0,0,0
6934,1615.0,200.0,29.3,3.0,2.6,99.0,1.42,2.0,0,0
735,1767.0,227.0,27.5,24.0,1.9,92.1,1.24,2.0,0,1
4400,1326.0,673.0,19.1,17.0,3.7,93.2,0.72,2.0,1,1
1440,1734.0,670.0,11.6,12.0,3.8,95.3,1.55,2.0,0,1
8769,2665.0,1512.0,35.5,0.0,6.8,92.7,1.53,2.0,1,0
8581,2343.0,577.0,14.7,31.0,21.3,91.8,0.98,2.0,1,0
2875,1601.0,758.0,22.1,2.0,0.7,95.7,1.35,2.0,1,1
3986,1400.0,906.0,53.0,6.0,9.1,98.1,1.92,2.0,1,1
916,2797.0,1493.0,3.2,19.0,0.6,89.2,1.48,2.0,0,1
8199,1551.0,200.0,57.9,25.0,0.5,97.6,1.29,2.0,1,0
7636,1074.0,226.0,50.0,33.0,13.9,93.6,1.09,2.0,1,0
4089,2306.0,1077.0,40.7,26.0,0.6,93.9,1.52,2.0,1,1
8624,1774.0,555.0,18.4,74.5,0.5,93.6,2.08,2.0,1,0
7645,1320.0,200.0,33.3,49.0,9.8,94.6,1.02,2.0,1,0
2772,1920.0,1231.0,21.7,2.0,23.55,97.6,2.12,2.0,1,1
1624,1114.0,845.0,46.1,9.0,5.7,92.7,1.13,2.0,0,1
7756,945.0,200.0,13.6,15.0,5.0,93.9,1.65,2.0,1,0
821,1290.0,970.0,50.7,52.0,5.5,91.6,1.49,2.0,0,1
1367,1489.0,946.0,26.7,43.0,7.5,94.2,0.92,2.0,0,1
3712,1539.0,419.0,31.1,10.0,13.2,98.7,1.53,2.0,1,1
8865,1609.0,877.0,31.6,16.0,5.2,94.2,1.34,2.0,1,0
1388,2338.0,730.0,16.2,9.0,4.2,96.0,1.41,2.0,0,1
850,1465.0,200.0,32.6,17.0,0.8,92.2,1.22,2.0,0,1
1000,2519.0,1353.0,29.1,32.0,13.3,94.2,1.94,2.0,0,1
8841,1657.0,542.0,46.1,56.0,18.9,90.8,1.07,2.0,1,0
7463,1286.0,702.0,27.9,21.0,0.6,92.8,2.13,2.0,1,0
4114,1606.0,411.0,21.0,16.0,2.5,98.2,1.39,2.0,1,1
1637,2288.0,200.0,46.0,16.0,1.5,86.9,0.89,2.0,0,1
1667,2302.0,1340.0,13.6,7.0,3.6,94.9,1.14,2.0,0,1
4589,1761.0,556.0,69.5,18.0,3.0,97.3,1.51,2.0,0,1
3173,3566.625,1123.0,63.7,0.0,5.9,93.8,1.12,2.0,1,1
8705,1311.0,200.0,32.4,5.0,5.4,91.0,1.39,2.0,1,0
1347,3139.0,706.0,40.4,1.0,2.8,99.0,1.34,2.0,0,1
7642,1708.0,997.0,7.0,6.0,12.2,90.7,1.14,2.0,1,0
3230,1537.0,1112.0,17.5,74.5,11.5,91.2,1.12,2.0,1,1
8124,831.0,422.0,61.3,14.0,13.0,91.5,1.56,2.0,1,0
8894,1210.0,200.0,28.8,16.0,0.5,96.6,1.15,2.0,1,0
7528,1851.0,744.0,13.0,26.0,9.9,87.0,1.67,1.0,1,0
4783,1879.0,829.0,52.0,7.0,7.6,94.7,1.75,2.0,0,1
7647,2210.0,931.0,14.4,48.0,5.0,87.4,1.95,2.0,1,0
3232,1796.0,815.0,11.9,42.0,6.7,88.7,0.62,2.0,1,1
5704,1791.0,892.0,23.8,12.0,7.7,91.2,0.92,2.0,0,1
8591,3521.0,900.0,71.5,39.0,7.3,93.3,1.46,2.0,1,0
703,2628.0,699.0,20.4,21.0,17.2,91.7,2.04,2.0,0,1
5105,1603.0,768.0,25.6,37.0,5.8,94.1,1.73,2.0,0,1
7802,910.0,200.0,73.6625,53.0,1.0,99.0,0.77,2.0,1,0
3291,1464.0,275.0,20.1,3.0,3.2,90.0,1.34,2.0,1,1
3673,2121.0,738.0,19.2,2.0,3.9,91.4,1.26,2.0,1,1
2408,2198.0,1529.0,13.9,19.0,0.6,98.0,1.21,2.0,0,1
8618,2131.0,215.0,37.4,26.0,23.55,89.1,1.69,2.0,1,0
1327,2319.0,519.0,34.7,23.0,23.55,88.5,1.91,2.0,0,1
8664,1364.0,443.0,23.5,8.0,11.0,93.0,1.4,1.0,1,0
5773,1854.0,415.0,21.9,10.0,6.7,90.0,1.42,2.0,0,1
6095,1443.0,479.0,25.6,59.0,2.0,92.1,1.5,2.0,0,0
5406,2328.0,986.0,32.2,11.0,8.9,89.5,1.39,2.0,0,1
8021,1666.0,788.0,46.4,21.0,5.7,96.4,1.02,2.0,1,0
6083,3566.0,910.0,12.0,6.0,6.3,85.7,1.13,2.0,0,0
4909,2728.0,657.0,29.0,2.0,18.2,92.0,1.62,2.0,0,1
4440,893.0,200.0,16.3,15.0,2.9,91.7,1.41,2.0,1,1
8801,1348.0,835.0,33.2,48.0,4.2,91.7,2.05,2.0,1,0
986,1890.0,835.0,11.9,29.0,1.5,94.9,0.94,2.0,0,1
7770,2701.0,988.0,63.4,30.0,23.55,87.4,1.56,2.0,1,0
3952,2443.0,1454.0,13.1,74.5,2.5,90.7,1.18,1.0,1,1
8302,2890.0,957.0,29.3,7.0,2.3,93.0,1.63,2.0,1,0
8099,3116.0,768.0,13.5,7.0,1.5,87.6,1.62,2.0,1,0
4049,2912.0,1198.0,55.2,10.0,3.7,93.5,1.63,2.0,1,1
6257,3386.0,1159.0,50.2,61.0,3.1,91.4,1.03,2.0,0,0
3485,921.0,342.0,71.5,5.0,0.5,96.2,1.87,2.0,1,1
6089,1140.0,728.0,21.7,43.0,7.8,91.8,1.56,2.0,0,0
2474,1756.0,200.0,26.8,3.0,0.5,98.1,1.23,2.0,0,1
5238,2183.0,839.0,6.7,31.0,6.2,91.7,1.7,2.0,0,1
6454,1288.0,832.0,18.4,15.0,3.0,99.0,1.79,1.0,0,0
3873,912.0,200.0,18.2,7.0,8.5,87.5,1.81,2.0,1,1
1198,1817.0,477.0,21.7,1.0,8.4,98.8,2.04,1.0,0,1
4181,1621.0,655.0,28.0,8.0,3.7,96.5,1.43,2.0,1,1
1518,1741.0,200.0,17.7,9.0,1.9,92.5,1.7,2.0,0,1
8115,1735.0,991.0,26.1,14.0,0.6,95.8,0.87,2.0,1,0
5477,1708.0,200.0,69.8,22.0,4.8,97.4,1.2,2.0,0,1
6812,1930.0,527.0,32.9,10.0,14.2,94.1,1.26,2.0,0,0
1799,1651.0,756.0,32.8,20.0,23.55,95.4,1.83,2.0,0,1
1014,1116.0,339.0,0.7,11.0,2.3,91.3,1.18,2.0,0,1
128,2007.0,1259.0,27.6,8.0,6.2,93.6,2.12,2.0,0,1
1364,2724.0,706.0,21.9,74.5,7.1,91.3,1.52,2.0,0,1
7537,3566.625,1333.0,4.6,7.0,3.3,93.7,0.6,2.0,1,0
4470,2170.0,338.0,57.2,23.0,5.3,94.4,1.79,2.0,1,1
891,2272.0,1269.0,35.3,16.0,2.6,96.9,1.37,2.0,0,1
2793,2397.0,769.0,23.6,22.0,20.5,93.8,1.74,2.0,1,1
1969,1638.0,292.0,13.2,2.0,0.7,91.0,1.24,2.0,0,1
5455,1606.0,200.0,49.8,12.0,3.8,95.0,0.98,2.0,0,1
4403,3566.625,1780.0,6.8,15.0,20.1,92.3,2.18,2.0,1,1
5757,2058.0,908.0,68.0,4.0,0.6,96.3,1.22,2.0,0,1
6527,1765.0,495.0,36.1,0.0,8.7,89.4,1.17,2.0,0,0
6294,2115.0,430.0,26.7,25.0,14.4,99.0,1.46,2.0,0,0
3923,2651.0,200.0,25.3,5.0,1.9,99.0,1.36,2.0,1,1
5413,2218.0,1452.0,3.0,3.0,1.3,95.3,1.45,2.0,0,1
8291,2147.0,1398.0,37.6,35.0,2.4,92.8,0.97,2.0,1,0
3249,1339.0,1464.0,25.2,11.0,1.8,97.1,0.91,2.0,1,1
6570,1274.0,632.0,18.9,20.0,12.0,89.1,0.68,2.0,0,0
6638,1462.0,252.0,24.7,24.0,15.3,96.8,1.27,2.0,0,0
8242,2908.0,1326.0,8.6,4.0,2.4,95.2,1.08,2.0,1,0
1208,1629.0,361.0,43.4,12.0,2.8,99.0,1.46,2.0,0,1
3868,3365.0,988.0,50.1,7.0,0.5,95.2,2.12,2.0,1,1
8497,1728.0,200.0,4.5,9.0,0.5,93.8,1.63,2.0,1,0
4065,2270.0,1009.0,33.1,18.0,3.0,97.1,1.72,2.0,1,1
8272,1502.0,388.0,73.6625,0.0,4.2,93.6,1.56,2.0,1,0
7431,1309.0,200.0,8.5,1.0,8.1,90.8,1.44,2.0,1,0
1239,1895.0,897.0,51.3,28.0,3.6,93.3,1.63,2.0,0,1
2289,1972.0,260.0,58.6,74.5,0.7,94.2,1.4,2.0,0,1
2740,1478.0,751.0,62.5,4.0,0.5,97.7,0.8,2.0,0,1
275,2070.0,901.0,10.1,6.0,0.7,95.1,1.87,2.0,0,1
4585,2607.0,220.0,25.1,8.0,13.6,91.5,1.83,2.0,0,1
1035,1571.0,907.0,26.7,37.0,9.8,90.2,1.84,2.0,0,1
1229,1703.0,697.0,24.4,33.0,0.9,95.2,2.12,2.0,0,1
6834,2510.0,1238.0,27.0,2.0,1.1,88.4,1.32,2.0,0,0
1008,1960.0,971.0,36.0,21.0,7.7,91.5,1.1,2.0,0,1
7976,1336.0,381.0,31.8,30.0,10.4,95.8,2.13,2.0,1,0
5178,1338.0,275.0,16.9,29.0,5.6,90.4,1.29,2.0,0,1
3828,2816.0,985.0,28.3,49.0,1.4,96.0,1.13,1.0,1,1
2532,1824.0,724.0,35.9,7.0,5.9,97.6,0.5,2.0,0,1
4293,1973.0,278.0,36.9,6.0,3.8,91.8,1.97,2.0,1,1
1058,1434.0,200.0,49.9,58.0,1.6,89.2,1.34,1.0,0,1
6262,2507.0,1073.0,24.9,27.0,8.8,95.8,1.65,2.0,0,0
7276,1809.0,200.0,12.4,3.0,1.0,99.0,1.56,2.0,1,0
281,700.0,328.0,38.7,26.0,4.9,93.6,1.59,2.0,0,1
1043,2688.0,1386.0,11.8,29.0,20.6,95.1,0.91,2.0,0,1
1316,1664.0,905.0,13.0,7.0,4.4,94.4,1.81,2.0,0,1
6654,1614.0,201.0,38.8,47.0,17.7,91.3,1.04,2.0,0,0
968,948.0,200.0,24.1,53.0,23.55,93.5,1.05,1.0,0,1
2381,3045.0,1606.0,28.3,43.0,10.8,92.4,1.51,2.0,0,1
7808,2692.0,549.0,16.4,2.0,2.6,91.1,1.99,2.0,1,0
1939,2996.0,1418.0,45.3,42.0,13.7,90.8,1.3,2.0,0,1
7045,2752.0,697.0,44.6,3.0,3.9,90.5,1.01,2.0,0,0
1274,1849.0,528.0,49.5,74.5,6.9,89.0,1.44,2.0,0,1
619,847.0,336.0,33.6,21.0,1.5,89.5,1.22,2.0,0,1
7120,1550.0,991.0,34.2,4.0,5.3,87.1,0.5,2.0,0,0
1742,1815.0,657.0,4.6,11.0,8.0,95.7,1.12,2.0,0,1
1390,1494.0,200.0,16.4,32.0,0.9,92.4,1.4,2.0,0,1
7969,1417.0,406.0,18.9,1.0,5.2,97.7,1.28,2.0,1,0
5943,1719.0,200.0,42.5,43.0,13.9,90.9,1.71,2.0,0,1
1579,1302.0,859.0,54.6,50.0,5.2,95.6,0.93,2.0,0,1
1655,2112.0,555.0,24.2,48.0,13.4,98.0,1.07,2.0,0,1
3568,1829.0,804.0,47.4,9.0,5.2,97.5,1.28,1.0,1,1
2352,1668.0,1257.0,11.1,27.0,5.4,93.2,1.24,2.0,0,1
2212,908.0,816.0,61.1,33.0,4.4,90.6,1.81,2.0,0,1
6116,1871.0,929.0,32.3,13.0,11.1,94.7,1.47,2.0,0,0
8972,1724.0,378.0,19.0,63.0,13.9,93.7,1.58,2.0,1,0
6052,1127.0,200.0,44.4,9.0,0.6,91.4,1.69,2.0,0,0
3178,1292.0,602.0,16.0,7.0,0.5,96.7,1.3,1.0,1,1
3192,2005.0,1030.0,29.5,23.0,10.7,90.1,1.7,2.0,1,1
1307,941.0,200.0,8.4,58.0,6.0,88.2,1.34,2.0,0,1
6099,1382.0,291.0,23.9,23.0,14.0,94.9,1.54,2.0,0,0
575,1094.0,734.0,34.3,40.0,6.6,88.7,1.52,2.0,0,1
2360,1526.0,545.0,34.2,1.0,5.6,89.2,1.88,2.0,0,1
6656,1805.0,1221.0,14.3,8.0,23.0,97.9,1.62,2.0,0,0
5802,3299.0,833.0,35.0,25.0,18.0,89.6,1.59,2.0,0,1
7707,1557.0,1080.0,48.0,34.0,12.8,87.6,1.12,2.0,1,0
7379,3391.0,1315.0,24.1,19.0,5.5,95.9,1.68,2.0,1,0
1280,2405.0,885.0,14.4,30.0,9.8,91.6,1.75,2.0,0,1
7963,1843.0,726.0,20.3,23.0,2.7,95.2,1.46,1.0,1,0
4957,1525.0,994.0,26.2,5.0,4.7,96.2,1.26,2.0,0,1
8094,1389.0,241.0,4.7,7.0,6.0,86.9,1.17,2.0,1,0
5897,2148.0,1084.0,39.0,22.0,2.5,91.8,1.28,2.0,0,1
5724,2255.0,269.0,18.3,53.0,1.6,86.1,2.15,2.0,0,1
1993,1610.0,662.0,15.2,47.0,1.6,88.6,1.62,2.0,0,1
2639,2258.0,380.0,2.3,5.0,10.0,96.0,1.88,2.0,0,1
269,1609.0,313.0,8.4,48.0,6.3,96.5,1.4,2.0,0,1
629,943.0,200.0,51.2,27.0,2.6,96.5,1.39,2.0,0,1
7264,1684.0,200.0,34.5,52.0,15.5,94.9,0.99,2.0,1,0
3081,1555.0,653.0,29.0,18.0,7.7,91.7,1.31,1.0,1,1
3466,1993.0,1055.0,12.1,16.0,23.55,86.5,0.97,2.0,1,1
6430,1026.0,862.0,10.1,1.0,3.0,93.7,1.93,2.0,0,0
8375,2362.0,638.0,48.2,10.0,7.8,91.5,1.58,2.0,1,0
4396,1216.0,227.0,60.4,4.0,23.55,92.4,1.43,2.0,1,1
4023,2792.0,1251.0,56.2,24.0,23.55,89.7,1.15,2.0,1,1
8751,2448.0,965.0,7.6,1.0,16.2,98.3,1.75,1.0,1,0
5543,2888.0,1050.0,19.9,29.0,16.0,85.7,1.44,2.0,0,1
5568,2140.0,1801.5,8.9,56.0,8.3,91.6,1.16,2.0,0,1
2046,1054.0,375.0,35.3,10.0,4.1,95.8,1.19,2.0,0,1
4356,1802.0,790.0,10.4,18.0,23.55,93.2,1.32,2.0,1,1
7682,2044.0,497.0,21.6,43.0,0.5,91.4,2.0,2.0,1,0
2113,1465.0,1115.0,6.4,8.0,1.9,99.0,1.47,2.0,0,1
27,3019.0,1007.0,31.9,2.0,10.5,94.1,1.15,2.0,0,1
2040,900.0,200.0,25.2,23.0,6.8,94.3,1.75,2.0,0,1
3928,700.0,286.0,11.0,2.0,2.5,91.0,1.56,2.0,1,1
2938,2283.0,452.0,41.3,4.0,7.4,91.6,1.64,2.0,1,1
3216,904.0,204.0,12.2,21.0,4.3,91.3,1.35,2.0,1,1
4933,1060.0,386.0,22.0,2.0,23.55,96.3,1.0,2.0,0,1
3814,2213.0,590.0,30.5,6.0,4.4,93.2,1.17,2.0,1,1
129,1233.0,850.0,36.3,8.0,0.6,85.1,1.27,2.0,0,1
7268,1545.0,927.0,5.8,33.0,0.5,93.6,1.25,2.0,1,0
6104,1703.0,1021.0,46.1,18.0,23.55,92.6,1.85,2.0,0,0
2278,2016.0,853.0,36.9,37.0,3.3,94.6,0.82,2.0,0,1
4599,1252.0,873.0,29.8,5.0,12.3,99.0,0.58,2.0,0,1
13,1131.0,667.0,15.9,64.0,1.1,95.0,1.88,2.0,0,1
8292,2160.0,864.0,4.4,4.0,3.6,93.8,2.06,2.0,1,0
4476,2258.0,965.0,37.7,37.0,1.0,98.3,1.69,2.0,0,1
8191,1294.0,475.0,61.5,12.0,0.5,93.2,1.82,2.0,1,0
1525,1353.0,383.0,8.1,5.0,16.5,90.6,1.61,2.0,0,1
2365,1863.0,993.0,30.5,55.0,2.2,90.5,1.91,2.0,0,1
4648,1371.0,999.0,19.0,14.0,4.8,93.4,1.7,2.0,0,1
3052,2107.0,776.0,7.6,21.0,0.5,94.1,1.48,2.0,1,1
4005,2891.0,1294.0,43.0,1.0,4.3,89.8,2.08,2.0,1,1
6980,1651.0,810.0,13.7,74.5,13.5,85.3,1.87,2.0,0,0
2340,1884.0,508.0,35.3,13.0,18.3,99.0,1.49,2.0,0,1
374,1999.0,652.0,45.4,17.0,0.5,83.54999999999998,1.57,2.0,0,1
7146,1420.0,1249.0,15.4,45.0,10.6,95.8,0.97,2.0,0,0
6477,1606.0,819.0,8.7,13.0,0.9,91.5,1.39,2.0,0,0
525,2434.0,1040.0,28.1,16.0,1.8,86.2,1.18,2.0,0,1
939,2051.0,402.0,69.3,6.0,1.7,93.6,1.52,2.0,0,1
3369,2415.0,971.0,13.7,22.0,23.55,91.3,0.7,2.0,1,1
5718,1949.0,478.0,19.4,29.0,0.5,91.9,1.73,2.0,0,1
4573,2991.0,840.0,35.3,31.0,5.7,95.3,1.42,2.0,0,1
6895,1929.0,1132.0,24.1,1.0,5.7,87.2,1.21,1.0,0,0
2147,1537.0,650.0,1.8,23.0,23.55,93.1,2.12,2.0,0,1
3591,1774.0,686.0,20.5,8.0,9.1,89.5,1.18,2.0,1,1
7736,1960.0,526.0,10.7,5.0,4.0,90.2,1.3,2.0,1,0
8553,2067.0,848.0,23.8,35.0,0.6,91.3,1.52,2.0,1,0
2958,1676.0,200.0,30.3,20.0,1.4,90.3,1.19,2.0,1,1
6164,1407.0,1152.0,17.2,44.0,10.9,88.7,0.97,2.0,0,0
3623,1839.0,367.0,9.6,31.0,3.2,98.1,1.12,2.0,1,1
529,1352.0,215.0,48.5,23.0,11.7,90.7,1.09,2.0,0,1
3714,2575.0,888.0,17.2,6.0,7.4,92.1,0.85,1.0,1,1
7646,2840.0,1335.0,47.0,55.0,3.9,89.4,2.21,2.0,1,0
4732,1172.0,304.0,19.4,6.0,0.5,94.4,1.29,2.0,0,1
1269,2455.0,660.0,32.2,31.0,6.5,93.4,1.52,2.0,0,1
4281,3418.0,1089.0,17.2,42.0,19.4,89.8,1.58,2.0,1,1
1394,1810.0,228.0,49.3,2.0,8.4,94.3,0.96,2.0,0,1
4850,1319.0,1127.0,34.7,5.0,6.9,93.0,1.18,1.0,0,1
4009,1019.0,1223.0,28.1,20.0,2.6,97.5,1.59,2.0,1,1
4390,2060.0,765.0,32.0,7.0,2.3,96.8,2.02,2.0,1,1
1797,1980.0,570.0,35.6,34.0,6.9,96.1,1.49,1.0,0,1
2979,1633.0,380.0,6.0,2.0,3.0,89.6,0.98,2.0,1,1
1441,1559.0,200.0,14.2,50.0,2.5,93.3,1.46,2.0,0,1
8187,1269.0,518.0,44.1,1.0,4.6,92.7,1.29,2.0,1,0
2625,2173.0,1130.0,33.6,1.0,0.8,91.5,1.08,2.0,0,1
3811,1828.0,747.0,21.6,16.0,6.3,96.1,1.0,2.0,1,1
5631,2083.0,749.0,23.9,51.0,10.4,91.9,1.65,2.0,0,1
8336,1733.0,857.0,46.2,9.0,9.1,90.8,1.43,2.0,1,0
1273,3149.0,919.0,19.3,28.0,6.4,94.7,1.91,2.0,0,1
8025,1929.0,200.0,60.5,60.0,4.1,98.5,1.27,2.0,1,0
4703,1818.0,245.0,26.4,19.0,2.9,89.4,0.73,2.0,0,1
1712,1820.0,249.0,14.2,11.0,21.2,88.5,1.8,2.0,0,1
8776,2239.0,492.0,16.1,14.0,6.7,99.0,1.29,2.0,1,0
955,1703.0,628.0,36.1,3.0,6.7,96.3,1.49,1.0,0,1
6675,2812.0,1175.0,39.3,20.0,18.2,93.3,1.16,2.0,0,0
7262,1924.0,552.0,43.9,50.0,3.5,88.8,1.6,2.0,1,0
7818,1030.0,640.0,58.3,74.5,2.2,91.2,1.08,2.0,1,0
8434,1991.0,414.0,21.5,36.0,2.4,94.3,1.18,1.0,1,0
8605,1428.0,297.0,25.7,0.0,6.3,93.7,2.13,2.0,1,0
7600,1926.0,200.0,17.6,34.0,8.2,94.3,1.34,2.0,1,0
403,1536.0,805.0,26.6,2.0,13.7,90.0,0.76,1.0,0,1
2071,2525.0,1237.0,23.8,11.0,2.6,93.2,1.07,2.0,0,1
8762,2097.0,686.0,22.0,6.0,2.9,90.6,1.08,2.0,1,0
1977,1533.0,322.0,37.2,51.0,12.0,97.4,1.71,2.0,0,1
158,2129.0,1183.0,7.1,6.0,11.4,92.6,1.82,2.0,0,1
5844,1946.0,289.0,26.8,27.0,1.2,93.7,0.86,2.0,0,1
7005,3188.0,1018.0,63.8,33.0,16.6,93.8,1.44,2.0,0,0
3888,1824.0,831.0,4.5,56.0,0.8,97.7,1.23,2.0,1,1
5451,2556.0,1349.0,27.4,24.0,5.5,95.6,1.09,2.0,0,1
902,1363.0,647.0,48.8,23.0,4.0,90.7,1.66,2.0,0,1
352,1756.0,978.0,46.2,22.0,11.9,95.2,1.31,2.0,0,1
5326,1047.0,200.0,7.7,0.0,11.8,90.9,1.83,2.0,0,1
6078,1701.0,846.0,22.7,59.0,3.4,96.6,1.14,1.0,0,0
6236,1090.0,993.0,39.6,10.0,1.3,92.0,2.1,2.0,0,0
4540,1942.0,908.0,72.6,57.0,18.0,97.4,0.98,2.0,0,1
4130,2237.0,871.0,7.3,6.0,11.6,85.9,1.27,2.0,1,1
754,1990.0,1060.0,53.8,71.0,3.0,94.7,1.09,2.0,0,1
5833,2475.0,1314.0,73.5,3.0,7.6,85.1,1.49,2.0,0,1
2971,2000.0,200.0,35.0,55.0,6.1,85.3,1.08,2.0,1,1
1082,1993.0,613.0,37.3,14.0,13.4,96.6,1.13,2.0,0,1
2920,2464.0,414.0,20.9,62.0,10.9,95.3,1.97,2.0,1,1
311,1274.0,974.0,22.2,3.0,1.5,91.7,1.65,2.0,0,1
4644,1222.0,959.0,19.0,55.0,2.9,90.6,1.27,2.0,0,1
661,2374.0,747.0,20.9,66.0,8.5,94.8,1.47,2.0,0,1
7057,1454.0,905.0,48.3,74.5,7.5,96.2,1.57,2.0,0,0
1989,2062.0,719.0,18.2,30.0,10.0,94.6,2.05,2.0,0,1
3665,1713.0,200.0,18.0,32.0,0.5,91.0,1.3,2.0,1,1
306,2563.0,1267.0,8.5,18.0,0.5,88.1,1.12,2.0,0,1
2335,1058.0,447.0,1.4,10.0,6.1,95.8,2.21,2.0,0,1
4790,1745.0,298.0,31.2,7.0,3.4,96.1,0.98,2.0,0,1
2356,1352.0,507.0,10.6,60.0,4.4,93.2,1.35,2.0,0,1
3702,1844.0,743.0,8.7,27.0,8.3,89.3,0.82,2.0,1,1
3804,1206.0,388.0,38.8,4.0,9.7,99.0,1.17,2.0,1,1
1927,1573.0,957.0,51.5,0.0,22.9,99.0,1.94,2.0,0,1
8906,3566.625,557.0,44.8,28.0,7.1,90.1,1.63,2.0,1,0
3427,3190.0,1752.0,15.4,30.0,23.55,90.9,1.39,2.0,1,1
749,2113.0,768.0,13.0,11.0,2.3,94.4,1.29,1.0,0,1
3638,2256.0,494.0,8.7,4.0,3.8,99.0,1.2,2.0,1,1
7132,2017.0,788.0,14.1,0.0,0.5,96.9,1.84,2.0,0,0
1266,1075.0,468.0,21.5,59.0,3.7,99.0,1.37,2.0,0,1
7173,1453.0,1084.0,52.1,55.0,5.5,99.0,1.95,2.0,0,0
7441,2440.0,682.0,51.3,3.0,2.9,91.1,2.07,1.0,1,0
2956,2117.0,700.0,24.9,62.0,1.2,95.6,1.28,2.0,1,1
3595,3566.625,1801.5,15.4,8.0,3.9,86.7,1.83,2.0,1,1
2134,1477.0,822.0,7.7,1.0,8.8,99.0,1.08,2.0,0,1
5066,2226.0,693.0,24.8,20.0,6.0,93.5,1.24,2.0,0,1
4109,3566.625,1550.0,44.9,4.0,0.6,97.4,1.66,2.0,1,1
4969,1529.0,200.0,11.6,26.0,0.5,93.2,1.76,2.0,0,1
4904,1455.0,200.0,46.8,31.0,16.6,93.7,1.15,2.0,0,1
514,3566.625,1662.0,17.0,71.0,16.3,92.9,1.42,2.0,0,1
894,1492.0,200.0,5.7,40.0,14.8,97.0,1.19,2.0,0,1
409,2154.0,1138.0,31.4,31.0,2.6,99.0,1.23,2.0,0,1
7398,2879.0,1482.0,24.4,74.5,1.3,97.2,1.35,2.0,1,0
8980,2033.0,1183.0,12.8,8.0,8.8,95.6,1.07,1.0,1,0
3461,2158.0,522.0,44.1,62.0,2.7,96.0,0.92,2.0,1,1
899,2015.0,703.0,8.8,14.0,6.2,88.1,1.18,2.0,0,1
207,1445.0,752.0,16.9,27.0,5.8,90.3,0.85,2.0,0,1
7964,1850.0,499.0,47.3,12.0,2.4,96.2,0.68,2.0,1,0
458,1619.0,378.0,21.7,0.0,20.9,98.5,1.34,2.0,0,1
2054,2346.0,1245.0,3.8,6.0,6.2,93.2,1.94,2.0,0,1
2430,1883.0,801.0,33.6,8.0,1.9,95.2,0.83,2.0,0,1
250,1654.0,883.0,24.7,61.0,14.3,93.5,1.84,2.0,0,1
8263,2430.0,1129.0,29.8,45.0,6.2,97.0,1.18,2.0,1,0
5437,1689.0,1269.0,12.1,36.0,10.0,93.7,1.73,2.0,0,1
1107,1902.0,955.0,44.8,74.5,20.3,95.9,1.64,2.0,0,1
7944,1806.0,200.0,69.6,45.0,12.6,90.6,1.34,2.0,1,0
5979,1644.0,575.0,4.3,2.0,0.6,94.8,1.42,2.0,0,1
1713,1625.0,1294.0,48.7,74.5,4.1,97.1,1.42,2.0,0,1
3911,1527.0,765.0,27.3,21.0,12.6,91.7,1.22,2.0,1,1
7879,1996.0,404.0,47.0,17.0,9.9,89.7,1.17,2.0,1,0
715,2427.0,897.0,56.7,19.0,18.7,90.3,2.23,2.0,0,1
552,2018.0,878.0,6.4,74.5,15.1,96.2,1.54,2.0,0,1
1439,1169.0,779.0,29.8,1.0,23.55,89.4,1.34,2.0,0,1
2270,2053.0,1094.0,24.4,40.0,4.6,87.7,1.61,2.0,0,1
3144,1891.0,442.0,26.2,3.0,4.2,86.2,1.51,2.0,1,1
6917,1922.0,631.0,6.0,9.0,23.55,94.9,1.64,2.0,0,0
2056,1997.0,588.0,35.0,1.0,5.2,89.0,0.94,2.0,0,1
1925,3566.625,1104.0,24.4,35.0,3.8,88.3,1.76,2.0,0,1
634,3233.0,1265.0,23.7,19.0,18.4,90.9,1.53,2.0,0,1
6082,2522.0,743.0,21.3,4.0,10.6,92.5,1.91,2.0,0,0
316,2177.0,781.0,8.9,34.0,7.8,95.2,0.99,2.0,0,1
8334,2207.0,695.0,64.4,70.0,22.3,94.9,1.18,2.0,1,0
8708,903.0,249.0,21.2,2.0,2.5,93.9,1.49,2.0,1,0
5424,1847.0,771.0,56.9,13.0,2.3,94.0,1.31,2.0,0,1
427,3566.625,1678.0,16.6,4.0,2.2,90.5,1.49,1.0,0,1
7277,1130.0,362.0,19.2,51.0,1.7,91.3,2.3449999999999998,2.0,1,0
105,1897.0,792.0,9.2,6.0,2.2,85.7,1.19,1.0,0,1
3041,1393.0,200.0,32.3,49.0,2.7,99.0,1.51,2.0,1,1
4238,2256.0,723.0,22.3,39.0,1.1,99.0,1.09,2.0,1,1
2169,1913.0,1160.0,26.6,6.0,4.6,94.2,1.3,1.0,0,1
1709,1870.0,242.0,63.3,0.0,3.4,91.8,0.88,2.0,0,1
89,1348.0,959.0,39.6,14.0,13.0,97.5,1.94,1.0,0,1
7014,1810.0,1025.0,41.8,40.0,6.1,90.1,1.6,2.0,0,0
2241,1602.0,269.0,35.8,34.0,1.6,94.2,1.16,2.0,0,1
3174,2689.0,662.0,64.6,3.0,7.3,90.6,1.8,2.0,1,1
7318,1844.0,572.0,19.1,14.0,1.9,95.0,1.95,2.0,1,0
6259,1399.0,1274.0,50.6,14.0,18.3,99.0,1.94,2.0,0,0
6732,2167.0,1036.0,9.0,36.0,1.6,92.8,1.05,2.0,0,0
1949,1801.0,337.0,12.7,1.0,8.1,96.6,1.86,2.0,0,1
4044,1573.0,974.0,59.3,57.0,6.9,90.5,1.54,2.0,1,1
8859,1607.0,547.0,12.9,9.0,5.5,96.8,2.13,2.0,1,0
2848,2294.0,1287.0,34.5,39.0,3.8,93.4,0.5,2.0,1,1
6368,2122.0,484.0,22.4,27.0,0.9,95.0,1.26,2.0,0,0
1,2355.0,1167.0,18.3,3.0,13.3,92.1,1.11,2.0,0,1
6139,2138.0,638.0,46.2,5.0,3.7,96.1,1.02,2.0,0,0
4337,1972.0,325.0,43.2,19.0,18.4,92.7,1.57,2.0,1,1
6047,3566.625,1801.5,14.5,23.0,17.7,87.4,2.07,2.0,0,0
935,867.0,531.0,52.9,2.0,3.7,92.7,1.56,2.0,0,1
713,1495.0,483.0,25.2,6.0,4.4,95.3,1.52,2.0,0,1
2720,1762.0,796.0,2.6,49.0,1.2,97.8,0.96,1.0,0,1
8956,1886.0,851.0,17.9,12.0,2.0,95.4,0.96,2.0,1,0
5205,1891.0,536.0,45.5,32.0,13.8,88.5,1.9,1.0,0,1
7501,1017.0,200.0,44.9,48.0,1.6,92.5,1.48,2.0,1,0
591,1161.0,300.0,11.3,26.0,14.9,93.6,1.7,1.0,0,1
8828,1954.0,904.0,32.8,4.0,3.9,85.0,0.88,1.0,1,0
7356,932.0,295.0,37.4,31.0,23.55,90.5,0.97,2.0,1,0
2936,1316.0,254.0,16.4,39.0,7.6,90.8,1.4,2.0,1,1
8513,1809.0,237.0,39.2,18.0,9.1,88.4,1.84,2.0,1,0
2448,2497.0,973.0,21.9,6.0,2.3,97.2,1.16,2.0,0,1
1576,1729.0,200.0,37.9,0.0,7.1,95.2,1.45,2.0,0,1
7876,1812.0,766.0,25.9,8.0,10.0,97.0,1.07,2.0,1,0
8168,801.0,960.0,31.5,19.0,3.7,98.3,1.57,2.0,1,0
213,1316.0,389.0,23.4,5.0,23.55,92.1,1.25,2.0,0,1
778,1467.0,520.0,46.6,13.0,1.7,86.0,1.48,2.0,0,1
5511,1566.0,483.0,37.0,22.0,7.0,83.54999999999998,1.32,2.0,0,1
3496,1896.0,427.0,9.0,42.0,1.2,92.6,1.66,1.0,1,1
7677,2349.0,819.0,39.8,20.0,23.55,91.2,1.51,2.0,1,0
2043,2027.0,926.0,5.9,25.0,7.9,99.0,1.59,2.0,0,1
8759,1057.0,1049.0,6.8,74.5,3.4,99.0,0.81,2.0,1,0
8550,1568.0,650.0,43.5,74.5,2.2,92.7,1.64,2.0,1,0
5420,1348.0,606.0,12.5,51.0,4.5,91.1,1.84,2.0,0,1
6154,1309.0,768.0,30.8,8.0,2.8,95.0,1.38,2.0,0,0
1567,1666.0,200.0,52.4,1.0,2.8,92.9,0.96,2.0,0,1
165,1870.0,1010.0,37.1,38.0,1.5,93.0,0.97,2.0,0,1
4702,2150.0,1073.0,11.1,46.0,6.1,92.3,1.11,2.0,0,1
3566,1595.0,338.0,12.1,7.0,3.9,93.2,1.58,2.0,1,1
7497,1826.0,505.0,55.7,3.0,6.0,89.7,1.57,2.0,1,0
8764,3566.625,1511.0,21.1,8.0,7.0,94.8,1.61,2.0,1,0
5439,1448.0,748.0,25.4,5.0,14.3,90.6,0.96,2.0,0,1
2013,1785.0,1070.0,49.0,74.5,4.0,90.4,1.87,2.0,0,1
273,3295.0,1421.0,18.8,7.0,4.0,92.1,1.81,2.0,0,1
3860,1818.0,480.0,25.7,9.0,9.3,98.0,1.43,2.0,1,1
4167,873.0,333.0,38.8,74.5,8.1,91.9,1.52,2.0,1,1
7809,2805.0,684.0,31.5,22.0,9.8,95.8,1.5,2.0,1,0
3788,1466.0,706.0,14.7,35.0,3.5,97.9,1.72,2.0,1,1
5183,1441.0,200.0,17.6,17.0,3.3,96.7,1.7,2.0,0,1
394,1173.0,200.0,68.0,30.0,6.1,91.4,1.55,2.0,0,1
583,1434.0,803.0,31.5,6.0,21.8,91.3,1.64,1.0,0,1
8918,932.0,786.0,46.4,53.0,15.4,96.7,1.71,2.0,1,0
8986,2115.0,1170.0,63.6,34.0,1.8,88.1,1.06,2.0,1,0
116,2815.0,844.0,11.4,53.0,10.1,97.5,0.68,2.0,0,1
6644,3566.625,1801.5,31.9,1.0,1.5,89.3,1.58,2.0,0,0
8040,1098.0,488.0,14.5,29.0,10.6,84.7,1.29,2.0,1,0
6869,1558.0,1248.0,16.1,38.0,23.55,95.6,2.3449999999999998,2.0,0,0
8954,1406.0,563.0,32.5,27.0,0.8,91.2,1.81,2.0,1,0
8937,2283.0,388.0,27.4,0.0,2.1,86.3,1.44,2.0,1,0
7921,1256.0,423.0,39.9,11.0,0.7,98.8,1.24,2.0,1,0
520,1432.0,612.0,5.0,32.0,18.5,92.2,2.3449999999999998,2.0,0,1
1763,1057.0,278.0,12.1,24.0,6.9,90.1,1.7,2.0,0,1
1875,1244.0,369.0,58.3,5.0,12.1,88.3,1.57,2.0,0,1
5355,2635.0,1228.0,14.7,38.0,23.55,85.1,1.68,2.0,0,1
3965,3256.0,1253.0,34.8,9.0,7.1,92.4,1.15,2.0,1,1
3344,1552.0,598.0,49.2,49.0,4.6,90.3,1.4,1.0,1,1
6598,3221.0,1104.0,58.6,38.0,2.0,94.7,0.87,2.0,0,0
2253,2254.0,724.0,20.9,35.0,10.3,95.5,1.32,2.0,0,1
6877,2686.0,822.0,39.2,50.0,0.7,95.5,0.5,2.0,0,0
3224,2135.0,233.0,6.9,7.0,5.8,97.0,1.79,2.0,1,1
526,2156.0,692.0,32.2,32.0,0.9,92.2,1.02,2.0,0,1
8108,1512.0,200.0,36.4,17.0,13.7,94.3,1.45,2.0,1,0
2946,3077.0,1092.0,28.9,34.0,11.2,95.9,1.5,2.0,1,1
4473,1663.0,965.0,48.2,44.0,0.8,98.3,1.35,2.0,1,1
3899,2451.0,1448.0,20.3,9.0,4.8,96.5,1.41,1.0,1,1
5655,2426.0,1059.0,8.7,12.0,8.6,98.3,1.79,2.0,0,1
692,1292.0,232.0,18.0,35.0,0.6,93.3,1.46,2.0,0,1
6059,1211.0,745.0,34.8,5.0,1.8,99.0,1.38,2.0,0,0
959,2207.0,1121.0,27.9,12.0,0.8,89.0,1.13,2.0,0,1
4444,969.0,718.0,58.8,9.0,12.5,90.4,1.97,2.0,1,1
8480,1889.0,701.0,26.1,48.0,1.3,94.1,1.43,2.0,1,0
6342,2471.0,444.0,50.5,16.0,17.7,96.5,1.25,2.0,0,0
6131,1695.0,200.0,33.1,74.5,0.5,93.0,1.07,2.0,0,0
3633,2170.0,1064.0,16.8,11.0,9.2,89.2,0.88,2.0,1,1
5805,1897.0,200.0,24.3,4.0,1.2,96.4,1.42,2.0,0,1
1050,1571.0,719.0,21.6,28.0,8.9,93.8,1.66,2.0,0,1
590,1314.0,535.0,15.7,0.0,0.5,93.9,1.52,2.0,0,1
519,968.0,200.0,27.1,12.0,0.5,97.0,1.87,2.0,0,1
3380,1520.0,523.0,36.9,65.0,13.6,92.2,1.6,2.0,1,1
3676,1248.0,899.0,13.0,70.0,7.5,90.9,1.38,2.0,1,1
5776,1216.0,747.0,35.4,11.0,1.9,89.4,1.39,2.0,0,1
8062,1823.0,761.0,3.3,22.0,3.5,89.7,1.37,2.0,1,0
6573,1406.0,618.0,29.3,39.0,16.9,89.4,1.24,2.0,0,0
5179,1587.0,1161.0,24.3,16.0,9.5,88.9,1.83,2.0,0,1
1607,1072.0,200.0,32.0,61.0,8.7,96.8,1.39,1.0,0,1
3610,1157.0,200.0,54.9,18.0,8.9,88.8,1.28,2.0,1,1
8779,1958.0,1103.0,28.2,11.0,10.3,92.9,1.29,2.0,1,0
6635,1384.0,232.0,38.3,5.0,10.8,89.9,1.8,2.0,0,0
8997,954.0,444.0,18.4,19.0,6.9,89.1,1.3,2.0,1,0
1809,1749.0,200.0,9.6,17.0,11.4,94.1,1.72,2.0,0,1
791,2006.0,1248.0,10.4,1.0,23.55,83.54999999999998,1.5,2.0,0,1
792,1765.0,894.0,37.7,22.0,23.55,93.1,0.79,2.0,0,1
8045,2446.0,676.0,37.7,3.0,7.2,92.5,0.95,2.0,1,0
1855,2009.0,755.0,39.7,14.0,2.3,88.3,1.98,2.0,0,1
1980,3503.0,989.0,23.5,33.0,5.4,94.3,1.23,2.0,0,1
3233,2013.0,819.0,17.1,36.0,3.4,95.8,1.25,2.0,1,1
3598,3362.0,1456.0,35.4,23.0,9.2,95.1,1.96,2.0,1,1
933,2183.0,286.0,11.3,14.0,1.1,93.0,1.25,2.0,0,1
3963,1859.0,433.0,9.3,9.0,15.4,98.9,1.6,2.0,1,1
7290,1965.0,200.0,28.7,8.0,5.1,88.6,1.75,2.0,1,0
5626,914.0,1435.0,9.6,18.0,5.3,97.7,1.6,2.0,0,1
5506,2661.0,1291.0,16.5,28.0,12.2,91.9,1.94,2.0,0,1
6072,1519.0,733.0,33.4,6.0,4.2,91.9,1.43,2.0,0,0
1682,1357.0,955.0,14.2,7.0,6.9,94.5,0.92,2.0,0,1
4179,1219.0,200.0,25.2,47.0,0.5,93.0,1.79,2.0,1,1
4026,1834.0,200.0,6.4,11.0,7.9,92.8,1.41,2.0,1,1
8443,946.0,737.0,20.2,21.0,0.6,92.4,1.9,2.0,1,0
6446,2051.0,756.0,25.5,4.0,7.4,92.8,1.97,1.0,0,0
4116,1044.0,200.0,45.3,74.5,23.55,99.0,1.7,2.0,1,1
988,2510.0,200.0,13.9,28.0,1.4,98.3,1.43,2.0,0,1
7553,2730.0,1787.0,38.2,28.0,1.6,92.7,0.99,2.0,1,0
8261,2097.0,465.0,14.3,21.0,4.2,88.4,1.2,2.0,1,0
3453,1291.0,833.0,52.6,7.0,9.4,93.9,1.63,2.0,1,1
2896,2131.0,1099.0,15.3,3.0,4.5,94.2,1.22,2.0,1,1
3778,2906.0,1052.0,42.7,9.0,2.5,91.4,1.3,2.0,1,1
5658,1795.0,642.0,20.7,27.0,2.1,95.2,1.26,2.0,0,1
8202,2514.0,738.0,4.9,0.0,5.9,98.8,1.65,2.0,1,0
3093,1952.0,373.0,5.6,8.0,20.8,99.0,2.08,2.0,1,1
3155,2141.0,368.0,16.0,9.0,23.55,90.5,1.3,2.0,1,1
5069,2423.0,688.0,31.8,14.0,11.9,91.0,1.93,2.0,0,1
5806,1508.0,483.0,26.4,3.0,7.8,94.1,1.32,2.0,0,1
3201,888.0,200.0,21.6,0.0,2.8,87.1,2.07,2.0,1,1
7902,1188.0,512.0,37.0,15.0,3.5,95.2,1.45,2.0,1,0
8656,1257.0,354.0,42.8,16.0,23.55,92.2,1.67,2.0,1,0
1098,1349.0,200.0,32.2,8.0,3.4,95.1,0.81,1.0,0,1
8129,2026.0,899.0,41.3,4.0,14.1,92.8,1.83,2.0,1,0
2844,1058.0,548.0,16.5,3.0,12.7,97.6,1.63,2.0,1,1
886,700.0,200.0,19.4,62.0,4.0,99.0,1.37,2.0,0,1
3342,2746.0,1465.0,17.0,15.0,23.5,95.6,1.64,2.0,1,1
7593,1730.0,213.0,20.1,74.5,0.7,96.5,1.81,2.0,1,0
6540,872.0,222.0,42.2,21.0,4.8,85.3,2.09,2.0,0,0
8408,1455.0,727.0,32.9,37.0,8.2,93.0,1.44,2.0,1,0
6096,1688.0,520.0,36.9,26.0,18.1,97.2,0.92,2.0,0,0
515,1064.0,200.0,11.6,5.0,11.8,93.5,0.98,2.0,0,1
3356,1432.0,547.0,27.1,74.5,0.7,91.6,1.27,2.0,1,1
4833,1698.0,682.0,21.4,33.0,12.0,88.5,1.33,2.0,0,1
1453,1920.0,200.0,50.2,66.0,1.2,85.7,1.13,2.0,0,1
3553,2666.0,659.0,39.2,21.0,10.5,89.3,1.75,1.0,1,1
3609,2368.0,1008.0,29.9,5.0,23.55,93.0,1.39,2.0,1,1
8934,2515.0,610.0,28.2,43.0,9.1,91.9,0.69,2.0,1,0
4665,1279.0,200.0,19.3,51.0,18.0,93.1,1.4,2.0,0,1
2506,1510.0,572.0,20.4,0.0,0.5,89.3,0.89,2.0,0,1
2994,2171.0,878.0,20.6,3.0,0.8,92.0,1.5,2.0,1,1
3999,2556.0,909.0,22.3,3.0,23.55,90.2,1.81,2.0,1,1
6222,856.0,828.0,3.1,0.0,13.8,98.7,2.0,2.0,0,0
8740,1246.0,200.0,20.2,7.0,4.3,89.8,1.33,2.0,1,0
8905,2918.0,698.0,8.9,7.0,0.5,88.9,0.64,2.0,1,0
906,1769.0,227.0,9.4,18.0,13.5,92.4,0.92,2.0,0,1
28,1510.0,387.0,65.9,74.5,0.8,93.0,1.39,2.0,0,1
8294,1749.0,578.0,26.7,10.0,3.6,94.8,1.1,2.0,1,0
2507,2306.0,1107.0,26.4,74.5,7.1,93.0,1.34,2.0,0,1
2428,1214.0,200.0,27.3,0.0,3.7,94.9,1.52,2.0,0,1
5043,2374.0,625.0,28.1,55.0,0.8,97.7,1.15,2.0,0,1
5346,1562.0,371.0,28.0,22.0,0.7,92.8,1.16,2.0,0,1
762,1205.0,437.0,26.2,0.0,0.7,86.6,0.91,2.0,0,1
3747,827.0,231.0,9.8,10.0,1.9,97.0,1.46,1.0,1,1
4811,1571.0,365.0,45.2,15.0,11.6,93.5,1.17,2.0,0,1
284,1771.0,466.0,25.1,3.0,9.0,93.2,0.79,2.0,0,1
686,1254.0,366.0,25.4,56.0,9.1,88.1,1.18,1.0,0,1
4799,3566.625,1460.0,37.1,6.0,8.1,95.0,1.0,1.0,0,1
2353,2843.0,950.0,16.8,1.0,7.1,89.7,1.11,1.0,0,1
6353,1947.0,200.0,11.9,13.0,13.9,90.5,1.54,2.0,0,0
7873,1776.0,200.0,39.6,5.0,11.0,88.4,0.99,2.0,1,0
4569,3017.0,1224.0,47.5,6.0,3.1,95.3,1.84,2.0,0,1
21,2894.0,884.0,18.1,3.0,12.4,89.0,1.81,2.0,0,1
2752,2054.0,493.0,30.0,9.0,0.5,93.5,2.04,2.0,0,1
885,1160.0,899.0,8.5,13.0,0.5,89.1,1.16,2.0,0,1
8378,1768.0,1452.0,19.4,17.0,3.9,91.4,1.21,2.0,1,0
917,1399.0,447.0,32.3,19.0,22.7,96.9,1.3,2.0,0,1
7675,1594.0,376.0,41.2,12.0,2.6,99.0,1.45,2.0,1,0
1040,2773.0,1403.0,15.3,3.0,15.6,93.1,1.09,2.0,0,1
6335,1298.0,849.0,17.2,18.0,19.1,91.7,2.26,2.0,0,0
7763,1625.0,627.0,65.8,74.5,8.7,89.6,1.62,2.0,1,0
1265,2993.0,694.0,28.6,28.0,4.4,94.1,1.14,2.0,0,1
4579,1803.0,200.0,10.1,17.0,0.8,92.9,2.02,2.0,0,1
8331,1258.0,567.0,21.4,44.0,1.0,97.8,0.98,2.0,1,0
7059,2134.0,650.0,22.2,12.0,22.6,90.5,1.54,2.0,0,0
8659,1662.0,601.0,57.6,2.0,23.55,93.3,1.88,2.0,1,0
277,3018.0,1216.0,20.8,74.5,6.4,92.8,2.02,2.0,0,1
5084,1215.0,566.0,30.9,2.0,13.7,90.0,1.72,2.0,0,1
2084,2376.0,906.0,19.6,24.0,3.8,95.6,1.96,2.0,0,1
1245,1569.0,531.0,43.7,23.0,14.3,96.5,1.51,2.0,0,1
2382,1847.0,200.0,4.2,20.0,5.7,89.7,1.85,2.0,0,1
571,1609.0,200.0,21.0,30.0,2.2,96.8,1.51,2.0,0,1
1435,1869.0,1283.0,40.7,56.0,15.2,91.3,2.29,2.0,0,1
3902,1593.0,560.0,11.6,7.0,0.5,94.3,1.51,2.0,1,1
5089,1145.0,210.0,36.6,15.0,4.4,93.5,1.56,2.0,0,1
1247,1349.0,935.0,28.2,0.0,1.5,93.5,1.42,2.0,0,1
7353,2533.0,1432.0,5.1,30.0,11.3,93.2,1.51,2.0,1,0
4681,1522.0,874.0,44.1,10.0,23.55,91.4,1.7,1.0,0,1
3526,1768.0,1162.0,32.7,7.0,12.7,99.0,1.2,2.0,1,1
6557,2801.0,1266.0,24.9,2.0,7.2,90.1,2.01,1.0,0,0
2514,2029.0,847.0,14.4,58.0,1.4,96.0,1.47,2.0,0,1
5445,1466.0,200.0,32.5,16.0,2.6,94.3,1.47,2.0,0,1
1007,2900.0,567.0,2.7,41.0,8.4,94.1,1.06,2.0,0,1
4770,2348.0,1441.0,59.6,9.0,22.9,88.2,1.04,2.0,0,1
6508,2328.0,651.0,46.6,7.0,2.2,97.4,1.14,2.0,0,0
6999,2057.0,930.0,16.5,40.0,10.7,96.6,1.92,2.0,0,0
4543,2102.0,1705.0,62.2,3.0,5.7,83.54999999999998,1.51,2.0,0,1
7381,2468.0,1209.0,20.2,71.0,20.2,96.3,1.25,2.0,1,0
7676,1912.0,200.0,25.1,15.0,1.0,90.5,1.05,2.0,1,0
4455,1987.0,688.0,7.0,3.0,11.2,91.5,1.18,2.0,1,1
2064,700.0,339.0,23.2,11.0,7.7,93.1,1.51,2.0,0,1
5352,1572.0,662.0,17.4,44.0,1.7,91.3,1.16,2.0,0,1
7728,1580.0,341.0,39.8,3.0,7.5,94.4,1.56,2.0,1,0
1690,2032.0,682.0,24.1,19.0,5.6,99.0,1.23,2.0,0,1
3117,1850.0,474.0,3.2,6.0,2.0,92.6,1.55,2.0,1,1
8554,1650.0,320.0,36.2,64.0,3.0,94.1,1.05,2.0,1,0
5343,1359.0,1246.0,27.4,22.0,12.8,93.5,1.49,1.0,0,1
1985,1185.0,536.0,19.6,17.0,1.6,89.5,1.09,2.0,0,1
294,1942.0,1332.0,21.7,2.0,0.6,95.8,1.37,2.0,0,1
1547,1881.0,494.0,35.0,26.0,0.6,96.8,1.42,2.0,0,1
2012,1956.0,389.0,9.2,16.0,6.3,90.1,1.47,2.0,0,1
588,3170.0,1564.0,20.3,18.0,7.3,93.1,0.56,2.0,0,1
3329,1594.0,880.0,16.3,14.0,20.9,97.0,1.27,2.0,1,1
2403,2145.0,1398.0,18.8,4.0,6.9,95.5,1.39,2.0,0,1
2129,1224.0,320.0,44.5,50.0,10.3,92.5,1.88,2.0,0,1
3998,2886.0,1033.0,27.8,27.0,4.7,92.1,1.83,2.0,1,1
1574,2843.0,1154.0,1.2,21.0,5.2,98.3,1.07,2.0,0,1
3741,2287.0,1137.0,17.4,2.0,3.5,90.8,0.7,2.0,1,1
3508,997.0,761.0,41.8,5.0,9.4,90.5,0.96,2.0,1,1
8289,2449.0,534.0,27.2,44.0,4.3,99.0,1.5,2.0,1,0
2719,1383.0,387.0,10.9,40.0,0.9,90.2,1.19,2.0,0,1
4521,2994.0,861.0,0.8,9.0,10.3,92.3,1.39,2.0,0,1
6678,1214.0,534.0,26.1,17.0,16.8,90.9,1.99,2.0,0,0
5150,1410.0,200.0,14.1,37.0,3.7,94.9,1.41,2.0,0,1
2808,2188.0,1398.0,54.0,6.0,3.0,90.8,2.1,2.0,1,1
8576,2767.0,802.0,48.0,19.0,3.5,89.3,1.56,2.0,1,0
556,1488.0,223.0,60.4,74.5,3.3,94.7,1.06,2.0,0,1
6276,1078.0,200.0,52.6,16.0,3.7,93.2,1.39,2.0,0,0
7859,2262.0,1416.0,8.5,8.0,4.4,88.9,1.28,2.0,1,0
4795,2774.0,1148.0,16.1,10.0,12.5,95.6,1.29,2.0,0,1
2469,1754.0,907.0,7.6,45.0,2.7,93.9,1.27,2.0,0,1
3738,3566.625,1320.0,39.4,2.0,1.6,91.7,1.45,2.0,1,1
4286,2242.0,1041.0,13.7,7.0,1.8,91.6,1.42,2.0,1,1
8054,3342.0,864.0,11.5,19.0,4.1,98.1,2.04,2.0,1,0
5289,1267.0,200.0,2.5,5.0,0.8,86.5,1.75,2.0,0,1
1716,2077.0,303.0,35.7,5.0,11.1,94.6,1.68,2.0,0,1
2604,1896.0,734.0,7.7,24.0,1.5,87.7,1.22,2.0,0,1
8069,3151.0,1339.0,5.7,16.0,23.55,93.0,0.9,2.0,1,0
6924,2530.0,811.0,14.0,65.0,12.2,94.4,1.64,1.0,0,0
1704,1578.0,863.0,58.1,43.0,5.7,88.3,1.55,2.0,0,1
6959,1895.0,569.0,12.5,4.0,13.8,98.5,1.03,2.0,0,0
6714,1893.0,961.0,18.1,22.0,3.9,94.5,1.92,1.0,0,0
6496,2227.0,901.0,21.2,17.0,5.7,89.7,0.63,2.0,0,0
2139,1780.0,320.0,8.4,26.0,9.5,89.0,1.52,2.0,0,1
3239,2172.0,682.0,26.4,74.5,0.5,93.9,1.45,2.0,1,1
2383,1765.0,581.0,10.8,8.0,13.7,95.6,1.04,2.0,0,1
7314,1380.0,427.0,27.9,3.0,2.6,94.0,1.57,2.0,1,0
4311,1384.0,762.0,4.2,47.0,0.5,91.1,1.52,2.0,1,1
1285,1865.0,476.0,18.1,15.0,20.4,90.8,2.04,2.0,0,1
1312,2489.0,805.0,5.6,15.0,2.0,91.3,1.77,2.0,0,1
7759,2623.0,733.0,11.5,59.0,17.2,95.6,1.28,2.0,1,0
1996,3038.0,928.0,57.2,9.0,13.3,97.4,0.86,2.0,0,1
3930,1880.0,200.0,25.9,15.0,23.55,96.3,1.59,2.0,1,1
6183,1455.0,200.0,21.1,12.0,4.3,91.7,1.54,2.0,0,0
5985,1660.0,438.0,19.2,74.5,14.4,94.9,0.65,2.0,0,1
7416,1301.0,462.0,45.5,29.0,5.5,85.9,1.82,2.0,1,0
1591,1088.0,614.0,28.3,25.0,7.7,94.0,1.8,2.0,0,1
8709,2665.0,544.0,23.3,19.0,19.7,93.6,1.4,2.0,1,0
8446,1269.0,625.0,7.2,23.0,1.0,90.8,1.44,2.0,1,0
2162,3566.625,1328.0,73.6625,11.0,18.0,93.4,2.06,2.0,0,1
2396,2663.0,1297.0,18.4,0.0,11.6,98.9,1.53,2.0,0,1
317,1826.0,1058.0,34.0,74.5,7.5,89.3,1.35,2.0,0,1
6367,1527.0,230.0,40.6,6.0,2.7,99.0,1.7,2.0,0,0
8496,1324.0,292.0,34.0,22.0,3.6,99.0,1.75,2.0,1,0
3111,2146.0,922.0,40.6,3.0,0.5,90.9,0.83,2.0,1,1
5233,1970.0,664.0,10.8,8.0,0.5,88.9,2.05,2.0,0,1
7816,2155.0,895.0,15.8,74.5,4.1,91.0,1.86,2.0,1,0
5068,1796.0,789.0,10.5,4.0,2.9,96.6,2.08,2.0,0,1
4036,1584.0,374.0,27.1,10.0,13.7,95.0,1.29,2.0,1,1
795,2205.0,829.0,15.0,12.0,9.6,95.3,1.23,2.0,0,1
3020,1991.0,592.0,25.5,10.0,10.4,92.9,0.97,2.0,1,1
1711,1477.0,218.0,54.6,12.0,5.4,91.3,0.82,2.0,0,1
3387,1997.0,727.0,28.2,7.0,6.2,96.3,1.55,2.0,1,1
36,1196.0,674.0,51.1,18.0,2.3,94.0,1.35,2.0,0,1
4549,1674.0,351.0,38.8,43.0,0.5,90.4,1.28,2.0,0,1
913,2470.0,699.0,22.5,31.0,23.55,97.3,0.69,2.0,0,1
5721,1724.0,575.0,29.8,11.0,18.3,93.9,0.66,2.0,0,1
5295,1946.0,223.0,9.5,5.0,3.2,97.1,1.85,2.0,0,1
3972,1123.0,728.0,18.3,3.0,3.7,91.8,0.99,2.0,1,1
5370,1493.0,716.0,20.4,4.0,10.3,85.9,1.54,2.0,0,1
6471,1954.0,913.0,8.5,29.0,4.0,90.9,2.29,2.0,0,0
4133,1614.0,680.0,23.7,14.0,1.4,93.3,1.71,2.0,1,1
974,1903.0,700.0,3.6,2.0,1.1,92.8,1.65,2.0,0,1
7291,1609.0,519.0,18.7,15.0,9.0,90.2,0.89,2.0,1,0
983,1397.0,493.0,22.3,28.0,8.0,89.7,0.79,2.0,0,1
7825,1691.0,644.0,49.0,53.0,7.5,95.8,1.27,1.0,1,0
7988,2404.0,743.0,45.3,3.0,10.6,91.1,1.58,2.0,1,0
1418,1438.0,677.0,39.1,1.0,3.9,91.5,1.21,2.0,0,1
8098,2370.0,1545.0,10.6,1.0,5.5,92.3,1.48,2.0,1,0
1560,1743.0,646.0,31.6,5.0,3.5,90.2,1.5,2.0,0,1
4135,2389.0,1472.0,31.8,10.0,13.9,90.9,1.43,1.0,1,1
5582,1954.0,608.0,13.9,0.0,1.1,89.5,1.28,1.0,0,1
8167,1362.0,200.0,61.7,26.0,2.0,99.0,1.73,2.0,1,0
4265,2279.0,812.0,21.0,6.0,1.7,92.1,0.86,2.0,1,1
1355,840.0,200.0,6.8,74.5,0.9,95.7,2.17,1.0,0,1
8370,2409.0,1144.0,18.8,10.0,14.1,84.2,0.58,2.0,1,0
5016,2223.0,309.0,3.8,20.0,2.2,93.4,1.59,1.0,0,1
8754,1022.0,506.0,13.1,3.0,6.3,95.1,0.98,2.0,1,0
987,1390.0,200.0,8.4,20.0,22.2,94.7,0.89,2.0,0,1
2682,857.0,632.0,40.1,74.5,7.1,91.8,1.72,2.0,0,1
5047,1041.0,444.0,5.4,8.0,7.7,92.2,1.0,2.0,0,1
1640,1786.0,1299.0,63.8,17.0,5.1,94.6,1.86,2.0,0,1
1290,952.0,328.0,11.2,61.0,4.9,96.3,1.13,2.0,0,1
3681,1483.0,200.0,58.0,14.0,6.7,92.4,1.44,2.0,1,1
1380,1938.0,999.0,33.3,10.0,2.4,93.9,1.54,1.0,0,1
1933,1519.0,520.0,35.9,13.0,4.5,91.1,1.47,2.0,0,1
4675,1979.0,756.0,39.5,23.0,3.7,91.0,1.79,2.0,0,1
2376,2529.0,925.0,35.3,29.0,4.2,89.6,1.63,2.0,0,1
3160,1324.0,505.0,23.2,25.0,8.2,97.7,1.06,2.0,1,1
2030,1586.0,200.0,52.2,22.0,3.5,93.5,1.57,2.0,0,1
892,1029.0,688.0,45.2,15.0,1.6,89.0,1.6,2.0,0,1
7287,2535.0,1211.0,15.8,13.0,6.8,91.5,1.77,2.0,1,0
4876,2453.0,805.0,28.2,6.0,7.9,90.0,1.61,2.0,0,1
4069,1727.0,1152.0,17.6,54.0,10.2,98.9,1.68,2.0,1,1
4255,3045.0,1204.0,17.2,59.0,12.8,86.2,1.94,2.0,1,1
2,1527.0,641.0,32.6,59.0,3.5,91.9,1.29,2.0,0,1
8104,2295.0,839.0,27.8,36.0,6.3,93.8,1.57,2.0,1,0
8438,2617.0,986.0,17.5,5.0,15.7,94.5,1.13,2.0,1,0
2109,1955.0,200.0,19.7,40.0,4.8,99.0,1.68,2.0,0,1
849,1766.0,1257.0,26.1,12.0,12.8,95.1,1.05,2.0,0,1
2737,1423.0,229.0,31.9,16.0,1.5,96.6,1.24,2.0,0,1
2466,2306.0,200.0,10.7,2.0,0.5,95.6,1.63,2.0,0,1
1914,3048.0,1672.0,39.9,8.0,1.9,93.8,1.54,2.0,0,1
1596,2389.0,609.0,26.9,37.0,23.55,94.3,0.84,2.0,0,1
5872,1821.0,685.0,22.1,0.0,2.3,99.0,1.37,2.0,0,1
1913,700.0,200.0,7.6,13.0,7.7,87.8,1.6,2.0,0,1
5139,2112.0,815.0,36.5,9.0,23.55,97.1,1.12,2.0,0,1
8724,1606.0,573.0,14.5,11.0,23.55,92.9,1.62,2.0,1,0
5640,1757.0,1199.0,33.7,10.0,2.4,99.0,1.12,2.0,0,1
2736,1256.0,367.0,32.5,37.0,11.3,90.9,1.29,2.0,0,1
726,1534.0,1098.0,26.8,22.0,8.5,90.9,1.7,2.0,0,1
7214,2344.0,1093.0,12.8,13.0,7.2,90.2,1.12,2.0,0,0
53,1912.0,316.0,33.2,22.0,5.0,89.5,1.58,2.0,0,1
1796,1563.0,307.0,10.2,74.5,0.5,90.4,1.27,2.0,0,1
3845,1588.0,673.0,9.4,6.0,8.2,88.8,1.54,2.0,1,1
6007,2628.0,692.0,25.9,74.5,2.0,91.4,1.59,2.0,0,0
6402,783.0,223.0,33.1,1.0,8.2,92.5,1.39,2.0,0,0
2553,1897.0,566.0,34.1,3.0,0.5,91.0,1.75,2.0,0,1
2800,1191.0,200.0,15.4,1.0,2.7,94.6,0.74,2.0,1,1
936,3566.625,1582.0,31.9,1.0,10.6,93.8,1.57,2.0,0,1
8067,1433.0,1313.0,44.5,12.0,0.7,92.2,1.29,2.0,1,0
824,2908.0,1348.0,19.6,16.0,8.4,86.4,1.03,2.0,0,1
4321,2356.0,930.0,24.6,5.0,1.0,96.4,0.79,2.0,1,1
7274,1416.0,602.0,35.1,15.0,2.7,93.2,1.82,2.0,1,0
3401,1465.0,434.0,34.7,48.0,4.5,88.8,1.21,2.0,1,1
1389,2293.0,957.0,3.7,19.0,2.0,93.6,1.82,2.0,0,1
3564,1106.0,200.0,54.8,1.0,3.0,95.3,1.36,2.0,1,1
7410,2238.0,868.0,21.1,9.0,5.8,92.4,1.61,2.0,1,0
884,1358.0,200.0,5.3,3.0,1.6,94.1,0.75,2.0,0,1
5429,2415.0,891.0,23.4,23.0,0.9,86.2,1.6,2.0,0,1
5703,2857.0,1029.0,17.7,6.0,7.1,95.6,0.65,2.0,0,1
5690,3156.0,938.0,18.4,21.0,11.3,92.5,0.92,2.0,0,1
4867,1195.0,200.0,15.9,52.0,5.0,93.2,0.96,2.0,0,1
6707,1579.0,1202.0,35.9,4.0,6.1,98.3,1.28,2.0,0,0
7773,1364.0,200.0,34.3,16.0,1.1,84.8,1.14,2.0,1,0
6369,2228.0,711.0,34.0,74.5,23.55,90.6,1.75,2.0,0,0
1868,1549.0,554.0,29.8,19.0,5.0,93.8,1.48,2.0,0,1
5181,2480.0,1244.0,34.8,28.0,7.6,93.1,1.5,2.0,0,1
10,1871.0,898.0,21.2,52.0,2.9,89.9,1.28,2.0,0,1
3415,1474.0,285.0,23.0,22.0,10.1,88.4,1.68,2.0,1,1
5421,1904.0,832.0,1.5,19.0,16.2,91.2,1.03,2.0,0,1
7486,2294.0,1322.0,43.9,10.0,10.8,96.9,0.91,2.0,1,0
1463,1459.0,465.0,20.6,31.0,12.5,91.3,1.27,2.0,0,1
806,2511.0,864.0,51.0,6.0,5.0,90.6,1.53,2.0,0,1
7979,3566.625,1801.5,32.5,1.0,3.2,93.9,1.45,2.0,1,0
8116,1596.0,200.0,49.5,0.0,0.8,90.3,1.22,2.0,1,0
4068,1437.0,200.0,39.9,14.0,23.55,95.3,1.16,2.0,1,1
2108,1545.0,673.0,67.1,35.0,8.8,97.4,0.78,2.0,0,1
8225,2636.0,735.0,19.7,6.0,6.2,89.2,1.39,2.0,1,0
2041,915.0,200.0,5.7,16.0,0.9,98.2,1.31,2.0,0,1
2234,1027.0,660.0,41.1,14.0,9.8,94.9,1.36,1.0,0,1
7307,967.0,200.0,2.4,4.0,8.9,92.2,2.3,2.0,1,0
963,1983.0,899.0,20.9,2.0,9.8,91.1,1.99,2.0,0,1
7511,2407.0,1048.0,50.0,27.0,1.1,92.1,1.17,2.0,1,0
7670,2556.0,1243.0,34.3,16.0,6.9,92.5,1.73,2.0,1,0
4494,1436.0,756.0,36.4,17.0,7.8,92.2,1.15,2.0,0,1
2632,3566.625,1801.5,46.8,65.0,0.5,95.0,1.31,2.0,0,1
6094,2066.0,714.0,36.3,59.0,22.3,92.6,1.12,2.0,0,0
7092,3294.0,685.0,49.9,13.0,2.1,92.8,1.69,2.0,0,0
704,2238.0,933.0,36.2,50.0,1.3,93.3,1.68,2.0,0,1
431,1339.0,506.0,12.2,1.0,23.55,90.2,1.44,2.0,0,1
4388,1103.0,200.0,27.1,10.0,4.9,91.7,1.3,2.0,1,1
6077,2679.0,544.0,61.7,37.0,4.0,90.9,1.19,2.0,0,0
145,2050.0,498.0,25.4,1.0,5.8,90.9,1.96,2.0,0,1
6467,2203.0,843.0,20.9,2.0,6.5,87.8,1.41,2.0,0,0
2033,1496.0,344.0,8.3,11.0,10.5,97.5,2.1,2.0,0,1
375,3109.0,944.0,15.0,11.0,4.3,90.9,1.33,1.0,0,1
1165,1476.0,200.0,73.6625,53.0,4.3,99.0,1.03,2.0,0,1
3500,998.0,880.0,7.1,7.0,2.0,99.0,1.68,2.0,1,1
2050,1488.0,1105.0,30.9,24.0,6.5,96.1,1.47,2.0,0,1
3760,1103.0,586.0,27.6,12.0,3.5,86.7,1.46,2.0,1,1
2624,1608.0,967.0,41.6,34.0,0.8,94.3,1.14,2.0,0,1
4484,1792.0,798.0,50.7,12.0,8.8,92.2,1.01,1.0,0,1
4435,2316.0,671.0,36.6,4.0,11.6,91.7,1.52,2.0,1,1
7799,2627.0,715.0,31.4,2.0,9.8,89.5,1.68,2.0,1,0
8926,2529.0,684.0,64.1,26.0,1.0,89.6,1.39,2.0,1,0
7069,3012.0,1104.0,16.7,6.0,5.2,89.9,1.32,2.0,0,0
4361,1939.0,1030.0,13.0,7.0,2.0,92.1,1.58,2.0,1,1
2424,1373.0,200.0,20.8,15.0,0.6,85.2,1.3,2.0,0,1
1262,2373.0,1454.0,52.2,40.0,8.2,97.8,1.47,2.0,0,1
1771,1704.0,417.0,4.1,0.0,9.1,97.7,1.41,2.0,0,1
3511,1580.0,273.0,41.3,3.0,11.5,91.8,1.64,2.0,1,1
271,1785.0,1101.0,10.9,33.0,10.6,94.9,0.98,2.0,0,1
4792,2410.0,1192.0,18.3,50.0,0.9,92.4,1.37,2.0,0,1
4843,1673.0,345.0,48.3,45.0,14.9,97.5,1.22,2.0,0,1
244,1084.0,609.0,22.4,4.0,4.5,93.1,1.0,2.0,0,1
8855,2209.0,1411.0,18.2,2.0,0.5,95.5,1.12,2.0,1,0
4572,2292.0,1191.0,23.0,5.0,5.0,91.3,2.3449999999999998,2.0,0,1
2032,2681.0,902.0,21.1,14.0,9.4,91.4,1.51,2.0,0,1
5053,1237.0,200.0,31.3,50.0,9.1,92.7,1.98,2.0,0,1
7735,1741.0,925.0,42.8,13.0,11.2,91.5,1.16,2.0,1,0
813,1202.0,966.0,23.2,24.0,8.4,91.4,1.12,2.0,0,1
8694,914.0,744.0,45.8,16.0,5.6,90.8,1.6,2.0,1,0
6010,1658.0,944.0,23.5,22.0,0.5,88.1,1.19,2.0,0,0
3810,1474.0,787.0,41.6,52.0,7.5,93.0,1.1,2.0,1,1
5727,2003.0,814.0,8.7,13.0,8.4,90.0,1.01,2.0,0,1
8962,846.0,342.0,9.0,70.0,8.7,85.5,2.3449999999999998,2.0,1,0
7950,1415.0,361.0,16.4,5.0,13.3,99.0,1.68,2.0,1,0
1804,2009.0,702.0,37.2,3.0,4.1,96.5,2.0,2.0,0,1
8359,1775.0,632.0,28.9,4.0,8.6,84.3,1.43,2.0,1,0
4346,2326.0,1130.0,38.8,5.0,9.5,92.8,1.58,2.0,1,1
2461,2567.0,1041.0,48.1,35.0,6.3,91.7,1.24,2.0,0,1
545,1468.0,399.0,30.0,21.0,17.4,96.4,1.72,2.0,0,1
3241,2931.0,1011.0,9.4,1.0,1.3,88.1,1.19,2.0,1,1
738,2511.0,593.0,6.0,51.0,2.5,98.0,0.57,2.0,0,1
310,995.0,321.0,43.8,15.0,8.0,99.0,1.51,2.0,0,1
3521,2768.0,694.0,19.1,7.0,10.1,95.6,1.55,2.0,1,1
7037,1822.0,200.0,4.9,11.0,1.4,88.2,2.04,2.0,0,0
1131,2185.0,888.0,26.1,27.0,8.5,93.9,1.04,2.0,0,1
5545,3106.0,1392.0,27.2,57.0,1.6,95.5,1.36,2.0,0,1
492,1436.0,200.0,28.7,19.0,8.2,92.6,0.85,2.0,0,1
4111,2367.0,200.0,20.6,46.0,0.5,93.8,1.23,2.0,1,1
7328,1758.0,200.0,39.8,19.0,9.1,95.1,1.02,2.0,1,0
2769,1025.0,431.0,2.1,74.5,5.4,83.7,1.87,2.0,0,1
7564,2119.0,1214.0,24.5,19.0,2.0,90.7,1.59,1.0,1,0
920,1365.0,606.0,12.5,74.5,5.6,92.2,1.48,2.0,0,1
8816,2196.0,636.0,31.1,23.0,6.4,90.0,1.29,2.0,1,0
8194,1343.0,300.0,3.7,10.0,14.3,94.1,2.02,2.0,1,0
3587,1943.0,747.0,10.7,33.0,0.7,96.2,1.53,2.0,1,1
6640,3566.625,1688.0,39.4,23.0,12.3,92.8,1.08,2.0,0,0
3959,1094.0,472.0,33.7,21.0,14.6,89.8,1.58,2.0,1,1
38,2941.0,1268.0,30.8,25.0,10.6,96.7,1.84,2.0,0,1
4459,2065.0,733.0,9.2,15.0,1.7,93.8,1.39,2.0,1,1
7126,3566.625,1136.0,50.3,28.0,4.6,90.2,0.79,2.0,0,0
4278,1689.0,539.0,8.3,6.0,0.5,88.8,1.25,2.0,1,1
7129,2727.0,827.0,44.5,9.0,4.1,97.2,2.01,2.0,0,0
2983,3566.625,1801.5,17.4,11.0,8.4,89.6,1.67,2.0,1,1
5290,1370.0,659.0,28.1,0.0,0.5,91.7,1.39,2.0,0,1
6948,2123.0,608.0,37.8,2.0,1.2,89.9,1.23,2.0,0,0
130,3249.0,969.0,24.7,18.0,1.0,93.2,1.07,2.0,0,1
5217,1681.0,635.0,33.1,2.0,2.5,89.6,1.57,2.0,0,1
8927,1188.0,670.0,25.2,4.0,1.0,93.1,1.14,2.0,1,0
2667,1361.0,200.0,20.7,38.0,17.9,92.6,1.37,2.0,0,1
7138,2416.0,869.0,26.5,74.5,3.5,94.4,1.26,2.0,0,0
3223,2713.0,1118.0,42.8,20.0,2.4,93.0,1.41,2.0,1,1
1182,1661.0,795.0,37.0,1.0,6.5,88.5,1.45,2.0,0,1
5392,1353.0,200.0,41.2,34.0,8.3,93.9,1.16,2.0,0,1
614,1450.0,650.0,8.2,47.0,0.9,91.2,0.96,2.0,0,1
8910,3142.0,1036.0,11.3,13.0,6.5,93.9,1.85,2.0,1,0
1466,1073.0,585.0,40.8,40.0,7.7,96.7,1.64,2.0,0,1
4497,898.0,200.0,7.3,27.0,2.6,92.6,1.16,2.0,0,1
3042,3401.0,1350.0,1.4,19.0,2.8,98.1,2.12,2.0,1,1
934,1897.0,720.0,45.2,2.0,0.5,91.3,1.65,2.0,0,1
2419,2246.0,250.0,12.9,5.0,0.5,97.0,1.82,2.0,0,1
5085,1979.0,468.0,18.5,19.0,20.2,91.5,0.9,2.0,0,1
3294,1761.0,742.0,18.2,6.0,19.4,92.2,1.03,2.0,1,1
6737,3336.0,1801.5,17.0,36.0,12.9,90.7,1.21,2.0,0,0
7938,1430.0,396.0,23.5,52.0,0.5,92.4,1.95,2.0,1,0
4822,1888.0,535.0,44.1,5.0,1.4,94.4,1.86,2.0,0,1
826,2561.0,1702.0,24.2,25.0,1.0,95.3,2.05,2.0,0,1
1521,1700.0,1012.0,42.4,10.0,7.1,93.8,1.16,2.0,0,1
6831,2143.0,733.0,30.0,14.0,16.5,98.2,1.78,2.0,0,0
2930,2117.0,625.0,2.8,74.5,7.9,96.0,1.15,2.0,1,1
4232,2883.0,1253.0,4.8,29.0,6.6,97.2,2.16,2.0,1,1
628,1303.0,721.0,26.0,53.0,1.9,97.4,1.47,2.0,0,1
4430,1574.0,200.0,34.5,4.0,23.55,96.5,1.14,2.0,1,1
3853,2475.0,407.0,42.2,14.0,1.9,92.3,1.75,2.0,1,1
390,1918.0,641.0,39.9,70.0,12.6,97.0,0.6,2.0,0,1
4345,1446.0,221.0,10.8,49.0,23.55,96.8,1.51,2.0,1,1
8869,1388.0,200.0,25.4,10.0,1.7,93.6,1.68,2.0,1,0
7124,2426.0,1483.0,30.4,33.0,0.5,95.3,1.29,1.0,0,0
5913,1981.0,467.0,48.3,2.0,4.4,91.5,1.54,2.0,0,1
3990,961.0,528.0,48.5,19.0,5.7,92.0,1.54,2.0,1,1
400,2800.0,709.0,14.5,49.0,22.3,93.1,2.34,2.0,0,1
4806,1626.0,1120.0,16.3,12.0,4.5,93.7,1.44,2.0,0,1
5135,832.0,370.0,36.0,2.0,3.0,93.8,1.22,2.0,0,1
7911,1122.0,432.0,6.0,8.0,4.2,99.0,1.61,2.0,1,0
3359,883.0,200.0,14.8,5.0,4.4,95.2,1.58,2.0,1,1
46,1351.0,847.0,11.7,15.0,6.3,94.8,1.42,2.0,0,1
5657,2408.0,400.0,33.8,48.0,1.7,97.0,1.0,2.0,0,1
488,1206.0,200.0,27.3,9.0,14.6,91.0,1.82,2.0,0,1
3993,1862.0,418.0,43.2,11.0,0.6,93.8,1.44,2.0,1,1
3642,1787.0,343.0,12.8,74.5,7.8,95.6,1.1,2.0,1,1
3726,1343.0,200.0,40.6,40.0,2.0,96.1,1.34,2.0,1,1
8592,1202.0,467.0,43.9,8.0,13.6,91.1,1.47,2.0,1,0
5208,868.0,200.0,27.0,2.0,3.3,95.6,1.28,2.0,0,1
6609,1477.0,766.0,64.5,17.0,15.8,92.6,1.53,2.0,0,0
5319,2814.0,1379.0,47.7,37.0,8.2,92.9,1.67,2.0,0,1
709,1508.0,200.0,47.2,23.0,10.5,91.7,0.55,2.0,0,1
7119,1879.0,819.0,21.1,43.0,23.55,88.1,1.28,2.0,0,0
2421,1533.0,679.0,27.4,6.0,2.7,91.8,2.02,2.0,0,1
5604,2502.0,200.0,31.1,3.0,5.5,98.8,1.56,2.0,0,1
1750,2369.0,1137.0,11.3,1.0,7.3,97.5,1.79,2.0,0,1
8951,1518.0,497.0,30.0,55.0,6.7,96.6,1.35,2.0,1,0
8014,1305.0,359.0,32.7,65.0,5.2,85.5,1.77,2.0,1,0
4062,812.0,226.0,24.8,36.0,1.5,91.6,1.62,2.0,1,1
8744,2652.0,1306.0,44.6,3.0,7.8,93.2,1.48,2.0,1,0
338,847.0,200.0,20.7,8.0,9.5,92.0,0.81,2.0,0,1
215,1070.0,446.0,19.8,65.0,6.4,96.5,0.96,2.0,0,1
3663,2091.0,1266.0,73.6625,30.0,1.9,99.0,1.16,2.0,1,1
1341,2053.0,1027.0,21.8,31.0,1.3,93.8,1.76,2.0,0,1
8585,1856.0,619.0,28.3,26.0,0.9,94.1,1.02,2.0,1,0
5616,1729.0,200.0,13.5,19.0,23.55,90.1,1.3,2.0,0,1
3894,1257.0,200.0,40.3,55.0,3.0,97.9,1.24,2.0,1,1
3640,1744.0,490.0,17.9,5.0,23.55,93.0,1.95,2.0,1,1
329,1179.0,200.0,28.2,3.0,7.2,90.6,1.74,2.0,0,1
7693,2247.0,666.0,26.9,74.5,4.0,88.4,1.66,2.0,1,0
3004,1492.0,611.0,2.3,4.0,7.2,95.3,1.38,2.0,1,1
6960,1829.0,200.0,66.5,34.0,7.2,99.0,0.96,2.0,0,0
4090,980.0,200.0,31.2,16.0,0.5,96.1,1.43,2.0,1,1
3115,3183.0,1412.0,7.7,4.0,11.8,95.2,2.1,2.0,1,1
8840,2938.0,607.0,23.1,36.0,2.8,94.7,1.61,2.0,1,0
2322,1837.0,200.0,27.3,50.0,4.5,92.8,1.95,2.0,0,1
6667,2681.0,881.0,24.4,22.0,0.5,92.8,1.23,2.0,0,0
7009,2522.0,716.0,55.4,57.0,4.4,97.6,1.4,2.0,0,0
4197,3009.0,1025.0,47.2,3.0,23.0,92.8,2.04,2.0,1,1
3549,3566.625,1782.0,27.6,5.0,2.9,92.9,1.14,2.0,1,1
1458,1960.0,200.0,8.0,50.0,1.4,96.4,0.69,2.0,0,1
171,1636.0,470.0,16.2,14.0,23.55,93.6,1.31,2.0,0,1
4203,1838.0,469.0,57.7,3.0,4.3,92.0,1.04,2.0,1,1
8374,2048.0,405.0,20.5,5.0,3.9,88.8,1.17,2.0,1,0
3569,1852.0,200.0,25.3,5.0,23.55,89.8,1.69,2.0,1,1
4226,1485.0,799.0,18.6,13.0,0.7,85.3,0.93,2.0,1,1
5158,2637.0,1143.0,37.9,21.0,0.5,95.2,1.66,2.0,0,1
7982,1271.0,1110.0,42.8,40.0,14.7,98.2,1.5,2.0,1,0
6185,1146.0,482.0,18.6,8.0,5.8,92.7,1.65,2.0,0,0
8059,904.0,954.0,27.2,57.0,23.55,90.1,0.99,1.0,1,0
938,1395.0,469.0,4.1,26.0,9.3,90.7,1.71,1.0,0,1
60,1024.0,200.0,31.3,46.0,3.6,88.5,1.46,2.0,0,1
1240,3566.625,1250.0,32.2,40.0,0.5,98.5,1.88,2.0,0,1
5760,871.0,200.0,55.9,1.0,0.5,85.1,1.72,2.0,0,1
5136,2261.0,1023.0,27.8,11.0,0.5,96.0,1.16,2.0,0,1
8174,1540.0,316.0,14.5,24.0,8.4,92.5,1.41,2.0,1,0
6856,804.0,833.0,17.7,26.0,7.6,90.1,1.53,2.0,0,0
2120,2231.0,1048.0,27.1,15.0,4.4,88.8,2.04,2.0,0,1
1524,1326.0,275.0,41.8,16.0,13.7,92.7,0.88,2.0,0,1
7617,2581.0,864.0,51.8,21.0,5.6,98.1,1.16,2.0,1,0
153,1606.0,1049.0,73.0,10.0,2.3,92.1,1.74,2.0,0,1
6344,1372.0,200.0,45.9,27.0,6.6,94.0,1.56,2.0,0,0
481,3502.0,1027.0,33.7,17.0,13.3,91.8,1.03,2.0,0,1
6122,1195.0,200.0,34.8,38.0,7.7,98.5,1.76,2.0,0,0
4460,1267.0,1177.0,21.6,4.0,12.2,91.7,1.55,2.0,1,1
7674,3446.0,809.0,25.7,2.0,2.3,99.0,1.17,2.0,1,0
7101,1725.0,942.0,54.9,14.0,6.1,85.4,1.26,2.0,0,0
3920,2996.0,1254.0,35.0,14.0,5.0,95.5,1.15,2.0,1,1
7658,1452.0,213.0,24.0,5.0,3.8,84.8,1.74,2.0,1,0
7411,1386.0,740.0,32.6,24.0,5.4,95.9,1.64,2.0,1,0
1762,1299.0,473.0,17.7,9.0,4.1,94.9,1.38,2.0,0,1
7634,1916.0,392.0,50.3,5.0,2.5,94.6,1.87,2.0,1,0
7315,1434.0,200.0,30.5,19.0,2.2,92.7,1.59,2.0,1,0
750,1511.0,795.0,11.0,20.0,23.55,92.9,1.19,2.0,0,1
1785,2215.0,407.0,11.0,32.0,8.0,90.5,1.24,2.0,0,1
8142,1353.0,200.0,23.4,15.0,8.8,98.5,0.84,2.0,1,0
7479,2701.0,1175.0,25.8,74.5,10.6,91.6,1.31,2.0,1,0
6212,2023.0,341.0,27.0,50.0,4.2,89.4,1.39,2.0,0,0
4501,1913.0,826.0,35.7,4.0,0.8,89.0,0.62,2.0,0,1
4853,3088.0,834.0,9.0,56.0,8.7,88.9,1.33,2.0,0,1
2711,1388.0,1184.0,19.5,45.0,5.7,92.6,1.02,2.0,0,1
6766,2606.0,891.0,11.7,38.0,15.8,96.6,1.75,2.0,0,0
7914,1455.0,555.0,16.4,13.0,4.6,94.2,1.58,2.0,1,0
4193,1881.0,304.0,18.7,10.0,2.8,95.1,1.35,2.0,1,1
1333,1278.0,452.0,21.9,11.0,0.5,90.5,2.01,2.0,0,1
1250,1902.0,200.0,17.8,1.0,11.7,95.0,1.66,2.0,0,1
6887,1947.0,455.0,25.9,74.5,2.2,91.6,0.99,2.0,0,0
2854,2657.0,964.0,11.7,12.0,2.8,91.5,0.81,2.0,1,1
186,1162.0,622.0,73.6625,30.0,7.4,88.6,1.91,2.0,0,1
1136,1121.0,475.0,17.9,35.0,4.1,91.9,0.94,2.0,0,1
8448,1952.0,887.0,31.7,74.5,3.9,92.0,1.62,1.0,1,0
8735,2508.0,1215.0,18.3,68.0,1.3,91.7,2.1,2.0,1,0
2058,1834.0,1271.0,16.2,2.0,1.2,98.7,1.05,2.0,0,1
8197,2070.0,772.0,14.6,24.0,7.6,92.2,1.71,2.0,1,0
3850,2527.0,1382.0,35.2,46.0,3.7,97.8,1.96,2.0,1,1
148,2026.0,558.0,22.1,10.0,0.5,94.2,1.38,1.0,0,1
4124,2126.0,1417.0,34.9,9.0,9.3,92.6,1.06,2.0,1,1
4889,1395.0,614.0,17.0,16.0,23.55,92.7,0.92,2.0,0,1
7930,2791.0,1099.0,3.7,2.0,10.0,92.6,1.88,2.0,1,0
3363,1607.0,301.0,46.0,26.0,19.0,91.2,1.71,2.0,1,1
4788,2006.0,633.0,32.4,21.0,7.5,89.4,1.15,2.0,0,1
2866,1398.0,434.0,43.0,23.0,3.3,91.1,1.77,2.0,1,1
3776,2431.0,947.0,36.0,2.0,4.1,93.4,1.58,2.0,1,1
1386,1694.0,1170.0,5.0,46.0,3.8,89.2,1.38,2.0,0,1
5941,1455.0,869.0,15.5,32.0,0.5,95.4,0.8,2.0,0,1
3067,2532.0,354.0,32.4,14.0,10.8,96.7,0.93,2.0,1,1
8092,2267.0,1566.0,22.3,4.0,0.8,99.0,1.5,2.0,1,0
5695,1810.0,739.0,41.6,59.0,1.9,90.0,0.91,1.0,0,1
3629,2332.0,1090.0,44.3,11.0,1.7,95.2,1.27,1.0,1,1
8503,1821.0,200.0,7.4,2.0,1.8,96.1,2.0,2.0,1,0
4797,1611.0,893.0,44.8,8.0,5.9,94.2,0.99,2.0,0,1
7903,2211.0,782.0,47.9,9.0,1.7,86.9,1.45,2.0,1,0
3028,2696.0,1349.0,10.7,33.0,19.2,90.0,1.44,2.0,1,1
2969,1558.0,1097.0,55.4,33.0,15.5,88.3,1.38,2.0,1,1
8351,992.0,303.0,19.0,27.0,11.0,91.3,1.46,2.0,1,0
1708,1792.0,536.0,36.1,74.5,13.2,93.3,1.12,2.0,0,1
2953,2192.0,1095.0,13.8,13.0,1.7,89.5,1.67,2.0,1,1
454,1492.0,370.0,41.9,74.5,1.3,94.5,1.07,2.0,0,1
6964,1540.0,474.0,6.4,11.0,3.4,86.6,1.72,2.0,0,0
6136,1148.0,360.0,45.8,50.0,8.6,92.9,1.24,2.0,0,0
8178,2288.0,1254.0,32.5,2.0,16.7,94.0,1.33,2.0,1,0
6411,1213.0,258.0,10.5,45.0,10.6,96.2,0.78,2.0,0,0
609,2170.0,588.0,23.3,28.0,5.2,92.2,1.78,2.0,0,1
4263,1919.0,648.0,30.7,25.0,1.7,92.3,1.22,2.0,1,1
4826,1977.0,768.0,45.3,3.0,3.4,90.0,1.35,2.0,0,1
645,1545.0,671.0,38.0,11.0,12.1,86.5,1.53,2.0,0,1
7454,1222.0,801.0,12.0,1.0,4.0,83.54999999999998,1.31,2.0,1,0
2074,1522.0,829.0,7.4,32.0,3.6,84.3,1.3,2.0,0,1
4052,1630.0,568.0,16.2,25.0,11.0,99.0,1.34,2.0,1,1
7959,1191.0,378.0,15.1,45.0,8.5,90.0,1.3,2.0,1,0
1622,2722.0,1081.0,49.1,45.0,4.9,99.0,1.74,2.0,0,1
4683,2458.0,861.0,24.8,0.0,23.55,95.7,0.98,2.0,0,1
5497,1191.0,200.0,15.0,5.0,1.1,89.3,1.18,2.0,0,1
7141,1548.0,823.0,38.4,20.0,15.2,92.0,1.44,2.0,0,0
7320,2064.0,617.0,31.0,2.0,1.1,91.0,1.18,1.0,1,0
5796,2006.0,249.0,28.0,54.0,7.1,93.1,1.29,1.0,0,1
7184,3168.0,854.0,32.3,22.0,6.2,95.7,0.69,2.0,0,0
2081,3566.625,1233.0,35.5,6.0,20.9,96.8,1.33,2.0,0,1
7077,2740.0,864.0,10.4,49.0,6.4,91.3,2.1,2.0,0,0
40,1864.0,852.0,28.5,8.0,10.0,94.6,1.32,2.0,0,1
5475,1114.0,326.0,17.2,24.0,0.5,96.5,1.69,2.0,0,1
2089,3566.625,1801.5,5.3,5.0,1.3,90.8,1.67,2.0,0,1
3924,1931.0,758.0,32.1,32.0,6.3,94.0,1.0,2.0,1,1
2175,1888.0,776.0,39.4,6.0,7.8,92.5,1.15,2.0,0,1
7313,1587.0,553.0,57.5,13.0,5.1,94.7,1.5,2.0,1,0
8318,1759.0,1002.0,35.5,19.0,4.5,97.3,1.47,2.0,1,0
74,1277.0,219.0,13.9,1.0,10.8,93.2,1.34,1.0,0,1
8337,2883.0,968.0,36.8,39.0,3.6,98.5,1.57,2.0,1,0
3798,3272.0,1252.0,13.2,21.0,8.0,98.4,1.35,2.0,1,1
2657,771.0,283.0,18.7,10.0,10.0,92.6,1.39,2.0,0,1
3180,2336.0,480.0,61.9,23.0,5.1,99.0,1.43,2.0,1,1
2076,2372.0,623.0,36.1,32.0,23.55,99.0,0.72,2.0,0,1
441,1508.0,848.0,63.0,63.0,1.8,93.0,1.38,2.0,0,1
8296,957.0,200.0,24.4,23.0,5.7,96.1,1.41,2.0,1,0
2051,1379.0,466.0,20.1,20.0,9.1,95.1,1.53,2.0,0,1
2541,2032.0,588.0,24.5,19.0,0.5,86.0,1.45,2.0,0,1
7402,2081.0,722.0,12.0,1.0,0.5,89.0,1.38,2.0,1,0
1301,1472.0,462.0,18.3,8.0,5.2,94.2,1.45,2.0,0,1
5877,3269.0,1111.0,23.3,28.0,23.0,93.2,1.9,1.0,0,1
7368,1677.0,257.0,7.2,7.0,21.8,96.6,1.46,2.0,1,0
3430,2136.0,1153.0,63.7,1.0,4.0,92.7,0.98,2.0,1,1
1304,1980.0,1063.0,30.8,6.0,0.8,91.5,1.61,1.0,0,1
236,2920.0,974.0,12.9,3.0,4.2,94.2,1.44,2.0,0,1
8793,2505.0,983.0,41.6,7.0,4.1,90.7,1.09,2.0,1,0
2599,1382.0,200.0,10.6,54.0,1.3,97.3,1.75,2.0,0,1
4616,1433.0,789.0,35.3,55.0,11.4,94.2,1.56,2.0,0,1
2573,2184.0,1125.0,16.6,74.5,11.5,96.2,2.08,2.0,0,1
3280,700.0,678.0,7.6,11.0,0.5,91.9,0.95,2.0,1,1
3186,2027.0,200.0,21.5,15.0,4.3,96.7,1.4,2.0,1,1
3953,1837.0,501.0,34.3,14.0,1.1,91.0,1.46,2.0,1,1
2768,2267.0,774.0,20.5,1.0,23.55,92.8,1.99,2.0,0,1
4831,2433.0,962.0,52.7,74.5,3.0,93.0,1.62,2.0,0,1
4223,1656.0,373.0,33.2,5.0,2.6,96.5,1.42,2.0,1,1
2106,1765.0,200.0,2.0,6.0,6.2,94.4,2.12,2.0,0,1
2679,1686.0,1277.0,6.7,6.0,2.8,91.8,1.65,2.0,0,1
7325,1260.0,563.0,15.4,25.0,4.4,88.3,1.17,2.0,1,0
2761,2320.0,1395.0,28.5,8.0,11.8,94.2,1.9,2.0,0,1
4688,1954.0,1053.0,7.1,8.0,12.2,96.4,1.01,2.0,0,1
5399,2561.0,1160.0,17.0,11.0,9.3,92.5,1.79,2.0,0,1
1387,1447.0,1029.0,29.6,10.0,4.3,93.2,0.99,2.0,0,1
2901,2131.0,864.0,55.1,44.0,0.5,91.5,1.78,2.0,1,1
3577,2172.0,562.0,52.6,12.0,23.1,96.9,1.13,2.0,1,1
7868,1881.0,322.0,8.0,12.0,0.6,95.6,1.17,1.0,1,0
8689,1468.0,996.0,11.7,27.0,1.2,89.1,1.39,2.0,1,0
7083,1249.0,200.0,60.7,24.0,1.3,99.0,1.55,2.0,0,0
8830,1696.0,502.0,31.3,0.0,17.1,91.0,1.33,2.0,1,0
7393,2121.0,1132.0,37.0,19.0,8.2,92.0,0.99,2.0,1,0
5000,1605.0,496.0,6.5,20.0,0.5,98.4,1.4,2.0,0,1
5853,1245.0,948.0,31.4,4.0,11.9,96.9,1.54,1.0,0,1
1279,2173.0,200.0,32.4,3.0,1.7,92.0,1.56,2.0,0,1
8473,2219.0,1272.0,62.9,9.0,7.9,87.6,1.33,2.0,1,0
804,3037.0,1192.0,17.1,6.0,16.7,91.3,1.03,2.0,0,1
6404,2234.0,1231.0,25.4,1.0,0.5,96.4,1.2,2.0,0,0
1555,2173.0,889.0,3.4,45.0,10.1,99.0,1.22,2.0,0,1
8532,2976.0,505.0,14.7,21.0,0.5,92.7,0.86,2.0,1,0
3190,2606.0,923.0,68.7,11.0,1.8,94.4,0.96,2.0,1,1
4566,1507.0,683.0,22.7,18.0,4.2,88.5,0.89,2.0,0,1
4802,2306.0,1172.0,8.4,28.0,3.4,92.4,1.02,2.0,0,1
8699,2359.0,962.0,39.4,14.0,7.9,90.8,1.23,2.0,1,0
7166,2623.0,933.0,9.7,5.0,8.8,92.7,1.32,2.0,0,0
4841,972.0,200.0,68.7,43.0,1.4,88.8,1.51,2.0,0,1
3594,2357.0,883.0,4.8,4.0,6.1,93.0,1.34,2.0,1,1
6035,1332.0,797.0,35.4,51.0,15.1,91.6,1.22,2.0,0,0
6852,1364.0,221.0,18.3,3.0,2.7,92.3,1.67,2.0,0,0
6958,2259.0,518.0,24.7,17.0,10.2,95.2,1.36,2.0,0,0
1920,2303.0,592.0,34.0,4.0,6.9,92.8,1.18,2.0,0,1
513,1237.0,1025.0,36.8,49.0,3.5,91.1,1.35,2.0,0,1
4177,1702.0,486.0,5.8,19.0,2.1,93.6,2.3,2.0,1,1
6843,1650.0,680.0,22.1,23.0,7.8,94.8,1.19,2.0,0,0
1308,1723.0,200.0,34.3,13.0,0.6,96.2,1.87,2.0,0,1
5667,2393.0,735.0,35.3,2.0,3.8,87.3,2.11,2.0,0,1
914,1173.0,975.0,6.5,14.0,9.4,91.3,1.49,2.0,0,1
3452,1409.0,796.0,49.6,22.0,12.4,94.6,0.82,2.0,1,1
3695,2896.0,832.0,28.1,3.0,2.5,86.8,1.56,2.0,1,1
4242,1755.0,200.0,52.7,16.0,5.4,94.6,1.78,2.0,1,1
3156,2395.0,1160.0,24.4,61.0,8.9,94.1,1.12,2.0,1,1
2198,1895.0,385.0,55.1,29.0,16.1,96.4,1.98,2.0,0,1
7840,1928.0,1206.0,1.9,1.0,7.6,87.0,1.31,2.0,1,0
774,1128.0,458.0,24.1,2.0,0.5,84.5,1.57,2.0,0,1
4425,2135.0,751.0,40.4,14.0,0.5,95.1,1.43,2.0,1,1
6150,1410.0,243.0,55.5,1.0,2.1,93.3,2.24,2.0,0,0
6097,754.0,200.0,39.9,29.0,23.55,90.4,1.85,2.0,0,0
943,2443.0,901.0,41.1,17.0,9.6,92.4,1.3,2.0,0,1
822,1373.0,772.0,37.9,74.5,6.3,87.4,1.07,2.0,0,1
6878,1556.0,200.0,20.4,2.0,12.3,95.4,1.46,2.0,0,0
5005,2524.0,639.0,2.8,66.0,3.8,94.4,1.91,2.0,0,1
6612,3180.0,642.0,10.0,0.0,5.7,91.9,1.32,2.0,0,0
4277,1319.0,490.0,42.8,14.0,0.5,89.4,1.58,2.0,1,1
164,966.0,200.0,18.0,25.0,23.55,98.7,1.12,2.0,0,1
5619,1592.0,615.0,10.5,39.0,20.2,93.9,1.83,2.0,0,1
4547,1167.0,654.0,38.6,6.0,4.3,87.7,1.99,2.0,0,1
3983,3322.0,957.0,14.6,21.0,1.6,89.1,1.53,2.0,1,1
2538,1947.0,898.0,8.3,74.5,6.8,93.4,1.17,2.0,0,1
6957,2710.0,873.0,33.5,4.0,4.5,95.0,1.21,2.0,0,0
3191,1474.0,1014.0,18.8,33.0,0.5,97.0,1.62,2.0,1,1
1311,1582.0,708.0,2.3,22.0,1.9,93.6,1.61,2.0,0,1
8396,1569.0,584.0,49.8,25.0,7.6,91.7,2.02,2.0,1,0
5207,3566.625,1488.0,12.7,21.0,8.7,93.3,0.71,2.0,0,1
8559,3224.0,1151.0,55.0,11.0,3.0,90.8,2.02,2.0,1,0
7585,2283.0,1045.0,21.8,21.0,16.8,93.0,1.57,2.0,1,0
5383,1778.0,1028.0,18.5,43.0,1.7,90.8,1.9,2.0,0,1
8157,1039.0,616.0,16.9,10.0,8.3,90.0,1.16,2.0,1,0
3675,2361.0,712.0,19.2,63.0,0.5,90.4,1.29,2.0,1,1
7776,1900.0,616.0,0.9,10.0,8.6,85.4,1.43,2.0,1,0
7218,1940.0,605.0,17.7,10.0,1.1,91.5,1.63,2.0,0,0
6722,1788.0,724.0,35.5,23.0,23.55,87.0,2.12,2.0,0,0
3300,2517.0,558.0,73.6625,4.0,4.4,90.9,1.39,2.0,1,1
3310,1049.0,200.0,21.4,28.0,10.3,92.8,1.34,2.0,1,1
6904,1615.0,286.0,63.5,74.5,0.5,90.1,1.55,2.0,0,0
7221,2898.0,1281.0,34.9,8.0,23.55,95.7,1.36,2.0,0,0
327,1953.0,963.0,10.6,14.0,10.0,97.6,1.57,2.0,0,1
5886,1696.0,294.0,12.4,21.0,2.0,88.8,1.12,2.0,0,1
2490,1572.0,540.0,57.2,7.0,2.1,96.0,1.77,2.0,0,1
8718,2582.0,1263.0,48.7,7.0,10.5,90.5,1.32,2.0,1,0
6103,2359.0,1191.0,50.0,1.0,4.9,83.54999999999998,2.24,2.0,0,0
5954,3499.0,1221.0,25.9,5.0,11.5,94.4,1.13,2.0,0,1
8691,1891.0,722.0,45.5,14.0,1.6,95.7,1.44,2.0,1,0
4408,1739.0,1257.0,6.1,74.5,0.5,89.2,1.67,1.0,1,1
832,1656.0,200.0,21.2,37.0,23.55,88.9,1.34,2.0,0,1
3079,1274.0,913.0,44.3,34.0,4.3,89.2,1.23,2.0,1,1
7516,1338.0,200.0,28.5,7.0,1.5,88.3,1.65,2.0,1,0
3462,1619.0,1376.0,14.8,22.0,8.4,94.3,1.84,2.0,1,1
5297,2467.0,1318.0,26.3,1.0,0.5,94.1,0.99,2.0,0,1
1823,2259.0,200.0,33.8,26.0,12.6,95.4,1.57,2.0,0,1
7643,1250.0,577.0,29.8,74.5,0.8,98.2,1.86,2.0,1,0
54,1321.0,1000.0,25.0,20.0,2.0,93.8,1.49,2.0,0,1
6230,3085.0,970.0,11.2,6.0,2.4,94.0,1.17,2.0,0,0
4064,1768.0,611.0,10.4,45.0,13.6,93.6,1.71,2.0,1,1
3451,1471.0,643.0,8.6,26.0,0.5,92.6,1.83,2.0,1,1
6305,1297.0,200.0,31.9,6.0,2.0,90.4,0.64,2.0,0,0
1901,3026.0,839.0,9.5,2.0,3.1,93.0,1.21,2.0,0,1
1481,2766.0,1040.0,20.1,24.0,8.4,95.4,1.7,2.0,0,1
4873,1324.0,200.0,8.0,33.0,12.8,96.7,1.22,2.0,0,1
4895,1690.0,655.0,4.8,26.0,2.9,90.0,1.5,2.0,0,1
7810,1201.0,200.0,36.7,4.0,1.4,97.5,1.22,2.0,1,0
4150,1055.0,200.0,12.2,3.0,8.2,92.0,1.17,2.0,1,1
7068,1321.0,1080.0,11.3,14.0,7.2,94.6,1.19,1.0,0,0
3335,1119.0,861.0,23.7,4.0,5.0,90.8,1.06,2.0,1,1
6016,2139.0,734.0,9.1,48.0,1.8,94.6,1.4,2.0,0,0
7811,1129.0,405.0,23.9,64.0,11.1,88.4,0.86,1.0,1,0
4926,1693.0,1145.0,47.4,1.0,4.6,91.2,0.91,2.0,0,1
946,1707.0,565.0,31.3,3.0,13.7,90.7,1.02,2.0,0,1
5797,3381.0,879.0,41.7,2.0,5.5,91.0,1.55,2.0,0,1
3293,1371.0,200.0,39.3,61.0,0.9,90.3,2.04,2.0,1,1
2161,2165.0,585.0,9.0,14.0,0.8,93.6,1.33,1.0,0,1
8847,1753.0,432.0,20.8,4.0,1.0,93.6,1.38,2.0,1,0
5083,2407.0,1375.0,19.4,4.0,1.4,95.7,1.42,2.0,0,1
6645,1459.0,608.0,18.5,4.0,0.9,94.7,1.84,2.0,0,0
8234,1385.0,394.0,33.0,3.0,3.3,95.1,1.03,2.0,1,0
3057,1714.0,914.0,36.7,17.0,0.5,98.9,1.73,2.0,1,1
7342,3566.625,1801.5,12.3,23.0,9.8,92.1,2.03,2.0,1,0
5490,3228.0,1648.0,9.1,15.0,12.2,98.8,2.06,2.0,0,1
6733,2002.0,1049.0,5.1,33.0,15.6,93.2,1.12,2.0,0,0
768,2810.0,884.0,62.0,13.0,7.5,93.8,1.17,2.0,0,1
2065,2775.0,975.0,43.0,11.0,0.6,97.0,1.32,2.0,0,1
8546,1186.0,510.0,7.7,70.0,6.8,92.9,1.1,2.0,1,0
3495,718.0,200.0,3.7,30.0,15.9,94.9,1.37,1.0,1,1
7311,1486.0,200.0,24.4,18.0,7.8,92.4,1.29,2.0,1,0
285,1149.0,563.0,14.7,9.0,6.1,87.3,1.81,2.0,0,1
1500,1062.0,631.0,7.6,45.0,11.8,93.2,0.91,2.0,0,1
4524,2131.0,863.0,30.7,7.0,12.5,90.3,1.95,1.0,0,1
8462,1993.0,1228.0,64.8,14.0,2.3,91.8,1.51,2.0,1,0
2332,1183.0,309.0,19.0,40.0,5.6,98.1,1.01,2.0,0,1
2717,2277.0,951.0,28.6,62.0,7.2,90.9,1.51,2.0,0,1
2079,1284.0,1076.0,56.1,9.0,19.0,91.4,1.58,2.0,0,1
3389,2704.0,559.0,32.2,9.0,1.3,87.6,1.64,2.0,1,1
722,1654.0,554.0,20.3,40.0,13.5,89.8,1.03,2.0,0,1
951,1306.0,200.0,10.6,8.0,22.1,94.6,1.32,2.0,0,1
2482,1499.0,314.0,2.9,20.0,6.7,88.8,1.18,2.0,0,1
2262,2907.0,1470.0,23.0,6.0,0.5,95.1,1.72,2.0,0,1
989,1914.0,200.0,34.0,40.0,4.4,94.6,1.41,2.0,0,1
3212,1171.0,854.0,12.7,33.0,0.5,95.2,1.12,2.0,1,1
1759,1494.0,200.0,32.6,27.0,22.7,91.0,1.62,2.0,0,1
8031,2704.0,1161.0,15.5,20.0,23.55,87.8,1.57,2.0,1,0
4422,1621.0,680.0,18.9,2.0,4.3,91.6,1.78,2.0,1,1
6704,2204.0,1294.0,31.2,19.0,4.4,91.8,1.17,2.0,0,0
5479,1498.0,940.0,26.8,53.0,2.8,94.4,2.06,2.0,0,1
1724,3566.625,1569.0,23.6,35.0,5.0,91.2,1.32,2.0,0,1
5182,1728.0,321.0,26.5,11.0,4.3,94.5,1.45,2.0,0,1
8482,1866.0,1097.0,3.6,72.0,8.1,99.0,1.85,2.0,1,0
341,1693.0,1253.0,57.3,32.0,12.6,93.1,1.72,2.0,0,1
3701,1155.0,825.0,21.7,11.0,8.3,85.2,1.49,2.0,1,1
4243,2017.0,796.0,62.5,12.0,15.8,89.8,1.84,2.0,1,1
688,1433.0,200.0,32.5,2.0,9.4,97.5,1.43,2.0,0,1
3432,2688.0,1067.0,14.3,8.0,0.5,87.3,1.61,2.0,1,1
5203,1456.0,394.0,25.5,5.0,9.5,96.8,1.35,2.0,0,1
4944,3351.0,1415.0,68.9,20.0,23.55,97.6,1.17,2.0,0,1
966,1512.0,755.0,18.1,14.0,1.1,96.7,1.9,2.0,0,1
3120,1497.0,436.0,41.7,12.0,6.4,93.0,1.69,2.0,1,1
8530,1401.0,200.0,48.4,12.0,5.9,97.6,1.42,2.0,1,0
2203,3314.0,1587.0,22.0,5.0,3.0,91.5,1.22,2.0,0,1
2713,1413.0,521.0,50.6,0.0,9.3,85.9,0.98,2.0,0,1
4757,3517.0,1691.0,19.6,32.0,4.8,99.0,1.58,2.0,0,1
5098,3566.625,1134.0,51.6,32.0,0.5,90.7,2.08,2.0,0,1
8417,1645.0,350.0,25.0,6.0,5.0,92.9,1.22,2.0,1,0
8586,1391.0,200.0,21.0,6.0,2.0,99.0,1.19,2.0,1,0
6320,1372.0,730.0,34.3,23.0,10.4,93.8,1.55,2.0,0,0
5280,2866.0,772.0,37.0,4.0,0.6,91.2,1.28,2.0,0,1
5975,1019.0,444.0,22.6,15.0,4.7,90.6,1.54,2.0,0,1
3572,1717.0,200.0,64.1,26.0,9.6,87.1,1.68,2.0,1,1
4805,2414.0,784.0,29.1,50.0,9.8,96.0,1.23,2.0,0,1
5299,3226.0,373.0,15.9,12.0,14.0,88.3,0.85,2.0,0,1
1990,2024.0,312.0,41.1,5.0,9.9,98.8,1.77,2.0,0,1
4120,1537.0,200.0,22.3,6.0,2.3,85.7,1.5,2.0,1,1
4759,2441.0,619.0,43.3,34.0,4.9,91.0,1.07,2.0,0,1
8024,2631.0,1538.0,7.8,5.0,7.3,96.1,1.57,2.0,1,0
5298,1192.0,415.0,3.7,12.0,9.9,93.3,1.36,2.0,0,1
8379,1893.0,748.0,28.9,33.0,0.9,91.7,1.32,2.0,1,0
4971,1582.0,977.0,11.4,17.0,7.9,85.9,1.37,2.0,0,1
954,1136.0,702.0,8.6,74.5,7.8,95.9,0.86,2.0,0,1
5034,3566.625,1181.0,73.6625,36.0,6.6,90.3,1.13,2.0,0,1
6783,1844.0,1350.0,17.3,0.0,1.2,89.1,1.02,2.0,0,0
3600,3566.625,1553.0,32.3,1.0,23.55,93.5,1.03,2.0,1,1
6490,1633.0,605.0,19.0,2.0,3.3,99.0,1.39,2.0,0,0
8580,3566.625,1577.0,29.2,21.0,14.2,96.8,1.88,2.0,1,0
474,1100.0,200.0,41.3,67.0,11.9,86.9,1.39,2.0,0,1
8063,1559.0,705.0,17.3,39.0,3.3,98.2,1.55,2.0,1,0
385,904.0,494.0,25.9,21.0,4.2,92.0,1.04,2.0,0,1
7973,1413.0,200.0,5.3,26.0,8.0,91.0,1.77,2.0,1,0
2122,1751.0,1192.0,13.8,27.0,1.0,97.5,0.76,2.0,0,1
1625,2964.0,1325.0,45.1,15.0,23.55,88.1,1.34,2.0,0,1
536,3566.625,1230.0,21.9,10.0,3.9,94.4,1.23,2.0,0,1
6387,1203.0,756.0,34.3,9.0,1.6,92.9,1.04,2.0,0,0
8672,2427.0,513.0,12.6,14.0,11.5,87.2,1.51,2.0,1,0
7970,1636.0,624.0,47.8,38.0,18.8,92.2,1.3,2.0,1,0
5032,1025.0,450.0,30.7,37.0,13.2,91.3,1.89,2.0,0,1
7833,1944.0,550.0,11.7,68.0,0.8,94.9,1.51,2.0,1,0
4212,2521.0,1411.0,19.4,27.0,4.4,96.9,1.22,2.0,1,1
6456,1626.0,200.0,29.9,28.0,3.0,87.6,1.72,2.0,0,0
3507,1794.0,827.0,36.9,18.0,0.8,97.0,1.5,2.0,1,1
201,1303.0,286.0,11.9,10.0,5.1,94.3,1.73,2.0,0,1
7304,2608.0,443.0,49.6,9.0,2.1,88.1,1.57,2.0,1,0
1332,1673.0,636.0,17.8,22.0,6.9,93.7,0.83,2.0,0,1
7112,1787.0,472.0,33.4,23.0,0.5,95.2,1.48,2.0,0,0
3502,1262.0,357.0,19.6,74.5,14.1,94.3,1.51,2.0,1,1
2708,1340.0,796.0,19.1,3.0,23.55,96.7,1.73,2.0,0,1
6030,2413.0,548.0,15.8,13.0,2.9,98.8,2.09,2.0,0,0
5031,3566.625,1488.0,14.3,14.0,1.8,97.3,1.15,2.0,0,1
6514,2318.0,784.0,12.4,49.0,2.6,90.0,1.39,2.0,0,0
4662,2539.0,715.0,26.6,61.0,3.7,97.0,1.28,2.0,0,1
4021,2745.0,631.0,58.7,12.0,0.9,85.7,0.5,2.0,1,1
1854,1362.0,572.0,15.1,18.0,7.5,91.8,2.06,2.0,0,1
8481,1523.0,583.0,34.0,60.0,5.0,94.7,1.34,2.0,1,0
2872,2028.0,531.0,22.7,74.0,1.6,87.3,1.49,2.0,1,1
3030,1276.0,419.0,32.4,8.0,3.8,96.4,1.05,2.0,1,1
1205,2301.0,200.0,16.0,37.0,2.2,96.0,1.75,1.0,0,1
6563,1566.0,200.0,9.2,14.0,5.2,93.8,1.9,2.0,0,0
1645,2970.0,932.0,29.7,6.0,0.5,96.4,1.24,2.0,0,1
3417,1385.0,521.0,23.5,22.0,1.8,87.8,1.07,2.0,1,1
3476,700.0,306.0,49.8,30.0,4.3,88.9,1.1,2.0,1,1
8593,1328.0,766.0,38.0,32.0,3.4,98.1,1.7,2.0,1,0
2861,1821.0,566.0,5.3,4.0,5.1,94.2,1.05,2.0,1,1
1792,2289.0,783.0,21.6,61.0,7.0,95.2,1.59,2.0,0,1
5526,1610.0,935.0,46.9,10.0,2.8,90.7,1.59,2.0,0,1
6922,2691.0,994.0,23.5,8.0,11.2,91.0,1.0,2.0,0,0
3797,1920.0,1051.0,18.5,21.0,1.3,96.4,1.17,2.0,1,1
3368,1455.0,200.0,22.2,4.0,13.3,92.8,0.97,2.0,1,1
3367,2257.0,934.0,20.5,5.0,0.5,93.0,1.4,2.0,1,1
3533,1926.0,346.0,16.2,7.0,0.6,92.9,1.82,2.0,1,1
7196,1305.0,200.0,43.5,46.0,2.9,94.9,1.55,2.0,0,0
8674,2336.0,1105.0,6.1,28.0,6.4,95.3,1.9,2.0,1,0
5109,3566.625,557.0,14.2,32.0,18.6,94.2,1.83,2.0,0,1
6024,2763.0,1801.5,48.6,2.0,11.9,91.7,1.85,1.0,0,0
3449,1285.0,753.0,63.3,1.0,4.8,93.8,1.83,2.0,1,1
7966,1236.0,831.0,47.4,10.0,4.1,93.1,2.22,2.0,1,0
603,2368.0,646.0,52.7,46.0,3.9,94.5,1.44,2.0,0,1
3056,1588.0,449.0,32.9,7.0,7.2,93.8,2.3449999999999998,2.0,1,1
8358,783.0,555.0,34.0,8.0,15.3,99.0,1.2,2.0,1,0
126,2904.0,839.0,15.1,7.0,23.55,83.54999999999998,1.27,2.0,0,1
5959,1177.0,1218.0,20.5,3.0,4.4,92.8,1.34,2.0,0,1
3876,1354.0,738.0,7.2,4.0,1.0,89.9,1.26,2.0,1,1
2935,1228.0,943.0,31.7,7.0,0.9,88.6,1.28,1.0,1,1
7300,2145.0,831.0,24.2,17.0,23.0,90.9,1.2,2.0,1,0
5443,1402.0,200.0,14.2,11.0,3.6,92.6,1.89,2.0,0,1
7151,2154.0,686.0,26.5,5.0,3.3,96.5,1.19,2.0,0,0
4451,3566.625,1279.0,25.5,8.0,1.6,87.8,1.29,2.0,1,1
7147,1654.0,332.0,19.0,19.0,16.9,87.7,1.38,2.0,0,0
3531,2193.0,917.0,18.5,5.0,22.2,93.8,1.49,2.0,1,1
2730,1953.0,783.0,17.9,0.0,1.6,93.5,1.29,2.0,0,1
827,1808.0,252.0,42.6,4.0,10.0,91.6,1.43,2.0,0,1
1639,1682.0,586.0,54.7,17.0,9.2,94.1,0.94,1.0,0,1
7790,2284.0,1147.0,31.0,55.0,0.5,92.4,1.88,2.0,1,0
7136,2834.0,1229.0,16.5,7.0,3.0,84.9,1.01,2.0,0,0
984,1669.0,200.0,29.1,38.0,4.8,99.0,1.84,2.0,0,1
3281,2516.0,1180.0,33.6,65.0,0.5,94.1,1.92,2.0,1,1
8971,2403.0,1138.0,62.0,15.0,23.55,95.9,1.71,2.0,1,0
7783,2285.0,510.0,54.7,51.0,13.0,90.4,1.93,2.0,1,0
2188,903.0,277.0,17.6,36.0,23.55,91.4,1.73,2.0,0,1
2265,1705.0,446.0,55.3,2.0,1.5,97.1,1.87,2.0,0,1
2443,1809.0,846.0,29.0,12.0,1.9,97.3,1.37,2.0,0,1
362,1487.0,695.0,4.2,15.0,13.7,90.5,1.11,2.0,0,1
2349,2229.0,200.0,42.0,25.0,5.2,89.4,1.28,2.0,0,1
345,1784.0,659.0,22.3,0.0,0.6,97.4,1.37,2.0,0,1
814,1902.0,636.0,58.4,14.0,12.6,93.2,1.21,2.0,0,1
6166,1753.0,290.0,27.0,1.0,3.2,88.7,1.39,2.0,0,0
4807,1977.0,1072.0,23.6,26.0,8.8,95.1,1.61,2.0,0,1
3205,2160.0,1282.0,73.2,13.0,5.8,86.5,1.45,2.0,1,1
8128,1445.0,200.0,10.8,29.0,11.1,92.5,1.49,2.0,1,0
2919,1687.0,213.0,16.3,14.0,2.6,92.5,1.88,2.0,1,1
5961,1827.0,556.0,45.0,13.0,2.0,92.8,1.83,2.0,0,1
3325,1983.0,489.0,16.4,17.0,6.7,94.6,1.99,2.0,1,1
4106,1892.0,1001.0,19.7,13.0,23.55,97.6,1.4,1.0,1,1
5779,1255.0,1076.0,9.7,19.0,3.4,90.4,0.98,1.0,0,1
2116,2281.0,439.0,7.8,34.0,0.6,92.7,1.51,1.0,0,1
7450,2119.0,601.0,37.0,13.0,2.3,98.2,2.27,2.0,1,0
1834,2435.0,949.0,72.6,20.0,0.5,91.7,1.35,2.0,0,1
793,1893.0,200.0,35.7,23.0,2.3,94.7,1.34,2.0,0,1
7459,3566.625,979.0,6.2,2.0,5.3,86.0,1.89,2.0,1,0
1955,3566.625,1204.0,22.9,4.0,9.1,90.9,1.02,2.0,0,1
6898,1403.0,284.0,33.0,1.0,3.9,97.4,1.4,2.0,0,0
2674,2581.0,368.0,11.9,19.0,15.4,95.6,1.61,2.0,0,1
94,1267.0,612.0,49.3,30.0,4.7,94.6,1.44,2.0,0,1
8123,1457.0,200.0,29.5,1.0,5.2,89.6,1.17,2.0,1,0
4225,2209.0,663.0,38.9,3.0,1.5,96.9,0.84,2.0,1,1
3756,3232.0,1576.0,17.1,39.0,5.6,89.5,1.34,2.0,1,1
2891,1160.0,848.0,53.7,3.0,4.6,92.4,1.75,2.0,1,1
2371,1830.0,568.0,16.5,5.0,2.6,94.6,1.49,2.0,0,1
8646,1148.0,256.0,11.3,26.0,5.9,95.4,1.43,2.0,1,0
8100,1692.0,1028.0,8.9,44.0,12.1,91.7,0.84,2.0,1,0
7428,1504.0,200.0,55.3,14.0,1.5,93.1,1.3,2.0,1,0
8447,3566.625,1801.5,48.7,0.0,3.2,93.2,1.25,2.0,1,0
3228,2139.0,1363.0,13.6,43.0,0.8,91.0,1.19,2.0,1,1
6158,1100.0,1391.0,17.8,31.0,5.5,95.1,1.81,2.0,0,0
7863,2272.0,1310.0,20.3,3.0,21.7,91.5,1.29,2.0,1,0
7091,2085.0,1133.0,3.1,2.0,10.1,96.5,1.74,1.0,0,0
6359,1959.0,930.0,45.2,8.0,13.9,91.3,0.93,2.0,0,0
5996,1501.0,492.0,18.5,11.0,7.9,96.7,1.69,2.0,0,1
8264,1687.0,583.0,33.9,39.0,0.5,93.7,1.66,2.0,1,0
8467,1557.0,906.0,43.4,5.0,4.1,84.5,1.23,2.0,1,0
7326,1974.0,898.0,42.0,16.0,14.6,89.1,1.47,2.0,1,0
6028,1911.0,350.0,4.7,26.0,4.3,93.6,0.9,2.0,0,0
2853,2077.0,829.0,19.3,57.0,13.0,96.7,0.86,2.0,1,1
8633,1358.0,412.0,34.1,36.0,10.0,86.4,1.23,2.0,1,0
2912,1769.0,627.0,38.8,38.0,6.0,91.2,1.04,2.0,1,1
1865,2070.0,200.0,32.0,13.0,13.0,94.9,1.38,2.0,0,1
5754,1543.0,270.0,11.4,19.0,1.9,94.8,1.31,2.0,0,1
4612,1312.0,406.0,16.9,41.0,6.0,92.2,1.08,2.0,0,1
7689,997.0,264.0,32.4,4.0,6.1,94.6,1.39,2.0,1,0
1857,2057.0,1038.0,32.5,0.0,4.1,90.6,1.51,2.0,0,1
2645,1798.0,655.0,18.7,25.0,0.6,95.0,1.05,2.0,0,1
2243,1581.0,583.0,9.4,3.0,5.2,95.0,1.11,2.0,0,1
5373,1284.0,200.0,18.4,48.0,2.5,95.0,1.49,2.0,0,1
2336,1763.0,1140.0,8.8,52.0,1.6,98.5,1.07,2.0,0,1
950,2993.0,1224.0,25.5,24.0,3.6,97.3,1.68,2.0,0,1
7578,1770.0,881.0,21.4,16.0,1.9,89.5,1.16,2.0,1,0
8400,2398.0,1097.0,25.4,10.0,3.8,92.5,1.07,2.0,1,0
3068,2161.0,862.0,25.2,74.5,21.8,97.5,2.04,2.0,1,1
1120,2228.0,1122.0,26.4,0.0,1.2,93.2,2.3449999999999998,2.0,0,1
7608,1872.0,1239.0,29.3,74.5,8.3,94.4,1.55,2.0,1,0
2597,3566.625,1020.0,40.9,5.0,8.4,88.8,1.84,2.0,0,1
2204,2953.0,1086.0,50.4,30.0,3.8,97.0,1.33,2.0,0,1
419,1915.0,959.0,21.5,15.0,15.7,90.3,2.0,2.0,0,1
922,2067.0,1268.0,27.7,74.5,7.2,93.8,1.43,2.0,0,1
1254,1538.0,200.0,73.6625,10.0,7.9,90.2,1.23,2.0,0,1
477,2349.0,1105.0,23.4,7.0,23.55,95.5,1.69,2.0,0,1
2035,1517.0,308.0,47.5,4.0,23.55,97.4,0.74,2.0,0,1
5408,2735.0,1097.0,4.8,6.0,8.3,84.3,1.81,2.0,0,1
5788,2473.0,404.0,43.8,40.0,4.2,88.0,2.3449999999999998,2.0,0,1
5742,3074.0,987.0,73.6625,14.0,5.3,88.8,1.8,2.0,0,1
7182,1358.0,200.0,17.3,74.5,4.9,88.5,0.68,2.0,0,0
7667,1892.0,704.0,45.6,7.0,3.0,96.3,1.01,2.0,1,0
5567,1229.0,941.0,9.8,56.0,5.0,88.3,1.42,2.0,0,1
6697,1715.0,604.0,47.4,6.0,6.3,94.9,2.13,2.0,0,0
8135,2157.0,907.0,33.2,48.0,7.8,87.7,1.45,2.0,1,0
1202,2124.0,284.0,39.4,46.0,1.1,93.7,0.83,2.0,0,1
6534,3566.625,1605.0,20.5,1.0,18.4,92.4,1.16,2.0,0,0
2626,1584.0,559.0,27.9,29.0,6.3,93.4,1.01,2.0,0,1
5765,1126.0,200.0,47.1,18.0,4.4,96.4,1.28,2.0,0,1
8817,2058.0,1004.0,33.0,12.0,23.55,90.9,0.69,2.0,1,0
1970,1634.0,617.0,19.6,56.0,10.5,95.9,1.08,2.0,0,1
3110,1116.0,284.0,31.0,27.0,23.55,99.0,1.07,2.0,1,1
4018,2017.0,538.0,53.0,39.0,3.1,93.2,0.5,2.0,1,1
2151,2598.0,1002.0,37.0,0.0,14.5,94.0,1.14,2.0,0,1
3687,2084.0,200.0,30.2,26.0,1.0,93.9,1.05,2.0,1,1
4916,2382.0,489.0,8.8,5.0,3.9,88.3,0.94,2.0,0,1
1997,1991.0,645.0,23.6,44.0,4.2,86.1,1.68,2.0,0,1
4033,1572.0,1328.0,40.7,4.0,2.0,96.2,1.59,2.0,1,1
4598,1332.0,604.0,40.6,24.0,2.5,97.2,1.55,2.0,0,1
3054,1682.0,648.0,27.0,11.0,9.1,93.1,1.05,2.0,1,1
1248,2862.0,1498.0,1.6,17.0,0.5,90.8,1.12,2.0,0,1
2192,1881.0,992.0,7.9,12.0,0.5,91.0,1.56,2.0,0,1
2712,1777.0,514.0,24.7,21.0,4.5,94.5,1.62,2.0,0,1
992,2207.0,622.0,43.8,44.0,3.0,90.0,0.95,2.0,0,1
2190,1715.0,200.0,10.1,1.0,1.3,95.6,1.35,2.0,0,1
4670,1740.0,723.0,13.0,15.0,0.5,93.7,1.93,2.0,0,1
5142,1668.0,573.0,34.7,50.0,5.9,95.3,1.63,2.0,0,1
5984,804.0,308.0,23.7,10.0,1.8,91.4,1.63,2.0,0,1
6565,2030.0,685.0,13.1,31.0,4.8,92.0,1.41,2.0,0,0
7804,2144.0,599.0,27.5,3.0,0.5,91.9,1.44,2.0,1,0
3762,2609.0,828.0,18.4,8.0,3.6,94.2,1.82,2.0,1,1
6943,1267.0,284.0,34.1,74.5,18.1,95.3,1.62,2.0,0,0
3597,1183.0,916.0,15.3,20.0,21.8,86.5,1.45,2.0,1,1
4711,1886.0,200.0,13.3,36.0,3.8,91.9,1.57,2.0,0,1
1318,1549.0,1174.0,30.2,68.0,7.3,98.8,0.6,2.0,0,1
1863,2601.0,1384.0,55.9,63.0,3.9,95.7,1.49,2.0,0,1
2343,1845.0,484.0,21.6,14.0,9.2,99.0,1.4,2.0,0,1
2449,2136.0,476.0,51.7,48.0,23.55,91.7,1.2,2.0,0,1
2136,1430.0,200.0,29.0,13.0,5.8,88.6,1.25,1.0,0,1
1065,1339.0,369.0,10.3,71.0,23.55,90.3,1.29,2.0,0,1
5868,1336.0,231.0,5.0,7.0,3.2,99.0,1.79,2.0,0,1
600,984.0,1092.0,38.2,20.0,5.1,93.9,1.47,2.0,0,1
4227,1756.0,1186.0,31.6,0.0,5.1,93.6,1.77,2.0,1,1
2621,1430.0,200.0,14.0,52.0,5.2,91.7,1.78,2.0,0,1
7577,3543.0,1050.0,20.1,13.0,10.8,96.9,1.37,2.0,1,0
77,3136.0,802.0,19.3,30.0,7.3,91.9,1.51,2.0,0,1
7546,997.0,688.0,6.8,12.0,4.1,98.5,1.16,2.0,1,0
2898,1914.0,1131.0,16.9,4.0,6.7,97.8,1.6,2.0,1,1
6148,1532.0,200.0,24.9,30.0,1.0,90.0,1.35,2.0,0,0
7332,2334.0,970.0,36.5,33.0,2.0,94.1,1.0,2.0,1,0
4820,1424.0,835.0,19.2,30.0,4.5,93.1,0.98,2.0,0,1
1314,1506.0,591.0,38.2,14.0,3.7,96.6,1.67,2.0,0,1
8366,1278.0,610.0,8.3,28.0,18.1,94.7,1.53,2.0,1,0
5947,3566.625,1656.0,42.6,45.0,7.7,90.1,1.51,2.0,0,1
6413,986.0,359.0,13.5,10.0,5.6,95.4,0.87,2.0,0,0
8007,2731.0,1073.0,19.4,30.0,2.6,98.4,1.23,2.0,1,0
5468,1424.0,307.0,37.5,12.0,1.5,92.3,1.22,2.0,0,1
5951,1067.0,582.0,21.3,5.0,13.6,99.0,1.93,0.0,0,1
3391,2061.0,880.0,53.0,4.0,22.7,96.4,1.72,2.0,1,1
5415,1976.0,1177.0,8.2,11.0,12.5,95.9,1.13,2.0,0,1
2560,2219.0,1133.0,19.7,12.0,0.6,93.7,1.04,2.0,0,1
8162,1317.0,200.0,19.6,8.0,14.0,90.0,1.19,2.0,1,0
2635,2212.0,526.0,30.7,24.0,1.9,96.1,1.23,2.0,0,1
5256,1217.0,406.0,62.1,0.0,3.9,97.9,1.22,2.0,0,1
3530,1710.0,574.0,29.2,20.0,8.1,96.0,1.49,2.0,1,1
1908,1382.0,817.0,31.4,3.0,1.4,92.5,1.73,2.0,0,1
235,3435.0,819.0,73.6625,45.0,10.2,95.0,1.42,2.0,0,1
1604,1354.0,621.0,30.3,60.0,7.5,93.6,1.44,2.0,0,1
7984,1940.0,617.0,2.0,21.0,12.3,92.1,1.88,2.0,1,0
3490,2487.0,951.0,40.0,43.0,2.6,91.4,1.66,2.0,1,1
1994,2009.0,520.0,41.9,31.0,2.9,94.6,1.71,2.0,0,1
2824,1162.0,755.0,16.4,10.0,19.8,89.2,1.75,2.0,1,1
8349,1192.0,339.0,38.3,19.0,4.5,94.4,1.87,2.0,1,0
1342,1490.0,306.0,32.0,45.0,4.8,96.5,1.32,2.0,0,1
1619,3566.625,1413.0,14.6,60.0,22.8,92.9,2.01,2.0,0,1
5287,1135.0,200.0,18.6,22.0,7.8,94.9,1.04,2.0,0,1
2060,2224.0,941.0,36.6,9.0,4.6,95.9,1.87,2.0,0,1
8957,954.0,524.0,49.5,29.0,4.2,93.4,1.28,2.0,1,0
2219,1200.0,1165.0,44.5,5.0,2.8,87.3,1.08,2.0,0,1
6038,3566.625,1801.5,48.5,74.5,4.8,97.9,1.13,2.0,0,0
260,1666.0,240.0,38.3,4.0,3.4,93.0,1.24,2.0,0,1
8424,1216.0,1067.0,61.3,32.0,13.6,93.9,0.89,1.0,1,0
3744,856.0,465.0,16.2,12.0,5.6,91.1,1.45,2.0,1,1
2026,2119.0,1420.0,13.2,41.0,2.8,97.0,1.54,2.0,0,1
6988,1004.0,682.0,53.7,23.0,13.6,93.7,1.75,2.0,0,0
4234,1637.0,542.0,18.1,30.0,5.3,89.3,0.8,2.0,1,1
1917,1359.0,941.0,16.0,14.0,0.6,99.0,1.13,2.0,0,1
1828,1919.0,568.0,26.2,72.0,15.8,91.3,1.31,2.0,0,1
6233,791.0,502.0,29.6,12.0,4.4,99.0,2.18,2.0,0,0
8393,2391.0,988.0,35.2,17.0,6.0,92.6,2.07,2.0,1,0
6283,1136.0,200.0,37.5,27.0,3.5,93.5,1.32,2.0,0,0
4208,1702.0,770.0,58.3,7.0,11.7,94.9,1.56,2.0,1,1
224,1447.0,283.0,10.5,27.0,21.4,93.6,1.93,2.0,0,1
6469,1470.0,303.0,2.8,11.0,6.0,93.6,0.87,2.0,0,0
8469,1892.0,795.0,20.5,58.0,3.5,93.6,1.21,2.0,1,0
846,2043.0,1080.0,53.4,14.0,4.8,92.6,1.31,2.0,0,1
4289,1713.0,1039.0,54.3,23.0,2.1,92.8,1.27,2.0,1,1
5560,1522.0,381.0,40.8,28.0,2.6,98.3,1.1,2.0,0,1
2551,2653.0,628.0,37.2,6.0,0.5,96.9,1.37,1.0,0,1
117,1874.0,790.0,9.4,29.0,21.1,94.4,1.98,2.0,0,1
5966,1250.0,657.0,3.5,12.0,9.5,89.8,2.16,2.0,0,1
8195,2522.0,809.0,24.4,51.0,2.6,92.2,1.54,2.0,1,0
7489,1954.0,1271.0,25.4,74.5,5.8,92.6,1.33,2.0,1,0
5,1263.0,200.0,12.0,16.0,9.2,97.0,0.99,2.0,0,1
5342,1890.0,627.0,43.8,26.0,6.9,93.7,2.08,2.0,0,1
4324,1896.0,953.0,24.7,9.0,2.9,93.8,0.86,2.0,1,1
1063,2004.0,1398.0,47.1,12.0,3.9,96.0,1.46,2.0,0,1
2590,1173.0,229.0,25.6,8.0,2.0,87.6,1.4,2.0,0,1
3735,977.0,220.0,3.4,4.0,5.5,90.3,1.07,1.0,1,1
3517,2953.0,1622.0,25.8,11.0,7.7,94.5,0.87,2.0,1,1
6986,2088.0,1359.0,32.7,23.0,6.4,90.5,1.54,2.0,0,0
6767,971.0,654.0,30.7,21.0,1.9,87.7,1.56,2.0,0,0
5622,2035.0,363.0,11.2,17.0,9.6,90.8,1.34,2.0,0,1
1605,3044.0,1060.0,5.6,5.0,3.6,84.6,1.83,2.0,0,1
1733,1963.0,546.0,8.5,2.0,3.0,90.1,0.68,2.0,0,1
8402,828.0,200.0,43.1,52.0,12.1,92.4,1.95,2.0,1,0
3812,1790.0,200.0,7.0,44.0,12.1,97.0,0.88,2.0,1,1
8657,1676.0,200.0,65.3,2.0,2.2,91.2,0.95,2.0,1,0
1761,1039.0,530.0,18.9,10.0,0.5,95.7,1.1,2.0,0,1
5401,1662.0,737.0,22.5,16.0,1.1,92.9,1.64,2.0,0,1
2739,1616.0,807.0,29.3,13.0,2.8,95.1,1.65,2.0,0,1
2472,2628.0,991.0,49.9,11.0,3.2,95.0,1.36,2.0,0,1
6738,1621.0,249.0,9.0,31.0,5.6,91.4,1.58,1.0,0,0
6891,1600.0,200.0,49.6,64.0,0.5,91.4,1.33,2.0,0,0
7943,1152.0,229.0,39.8,74.5,18.0,89.1,1.64,2.0,1,0
4206,1345.0,1220.0,39.7,5.0,0.5,95.9,1.69,2.0,1,1
6371,2009.0,200.0,12.2,20.0,4.7,95.2,1.4,2.0,0,0
232,1947.0,205.0,16.6,10.0,2.2,87.8,2.17,2.0,0,1
8258,2299.0,1432.0,27.5,46.0,1.0,83.54999999999998,1.52,2.0,1,0
7561,1665.0,290.0,21.8,27.0,2.6,90.8,2.02,2.0,1,0
6168,1774.0,439.0,8.4,6.0,16.6,93.4,1.2,2.0,0,0
3596,2147.0,614.0,62.6,23.0,23.55,92.7,1.42,2.0,1,1
6288,1778.0,220.0,23.7,15.0,8.4,95.8,1.66,2.0,0,0
4632,1164.0,559.0,40.6,1.0,1.8,94.6,1.37,2.0,0,1
125,1635.0,717.0,45.1,34.0,0.5,96.6,0.96,2.0,0,1
7641,1380.0,736.0,30.4,22.0,1.1,93.9,1.09,2.0,1,0
6229,1745.0,1028.0,5.4,62.0,5.7,89.5,1.17,2.0,0,0
1296,1757.0,401.0,23.3,30.0,18.4,93.1,0.87,2.0,0,1
1976,1437.0,200.0,4.0,6.0,0.5,94.1,1.42,2.0,0,1
8526,1407.0,350.0,17.4,40.0,3.5,96.6,1.0,2.0,1,0
5750,1656.0,211.0,35.9,34.0,3.8,92.4,1.54,2.0,0,1
8152,1601.0,447.0,30.7,6.0,12.7,92.6,1.2,2.0,1,0
3086,1694.0,1140.0,5.9,62.0,11.4,98.2,1.01,2.0,1,1
8340,1682.0,1102.0,14.9,27.0,3.3,93.9,1.33,2.0,1,0
6882,1334.0,746.0,45.2,4.0,3.5,88.3,1.25,2.0,0,0
8369,1731.0,624.0,38.8,41.0,11.7,89.5,1.54,2.0,1,0
7673,2181.0,672.0,22.4,10.0,0.5,94.5,1.35,2.0,1,0
3345,1280.0,258.0,26.5,10.0,4.2,87.4,1.01,2.0,1,1
8172,1048.0,200.0,60.7,41.0,8.2,93.8,1.62,2.0,1,0
8477,2189.0,741.0,29.9,74.0,1.0,92.9,1.64,2.0,1,0
5870,1053.0,500.0,44.6,21.0,14.3,95.4,1.85,1.0,0,1
6506,1576.0,843.0,4.3,30.0,1.9,97.6,1.21,2.0,0,0
2797,1271.0,419.0,27.7,10.0,7.1,94.2,1.3,2.0,1,1
918,3566.625,1163.0,27.4,8.0,3.9,94.2,1.09,2.0,0,1
1646,3011.0,821.0,37.4,16.0,14.9,92.1,1.42,2.0,0,1
5122,3331.0,914.0,31.6,1.0,15.7,98.3,1.21,2.0,0,1
5126,2776.0,1169.0,41.9,11.0,4.6,94.7,0.87,2.0,0,1
4621,1547.0,798.0,24.4,50.0,3.2,97.8,1.21,2.0,0,1
6809,1301.0,200.0,25.7,13.0,3.3,91.7,1.52,2.0,0,0
364,2205.0,516.0,12.1,12.0,0.9,93.0,1.51,2.0,0,1
2125,3566.625,1318.0,45.8,5.0,3.0,92.4,1.18,2.0,0,1
8150,2230.0,1038.0,40.7,6.0,6.5,90.8,1.24,2.0,1,0
55,2040.0,1296.0,37.2,7.0,4.8,95.9,1.67,1.0,0,1
638,1306.0,544.0,10.5,1.0,1.2,91.1,1.69,2.0,0,1
302,1760.0,674.0,53.3,18.0,23.55,92.7,2.06,2.0,0,1
5811,3566.625,1176.0,7.7,25.0,10.0,98.5,1.5,2.0,0,1
1276,1392.0,200.0,32.0,29.0,1.1,93.0,1.4,2.0,0,1
4432,2305.0,935.0,28.8,9.0,3.7,98.2,0.96,2.0,1,1
3644,1450.0,241.0,2.5,74.5,1.2,95.6,1.88,2.0,1,1
4143,1563.0,239.0,8.8,9.0,7.0,94.0,1.57,1.0,1,1
2878,1026.0,365.0,11.0,9.0,10.0,92.4,1.34,2.0,1,1
6493,1801.0,467.0,31.1,0.0,2.4,94.4,1.41,2.0,0,0
5240,1559.0,737.0,26.1,52.0,4.4,92.6,1.53,2.0,0,1
8464,1481.0,807.0,45.9,8.0,6.0,88.4,1.73,2.0,1,0
6937,2583.0,857.0,35.7,6.0,5.4,92.9,2.14,2.0,0,0
7240,1504.0,698.0,19.1,16.0,0.6,94.6,1.04,2.0,1,0
2593,1391.0,435.0,40.7,11.0,18.0,89.9,0.5,2.0,0,1
2393,1495.0,284.0,4.5,33.0,2.2,95.9,1.3,2.0,0,1
523,1707.0,238.0,28.3,4.0,2.8,90.4,0.92,2.0,0,1
6376,1732.0,919.0,60.6,7.0,14.2,91.9,1.25,1.0,0,0
6981,1418.0,200.0,28.2,25.0,4.5,96.2,1.27,2.0,0,0
6677,1962.0,1123.0,9.0,20.0,3.2,93.1,1.06,2.0,0,0
3900,1617.0,200.0,25.0,50.0,3.4,97.6,2.12,2.0,1,1
8667,947.0,200.0,41.3,8.0,1.7,94.1,0.6,2.0,1,0
5585,2552.0,1108.0,9.1,55.0,23.55,93.7,1.28,2.0,0,1
8420,1336.0,1801.5,16.3,36.0,13.6,94.5,1.3,2.0,1,0
7956,1216.0,756.0,30.0,1.0,1.9,91.4,1.19,2.0,1,0
7570,1127.0,293.0,32.1,64.0,4.0,97.4,1.7,2.0,1,0
6777,1554.0,902.0,39.5,1.0,2.2,90.1,1.9,2.0,0,0
671,3566.625,1538.0,2.8,34.0,3.8,95.7,0.91,2.0,0,1
4188,1714.0,429.0,25.2,15.0,2.8,97.4,0.99,2.0,1,1
666,2019.0,1243.0,24.3,3.0,3.9,89.7,1.98,2.0,0,1
3266,2356.0,1384.0,21.2,12.0,7.2,87.7,1.71,2.0,1,1
1887,1864.0,323.0,1.5,14.0,8.7,88.2,2.02,2.0,0,1
7687,3566.625,1258.0,33.2,29.0,1.1,89.8,1.43,2.0,1,0
6031,1609.0,996.0,40.3,41.0,5.8,86.3,1.22,2.0,0,0
6090,1317.0,588.0,21.8,74.5,1.7,91.3,1.55,2.0,0,0
6238,1916.0,889.0,4.0,6.0,7.3,94.0,1.32,2.0,0,0
7350,1302.0,594.0,11.4,47.0,7.8,93.9,1.33,2.0,1,0
7830,1620.0,421.0,36.2,21.0,8.4,93.4,0.77,2.0,1,0
760,1014.0,200.0,40.4,58.0,11.4,93.2,1.49,2.0,0,1
6254,1122.0,239.0,18.6,50.0,0.9,92.2,1.85,2.0,0,0
1906,1350.0,200.0,22.5,18.0,14.1,84.2,1.58,2.0,0,1
3818,1041.0,501.0,23.7,9.0,0.5,90.4,1.83,2.0,1,1
6269,1236.0,220.0,31.5,41.0,2.6,93.6,1.21,2.0,0,0
4300,879.0,545.0,35.8,52.0,11.6,88.5,1.14,2.0,1,1
5569,700.0,255.0,35.7,1.0,6.6,94.5,1.52,2.0,0,1
7941,960.0,1118.0,47.7,40.0,4.9,96.2,1.31,2.0,1,0
4164,1393.0,369.0,34.7,0.0,5.0,92.6,1.19,2.0,1,1
5971,3486.0,1080.0,20.4,0.0,1.8,89.9,1.66,2.0,0,1
3579,1496.0,352.0,48.4,25.0,5.2,95.6,1.48,2.0,1,1
2832,2732.0,1434.0,28.8,17.0,1.0,92.8,1.81,2.0,1,1
5449,1793.0,1104.0,3.5,23.0,2.0,95.2,0.79,2.0,0,1
3472,2818.0,466.0,7.1,74.5,0.5,97.1,1.31,2.0,1,1
6327,1219.0,200.0,18.0,31.0,1.7,89.6,1.75,2.0,0,0
137,1656.0,922.0,22.7,6.0,1.3,92.8,1.6,2.0,0,1
7043,1097.0,524.0,26.0,1.0,0.5,95.5,1.24,2.0,0,0
4892,1520.0,596.0,38.1,31.0,8.8,91.9,1.48,1.0,0,1
2180,3324.0,1248.0,67.2,27.0,12.7,89.6,1.84,2.0,0,1
7730,3378.0,1009.0,23.6,39.0,23.55,98.5,1.04,2.0,1,0
3177,1113.0,220.0,36.4,4.0,19.4,92.0,1.66,2.0,1,1
4854,3566.625,1180.0,15.8,41.0,0.9,89.6,1.24,2.0,0,1
4637,1847.0,1170.0,7.9,21.0,2.2,94.4,0.76,2.0,0,1
5115,1033.0,800.0,12.7,44.0,0.5,89.7,0.5,2.0,0,1
7648,1970.0,1278.0,10.0,43.0,6.9,86.8,1.56,1.0,1,0
4261,1854.0,793.0,7.9,29.0,0.7,90.3,1.14,2.0,1,1
1331,2348.0,515.0,35.7,40.0,2.8,92.9,1.37,2.0,0,1
7002,700.0,315.0,29.1,5.0,8.1,94.6,1.26,2.0,0,0
6941,1554.0,727.0,13.2,74.5,4.1,91.8,1.33,2.0,0,0
8017,1380.0,200.0,48.1,74.5,2.5,98.0,1.18,2.0,1,0
6241,1488.0,781.0,16.7,25.0,1.2,87.3,1.39,2.0,0,0
8987,1969.0,263.0,73.6625,1.0,6.0,86.9,1.73,2.0,1,0
6881,2407.0,200.0,46.0,74.5,4.6,93.2,1.41,2.0,0,0
4530,1111.0,200.0,34.1,7.0,11.2,93.7,1.31,2.0,0,1
4673,2190.0,225.0,22.7,11.0,7.3,93.2,1.94,2.0,0,1
6996,1849.0,993.0,7.1,23.0,23.55,91.7,1.23,2.0,0,0
1252,1938.0,538.0,29.4,74.5,13.7,88.2,1.55,2.0,0,1
3374,1931.0,631.0,24.0,11.0,1.1,95.0,1.32,1.0,1,1
2814,1753.0,731.0,27.3,25.0,5.8,95.7,1.41,2.0,1,1
4719,2661.0,1175.0,5.1,26.0,23.55,90.3,1.41,2.0,0,1
6544,1419.0,487.0,22.6,18.0,21.6,91.5,1.46,2.0,0,0
4858,937.0,200.0,20.4,13.0,2.8,88.9,1.24,2.0,0,1
7901,2380.0,726.0,38.8,15.0,0.6,88.9,0.89,2.0,1,0
1077,1938.0,712.0,14.7,35.0,6.5,88.4,1.92,2.0,0,1
4363,2921.0,1385.0,11.7,8.0,5.4,87.1,1.25,2.0,1,1
770,1724.0,630.0,4.0,13.0,4.9,87.5,1.36,2.0,0,1
249,1772.0,551.0,44.5,24.0,2.9,96.8,0.57,1.0,0,1
7239,1604.0,494.0,41.7,31.0,2.0,88.8,1.11,2.0,1,0
3419,1275.0,200.0,1.7,41.0,13.3,96.0,1.25,2.0,1,1
4976,2605.0,1034.0,36.5,13.0,13.5,91.6,1.34,2.0,0,1
4544,1089.0,829.0,48.7,21.0,7.9,91.1,1.85,2.0,0,1
5565,1041.0,581.0,31.8,31.0,5.8,96.1,1.33,2.0,0,1
7939,1338.0,506.0,22.2,36.0,2.8,97.3,1.15,2.0,1,0
716,2188.0,725.0,3.5,23.0,2.4,97.3,1.36,2.0,0,1
8683,1896.0,978.0,40.8,14.0,0.7,89.9,0.77,2.0,1,0
2048,1784.0,748.0,5.6,1.0,8.6,86.7,1.11,2.0,0,1
5997,2781.0,769.0,50.8,20.0,5.3,92.5,1.38,2.0,0,1
6600,1723.0,1259.0,25.7,61.0,3.1,93.0,1.68,1.0,0,0
7245,1590.0,620.0,21.8,2.0,8.0,89.2,1.3,2.0,1,0
4178,2424.0,1185.0,20.6,17.0,14.0,91.4,1.61,2.0,1,1
4809,3076.0,805.0,27.5,4.0,2.7,95.0,1.51,2.0,0,1
8528,1244.0,200.0,19.6,46.0,1.0,93.7,1.64,2.0,1,0
7140,2756.0,1351.0,19.9,26.0,7.7,94.1,1.0,2.0,0,0
7190,1892.0,418.0,16.1,1.0,2.4,91.4,1.27,2.0,0,0
1460,1278.0,248.0,3.9,31.0,2.9,99.0,1.36,2.0,0,1
5989,1002.0,509.0,29.0,26.0,13.2,93.8,1.79,2.0,0,1
2000,2079.0,1104.0,30.0,14.0,11.3,92.4,1.3,2.0,0,1
8175,1354.0,694.0,48.5,59.0,4.1,92.8,1.34,2.0,1,0
404,1857.0,822.0,22.2,7.0,23.55,99.0,1.78,1.0,0,1
384,2620.0,1056.0,14.2,5.0,8.6,93.1,1.44,2.0,0,1
8533,1246.0,1391.0,21.9,22.0,8.6,91.7,1.04,2.0,1,0
1633,2698.0,1053.0,24.5,5.0,0.5,90.3,1.1,2.0,0,1
8596,1467.0,1104.0,10.4,57.0,0.8,87.6,1.05,2.0,1,0
4784,1408.0,1023.0,41.5,2.0,3.8,89.1,0.97,2.0,0,1
8504,1998.0,401.0,9.3,1.0,8.8,94.2,1.52,2.0,1,0
6970,2197.0,997.0,56.2,17.0,13.9,95.3,1.57,2.0,0,0
3925,1385.0,661.0,23.1,2.0,2.0,97.4,1.59,2.0,1,1
4158,1439.0,994.0,4.8,29.0,6.3,93.1,1.39,2.0,1,1
7449,2745.0,1407.0,33.8,5.0,23.55,92.6,1.68,2.0,1,0
8415,1192.0,897.0,18.7,9.0,1.2,94.5,1.55,2.0,1,0
2193,2432.0,1415.0,15.5,7.0,12.9,95.1,1.49,2.0,0,1
1015,2215.0,465.0,15.6,47.0,4.5,90.9,1.31,2.0,0,1
5124,2762.0,1129.0,16.1,15.0,0.8,92.7,1.36,2.0,0,1
7418,967.0,200.0,12.8,9.0,6.1,98.5,1.71,2.0,1,0
7409,1754.0,404.0,50.2,27.0,0.8,93.8,1.63,2.0,1,0
2871,2183.0,752.0,27.9,3.0,6.9,94.7,1.28,2.0,1,1
9,1093.0,691.0,32.1,21.0,18.3,89.9,1.54,2.0,0,1
1838,2112.0,569.0,55.7,56.0,18.8,93.8,1.42,2.0,0,1
4804,1223.0,223.0,50.6,26.0,0.5,95.8,1.65,2.0,0,1
255,2307.0,725.0,39.2,26.0,10.3,89.1,1.12,2.0,0,1
7026,2013.0,698.0,6.0,14.0,4.9,89.4,2.28,2.0,0,0
5713,2168.0,1278.0,34.6,22.0,0.9,95.1,2.11,2.0,0,1
3324,2085.0,271.0,18.3,38.0,5.2,97.2,1.4,2.0,1,1
7714,892.0,961.0,31.9,5.0,9.8,96.1,1.4,2.0,1,0
1581,2810.0,1307.0,52.2,34.0,17.6,92.4,1.17,1.0,0,1
924,3497.0,406.0,32.1,13.0,7.4,94.6,1.73,2.0,0,1
2779,2424.0,435.0,18.4,19.0,7.5,95.8,1.78,2.0,1,1
7891,1156.0,564.0,37.9,11.0,3.1,84.8,1.44,2.0,1,0
6132,1846.0,251.0,40.3,73.0,9.0,93.1,1.39,1.0,0,0
5320,2680.0,1163.0,30.3,13.0,7.5,98.7,1.52,2.0,0,1
7312,1904.0,750.0,41.7,18.0,3.0,90.6,1.53,2.0,1,0
7102,1258.0,200.0,15.7,3.0,5.7,92.0,1.1,2.0,0,0
6042,1589.0,260.0,30.2,48.0,2.7,90.1,1.34,2.0,0,0
3775,2168.0,935.0,14.0,72.0,3.4,93.9,1.98,2.0,1,1
4835,2328.0,584.0,23.8,12.0,4.7,94.4,1.69,2.0,0,1
4964,1697.0,236.0,15.3,14.0,7.3,97.7,1.18,2.0,0,1
539,1498.0,446.0,11.8,13.0,1.0,99.0,2.12,2.0,0,1
7483,1059.0,606.0,6.4,9.0,4.3,91.8,1.27,2.0,1,0
2745,1185.0,225.0,47.3,13.0,6.3,95.4,1.44,2.0,0,1
3719,1932.0,200.0,17.8,69.0,4.5,95.2,1.49,2.0,1,1
6819,3566.625,745.0,34.7,45.0,3.3,93.2,2.03,2.0,0,0
4468,1714.0,377.0,28.6,2.0,21.7,91.1,1.81,2.0,1,1
667,1305.0,200.0,26.8,43.0,0.5,91.3,1.09,2.0,0,1
7575,1503.0,478.0,17.0,6.0,3.2,98.4,0.98,2.0,1,0
5063,1269.0,457.0,20.9,12.0,12.8,95.9,1.25,2.0,0,1
1353,1466.0,476.0,8.9,10.0,1.0,89.8,1.65,1.0,0,1
7114,1023.0,293.0,6.7,6.0,18.8,92.0,0.83,2.0,0,0
8961,1620.0,1123.0,9.3,5.0,1.5,91.6,1.37,2.0,1,0
2703,2632.0,673.0,3.2,6.0,19.6,92.6,1.58,2.0,0,1
3330,1907.0,1586.0,20.5,37.0,6.2,90.4,1.29,2.0,1,1
8053,2345.0,676.0,16.2,4.0,4.4,85.4,1.22,2.0,1,0
3584,1509.0,681.0,42.0,7.0,13.8,90.7,0.94,1.0,1,1
8493,1822.0,323.0,10.0,21.0,5.0,95.7,1.53,2.0,1,0
5645,2721.0,699.0,32.2,1.0,3.1,93.5,1.52,2.0,0,1
3376,1231.0,522.0,7.1,10.0,12.6,92.5,1.4,2.0,1,1
1256,1532.0,609.0,34.9,38.0,4.9,92.4,1.43,2.0,0,1
6190,1431.0,433.0,15.9,6.0,15.5,92.9,1.02,2.0,0,0
5348,1936.0,738.0,1.6,18.0,23.55,91.4,1.16,2.0,0,1
4175,1659.0,707.0,22.4,23.0,11.2,94.5,1.58,2.0,1,1
4910,2442.0,1229.0,43.0,2.0,4.2,89.8,1.65,2.0,0,1
1852,1837.0,697.0,28.5,8.0,5.6,86.7,1.85,2.0,0,1
6316,1687.0,200.0,42.9,43.0,1.5,90.1,1.49,2.0,0,0
8866,1794.0,598.0,52.3,29.0,6.9,88.5,1.2,1.0,1,0
2105,3566.625,1801.5,12.2,10.0,9.0,90.1,1.92,2.0,0,1
133,1849.0,496.0,35.0,27.0,11.7,90.5,1.77,2.0,0,1
5029,1578.0,411.0,7.2,21.0,23.55,91.9,1.81,2.0,0,1
928,2049.0,1016.0,13.0,15.0,0.8,95.9,1.85,2.0,0,1
823,2346.0,761.0,49.6,23.0,2.7,88.3,1.96,1.0,0,1
7576,2153.0,791.0,41.8,7.0,4.4,92.7,1.56,2.0,1,0
1531,1970.0,546.0,9.4,35.0,2.1,94.5,1.03,2.0,0,1
1214,1190.0,200.0,7.1,10.0,2.2,92.5,1.14,2.0,0,1
504,1985.0,1073.0,22.3,6.0,1.8,92.8,1.58,2.0,0,1
6530,1716.0,705.0,40.5,22.0,11.8,96.6,1.35,2.0,0,0
3072,3566.625,1491.0,32.5,39.0,2.9,97.7,1.16,2.0,1,1
6619,1776.0,789.0,64.2,30.0,0.9,95.2,1.42,2.0,0,0
3709,2531.0,1070.0,8.7,14.0,15.4,86.3,1.26,2.0,1,1
4849,1725.0,256.0,9.1,2.0,21.2,94.8,1.33,2.0,0,1
4748,2551.0,1214.0,46.1,10.0,2.7,93.1,1.52,2.0,0,1
4268,2679.0,1217.0,29.0,14.0,10.4,86.4,2.12,2.0,1,1
8889,1938.0,677.0,6.2,13.0,1.1,99.0,1.33,2.0,1,0
4186,1960.0,611.0,12.2,25.0,4.7,91.0,1.34,2.0,1,1
5301,2329.0,1242.0,32.7,10.0,4.2,96.4,1.51,2.0,0,1
2923,1392.0,365.0,12.6,8.0,1.8,90.0,1.57,2.0,1,1
6588,3566.625,1278.0,60.2,17.0,0.5,87.8,1.54,2.0,0,0
1810,2546.0,762.0,33.0,10.0,9.2,90.9,1.14,2.0,0,1
3486,2267.0,894.0,23.5,43.0,8.3,94.3,1.37,2.0,1,1
7419,2048.0,864.0,27.6,32.0,18.0,90.3,1.85,1.0,1,0
3141,1147.0,482.0,6.9,74.5,15.3,90.7,1.62,2.0,1,1
1324,1370.0,451.0,55.7,3.0,1.2,99.0,1.76,2.0,0,1
4312,1074.0,200.0,37.0,48.0,5.7,97.7,0.87,2.0,1,1
7494,2855.0,1274.0,39.6,46.0,1.2,95.9,1.74,2.0,1,0
8549,1508.0,535.0,32.7,32.0,3.4,89.3,1.39,2.0,1,0
5541,2959.0,1089.0,20.9,21.0,15.8,90.2,1.71,2.0,0,1
6172,2296.0,265.0,25.3,17.0,21.4,92.2,1.31,2.0,0,0
1540,2708.0,1191.0,16.8,2.0,2.6,98.0,1.6,2.0,0,1
2681,2854.0,1490.0,41.1,15.0,14.4,90.1,1.43,2.0,0,1
8893,3059.0,1326.0,46.0,24.0,3.4,95.1,1.31,1.0,1,0
6313,1815.0,1102.0,22.3,33.0,11.7,94.4,1.47,2.0,0,0
1191,1085.0,200.0,36.2,1.0,4.2,92.8,1.06,2.0,0,1
5293,2310.0,578.0,41.2,27.0,5.2,99.0,1.88,2.0,0,1
1542,2517.0,1159.0,18.9,18.0,22.2,91.6,1.59,2.0,0,1
7056,2125.0,994.0,12.5,36.0,6.6,93.8,1.63,2.0,0,0
2539,2597.0,1604.0,37.8,36.0,4.2,95.0,0.61,2.0,0,1
953,2889.0,545.0,19.0,13.0,0.9,97.1,1.45,2.0,0,1
7241,1788.0,856.0,32.7,1.0,0.6,93.9,1.13,2.0,1,0
6731,1235.0,668.0,47.1,24.0,6.1,92.7,1.78,2.0,0,0
4846,1454.0,541.0,38.3,58.0,6.9,96.7,1.51,2.0,0,1
6801,1428.0,206.0,15.8,43.0,1.6,94.1,1.3,2.0,0,0
8010,1372.0,738.0,6.2,4.0,14.7,99.0,1.07,2.0,1,0
4330,2390.0,1138.0,16.3,10.0,3.1,88.1,1.53,2.0,1,1
5334,1884.0,894.0,38.6,53.0,6.2,95.6,1.29,2.0,0,1
7330,2144.0,491.0,19.5,10.0,0.8,91.3,1.03,2.0,1,0
4729,3305.0,1445.0,41.4,27.0,1.0,96.8,0.88,2.0,0,1
6541,899.0,294.0,46.8,3.0,2.4,86.8,1.39,2.0,0,0
5305,2788.0,944.0,34.9,20.0,0.6,91.0,1.35,2.0,0,1
5161,1592.0,951.0,20.2,44.0,20.3,97.4,1.4,2.0,0,1
7860,1017.0,382.0,34.6,0.0,16.7,87.0,0.56,2.0,1,0
2156,1514.0,229.0,4.2,6.0,0.5,88.6,1.65,2.0,0,1
1062,1519.0,327.0,30.3,30.0,13.0,88.5,1.22,2.0,0,1
1167,2483.0,1019.0,10.6,14.0,6.3,93.1,1.69,2.0,0,1
3636,1499.0,327.0,4.3,15.0,12.3,88.8,1.35,2.0,1,1
7651,1317.0,200.0,45.2,2.0,8.6,96.0,1.4,2.0,1,0
5588,1737.0,200.0,46.3,19.0,18.7,88.2,1.72,2.0,0,1
7192,3566.625,1496.0,55.2,18.0,18.0,93.0,1.9,2.0,0,0
4491,1184.0,200.0,34.2,10.0,23.55,98.9,1.08,2.0,0,1
7266,1288.0,929.0,11.1,13.0,7.4,85.2,1.27,2.0,1,0
4980,700.0,200.0,24.2,24.0,23.55,87.5,0.95,2.0,0,1
8335,1386.0,384.0,19.5,16.0,7.1,91.4,1.02,2.0,1,0
8955,1511.0,620.0,9.5,19.0,4.3,93.2,1.34,2.0,1,0
4946,2930.0,1138.0,28.7,74.5,10.3,92.1,1.25,2.0,0,1
2782,1736.0,960.0,26.3,67.0,7.9,89.3,1.31,2.0,1,1
717,743.0,566.0,37.6,48.0,4.7,93.6,0.77,2.0,0,1
2502,1921.0,484.0,31.2,29.0,23.4,87.6,1.33,2.0,0,1
4360,977.0,200.0,27.8,74.5,6.0,94.9,1.09,2.0,1,1
4171,2461.0,899.0,4.9,1.0,4.7,99.0,1.5,2.0,1,1
8082,1003.0,200.0,45.6,3.0,8.2,95.8,0.63,2.0,1,0
8781,1666.0,512.0,44.4,61.0,3.0,90.3,1.94,2.0,1,0
395,1184.0,843.0,15.0,34.0,0.6,91.6,1.33,2.0,0,1
7186,1804.0,797.0,43.8,21.0,1.4,91.0,0.76,2.0,0,0
8963,1279.0,200.0,27.4,6.0,5.3,87.8,1.71,2.0,1,0
4492,2392.0,997.0,50.0,1.0,7.1,87.5,0.66,2.0,0,1
1365,1458.0,950.0,36.1,28.0,2.9,93.8,1.99,2.0,0,1
8570,2508.0,1502.0,16.0,4.0,11.8,87.6,0.95,2.0,1,0
5917,2709.0,604.0,52.6,15.0,1.3,92.2,1.31,2.0,0,1
4968,1171.0,267.0,18.5,55.0,23.55,92.8,1.52,2.0,0,1
2914,1767.0,466.0,43.4,1.0,2.1,94.3,1.87,2.0,1,1
5644,3566.625,1172.0,15.7,25.0,6.2,83.54999999999998,1.23,1.0,0,1
3766,2075.0,674.0,31.2,41.0,1.2,93.1,1.78,2.0,1,1
3440,2927.0,568.0,10.9,2.0,10.2,85.2,1.71,2.0,1,1
7357,3465.0,1624.0,15.2,65.0,11.3,84.6,1.44,2.0,1,0
6806,2482.0,1456.0,21.1,23.0,7.5,93.6,1.58,2.0,0,0
2143,1274.0,255.0,25.3,2.0,8.8,85.3,1.3,2.0,0,1
5104,2526.0,1031.0,27.9,11.0,18.0,93.5,0.98,2.0,0,1
5073,1429.0,681.0,34.8,1.0,7.8,93.9,1.62,2.0,0,1
1571,1355.0,500.0,39.2,4.0,1.1,89.5,0.87,2.0,0,1
4079,1278.0,808.0,43.6,3.0,1.7,90.9,1.35,2.0,1,1
1122,2793.0,759.0,25.6,17.0,5.4,91.8,0.97,2.0,0,1
2786,1485.0,983.0,18.6,46.0,8.7,96.3,1.63,2.0,1,1
2967,1250.0,283.0,29.7,13.0,2.4,87.7,1.5,2.0,1,1
2504,2735.0,974.0,47.3,55.0,17.2,94.0,1.45,2.0,0,1
5988,1461.0,986.0,23.8,3.0,2.7,92.9,1.59,2.0,0,1
7164,934.0,236.0,31.4,21.0,12.1,96.4,1.43,2.0,0,0
728,1481.0,1045.0,48.6,13.0,3.7,87.7,1.88,2.0,0,1
7587,2021.0,407.0,53.5,19.0,7.3,89.7,1.76,2.0,1,0
7543,1598.0,444.0,11.0,20.0,4.1,88.8,1.14,2.0,1,0
412,1269.0,568.0,49.1,2.0,1.6,94.3,1.61,2.0,0,1
5745,827.0,370.0,21.0,3.0,5.8,92.8,1.35,2.0,0,1
7668,2294.0,1147.0,31.5,1.0,1.4,90.3,1.21,2.0,1,0
825,1776.0,369.0,29.4,18.0,0.5,98.6,1.18,2.0,0,1
3267,1455.0,200.0,36.3,9.0,2.2,93.6,1.34,2.0,1,1
3974,1395.0,240.0,41.8,4.0,7.6,93.6,1.32,2.0,1,1
8306,2528.0,1033.0,37.3,12.0,8.3,90.0,1.59,2.0,1,0
417,1496.0,1094.0,16.7,1.0,0.7,89.6,1.77,2.0,0,1
6748,3021.0,719.0,18.0,19.0,13.0,94.3,1.54,2.0,0,0
2082,2281.0,1158.0,24.7,35.0,23.55,92.0,1.07,2.0,0,1
3373,1243.0,634.0,11.8,20.0,9.5,89.9,1.61,2.0,1,1
5726,3222.0,1444.0,4.4,64.0,9.0,95.0,1.33,2.0,0,1
4107,934.0,417.0,40.8,19.0,3.5,90.5,2.15,2.0,1,1
4380,2321.0,1141.0,23.9,20.0,0.5,92.6,0.73,2.0,1,1
7723,1624.0,200.0,23.3,3.0,5.7,92.4,1.98,1.0,1,0
1066,1467.0,570.0,14.9,23.0,16.8,95.3,1.54,2.0,0,1
3913,1866.0,1032.0,35.2,1.0,9.1,89.4,1.26,2.0,1,1
5536,1985.0,1454.0,56.3,40.0,2.2,95.3,0.86,2.0,0,1
8002,1210.0,311.0,38.6,48.0,10.4,89.2,1.16,2.0,1,0
5387,1142.0,200.0,52.8,15.0,3.3,88.9,1.04,2.0,0,1
5732,1802.0,268.0,7.3,30.0,16.4,90.6,1.52,2.0,0,1
2738,1006.0,867.0,37.3,14.0,4.3,89.7,1.25,2.0,0,1
5052,1554.0,546.0,48.8,19.0,21.3,95.6,1.82,2.0,0,1
4000,1160.0,200.0,16.2,27.0,4.2,86.6,1.43,2.0,1,1
2427,1985.0,520.0,11.8,67.0,0.5,98.6,1.86,2.0,0,1
6833,1356.0,530.0,18.3,39.0,11.0,92.3,1.33,2.0,0,0
1687,2158.0,1084.0,9.0,41.0,3.0,96.7,1.66,2.0,0,1
851,1228.0,302.0,42.5,6.0,18.0,94.1,1.32,2.0,0,1
6303,1675.0,394.0,11.8,6.0,0.5,83.6,1.06,2.0,0,0
5878,2938.0,260.0,18.9,8.0,1.8,89.2,1.3,2.0,0,1
8527,1758.0,489.0,60.8,5.0,3.3,92.2,1.51,2.0,1,0
2839,3566.625,1383.0,36.9,1.0,2.0,93.0,1.64,2.0,1,1
4611,1378.0,200.0,39.0,12.0,4.4,90.7,0.53,2.0,0,1
2489,3375.0,806.0,30.2,14.0,2.5,93.0,0.79,2.0,0,1
6905,2018.0,750.0,17.1,23.0,5.6,94.3,0.98,2.0,0,0
7390,1861.0,265.0,33.6,6.0,2.5,90.8,1.5,2.0,1,0
2849,1569.0,637.0,34.4,0.0,6.2,89.3,1.13,2.0,1,1
6665,3544.0,1342.0,5.9,26.0,2.1,91.5,1.11,2.0,0,0
5881,1676.0,363.0,38.9,56.0,1.7,91.8,1.58,2.0,0,1
4452,1728.0,389.0,16.5,10.0,0.9,93.6,1.63,2.0,1,1
7421,2420.0,352.0,46.6,5.0,12.4,94.6,1.38,2.0,1,0
6484,1134.0,200.0,17.3,26.0,17.2,94.4,1.53,2.0,0,0
2479,1853.0,267.0,11.4,8.0,12.2,92.3,1.02,2.0,0,1
6617,2463.0,614.0,54.4,2.0,11.0,94.6,1.56,2.0,0,0
2141,2346.0,584.0,9.9,7.0,1.1,99.0,0.97,2.0,0,1
5188,3505.0,1219.0,36.8,28.0,2.4,89.5,1.68,2.0,0,1
2744,2049.0,909.0,26.0,14.0,21.8,97.4,1.57,2.0,0,1
7253,1962.0,346.0,42.7,18.0,0.9,95.4,0.94,2.0,1,0
3506,1475.0,482.0,22.7,31.0,7.2,92.6,2.01,2.0,1,1
1679,1989.0,466.0,26.8,25.0,5.7,99.0,1.61,2.0,0,1
4249,2882.0,1412.0,16.8,11.0,12.0,95.0,1.41,2.0,1,1
3147,1812.0,200.0,61.6,13.0,1.0,96.6,1.29,2.0,1,1
8130,2047.0,752.0,37.2,74.5,3.7,99.0,0.92,2.0,1,0
7004,1245.0,398.0,43.9,2.0,4.5,87.3,1.53,2.0,0,0
580,1759.0,571.0,50.2,74.5,11.2,97.8,1.59,2.0,0,1
4070,1809.0,343.0,44.3,14.0,2.9,89.5,1.17,2.0,1,1
3343,1055.0,746.0,44.9,21.0,1.8,93.2,2.17,2.0,1,1
7404,1623.0,781.0,37.4,51.0,8.2,93.2,1.76,2.0,1,0
3672,1702.0,515.0,34.9,44.0,4.4,95.5,2.24,2.0,1,1
559,734.0,639.0,44.2,8.0,17.5,92.2,1.48,2.0,0,1
5237,700.0,200.0,24.4,26.0,17.7,93.4,1.82,2.0,0,1
7805,1946.0,659.0,30.7,24.0,12.7,96.1,1.28,2.0,1,0
512,900.0,884.0,7.9,5.0,5.2,84.6,0.84,2.0,0,1
1081,2348.0,710.0,30.0,17.0,4.0,89.9,2.06,2.0,0,1
1664,2026.0,844.0,43.0,49.0,7.3,98.4,1.48,2.0,0,1
1931,1422.0,583.0,16.4,1.0,4.3,88.0,1.38,2.0,0,1
8696,1194.0,410.0,31.3,1.0,0.5,93.5,0.5,2.0,1,0
1150,1324.0,887.0,6.6,10.0,8.4,83.54999999999998,1.56,2.0,0,1
2838,2601.0,987.0,41.1,3.0,13.1,86.3,2.27,2.0,1,1
5949,3566.625,1283.0,10.3,14.0,10.6,97.0,1.18,2.0,0,1
8308,1267.0,1017.0,41.8,44.0,7.8,91.1,1.19,2.0,1,0
5177,1918.0,909.0,50.5,0.0,2.6,91.7,0.5,2.0,0,1
830,1998.0,245.0,15.4,6.0,6.2,94.4,1.82,2.0,0,1
8311,1427.0,200.0,51.4,35.0,4.5,98.8,1.42,2.0,1,0
4752,1680.0,1115.0,19.7,43.0,7.6,89.6,0.99,2.0,0,1
8746,1262.0,200.0,40.6,2.0,3.2,94.2,1.55,1.0,1,0
635,1142.0,200.0,26.7,71.0,10.8,98.2,1.26,2.0,0,1
4465,1296.0,342.0,9.4,34.0,18.5,96.4,1.33,2.0,1,1
6799,886.0,498.0,59.3,24.0,23.55,92.1,1.38,2.0,0,0
7987,1338.0,504.0,55.0,1.0,2.6,93.5,1.88,2.0,1,0
7079,2726.0,1374.0,11.7,15.0,23.55,96.2,2.04,2.0,0,0
6966,1478.0,200.0,39.3,63.0,9.3,89.9,1.22,2.0,0,0
4142,2569.0,552.0,9.3,7.0,13.8,98.2,0.95,2.0,1,1
7027,1881.0,760.0,35.1,2.0,2.4,95.0,1.27,2.0,0,0
876,1752.0,200.0,15.2,31.0,14.9,89.7,1.0,1.0,0,1
4869,2001.0,1017.0,10.0,64.0,13.0,91.9,1.45,2.0,0,1
5315,1306.0,525.0,51.8,4.0,1.7,92.2,1.44,2.0,0,1
5222,1854.0,851.0,11.4,23.0,5.8,93.4,1.6,1.0,0,1
4,1529.0,200.0,14.7,74.5,0.6,96.0,1.48,1.0,0,1
3051,2618.0,1306.0,26.5,28.0,1.8,91.6,1.21,2.0,1,1
5691,1863.0,864.0,49.8,6.0,0.5,91.6,1.44,2.0,0,1
3124,2138.0,1013.0,50.9,74.5,8.9,97.0,1.24,2.0,1,1
2491,1779.0,734.0,9.5,1.0,7.5,95.3,1.65,2.0,0,1
3854,2571.0,1151.0,2.5,5.0,18.2,91.8,1.57,2.0,1,1
4777,1283.0,1190.0,36.9,9.0,11.1,90.9,1.51,2.0,0,1
7509,931.0,387.0,4.6,39.0,9.0,87.8,1.09,2.0,1,0
6457,2568.0,950.0,37.0,15.0,3.7,92.2,1.6,2.0,0,0
6293,3157.0,908.0,21.6,10.0,20.8,90.0,1.62,2.0,0,0
1148,1909.0,891.0,31.4,17.0,11.7,91.0,1.5,2.0,0,1
574,2910.0,882.0,36.6,31.0,23.55,99.0,1.42,2.0,0,1
3769,2278.0,982.0,56.1,46.0,3.6,92.3,1.24,2.0,1,1
4146,857.0,628.0,25.7,37.0,17.7,90.6,1.0,2.0,1,1
853,2938.0,204.0,25.7,41.0,15.1,93.1,1.27,2.0,0,1
5919,1437.0,913.0,41.8,8.0,11.7,98.1,1.08,2.0,0,1
6614,1865.0,1728.0,22.4,74.5,16.5,94.4,1.89,2.0,0,0
6002,1022.0,671.0,42.0,0.0,2.4,91.6,1.61,2.0,0,0
4495,1856.0,532.0,48.2,12.0,10.1,95.2,1.16,2.0,0,1
8173,1458.0,539.0,52.3,12.0,9.0,95.6,1.91,2.0,1,0
6655,1130.0,409.0,60.6,48.0,5.1,92.0,1.91,2.0,0,0
2368,1380.0,230.0,56.3,8.0,23.55,94.7,1.35,2.0,0,1
4780,2100.0,933.0,57.1,30.0,4.8,91.9,1.54,2.0,0,1
7992,1234.0,1030.0,22.8,74.5,0.5,94.1,1.69,2.0,1,0
2950,3023.0,603.0,8.0,0.0,6.3,97.3,1.08,2.0,1,1
5625,1598.0,886.0,24.5,7.0,10.3,92.9,0.9,2.0,0,1
6971,2980.0,1218.0,61.6,14.0,1.6,96.0,1.38,2.0,0,0
1841,2719.0,1243.0,37.2,21.0,5.3,89.4,1.98,2.0,0,1
5986,2648.0,678.0,2.1,20.0,12.0,83.54999999999998,1.62,2.0,0,1
537,969.0,200.0,47.5,0.0,16.4,91.1,1.67,2.0,0,1
2806,1951.0,200.0,9.1,27.0,7.3,95.1,1.3,2.0,1,1
5801,1305.0,200.0,14.1,74.5,0.9,93.5,1.47,2.0,0,1
5596,1444.0,336.0,29.3,34.0,0.5,89.9,2.0,2.0,0,1
7206,2256.0,892.0,16.5,1.0,5.9,93.6,1.26,2.0,0,0
7343,1855.0,541.0,55.4,0.0,7.4,90.0,1.97,2.0,1,0
7560,1881.0,367.0,32.7,14.0,0.5,89.2,0.9,2.0,1,0
8096,1998.0,513.0,60.3,21.0,3.0,90.8,1.49,2.0,1,0
784,2737.0,796.0,53.8,42.0,18.7,96.1,2.07,2.0,0,1
1409,1952.0,479.0,17.8,74.5,9.5,93.3,1.44,2.0,0,1
154,1265.0,624.0,19.2,19.0,0.5,91.9,1.07,2.0,0,1
7806,2284.0,918.0,9.3,45.0,1.7,87.2,1.78,2.0,1,0
3009,2336.0,926.0,0.5,17.0,6.4,97.8,1.63,2.0,1,1
1686,1040.0,580.0,24.0,22.0,1.6,97.4,1.71,2.0,0,1
4014,2763.0,1360.0,17.7,20.0,8.6,91.3,1.54,2.0,1,1
7455,1244.0,200.0,19.9,39.0,0.5,93.2,0.94,2.0,1,0
3863,1496.0,437.0,29.7,37.0,0.5,97.0,1.49,2.0,1,1
2733,1721.0,200.0,34.2,44.0,23.55,90.3,1.2,2.0,0,1
1895,879.0,200.0,45.7,39.0,12.7,93.7,1.74,2.0,0,1
5442,1894.0,1377.0,3.7,7.0,1.2,92.9,1.39,2.0,0,1
569,1355.0,200.0,64.5,10.0,6.6,84.7,1.62,2.0,0,1
6709,1197.0,817.0,51.5,34.0,2.3,99.0,1.58,2.0,0,0
5854,1479.0,619.0,15.1,33.0,0.6,93.6,1.91,2.0,0,1
1816,1764.0,1254.0,52.3,34.0,15.8,90.4,1.32,2.0,0,1
8319,2099.0,1317.0,31.1,8.0,0.5,95.8,1.69,2.0,1,0
3394,1532.0,413.0,34.7,54.0,0.5,91.7,1.65,2.0,1,1
3327,1454.0,642.0,27.3,74.0,12.3,90.5,1.65,2.0,1,1
8982,2190.0,866.0,18.7,3.0,9.3,93.5,1.58,2.0,1,0
6102,2928.0,1347.0,37.6,21.0,0.5,91.8,2.02,2.0,0,0
2975,1345.0,546.0,46.7,7.0,6.2,95.6,1.52,2.0,1,1
980,2405.0,855.0,30.2,33.0,10.9,95.1,1.46,2.0,0,1
190,2225.0,496.0,24.6,14.0,16.3,94.6,1.24,2.0,0,1
5088,1785.0,200.0,45.8,1.0,0.5,89.7,1.04,2.0,0,1
699,2024.0,1122.0,54.9,49.0,1.0,97.3,1.4,2.0,0,1
8780,3027.0,1131.0,30.2,34.0,0.7,92.1,1.37,2.0,1,0
606,1356.0,1117.0,52.8,8.0,23.55,93.3,1.12,2.0,0,1
301,1382.0,200.0,58.8,48.0,6.1,90.9,1.67,2.0,0,1
3420,2368.0,1301.0,31.2,14.0,0.5,86.0,1.63,2.0,1,1
8821,2004.0,200.0,7.0,20.0,23.55,93.2,0.5,2.0,1,0
1060,1547.0,225.0,47.2,54.0,3.7,95.5,1.82,2.0,0,1
3444,1650.0,710.0,2.3,18.0,6.5,89.9,1.5,2.0,1,1
1069,2067.0,421.0,45.6,9.0,2.4,92.2,1.07,2.0,0,1
2205,1360.0,716.0,22.7,7.0,1.8,98.3,1.49,2.0,0,1
7339,919.0,744.0,37.3,51.0,5.3,93.5,1.13,2.0,1,0
8208,2109.0,1304.0,20.3,18.0,11.6,91.1,1.34,2.0,1,0
7679,2156.0,983.0,9.1,34.0,2.8,93.3,0.78,2.0,1,0
4642,700.0,421.0,19.4,44.0,17.9,88.2,1.58,2.0,0,1
7683,2033.0,632.0,31.2,69.0,4.0,96.0,1.31,2.0,1,0
7996,1300.0,648.0,14.1,6.0,14.9,94.0,1.06,2.0,1,0
5600,3263.0,1161.0,51.2,1.0,3.1,96.3,1.39,2.0,0,1
7022,1273.0,225.0,4.9,10.0,0.5,89.7,1.6,2.0,0,0
4893,2015.0,1102.0,49.2,7.0,0.8,89.4,1.29,1.0,0,1
225,1482.0,464.0,53.4,10.0,7.1,91.3,1.16,2.0,0,1
3354,3560.0,1050.0,20.4,12.0,0.5,90.0,1.79,2.0,1,1
5895,1246.0,496.0,58.1,12.0,4.4,96.5,1.74,2.0,0,1
3436,1393.0,980.0,16.0,27.0,23.55,93.0,2.23,2.0,1,1
1693,3207.0,1092.0,21.9,46.0,5.9,89.5,1.17,2.0,0,1
6893,3438.0,1596.0,15.3,3.0,23.55,89.9,1.78,2.0,0,0
1045,2005.0,824.0,53.7,63.0,2.8,91.8,1.57,2.0,0,1
3446,1703.0,416.0,25.9,18.0,15.0,92.0,1.45,2.0,1,1
8050,2522.0,729.0,35.8,32.0,23.55,92.7,1.08,2.0,1,0
8981,1679.0,675.0,32.5,74.5,5.8,88.2,1.44,2.0,1,0
4735,1776.0,665.0,17.2,5.0,23.55,88.2,1.56,2.0,0,1
4496,1621.0,200.0,13.1,8.0,23.55,88.7,1.25,2.0,0,1
1218,799.0,223.0,15.9,33.0,10.1,91.1,1.06,2.0,0,1
6015,1801.0,368.0,19.4,8.0,2.6,89.7,1.68,2.0,0,0
3987,1133.0,223.0,36.3,15.0,2.2,95.5,1.17,2.0,1,1
4911,2035.0,517.0,19.1,52.0,5.5,92.7,1.59,2.0,0,1
4493,1755.0,300.0,1.8,21.0,0.5,89.2,1.94,2.0,0,1
6944,2540.0,539.0,34.0,8.0,23.55,96.7,1.27,2.0,0,0
5699,1433.0,316.0,47.4,42.0,0.5,93.1,1.97,2.0,0,1
8352,1922.0,975.0,17.5,31.0,3.6,92.5,1.32,2.0,1,0
956,3566.625,906.0,33.4,15.0,5.6,94.8,1.3,2.0,0,1
2869,3083.0,370.0,21.9,71.0,10.3,99.0,1.25,2.0,1,1
4433,1487.0,676.0,17.1,9.0,14.9,97.7,1.17,2.0,1,1
4973,1768.0,1400.0,17.3,12.0,0.5,94.8,1.3,2.0,0,1
2961,1212.0,569.0,23.8,14.0,23.55,93.5,1.65,2.0,1,1
2200,1778.0,870.0,18.2,26.0,10.1,94.3,1.67,2.0,0,1
98,1947.0,568.0,36.8,7.0,10.9,91.7,1.52,2.0,0,1
8863,2251.0,1080.0,26.7,74.5,5.5,92.6,1.23,2.0,1,0
2557,2001.0,866.0,17.0,25.0,4.2,88.1,1.57,1.0,0,1
8445,1129.0,486.0,24.7,41.0,0.7,96.7,1.21,2.0,1,0
4199,2395.0,1315.0,53.5,27.0,0.5,90.2,1.08,2.0,1,1
5539,1051.0,612.0,53.0,37.0,11.5,88.2,1.52,2.0,0,1
1648,1509.0,670.0,14.0,18.0,1.8,93.5,1.05,2.0,0,1
6197,1670.0,200.0,52.7,37.0,1.0,99.0,2.28,2.0,0,0
6295,1482.0,751.0,55.8,37.0,14.0,98.3,1.37,2.0,0,0
4499,2073.0,605.0,73.6625,1.0,5.8,89.4,0.98,1.0,0,1
1154,1460.0,900.0,19.0,11.0,5.9,87.9,1.07,2.0,0,1
2255,2127.0,1111.0,46.9,19.0,5.3,94.4,1.25,2.0,0,1
3170,1411.0,991.0,31.9,6.0,7.2,89.0,1.76,2.0,1,1
7400,1323.0,396.0,20.5,4.0,5.7,95.1,1.69,2.0,1,0
7158,700.0,359.0,4.7,7.0,7.8,96.5,1.14,2.0,0,0
3108,2126.0,840.0,10.2,14.0,10.2,98.3,1.54,2.0,1,1
4548,1448.0,819.0,46.1,29.0,0.5,97.8,1.93,2.0,0,1
5423,1207.0,314.0,40.7,2.0,0.5,91.6,1.08,2.0,0,1
2049,3223.0,949.0,41.2,8.0,11.1,88.7,1.54,2.0,0,1
8814,1969.0,1022.0,22.9,0.0,0.6,98.4,1.17,2.0,1,0
262,1631.0,1026.0,30.9,13.0,2.9,98.4,1.96,2.0,0,1
4061,2193.0,1214.0,10.8,33.0,0.7,91.0,1.99,2.0,1,1
5534,2106.0,357.0,30.9,4.0,13.3,96.5,0.99,2.0,0,1
6616,2049.0,1080.0,21.5,18.0,10.8,92.8,1.43,2.0,0,0
8120,2187.0,678.0,47.9,46.0,1.4,88.5,1.85,2.0,1,0
8155,1277.0,321.0,30.1,6.0,0.9,94.0,1.33,1.0,1,0
1802,2727.0,444.0,15.5,9.0,5.0,97.5,0.6,2.0,0,1
4736,1694.0,303.0,43.2,53.0,3.4,96.5,2.02,2.0,0,1
2385,2046.0,436.0,24.5,39.0,12.3,92.6,0.85,2.0,0,1
6694,1895.0,612.0,25.9,15.0,0.5,94.4,1.56,2.0,0,0
5759,1696.0,1046.0,9.0,6.0,1.5,99.0,1.74,2.0,0,1
1959,2103.0,221.0,27.6,35.0,6.9,96.9,1.74,2.0,0,1
2976,1485.0,824.0,46.2,74.5,1.3,90.4,1.23,2.0,1,1
8680,1616.0,648.0,4.8,13.0,0.9,89.1,1.69,2.0,1,0
1843,1112.0,291.0,6.4,9.0,15.2,90.9,1.6,2.0,0,1
1734,1142.0,200.0,32.5,5.0,2.9,91.8,1.41,2.0,0,1
2911,1621.0,420.0,32.8,20.0,1.3,90.4,1.79,2.0,1,1
8338,3013.0,200.0,9.3,9.0,1.0,92.7,1.49,2.0,1,0
1986,1263.0,200.0,9.3,16.0,13.7,88.7,1.23,2.0,0,1
6546,2397.0,756.0,39.4,34.0,0.6,95.4,1.21,2.0,0,0
7098,1696.0,601.0,47.9,12.0,2.3,93.7,1.32,2.0,0,0
2811,3130.0,1801.5,21.6,45.0,10.8,97.3,1.67,2.0,1,1
659,1515.0,610.0,33.9,18.0,1.7,96.1,1.32,2.0,0,1
2511,1413.0,280.0,12.0,8.0,2.8,92.7,1.3,2.0,0,1
4282,1310.0,689.0,62.6,48.0,4.4,94.3,1.62,2.0,1,1
8800,2436.0,1330.0,23.0,8.0,8.9,95.0,1.94,2.0,1,0
6287,2074.0,776.0,32.5,14.0,6.9,91.1,1.25,2.0,0,0
1930,852.0,440.0,40.2,47.0,5.5,95.9,1.31,2.0,0,1
7125,1289.0,200.0,33.9,18.0,0.5,83.7,1.42,2.0,0,0
197,1490.0,360.0,14.3,23.0,9.7,89.5,2.17,2.0,0,1
7777,1600.0,260.0,12.5,7.0,3.2,95.3,0.89,2.0,1,0
2931,1101.0,363.0,18.3,11.0,1.9,88.3,1.5,2.0,1,1
8004,3566.625,1323.0,22.6,54.0,10.3,97.2,1.46,2.0,1,0
2327,2289.0,1130.0,31.1,11.0,11.8,94.0,0.96,2.0,0,1
4389,2379.0,483.0,49.7,5.0,2.5,88.1,0.97,1.0,1,1
4218,1567.0,586.0,5.4,3.0,13.5,92.6,1.56,2.0,1,1
202,1122.0,443.0,11.3,10.0,2.7,92.1,1.49,2.0,0,1
3510,2224.0,405.0,32.7,27.0,8.2,83.54999999999998,1.36,2.0,1,1
4931,1813.0,1063.0,20.2,5.0,8.4,94.0,1.28,2.0,0,1
5535,1657.0,726.0,6.3,8.0,9.6,97.8,1.16,2.0,0,1
5791,1672.0,1423.0,48.2,4.0,0.5,90.1,1.7,2.0,0,1
1707,3420.0,1473.0,20.8,47.0,5.8,94.8,1.94,2.0,0,1
5172,1779.0,557.0,38.8,30.0,23.55,98.0,1.55,2.0,0,1
5249,2312.0,1394.0,38.9,2.0,23.55,94.8,1.47,2.0,0,1
6528,1577.0,635.0,16.3,22.0,7.5,92.9,1.38,2.0,0,0
8862,2804.0,602.0,12.8,71.0,0.5,98.8,1.47,2.0,1,0
5855,3235.0,1046.0,44.5,40.0,3.3,98.6,1.26,2.0,0,1
8164,2790.0,928.0,35.5,7.0,3.0,92.3,1.57,2.0,1,0
854,1125.0,200.0,29.4,61.0,23.55,90.6,0.8,2.0,0,1
4737,2262.0,949.0,38.6,15.0,0.5,89.5,1.46,2.0,0,1
698,1604.0,1245.0,29.0,63.0,0.9,95.1,1.59,2.0,0,1
3696,2672.0,442.0,18.6,10.0,6.4,88.0,1.84,2.0,1,1
1636,1102.0,200.0,19.9,74.5,2.4,93.4,1.32,2.0,0,1
7280,2044.0,933.0,2.5,9.0,23.55,87.8,1.82,2.0,1,0
7554,1939.0,440.0,16.2,29.0,21.9,86.9,1.8,2.0,1,0
3581,1688.0,1027.0,11.9,17.0,7.4,97.2,1.02,1.0,1,1
1291,2146.0,604.0,3.1,44.0,0.9,97.1,1.22,2.0,0,1
6585,2055.0,453.0,13.9,14.0,3.7,93.0,1.21,2.0,0,0
1853,3566.625,1180.0,32.3,21.0,18.8,93.4,1.43,2.0,0,1
5232,1290.0,609.0,36.1,22.0,6.1,91.3,1.48,2.0,0,1
3763,1692.0,771.0,12.1,9.0,18.8,92.0,1.51,2.0,1,1
3304,2671.0,1023.0,28.0,37.0,18.8,89.2,1.97,2.0,1,1
1495,1195.0,364.0,34.2,28.0,8.3,98.6,1.4,2.0,0,1
7994,1993.0,709.0,49.3,22.0,6.7,89.6,1.82,2.0,1,0
1998,1086.0,200.0,14.6,6.0,10.4,93.8,1.33,2.0,0,1
663,2181.0,529.0,7.2,14.0,0.5,91.3,1.54,2.0,0,1
3748,1620.0,264.0,73.6625,5.0,2.2,96.9,1.21,2.0,1,1
4413,1995.0,698.0,36.7,3.0,4.8,90.8,1.36,2.0,1,1
5530,2353.0,654.0,24.7,74.0,15.7,96.3,1.54,2.0,0,1
5575,3462.0,1252.0,44.3,11.0,2.1,98.6,1.46,2.0,0,1
7526,1577.0,772.0,37.0,52.0,2.5,95.3,2.02,2.0,1,0
5864,1866.0,462.0,21.0,74.5,7.3,92.2,1.57,2.0,0,1
6776,1658.0,405.0,48.2,0.0,16.0,96.3,1.42,2.0,0,0
1306,1557.0,970.0,12.0,30.0,2.4,89.8,1.01,1.0,0,1
7392,1619.0,466.0,38.4,28.0,23.55,89.5,1.01,2.0,1,0
5592,2151.0,1350.0,5.0,11.0,4.8,93.5,2.22,2.0,0,1
1663,1970.0,699.0,33.9,22.0,1.3,95.2,1.97,2.0,0,1
5450,1354.0,269.0,10.2,14.0,23.55,95.9,1.74,2.0,0,1
3627,1165.0,200.0,32.6,16.0,9.5,94.0,1.33,2.0,1,1
2693,2078.0,933.0,9.2,4.0,5.8,97.3,1.2,2.0,0,1
5915,1596.0,630.0,17.3,9.0,5.7,93.3,0.99,2.0,0,1
3157,1445.0,200.0,72.6,36.0,6.3,94.1,1.52,2.0,1,1
6668,1066.0,439.0,22.1,27.0,5.1,94.1,1.2,2.0,0,0
1059,1854.0,1052.0,46.3,63.0,4.3,98.0,1.02,2.0,0,1
4636,1550.0,300.0,1.7,55.0,23.55,88.4,1.05,1.0,0,1
3242,2308.0,743.0,26.3,1.0,2.3,95.7,1.61,2.0,1,1
1678,2974.0,1090.0,11.0,10.0,5.9,92.2,1.24,2.0,0,1
6892,2297.0,879.0,19.0,3.0,23.55,90.8,1.41,2.0,0,0
6374,1828.0,788.0,19.6,4.0,1.5,89.8,1.35,2.0,0,0
7574,1760.0,986.0,19.8,43.0,11.3,95.1,1.48,1.0,1,0
1757,1615.0,1005.0,15.7,9.0,8.8,93.3,1.69,2.0,0,1
6019,2390.0,572.0,40.6,9.0,3.3,96.5,1.42,2.0,0,0
5116,1328.0,615.0,49.6,9.0,4.2,92.4,1.6,2.0,0,1
8755,1392.0,1306.0,25.6,2.0,8.0,88.9,2.12,2.0,1,0
7408,1707.0,506.0,32.6,42.0,12.3,95.0,0.5,2.0,1,0
2790,2276.0,339.0,22.5,44.0,0.5,88.5,1.2,2.0,1,1
863,2071.0,984.0,28.9,34.0,2.5,85.4,1.86,2.0,0,1
7858,3224.0,1670.0,57.8,0.0,2.4,94.0,1.59,2.0,1,0
1484,1401.0,736.0,16.5,29.0,6.8,94.0,1.72,2.0,0,1
7035,2197.0,242.0,48.0,9.0,6.8,92.7,1.67,2.0,0,0
7721,1065.0,465.0,33.1,7.0,2.3,99.0,0.83,2.0,1,0
5977,1998.0,706.0,9.2,23.0,3.0,93.1,1.37,2.0,0,1
5134,1457.0,228.0,19.3,27.0,6.9,92.1,1.95,2.0,0,1
206,3345.0,1193.0,23.4,48.0,15.5,97.2,1.96,2.0,0,1
4488,1342.0,405.0,36.5,9.0,2.8,89.5,1.3,2.0,0,1
6938,1502.0,629.0,13.5,5.0,2.9,96.3,1.2,2.0,0,0
6910,1897.0,291.0,6.4,8.0,19.8,90.4,1.58,2.0,0,0
502,1463.0,597.0,47.2,0.0,7.3,90.1,1.38,2.0,0,1
7385,2185.0,608.0,39.5,51.0,3.1,93.4,1.62,2.0,1,0
1028,2521.0,829.0,60.0,4.0,5.6,94.3,0.84,2.0,0,1
3840,1669.0,729.0,35.3,5.0,3.9,90.7,1.68,2.0,1,1
8110,1512.0,317.0,13.6,16.0,5.0,92.0,1.55,2.0,1,0
5056,1822.0,912.0,34.5,59.0,2.4,94.6,2.05,2.0,0,1
8154,2809.0,1198.0,8.8,22.0,2.6,92.5,1.28,2.0,1,0
2731,2513.0,683.0,21.0,9.0,6.1,95.8,0.91,2.0,0,1
2454,1499.0,439.0,38.7,13.0,1.9,95.1,2.16,2.0,0,1
7215,2729.0,747.0,56.0,17.0,10.2,92.0,1.29,2.0,0,0
3104,3334.0,1360.0,31.2,3.0,7.5,89.1,1.95,2.0,1,1
8392,1321.0,200.0,39.2,74.5,16.4,95.0,1.79,2.0,1,0
6278,974.0,561.0,23.0,45.0,2.0,92.7,1.27,2.0,0,0
3099,1627.0,355.0,20.0,18.0,2.2,99.0,1.37,2.0,1,1
6184,3311.0,631.0,0.6,31.0,3.3,93.8,1.96,2.0,0,0
3561,1271.0,200.0,61.9,6.0,3.0,86.6,1.25,2.0,1,1
5892,2302.0,1216.0,69.4,18.0,1.3,94.1,1.13,2.0,0,1
391,1143.0,200.0,29.1,20.0,2.7,95.0,1.69,2.0,0,1
6736,1904.0,355.0,45.8,7.0,4.6,94.6,1.12,2.0,0,0
5618,1762.0,763.0,8.1,5.0,13.7,87.3,1.55,2.0,0,1
5258,2085.0,621.0,42.6,1.0,3.5,90.6,1.47,2.0,0,1
2695,1280.0,254.0,16.6,24.0,5.8,94.3,1.86,2.0,0,1
2027,1868.0,962.0,14.4,20.0,9.0,97.6,1.37,2.0,0,1
5463,1822.0,564.0,12.1,20.0,0.5,93.1,1.66,2.0,0,1
2568,2575.0,200.0,20.6,11.0,8.4,92.6,1.27,2.0,0,1
8006,2083.0,1047.0,25.3,7.0,13.0,88.5,1.19,2.0,1,0
64,1433.0,455.0,0.9,10.0,2.3,91.8,1.47,2.0,0,1
2062,2553.0,907.0,13.9,27.0,0.5,89.0,1.72,2.0,0,1
5276,1405.0,867.0,27.7,45.0,3.9,88.6,1.13,2.0,0,1
7208,1788.0,287.0,48.3,74.5,0.8,90.9,1.89,2.0,0,0
8684,1096.0,425.0,27.6,0.0,23.55,92.3,1.58,2.0,1,0
8571,1741.0,272.0,23.6,0.0,16.2,89.9,1.2,2.0,1,0
6331,3249.0,900.0,33.7,1.0,1.6,94.9,1.26,1.0,0,0
4859,1749.0,670.0,36.8,3.0,13.1,89.6,0.53,2.0,0,1
4887,700.0,200.0,8.0,35.0,23.55,93.5,1.08,2.0,0,1
878,2612.0,702.0,40.3,1.0,2.7,92.7,1.43,2.0,0,1
8529,1446.0,468.0,9.8,46.0,3.6,89.7,1.27,2.0,1,0
7916,2094.0,740.0,27.5,26.0,3.9,95.4,1.46,2.0,1,0
6863,1518.0,878.0,37.7,16.0,13.7,94.6,1.91,2.0,0,0
7892,910.0,579.0,6.8,1.0,1.1,89.3,1.18,2.0,1,0
6439,1511.0,347.0,20.3,2.0,21.2,99.0,0.86,2.0,0,0
7869,2945.0,515.0,43.4,11.0,19.4,93.2,1.63,2.0,1,0
1016,700.0,200.0,17.6,10.0,3.2,97.7,1.16,2.0,0,1
7629,1725.0,539.0,45.9,31.0,8.7,91.4,1.44,2.0,1,0
995,1720.0,567.0,30.8,0.0,1.4,92.6,1.2,2.0,0,1
4297,1490.0,200.0,56.9,27.0,3.4,89.9,1.42,2.0,1,1
161,1506.0,369.0,28.0,15.0,4.5,95.9,0.81,2.0,0,1
5675,1823.0,1176.0,24.4,3.0,7.8,87.8,1.31,2.0,0,1
6873,2406.0,984.0,51.8,49.0,16.8,96.9,1.32,2.0,0,0
7989,2701.0,535.0,1.7,74.0,0.9,94.5,1.48,2.0,1,0
3843,2254.0,325.0,23.9,5.0,23.55,87.0,1.36,2.0,1,1
1021,1203.0,479.0,33.7,8.0,15.4,86.0,1.36,2.0,0,1
3073,1052.0,616.0,5.7,35.0,6.0,93.3,1.58,2.0,1,1
7555,1478.0,491.0,18.1,54.0,4.4,90.0,1.8,2.0,1,0
3943,2046.0,844.0,39.1,4.0,8.2,90.1,1.4,2.0,1,1
1585,900.0,200.0,7.6,6.0,0.5,92.2,1.54,1.0,0,1
3152,724.0,206.0,32.3,42.0,0.6,89.2,2.19,2.0,1,1
8226,1771.0,267.0,26.4,2.0,6.1,94.0,1.46,2.0,1,0
775,2134.0,961.0,53.9,17.0,8.2,92.7,2.06,2.0,0,1
7099,2297.0,667.0,14.3,26.0,13.0,98.1,1.48,2.0,0,0
5486,1680.0,883.0,4.7,17.0,16.4,92.5,1.83,2.0,0,1
6235,2101.0,200.0,16.1,40.0,23.55,92.1,1.28,2.0,0,0
7041,1765.0,606.0,9.8,25.0,0.8,94.7,1.79,2.0,0,0
2612,1790.0,657.0,45.6,9.0,23.55,94.6,1.38,2.0,0,1
7513,1498.0,499.0,10.0,40.0,0.5,94.5,1.16,2.0,1,0
8433,1583.0,200.0,35.3,74.5,0.5,88.9,1.41,2.0,1,0
8792,700.0,200.0,32.2,74.5,7.2,89.3,1.83,2.0,1,0
5393,3566.625,1447.0,11.5,45.0,5.5,91.3,1.3,2.0,0,1
8838,1902.0,1750.0,16.2,43.0,12.4,93.8,1.3,2.0,1,0
3890,949.0,200.0,13.3,3.0,7.9,94.8,1.43,2.0,1,1
3556,2597.0,656.0,25.3,17.0,1.9,84.8,1.82,2.0,1,1
1528,1822.0,649.0,73.6625,37.0,1.9,93.2,1.24,2.0,0,1
1267,1113.0,274.0,44.8,5.0,23.55,89.4,1.52,2.0,0,1
7734,2062.0,844.0,15.9,2.0,10.3,95.8,1.68,2.0,1,0
1899,1277.0,200.0,34.6,38.0,23.55,94.1,1.68,2.0,0,1
4658,2076.0,1171.0,16.6,4.0,6.2,95.0,1.83,1.0,0,1
3005,1394.0,441.0,30.9,5.0,9.3,90.9,1.66,2.0,1,1
2734,932.0,200.0,20.6,11.0,8.5,91.4,1.36,2.0,0,1
189,1044.0,555.0,43.7,12.0,2.6,89.3,1.35,2.0,0,1
2747,1448.0,322.0,30.3,19.0,15.4,92.8,1.49,2.0,0,1
2047,1444.0,858.0,41.3,42.0,12.6,93.5,0.86,2.0,0,1
7849,1536.0,1041.0,63.1,1.0,0.8,90.5,1.52,2.0,1,0
2558,1653.0,210.0,32.4,13.0,1.3,99.0,1.54,2.0,0,1
8666,1609.0,388.0,12.3,16.0,2.6,89.3,1.16,2.0,1,0
6396,821.0,713.0,23.3,13.0,0.9,93.2,1.81,2.0,0,0
3385,3039.0,779.0,27.5,32.0,1.7,97.1,1.25,2.0,1,1
4555,2644.0,592.0,36.3,8.0,9.1,85.8,1.35,2.0,0,1
1184,1526.0,200.0,18.1,6.0,2.0,95.5,1.46,2.0,0,1
6420,1038.0,625.0,36.4,21.0,11.9,90.8,0.96,2.0,0,0
5051,1083.0,200.0,26.4,38.0,6.1,84.0,1.33,2.0,0,1
5311,2727.0,509.0,12.2,31.0,11.5,99.0,1.67,2.0,0,1
2433,3478.0,1281.0,8.4,70.0,5.1,90.4,1.75,2.0,0,1
6949,3094.0,1269.0,10.5,38.0,2.2,94.2,1.21,2.0,0,0
769,2326.0,200.0,44.2,27.0,7.5,90.3,1.16,1.0,0,1
1685,2022.0,817.0,27.9,9.0,23.55,94.1,0.96,2.0,0,1
8322,3098.0,1435.0,41.1,39.0,2.6,90.1,1.73,2.0,1,0
5578,2993.0,1294.0,33.4,74.5,9.5,88.6,1.31,2.0,0,1
4426,1842.0,759.0,20.6,57.0,11.9,96.3,1.49,2.0,1,1
466,2852.0,682.0,27.5,26.0,4.4,91.9,2.23,2.0,0,1
6265,860.0,200.0,26.7,70.0,23.55,90.7,1.69,2.0,0,0
5734,1389.0,1636.0,19.5,1.0,1.3,94.2,1.34,2.0,0,1
5191,1059.0,200.0,51.8,18.0,15.3,99.0,2.28,2.0,0,1
5390,1950.0,869.0,23.1,0.0,2.4,99.0,1.57,2.0,0,1
860,1849.0,578.0,58.1,6.0,9.0,94.1,1.77,2.0,0,1
7270,1435.0,408.0,15.4,27.0,3.8,96.3,1.64,2.0,1,0
